{
"type": "FeatureCollection",
"name": "Bauchi",
"crs": { "type": "name", "properties": { "name": "urn:ogc:def:crs:OGC:1.3:CRS84" } },
"features": [
{ "type": "Feature", "properties": { "fid": 84.0, "OBJECTID": 84.0, "lganame": "Darazo", "statecode": "BA", "LGA_UID": "05_05" }, "geometry": { "type": "MultiPolygon", "coordinates": [ [ [ [ 10.87565421269727, 11.452247096465044 ], [ 10.880061757691976, 11.445250593711251 ], [ 10.899833203125752, 11.451975422280441 ], [ 10.910351297272314, 11.455538661701496 ], [ 10.92210218325647, 11.459563922436473 ], [ 10.924440950845565, 11.460514322082247 ], [ 10.934409244618564, 11.467793932028371 ], [ 10.93342971895305, 11.46218013821408 ], [ 10.932562491363797, 11.461116344491302 ], [ 10.932561927363395, 11.461115653490822 ], [ 10.931161880412105, 11.459398270323959 ], [ 10.930513350971466, 11.451630701046213 ], [ 10.930074692673429, 11.446376801476447 ], [ 10.929817201498508, 11.443285942376349 ], [ 10.925560950606553, 11.435156821853013 ], [ 10.923872948459632, 11.431933402662821 ], [ 10.922183037311413, 11.428706169470104 ], [ 10.920724377320312, 11.42592054857738 ], [ 10.920724377320312, 11.393951797856118 ], [ 10.920724377320312, 11.386447067757047 ], [ 10.910279425223507, 11.330911179023019 ], [ 10.910279247223343, 11.330908497021198 ], [ 10.933095644726052, 11.314892865139313 ], [ 10.931786940836844, 11.306683724561594 ], [ 10.907637341428313, 11.291268627087732 ], [ 10.926929217536212, 11.249469561687249 ], [ 10.945579958208555, 11.218970326964438 ], [ 10.966339329313541, 11.195904358292182 ], [ 10.96633947931366, 11.195904192292119 ], [ 10.981715996761295, 11.178820010684205 ], [ 11.008531704981294, 11.14909315148617 ], [ 10.989333106936726, 11.136334838817504 ], [ 10.958906665263385, 11.11280188782797 ], [ 10.958904701262099, 11.112800368826925 ], [ 10.93738060363745, 11.096152824515741 ], [ 10.929267236124815, 11.094479966379083 ], [ 10.929565693327618, 11.090735141834671 ], [ 10.921912673127736, 11.092061664735979 ], [ 10.910300903238067, 11.088254528149207 ], [ 10.882128085095985, 11.085970244597149 ], [ 10.86423453793816, 11.088444885278534 ], [ 10.853384195565866, 11.085018460950437 ], [ 10.820452455190264, 11.084066676303735 ], [ 10.799132484704387, 11.084257033433119 ], [ 10.789043569849412, 11.072835619672787 ], [ 10.787106314533162, 11.064079227723198 ], [ 10.786754019293767, 11.063819371546685 ], [ 10.772404477543944, 11.060340695183072 ], [ 10.766922708819322, 11.068142102483762 ], [ 10.738369177418576, 11.100978663794649 ], [ 10.707912076724369, 11.0847983288009 ], [ 10.689871902466905, 11.047219003267514 ], [ 10.679012264088328, 11.045775497286684 ], [ 10.66945065159166, 11.039820317240412 ], [ 10.66467141634439, 11.028261012386452 ], [ 10.662455336838661, 11.01069623045197 ], [ 10.664739620390719, 10.994401681380623 ], [ 10.65969516296326, 10.984883836913696 ], [ 10.642670944396116, 10.977034646580535 ], [ 10.641088660321032, 10.96081624056086 ], [ 10.65711208820818, 10.95170167336795 ], [ 10.662703822007472, 10.94634788573029 ], [ 10.674601127091137, 10.93861463847594 ], [ 10.677222530872257, 10.930871483214844 ], [ 10.66875165011669, 10.897083137257255 ], [ 10.651036531080138, 10.874059612613848 ], [ 10.636462332177643, 10.867516095167787 ], [ 10.624713744195049, 10.858741832206135 ], [ 10.619954821961585, 10.851306017153831 ], [ 10.609812053070016, 10.84879563744812 ], [ 10.595535287369614, 10.826923631587135 ], [ 10.58687404948472, 10.818167214637583 ], [ 10.576499599435806, 10.807126516135952 ], [ 10.568740360163758, 10.810789363624679 ], [ 10.535862438824722, 10.754778210567736 ], [ 10.535862156824521, 10.754778291567789 ], [ 10.513954409939288, 10.761076409847021 ], [ 10.501936066773339, 10.774850239205705 ], [ 10.505188969983578, 10.789369289070748 ], [ 10.489358628227592, 10.807221477200471 ], [ 10.516359507573441, 10.840423920759974 ], [ 10.513006714295329, 10.848663273358227 ], [ 10.512118143691623, 10.851222381096989 ], [ 10.481710649031129, 10.84950582793067 ], [ 10.477546593201851, 10.871813275087561 ], [ 10.462679742100534, 10.871904534149564 ], [ 10.46540060894921, 10.884012292376212 ], [ 10.472192805564191, 10.878654225735659 ], [ 10.476654294595562, 10.89798734587157 ], [ 10.461187798086826, 10.896202750659029 ], [ 10.457618605661708, 10.909587218753188 ], [ 10.446911033386414, 10.918807630018023 ], [ 10.435010531300634, 10.918345474703983 ], [ 10.43583306585947, 10.90996331100871 ], [ 10.422227296615006, 10.910554866410621 ], [ 10.375279022715858, 10.882712670493163 ], [ 10.371023834824655, 10.8808917232559 ], [ 10.350541434907825, 10.885860037631687 ], [ 10.349970363519787, 10.897186272327303 ], [ 10.341571616813269, 10.905580007030437 ], [ 10.342959702756389, 10.916482929438473 ], [ 10.33036171319668, 10.941436641393352 ], [ 10.324286292068678, 10.959732138824279 ], [ 10.324286292068678, 10.989004434713422 ], [ 10.323533322557068, 11.019012916102781 ], [ 10.322329139738883, 11.040643058799446 ], [ 10.359224070807272, 11.053452375502786 ], [ 10.358471102295653, 11.075917140766535 ], [ 10.355623730361003, 11.088434028271138 ], [ 10.324888668477968, 11.111827623165993 ], [ 10.326255804406856, 11.12492838806736 ], [ 10.329858155854538, 11.125753139627761 ], [ 10.331062774673001, 11.124425253725519 ], [ 10.331870886222077, 11.12176660391907 ], [ 10.331157845737607, 11.118734780859086 ], [ 10.332346244545079, 11.117428754971741 ], [ 10.334010003675473, 11.118081768415436 ], [ 10.335531152709052, 11.120460592031691 ], [ 10.337337519936398, 11.124938324074094 ], [ 10.338240702550081, 11.127690228943891 ], [ 10.338478382711571, 11.130628675940443 ], [ 10.33646384834276, 11.137521824624002 ], [ 10.335760117864595, 11.139929771260086 ], [ 10.335720062837424, 11.14338016460448 ], [ 10.33802032640034, 11.148010253750385 ], [ 10.33915996717468, 11.150329590326294 ], [ 10.340310096956102, 11.152649878902821 ], [ 10.343790055320596, 11.156140327274386 ], [ 10.346090317883522, 11.159629821645353 ], [ 10.346444131123917, 11.162845611830335 ], [ 10.349516624211503, 11.165548415666763 ], [ 10.350700378015802, 11.166589737374295 ], [ 10.354180337380285, 11.17008972175239 ], [ 10.358810424526212, 11.174750327919014 ], [ 10.361140251109248, 11.175930022720593 ], [ 10.364620210473674, 11.179420471092158 ], [ 10.363360404617708, 11.18747043556175 ], [ 10.364500046392038, 11.190939902919069 ], [ 10.36446952837133, 11.193240166481985 ], [ 10.365619660152788, 11.195549965051384 ], [ 10.365579605125561, 11.199009895402298 ], [ 10.366720199900556, 11.202480315760283 ], [ 10.365950952377887, 11.204666826245898 ], [ 10.365910799350615, 11.204780956323418 ], [ 10.379396998513812, 11.223453989010864 ], [ 10.409140261722996, 11.210366953118864 ], [ 10.425015492509431, 11.214569219974123 ], [ 10.435309489503709, 11.21729410182553 ], [ 10.449591098207407, 11.221074528394126 ], [ 10.476400798423356, 11.23872969639001 ], [ 10.504249627345303, 11.257996919481172 ], [ 10.507497280551945, 11.260648071282503 ], [ 10.512734920110688, 11.256501475465086 ], [ 10.515016644660989, 11.25692106775017 ], [ 10.518795753228744, 11.25992813479337 ], [ 10.52072095753681, 11.262235863361354 ], [ 10.522338965636152, 11.265379133497049 ], [ 10.525640928879682, 11.266431684212193 ], [ 10.526496576461057, 11.264893223166894 ], [ 10.528350477720721, 11.262935170836499 ], [ 10.529491340495895, 11.261396690791173 ], [ 10.532343497433772, 11.260697380316003 ], [ 10.533769575402744, 11.26160648393369 ], [ 10.534411310838777, 11.263774338406677 ], [ 10.535338262468599, 11.266012104927142 ], [ 10.536906947534419, 11.268040066305048 ], [ 10.538475633600285, 11.267690418067446 ], [ 10.540329535859939, 11.26650161425971 ], [ 10.542040830022643, 11.265242874404464 ], [ 10.544322554573, 11.263774338406677 ], [ 10.546311815924582, 11.262100974269686 ], [ 10.548237022232684, 11.259933107796712 ], [ 10.550090924492338, 11.257625362228737 ], [ 10.552515257139532, 11.255877057040834 ], [ 10.555365037075831, 11.254115256843761 ], [ 10.557055851224675, 11.254314917979457 ], [ 10.55928912874208, 11.254548338138022 ], [ 10.560095521290009, 11.254701237241932 ], [ 10.562072955633539, 11.255076176496686 ], [ 10.56328214845513, 11.256296651325954 ], [ 10.564066491988058, 11.261401663794572 ], [ 10.564922138569443, 11.264338753790184 ], [ 10.565278657811689, 11.267625462023318 ], [ 10.565421265908583, 11.270632417066395 ], [ 10.564636923375645, 11.273429555966914 ], [ 10.565635178053924, 11.275946957677377 ], [ 10.567560384362025, 11.277555285770177 ], [ 10.570626452445254, 11.280002726433111 ], [ 10.570769059542158, 11.28161103152587 ], [ 10.569057766379387, 11.282589996191007 ], [ 10.56720386411979, 11.283149402571098 ], [ 10.563210845406672, 11.28405843618873 ], [ 10.561143031001734, 11.284338138378814 ], [ 10.559402779819322, 11.284972378809755 ], [ 10.559217824693633, 11.286505819851641 ], [ 10.559503040887421, 11.287904315801825 ], [ 10.560857814807946, 11.287974240849337 ], [ 10.561570854292427, 11.289442652847072 ], [ 10.56255632696201, 11.292084931642364 ], [ 10.563424755552035, 11.294686923410325 ], [ 10.564209099084962, 11.297413906263159 ], [ 10.56378127579427, 11.299511566688409 ], [ 10.564779531472539, 11.300630314448597 ], [ 10.565635178053924, 11.301609213113693 ], [ 10.568059510701119, 11.302518187731266 ], [ 10.570911667639052, 11.302727950873816 ], [ 10.572266441559577, 11.304475971061493 ], [ 10.572337745608024, 11.306503661439251 ], [ 10.571107723772229, 11.308045153486603 ], [ 10.570056021057667, 11.309929723767084 ], [ 10.568558638040258, 11.3119573751448 ], [ 10.568629942088705, 11.314963866187554 ], [ 10.57048384434836, 11.3159427158526 ], [ 10.572266441559577, 11.316571975280169 ], [ 10.574619471158314, 11.317201232707703 ], [ 10.576758588611767, 11.31769065504028 ], [ 10.578541186822918, 11.316711811375171 ], [ 10.578826403016762, 11.314824030092552 ], [ 10.578113362532235, 11.312237050334829 ], [ 10.577951858422523, 11.310370413066494 ], [ 10.578042060483824, 11.309510208482038 ], [ 10.579040314162057, 11.30860125486447 ], [ 10.581322039712404, 11.308880934054457 ], [ 10.583247246020505, 11.31034923905213 ], [ 10.5856715786677, 11.312027294192262 ], [ 10.586955048539778, 11.313915093474975 ], [ 10.5878820001696, 11.316222387042671 ], [ 10.587240264733566, 11.318459744562858 ], [ 10.585418161495511, 11.319431098222822 ], [ 10.582748117681376, 11.319788168465436 ], [ 10.580894216421711, 11.31985808451293 ], [ 10.57974635464177, 11.320932557242998 ], [ 10.579539441501197, 11.32160599970058 ], [ 10.579824656694996, 11.323353904888165 ], [ 10.581097323559732, 11.325516737357702 ], [ 10.58338985311741, 11.325591207408308 ], [ 10.585600274619253, 11.325521291360815 ], [ 10.587382932830508, 11.326504084028556 ], [ 10.588523735605634, 11.328877212641032 ], [ 10.588951558896326, 11.331044558113604 ], [ 10.590305288816126, 11.332485715092844 ], [ 10.592588059367131, 11.33328179963371 ], [ 10.595155000111276, 11.335099545868786 ], [ 10.594710638809318, 11.336228470635831 ], [ 10.594149751428233, 11.337047707192482 ], [ 10.593636363079384, 11.338781536370504 ], [ 10.593864535234445, 11.339900129130569 ], [ 10.592723672459272, 11.341633939308622 ], [ 10.591069421335305, 11.34174579738459 ], [ 10.589072911978747, 11.342249158726645 ], [ 10.58730457377726, 11.343199952372629 ], [ 10.58570736669202, 11.346387880538714 ], [ 10.586505971234658, 11.34828943483069 ], [ 10.588331351474892, 11.348680930096691 ], [ 10.590042644637663, 11.348121651716724 ], [ 10.591753938800366, 11.348009795640678 ], [ 10.593237060808121, 11.3476742284127 ], [ 10.594663138777037, 11.347786084488689 ], [ 10.596830778249853, 11.348625003058714 ], [ 10.598884330645149, 11.352651777794733 ], [ 10.598770244567618, 11.354832924276707 ], [ 10.598427986335082, 11.356958126720656 ], [ 10.596830778249853, 11.359810348658641 ], [ 10.597021571379514, 11.362629258573918 ], [ 10.597686424831238, 11.364340289736504 ], [ 10.599454762032735, 11.36585025376246 ], [ 10.601850573660556, 11.366968740522395 ], [ 10.603333695668312, 11.367639829978373 ], [ 10.604588644520959, 11.36909385296633 ], [ 10.604075256172166, 11.371330797486223 ], [ 10.602820308319451, 11.372393339208145 ], [ 10.599739978226523, 11.372281493132164 ], [ 10.596318659901897, 11.369393158169714 ], [ 10.594834268893351, 11.367583905940364 ], [ 10.593294103846858, 11.366800968408427 ], [ 10.59192506891668, 11.367024663560414 ], [ 10.591525765645372, 11.368702386700363 ], [ 10.592666629420535, 11.370995257258244 ], [ 10.595015199016245, 11.373336741849187 ], [ 10.59722355851676, 11.375440762278743 ], [ 10.598542072412613, 11.378097445083824 ], [ 10.598199813180031, 11.379942867337718 ], [ 10.596659649133585, 11.381005377059637 ], [ 10.594549052699563, 11.381229062211617 ], [ 10.590784206141507, 11.380837612945641 ], [ 10.589128589016582, 11.381317153271482 ], [ 10.588274308436155, 11.381564591439599 ], [ 10.587589790971037, 11.383633673845452 ], [ 10.587875006164836, 11.385423139061288 ], [ 10.589586300327596, 11.38710075220115 ], [ 10.592609586381741, 11.387659954581125 ], [ 10.594720181815831, 11.387827714695106 ], [ 10.596602606094848, 11.388778356341049 ], [ 10.596716692172322, 11.390511868518843 ], [ 10.597800510908769, 11.393140078304612 ], [ 10.600100856471727, 11.393277056397665 ], [ 10.601793530621819, 11.392077613582728 ], [ 10.604189343249686, 11.390679627632835 ], [ 10.605786551334916, 11.391294742050775 ], [ 10.605957680451183, 11.393251916380621 ], [ 10.605501334141081, 11.394538052254461 ], [ 10.603447781745786, 11.39604785628029 ], [ 10.601166056195495, 11.395991937242286 ], [ 10.599854064304054, 11.396942550888184 ], [ 10.600025194420311, 11.398620096028026 ], [ 10.601131038171673, 11.400616758384672 ], [ 10.604588644520959, 11.401583736041687 ], [ 10.605729508296122, 11.402702081801522 ], [ 10.605330205024813, 11.403988174675362 ], [ 10.603618910862053, 11.405106511435235 ], [ 10.602146954861951, 11.406039535069169 ], [ 10.601565359466804, 11.406895840650975 ], [ 10.603852904021039, 11.406872130634895 ], [ 10.617144810052309, 11.413247729966827 ], [ 10.634990768177772, 11.413723622290149 ], [ 10.643301286824396, 11.412449935424775 ], [ 10.652234853894299, 11.411080752494456 ], [ 10.652235983895082, 11.411080938494592 ], [ 10.669730898782063, 11.413961568451839 ], [ 10.686387126099191, 11.415389245421864 ], [ 10.688707298675638, 11.416275135023795 ], [ 10.68870850467647, 11.416275596024093 ], [ 10.699474160991201, 11.420386112817027 ], [ 10.717995980575949, 11.427899681922099 ], [ 10.724287072850416, 11.430074975400146 ], [ 10.73009782379853, 11.431807525577312 ], [ 10.749371457894085, 11.426810658182205 ], [ 10.751184363125844, 11.425602155361048 ], [ 10.770072768959665, 11.433235201547348 ], [ 10.789346403055163, 11.453222675127904 ], [ 10.793726930031539, 11.46459244485311 ], [ 10.825793992819627, 11.474463974560365 ], [ 10.828445706621324, 11.475280278115008 ], [ 10.856428167634078, 11.47908741570177 ], [ 10.869032131197912, 11.461491783746396 ], [ 10.869032667198269, 11.461491035745894 ], [ 10.87565421269727, 11.452247096465044 ] ] ] ] } },
{ "type": "Feature", "properties": { "fid": 491.0, "OBJECTID": 491.0, "lganame": "Toro", "statecode": "BA", "LGA_UID": "05_18" }, "geometry": { "type": "MultiPolygon", "coordinates": [ [ [ [ 8.957131501151252, 10.806506732714809 ], [ 8.960517377451822, 10.805947468334807 ], [ 8.967133257947012, 10.806289496567217 ], [ 8.98622645791994, 10.808968716387596 ], [ 9.020954054515698, 10.812519782800393 ], [ 9.020313720080594, 10.808907051345727 ], [ 9.023625993331166, 10.790415612781658 ], [ 9.043345356729503, 10.775285169501217 ], [ 9.035246043226437, 10.737786928022956 ], [ 9.036897193348295, 10.736857941391747 ], [ 9.052315142824057, 10.728183319497759 ], [ 9.068579281874804, 10.722856650878498 ], [ 9.08292298962067, 10.720631388366542 ], [ 9.091469551427679, 10.719305487465647 ], [ 9.10908903439929, 10.718269722761931 ], [ 9.121437732789616, 10.716642086656009 ], [ 9.136346526919453, 10.715162408650656 ], [ 9.154477391238515, 10.709544054833259 ], [ 9.186470898976609, 10.696447794934954 ], [ 9.191248262222587, 10.695501916292244 ], [ 9.192531732094665, 10.695396818220843 ], [ 9.194773479617822, 10.696777333158821 ], [ 9.197237790292206, 10.697008314315781 ], [ 9.199376907745659, 10.697708960791829 ], [ 9.204296878088542, 10.6984796723155 ], [ 9.207718738413519, 10.701152038131227 ], [ 9.210566403348366, 10.700116752427846 ], [ 9.211733955141653, 10.700458212659839 ], [ 9.214672858138499, 10.699994997345073 ], [ 9.214674014139291, 10.699994815344951 ], [ 9.214674126139357, 10.699994710344924 ], [ 9.216185500166262, 10.698583639386129 ], [ 9.217913511340385, 10.698117180069232 ], [ 9.21904010310584, 10.697919009934537 ], [ 9.220147698858398, 10.697416533593127 ], [ 9.221022361452697, 10.697313771523341 ], [ 9.221706877917825, 10.697659424758172 ], [ 9.222324601337505, 10.698263372168526 ], [ 9.222324705337599, 10.698263473168595 ], [ 9.222866755705866, 10.698462832304074 ], [ 9.223380144054715, 10.698304019196144 ], [ 9.223990885469675, 10.697886284912329 ], [ 9.224349877713564, 10.697640740745499 ], [ 9.224903168089554, 10.697133391400769 ], [ 9.225329118378966, 10.696986803301172 ], [ 9.225584459552408, 10.697426238599746 ], [ 9.225643440592535, 10.697512302658254 ], [ 9.226809783384965, 10.699214218814575 ], [ 9.22751577186466, 10.700471340668742 ], [ 9.22767450997253, 10.701575905419247 ], [ 9.22775345202615, 10.701835250595479 ], [ 9.228276346381449, 10.702171556823942 ], [ 9.230303675758933, 10.703137795480473 ], [ 9.232514097260776, 10.703488111718514 ], [ 9.234581909665792, 10.7047492495754 ], [ 9.236481050956172, 10.705562618128056 ], [ 9.23779058784595, 10.706010382432282 ], [ 9.239216665814865, 10.705660068194277 ], [ 9.241141871122977, 10.706640945860727 ], [ 9.242496646043492, 10.707902069717591 ], [ 9.243637508818608, 10.709793747002891 ], [ 9.24456446044843, 10.710354241383698 ], [ 9.245297648946632, 10.7099710971234 ], [ 9.247559223483279, 10.711825535383412 ], [ 9.249127909549088, 10.713156698287833 ], [ 9.251552243196329, 10.713997429859091 ], [ 9.253120929262195, 10.713577064573485 ], [ 9.255616566957826, 10.714417796144687 ], [ 9.258825242137959, 10.716449551525216 ], [ 9.261534790978999, 10.717500455239247 ], [ 9.262818261851066, 10.718621415000882 ], [ 9.265313898546708, 10.718971714238876 ], [ 9.267310409903246, 10.720302846143341 ], [ 9.269164311162911, 10.720793262476548 ], [ 9.271399768681761, 10.722000091296536 ], [ 9.274356924691006, 10.722188744424727 ], [ 9.276353434047564, 10.723589921376742 ], [ 9.278563855549464, 10.723940213614753 ], [ 9.280560364905966, 10.72422044780518 ], [ 9.281434886500165, 10.725652523778194 ], [ 9.28289361949129, 10.727049345727266 ], [ 9.283911650183029, 10.727092834756832 ], [ 9.28583685649113, 10.727583239089995 ], [ 9.288546404332124, 10.728774218899218 ], [ 9.290756826834013, 10.72982507861326 ], [ 9.291255954173153, 10.731296277612842 ], [ 9.292396816948269, 10.733748259278855 ], [ 9.29460723745018, 10.734869159040443 ], [ 9.29688896200048, 10.736130164897247 ], [ 9.298457649066336, 10.737531277849257 ], [ 9.301737629294905, 10.738371942420429 ], [ 9.304589787232828, 10.739492824182037 ], [ 9.306800206734692, 10.741034030229173 ], [ 9.308226284703665, 10.740823866086373 ], [ 9.310222796060202, 10.740893921133988 ], [ 9.312647127707407, 10.741104085276788 ], [ 9.313217560094984, 10.741804629752778 ], [ 9.31428711882171, 10.742365065133583 ], [ 9.315927108936023, 10.742575228276394 ], [ 9.317852314244078, 10.743205715704732 ], [ 9.319777520552179, 10.744046365275949 ], [ 9.321132295472694, 10.744046365275949 ], [ 9.322558373441666, 10.743065607609537 ], [ 9.324269667604369, 10.743135661657163 ], [ 9.32719312759076, 10.741734575705209 ], [ 9.329118333898862, 10.741174139324414 ], [ 9.330045283528648, 10.742575228276394 ], [ 9.332113097933643, 10.743555986942738 ], [ 9.334680038677732, 10.743766149085559 ], [ 9.336106117646693, 10.745797708465886 ], [ 9.337603499664112, 10.746288082799083 ], [ 9.339528706972203, 10.745797708465886 ], [ 9.341382609231857, 10.74495706489472 ], [ 9.342808687200773, 10.744816956799525 ], [ 9.34494780265419, 10.745097171989926 ], [ 9.34737213730142, 10.7450271179423 ], [ 9.348940823367286, 10.743976311228323 ], [ 9.350081687142449, 10.743976311228323 ], [ 9.351579068159822, 10.744887010847094 ], [ 9.353789489661722, 10.745447440227906 ], [ 9.355358174727598, 10.745447440227906 ], [ 9.356142519260516, 10.746568295989448 ], [ 9.357711205326325, 10.747759200798612 ], [ 9.36004046590898, 10.748917409585601 ], [ 9.36175176107173, 10.750318462537507 ], [ 9.363748270428232, 10.751929665632247 ], [ 9.364746525106511, 10.752420029965435 ], [ 9.367741289141293, 10.753540859727025 ], [ 9.370522142030779, 10.754941891678925 ], [ 9.372732563532679, 10.75543225101211 ], [ 9.375584721470545, 10.756623120821246 ], [ 9.37914991689297, 10.758094188820792 ], [ 9.382144680927752, 10.759775400963065 ], [ 9.384426406478042, 10.761176402914998 ], [ 9.387991601900467, 10.762087050533751 ], [ 9.390772454789897, 10.763698190628418 ], [ 9.392198532758869, 10.765239273675547 ], [ 9.392555053001104, 10.767340737103382 ], [ 9.394195043115417, 10.770212713054718 ], [ 9.395835033229673, 10.771823810149385 ], [ 9.395621121084332, 10.772874520863297 ], [ 9.396334160568813, 10.774065321672424 ], [ 9.39761763244087, 10.77434550886278 ], [ 9.399328925603641, 10.775186071433893 ], [ 9.400469789378803, 10.776587002385781 ], [ 9.402109779493117, 10.778548293718359 ], [ 9.402181081541528, 10.780509574050996 ], [ 9.402466296735327, 10.78219066019318 ], [ 9.40332194631668, 10.784011827430561 ], [ 9.405175846576356, 10.784852362001686 ], [ 9.407386268078199, 10.785062495144473 ], [ 9.409097562240959, 10.784362049668573 ], [ 9.411450591839753, 10.783311379954682 ], [ 9.412306238421081, 10.783801693287785 ], [ 9.413233189050914, 10.785482761430046 ], [ 9.415229700407451, 10.785622849525225 ], [ 9.416727081424881, 10.786533424143897 ], [ 9.417666802063366, 10.787432947755065 ], [ 9.445519692988114, 10.758942907397454 ], [ 9.446910559933087, 10.758922057383245 ], [ 9.563676162269871, 10.692100838981389 ], [ 9.571330472470606, 10.696283908823602 ], [ 9.57224681709323, 10.696784690163838 ], [ 9.572796623466786, 10.697085159367987 ], [ 9.595133835643878, 10.689035137898372 ], [ 9.597816785466819, 10.687451664822504 ], [ 9.602928442939913, 10.683882771397577 ], [ 9.605071571396081, 10.661574982240495 ], [ 9.622743790403547, 10.647767764859168 ], [ 9.638721229259431, 10.636917229486698 ], [ 9.647206869025069, 10.626574596459363 ], [ 9.661176001516424, 10.612186527683377 ], [ 9.661241278560738, 10.611528093236018 ], [ 9.649847259819069, 10.601208629224402 ], [ 9.647750992394776, 10.599687529190874 ], [ 9.645684893990961, 10.597143706462475 ], [ 9.637103488160278, 10.586601474299528 ], [ 9.635426499020809, 10.575801880961706 ], [ 9.627325193516356, 10.571413449979957 ], [ 9.620487915870797, 10.567709734463506 ], [ 9.615769646664944, 10.565159658730806 ], [ 9.617612994917408, 10.561992817579096 ], [ 9.621297031420511, 10.557728624681772 ], [ 9.622604269308738, 10.555450471133895 ], [ 9.622604269308738, 10.553055469506603 ], [ 9.62557526632736, 10.551828754673124 ], [ 9.626941924255959, 10.551536679474623 ], [ 9.626585406013703, 10.549375310006099 ], [ 9.623792668116209, 10.547389173656597 ], [ 9.623852088156582, 10.542949527640076 ], [ 9.625931784569616, 10.538509818623538 ], [ 9.627892642901941, 10.536990955591534 ], [ 9.628724522467166, 10.535179995361034 ], [ 9.628086408033596, 10.5320575422395 ], [ 9.62605062565035, 10.528695497955141 ], [ 9.625788903472539, 10.524201861901929 ], [ 9.626095458680823, 10.519194297499496 ], [ 9.627952063942303, 10.516836108897223 ], [ 9.629794081193893, 10.514499230309468 ], [ 9.630923059960935, 10.511870219523132 ], [ 9.631453878321622, 10.507990928887352 ], [ 9.63226198887071, 10.502615927235297 ], [ 9.632927492322892, 10.500091979520391 ], [ 9.636182410534445, 10.498065044143175 ], [ 9.637205727229741, 10.497427791710209 ], [ 9.640628315555205, 10.492379795280328 ], [ 9.642719897976349, 10.488733966803181 ], [ 9.643765687686937, 10.485275065452981 ], [ 9.642149464588783, 10.480928012499362 ], [ 9.641198746942791, 10.477609253244452 ], [ 9.641626570233484, 10.473963251767145 ], [ 9.640949998773806, 10.469563872777996 ], [ 9.640366868377612, 10.465044390707192 ], [ 9.640877791724733, 10.464080273052105 ], [ 9.641685990273857, 10.462555197015888 ], [ 9.645784082058356, 10.462925921267811 ], [ 9.647069435931655, 10.461012588967776 ], [ 9.649208553385108, 10.459294673800514 ], [ 9.652025058298761, 10.457927347871532 ], [ 9.654503593982838, 10.457067504287295 ], [ 9.656481553326785, 10.455578338275473 ], [ 9.659547621410013, 10.454982316870485 ], [ 9.661619386817677, 10.454292594401863 ], [ 9.664111071510661, 10.453614971941477 ], [ 9.666642362230562, 10.453299429727053 ], [ 9.669316258047331, 10.451897016774183 ], [ 9.672595134275184, 10.450766827006248 ], [ 9.674485791559789, 10.450950384130977 ], [ 9.677373600521946, 10.450319294702183 ], [ 9.683492887679677, 10.447010468453982 ], [ 9.683749359853948, 10.44482642097006 ], [ 9.685353697944038, 10.443365533977442 ], [ 9.686066737428519, 10.441203408508386 ], [ 9.686482677711126, 10.438807522880495 ], [ 9.687136297155234, 10.436995986649606 ], [ 9.689453673729759, 10.435885685895244 ], [ 9.692312382672128, 10.434587260013018 ], [ 9.694207268959588, 10.43273006975113 ], [ 9.694504367161471, 10.428756287051158 ], [ 9.692959449111754, 10.422737077961358 ], [ 9.691058010819859, 10.419172248539212 ], [ 9.690166713214239, 10.417769681586265 ], [ 9.691592792183201, 10.417243718228917 ], [ 9.692068150506202, 10.415022969719985 ], [ 9.692543510829182, 10.412626883091946 ], [ 9.691176850900604, 10.410873635900714 ], [ 9.691058010819859, 10.407483997597637 ], [ 9.68880005528564, 10.406081378644615 ], [ 9.687671074518562, 10.403159234659142 ], [ 9.68606841242962, 10.400907342129074 ], [ 9.684759498540302, 10.399068186879447 ], [ 9.682204441804231, 10.39883441072061 ], [ 9.680897202916015, 10.398659078601497 ], [ 9.679174025745226, 10.394743305940949 ], [ 9.677747946776265, 10.392639288511361 ], [ 9.678163886058883, 10.391937947034819 ], [ 9.679471124947099, 10.391704165875979 ], [ 9.679827644189345, 10.390593703121453 ], [ 9.678520407301107, 10.389191007168392 ], [ 9.679352284866354, 10.387320736897607 ], [ 9.679292864825982, 10.384339970872361 ], [ 9.67994648427009, 10.37989799185425 ], [ 9.681069651033226, 10.379364207491562 ], [ 9.681610242400495, 10.37393628880352 ], [ 9.680243584471953, 10.372299722691537 ], [ 9.681375768241196, 10.369573215839011 ], [ 9.684521819378801, 10.367916022713018 ], [ 9.686898616993744, 10.366805475958472 ], [ 9.686423256670764, 10.364759719568497 ], [ 9.687136297155234, 10.363064656416782 ], [ 9.687433397357097, 10.362012542701905 ], [ 9.689275413608641, 10.361311132225353 ], [ 9.689513093770131, 10.359616049073622 ], [ 9.691058010819859, 10.359148437755891 ], [ 9.691236270940976, 10.356225854770116 ], [ 9.690871081692819, 10.353978465243131 ], [ 9.690039202127593, 10.353101677647373 ], [ 9.689445002723858, 10.351991078892809 ], [ 9.689623262844975, 10.350646662979329 ], [ 9.690811661652447, 10.349243789026161 ], [ 9.691524701136927, 10.348133176271517 ], [ 9.692118899540674, 10.347197918636084 ], [ 9.693008789145324, 10.346428400113211 ], [ 9.693983017807227, 10.34558594654078 ], [ 9.694258017994116, 10.344450587769359 ], [ 9.695149316599668, 10.343749137292775 ], [ 9.69449569715556, 10.342580050498441 ], [ 9.69473337731705, 10.340534137108364 ], [ 9.695030476518923, 10.339189673194824 ], [ 9.694198597953744, 10.338254389559381 ], [ 9.696159455286022, 10.336325360248679 ], [ 9.695624675922659, 10.33498087733517 ], [ 9.696159455286022, 10.332934913944996 ], [ 9.695208736640041, 10.330655112396016 ], [ 9.694673957276677, 10.327966092568943 ], [ 9.693960917792197, 10.326621573655416 ], [ 9.693485559469252, 10.325277049741885 ], [ 9.688696312215143, 10.319559835857262 ], [ 9.679053258663146, 10.308910924621841 ], [ 9.672962715524932, 10.304964800940638 ], [ 9.665535224478276, 10.297510876876061 ], [ 9.659890330642838, 10.291079897506506 ], [ 9.657406577955271, 10.283147204116631 ], [ 9.65639250526624, 10.281282048849334 ], [ 9.653461094274519, 10.277066732985247 ], [ 9.653010947968653, 10.275078730634448 ], [ 9.652795590822336, 10.26860065123293 ], [ 9.651958219253345, 10.263464713743303 ], [ 9.651036760627278, 10.259385928971938 ], [ 9.650086041981297, 10.257982649018459 ], [ 9.649087787303017, 10.255363175238699 ], [ 9.647827788446932, 10.249471228235393 ], [ 9.649581895638789, 10.24418373064276 ], [ 9.649989598915795, 10.243037917864228 ], [ 9.647759957400865, 10.242262036337081 ], [ 9.646259101381077, 10.242103705229511 ], [ 9.64290781710406, 10.241121355562029 ], [ 9.63838001802759, 10.239998666799238 ], [ 9.634672214508328, 10.239296984322436 ], [ 9.63292526932139, 10.239191732250958 ], [ 9.631351082251797, 10.23921301626541 ], [ 9.630287023528808, 10.241051187514358 ], [ 9.624844850831096, 10.241426333769255 ], [ 9.623966876234533, 10.241456748789915 ], [ 9.621163687329954, 10.241333903706447 ], [ 9.617736514001308, 10.240554398176812 ], [ 9.613177274903535, 10.239745326627087 ], [ 9.614427645753096, 10.237343959995485 ], [ 9.613001566784135, 10.236431765375642 ], [ 9.611718096912114, 10.235624820827411 ], [ 9.610327670967365, 10.234677536183767 ], [ 9.608830287949957, 10.233589909444788 ], [ 9.613381916042556, 10.224932296562315 ], [ 9.617622647923952, 10.215817286369088 ], [ 9.629483353982721, 10.210330676641206 ], [ 9.630762721852022, 10.206802028243658 ], [ 9.640638764562311, 10.205703810497482 ], [ 9.663043960785615, 10.203212347804651 ], [ 9.665309466324914, 10.199996117619378 ], [ 9.665127106200998, 10.198672187719808 ], [ 9.651332643828312, 10.190906463443355 ], [ 9.63313828246612, 10.180663772483967 ], [ 9.630990528006805, 10.184078013803742 ], [ 9.624534628620324, 10.186916877732642 ], [ 9.615715555628185, 10.199206913083117 ], [ 9.616086580880278, 10.201119722382771 ], [ 9.603607624401434, 10.2146286835615 ], [ 9.600826769511968, 10.216172502610448 ], [ 9.598814888144943, 10.214716996621519 ], [ 9.597453681220088, 10.213061521496684 ], [ 9.598112358667606, 10.210142554513368 ], [ 9.600398947221265, 10.205786664553784 ], [ 9.601825025190237, 10.202769094503481 ], [ 9.602038937335578, 10.199400610214752 ], [ 9.601896329238684, 10.196102266973696 ], [ 9.601631559058774, 10.19348151019301 ], [ 9.601890808234884, 10.191859938091227 ], [ 9.601360614874693, 10.188827606030884 ], [ 9.595956685202964, 10.184898962361558 ], [ 9.595790397089957, 10.183620388492841 ], [ 9.583262913578153, 10.176036097339647 ], [ 9.581543368409768, 10.17499506263232 ], [ 9.572189899054536, 10.158223181236622 ], [ 9.549753674810177, 10.160913735064696 ], [ 9.537030504165386, 10.152920871633967 ], [ 9.533348468663633, 10.150772661174358 ], [ 9.523907527248923, 10.151263819508074 ], [ 9.518265445415409, 10.113158546617285 ], [ 9.515698503671274, 10.114211486332749 ], [ 9.512204612297353, 10.115194227000472 ], [ 9.508140288535856, 10.11596637652508 ], [ 9.505803960948413, 10.117511580575012 ], [ 9.504004661725901, 10.118072233955957 ], [ 9.487230412328586, 10.119298638789189 ], [ 9.484734773632908, 10.120983307933841 ], [ 9.481953921743411, 10.123018938316989 ], [ 9.478602637466395, 10.123931456936987 ], [ 9.47724786254588, 10.123580488698508 ], [ 9.47567917748006, 10.124493007318563 ], [ 9.473896579268853, 10.125054554700114 ], [ 9.471757460815411, 10.125826682224726 ], [ 9.470937930258572, 10.128147695801715 ], [ 9.470046166652651, 10.129617096800132 ], [ 9.467404369857718, 10.130758831575861 ], [ 9.465054893261311, 10.132494974755502 ], [ 9.462559255565679, 10.132214207564743 ], [ 9.459279276337099, 10.131863248326283 ], [ 9.45766044323716, 10.131569692126845 ], [ 9.45656972749606, 10.131371903992431 ], [ 9.454145392848829, 10.13095075070629 ], [ 9.452806430939063, 10.132115899497933 ], [ 9.451507148056294, 10.134039191804732 ], [ 9.449510638699735, 10.135864165044723 ], [ 9.448013255682326, 10.137829510380072 ], [ 9.447728041488574, 10.140286174049265 ], [ 9.445660227083579, 10.141549592907666 ], [ 9.44316459038788, 10.143514903243045 ], [ 9.440312433450003, 10.145269634435294 ], [ 9.440740256740696, 10.148147371390564 ], [ 9.439770793082005, 10.14930806017918 ], [ 9.437503869541729, 10.147739054113117 ], [ 9.434394208428841, 10.146954165579871 ], [ 9.432255090975389, 10.148217560438241 ], [ 9.430044669473546, 10.149902075582816 ], [ 9.427620335826305, 10.150393391916623 ], [ 9.424910786985322, 10.149691512439745 ], [ 9.421893871935424, 10.146693847402958 ], [ 9.41355581927013, 10.140364997102836 ], [ 9.398876008295872, 10.12961410879808 ], [ 9.394963140637287, 10.122878550221571 ], [ 9.389471791906146, 10.116806269095775 ], [ 9.384815796742657, 10.102568405421835 ], [ 9.381177054270267, 10.094283026792255 ], [ 9.385126372953664, 10.090371668134708 ], [ 9.38457805658112, 10.087984754512888 ], [ 9.378463706426714, 10.077110073124061 ], [ 9.37802037312548, 10.076790125906655 ], [ 9.372459468347074, 10.076733769868383 ], [ 9.369604881407554, 10.07670484084872 ], [ 9.3688132958697, 10.067897325864465 ], [ 9.367321742856234, 10.062202165994847 ], [ 9.366325966179659, 10.058516539490654 ], [ 9.36639703322794, 10.052760146579431 ], [ 9.36533103450364, 10.048069753392554 ], [ 9.361949178205862, 10.044951071273545 ], [ 9.360853841461619, 10.04195802823989 ], [ 9.360285307075344, 10.038973232211902 ], [ 9.360072107930478, 10.035562036894135 ], [ 9.359219309351033, 10.033501106493816 ], [ 9.359617915621868, 10.031809212344285 ], [ 9.359439655500751, 10.030826217676349 ], [ 9.359510959549198, 10.029773006960738 ], [ 9.359404004476517, 10.02871979224517 ], [ 9.359368352452293, 10.02728039326712 ], [ 9.358393920790206, 10.026831797962359 ], [ 9.357264886023074, 10.026613351813921 ], [ 9.355284311677394, 10.027064007120146 ], [ 9.353858233708422, 10.027344866310955 ], [ 9.352360850691014, 10.026783147929279 ], [ 9.351148684867439, 10.026502287738481 ], [ 9.350007822092266, 10.026993792072403 ], [ 9.3484391360264, 10.027625724501775 ], [ 9.346442625669852, 10.027625724501775 ], [ 9.346371321621405, 10.025378847975105 ], [ 9.346431597662388, 10.021995536676343 ], [ 9.347854020628859, 10.021881228598659 ], [ 9.348699206203094, 10.021669933455087 ], [ 9.349681446870477, 10.021681354462885 ], [ 9.351023462782337, 10.021424373288255 ], [ 9.352165604558365, 10.020950383966181 ], [ 9.353453369433339, 10.02030697752906 ], [ 9.35414943990628, 10.018723208452911 ], [ 9.354324569025266, 10.017969394940735 ], [ 9.354286496999407, 10.017176749402211 ], [ 9.35431505101883, 10.016097425668818 ], [ 9.354554901181814, 10.015669123377847 ], [ 9.354767149325994, 10.014936248879849 ], [ 9.355166932597626, 10.013999555243458 ], [ 9.361935293196439, 10.015694752395234 ], [ 9.362220509390227, 10.014887252846563 ], [ 9.362327465462897, 10.014185078369508 ], [ 9.362826591801991, 10.013166920677691 ], [ 9.362683983705097, 10.012605178296042 ], [ 9.36225616141445, 10.012183870009778 ], [ 9.36261267965665, 10.011692343675804 ], [ 9.36214920534178, 10.011271035389541 ], [ 9.361863989147992, 10.010603960936294 ], [ 9.36261267965665, 10.009726231339926 ], [ 9.362363117487121, 10.009410247125231 ], [ 9.361899641172215, 10.009269810029821 ], [ 9.361471817881522, 10.008778278695843 ], [ 9.36104399359084, 10.008462294481149 ], [ 9.36093703751817, 10.007584557884741 ], [ 9.36093703751817, 10.006636600240654 ], [ 9.360580519275914, 10.006566380192965 ], [ 9.360188347009455, 10.006074844858972 ], [ 9.35993878283989, 10.00551309047728 ], [ 9.359796174742996, 10.004635345880899 ], [ 9.359368352452293, 10.004214027594628 ], [ 9.359190092331175, 10.003722489260667 ], [ 9.359261396379623, 10.002950069735846 ], [ 9.35883357308893, 10.002669189544974 ], [ 9.358405748798248, 10.002774519616537 ], [ 9.358370096774024, 10.002353199330287 ], [ 9.358512704870918, 10.002107429163289 ], [ 9.35883357308893, 10.001756326924749 ], [ 9.358940528161611, 10.001264784590774 ], [ 9.358762269040483, 10.000773242256798 ], [ 9.358797921064706, 10.000176366851235 ], [ 9.359368352452293, 9.999537359417047 ], [ 9.359404004476517, 9.998835150939954 ], [ 9.359190092331175, 9.998168052486676 ], [ 9.359261396379623, 9.996939180651736 ], [ 9.360520997235483, 9.99617771313433 ], [ 9.361193244692231, 9.99604720504567 ], [ 9.360859690465588, 9.995755212847257 ], [ 9.360456823191839, 9.995163011444902 ], [ 9.360219143030349, 9.994507606999548 ], [ 9.360005231885054, 9.993547908347523 ], [ 9.359506103545868, 9.992892500902201 ], [ 9.359363496449021, 9.992073241345508 ], [ 9.35912581728752, 9.991488053947933 ], [ 9.359102049271371, 9.990551753311763 ], [ 9.358983209190626, 9.989755894771008 ], [ 9.35888813712603, 9.989123889341613 ], [ 9.358579152916093, 9.988304618784923 ], [ 9.358674224980689, 9.987344901132872 ], [ 9.358484080851497, 9.986080878273981 ], [ 9.358531616883795, 9.984980704526492 ], [ 9.358674224980689, 9.983974160842592 ], [ 9.358983209190626, 9.983388960444984 ], [ 9.359197121335967, 9.98280375704735 ], [ 9.358864369109881, 9.982007879506568 ], [ 9.358484080851497, 9.981352450061252 ], [ 9.358769297045285, 9.979971362122853 ], [ 9.359244657368265, 9.978964803438942 ], [ 9.361264011740332, 9.971764413546623 ], [ 9.368747643825088, 9.961863834819667 ], [ 9.371778898884656, 9.947944109361856 ], [ 9.371759391871421, 9.944649397123271 ], [ 9.37435621163587, 9.942426435612845 ], [ 9.370945862318649, 9.914249678468082 ], [ 9.369451137303088, 9.911302148465381 ], [ 9.355009114490429, 9.906223842014924 ], [ 9.349004967410849, 9.902075885196552 ], [ 9.337744044759575, 9.903365704072939 ], [ 9.331066056222198, 9.906223393014614 ], [ 9.323086974800788, 9.901847891041655 ], [ 9.319901055636137, 9.901331263690622 ], [ 9.311162394698613, 9.898873314020591 ], [ 9.296336994625449, 9.898006022431275 ], [ 9.294155760143383, 9.895669806843955 ], [ 9.294167196151193, 9.890657043438011 ], [ 9.298654291199966, 9.878474862160772 ], [ 9.281955070853598, 9.866120209766393 ], [ 9.287957862932217, 9.853011789859806 ], [ 9.287657945728427, 9.849850874712104 ], [ 9.272069625136908, 9.846144618193875 ], [ 9.245718359232455, 9.847927357405183 ], [ 9.232135604003645, 9.861648915728324 ], [ 9.214289645878125, 10.017503611624306 ], [ 9.251268387003449, 10.024669647493283 ], [ 9.25475919437531, 10.030099895182843 ], [ 9.244524272421131, 10.038124408635156 ], [ 9.243869502976281, 10.038906160166277 ], [ 9.229707321353715, 10.048247259513118 ], [ 9.21079699050506, 10.048386397607658 ], [ 9.203119949288862, 10.045309475517058 ], [ 9.199079393543457, 10.043086125006369 ], [ 9.192543201102467, 10.040219150058419 ], [ 9.183000585618686, 10.038271277734907 ], [ 9.162979448015278, 10.041902148201928 ], [ 9.164602577118103, 10.046448894291245 ], [ 9.159576311703006, 10.046168135100459 ], [ 9.155327070815815, 10.0460294220062 ], [ 9.153413749515835, 10.046602809395836 ], [ 9.148838415407113, 10.048077227397641 ], [ 9.144595831524441, 10.049469727343762 ], [ 9.142183382885321, 10.051271776568171 ], [ 9.138523115398357, 10.052828084625617 ], [ 9.135445162307008, 10.0549577570726 ], [ 9.132783149498323, 10.056268316963099 ], [ 9.128041439276558, 10.058643694577029 ], [ 9.124002522532294, 10.058030657160486 ], [ 9.118558017832981, 10.056022587796122 ], [ 9.114564998119931, 10.051681331846453 ], [ 9.110987917689442, 10.04668472145147 ], [ 9.108930277291392, 10.044044238657364 ], [ 9.104166510054654, 10.040868896499887 ], [ 9.101171746019816, 10.038083814607546 ], [ 9.100256679398115, 10.036691265661375 ], [ 9.098592920267663, 10.035216795659551 ], [ 9.096655998951576, 10.03340546742885 ], [ 9.092104263858914, 10.029892264041791 ], [ 9.088776747598047, 10.027598593483333 ], [ 9.085548401404537, 10.025030135738177 ], [ 9.077175747715671, 10.023245411525579 ], [ 9.076327962139658, 10.023064697402788 ], [ 9.074099541625571, 10.022589684080003 ], [ 9.073755536391786, 10.02257478206991 ], [ 9.068331717706599, 10.022339820910247 ], [ 9.064575195154191, 10.020239830483433 ], [ 9.062732690902294, 10.019532531002824 ], [ 9.058896065295528, 10.018059731002154 ], [ 9.055049896682192, 10.017889976886806 ], [ 9.04744815851717, 10.015620232344588 ], [ 9.041753880648173, 10.015363241170007 ], [ 9.041679381597589, 10.015359879167704 ], [ 9.035685771525209, 10.016181642726053 ], [ 9.030884642263061, 10.018007282966494 ], [ 9.02722437377605, 10.020909562938471 ], [ 9.022803530772308, 10.021939397638164 ], [ 9.020141517963623, 10.02329690256056 ], [ 9.017194288961093, 10.025496984055394 ], [ 9.011680120214464, 10.029943912076874 ], [ 9.007193460166036, 10.032775239000614 ], [ 9.007164205146125, 10.032752466985187 ], [ 9.006213485500155, 10.031722666285475 ], [ 9.005452910983365, 10.031535430158215 ], [ 9.004597264402037, 10.031395002062823 ], [ 9.003884224917556, 10.031769476317265 ], [ 9.00355147269147, 10.030973718776579 ], [ 9.003979295982163, 10.029803483981482 ], [ 9.004834942563491, 10.029148150536173 ], [ 9.004359584240547, 10.027977909741082 ], [ 9.00378915285296, 10.027182143200378 ], [ 9.004026832014461, 10.025965085373457 ], [ 9.004977550660385, 10.025028882737331 ], [ 9.005120158757279, 10.023109661433352 ], [ 9.005500447015663, 10.021798965542757 ], [ 9.006308557564751, 10.020815941874844 ], [ 9.006926524984635, 10.01941161592066 ], [ 9.006407741632131, 10.015585052320716 ], [ 9.005405374951067, 10.014168745358404 ], [ 9.005547983047961, 10.012998448563224 ], [ 9.00583319824176, 10.012109021958906 ], [ 9.005025086692683, 10.011921773831659 ], [ 9.004026832014461, 10.011687713672643 ], [ 9.003028578336171, 10.010657845972901 ], [ 9.00212450172188, 10.009609873260843 ], [ 9.001269748141112, 10.008878976764265 ], [ 9.00138917622229, 10.007285662681682 ], [ 9.000764551797886, 10.007124294572009 ], [ 9.000461635592046, 10.00597658879218 ], [ 9.00084192385043, 10.005368021378729 ], [ 9.00036656452744, 10.004806264997001 ], [ 9.000643449715596, 10.002965465746286 ], [ 9.001459891270315, 10.001810213961335 ], [ 9.001982786625604, 10.000827129293384 ], [ 9.001269748141112, 10.000218550879879 ], [ 9.002775391164164, 9.988791449115695 ], [ 8.977460860964129, 9.987416267181345 ], [ 8.962086607518017, 10.00520973027119 ], [ 8.951510272331916, 10.011085548263509 ], [ 8.949918383250292, 10.013218623712817 ], [ 8.949522883981558, 10.01985366922105 ], [ 8.947185043393119, 10.019615318059095 ], [ 8.945877827504944, 10.022674482137631 ], [ 8.94376247806764, 10.026349084634376 ], [ 8.937907942089737, 10.026600581805269 ], [ 8.952092870727768, 10.093011840928568 ], [ 8.968270302719532, 10.102840423606608 ], [ 8.96823512269566, 10.103599891122656 ], [ 8.968091964598386, 10.106690407222516 ], [ 8.969836235783532, 10.110630034899316 ], [ 8.971224785726974, 10.122269629807874 ], [ 8.972880362851868, 10.128140449796831 ], [ 8.972738566755538, 10.131201584876692 ], [ 8.972702025730712, 10.131990433412682 ], [ 8.974357604855584, 10.137860298400994 ], [ 8.972167969367831, 10.143549919266832 ], [ 8.971989632246675, 10.147399901882693 ], [ 8.971811296125509, 10.151260375505728 ], [ 8.97236143149928, 10.152501563349063 ], [ 8.973557472311938, 10.155200005182508 ], [ 8.977134704742525, 10.161149979225229 ], [ 8.97682123852951, 10.167928122830688 ], [ 8.976689340439918, 10.170780181768521 ], [ 8.978166580443599, 10.180500031372674 ], [ 8.976065636016131, 10.184269904934126 ], [ 8.975915099913834, 10.184661065199919 ], [ 8.973875998528342, 10.189959525799964 ], [ 8.967928886487584, 10.193559647246104 ], [ 8.965916634120333, 10.195400238496688 ], [ 8.960059167140457, 10.19707012163127 ], [ 8.951066971030684, 10.203115462738822 ], [ 8.946154594692985, 10.206100463766973 ], [ 8.942218782018756, 10.207859992962483 ], [ 8.938284874345868, 10.209609985151531 ], [ 8.930326461938478, 10.215049743847601 ], [ 8.930147170816667, 10.218910217470579 ], [ 8.929880141635238, 10.22469043739801 ], [ 8.929701804514082, 10.228540421013861 ], [ 8.930269084899521, 10.232958761015936 ], [ 8.93097977838238, 10.238494093776922 ], [ 8.931447982700547, 10.24214077025465 ], [ 8.93124675756377, 10.245111465273112 ], [ 8.934668541888755, 10.246129989965141 ], [ 8.936413765074519, 10.250069617641941 ], [ 8.936057091832197, 10.257780074880827 ], [ 8.935790061650778, 10.263560294808258 ], [ 8.935611724529565, 10.267410278424109 ], [ 8.939189910960806, 10.27336025246683 ], [ 8.941678717651826, 10.276092375323174 ], [ 8.944691658698957, 10.27939987157049 ], [ 8.953860282928645, 10.289460182406003 ], [ 8.95359229974656, 10.295240402333377 ], [ 8.954770014546739, 10.307535102687041 ], [ 8.954892158629718, 10.308810233553459 ], [ 8.954755128536647, 10.309056115720523 ], [ 8.95279121420225, 10.31258010911489 ], [ 8.94867801840752, 10.318180083919799 ], [ 8.946310042798586, 10.327730179408661 ], [ 8.942196846003867, 10.333339691220033 ], [ 8.940205027650507, 10.337730544203453 ], [ 8.937905312087992, 10.342800139647977 ], [ 8.936290826991012, 10.347003005503609 ], [ 8.935715674600203, 10.348500251520932 ], [ 8.929770469560708, 10.352089881959898 ], [ 8.925834656886536, 10.353850365156063 ], [ 8.920533166284429, 10.353615692996641 ], [ 8.918143272660586, 10.35350990292477 ], [ 8.917926805513503, 10.353571613966665 ], [ 8.91228580568071, 10.355179787059342 ], [ 8.907376290344928, 10.356115340695055 ], [ 8.906026599427889, 10.356441782916818 ], [ 8.90391826699539, 10.356951714263289 ], [ 8.898693085445132, 10.358214378121204 ], [ 8.892881393496339, 10.358066559020813 ], [ 8.887109755574784, 10.35791969292103 ], [ 8.870192529080327, 10.357634543727272 ], [ 8.851674164497979, 10.364382509312179 ], [ 8.848652534444909, 10.36612502549616 ], [ 8.838076147258732, 10.370377187385316 ], [ 8.832229398286131, 10.371833339374689 ], [ 8.823150032117155, 10.374218049994965 ], [ 8.820630627405308, 10.375480535852773 ], [ 8.819727443791692, 10.377678186345975 ], [ 8.819299619500953, 10.379408239521467 ], [ 8.818318428834289, 10.380446248226747 ], [ 8.816922822886056, 10.380343400156846 ], [ 8.815544280949382, 10.38043691622039 ], [ 8.814498490238861, 10.380109609997987 ], [ 8.813119948302187, 10.379782303775642 ], [ 8.811931549494716, 10.380296642125074 ], [ 8.81073476468157, 10.380740107426391 ], [ 8.810306942390866, 10.381231064760016 ], [ 8.810235638342419, 10.382002567284189 ], [ 8.809986074172855, 10.382633795713105 ], [ 8.809486946833715, 10.383475431284921 ], [ 8.809051400537783, 10.38444861894618 ], [ 8.809094774567257, 10.385439238619256 ], [ 8.808893803430692, 10.386257321175094 ], [ 8.808274780010095, 10.386806882548512 ], [ 8.807597392549837, 10.38736796692973 ], [ 8.806972590125326, 10.387366130928456 ], [ 8.8058504473629, 10.387648508120321 ], [ 8.805315666999547, 10.38806931940627 ], [ 8.805672187241782, 10.388735602858958 ], [ 8.806100009532486, 10.389296682240172 ], [ 8.806741745968509, 10.389401885311656 ], [ 8.806884354065403, 10.389787625573774 ], [ 8.806884354065403, 10.390348703954999 ], [ 8.807347829380319, 10.390874714312417 ], [ 8.807419133428766, 10.391365654645938 ], [ 8.807597392549837, 10.392066999122505 ], [ 8.806991309138084, 10.392452737384588 ], [ 8.806599137871615, 10.393224211908773 ], [ 8.806206837605032, 10.393186446883135 ], [ 8.805386971047994, 10.393189144884957 ], [ 8.805101755854196, 10.392803407622864 ], [ 8.804353064345491, 10.393048876789635 ], [ 8.803746980933681, 10.39283847464668 ], [ 8.803354809667212, 10.393329412980222 ], [ 8.802855682328072, 10.394241153599751 ], [ 8.802213946892039, 10.394451554742716 ], [ 8.801679167528732, 10.394977558100095 ], [ 8.801073084116922, 10.395643826552771 ], [ 8.800253088559771, 10.395854226695747 ], [ 8.799898771319022, 10.396227822949584 ], [ 8.799361789954162, 10.396625694219892 ], [ 8.799076573760374, 10.39750235781554 ], [ 8.798220927178988, 10.398168622268258 ], [ 8.797864407936743, 10.398905015768605 ], [ 8.797361052594738, 10.398771545677903 ], [ 8.796438329967827, 10.398905015768605 ], [ 8.795547031362219, 10.399395945102185 ], [ 8.795939201628698, 10.399816741388065 ], [ 8.796224417822486, 10.400237535673966 ], [ 8.796652241113122, 10.40037780076932 ], [ 8.797151369452308, 10.400903793126702 ], [ 8.798113972106307, 10.401219388341133 ], [ 8.798327883251659, 10.401710313674698 ], [ 8.797686147815625, 10.402341502103525 ], [ 8.796901805282687, 10.403042820580026 ], [ 8.79636702591938, 10.402516832222659 ], [ 8.795547031362219, 10.402201238008217 ], [ 8.794498429649707, 10.402185649997648 ], [ 8.793693129102564, 10.402411634151179 ], [ 8.793621825054117, 10.403007754556199 ], [ 8.794227908465928, 10.403603874961277 ], [ 8.793764433151011, 10.403814270104192 ], [ 8.793015740642318, 10.404235060390135 ], [ 8.793087044690765, 10.404761045747478 ], [ 8.79355052100567, 10.405181834033385 ], [ 8.794120952393257, 10.405742884414622 ], [ 8.793336608860329, 10.406093539652886 ], [ 8.793015740642318, 10.406794851129405 ], [ 8.792730526448508, 10.407601355677343 ], [ 8.793372260884553, 10.407881878867954 ], [ 8.793907040247916, 10.408477989272967 ], [ 8.793086244690244, 10.410717848794889 ], [ 8.782257012332252, 10.42416013992829 ], [ 8.778038197465776, 10.424218579967999 ], [ 8.776540733448314, 10.425892350105244 ], [ 8.77512661948748, 10.426673016635675 ], [ 8.774303429928182, 10.426916869801346 ], [ 8.773695558515158, 10.427096939923672 ], [ 8.773693278513633, 10.42709761592414 ], [ 8.770194765136523, 10.428133981628321 ], [ 8.767283188158274, 10.427724912350357 ], [ 8.765025229624086, 10.43041307417684 ], [ 8.764975768590489, 10.431726463069253 ], [ 8.762534133931524, 10.432126289340886 ], [ 8.761547547261159, 10.432287846450663 ], [ 8.757559691551592, 10.435002209294964 ], [ 8.756974985154329, 10.435713483778216 ], [ 8.755220941962534, 10.439120222092924 ], [ 8.753616603872445, 10.439646149450311 ], [ 8.751623386518133, 10.440122958774282 ], [ 8.751622864517799, 10.440123083774324 ], [ 8.750324959635918, 10.440433563985323 ], [ 8.750324546635682, 10.440433662985356 ], [ 8.74921952988484, 10.440698001165003 ], [ 8.749397789005968, 10.4451975492222 ], [ 8.752846087348928, 10.454557980582194 ], [ 8.758336980079719, 10.45786260482754 ], [ 8.761754706401916, 10.462704842117603 ], [ 8.763945052890165, 10.465431346970149 ], [ 8.767081045020916, 10.468376536971221 ], [ 8.771491930017874, 10.472519053785902 ], [ 8.771644925121848, 10.472662739883503 ], [ 8.772652945806726, 10.474006763796694 ], [ 8.776749334590079, 10.479468603507769 ], [ 8.776109741155494, 10.496257448915003 ], [ 8.774162370832357, 10.501096865203181 ], [ 8.773050030076547, 10.504462111489715 ], [ 8.773012001050688, 10.510182946376744 ], [ 8.773663244493207, 10.513786455825141 ], [ 8.774613963139188, 10.517221670159188 ], [ 8.775268778584064, 10.519114706445464 ], [ 8.782135232249516, 10.525884326045059 ], [ 8.781909268096001, 10.526674242581805 ], [ 8.782862240743498, 10.533326307101561 ], [ 8.784286064710898, 10.543265045854469 ], [ 8.788272441419451, 10.553327169691215 ], [ 8.790980088259175, 10.560161621334885 ], [ 8.793080213686096, 10.565462607936638 ], [ 8.783176767957173, 10.596968705343556 ], [ 8.78190525409326, 10.601013806092055 ], [ 8.821880200254384, 10.672254868496964 ], [ 8.82474656920192, 10.675278695551526 ], [ 8.848175265120631, 10.679940383718929 ], [ 8.852458954031192, 10.686329842060275 ], [ 8.854420662364078, 10.696880341228848 ], [ 8.854828573641214, 10.702256291881554 ], [ 8.855218886906414, 10.707400322376657 ], [ 8.851278305229016, 10.720089911998627 ], [ 8.846459389954759, 10.72459030205647 ], [ 8.837984086196172, 10.733639717205108 ], [ 8.83416652660236, 10.742839813456158 ], [ 8.832083685187172, 10.749538797007801 ], [ 8.831182675574951, 10.752823817239801 ], [ 8.830854808352171, 10.753567668745234 ], [ 8.828980447078663, 10.757820128634535 ], [ 8.821589470056836, 10.769240379394091 ], [ 8.815604210990102, 10.773699760423995 ], [ 8.807210922287254, 10.780420302990308 ], [ 8.797653197793238, 10.787099837528729 ], [ 8.792169571067404, 10.791371346431049 ], [ 8.791316986488084, 10.792035579882338 ], [ 8.78564453163392, 10.797200203391469 ], [ 8.779417039402631, 10.80865001717109 ], [ 8.77684497765506, 10.815560340866341 ], [ 8.77435398096253, 10.820139884977891 ], [ 8.769371032576828, 10.829299927201703 ], [ 8.767881392564732, 10.838580131507172 ], [ 8.766309739496819, 10.850179672388549 ], [ 8.766169521401594, 10.851136632038731 ], [ 8.794652086754127, 10.854351751223248 ], [ 8.813923277848005, 10.852935003260654 ], [ 8.863423036480754, 10.843242909675325 ], [ 8.897588483694562, 10.836553288130062 ], [ 8.906542819778622, 10.835301724279645 ], [ 8.929366656286334, 10.823306090129165 ], [ 8.952000353664914, 10.809615605827162 ], [ 8.952508835010406, 10.809308036618177 ], [ 8.957131501151252, 10.806506732714809 ] ] ] ] } },
{ "type": "Feature", "properties": { "fid": 518.0, "OBJECTID": 518.0, "lganame": "Tafawa-Balewa", "statecode": "BA", "LGA_UID": "05_17" }, "geometry": { "type": "MultiPolygon", "coordinates": [ [ [ [ 9.617122484584115, 10.162566640187777 ], [ 9.621914598840135, 10.139139543270176 ], [ 9.623143135674866, 10.137552090191605 ], [ 9.636537193775496, 10.12618648646918 ], [ 9.632656759138911, 10.121537542310421 ], [ 9.632225036845568, 10.121020316959005 ], [ 9.632256197866752, 10.120343003498817 ], [ 9.632698864167537, 10.110721265961274 ], [ 9.632982031359916, 10.10456620977925 ], [ 9.633179665494197, 10.100270270860335 ], [ 9.638907854386275, 10.094960116252309 ], [ 9.641449126112946, 10.092604377651696 ], [ 9.644369941097466, 10.089896701811995 ], [ 9.646501342545662, 10.087920820469435 ], [ 9.648299216767271, 10.086254120337003 ], [ 9.651610802017331, 10.082021550461207 ], [ 9.653207139101937, 10.079981240074915 ], [ 9.653207280102038, 10.079981151074833 ], [ 9.653760906478226, 10.079273556594046 ], [ 9.655115316398451, 10.077542467417857 ], [ 9.658451561665288, 10.073278326520551 ], [ 9.659348852274945, 10.072131468741361 ], [ 9.661045074427477, 10.069963455268294 ], [ 9.665534753477971, 10.06517456101443 ], [ 9.670218502660362, 10.060178584619905 ], [ 9.67453573959375, 10.055573366490876 ], [ 9.679007672632224, 10.050803309249829 ], [ 9.684608072437413, 10.045141253402733 ], [ 9.687643208499651, 10.042093661332046 ], [ 9.690209973243611, 10.039516339580871 ], [ 9.693787558674444, 10.035924072140119 ], [ 9.70219976839013, 10.027676427536221 ], [ 9.701278835764413, 10.019807665189774 ], [ 9.700280581086133, 10.015032916945529 ], [ 9.701278835764413, 10.011170937321538 ], [ 9.702205787394234, 10.008432414460799 ], [ 9.704986639283675, 10.005202332266151 ], [ 9.707125756737128, 10.001831776976019 ], [ 9.712214017194356, 9.995810206884642 ], [ 9.712249421218417, 9.992131458385074 ], [ 9.708284195524243, 9.985364090786959 ], [ 9.711279069559112, 9.984280416050694 ], [ 9.714502006748944, 9.982103463571548 ], [ 9.718253658298011, 9.981197559956001 ], [ 9.724513076550977, 9.981302903027597 ], [ 9.730432935573219, 9.974257665240714 ], [ 9.730876277874472, 9.973181611509574 ], [ 9.731969600617333, 9.968575448379909 ], [ 9.733814239870696, 9.966299291833366 ], [ 9.743536963476799, 9.96614806273061 ], [ 9.745647558910889, 9.968676259448387 ], [ 9.747941824469706, 9.969571966057003 ], [ 9.751979347213023, 9.971148255128014 ], [ 9.758482263631436, 9.970811165898965 ], [ 9.764386611643147, 9.970973361009158 ], [ 9.766183086863805, 9.968339168219359 ], [ 9.770347235693123, 9.965136779043462 ], [ 9.77571417233969, 9.960794929093368 ], [ 9.79054443941618, 9.956082313891386 ], [ 9.792824650965485, 9.952800169661316 ], [ 9.791962148379469, 9.951294895638569 ], [ 9.791898588336267, 9.937117669005829 ], [ 9.791662778176033, 9.933686887674753 ], [ 9.794165856876759, 9.934973306548841 ], [ 9.79622622927667, 9.934670176342877 ], [ 9.798864474069262, 9.93481064543829 ], [ 9.801645326958692, 9.935723695058641 ], [ 9.803000100879217, 9.937409318203947 ], [ 9.803927051509049, 9.939586568683296 ], [ 9.814460017665681, 9.925200958908988 ], [ 9.818000656071376, 9.917091756399145 ], [ 9.82092797306035, 9.911483171588372 ], [ 9.822893895396135, 9.909244218067101 ], [ 9.824912927767969, 9.905742773688019 ], [ 9.829952983192413, 9.901447465769593 ], [ 9.83323296342104, 9.898567537812824 ], [ 9.837401732253511, 9.892418289634691 ], [ 9.845988330087721, 9.881756036390186 ], [ 9.84115812880583, 9.875311743011594 ], [ 9.840568401405108, 9.864634901757199 ], [ 9.848378264711528, 9.862263860146186 ], [ 9.850547223185231, 9.857999783248943 ], [ 9.850272056998278, 9.85194009713166 ], [ 9.856353540130385, 9.84791301539542 ], [ 9.858676577708763, 9.851530992853668 ], [ 9.863311331857858, 9.854692340001691 ], [ 9.865569290392045, 9.857853657149633 ], [ 9.878403995112649, 9.854926513160763 ], [ 9.88436059315984, 9.853421729138347 ], [ 9.888386543895308, 9.851530992853668 ], [ 9.896946611711485, 9.849114910212052 ], [ 9.914062385340799, 9.849205512273613 ], [ 9.914274790485138, 9.848900998066711 ], [ 9.919760268212258, 9.836426359590803 ], [ 9.924085885151328, 9.824836172715834 ], [ 9.919338075925396, 9.817969164049998 ], [ 9.91919749382987, 9.817843989964956 ], [ 9.911618883680603, 9.811096037380025 ], [ 9.907341015773966, 9.801841025091676 ], [ 9.906588252262509, 9.79989426976897 ], [ 9.896868026658069, 9.797918841426736 ], [ 9.894958150360424, 9.795328195666514 ], [ 9.892562376732599, 9.791210897869007 ], [ 9.892602551759865, 9.790216590193438 ], [ 9.89102217368611, 9.782399288881948 ], [ 9.885567091979624, 9.76334684093672 ], [ 9.8901701631072, 9.752840308798 ], [ 9.917008392342495, 9.736137389449141 ], [ 9.918596978421874, 9.734085619055065 ], [ 9.920569482762119, 9.73279358217718 ], [ 9.927347741367612, 9.720555174861772 ], [ 9.930381818429112, 9.715349968325086 ], [ 9.947471122040497, 9.707167384765398 ], [ 9.959951709520453, 9.704895738221921 ], [ 9.972589634107351, 9.699527657574549 ], [ 9.975138663839289, 9.689331054646459 ], [ 9.985691071009171, 9.662719726565285 ], [ 9.991656303062257, 9.645744324031341 ], [ 9.991649736057809, 9.6456392189599 ], [ 9.991197585750569, 9.638402939043203 ], [ 9.980644225580079, 9.623262404755906 ], [ 9.962291718110407, 9.61270999858607 ], [ 9.954926475106049, 9.611370768676124 ], [ 9.944401706954977, 9.609457040375787 ], [ 9.942169719438425, 9.609051195100051 ], [ 9.935597737973069, 9.605102758417274 ], [ 9.91595172862452, 9.610874176338712 ], [ 9.913162294729261, 9.611153061528171 ], [ 9.91316051472802, 9.611153239528278 ], [ 9.906775475389736, 9.61179161096203 ], [ 9.901987852136756, 9.608671949842403 ], [ 9.838871002251835, 9.601239203792204 ], [ 9.831425263192784, 9.598602098000413 ], [ 9.828373277119113, 9.593502885535713 ], [ 9.824209220289845, 9.583241459563567 ], [ 9.807758448112281, 9.579995543358109 ], [ 9.806921578543665, 9.582340398951317 ], [ 9.807064186640559, 9.583324723620137 ], [ 9.807206794737453, 9.584449663384476 ], [ 9.807064186640559, 9.58609019349916 ], [ 9.806446220220721, 9.587355740358987 ], [ 9.80525782141325, 9.587496356454551 ], [ 9.804551076933024, 9.588392392063383 ], [ 9.804639853993365, 9.589043127505533 ], [ 9.804307101767279, 9.589980562142443 ], [ 9.804298492761404, 9.591604443245785 ], [ 9.803166239992095, 9.592511620862183 ], [ 9.803594063282787, 9.593777142722047 ], [ 9.803057770918429, 9.594984796542576 ], [ 9.802476392523374, 9.596253246404444 ], [ 9.801454945829391, 9.595370756804869 ], [ 9.800456691151112, 9.595464498868523 ], [ 9.80026654702192, 9.597058104951316 ], [ 9.799174812280114, 9.59869884506611 ], [ 9.798888005085246, 9.600339036180571 ], [ 9.797947039445887, 9.601293217828868 ], [ 9.796453401431052, 9.602137335402404 ], [ 9.795322808662888, 9.60277627783654 ], [ 9.794657305210706, 9.603854282568989 ], [ 9.79503759346909, 9.605307240556215 ], [ 9.795370344695186, 9.607322624925587 ], [ 9.797135721894676, 9.607646460145588 ], [ 9.797414390083986, 9.607697578180364 ], [ 9.798412644762266, 9.609384865326774 ], [ 9.799640155596308, 9.613118704863723 ], [ 9.800646835280304, 9.616180794944285 ], [ 9.800836978409507, 9.618102378249887 ], [ 9.800932050474103, 9.620258287714762 ], [ 9.801562532902437, 9.621350938457169 ], [ 9.802120449281517, 9.622461051211417 ], [ 9.803498991218191, 9.623023455593568 ], [ 9.804497245896471, 9.62466379870807 ], [ 9.805020142251749, 9.625976067599709 ], [ 9.804782462090259, 9.627147732395827 ], [ 9.804069422605778, 9.628178794096357 ], [ 9.802976095862903, 9.629209851796929 ], [ 9.802595807604519, 9.63010030840195 ], [ 9.802500735539923, 9.631553154389053 ], [ 9.802500735539923, 9.63300599337623 ], [ 9.802833487766009, 9.633896439981243 ], [ 9.803879279476575, 9.635771057254942 ], [ 9.80411233163494, 9.636558421789914 ], [ 9.8046588680063, 9.63840487604449 ], [ 9.804601824967506, 9.640598147534718 ], [ 9.803632092308646, 9.641722897298962 ], [ 9.803289833076064, 9.643297539368859 ], [ 9.804031393579919, 9.644872174438717 ], [ 9.805400428510154, 9.646053146241115 ], [ 9.806484249246523, 9.647402823158188 ], [ 9.80689534852587, 9.649036760268359 ], [ 9.806427205207797, 9.650776991450755 ], [ 9.806313119130266, 9.653251359132014 ], [ 9.80661113533273, 9.654027497659342 ], [ 9.806949763562841, 9.654909405258536 ], [ 9.805001127238825, 9.659774606564213 ], [ 9.805628601665148, 9.661574100786879 ], [ 9.806027903936467, 9.66387968935345 ], [ 9.805789492774466, 9.66645570810374 ], [ 9.805430104530274, 9.666753661306188 ], [ 9.80435656780088, 9.66764368391091 ], [ 9.804430695851238, 9.668434585448267 ], [ 9.805514514587628, 9.669952870479904 ], [ 9.806331058142462, 9.670216917659275 ], [ 9.807095470661807, 9.670464108827218 ], [ 9.807625111021707, 9.672089703931761 ], [ 9.809393448223204, 9.67580101545343 ], [ 9.809621621378255, 9.677712885752442 ], [ 9.808708930758087, 9.679174897745838 ], [ 9.807111722672857, 9.679118666707609 ], [ 9.806141990013998, 9.679962132280707 ], [ 9.805115213316355, 9.681930210617907 ], [ 9.804316609773707, 9.684629271451797 ], [ 9.803403919153595, 9.686934701018231 ], [ 9.802263057378411, 9.689296343622857 ], [ 9.798726381975428, 9.688958968393649 ], [ 9.794402208037354, 9.689004656424686 ], [ 9.791538947091908, 9.6896337208521 ], [ 9.789200178502824, 9.689465032737473 ], [ 9.782964722266115, 9.68805595678009 ], [ 9.777846198788325, 9.688636513174515 ], [ 9.773101012564211, 9.688290246939289 ], [ 9.771674934595239, 9.690633137531165 ], [ 9.768824387658412, 9.692064013503341 ], [ 9.765374836314606, 9.692278559649139 ], [ 9.764963801035321, 9.692027431478493 ], [ 9.762916004643955, 9.692057524498978 ], [ 9.761808890891757, 9.692500344799839 ], [ 9.75944753428729, 9.692647210899622 ], [ 9.752537695592366, 9.694482637146734 ], [ 9.748242376673943, 9.695623580921904 ], [ 9.744516959142686, 9.696613146594302 ], [ 9.743509887458401, 9.700590242296528 ], [ 9.740768706595929, 9.703186146060318 ], [ 9.73623819851764, 9.701728995070255 ], [ 9.730604439689785, 9.705463472607676 ], [ 9.724551615577184, 9.707691598121585 ], [ 9.716696749240157, 9.712911261668069 ], [ 9.715148139187932, 9.713912209348166 ], [ 9.711711841853116, 9.714038265433828 ], [ 9.694922385445523, 9.714654163852288 ], [ 9.670502609853429, 9.720768804006923 ], [ 9.672748105379128, 9.727353862481152 ], [ 9.669948012476596, 9.724603215612206 ], [ 9.667452374780908, 9.723549023895941 ], [ 9.666145135892691, 9.724837480771384 ], [ 9.664600217843031, 9.726594458965167 ], [ 9.661510380743607, 9.727765771761028 ], [ 9.657588666078993, 9.72706298528351 ], [ 9.656994466675258, 9.725071744930574 ], [ 9.656281427190777, 9.723549023895941 ], [ 9.65342927125289, 9.724837480771384 ], [ 9.650111610998692, 9.724708431683723 ], [ 9.650101753991976, 9.726360195806024 ], [ 9.650220594072721, 9.729171342716029 ], [ 9.646893077811853, 9.731865337546481 ], [ 9.645229319681391, 9.734090795058592 ], [ 9.643684401631674, 9.73619910949111 ], [ 9.641782964339768, 9.737136133127763 ], [ 9.640238046290051, 9.734793566536098 ], [ 9.639406166724825, 9.732802374183166 ], [ 9.637385889352174, 9.730811167830211 ], [ 9.632275774880043, 9.730694037750652 ], [ 9.628098039041504, 9.729978090264183 ], [ 9.627878699892449, 9.727882903840623 ], [ 9.627284501488759, 9.726477326885572 ], [ 9.623243944743365, 9.727180116363115 ], [ 9.617783975033547, 9.724958884853891 ], [ 9.613499076122196, 9.723666156975526 ], [ 9.610286386939322, 9.725162347992125 ], [ 9.608864321973101, 9.727531509601874 ], [ 9.606012165035168, 9.729171342716029 ], [ 9.603516528339526, 9.729756996113963 ], [ 9.600664371401592, 9.730459777591477 ], [ 9.59698033489849, 9.731279688148561 ], [ 9.592939780153131, 9.733856536899395 ], [ 9.590444143457432, 9.736433364650281 ], [ 9.58830502500399, 9.7393615546398 ], [ 9.590888175759119, 9.743146038211194 ], [ 9.587173983235516, 9.741534982116548 ], [ 9.575029460983899, 9.736267215537339 ], [ 9.562433311425423, 9.744108958865468 ], [ 9.559948610737138, 9.745655810916446 ], [ 9.556964579709643, 9.746295918351393 ], [ 9.556448450358971, 9.746331541375582 ], [ 9.552603003746185, 9.747066312874836 ], [ 9.551387364920174, 9.746270309334022 ], [ 9.547322682158438, 9.746378399407433 ], [ 9.538714518309575, 9.746607309562989 ], [ 9.537654701589474, 9.748367563758961 ], [ 9.535267046967192, 9.752333235453477 ], [ 9.534841806678287, 9.752518226579184 ], [ 9.532622324170234, 9.754810043136331 ], [ 9.525302210196571, 9.76714692451867 ], [ 9.524081543367174, 9.76792769304916 ], [ 9.523454717941263, 9.767807295967373 ], [ 9.513859612421868, 9.749425814478002 ], [ 9.503073492093165, 9.752079991281391 ], [ 9.500415057286887, 9.750439185166556 ], [ 9.493369028499444, 9.751525983904969 ], [ 9.487952700819335, 9.751430353840021 ], [ 9.483650503896172, 9.751923159174851 ], [ 9.482255309948187, 9.756165426057237 ], [ 9.480588020815389, 9.757847305200016 ], [ 9.472027713999069, 9.75914030007857 ], [ 9.471776414828298, 9.759180546105881 ], [ 9.468488686594412, 9.756686897411555 ], [ 9.467293652782473, 9.755304053472003 ], [ 9.46629320910273, 9.753390373171726 ], [ 9.466044504933734, 9.753063308949493 ], [ 9.464975512207388, 9.746952595797552 ], [ 9.459990429820266, 9.743597828518148 ], [ 9.454356678992383, 9.748759066025002 ], [ 9.452877733987521, 9.750721002358034 ], [ 9.450002487033942, 9.751397600817768 ], [ 9.446893415921465, 9.751884489148551 ], [ 9.44163754235035, 9.749025117205747 ], [ 9.44030011644162, 9.748928941140434 ], [ 9.435266867021767, 9.746089402211055 ], [ 9.430045105473823, 9.746699728625742 ], [ 9.418861200874915, 9.754517082937298 ], [ 9.417977131274199, 9.754231672743344 ], [ 9.413666133345089, 9.74883122007401 ], [ 9.411985848203415, 9.740909721691708 ], [ 9.408041794523626, 9.731711562442001 ], [ 9.423472765008228, 9.725398622152682 ], [ 9.432793288341088, 9.717957556096792 ], [ 9.43441674344416, 9.718174865244464 ], [ 9.439299378761689, 9.717909683064306 ], [ 9.439494646894332, 9.717929013077423 ], [ 9.443298819479082, 9.721983097831981 ], [ 9.444669241410224, 9.723614676940542 ], [ 9.449492593687467, 9.726350813799627 ], [ 9.455283246621946, 9.728676315379687 ], [ 9.455499909769173, 9.728826347481629 ], [ 9.465941213863573, 9.725370204133355 ], [ 9.471035148324631, 9.721599788571552 ], [ 9.471284362493975, 9.720036569509375 ], [ 9.475103212088698, 9.71468483387315 ], [ 9.481851758673997, 9.708934065965764 ], [ 9.482294266974691, 9.709277304198963 ], [ 9.488159787960001, 9.71079642123118 ], [ 9.493999917928136, 9.717911484065496 ], [ 9.495639991042481, 9.721589399564493 ], [ 9.502059786404402, 9.719039760832118 ], [ 9.502130290452328, 9.718989326797839 ], [ 9.508554952817576, 9.714393594675244 ], [ 9.501938946322298, 9.70585088387088 ], [ 9.496540761654501, 9.705096377358245 ], [ 9.493676657708477, 9.698885182138042 ], [ 9.492667210022603, 9.696696057650627 ], [ 9.490308237419811, 9.696752833689175 ], [ 9.489804176077314, 9.696094072241578 ], [ 9.487580808566634, 9.691850343358169 ], [ 9.487495116508398, 9.69174875028915 ], [ 9.477172940494995, 9.686849209960144 ], [ 9.474707970820134, 9.686282649575219 ], [ 9.474110303414079, 9.683752932856351 ], [ 9.473857098242036, 9.680337450535717 ], [ 9.473616572078583, 9.679850669204995 ], [ 9.472841826552212, 9.67142079147726 ], [ 9.473755351172883, 9.667724397965742 ], [ 9.474767644860719, 9.663628354182663 ], [ 9.473356380901805, 9.662013725085615 ], [ 9.472982957648071, 9.660900539329248 ], [ 9.46872198475296, 9.654316660855841 ], [ 9.466238449065486, 9.651749786111736 ], [ 9.463448816170057, 9.646726685698809 ], [ 9.460999194505689, 9.64231582070181 ], [ 9.454273125935629, 9.645233338684136 ], [ 9.450399470303694, 9.649309100453422 ], [ 9.448827414235552, 9.652160993391135 ], [ 9.448351182911949, 9.655857825902956 ], [ 9.437635801631359, 9.654980667306972 ], [ 9.43430627036912, 9.650790452459944 ], [ 9.436813543072674, 9.647428420175572 ], [ 9.439562214940281, 9.646350192442981 ], [ 9.439938974196252, 9.639422130735682 ], [ 9.436409364798067, 9.637778166618659 ], [ 9.434437545458309, 9.636038375436556 ], [ 9.436218521668366, 9.630810563884552 ], [ 9.434734654660133, 9.629269839837661 ], [ 9.432123641886108, 9.621458827530432 ], [ 9.430781865974438, 9.620782239070763 ], [ 9.427075139455894, 9.617210855644146 ], [ 9.421593800731557, 9.608670206841168 ], [ 9.408057883534525, 9.594449025178562 ], [ 9.404609796191721, 9.591551476209816 ], [ 9.412207577354081, 9.585053425794683 ], [ 9.41937869222653, 9.580942601001595 ], [ 9.423873141280296, 9.573624290029159 ], [ 9.429981252430423, 9.570448836871549 ], [ 9.434955920810523, 9.567862632114384 ], [ 9.445084330692282, 9.55440361696958 ], [ 9.448122426756527, 9.553796285556928 ], [ 9.450771366556353, 9.551632219086571 ], [ 9.453912589690674, 9.551635940089113 ], [ 9.461082132562012, 9.548375009873439 ], [ 9.461963920161168, 9.546837286828634 ], [ 9.468148180363073, 9.544661529350321 ], [ 9.469200741078225, 9.542362216788035 ], [ 9.473014208669326, 9.542052907577897 ], [ 9.484482142461218, 9.540192471313787 ], [ 9.484557619512543, 9.540151760286108 ], [ 9.485249862982869, 9.53076278990676 ], [ 9.486118444573037, 9.529939032347045 ], [ 9.490911158829476, 9.528489075361904 ], [ 9.497039336993282, 9.532296692948989 ], [ 9.506476578405398, 9.531919529692743 ], [ 9.512608714571911, 9.529669300163789 ], [ 9.522733871451464, 9.524324943532577 ], [ 9.531059265108183, 9.515857696779449 ], [ 9.541125588947807, 9.50976834064204 ], [ 9.545001735581479, 9.514080755572081 ], [ 9.545693225051309, 9.514783278049435 ], [ 9.548504794961616, 9.517639706990224 ], [ 9.576726022136597, 9.522752394464078 ], [ 9.58301319840848, 9.51740826983297 ], [ 9.589921667102431, 9.51153604384308 ], [ 9.56910522795863, 9.4727124464643 ], [ 9.47597148367862, 9.475411977298506 ], [ 9.425445270348462, 9.476876503293568 ], [ 9.405553427832899, 9.50709546382592 ], [ 9.403508081443192, 9.510202680937141 ], [ 9.402050972453139, 9.513990401510739 ], [ 9.40178394327171, 9.519769669437437 ], [ 9.399593352783313, 9.525464058306511 ], [ 9.399080411434795, 9.52679801921289 ], [ 9.39740371729556, 9.531158447175585 ], [ 9.351026224784221, 9.532266997928787 ], [ 9.304031869853759, 9.571528103604862 ], [ 9.304953563480012, 9.576331142868298 ], [ 9.309292320427971, 9.598940875230596 ], [ 9.327155112564924, 9.595750809063077 ], [ 9.326763836299051, 9.59618737135969 ], [ 9.315334309533227, 9.607220018855855 ], [ 9.289755104153357, 9.614358401706056 ], [ 9.297289848272897, 9.624849318834151 ], [ 9.295415877999574, 9.625675201395268 ], [ 9.292787538213759, 9.628313871188141 ], [ 9.290562629702038, 9.630547522705797 ], [ 9.287670134736743, 9.633451461678874 ], [ 9.284580230637289, 9.63611221348674 ], [ 9.28446865056145, 9.640043259157721 ], [ 9.284411556522684, 9.641277038996009 ], [ 9.284290314440284, 9.643897056776154 ], [ 9.287779807811262, 9.651773453127817 ], [ 9.291357994242446, 9.657724380171203 ], [ 9.29117965712129, 9.661577224789028 ], [ 9.291590667400556, 9.663033279778347 ], [ 9.293929340989564, 9.671318328407665 ], [ 9.294490814371045, 9.673307418759123 ], [ 9.290555953697492, 9.675063132952062 ], [ 9.290200233455835, 9.682768822187711 ], [ 9.28820123009757, 9.690829239664367 ], [ 9.287833434847698, 9.692312268672026 ], [ 9.28783225984688, 9.692317008675275 ], [ 9.284633191673265, 9.698052392572208 ], [ 9.283155071668943, 9.696806398725585 ], [ 9.280683202989451, 9.69530697870681 ], [ 9.277070470534738, 9.691370967032469 ], [ 9.267150223794431, 9.680388444570383 ], [ 9.219561004459763, 9.682767906187109 ], [ 9.20885343018449, 9.690501154441449 ], [ 9.203882874807221, 9.703460008246395 ], [ 9.203882367806898, 9.703460198246546 ], [ 9.202514647877592, 9.703972815594852 ], [ 9.198135375902098, 9.708473205652638 ], [ 9.194288254288153, 9.715189934216369 ], [ 9.191525255410795, 9.71642277005401 ], [ 9.186418532941047, 9.718701362602189 ], [ 9.182306290146926, 9.724310875413607 ], [ 9.181546462630706, 9.725006062885939 ], [ 9.178281784412491, 9.727993010915441 ], [ 9.173604012234136, 9.730526923637115 ], [ 9.168400763698799, 9.7333459845525 ], [ 9.165512373736249, 9.735319573893491 ], [ 9.163125068114198, 9.736950780001791 ], [ 9.163124803114044, 9.736950961001924 ], [ 9.160442352291454, 9.738783836247308 ], [ 9.152183532679942, 9.74476146730882 ], [ 9.150382996456585, 9.747989654502192 ], [ 9.152127265641695, 9.751928329178327 ], [ 9.155795097133819, 9.755951880912164 ], [ 9.159550666685561, 9.75804901133705 ], [ 9.160936321627048, 9.758581543698881 ], [ 9.160938720628678, 9.758582465699533 ], [ 9.165230750544936, 9.760231971820303 ], [ 9.168987274097276, 9.762329102245189 ], [ 9.174352645742829, 9.764677047840507 ], [ 9.174375222758158, 9.764686576846998 ], [ 9.184103012367757, 9.768792151636546 ], [ 9.187948226980382, 9.768962859752492 ], [ 9.195372581024856, 9.775083541911215 ], [ 9.200296902370724, 9.776977193197865 ], [ 9.201051711883565, 9.777267456395123 ], [ 9.203628995634745, 9.778257521067815 ], [ 9.20673179574294, 9.779449462877665 ], [ 9.212410926601649, 9.781632423360918 ], [ 9.219923972706397, 9.785826683210701 ], [ 9.22359180519851, 9.789850234944481 ], [ 9.229269981056575, 9.792033195427734 ], [ 9.232486658242124, 9.79439768803428 ], [ 9.234860419855011, 9.796142578219872 ], [ 9.236695290101693, 9.798153876586468 ], [ 9.244208336206498, 9.802349091436895 ], [ 9.24787193769572, 9.804782022089967 ], [ 9.25355434355663, 9.808555602653939 ], [ 9.254328983082985, 9.810303409841481 ], [ 9.255299567742441, 9.812493324329409 ], [ 9.260800362479984, 9.818529129430488 ], [ 9.263110678049713, 9.82374406997377 ], [ 9.266035080036715, 9.830345154458882 ], [ 9.267690659161588, 9.836210251443958 ], [ 9.271268844592839, 9.84216022548668 ], [ 9.272069625136908, 9.846144618193875 ], [ 9.287657945728427, 9.849850874712104 ], [ 9.287957862932217, 9.853011789859806 ], [ 9.281955070853598, 9.866120209766393 ], [ 9.298654291199966, 9.878474862160772 ], [ 9.294167196151193, 9.890657043438011 ], [ 9.294155760143383, 9.895669806843955 ], [ 9.296336994625449, 9.898006022431275 ], [ 9.311162394698613, 9.898873314020591 ], [ 9.319901055636137, 9.901331263690622 ], [ 9.323086974800788, 9.901847891041655 ], [ 9.331066056222198, 9.906223393014614 ], [ 9.337744044759575, 9.903365704072939 ], [ 9.349004967410849, 9.902075885196552 ], [ 9.352752258956968, 9.891134394762332 ], [ 9.354221899955519, 9.8854447948965 ], [ 9.355562118866146, 9.884320486132594 ], [ 9.35965293564567, 9.871610019496416 ], [ 9.364644742037342, 9.871765352601983 ], [ 9.366548104330604, 9.871039681108925 ], [ 9.367368432887986, 9.870449356707809 ], [ 9.369578791389813, 9.86850886838937 ], [ 9.370562744058361, 9.867645047802455 ], [ 9.37438092165263, 9.871124839166782 ], [ 9.377067523478047, 9.873573338830397 ], [ 9.379761895308775, 9.876028922498904 ], [ 9.386487555878546, 9.880219891346428 ], [ 9.397777389549447, 9.882030967577009 ], [ 9.407732342313352, 9.884430597207427 ], [ 9.415460760564429, 9.886596925679328 ], [ 9.426655477170755, 9.890460380304376 ], [ 9.439771428082395, 9.898366645676333 ], [ 9.441819851474236, 9.90102928948545 ], [ 9.449900553964653, 9.902682641608806 ], [ 9.463662210315078, 9.904789883040621 ], [ 9.469010003948654, 9.9067566293769 ], [ 9.483703502932201, 9.910705401059886 ], [ 9.490007541215505, 9.908108864295684 ], [ 9.494532692290136, 9.902402947418807 ], [ 9.503819471600025, 9.89822847758245 ], [ 9.520196725727601, 9.901034912489251 ], [ 9.528462126343584, 9.895988506060462 ], [ 9.52899130570313, 9.895814332942109 ], [ 9.529516937060293, 9.895641327824592 ], [ 9.535890470390768, 9.893543557399255 ], [ 9.536660954914282, 9.893672843487082 ], [ 9.543359861465888, 9.898085506485302 ], [ 9.541885381464056, 9.909776317428623 ], [ 9.553859353599819, 9.911126843346267 ], [ 9.566090288910118, 9.910908121197679 ], [ 9.566375504103917, 9.905195233316022 ], [ 9.564949426135001, 9.895361338634359 ], [ 9.564604434900559, 9.890704311470131 ], [ 9.564569489876817, 9.886090433335198 ], [ 9.571754966759045, 9.873889969045536 ], [ 9.571910609864801, 9.867512428712303 ], [ 9.58612916552562, 9.876222076630143 ], [ 9.586176968558107, 9.876210740622412 ], [ 9.593488149525683, 9.88382667779706 ], [ 9.59337597944949, 9.884879041512136 ], [ 9.596027762251254, 9.890351230230237 ], [ 9.602773576834693, 9.892659051798262 ], [ 9.608251475556699, 9.88420091105138 ], [ 9.609476529389042, 9.885060387635349 ], [ 9.613999452462167, 9.886477700598334 ], [ 9.624593315660206, 9.884784442447824 ], [ 9.630167731447727, 9.893293879229589 ], [ 9.630124561418427, 9.905297605385556 ], [ 9.630182745457944, 9.905770446706867 ], [ 9.630306662542125, 9.905682706647212 ], [ 9.651196260735674, 9.881644821314637 ], [ 9.65522603147366, 9.884807348463426 ], [ 9.657253012850902, 9.885498123932734 ], [ 9.661693202867809, 9.886102681343516 ], [ 9.669314494046148, 9.894549943083064 ], [ 9.673111140625792, 9.895843514961939 ], [ 9.673187938677984, 9.895839790959428 ], [ 9.674283408422298, 9.896063343111337 ], [ 9.683372315597751, 9.914381740557815 ], [ 9.6844142483057, 9.918414483297852 ], [ 9.681211617129691, 9.929962555144243 ], [ 9.66606627783915, 9.926597923858139 ], [ 9.649581717638625, 9.927012141139585 ], [ 9.64207764153997, 9.929781435021198 ], [ 9.634680067513671, 9.930127449256304 ], [ 9.632549787066239, 9.936754532759096 ], [ 9.634356670293926, 9.948180172522257 ], [ 9.636487809741936, 9.956092308898178 ], [ 9.622724726390572, 9.97437324031921 ], [ 9.622704115376564, 9.974400617337835 ], [ 9.61495180210926, 9.980645940581212 ], [ 9.606710306509513, 9.981637214254761 ], [ 9.605120292429206, 9.985681941002952 ], [ 9.599241192434647, 9.985075726591049 ], [ 9.597453401219923, 9.986026695237172 ], [ 9.575795919504685, 9.986388624483084 ], [ 9.57532513818478, 9.989142919354492 ], [ 9.583326023620998, 10.005959158780342 ], [ 9.587549086490412, 10.008221758317688 ], [ 9.589759506992266, 10.009275039033355 ], [ 9.595321212771182, 10.01510313399325 ], [ 9.598529888951305, 10.018613985378749 ], [ 9.601524653986132, 10.022335443907309 ], [ 9.60280812385821, 10.024652558481648 ], [ 9.605556782725785, 10.028588538155986 ], [ 9.609578429458281, 10.028686386222432 ], [ 9.613065239827392, 10.030753326626836 ], [ 9.618604355591003, 10.032860069058245 ], [ 9.619428050150646, 10.034338826062992 ], [ 9.61578543767564, 10.036729367687258 ], [ 9.612802870649148, 10.039506492574219 ], [ 9.606555671404465, 10.042766171789026 ], [ 9.60508985040849, 10.044663306078007 ], [ 9.605232457505394, 10.046699417461468 ], [ 9.605446368650746, 10.048595095749477 ], [ 9.604091594730221, 10.049858875608152 ], [ 9.599813359823372, 10.051333279609935 ], [ 9.599242929435775, 10.053790604279584 ], [ 9.597037610937377, 10.053900521354251 ], [ 9.593906942810236, 10.053753213254197 ], [ 9.591584596232337, 10.054119960503385 ], [ 9.579325366902765, 10.065421685182343 ], [ 9.579325366902765, 10.067668283708826 ], [ 9.579135223773562, 10.070850938871274 ], [ 9.57846972032138, 10.074033563033709 ], [ 9.576283066835629, 10.076467312687328 ], [ 9.57324076576856, 10.078152206832158 ], [ 9.56972310637849, 10.077777786577769 ], [ 9.567916740151134, 10.080211508231343 ], [ 9.566585734246758, 10.082645211884937 ], [ 9.565730086665383, 10.085640513920112 ], [ 9.565444871471584, 10.088074175573638 ], [ 9.563068073856698, 10.090788624417996 ], [ 9.556647791494413, 10.093893367527528 ], [ 9.554730003191366, 10.094767102121182 ], [ 9.554264876875322, 10.097904249252736 ], [ 9.550083738034459, 10.097880649236686 ], [ 9.548617147037987, 10.098931830950903 ], [ 9.548031282639897, 10.099835829565166 ], [ 9.545063189623193, 10.098850354895546 ], [ 9.538919814449059, 10.100429409968456 ], [ 9.537398663415502, 10.102488569367551 ], [ 9.538232060981784, 10.105045539104879 ], [ 9.540345892418031, 10.10829158431045 ], [ 9.538729670319867, 10.110140101566401 ], [ 9.53637664072113, 10.111052659186441 ], [ 9.527282198541855, 10.110686214937459 ], [ 9.525110621066403, 10.111754622663398 ], [ 9.52068977906265, 10.113228742665001 ], [ 9.518265445415409, 10.113158546617285 ], [ 9.523907527248923, 10.151263819508074 ], [ 9.533348468663633, 10.150772661174358 ], [ 9.537030504165386, 10.152920871633967 ], [ 9.549753674810177, 10.160913735064696 ], [ 9.572189899054536, 10.158223181236622 ], [ 9.581543368409768, 10.17499506263232 ], [ 9.583262913578153, 10.176036097339647 ], [ 9.595790397089957, 10.183620388492841 ], [ 9.595956685202964, 10.184898962361558 ], [ 9.601360614874693, 10.188827606030884 ], [ 9.601890808234884, 10.191859938091227 ], [ 9.601631559058774, 10.19348151019301 ], [ 9.601896329238684, 10.196102266973696 ], [ 9.602038937335578, 10.199400610214752 ], [ 9.601825025190237, 10.202769094503481 ], [ 9.600398947221265, 10.205786664553784 ], [ 9.598112358667606, 10.210142554513368 ], [ 9.597453681220088, 10.213061521496684 ], [ 9.598814888144943, 10.214716996621519 ], [ 9.600826769511968, 10.216172502610448 ], [ 9.603607624401434, 10.2146286835615 ], [ 9.616086580880278, 10.201119722382771 ], [ 9.615715555628185, 10.199206913083117 ], [ 9.624534628620324, 10.186916877732642 ], [ 9.630990528006805, 10.184078013803742 ], [ 9.63313828246612, 10.180663772483967 ], [ 9.632864938280363, 10.177047831027096 ], [ 9.617122484584115, 10.162566640187777 ] ] ] ] } },
{ "type": "Feature", "properties": { "fid": 531.0, "OBJECTID": 531.0, "lganame": "Ganjuwa", "statecode": "BA", "LGA_UID": "05_08" }, "geometry": { "type": "MultiPolygon", "coordinates": [ [ [ [ 10.323504559537525, 11.125964460771343 ], [ 10.325844325127321, 11.124834180003347 ], [ 10.326255804406856, 11.12492838806736 ], [ 10.324888668477968, 11.111827623165993 ], [ 10.355623730361003, 11.088434028271138 ], [ 10.358471102295653, 11.075917140766535 ], [ 10.359224070807272, 11.053452375502786 ], [ 10.322329139738883, 11.040643058799446 ], [ 10.323533322557068, 11.019012916102781 ], [ 10.324286292068678, 10.989004434713422 ], [ 10.324286292068678, 10.959732138824279 ], [ 10.33036171319668, 10.941436641393352 ], [ 10.342959702756389, 10.916482929438473 ], [ 10.341571616813269, 10.905580007030437 ], [ 10.349970363519787, 10.897186272327303 ], [ 10.350541434907825, 10.885860037631687 ], [ 10.371023834824655, 10.8808917232559 ], [ 10.375279022715858, 10.882712670493163 ], [ 10.422227296615006, 10.910554866410621 ], [ 10.43583306585947, 10.90996331100871 ], [ 10.435010531300634, 10.918345474703983 ], [ 10.446911033386414, 10.918807630018023 ], [ 10.457618605661708, 10.909587218753188 ], [ 10.461187798086826, 10.896202750659029 ], [ 10.476654294595562, 10.89798734587157 ], [ 10.472192805564191, 10.878654225735659 ], [ 10.46540060894921, 10.884012292376212 ], [ 10.462679742100534, 10.871904534149564 ], [ 10.477546593201851, 10.871813275087561 ], [ 10.481710649031129, 10.84950582793067 ], [ 10.512118143691623, 10.851222381096989 ], [ 10.513006714295329, 10.848663273358227 ], [ 10.516359507573441, 10.840423920759974 ], [ 10.489358628227592, 10.807221477200471 ], [ 10.505188969983578, 10.789369289070748 ], [ 10.501936066773339, 10.774850239205705 ], [ 10.513954409939288, 10.761076409847021 ], [ 10.535862156824521, 10.754778291567789 ], [ 10.535862438824722, 10.754778210567736 ], [ 10.53259570660515, 10.748639425396675 ], [ 10.525191427574271, 10.734725434942789 ], [ 10.522981006072428, 10.733674592228795 ], [ 10.521412320006561, 10.732553688467192 ], [ 10.521127103812773, 10.729611296467965 ], [ 10.520271457231388, 10.726949106659163 ], [ 10.518560163068685, 10.725477887659508 ], [ 10.516492348663689, 10.725267712516711 ], [ 10.514281928161779, 10.725547945707149 ], [ 10.512214113756841, 10.723446192279084 ], [ 10.51195411758016, 10.721306139825003 ], [ 10.510930643884763, 10.719873175851376 ], [ 10.508934133528214, 10.719242639422987 ], [ 10.506490984868208, 10.717771382423336 ], [ 10.506937624171712, 10.716510298566448 ], [ 10.505368938105846, 10.714478543185976 ], [ 10.502628689243977, 10.713246638348949 ], [ 10.499664625230025, 10.712026404519861 ], [ 10.500103341528131, 10.706824303985286 ], [ 10.499954792427161, 10.697628452737149 ], [ 10.496835246307569, 10.690913846174908 ], [ 10.494281107572192, 10.688327977417885 ], [ 10.491202434480385, 10.68835875343882 ], [ 10.490311134874787, 10.6873661377644 ], [ 10.491024174359268, 10.686139961931246 ], [ 10.491499533682259, 10.684738611979128 ], [ 10.490727075157395, 10.68333725502697 ], [ 10.491499533682259, 10.682052673154146 ], [ 10.49060823507665, 10.680009006765545 ], [ 10.489479256309551, 10.679600273487836 ], [ 10.488350276542462, 10.677906937337298 ], [ 10.487756078138716, 10.676096810107424 ], [ 10.487696658098344, 10.674228279837848 ], [ 10.48852853666358, 10.673060443044335 ], [ 10.489609213397841, 10.672816837878827 ], [ 10.491202434480385, 10.672009386330217 ], [ 10.491380693601457, 10.670374401219306 ], [ 10.492331413247427, 10.669089763346449 ], [ 10.492212573166682, 10.667688335394246 ], [ 10.491974893005192, 10.665819753124651 ], [ 10.491115125421061, 10.663968754866971 ], [ 10.489919942608992, 10.664070614936179 ], [ 10.489063317026933, 10.663892765815319 ], [ 10.488112598380951, 10.662374524783729 ], [ 10.487458977936853, 10.660856276752156 ], [ 10.489110655059108, 10.657484571461282 ], [ 10.488813554857245, 10.651061058096786 ], [ 10.486733857444165, 10.645367377228183 ], [ 10.481980263214325, 10.639965580557941 ], [ 10.476335369378887, 10.63470968698681 ], [ 10.47455277116768, 10.631497707804385 ], [ 10.471287259948951, 10.625079245443374 ], [ 10.469502076735978, 10.618357439876206 ], [ 10.469056428433191, 10.613539199602428 ], [ 10.466976730020122, 10.60696875113814 ], [ 10.456801025106245, 10.606664055931105 ], [ 10.453853708103679, 10.607836959728047 ], [ 10.439579013404682, 10.610582076593232 ], [ 10.430045096926847, 10.614579443309253 ], [ 10.427338589087867, 10.614980900581998 ], [ 10.426543162547432, 10.615140234690273 ], [ 10.402582428267237, 10.602989723434575 ], [ 10.394721545926132, 10.60533872903062 ], [ 10.382439514581051, 10.600312905615795 ], [ 10.376060477246824, 10.602720957251961 ], [ 10.346135766914358, 10.591368358538432 ], [ 10.344214274608817, 10.585801404755898 ], [ 10.343344749018001, 10.573509263403992 ], [ 10.340949523390577, 10.566407976579001 ], [ 10.336720693517293, 10.556054661544408 ], [ 10.328016059602874, 10.556900846119333 ], [ 10.315477007083189, 10.549075401802327 ], [ 10.310245418528552, 10.545487321364419 ], [ 10.30478963282161, 10.536529046277678 ], [ 10.306371335896301, 10.532412210480459 ], [ 10.302254497099113, 10.5219652793823 ], [ 10.303013236614674, 10.515740617152915 ], [ 10.305129324052416, 10.513517993642722 ], [ 10.314209002221673, 10.507475664537253 ], [ 10.319708815958506, 10.505579876249158 ], [ 10.325496613891062, 10.499335074006126 ], [ 10.32276616503583, 10.490739146165595 ], [ 10.293792414349525, 10.484279132776294 ], [ 10.293503166153016, 10.467452035343058 ], [ 10.271753674375248, 10.462699640114067 ], [ 10.269255151677612, 10.452445249146706 ], [ 10.257420407636459, 10.443645912167938 ], [ 10.250588149994257, 10.438566008716407 ], [ 10.246902396489986, 10.440187104817824 ], [ 10.242103171229132, 10.441853145949835 ], [ 10.240399368071451, 10.444765360928557 ], [ 10.215589430214266, 10.460919459904517 ], [ 10.205509581365504, 10.457882127840776 ], [ 10.200740483125116, 10.461130790048117 ], [ 10.198680101725188, 10.460007752285037 ], [ 10.197467934901567, 10.459587037999199 ], [ 10.194335315773117, 10.45860537033218 ], [ 10.191727970001523, 10.458136739013753 ], [ 10.190579976221557, 10.457863272827979 ], [ 10.190323282047132, 10.45774406974698 ], [ 10.189610242562651, 10.457982475908977 ], [ 10.18900416015083, 10.45810869099472 ], [ 10.188376684724517, 10.458347097156718 ], [ 10.188062947511355, 10.458669646375881 ], [ 10.187706429269099, 10.459174503718884 ], [ 10.187520926143065, 10.459567893986161 ], [ 10.18633556333765, 10.459389238864787 ], [ 10.182340226623012, 10.458249007090046 ], [ 10.172999414276376, 10.455374099136691 ], [ 10.16877909240884, 10.455833344448706 ], [ 10.157312551617906, 10.455374099136691 ], [ 10.151893453935884, 10.450325415706345 ], [ 10.141625689959369, 10.448922988753452 ], [ 10.137632671246308, 10.446819338324133 ], [ 10.133425740387906, 10.450325415706345 ], [ 10.127578818415202, 10.454182056326772 ], [ 10.122801456169213, 10.459931867233479 ], [ 10.120091907328231, 10.462105547710394 ], [ 10.118451917213918, 10.464279215187275 ], [ 10.11716844634185, 10.465891925283074 ], [ 10.114815416743056, 10.466803452902411 ], [ 10.112372296083095, 10.466564240739899 ], [ 10.107706247912745, 10.472307535642187 ], [ 10.104982986062396, 10.475659542919686 ], [ 10.089402482476203, 10.471197731888083 ], [ 10.085136272577472, 10.464591755399681 ], [ 10.084990061478152, 10.46292963027031 ], [ 10.083155963231945, 10.442079761103798 ], [ 10.068376017189678, 10.428100097605295 ], [ 10.064798313758786, 10.42865642598332 ], [ 10.058019259152729, 10.426554806555316 ], [ 10.041130113677355, 10.429998615895272 ], [ 10.0255291840773, 10.430296706097806 ], [ 10.015101561992196, 10.427514918207692 ], [ 10.013662654014524, 10.425147287598975 ], [ 10.010795011066079, 10.415125305789559 ], [ 10.00801415817665, 10.412179869788247 ], [ 10.005518521480951, 10.410987661978197 ], [ 10.003308098979119, 10.410496750644654 ], [ 10.006801991353029, 10.403203130688951 ], [ 10.009511540194069, 10.397031474495634 ], [ 10.017141060377924, 10.380199060058771 ], [ 10.010835808093816, 10.376904700820432 ], [ 10.002880275688426, 10.377253295057301 ], [ 9.987109884973165, 10.379078163297208 ], [ 9.97892215940999, 10.378866455153343 ], [ 9.968725699481979, 10.377323432104959 ], [ 9.957174463633464, 10.374026947865104 ], [ 9.951256238612302, 10.37248390081669 ], [ 9.941915426265666, 10.370800568672962 ], [ 9.928296377012146, 10.369818620005788 ], [ 9.916698855132211, 10.368700600246143 ], [ 9.915602508387281, 10.376788826741688 ], [ 9.913534694982275, 10.386467681318038 ], [ 9.900343470019493, 10.38913282012885 ], [ 9.892214822496442, 10.386818358556297 ], [ 9.883087921295157, 10.385345509555577 ], [ 9.869704086201466, 10.381422927890355 ], [ 9.862413767248029, 10.383269522145042 ], [ 9.850775644340445, 10.388441545659191 ], [ 9.855343334444001, 10.417977469727418 ], [ 9.855334691438145, 10.419531259783184 ], [ 9.857399235840887, 10.424669437274304 ], [ 9.857417830853535, 10.424685433285163 ], [ 9.854036129555823, 10.439470767331102 ], [ 9.848280979645438, 10.452192998975306 ], [ 9.84340584833302, 10.452177398964693 ], [ 9.839624430763706, 10.450096826551032 ], [ 9.818790831608283, 10.455191515012643 ], [ 9.814929387984591, 10.458599319328073 ], [ 9.811114229392388, 10.463107275391053 ], [ 9.816981457378915, 10.486843384518579 ], [ 9.812313534207249, 10.490288483859388 ], [ 9.806144066015406, 10.497987278090363 ], [ 9.800948588485312, 10.516322600548335 ], [ 9.80393427351396, 10.523928545716217 ], [ 9.802848182776017, 10.529274393348487 ], [ 9.804605042969683, 10.537302661803324 ], [ 9.805911975857725, 10.543274908861179 ], [ 9.804579931952617, 10.545432169326943 ], [ 9.791065746770414, 10.552129164877215 ], [ 9.786533308690821, 10.55437522940332 ], [ 9.778921186518744, 10.546634265143666 ], [ 9.772084715873689, 10.553092474531752 ], [ 9.771102187206111, 10.553664125920136 ], [ 9.769778364306603, 10.556522886862524 ], [ 9.76634538797407, 10.560010178232005 ], [ 9.766404401014142, 10.560748437733594 ], [ 9.765554568436755, 10.566138984396218 ], [ 9.759000140983346, 10.567967813638859 ], [ 9.758519486656724, 10.573595171462387 ], [ 9.758300289507815, 10.57616147520605 ], [ 9.751306210755672, 10.576856086677992 ], [ 9.750515535218426, 10.576665179548286 ], [ 9.742049453466109, 10.574621060159416 ], [ 9.734767512518374, 10.58596341586599 ], [ 9.733995675993981, 10.586538003256408 ], [ 9.733368848568034, 10.586669221345574 ], [ 9.729869439190395, 10.596620762107193 ], [ 9.728567129305532, 10.6003242386235 ], [ 9.722486678174164, 10.607997083836835 ], [ 9.716757201281212, 10.607166556272546 ], [ 9.714784854941115, 10.607814213712572 ], [ 9.704983416281493, 10.607749417668572 ], [ 9.684547273396106, 10.600178989524807 ], [ 9.673994785226171, 10.600862887989479 ], [ 9.661241278560738, 10.611528093236018 ], [ 9.661176001516424, 10.612186527683377 ], [ 9.647206869025069, 10.626574596459363 ], [ 9.638721229259431, 10.636917229486698 ], [ 9.622743790403547, 10.647767764859168 ], [ 9.605071571396081, 10.661574982240495 ], [ 9.602928442939913, 10.683882771397577 ], [ 9.597816785466819, 10.687451664822504 ], [ 9.595133835643878, 10.689035137898372 ], [ 9.572796623466786, 10.697085159367987 ], [ 9.57224681709323, 10.696784690163838 ], [ 9.571330472470606, 10.696283908823602 ], [ 9.563676162269871, 10.692100838981389 ], [ 9.446910559933087, 10.758922057383245 ], [ 9.445519692988114, 10.758942907397454 ], [ 9.417666802063366, 10.787432947755065 ], [ 9.417511423957762, 10.789195086952361 ], [ 9.418153160393786, 10.790245736666236 ], [ 9.419579238362758, 10.792627196284343 ], [ 9.42100531633173, 10.793747876045757 ], [ 9.421718354816221, 10.795148720997588 ], [ 9.421219228477071, 10.796619600996962 ], [ 9.421575748719306, 10.79746009956807 ], [ 9.423714865172713, 10.798580762329493 ], [ 9.42670963120753, 10.80075203380477 ], [ 9.428848747660936, 10.802222885804156 ], [ 9.431344384356635, 10.802643128089699 ], [ 9.433412197761641, 10.803483610660749 ], [ 9.434624364585204, 10.80446417132697 ], [ 9.436229071675541, 10.804982702679297 ], [ 9.437191306329339, 10.805444726993244 ], [ 9.436739521022389, 10.80684074494178 ], [ 9.437048699232435, 10.807966144706427 ], [ 9.438617384298311, 10.807826065611266 ], [ 9.439972159218826, 10.80761594946847 ], [ 9.440970412897059, 10.808036183753984 ], [ 9.442539099962914, 10.809647077848524 ], [ 9.444820824513215, 10.81062761751474 ], [ 9.445605168046143, 10.811818269323737 ], [ 9.447387767257339, 10.81216845956169 ], [ 9.449312971565462, 10.811888307371362 ], [ 9.451238177873506, 10.811818269323737 ], [ 9.451808610261082, 10.81062761751474 ], [ 9.453662511520747, 10.810697655562365 ], [ 9.456158148216389, 10.812098420514133 ], [ 9.45727178897306, 10.814398822077123 ], [ 9.460133072917188, 10.816025930182661 ], [ 9.465855638805408, 10.818096782589691 ], [ 9.469620486363453, 10.819871787795762 ], [ 9.474588815739196, 10.819607495616197 ], [ 9.475659226466462, 10.819550554577461 ], [ 9.477769820900505, 10.819438495501345 ], [ 9.481705797574818, 10.821455537871827 ], [ 9.48472908262903, 10.822744195747418 ], [ 9.487067852218104, 10.824537101965632 ], [ 9.487980542838216, 10.825545607650838 ], [ 9.489748879039723, 10.826217943107679 ], [ 9.492543991938874, 10.825713691765031 ], [ 9.495225019760539, 10.824312989813336 ], [ 9.497449702272093, 10.822744195747418 ], [ 9.499503254667388, 10.821455537871827 ], [ 9.503667404496696, 10.821175393681472 ], [ 9.504694180194349, 10.822464052557052 ], [ 9.505772642927127, 10.824315749815185 ], [ 9.507261120938495, 10.825937802917338 ], [ 9.509942147760114, 10.826217943107679 ], [ 9.513136563930573, 10.827450552945152 ], [ 9.514733772015802, 10.829075349049106 ], [ 9.514890478122254, 10.830443821978918 ], [ 9.519297223116439, 10.832324916257051 ], [ 9.5232902418295, 10.835350342312722 ], [ 9.525800139534851, 10.836414837035989 ], [ 9.528081865085198, 10.839160095901264 ], [ 9.530477676713019, 10.840448677776749 ], [ 9.533299746630519, 10.840758525987326 ], [ 9.536866509053937, 10.841289054347783 ], [ 9.541334888090034, 10.841513154500035 ], [ 9.543673654679083, 10.840448677776749 ], [ 9.547438502237128, 10.840336626700662 ], [ 9.549948400942469, 10.84140110442388 ], [ 9.553085773074201, 10.842969800489755 ], [ 9.555253412547017, 10.845154755974306 ], [ 9.557470910053667, 10.847919639852933 ], [ 9.559020294106404, 10.849801582131647 ], [ 9.560159154880239, 10.851184883071539 ], [ 9.563296494011865, 10.855743162168665 ], [ 9.566148650949799, 10.857255760196381 ], [ 9.569913497507855, 10.858208133843505 ], [ 9.57293678256201, 10.857423827310583 ], [ 9.57647345896504, 10.856359406587387 ], [ 9.580694649833106, 10.855463049978312 ], [ 9.583549486772824, 10.855649185104824 ], [ 9.587710954600368, 10.855799184206717 ], [ 9.595582907948994, 10.857423827310583 ], [ 9.596837856801642, 10.857647914462859 ], [ 9.598320978809397, 10.859272546566729 ], [ 9.600260446127152, 10.862241679584088 ], [ 9.601458351941062, 10.865322824677605 ], [ 9.602303293515149, 10.866337017366675 ], [ 9.602998514987519, 10.86717149593369 ], [ 9.607847182282001, 10.872045211245108 ], [ 9.608189440514536, 10.875742459757248 ], [ 9.607904225320738, 10.877030883632642 ], [ 9.606078846080493, 10.878991518964824 ], [ 9.604139378762682, 10.878823464850655 ], [ 9.601800610173598, 10.876974864594615 ], [ 9.596894899840436, 10.875966533909491 ], [ 9.595427120843112, 10.876821609490491 ], [ 9.593529354553709, 10.877927176241656 ], [ 9.591875104429732, 10.881568332715631 ], [ 9.590423940443713, 10.886531469087856 ], [ 9.590220854305699, 10.887226043559792 ], [ 9.591133543925878, 10.892379509061357 ], [ 9.593244139359911, 10.899437369856798 ], [ 9.595468821871464, 10.902126034683647 ], [ 9.596495597569117, 10.904646637396297 ], [ 9.597921675538089, 10.907503293337243 ], [ 9.598435064886871, 10.909799799897598 ], [ 9.598035762615609, 10.911536172077376 ], [ 9.599690013739576, 10.914896863360809 ], [ 9.601539177996017, 10.920623815251986 ], [ 9.603184457113912, 10.923029418886529 ], [ 9.605052068382861, 10.926434945200413 ], [ 9.605109111421598, 10.928171220380136 ], [ 9.606038007052746, 10.931013803311544 ], [ 9.606471784347491, 10.934948869985192 ], [ 9.607961268359475, 10.937188481506951 ], [ 9.610128906832301, 10.938364627306044 ], [ 9.612453437411716, 10.939125390822937 ], [ 9.613380366041497, 10.939428753029063 ], [ 9.61623252397942, 10.93987680533354 ], [ 9.617772688025923, 10.941108945170697 ], [ 9.619769197382425, 10.94234108000785 ], [ 9.622564312281611, 10.943909245073371 ], [ 9.624560819638134, 10.944525307491972 ], [ 9.624960122909442, 10.946149464595464 ], [ 9.624846036831912, 10.94771760866098 ], [ 9.625188295064447, 10.949845792106998 ], [ 9.625543502305788, 10.951841492462961 ], [ 9.627412977576, 10.952982032237912 ], [ 9.62890315958856, 10.954018558942153 ], [ 9.63362044179371, 10.956241574452633 ], [ 9.636996224087397, 10.958078352700625 ], [ 9.638194128901318, 10.960094456070465 ], [ 9.638707518250158, 10.963062582087161 ], [ 9.63842230205637, 10.966478690408223 ], [ 9.638390771034892, 10.968720720931572 ], [ 9.638366336018294, 10.970458216112149 ], [ 9.638367636019211, 10.97451945487154 ], [ 9.637119817171367, 10.979477740240497 ], [ 9.636347357646514, 10.984377610569709 ], [ 9.63623176556797, 10.987327928574302 ], [ 9.636109678485013, 10.99044400469154 ], [ 9.633376360627892, 10.994935388743215 ], [ 9.630167686447749, 10.998960078477808 ], [ 9.627434367590581, 11.007534232303556 ], [ 9.627292581494203, 11.008647658060056 ], [ 9.626899590227197, 11.011733727156923 ], [ 9.627018429307952, 11.018382803674626 ], [ 9.627969147953934, 11.024506820835654 ], [ 9.628206827115434, 11.028064525252944 ], [ 9.628682187438415, 11.032380370185365 ], [ 9.628266247155807, 11.038095851068761 ], [ 9.628325668196169, 11.043461303714309 ], [ 9.627493787630954, 11.04760196552769 ], [ 9.627623678719203, 11.049673545935264 ], [ 9.627731467792444, 11.051392662103297 ], [ 9.627883332895635, 11.052435999812189 ], [ 9.633887517975154, 11.053853891775589 ], [ 9.652301560486649, 11.055534347917387 ], [ 9.652757740796574, 11.056599226640913 ], [ 9.652947714925688, 11.056958870885296 ], [ 9.653454076269725, 11.056905926849311 ], [ 9.672807675419563, 11.051666478289349 ], [ 9.673481623877478, 11.048134111889283 ], [ 9.67365333199416, 11.045259528936128 ], [ 9.678952974595006, 11.036831073209385 ], [ 9.692373371713586, 11.040348809599493 ], [ 9.696100190245772, 11.040759383878481 ], [ 9.700131237984692, 11.040535434726337 ], [ 9.706786269506438, 11.039415684965491 ], [ 9.709144053108446, 11.038911795623164 ], [ 9.721750684674078, 11.036881195243438 ], [ 9.725458355193268, 11.034395062554211 ], [ 9.729648655040364, 11.041110105116786 ], [ 9.750709661350299, 11.04222263587269 ], [ 9.756011898952977, 11.044521959434974 ], [ 9.769121425860249, 11.047823160677979 ], [ 9.778170194008453, 11.041878608638967 ], [ 9.780106795324286, 11.038892953610343 ], [ 9.780379105509326, 11.022544474502297 ], [ 9.781546350302392, 11.020188065901266 ], [ 9.782084818668295, 11.016373940309734 ], [ 9.784249773139265, 11.012028859357429 ], [ 9.78598392431752, 11.008491967954285 ], [ 9.815670901488431, 11.013532488379099 ], [ 9.824322489366807, 11.014686584163258 ], [ 9.825707814308032, 11.017792555273616 ], [ 9.827260497363, 11.02452791784998 ], [ 9.832010825590658, 11.029883830489041 ], [ 9.850367521063163, 11.024323237710917 ], [ 9.857819742126594, 11.023190369941176 ], [ 9.858084555306505, 11.021654610897713 ], [ 9.859332086154154, 11.014419555981817 ], [ 9.860916541230722, 11.010887312581815 ], [ 9.862929344598342, 11.006400107532954 ], [ 9.868856429625509, 10.999569892892168 ], [ 9.869985366392541, 10.999085409562952 ], [ 9.874032022142103, 10.997348785382997 ], [ 9.881496113213586, 10.989273190896029 ], [ 9.890393257258779, 10.991020203083053 ], [ 9.929153422594482, 10.991567538454944 ], [ 9.967114566387295, 10.970838644370644 ], [ 9.985526600897401, 10.958215804794008 ], [ 10.006312746020626, 10.955663158059622 ], [ 10.010325577747153, 10.970077216853269 ], [ 10.025363771964862, 10.972932569793329 ], [ 10.046211933130223, 10.965907424020088 ], [ 10.060280910689414, 10.970013716810115 ], [ 10.088014978533465, 10.990040894417632 ], [ 10.101263758535367, 10.991227353223792 ], [ 10.111614740568371, 10.992154305853603 ], [ 10.1119285627816, 10.992182408872736 ], [ 10.111255283324112, 10.963283497237285 ], [ 10.111239119313154, 10.962589712765862 ], [ 10.11400032118928, 10.959930419958994 ], [ 10.11754989660102, 10.956520080641837 ], [ 10.119919778211226, 10.954239845092502 ], [ 10.124629975411608, 10.951999663570405 ], [ 10.126979829008235, 10.950869559802584 ], [ 10.134039878805197, 10.947500228513263 ], [ 10.143420220178712, 10.946470260813442 ], [ 10.145759582768164, 10.946499824833552 ], [ 10.148119926371919, 10.945369720065685 ], [ 10.15109062239037, 10.947248459342234 ], [ 10.15400013936727, 10.946257215668709 ], [ 10.154158592474914, 10.946203231632012 ], [ 10.156319617943211, 10.944319725352273 ], [ 10.156700952202357, 10.944324070355208 ], [ 10.163350105720099, 10.944399834406681 ], [ 10.165699959316726, 10.943280219645999 ], [ 10.16804027590689, 10.943309783666052 ], [ 10.168165291991784, 10.943280533646202 ], [ 10.172739983100087, 10.94221019691895 ], [ 10.175080298690204, 10.94223976093906 ], [ 10.178580285068335, 10.943440436754827 ], [ 10.182089806452836, 10.9434795377814 ], [ 10.18675994962598, 10.944689750603686 ], [ 10.189080238202507, 10.947019577186666 ], [ 10.191111223582482, 10.948048786885977 ], [ 10.191410065785533, 10.948200225988899 ], [ 10.208166135170529, 10.946590949895437 ], [ 10.220297378413136, 10.946765754014223 ], [ 10.22182023244784, 10.952857174153053 ], [ 10.221422760177745, 10.95335750349301 ], [ 10.221513327239279, 10.953717470737615 ], [ 10.206460876011874, 10.97272376165148 ], [ 10.20427298252531, 10.975486347528545 ], [ 10.195342558457469, 10.981848675851438 ], [ 10.184506634094987, 10.98597300765374 ], [ 10.17722911915024, 10.987307309560322 ], [ 10.170420572524165, 10.98855562640847 ], [ 10.169103648629402, 10.988797078572532 ], [ 10.161318429339701, 10.997771487670207 ], [ 10.155629408474283, 11.0056145359992 ], [ 10.153594870091865, 11.013602926426927 ], [ 10.153601191096186, 11.013614207434614 ], [ 10.157778032934175, 11.021068499499449 ], [ 10.161771051647236, 11.029653673332689 ], [ 10.158783713617481, 11.032718877415334 ], [ 10.161062202165567, 11.037306882532675 ], [ 10.161754711636149, 11.040009004368642 ], [ 10.163953248129928, 11.042925004349911 ], [ 10.166567724906315, 11.047940455757669 ], [ 10.167815544754149, 11.053014140204994 ], [ 10.168825682440513, 11.058146052691939 ], [ 10.169835821126867, 11.059720599761761 ], [ 10.171618419338074, 11.061470085950418 ], [ 10.174827095518197, 11.06281135086175 ], [ 10.176134334406413, 11.064385871931563 ], [ 10.177203894133129, 11.066951739674948 ], [ 10.178808232223162, 11.070159043854176 ], [ 10.180650249474752, 11.071908468042807 ], [ 10.183027047089695, 11.074066075508824 ], [ 10.184857733333558, 11.076476879146867 ], [ 10.187456683099413, 11.079831359426066 ], [ 10.189215513294471, 11.081697348693922 ], [ 10.193398677136713, 11.084776205785829 ], [ 10.196583585300687, 11.086408919895177 ], [ 10.20067167707839, 11.087015355307244 ], [ 10.201155021406805, 11.087361481542416 ], [ 10.204189337468449, 11.089534376018776 ], [ 10.206993958374085, 11.090467340652708 ], [ 10.209846113311983, 11.092286614888792 ], [ 10.213839133025033, 11.093126277459305 ], [ 10.218497657190312, 11.09466564850527 ], [ 10.222870963161768, 11.095038828758845 ], [ 10.226293551487231, 11.094339116283379 ], [ 10.227957308617647, 11.093172924491 ], [ 10.230048890038802, 11.09149360035002 ], [ 10.231379897943157, 11.089534376018776 ], [ 10.232200820500964, 11.089321764874342 ], [ 10.233499483383298, 11.088985423645795 ], [ 10.235230307559334, 11.088228219131338 ], [ 10.237131745851286, 11.08617567573674 ], [ 10.237752534273056, 11.085634160368784 ], [ 10.240126510886057, 11.08356332696178 ], [ 10.243454027146981, 11.08141745050375 ], [ 10.245830823761878, 11.07992465948945 ], [ 10.248065015279906, 11.079318210077417 ], [ 10.250679491056303, 11.081743998725585 ], [ 10.253864400220323, 11.08230379310595 ], [ 10.258047563062576, 11.083096833644788 ], [ 10.263751876938386, 11.086548866990313 ], [ 10.266651567908582, 11.087015355307244 ], [ 10.269551261878803, 11.08799497697288 ], [ 10.270501980524784, 11.089627673082191 ], [ 10.271452700170755, 11.092846390269131 ], [ 10.271737916364543, 11.094012583061556 ], [ 10.271205362002718, 11.095442856033344 ], [ 10.270834731750881, 11.096438249709649 ], [ 10.270501980524784, 11.098164192882336 ], [ 10.274433279195932, 11.101524935165799 ], [ 10.275683399045306, 11.105207799668165 ], [ 10.277347157175768, 11.107120272967563 ], [ 10.27910598637078, 11.10730685509435 ], [ 10.280912351598147, 11.106280652397118 ], [ 10.28134987089544, 11.105805327074165 ], [ 10.282243358502512, 11.104834633414612 ], [ 10.285238122537294, 11.104134942939197 ], [ 10.285689714844125, 11.106835734774279 ], [ 10.286616665473957, 11.107885259487375 ], [ 10.286938346692523, 11.109790572781947 ], [ 10.288042744442919, 11.110665312376284 ], [ 10.288541457781776, 11.113601497371292 ], [ 10.289041000121188, 11.116542519369546 ], [ 10.28956389447643, 11.118641492795746 ], [ 10.290134324864027, 11.120740452221867 ], [ 10.291655476897574, 11.122326322299386 ], [ 10.294317488706326, 11.122652822521218 ], [ 10.297169644644214, 11.12171996088739 ], [ 10.299879194485243, 11.120180730841582 ], [ 10.300037454592768, 11.120169010833592 ], [ 10.302398600197023, 11.119994156714768 ], [ 10.305968612622678, 11.12161416281549 ], [ 10.306825742205092, 11.122003112079767 ], [ 10.307095681388489, 11.122268365260027 ], [ 10.308863487589633, 11.124005469440306 ], [ 10.310812461913883, 11.127270448658692 ], [ 10.311858252624404, 11.12908949289465 ], [ 10.313522010754866, 11.13053539287705 ], [ 10.316706919918886, 11.130442108813668 ], [ 10.320224580308945, 11.128156652260827 ], [ 10.323504559537525, 11.125964460771343 ] ] ] ] } },
{ "type": "Feature", "properties": { "fid": 533.0, "OBJECTID": 533.0, "lganame": "Bauchi", "statecode": "BA", "LGA_UID": "05_02" }, "geometry": { "type": "MultiPolygon", "coordinates": [ [ [ [ 9.673994785226171, 10.600862887989479 ], [ 9.684547273396106, 10.600178989524807 ], [ 9.704983416281493, 10.607749417668572 ], [ 9.714784854941115, 10.607814213712572 ], [ 9.716757201281212, 10.607166556272546 ], [ 9.722486678174164, 10.607997083836835 ], [ 9.728567129305532, 10.6003242386235 ], [ 9.729869439190395, 10.596620762107193 ], [ 9.733368848568034, 10.586669221345574 ], [ 9.733995675993981, 10.586538003256408 ], [ 9.734767512518374, 10.58596341586599 ], [ 9.742049453466109, 10.574621060159416 ], [ 9.750515535218426, 10.576665179548286 ], [ 9.751306210755672, 10.576856086677992 ], [ 9.758300289507815, 10.57616147520605 ], [ 9.758519486656724, 10.573595171462387 ], [ 9.759000140983346, 10.567967813638859 ], [ 9.765554568436755, 10.566138984396218 ], [ 9.766404401014142, 10.560748437733594 ], [ 9.76634538797407, 10.560010178232005 ], [ 9.769778364306603, 10.556522886862524 ], [ 9.771102187206111, 10.553664125920136 ], [ 9.772084715873689, 10.553092474531752 ], [ 9.778921186518744, 10.546634265143666 ], [ 9.786533308690821, 10.55437522940332 ], [ 9.791065746770414, 10.552129164877215 ], [ 9.804579931952617, 10.545432169326943 ], [ 9.805911975857725, 10.543274908861179 ], [ 9.804605042969683, 10.537302661803324 ], [ 9.802848182776017, 10.529274393348487 ], [ 9.80393427351396, 10.523928545716217 ], [ 9.800948588485312, 10.516322600548335 ], [ 9.806144066015406, 10.497987278090363 ], [ 9.812313534207249, 10.490288483859388 ], [ 9.816981457378915, 10.486843384518579 ], [ 9.811114229392388, 10.463107275391053 ], [ 9.814929387984591, 10.458599319328073 ], [ 9.818790831608283, 10.455191515012643 ], [ 9.839624430763706, 10.450096826551032 ], [ 9.84340584833302, 10.452177398964693 ], [ 9.848280979645438, 10.452192998975306 ], [ 9.854036129555823, 10.439470767331102 ], [ 9.857417830853535, 10.424685433285163 ], [ 9.857399235840887, 10.424669437274304 ], [ 9.855334691438145, 10.419531259783184 ], [ 9.855343334444001, 10.417977469727418 ], [ 9.850775644340445, 10.388441545659191 ], [ 9.862413767248029, 10.383269522145042 ], [ 9.869704086201466, 10.381422927890355 ], [ 9.883087921295157, 10.385345509555577 ], [ 9.892214822496442, 10.386818358556297 ], [ 9.900343470019493, 10.38913282012885 ], [ 9.913534694982275, 10.386467681318038 ], [ 9.915602508387281, 10.376788826741688 ], [ 9.916698855132211, 10.368700600246143 ], [ 9.928296377012146, 10.369818620005788 ], [ 9.941915426265666, 10.370800568672962 ], [ 9.951256238612302, 10.37248390081669 ], [ 9.957174463633464, 10.374026947865104 ], [ 9.968725699481979, 10.377323432104959 ], [ 9.97892215940999, 10.378866455153343 ], [ 9.987109884973165, 10.379078163297208 ], [ 10.002880275688426, 10.377253295057301 ], [ 10.010835808093816, 10.376904700820432 ], [ 10.017141060377924, 10.380199060058771 ], [ 10.009511540194069, 10.397031474495634 ], [ 10.006801991353029, 10.403203130688951 ], [ 10.003308098979119, 10.410496750644654 ], [ 10.005518521480951, 10.410987661978197 ], [ 10.00801415817665, 10.412179869788247 ], [ 10.010795011066079, 10.415125305789559 ], [ 10.013662654014524, 10.425147287598975 ], [ 10.015101561992196, 10.427514918207692 ], [ 10.0255291840773, 10.430296706097806 ], [ 10.041130113677355, 10.429998615895272 ], [ 10.058019259152729, 10.426554806555316 ], [ 10.064798313758786, 10.42865642598332 ], [ 10.068376017189678, 10.428100097605295 ], [ 10.083155963231945, 10.442079761103798 ], [ 10.084990061478152, 10.46292963027031 ], [ 10.085136272577472, 10.464591755399681 ], [ 10.089402482476203, 10.471197731888083 ], [ 10.104982986062396, 10.475659542919686 ], [ 10.107706247912745, 10.472307535642187 ], [ 10.112372296083095, 10.466564240739899 ], [ 10.114815416743056, 10.466803452902411 ], [ 10.11716844634185, 10.465891925283074 ], [ 10.118451917213918, 10.464279215187275 ], [ 10.120091907328231, 10.462105547710394 ], [ 10.122801456169213, 10.459931867233479 ], [ 10.127578818415202, 10.454182056326772 ], [ 10.133425740387906, 10.450325415706345 ], [ 10.137632671246308, 10.446819338324133 ], [ 10.141625689959369, 10.448922988753452 ], [ 10.151893453935884, 10.450325415706345 ], [ 10.157312551617906, 10.455374099136691 ], [ 10.16877909240884, 10.455833344448706 ], [ 10.172999414276376, 10.455374099136691 ], [ 10.182340226623012, 10.458249007090046 ], [ 10.18633556333765, 10.459389238864787 ], [ 10.187520926143065, 10.459567893986161 ], [ 10.187706429269099, 10.459174503718884 ], [ 10.188062947511355, 10.458669646375881 ], [ 10.188376684724517, 10.458347097156718 ], [ 10.18900416015083, 10.45810869099472 ], [ 10.189610242562651, 10.457982475908977 ], [ 10.190323282047132, 10.45774406974698 ], [ 10.190579976221557, 10.457863272827979 ], [ 10.191727970001523, 10.458136739013753 ], [ 10.194335315773117, 10.45860537033218 ], [ 10.197467934901567, 10.459587037999199 ], [ 10.198680101725188, 10.460007752285037 ], [ 10.200740483125116, 10.461130790048117 ], [ 10.205509581365504, 10.457882127840776 ], [ 10.215589430214266, 10.460919459904517 ], [ 10.240399368071451, 10.444765360928557 ], [ 10.242103171229132, 10.441853145949835 ], [ 10.241955180128571, 10.441733269868394 ], [ 10.237814676315281, 10.432373878509111 ], [ 10.227158589074975, 10.428654245981818 ], [ 10.22600625529202, 10.421640082216015 ], [ 10.228259950823315, 10.418629033170134 ], [ 10.226191962418227, 10.411138264080535 ], [ 10.226691264757449, 10.39765996292266 ], [ 10.228687774114007, 10.382861543867818 ], [ 10.23310861711775, 10.379845666818653 ], [ 10.236745116588565, 10.376549208578865 ], [ 10.23034610224073, 10.369912468069515 ], [ 10.22022739136554, 10.364755597565704 ], [ 10.213471777775453, 10.358579346369197 ], [ 10.214673672592085, 10.352240296062121 ], [ 10.214418039418376, 10.345614600560282 ], [ 10.215567853199616, 10.334954756317416 ], [ 10.21079551895707, 10.325390252818806 ], [ 10.211360922341214, 10.3235205755484 ], [ 10.211432226389661, 10.320574277546541 ], [ 10.210933099050521, 10.319030968497941 ], [ 10.211004403098968, 10.316645837877388 ], [ 10.212216568922599, 10.314892053685753 ], [ 10.213161861564856, 10.313557833779214 ], [ 10.214640901569794, 10.3146114484951 ], [ 10.215496549151169, 10.315032356781103 ], [ 10.217279147362376, 10.314050235113768 ], [ 10.217706970653069, 10.312366588969837 ], [ 10.218718299340196, 10.311482669369241 ], [ 10.2215901332915, 10.31313084548907 ], [ 10.234424838012046, 10.314253274251712 ], [ 10.245643319634496, 10.312101947789984 ], [ 10.255055438029558, 10.306302648849623 ], [ 10.261140039163763, 10.307705714802978 ], [ 10.265323202006016, 10.308266940184296 ], [ 10.270345881418734, 10.30375645511964 ], [ 10.270595075588005, 10.29305231084669 ], [ 10.277317953155887, 10.282810379887735 ], [ 10.278688688087243, 10.281463718972759 ], [ 10.279951645945403, 10.280108070051654 ], [ 10.278924870247749, 10.279771304822873 ], [ 10.277156533046252, 10.279827432860998 ], [ 10.275559324961023, 10.279939687937258 ], [ 10.27505279561683, 10.279752787810253 ], [ 10.274190290030788, 10.279434539594035 ], [ 10.272364909790554, 10.279546794670296 ], [ 10.271623349286699, 10.278311986831284 ], [ 10.270368400433995, 10.277470070259255 ], [ 10.268200760961236, 10.27713330203045 ], [ 10.266888769069794, 10.276010741267726 ], [ 10.265576777178353, 10.275561715962624 ], [ 10.264264784286922, 10.275673972038931 ], [ 10.262781663279213, 10.27578622911517 ], [ 10.261583757465246, 10.27415850700919 ], [ 10.260157679496331, 10.272979807208344 ], [ 10.258788643566106, 10.271295941064238 ], [ 10.257419607635939, 10.26916303261504 ], [ 10.256792134209604, 10.26674946097512 ], [ 10.25673509117081, 10.26427974029707 ], [ 10.256811330222604, 10.260188901517552 ], [ 10.255753654503962, 10.259662674159983 ], [ 10.254921775938783, 10.259335241937492 ], [ 10.25412554939777, 10.259183220834188 ], [ 10.25291338157416, 10.259054586746799 ], [ 10.253305869840858, 10.254128259399579 ], [ 10.248631479664823, 10.238635130872751 ], [ 10.246850032454404, 10.228254189819381 ], [ 10.241938108116983, 10.226978322952505 ], [ 10.234655944169106, 10.229837216894964 ], [ 10.219116810610956, 10.229729914822087 ], [ 10.214954180782684, 10.231787139219875 ], [ 10.203895559268858, 10.224174813047625 ], [ 10.204770238863148, 10.219955236180624 ], [ 10.202451135287447, 10.213258141630263 ], [ 10.209394229004943, 10.207298967581323 ], [ 10.207034093401319, 10.200138065715805 ], [ 10.201642639738111, 10.20018399774699 ], [ 10.194508369890684, 10.190845073401647 ], [ 10.18893211610191, 10.192555152563557 ], [ 10.183164071182773, 10.191574125897034 ], [ 10.180291264230846, 10.191332279732706 ], [ 10.179889076957579, 10.183942560711728 ], [ 10.17808985973511, 10.178652706117532 ], [ 10.177926733624247, 10.178326371895764 ], [ 10.177965684650701, 10.178152376777575 ], [ 10.178543267043153, 10.17215952170568 ], [ 10.185837897999534, 10.161120943205503 ], [ 10.189806594696051, 10.160196751577587 ], [ 10.19117480262571, 10.159704481243068 ], [ 10.189493309483169, 10.157818926961966 ], [ 10.178510331020789, 10.145496157589207 ], [ 10.176234868474694, 10.141297160736201 ], [ 10.170494023574065, 10.131472296060622 ], [ 10.162274397989222, 10.118538838272968 ], [ 10.158334011311922, 10.11294234647039 ], [ 10.153297001889484, 10.109948196436051 ], [ 10.149517895321765, 10.109386621054455 ], [ 10.144811836124234, 10.108193272243625 ], [ 10.139891865781351, 10.106017152765048 ], [ 10.134936478414375, 10.105312014285971 ], [ 10.106346641988921, 10.103285354908962 ], [ 10.094622808023132, 10.089897144812255 ], [ 10.094483596928569, 10.085932937118798 ], [ 10.093856625502553, 10.083135615218168 ], [ 10.096063165001794, 10.071734931471894 ], [ 10.096794747498905, 10.071031843994206 ], [ 10.098762168835663, 10.069062304655972 ], [ 10.09305130195537, 10.059232509977107 ], [ 10.088298589726151, 10.052983315731069 ], [ 10.08283195701182, 10.046839954556958 ], [ 10.080395739356504, 10.042802824813919 ], [ 10.08235659668884, 10.03812203263351 ], [ 10.078316041943481, 10.034377350089187 ], [ 10.076295763570783, 10.0314517861014 ], [ 10.076537154734808, 10.026693479868356 ], [ 10.078786756263298, 10.025218963866507 ], [ 10.081817172322303, 10.023112501435264 ], [ 10.081817172322303, 10.020537916685953 ], [ 10.086095409229188, 10.018197369095674 ], [ 10.087640326278859, 10.014803542789707 ], [ 10.090314224095664, 10.011819287762023 ], [ 10.083896869735383, 10.006318823024742 ], [ 10.079262115586289, 10.006201790945227 ], [ 10.076326784591856, 10.005370020380099 ], [ 10.073684997796875, 10.001941792050729 ], [ 10.069525602970771, 10.002058825130291 ], [ 10.061645795616812, 10.003824900330244 ], [ 10.056965220436609, 10.009746872353958 ], [ 10.055123203185019, 10.015100990991812 ], [ 10.052537251427964, 10.018678863422792 ], [ 10.050191347834073, 10.02305886439882 ], [ 10.043981964615057, 10.026715908883602 ], [ 10.03969597170294, 10.028391114021815 ], [ 10.033000841153921, 10.026666107849792 ], [ 10.026226968551384, 10.022382971939578 ], [ 10.023885823960711, 10.020311598532146 ], [ 10.023338656588919, 10.020893277927371 ], [ 10.020427079610613, 10.022999755358626 ], [ 10.019832881206924, 10.02411150211401 ], [ 10.019179260762826, 10.023935962994756 ], [ 10.018109703036089, 10.023526371716457 ], [ 10.01698072426899, 10.024579604432063 ], [ 10.013199938700154, 10.02187152959209 ], [ 10.01295037453059, 10.012708223366019 ], [ 10.011414117486765, 9.998465838689015 ], [ 10.006118877888866, 9.992416269578598 ], [ 10.002399577361814, 9.986886938821669 ], [ 9.999357277294678, 9.98276713602246 ], [ 9.992892386902099, 9.977991842777897 ], [ 9.987378219155516, 9.975276449932892 ], [ 9.978697097257054, 9.969958528319637 ], [ 9.974564846449425, 9.968226187142591 ], [ 9.972705557186089, 9.965448943255581 ], [ 9.978769918306568, 9.956630200263646 ], [ 9.986066685264348, 9.954008269482188 ], [ 9.987432448192351, 9.951448735743099 ], [ 9.98649450855504, 9.949162324189558 ], [ 9.983642351617164, 9.947125600805748 ], [ 9.97589653835422, 9.941689290112038 ], [ 9.968567505374494, 9.932404438803417 ], [ 9.965195858083632, 9.927510699478319 ], [ 9.960973637214806, 9.924889184697122 ], [ 9.956986144505493, 9.920176734495215 ], [ 9.940197447098399, 9.908592326624159 ], [ 9.931774978375699, 9.901447465769593 ], [ 9.923147203513508, 9.897162685858291 ], [ 9.917722314827586, 9.896653259512163 ], [ 9.916872459250158, 9.898778264955979 ], [ 9.915874203571889, 9.901868917055936 ], [ 9.914519429651364, 9.902852299724088 ], [ 9.912386046201846, 9.902993544820049 ], [ 9.910970965240324, 9.913324209839288 ], [ 9.909922241527795, 9.914800553842383 ], [ 9.905770086706582, 9.920541602743128 ], [ 9.902896891754381, 9.927787099666148 ], [ 9.899917067729746, 9.931766209369755 ], [ 9.893556079407745, 9.934108296961085 ], [ 9.884377106171087, 9.934359958132063 ], [ 9.876870962070996, 9.928629934238813 ], [ 9.870685661868379, 9.928367931060791 ], [ 9.870685632868344, 9.92836793306077 ], [ 9.863924744274641, 9.928909674428837 ], [ 9.859078973982207, 9.929452157797471 ], [ 9.853625884277051, 9.930456065479575 ], [ 9.843286815252156, 9.929964415145491 ], [ 9.840577266411117, 9.928138280904761 ], [ 9.836748429809631, 9.922824470294245 ], [ 9.834088610002425, 9.922308630943746 ], [ 9.830309502434659, 9.91893721865307 ], [ 9.82602677752476, 9.914948528942944 ], [ 9.82092797306035, 9.911483171588372 ], [ 9.818000656071376, 9.917091756399145 ], [ 9.814460017665681, 9.925200958908988 ], [ 9.803927051509049, 9.939586568683296 ], [ 9.803000100879217, 9.937409318203947 ], [ 9.801645326958692, 9.935723695058641 ], [ 9.798864474069262, 9.93481064543829 ], [ 9.79622622927667, 9.934670176342877 ], [ 9.794165856876759, 9.934973306548841 ], [ 9.791662778176033, 9.933686887674753 ], [ 9.791898588336267, 9.937117669005829 ], [ 9.791962148379469, 9.951294895638569 ], [ 9.792824650965485, 9.952800169661316 ], [ 9.79054443941618, 9.956082313891386 ], [ 9.77571417233969, 9.960794929093368 ], [ 9.770347235693123, 9.965136779043462 ], [ 9.766183086863805, 9.968339168219359 ], [ 9.764386611643147, 9.970973361009158 ], [ 9.758482263631436, 9.970811165898965 ], [ 9.751979347213023, 9.971148255128014 ], [ 9.747941824469706, 9.969571966057003 ], [ 9.745647558910889, 9.968676259448387 ], [ 9.743536963476799, 9.96614806273061 ], [ 9.733814239870696, 9.966299291833366 ], [ 9.731969600617333, 9.968575448379909 ], [ 9.730876277874472, 9.973181611509574 ], [ 9.730432935573219, 9.974257665240714 ], [ 9.724513076550977, 9.981302903027597 ], [ 9.718253658298011, 9.981197559956001 ], [ 9.714502006748944, 9.982103463571548 ], [ 9.711279069559112, 9.984280416050694 ], [ 9.708284195524243, 9.985364090786959 ], [ 9.712249421218417, 9.992131458385074 ], [ 9.712214017194356, 9.995810206884642 ], [ 9.707125756737128, 10.001831776976019 ], [ 9.704986639283675, 10.005202332266151 ], [ 9.702205787394234, 10.008432414460799 ], [ 9.701278835764413, 10.011170937321538 ], [ 9.700280581086133, 10.015032916945529 ], [ 9.701278835764413, 10.019807665189774 ], [ 9.70219976839013, 10.027676427536221 ], [ 9.693787558674444, 10.035924072140119 ], [ 9.690209973243611, 10.039516339580871 ], [ 9.687643208499651, 10.042093661332046 ], [ 9.684608072437413, 10.045141253402733 ], [ 9.679007672632224, 10.050803309249829 ], [ 9.67453573959375, 10.055573366490876 ], [ 9.670218502660362, 10.060178584619905 ], [ 9.665534753477971, 10.06517456101443 ], [ 9.661045074427477, 10.069963455268294 ], [ 9.659348852274945, 10.072131468741361 ], [ 9.658451561665288, 10.073278326520551 ], [ 9.655115316398451, 10.077542467417857 ], [ 9.653760906478226, 10.079273556594046 ], [ 9.653207280102038, 10.079981151074833 ], [ 9.653207139101937, 10.079981240074915 ], [ 9.651610802017331, 10.082021550461207 ], [ 9.648299216767271, 10.086254120337003 ], [ 9.646501342545662, 10.087920820469435 ], [ 9.644369941097466, 10.089896701811995 ], [ 9.641449126112946, 10.092604377651696 ], [ 9.638907854386275, 10.094960116252309 ], [ 9.633179665494197, 10.100270270860335 ], [ 9.632982031359916, 10.10456620977925 ], [ 9.632698864167537, 10.110721265961274 ], [ 9.632256197866752, 10.120343003498817 ], [ 9.632225036845568, 10.121020316959005 ], [ 9.632656759138911, 10.121537542310421 ], [ 9.636537193775496, 10.12618648646918 ], [ 9.623143135674866, 10.137552090191605 ], [ 9.621914598840135, 10.139139543270176 ], [ 9.617122484584115, 10.162566640187777 ], [ 9.632864938280363, 10.177047831027096 ], [ 9.63313828246612, 10.180663772483967 ], [ 9.651332643828312, 10.190906463443355 ], [ 9.665127106200998, 10.198672187719808 ], [ 9.665309466324914, 10.199996117619378 ], [ 9.663043960785615, 10.203212347804651 ], [ 9.640638764562311, 10.205703810497482 ], [ 9.630762721852022, 10.206802028243658 ], [ 9.629483353982721, 10.210330676641206 ], [ 9.617622647923952, 10.215817286369088 ], [ 9.613381916042556, 10.224932296562315 ], [ 9.608830287949957, 10.233589909444788 ], [ 9.610327670967365, 10.234677536183767 ], [ 9.611718096912114, 10.235624820827411 ], [ 9.613001566784135, 10.236431765375642 ], [ 9.614427645753096, 10.237343959995485 ], [ 9.613177274903535, 10.239745326627087 ], [ 9.617736514001308, 10.240554398176812 ], [ 9.621163687329954, 10.241333903706447 ], [ 9.623966876234533, 10.241456748789915 ], [ 9.624844850831096, 10.241426333769255 ], [ 9.630287023528808, 10.241051187514358 ], [ 9.631351082251797, 10.23921301626541 ], [ 9.63292526932139, 10.239191732250958 ], [ 9.634672214508328, 10.239296984322436 ], [ 9.63838001802759, 10.239998666799238 ], [ 9.64290781710406, 10.241121355562029 ], [ 9.646259101381077, 10.242103705229511 ], [ 9.647759957400865, 10.242262036337081 ], [ 9.649989598915795, 10.243037917864228 ], [ 9.649581895638789, 10.24418373064276 ], [ 9.647827788446932, 10.249471228235393 ], [ 9.649087787303017, 10.255363175238699 ], [ 9.650086041981297, 10.257982649018459 ], [ 9.651036760627278, 10.259385928971938 ], [ 9.651958219253345, 10.263464713743303 ], [ 9.652795590822336, 10.26860065123293 ], [ 9.653010947968653, 10.275078730634448 ], [ 9.653461094274519, 10.277066732985247 ], [ 9.65639250526624, 10.281282048849334 ], [ 9.657406577955271, 10.283147204116631 ], [ 9.659890330642838, 10.291079897506506 ], [ 9.665535224478276, 10.297510876876061 ], [ 9.672962715524932, 10.304964800940638 ], [ 9.679053258663146, 10.308910924621841 ], [ 9.688696312215143, 10.319559835857262 ], [ 9.693485559469252, 10.325277049741885 ], [ 9.693960917792197, 10.326621573655416 ], [ 9.694673957276677, 10.327966092568943 ], [ 9.695208736640041, 10.330655112396016 ], [ 9.696159455286022, 10.332934913944996 ], [ 9.695624675922659, 10.33498087733517 ], [ 9.696159455286022, 10.336325360248679 ], [ 9.694198597953744, 10.338254389559381 ], [ 9.695030476518923, 10.339189673194824 ], [ 9.69473337731705, 10.340534137108364 ], [ 9.69449569715556, 10.342580050498441 ], [ 9.695149316599668, 10.343749137292775 ], [ 9.694258017994116, 10.344450587769359 ], [ 9.693983017807227, 10.34558594654078 ], [ 9.693008789145324, 10.346428400113211 ], [ 9.692118899540674, 10.347197918636084 ], [ 9.691524701136927, 10.348133176271517 ], [ 9.690811661652447, 10.349243789026161 ], [ 9.689623262844975, 10.350646662979329 ], [ 9.689445002723858, 10.351991078892809 ], [ 9.690039202127593, 10.353101677647373 ], [ 9.690871081692819, 10.353978465243131 ], [ 9.691236270940976, 10.356225854770116 ], [ 9.691058010819859, 10.359148437755891 ], [ 9.689513093770131, 10.359616049073622 ], [ 9.689275413608641, 10.361311132225353 ], [ 9.687433397357097, 10.362012542701905 ], [ 9.687136297155234, 10.363064656416782 ], [ 9.686423256670764, 10.364759719568497 ], [ 9.686898616993744, 10.366805475958472 ], [ 9.684521819378801, 10.367916022713018 ], [ 9.681375768241196, 10.369573215839011 ], [ 9.680243584471953, 10.372299722691537 ], [ 9.681610242400495, 10.37393628880352 ], [ 9.681069651033226, 10.379364207491562 ], [ 9.67994648427009, 10.37989799185425 ], [ 9.679292864825982, 10.384339970872361 ], [ 9.679352284866354, 10.387320736897607 ], [ 9.678520407301107, 10.389191007168392 ], [ 9.679827644189345, 10.390593703121453 ], [ 9.679471124947099, 10.391704165875979 ], [ 9.678163886058883, 10.391937947034819 ], [ 9.677747946776265, 10.392639288511361 ], [ 9.679174025745226, 10.394743305940949 ], [ 9.680897202916015, 10.398659078601497 ], [ 9.682204441804231, 10.39883441072061 ], [ 9.684759498540302, 10.399068186879447 ], [ 9.68606841242962, 10.400907342129074 ], [ 9.687671074518562, 10.403159234659142 ], [ 9.68880005528564, 10.406081378644615 ], [ 9.691058010819859, 10.407483997597637 ], [ 9.691176850900604, 10.410873635900714 ], [ 9.692543510829182, 10.412626883091946 ], [ 9.692068150506202, 10.415022969719985 ], [ 9.691592792183201, 10.417243718228917 ], [ 9.690166713214239, 10.417769681586265 ], [ 9.691058010819859, 10.419172248539212 ], [ 9.692959449111754, 10.422737077961358 ], [ 9.694504367161471, 10.428756287051158 ], [ 9.694207268959588, 10.43273006975113 ], [ 9.692312382672128, 10.434587260013018 ], [ 9.689453673729759, 10.435885685895244 ], [ 9.687136297155234, 10.436995986649606 ], [ 9.686482677711126, 10.438807522880495 ], [ 9.686066737428519, 10.441203408508386 ], [ 9.685353697944038, 10.443365533977442 ], [ 9.683749359853948, 10.44482642097006 ], [ 9.683492887679677, 10.447010468453982 ], [ 9.677373600521946, 10.450319294702183 ], [ 9.674485791559789, 10.450950384130977 ], [ 9.672595134275184, 10.450766827006248 ], [ 9.669316258047331, 10.451897016774183 ], [ 9.666642362230562, 10.453299429727053 ], [ 9.664111071510661, 10.453614971941477 ], [ 9.661619386817677, 10.454292594401863 ], [ 9.659547621410013, 10.454982316870485 ], [ 9.656481553326785, 10.455578338275473 ], [ 9.654503593982838, 10.457067504287295 ], [ 9.652025058298761, 10.457927347871532 ], [ 9.649208553385108, 10.459294673800514 ], [ 9.647069435931655, 10.461012588967776 ], [ 9.645784082058356, 10.462925921267811 ], [ 9.641685990273857, 10.462555197015888 ], [ 9.640877791724733, 10.464080273052105 ], [ 9.640366868377612, 10.465044390707192 ], [ 9.640949998773806, 10.469563872777996 ], [ 9.641626570233484, 10.473963251767145 ], [ 9.641198746942791, 10.477609253244452 ], [ 9.642149464588783, 10.480928012499362 ], [ 9.643765687686937, 10.485275065452981 ], [ 9.642719897976349, 10.488733966803181 ], [ 9.640628315555205, 10.492379795280328 ], [ 9.637205727229741, 10.497427791710209 ], [ 9.636182410534445, 10.498065044143175 ], [ 9.632927492322892, 10.500091979520391 ], [ 9.63226198887071, 10.502615927235297 ], [ 9.631453878321622, 10.507990928887352 ], [ 9.630923059960935, 10.511870219523132 ], [ 9.629794081193893, 10.514499230309468 ], [ 9.627952063942303, 10.516836108897223 ], [ 9.626095458680823, 10.519194297499496 ], [ 9.625788903472539, 10.524201861901929 ], [ 9.62605062565035, 10.528695497955141 ], [ 9.628086408033596, 10.5320575422395 ], [ 9.628724522467166, 10.535179995361034 ], [ 9.627892642901941, 10.536990955591534 ], [ 9.625931784569616, 10.538509818623538 ], [ 9.623852088156582, 10.542949527640076 ], [ 9.623792668116209, 10.547389173656597 ], [ 9.626585406013703, 10.549375310006099 ], [ 9.626941924255959, 10.551536679474623 ], [ 9.62557526632736, 10.551828754673124 ], [ 9.622604269308738, 10.553055469506603 ], [ 9.622604269308738, 10.555450471133895 ], [ 9.621297031420511, 10.557728624681772 ], [ 9.617612994917408, 10.561992817579096 ], [ 9.615769646664944, 10.565159658730806 ], [ 9.620487915870797, 10.567709734463506 ], [ 9.627325193516356, 10.571413449979957 ], [ 9.635426499020809, 10.575801880961706 ], [ 9.637103488160278, 10.586601474299528 ], [ 9.645684893990961, 10.597143706462475 ], [ 9.647750992394776, 10.599687529190874 ], [ 9.649847259819069, 10.601208629224402 ], [ 9.661241278560738, 10.611528093236018 ], [ 9.673994785226171, 10.600862887989479 ] ] ] ] } },
{ "type": "Feature", "properties": { "fid": 539.0, "OBJECTID": 539.0, "lganame": "Itas\/Gadau", "statecode": "BA", "LGA_UID": "05_10" }, "geometry": { "type": "MultiPolygon", "coordinates": [ [ [ [ 10.204080718394664, 12.078618797055185 ], [ 10.205387957282881, 12.077108077028697 ], [ 10.20829953426113, 12.077224286107651 ], [ 10.209131412826366, 12.076875657870801 ], [ 10.209547352108984, 12.074958190567997 ], [ 10.208418373341885, 12.07309881730464 ], [ 10.208893732664876, 12.071646171317582 ], [ 10.211864729683498, 12.07152995923866 ], [ 10.213706746935088, 12.07309881730464 ], [ 10.21489514574256, 12.073563660620437 ], [ 10.215073405863677, 12.075190611725873 ], [ 10.216499483832649, 12.076643237712858 ], [ 10.218460342164917, 12.076062189318066 ], [ 10.220658878658753, 12.075248716765373 ], [ 10.224381347188, 12.076262406454134 ], [ 10.230727037499548, 12.077911988574954 ], [ 10.229251794497202, 12.07161268129488 ], [ 10.226898764898465, 12.068056571878628 ], [ 10.227611804382946, 12.064291228320258 ], [ 10.226257029462431, 12.06268745423057 ], [ 10.223262265427593, 12.063105830514871 ], [ 10.220481411538174, 12.064291228320258 ], [ 10.218484902181615, 12.063036102467493 ], [ 10.218199686987816, 12.060037720430216 ], [ 10.218627510278509, 12.056690651156032 ], [ 10.218411066131466, 12.048263007429853 ], [ 10.219197940666106, 12.044487438864508 ], [ 10.218698814326956, 12.041558584874508 ], [ 10.215917961437526, 12.039605998547813 ], [ 10.212352765015112, 12.036328411320824 ], [ 10.210443031717546, 12.036158615205466 ], [ 10.209215392883436, 12.036049465131327 ], [ 10.206149323800162, 12.038490228789726 ], [ 10.203938903298308, 12.038699435931846 ], [ 10.201086746360374, 12.036467883415639 ], [ 10.199090236003883, 12.034306048946746 ], [ 10.195239825387659, 12.033329731283402 ], [ 10.193172010982721, 12.032562621762168 ], [ 10.191745933013749, 12.030331018245931 ], [ 10.190462462141681, 12.026146712402863 ], [ 10.190818982383917, 12.024054533981314 ], [ 10.194241569709391, 12.023078179317963 ], [ 10.19866241271319, 12.022171559701917 ], [ 10.201204665440514, 12.017142727285091 ], [ 10.201204683440551, 12.017142688285048 ], [ 10.204010207346755, 12.011222155262317 ], [ 10.204580637734352, 12.009408835030285 ], [ 10.20365368710452, 12.007316526608633 ], [ 10.202013696990207, 12.006898064324332 ], [ 10.199232844100777, 12.007177038513873 ], [ 10.19745024588957, 12.007246782561253 ], [ 10.196451991211291, 12.006270366897809 ], [ 10.195810255775257, 12.003899056286627 ], [ 10.196095471969045, 11.999993321632871 ], [ 10.194241569709391, 11.996436265216005 ], [ 10.191318108723067, 11.994692592031242 ], [ 10.189892030754095, 11.994762339078648 ], [ 10.188537256833627, 11.996017784931666 ], [ 10.187610306203794, 11.997900941211185 ], [ 10.186537710475022, 11.997830997163646 ], [ 10.185471187750352, 11.99776144911641 ], [ 10.183831197636039, 11.996296772121241 ], [ 10.183751349581826, 11.994550352934652 ], [ 10.183118159151604, 11.992600169609545 ], [ 10.182262511570229, 11.990856473424799 ], [ 10.181620776134196, 11.988833770050462 ], [ 10.178768620196252, 11.987648040244835 ], [ 10.177627757421135, 11.984858068349183 ], [ 10.178198187808675, 11.983463071401331 ], [ 10.181121648795056, 11.983602571496135 ], [ 10.183683088535417, 11.984270392949895 ], [ 10.185328579653458, 11.983811820638323 ], [ 10.186754658622419, 11.982277317595674 ], [ 10.186612050525525, 11.979975547031756 ], [ 10.186612050525525, 11.97802251270474 ], [ 10.187002035790499, 11.976496159667647 ], [ 10.188805519015887, 11.975716561137972 ], [ 10.191318108723067, 11.97446516728769 ], [ 10.191888541110643, 11.972093575676297 ], [ 10.189449797453619, 11.966915739158196 ], [ 10.191932986140841, 11.967718518703634 ], [ 10.192194855318746, 11.967811097766571 ], [ 10.199350559180743, 11.972736063112848 ], [ 10.209805090284078, 11.97993146900177 ], [ 10.218818832408488, 11.968009276901228 ], [ 10.215270942997904, 11.965266276037482 ], [ 10.216567517878843, 11.960494839795501 ], [ 10.216728414988154, 11.959902733393221 ], [ 10.221937733527682, 11.952155367129251 ], [ 10.221757109404905, 11.95202343603961 ], [ 10.220549282584273, 11.951989960016817 ], [ 10.215408697091505, 11.951591109745834 ], [ 10.208824591617883, 11.949977034649123 ], [ 10.210858372999724, 11.937650914274116 ], [ 10.217713243657329, 11.93593464010803 ], [ 10.219005990535663, 11.935508046818143 ], [ 10.220625919636348, 11.933623031537365 ], [ 10.222791859107986, 11.933083332170668 ], [ 10.228996148323517, 11.935347147708853 ], [ 10.236850365660075, 11.936807549701086 ], [ 10.238011516449035, 11.93919377632244 ], [ 10.249345829150172, 11.937042083860433 ], [ 10.254826198873843, 11.944361561833716 ], [ 10.259873911303487, 11.940457074180756 ], [ 10.261270245252263, 11.933151460216948 ], [ 10.26645000077167, 11.928687029183607 ], [ 10.267800049688958, 11.920883052881152 ], [ 10.266665612918132, 11.918841340493884 ], [ 10.271668901317639, 11.915810537434595 ], [ 10.275416551863998, 11.912598265252029 ], [ 10.27839087888492, 11.911111101241602 ], [ 10.283223564168509, 11.91218066896829 ], [ 10.284689083164267, 11.910745495993183 ], [ 10.285512259723532, 11.911772987691279 ], [ 10.289474018415376, 11.916718065051271 ], [ 10.292996237808552, 11.917977211906759 ], [ 10.301906887862913, 11.911504195508655 ], [ 10.303938935243593, 11.898927624963449 ], [ 10.303136589698454, 11.898017137344823 ], [ 10.295792786708716, 11.884038871847281 ], [ 10.298904186822767, 11.873417928630829 ], [ 10.312189686849592, 11.870771943833006 ], [ 10.325281792745102, 11.871565070371901 ], [ 10.337313612920127, 11.856107842869449 ], [ 10.351979002884605, 11.879865544011693 ], [ 10.352874745493182, 11.883435951437605 ], [ 10.357816292850771, 11.888579256932246 ], [ 10.337751803217884, 11.904110562485016 ], [ 10.337324266927396, 11.904777481938197 ], [ 10.336831203592396, 11.908392536394445 ], [ 10.33914466416428, 11.910235036646327 ], [ 10.356050970651324, 11.912017231857249 ], [ 10.366560953792316, 11.905013022098217 ], [ 10.369996873126865, 11.901743718876901 ], [ 10.370981971796198, 11.893320072153415 ], [ 10.383228453117113, 11.882523166817407 ], [ 10.394914348057114, 11.883111599217216 ], [ 10.3967986303374, 11.890297893099955 ], [ 10.41424750219312, 11.914562162586435 ], [ 10.418864757330311, 11.913866730113909 ], [ 10.421918996405509, 11.90275318756278 ], [ 10.439269276194239, 11.899596707418084 ], [ 10.44134152660223, 11.901156008477528 ], [ 10.459630423028671, 11.906569757155921 ], [ 10.467473219357487, 11.902349552288513 ], [ 10.469666410847651, 11.899908827630156 ], [ 10.473939248750867, 11.895153741399326 ], [ 10.449780772336283, 11.86877834647845 ], [ 10.43976613653183, 11.87442822031727 ], [ 10.435215211439697, 11.876995678061746 ], [ 10.407431774562156, 11.871799906531464 ], [ 10.40790566588413, 11.866412687871104 ], [ 10.408330699172893, 11.865884408512159 ], [ 10.367437692388023, 11.856472526117216 ], [ 10.360388545598482, 11.840318845141553 ], [ 10.365332065957375, 11.838461240879383 ], [ 10.370345533363775, 11.837968077544303 ], [ 10.382781918813748, 11.832207210630088 ], [ 10.390578071110838, 11.824491629387694 ], [ 10.390621360140244, 11.814451111565631 ], [ 10.390698753192851, 11.796500305368909 ], [ 10.389418852323217, 11.794633038100187 ], [ 10.388944183000717, 11.792324672531777 ], [ 10.384147219741351, 11.785477059879156 ], [ 10.35856714636094, 11.782406822793064 ], [ 10.358499224314755, 11.78216438762837 ], [ 10.350463597854969, 11.773507426746335 ], [ 10.347024556518249, 11.771932335676127 ], [ 10.342751137614698, 11.769975098346265 ], [ 10.340223028896958, 11.766557134023969 ], [ 10.335369535599227, 11.75999528656547 ], [ 10.331252388801829, 11.759759817405495 ], [ 10.330593803354361, 11.759210226032053 ], [ 10.321970287495049, 11.761212300392401 ], [ 10.307340470554777, 11.752203837271566 ], [ 10.305075068015583, 11.756102678920627 ], [ 10.304309016495097, 11.75742108281645 ], [ 10.27387259081496, 11.750440156073239 ], [ 10.273982992889955, 11.748820976973036 ], [ 10.274044373931645, 11.747010296742815 ], [ 10.273272702407382, 11.746782015587655 ], [ 10.246366190125627, 11.738822366179477 ], [ 10.244150939620511, 11.750082683830328 ], [ 10.243968536496538, 11.751009861460318 ], [ 10.240827007362043, 11.7518000499972 ], [ 10.236045919113508, 11.753002635814312 ], [ 10.235309253612968, 11.754650888934236 ], [ 10.231579805078979, 11.762995348603908 ], [ 10.226390035552811, 11.764195897419597 ], [ 10.215812782366015, 11.778641807234919 ], [ 10.210118053496728, 11.77744073441886 ], [ 10.207109309452449, 11.775925461389306 ], [ 10.203330201884739, 11.774180375203571 ], [ 10.198125016348058, 11.772016453733272 ], [ 10.192247966354842, 11.770718417851356 ], [ 10.186431173402639, 11.769433685978413 ], [ 10.170343031471475, 11.767240135488009 ], [ 10.169671949015537, 11.766943021286124 ], [ 10.152684232473177, 11.761352227487464 ], [ 10.136563383519785, 11.759918983513614 ], [ 10.133639922533462, 11.761245319414797 ], [ 10.134210353921048, 11.764316805501721 ], [ 10.134139049872601, 11.76745806463606 ], [ 10.133711226581909, 11.770389873628119 ], [ 10.132570363806735, 11.773391455667536 ], [ 10.131500805080009, 11.776323201659523 ], [ 10.130716461547081, 11.780511355505212 ], [ 10.129219079529662, 11.784001434876529 ], [ 10.127293874221607, 11.787631071342673 ], [ 10.121666563398094, 11.80320151392209 ], [ 10.119349017823424, 11.810849661118652 ], [ 10.118747981415083, 11.810820644098897 ], [ 10.111555110527831, 11.810473386862952 ], [ 10.091578562954737, 11.809782672393681 ], [ 10.082714633932085, 11.797701284184939 ], [ 10.082568320832706, 11.797410406987296 ], [ 10.080855216668738, 11.788098507660322 ], [ 10.076252570541442, 11.783799283739199 ], [ 10.075412414970572, 11.783547414568034 ], [ 10.073845304905831, 11.783224978348983 ], [ 10.066703349053171, 11.782504662859537 ], [ 10.055226883255443, 11.776835472007576 ], [ 10.054432866715956, 11.775551411135154 ], [ 10.02057752271287, 11.779184218603461 ], [ 10.015548080295559, 11.774863552667796 ], [ 10.006753930320372, 11.773060291442562 ], [ 10.002000336090532, 11.769802755229193 ], [ 9.997959780345184, 11.769686414150158 ], [ 9.993443866276834, 11.768872022596781 ], [ 9.989700409733302, 11.765207237106779 ], [ 9.988630851006576, 11.7604371238657 ], [ 9.986432313512807, 11.757993864205616 ], [ 9.981559879202223, 11.75374719332018 ], [ 9.979836701031388, 11.747871553327968 ], [ 9.974645558504221, 11.747361261981268 ], [ 9.960735166052814, 11.750344115007977 ], [ 9.960705588032681, 11.750345000008565 ], [ 9.953695217269455, 11.751452004760722 ], [ 9.95339233706369, 11.752125218218112 ], [ 9.952940391756613, 11.753422239099393 ], [ 9.951260550615245, 11.758243152374973 ], [ 9.947653954164707, 11.764591897688661 ], [ 9.946396955310661, 11.765428785257313 ], [ 9.947996776397645, 11.768200511140549 ], [ 9.947233974879339, 11.768357312247076 ], [ 9.939761402802105, 11.76959700808942 ], [ 9.935347849803293, 11.770024266379721 ], [ 9.930987970840988, 11.760523994924711 ], [ 9.930818053725488, 11.754150404594156 ], [ 9.924848360669387, 11.74972272658573 ], [ 9.921765997575051, 11.748191128545102 ], [ 9.912537903305008, 11.740400317251613 ], [ 9.912203805078036, 11.738678385081641 ], [ 9.911544399629975, 11.738247084788611 ], [ 9.907037882568034, 11.73729532314195 ], [ 9.902809238694829, 11.740758272494816 ], [ 9.900053258822311, 11.740250538149837 ], [ 9.895243455554237, 11.739364428547788 ], [ 9.894794915249463, 11.73935849554374 ], [ 9.888197821767051, 11.736895291870098 ], [ 9.886641649709702, 11.73879385716009 ], [ 9.874398342390975, 11.735109412656698 ], [ 9.874224947273149, 11.73440377517727 ], [ 9.871685139547481, 11.733139179318016 ], [ 9.863913558267029, 11.729852413084814 ], [ 9.86159068868875, 11.730909954803337 ], [ 9.846041829124033, 11.726238209629116 ], [ 9.841722988189588, 11.728265487006581 ], [ 9.834538171307884, 11.726146859567052 ], [ 9.832254125755981, 11.721391896336286 ], [ 9.820462415744032, 11.712194429087049 ], [ 9.827018236198398, 11.702799522703629 ], [ 9.827024040202389, 11.702719100649006 ], [ 9.827777643714398, 11.692276464553743 ], [ 9.801982061187516, 11.691472457007421 ], [ 9.798280342672342, 11.698243817608272 ], [ 9.78425433614234, 11.723900867041039 ], [ 9.784824852529994, 11.727239503309477 ], [ 9.779567520957869, 11.736505049604943 ], [ 9.759744582489134, 11.732023040559682 ], [ 9.751241316711571, 11.730270858369124 ], [ 9.744367777041305, 11.728854492406754 ], [ 9.734868744587175, 11.726897111076823 ], [ 9.712555873426595, 11.720866604979392 ], [ 9.702940461893377, 11.72268895621761 ], [ 9.691036285805069, 11.724945072750529 ], [ 9.684904391638725, 11.725340679019325 ], [ 9.680849767883785, 11.725602268197065 ], [ 9.671565381575533, 11.726201259604011 ], [ 9.671562776573751, 11.726201427604167 ], [ 9.664431285728199, 11.726806684015401 ], [ 9.661245433563579, 11.727077070199073 ], [ 9.658252073529752, 11.727898257757033 ], [ 9.643863231753187, 11.731845640439133 ], [ 9.643756436680633, 11.731874938459043 ], [ 9.640389455392949, 11.732798622086648 ], [ 9.639735106948308, 11.732978133208576 ], [ 9.637116632169182, 11.734854055483197 ], [ 9.632009767699344, 11.738512725969088 ], [ 9.632114836770711, 11.739724394792347 ], [ 9.632076807744852, 11.740469059298334 ], [ 9.632304979899914, 11.74076692450069 ], [ 9.632818369248753, 11.740599376386854 ], [ 9.633921202998067, 11.740636609412149 ], [ 9.634624735476052, 11.741102022728398 ], [ 9.634244447217668, 11.741511586006652 ], [ 9.633655000817214, 11.741828067221718 ], [ 9.632818369248753, 11.741865300247014 ], [ 9.63203877871905, 11.741958382310258 ], [ 9.631563420396049, 11.742274861525289 ], [ 9.630650728775947, 11.742386560601176 ], [ 9.630023255349613, 11.742088698398788 ], [ 9.629814097207486, 11.741716368145831 ], [ 9.630156356440011, 11.741325420880173 ], [ 9.630916930956801, 11.741157871766347 ], [ 9.63116411812473, 11.74076692450069 ], [ 9.630878901930942, 11.74009672804533 ], [ 9.630669886788951, 11.739472638621294 ], [ 9.629966212310819, 11.7391286623876 ], [ 9.629129578742379, 11.739035579324366 ], [ 9.628525666332052, 11.739175559419436 ], [ 9.628026744993065, 11.739426528590002 ], [ 9.627722514786342, 11.739891944906219 ], [ 9.627969701954271, 11.74037597723509 ], [ 9.627672276752207, 11.740721574469887 ], [ 9.626999969295412, 11.741139255753694 ], [ 9.62629643681737, 11.741157871766347 ], [ 9.625745020442707, 11.740860006563935 ], [ 9.62532670415851, 11.74104617269046 ], [ 9.624623171680469, 11.741418503943407 ], [ 9.624071755305806, 11.741102022728398 ], [ 9.623387236840699, 11.74117648877899 ], [ 9.622892862504841, 11.741641902095239 ], [ 9.623044977608174, 11.74203284836085 ], [ 9.62361540999575, 11.742256245512635 ], [ 9.62365343802162, 11.742684423803553 ], [ 9.623577380969891, 11.743410464296858 ], [ 9.623349207814897, 11.743968954676347 ], [ 9.622873849491896, 11.744304048904041 ], [ 9.62179002875547, 11.744881155296127 ], [ 9.620877339135347, 11.745272095561745 ], [ 9.619704366338397, 11.745348084613397 ], [ 9.619147030959709, 11.745476874700898 ], [ 9.618956886830517, 11.745923665004455 ], [ 9.619318160075977, 11.746351837295379 ], [ 9.619603376269765, 11.746910322674864 ], [ 9.619489289192245, 11.747357109978452 ], [ 9.61935911210378, 11.747909394353712 ], [ 9.61926111703724, 11.748325145636159 ], [ 9.619128015946785, 11.749311795306539 ], [ 9.619655665305288, 11.750860408358733 ], [ 9.619731723356949, 11.751688813921646 ], [ 9.619950387505526, 11.752312443345375 ], [ 9.61996940251845, 11.752787145667867 ], [ 9.620045459570122, 11.75328046300308 ], [ 9.620054966576618, 11.753680700275027 ], [ 9.620340182770406, 11.7539413204521 ], [ 9.62059687694483, 11.754267093673434 ], [ 9.620891600145058, 11.754453249799951 ], [ 9.621138787312987, 11.754369479742991 ], [ 9.621462030532655, 11.754239169654454 ], [ 9.6216664356715, 11.753894781420456 ], [ 9.621847071794264, 11.753359579056848 ], [ 9.62217982402035, 11.753066381857593 ], [ 9.622469793217363, 11.752940725772248 ], [ 9.622807298446673, 11.752884877734289 ], [ 9.623049731611388, 11.752917455756403 ], [ 9.62315431068248, 11.7529826108007 ], [ 9.62323987574058, 11.753138711906786 ], [ 9.623106774650182, 11.753417947096466 ], [ 9.623068745624323, 11.753808877362133 ], [ 9.623211353721217, 11.754022956507583 ], [ 9.623582133973173, 11.754255652665677 ], [ 9.624200102393047, 11.75463727392497 ], [ 9.624504331599724, 11.755018894184275 ], [ 9.624684967722487, 11.755363282418273 ], [ 9.62475151876771, 11.755689054639618 ], [ 9.62475151876771, 11.756042749879896 ], [ 9.624742010761224, 11.756424368139221 ], [ 9.624865604845183, 11.756675677309943 ], [ 9.625150821038972, 11.756945602493374 ], [ 9.625474065258629, 11.757131755619866 ], [ 9.625740266439493, 11.757364449777924 ], [ 9.625968438594555, 11.757410987809578 ], [ 9.626120553697888, 11.757280679721021 ], [ 9.626149074717262, 11.757047986562952 ], [ 9.626084901673664, 11.756745485357385 ], [ 9.626141366712034, 11.756586276249209 ], [ 9.626346447851347, 11.756008028856343 ], [ 9.62655550799343, 11.755773987697296 ], [ 9.626920640241508, 11.755778000700047 ], [ 9.627396893565106, 11.756559331230903 ], [ 9.62789126790102, 11.757620411951848 ], [ 9.628119440056025, 11.758402259483091 ], [ 9.627815209849302, 11.758607027622247 ], [ 9.627206750435903, 11.758365028457774 ], [ 9.626668559070254, 11.758307802418926 ], [ 9.626198987751195, 11.758532565571613 ], [ 9.626027858634927, 11.758960718862568 ], [ 9.625571514324861, 11.759295795090225 ], [ 9.625400384208547, 11.759891484494972 ], [ 9.625495456273143, 11.760822246127361 ], [ 9.625780672466931, 11.761380701506823 ], [ 9.626046872647805, 11.761362087494149 ], [ 9.626294059815791, 11.760710555051446 ], [ 9.626650810058152, 11.760020255582447 ], [ 9.627187736422968, 11.75974256239374 ], [ 9.627910281913898, 11.759407487166072 ], [ 9.62875570948836, 11.759274155075502 ], [ 9.628955359624001, 11.759497538227265 ], [ 9.628855533556191, 11.759972227549838 ], [ 9.628812751527107, 11.760628415995654 ], [ 9.628869794565844, 11.760935566204353 ], [ 9.629112228730605, 11.761256679422559 ], [ 9.629639878089108, 11.761480060574343 ], [ 9.630096223399164, 11.761912862868371 ], [ 9.630295873534806, 11.762638852361647 ], [ 9.630352916573599, 11.763295032807491 ], [ 9.630381437592973, 11.763825561167948 ], [ 9.630652392777051, 11.764062903329261 ], [ 9.630923347961129, 11.764118748367196 ], [ 9.63165064845532, 11.76388140620594 ], [ 9.63202142770723, 11.763965174262808 ], [ 9.632221078842917, 11.764202515424074 ], [ 9.633347680608381, 11.765333373192448 ], [ 9.634160546160672, 11.766122177728391 ], [ 9.634730976548269, 11.766715526131577 ], [ 9.635123148814728, 11.767343774558412 ], [ 9.635201582868035, 11.767853353904684 ], [ 9.634987670722694, 11.768335010231908 ], [ 9.634624021475588, 11.769005137687259 ], [ 9.634374458306013, 11.76987769928013 ], [ 9.63445289235932, 11.770177859484079 ], [ 9.634616891470728, 11.770282565555192 ], [ 9.634845063625789, 11.770296526564664 ], [ 9.635097651797423, 11.770182760487387 ], [ 9.635365581979443, 11.770024289379705 ], [ 9.635679319192604, 11.769919581308557 ], [ 9.636000187410616, 11.769982406351232 ], [ 9.636321054628638, 11.770128996450865 ], [ 9.636698965885444, 11.770450096669038 ], [ 9.636991312084035, 11.770799119906201 ], [ 9.637946783733241, 11.771720536532257 ], [ 9.638467303086941, 11.772048616755171 ], [ 9.63883808333884, 11.772230107878443 ], [ 9.639351470687643, 11.772348774959084 ], [ 9.639829208012259, 11.772411599001771 ], [ 9.64005738016732, 11.772523285077682 ], [ 9.64013938022299, 11.77273409422088 ], [ 9.639968250106733, 11.772999349401118 ], [ 9.639740077951728, 11.773460053714132 ], [ 9.639711555932308, 11.77390679801772 ], [ 9.639925468077649, 11.774213935226385 ], [ 9.640324770348968, 11.774493149416116 ], [ 9.640752592639672, 11.774716519567846 ], [ 9.641308764017538, 11.774800284624803 ], [ 9.641936238443918, 11.774632755510936 ], [ 9.642577973879952, 11.774744441586847 ], [ 9.643077101219035, 11.77500969476705 ], [ 9.64336231741288, 11.775498319099086 ], [ 9.643419360451617, 11.776042784468984 ], [ 9.643162666277192, 11.776531405800995 ], [ 9.64274910299622, 11.776782695971747 ], [ 9.64223571464737, 11.777257356294228 ], [ 9.64163676224041, 11.77750864746497 ], [ 9.641009286814096, 11.777564488502946 ], [ 9.640695549600935, 11.777871620711608 ], [ 9.640738331629962, 11.77820667393928 ], [ 9.641351546046621, 11.778737173299703 ], [ 9.641979021472991, 11.778834896366106 ], [ 9.642791885025247, 11.779058263517868 ], [ 9.643604749577548, 11.779267670660147 ], [ 9.644317789062029, 11.779337473707585 ], [ 9.644674309304264, 11.779532919840392 ], [ 9.644959524498063, 11.779742326982671 ], [ 9.645401608798466, 11.779700445954234 ], [ 9.645672563982544, 11.779532919840392 ], [ 9.646442645505772, 11.77922578963171 ], [ 9.646770643728644, 11.778988462470465 ], [ 9.646784904738354, 11.778667371252311 ], [ 9.646856208786801, 11.778108949872887 ], [ 9.647212728029047, 11.777704093597777 ], [ 9.647583509280935, 11.777494686455498 ], [ 9.648039853591001, 11.77750864746497 ], [ 9.648481937891404, 11.777829738683124 ], [ 9.649009587249907, 11.778248554967718 ], [ 9.649449102548544, 11.778413756079942 ], [ 9.650047016954773, 11.7783234020186 ], [ 9.650449926228532, 11.77826251597719 ], [ 9.650849228499851, 11.778276475986672 ], [ 9.650991835596756, 11.778695292271266 ], [ 9.65114870470336, 11.778960541451454 ], [ 9.651490962935895, 11.779030343498903 ], [ 9.651590789003706, 11.778779055328187 ], [ 9.65174765711032, 11.778457963109986 ], [ 9.652118438362209, 11.778234594958235 ], [ 9.652446435585091, 11.778164791910797 ], [ 9.652888271885274, 11.778344423032877 ], [ 9.655056159358253, 11.778067067844404 ], [ 9.655541025687739, 11.778094988863359 ], [ 9.65574067682337, 11.778471923119469 ], [ 9.655940327959001, 11.779058263517868 ], [ 9.655954588968712, 11.779714405963716 ], [ 9.656197022133426, 11.77995173412495 ], [ 9.656510759346588, 11.780077377210318 ], [ 9.657209537821416, 11.78000757516287 ], [ 9.657779969208946, 11.78000757516287 ], [ 9.658065185402734, 11.780189061286194 ], [ 9.658107967431818, 11.780747476665624 ], [ 9.658336139586879, 11.7810685658838 ], [ 9.658721180848488, 11.78120816997864 ], [ 9.659091961100387, 11.781040644864788 ], [ 9.659790738575168, 11.780887080760465 ], [ 9.66071769020499, 11.78071955564667 ], [ 9.661159774505393, 11.780873120750982 ], [ 9.661402207670108, 11.781222129988123 ], [ 9.661673162854186, 11.782352917756441 ], [ 9.66183003196079, 11.783204496335031 ], [ 9.662257855251482, 11.783469740515272 ], [ 9.6629423727166, 11.783413900477342 ], [ 9.663682448219447, 11.782857816099522 ], [ 9.664722296925959, 11.78303231921808 ], [ 9.665590496515847, 11.783957770846882 ], [ 9.669522971187803, 11.784340500106907 ], [ 9.673088166610171, 11.792158108418619 ], [ 9.673368404800556, 11.794117485749894 ], [ 9.675453351217186, 11.808695107654728 ], [ 9.676082930644952, 11.813097030645622 ], [ 9.6757977164512, 11.820495067672255 ], [ 9.675840375480163, 11.821201274152088 ], [ 9.676436524885219, 11.831070310857626 ], [ 9.677395577536856, 11.839671173701504 ], [ 9.677609211682011, 11.841587059003245 ], [ 9.677794224807712, 11.843246268130599 ], [ 9.67582458446941, 11.845133080412609 ], [ 9.675093936972985, 11.845732194819675 ], [ 9.675092423971989, 11.845733435820534 ], [ 9.673456826860672, 11.847074590731779 ], [ 9.673683167014417, 11.852700232554128 ], [ 9.673768271072277, 11.859307286043304 ], [ 9.679152099730345, 11.864904942846636 ], [ 9.682552490040734, 11.866753681102807 ], [ 9.686159911491814, 11.867926730899796 ], [ 9.687300774266987, 11.867159153378282 ], [ 9.688156420848316, 11.86569377038262 ], [ 9.687798285605027, 11.86422270338312 ], [ 9.688940764381243, 11.863600352960248 ], [ 9.690580754495556, 11.864019038244749 ], [ 9.691650313222283, 11.86311188662836 ], [ 9.691792921319177, 11.86171626268009 ], [ 9.69343291143349, 11.86143713849043 ], [ 9.693784774672565, 11.860627500940325 ], [ 9.693932037772583, 11.859483252162875 ], [ 9.695286812693098, 11.858924995783582 ], [ 9.69671289066207, 11.860041505542199 ], [ 9.698067665582585, 11.8592041239732 ], [ 9.699208528357701, 11.860250851684441 ], [ 9.700420695181322, 11.860181069637008 ], [ 9.700991125568919, 11.859134341925824 ], [ 9.702252657426072, 11.858887420758037 ], [ 9.703130244022361, 11.85871564964134 ], [ 9.702345901489423, 11.857320003693076 ], [ 9.702047312286538, 11.856257669971228 ], [ 9.701903222188662, 11.855821130674656 ], [ 9.701754672087702, 11.854977920101703 ], [ 9.702111192329937, 11.854483622765883 ], [ 9.70291633187702, 11.854179774559441 ], [ 9.703338113163568, 11.853158848865746 ], [ 9.703656110379654, 11.852273813264389 ], [ 9.703859178517632, 11.851166545512058 ], [ 9.70386407952094, 11.851139825493931 ], [ 9.704636539045794, 11.850558291098764 ], [ 9.705358787536568, 11.850792940258202 ], [ 9.705575914684061, 11.851379348656678 ], [ 9.705663458743572, 11.85161578581733 ], [ 9.706071828021038, 11.851811785950474 ], [ 9.706527529330629, 11.851693072869807 ], [ 9.706747127479844, 11.851585878796982 ], [ 9.70685617055392, 11.851532650760817 ], [ 9.707098603718691, 11.851225600552198 ], [ 9.707055821689607, 11.850709199201333 ], [ 9.707341036883406, 11.850178838840975 ], [ 9.707925729280646, 11.849871787632367 ], [ 9.708710072813574, 11.850262579897844 ], [ 9.709437373307765, 11.850471933040126 ], [ 9.710207454830993, 11.850876681315128 ], [ 9.710764118209227, 11.851091242460882 ], [ 9.711405360644903, 11.851407039675451 ], [ 9.71197579203249, 11.851518693751359 ], [ 9.71247491937163, 11.851420996684965 ], [ 9.713088132788243, 11.851490779732387 ], [ 9.713744129233987, 11.851644304836668 ], [ 9.714713861892847, 11.852076965130664 ], [ 9.715455423396747, 11.852356100320321 ], [ 9.716139940861808, 11.852663147528915 ], [ 9.716696111239742, 11.852998109756527 ], [ 9.717309324656355, 11.853319113974635 ], [ 9.718150711228077, 11.853500551097909 ], [ 9.718820967683484, 11.853514507107377 ], [ 9.719833484371406, 11.853863424344468 ], [ 9.722046581875134, 11.854510619784207 ], [ 9.722614337260893, 11.854505429780659 ], [ 9.723427200813205, 11.854561256818613 ], [ 9.724154501307339, 11.854868303027217 ], [ 9.724778210731131, 11.855416422399685 ], [ 9.72485327978211, 11.855482393444504 ], [ 9.725167016995329, 11.855901089728945 ], [ 9.725594840285964, 11.85608252585223 ], [ 9.726265096741372, 11.8559569167669 ], [ 9.727241248404653, 11.856044144826171 ], [ 9.727261405418346, 11.856048189828925 ], [ 9.727919347865395, 11.856180221918635 ], [ 9.728085184978056, 11.856301409000991 ], [ 9.728296546121669, 11.856455863105907 ], [ 9.728596022325121, 11.856741972300313 ], [ 9.729180713722428, 11.856888516399863 ], [ 9.729686972066418, 11.856965276452058 ], [ 9.729904056213911, 11.856925022424662 ], [ 9.730364358526629, 11.856839668366661 ], [ 9.730670965734987, 11.857021102489966 ], [ 9.730900127890663, 11.857266531656705 ], [ 9.731048876991736, 11.857425840764961 ], [ 9.731284180151647, 11.857691013945157 ], [ 9.731647830398686, 11.857928274106371 ], [ 9.731966644615341, 11.857993681150788 ], [ 9.732360868883177, 11.857928274106371 ], [ 9.732689715106631, 11.857880106073594 ], [ 9.733095300382217, 11.857984100144279 ], [ 9.733337732546943, 11.857865470063643 ], [ 9.733615817735881, 11.857663100926175 ], [ 9.733965206973267, 11.857795687016278 ], [ 9.7341006850653, 11.858053882191712 ], [ 9.734457204307546, 11.858214381300741 ], [ 9.734835114564305, 11.858346967390844 ], [ 9.735163112787177, 11.858451641461954 ], [ 9.735505372019702, 11.858556313533086 ], [ 9.735975978339468, 11.858702855632657 ], [ 9.73730936124548, 11.858940114793825 ], [ 9.738314745928562, 11.859142482931361 ], [ 9.7391133504712, 11.859498371173174 ], [ 9.739833519960484, 11.859868215424456 ], [ 9.74069629654673, 11.860014756524038 ], [ 9.741352292992417, 11.860021734528743 ], [ 9.741865682341256, 11.860105472585644 ], [ 9.742564459816037, 11.860258992689978 ], [ 9.743334542339255, 11.860419490799018 ], [ 9.743926364741412, 11.860573009903305 ], [ 9.744218710940004, 11.860503228855919 ], [ 9.744525318148362, 11.860349708751585 ], [ 9.744853316371234, 11.860300861718429 ], [ 9.745338181700674, 11.86062883594127 ], [ 9.745815919025233, 11.860914940135615 ], [ 9.746236612311122, 11.86117313231108 ], [ 9.746479045475837, 11.861249891363229 ], [ 9.74689260775682, 11.861124285277867 ], [ 9.747291910028139, 11.861089394254179 ], [ 9.74759851723644, 11.861124285277867 ], [ 9.747791037367278, 11.861375498448581 ], [ 9.748026339527144, 11.862108201946398 ], [ 9.747897993439949, 11.862443151173977 ], [ 9.747919384454462, 11.862785079406308 ], [ 9.748097643575591, 11.863071180600684 ], [ 9.748361467754819, 11.863245632719213 ], [ 9.748689465977691, 11.863315413766657 ], [ 9.749045986219926, 11.863203764690809 ], [ 9.749267028370127, 11.863029311572234 ], [ 9.749537982554216, 11.863085136610209 ], [ 9.749652068631747, 11.863371238804575 ], [ 9.749630677617233, 11.863720143041633 ], [ 9.749716242675333, 11.863922508179144 ], [ 9.749873111781937, 11.863978332217073 ], [ 9.750008588873982, 11.863908552169676 ], [ 9.750265283048407, 11.863803880098544 ], [ 9.751024390564169, 11.863864887139982 ], [ 9.751353468787784, 11.864010768239098 ], [ 9.751784057080329, 11.864055091269222 ], [ 9.752012229235334, 11.863915530174381 ], [ 9.752254662400105, 11.863727121046395 ], [ 9.752504225569623, 11.863741078055853 ], [ 9.752746658734395, 11.863636405984778 ], [ 9.753217265054104, 11.863371238804575 ], [ 9.753424047194642, 11.863189808681284 ], [ 9.753495351243089, 11.862980465539067 ], [ 9.753324221126775, 11.86279205741107 ], [ 9.753352743146195, 11.862589692273559 ], [ 9.753609437320563, 11.862457108183492 ], [ 9.754001607587043, 11.862659473320946 ], [ 9.754472213906809, 11.862973487534305 ], [ 9.754743169090887, 11.863336348780877 ], [ 9.755035957289863, 11.863594056956003 ], [ 9.755349251502707, 11.863748056060615 ], [ 9.755586465663896, 11.86396344720697 ], [ 9.755805597812753, 11.864320258449368 ], [ 9.755990987938731, 11.864543555601131 ], [ 9.756376029200339, 11.864697072705439 ], [ 9.756668375398988, 11.864676138691209 ], [ 9.7569749816073, 11.864592401634297 ], [ 9.757352892864105, 11.864585423629535 ], [ 9.757632189053879, 11.864687405698874 ], [ 9.757973237285569, 11.864913392852429 ], [ 9.758508015648943, 11.865157625018355 ], [ 9.759085578041379, 11.865429768203228 ], [ 9.759563314365948, 11.865639109345466 ], [ 9.760119484743882, 11.866043834620484 ], [ 9.760247831831066, 11.86622526274374 ], [ 9.760511656010294, 11.866371801843343 ], [ 9.760861045247736, 11.86634388982435 ], [ 9.761217565489972, 11.866483449919201 ], [ 9.761688170809691, 11.866797460132545 ], [ 9.762244341187625, 11.866818394146776 ], [ 9.762493905357189, 11.86695795424157 ], [ 9.762650774463737, 11.867348721507085 ], [ 9.762729207517054, 11.867669708725202 ], [ 9.762950249667256, 11.867788334805766 ], [ 9.76319981383682, 11.86776042278683 ], [ 9.763463638016049, 11.867669708725202 ], [ 9.763898592311591, 11.867781356801061 ], [ 9.764312154592574, 11.867941849910096 ], [ 9.76490397799472, 11.868123278033352 ], [ 9.765424496348373, 11.868346573185079 ], [ 9.765574234450128, 11.868548933322586 ], [ 9.765752493571199, 11.868576845341522 ], [ 9.765937883697177, 11.868521022303639 ], [ 9.766087622798921, 11.86844426425148 ], [ 9.766429881031456, 11.868541955317824 ], [ 9.766964661394809, 11.868709426431622 ], [ 9.767442396719446, 11.868793162488544 ], [ 9.767793564958026, 11.869013743638391 ], [ 9.768027089116686, 11.869079257682927 ], [ 9.76827665328625, 11.869023433644998 ], [ 9.768626041523646, 11.869176948749271 ], [ 9.768904126712584, 11.869183926754033 ], [ 9.769253516950016, 11.869086235687632 ], [ 9.769574384168038, 11.869162992739803 ], [ 9.769909513395703, 11.869414198910476 ], [ 9.770230379613736, 11.869532823991108 ], [ 9.770643942894708, 11.869735184128558 ], [ 9.770807942006172, 11.869686338095391 ], [ 9.77098620212729, 11.869609581043221 ], [ 9.771264287316228, 11.869735184128558 ], [ 9.77157089352454, 11.869853809209189 ], [ 9.771713501621434, 11.869916610251835 ], [ 9.771884630737702, 11.869972433289774 ], [ 9.772005847820083, 11.870105014379874 ], [ 9.771991586810373, 11.870412041588452 ], [ 9.772035094839964, 11.870579533702255 ], [ 9.77217776693692, 11.870612650724809 ], [ 9.772340976047815, 11.870453908616923 ], [ 9.772490714149512, 11.870412041588452 ], [ 9.77267610527548, 11.870565555692792 ], [ 9.772854364396608, 11.870698135782845 ], [ 9.773059660536092, 11.870848604885111 ], [ 9.773303578701814, 11.870830715872955 ], [ 9.773382012755121, 11.870740003811306 ], [ 9.773538881861725, 11.870684179773377 ], [ 9.773724819988047, 11.870670245763904 ], [ 9.773938184133044, 11.870684179773377 ], [ 9.774216269321983, 11.870781870839778 ], [ 9.774472963496351, 11.870823737868193 ], [ 9.774615570593255, 11.87100516399147 ], [ 9.774722526665926, 11.87113774408158 ], [ 9.77488331877521, 11.871260394164892 ], [ 9.775077183906888, 11.871408271265352 ], [ 9.775342871087446, 11.871472682309104 ], [ 9.775618392274623, 11.871704739466793 ], [ 9.7759981935327, 11.871885323589481 ], [ 9.776947209177536, 11.872100690735806 ], [ 9.777211034356753, 11.872142557764278 ], [ 9.777382163473021, 11.872226292821153 ], [ 9.777603204623233, 11.872449583972866 ], [ 9.777814912767099, 11.872551653042251 ], [ 9.778038158918775, 11.87244260596816 ], [ 9.778209289035033, 11.872296070868572 ], [ 9.778430331185234, 11.872337938897033 ], [ 9.778594330296642, 11.872372827920742 ], [ 9.778765459412909, 11.872303048873334 ], [ 9.778927400522946, 11.872513898016564 ], [ 9.77936441181987, 11.872644964105632 ], [ 9.779549801945848, 11.872700787143572 ], [ 9.779717233059614, 11.872811026218471 ], [ 9.780034669275267, 11.872791499205221 ], [ 9.780327015473915, 11.872770566190979 ], [ 9.780384057512663, 11.872596119072455 ], [ 9.780248581420608, 11.872407716944451 ], [ 9.780277102440039, 11.872240248830678 ], [ 9.780526665609557, 11.872212336811685 ], [ 9.780712055735535, 11.872393760934983 ], [ 9.780853764831818, 11.872662754117755 ], [ 9.781125619016564, 11.872756610181511 ], [ 9.781125619016564, 11.872993857342692 ], [ 9.781196923065011, 11.873140391442234 ], [ 9.781382313190932, 11.873154347451759 ], [ 9.781532051292686, 11.872979901333224 ], [ 9.781753093442887, 11.872979901333224 ], [ 9.782043343640112, 11.873185098472618 ], [ 9.78218091673358, 11.873454393655607 ], [ 9.782145264709357, 11.873663728797851 ], [ 9.782259350786831, 11.873963775001698 ], [ 9.782195304743368, 11.874228939181876 ], [ 9.78216665572387, 11.874347555262489 ], [ 9.782302133815904, 11.874619690447389 ], [ 9.782501784951592, 11.874619690447389 ], [ 9.782651523053346, 11.874556890404733 ], [ 9.782592011012866, 11.874353055266226 ], [ 9.782565957995189, 11.874263822205592 ], [ 9.782637262043636, 11.874110310101287 ], [ 9.782801261155043, 11.874131243115471 ], [ 9.782993782285871, 11.874382444286198 ], [ 9.783130416378697, 11.874521503380663 ], [ 9.783172041406999, 11.874563867409449 ], [ 9.783330086514354, 11.874583973423114 ], [ 9.78388508089148, 11.874654579471098 ], [ 9.784334295196686, 11.874849956603839 ], [ 9.784512555317804, 11.874849956603839 ], [ 9.784640902404988, 11.874773200551658 ], [ 9.784712206453435, 11.874612712442627 ], [ 9.785025942666607, 11.874556890404733 ], [ 9.785254115821658, 11.874403378300428 ], [ 9.785339679879826, 11.87416613213918 ], [ 9.785503679991223, 11.874033554049106 ], [ 9.785717591136574, 11.874082398082294 ], [ 9.785874460243178, 11.874305688234017 ], [ 9.785952894296429, 11.874522000380978 ], [ 9.78617393644663, 11.874647601466336 ], [ 9.786509064674362, 11.874696446499513 ], [ 9.786772888853591, 11.874522000380978 ], [ 9.787058105047379, 11.874494089362031 ], [ 9.787257756183067, 11.874626668452095 ], [ 9.787300538212094, 11.874905779641779 ], [ 9.787243495173357, 11.875464003021023 ], [ 9.787225401161038, 11.875802684251141 ], [ 9.787210363150848, 11.876084161442407 ], [ 9.787364712255737, 11.876273423571035 ], [ 9.78761487142566, 11.876303581591515 ], [ 9.787798686550559, 11.876434705680595 ], [ 9.788013576696585, 11.87658044477962 ], [ 9.78837009693882, 11.876482756713244 ], [ 9.78888348528767, 11.876343201618397 ], [ 9.788943729328594, 11.87634029061644 ], [ 9.78946104668006, 11.87631529059945 ], [ 9.789548620739595, 11.876529538745046 ], [ 9.789575132757591, 11.876594400789088 ], [ 9.789603654776954, 11.876964222040385 ], [ 9.789503828709144, 11.87757128445287 ], [ 9.789610784781814, 11.87792017068989 ], [ 9.789903130980463, 11.878289988941162 ], [ 9.790259651222698, 11.878457454054967 ], [ 9.790929907678105, 11.87851327609286 ], [ 9.791580500120119, 11.878644639182141 ], [ 9.79227042058892, 11.878869139334654 ], [ 9.792962069058831, 11.879085447481657 ], [ 9.793874759678999, 11.879336643652323 ], [ 9.794523625119837, 11.879545973794563 ], [ 9.795514749793256, 11.879615750841936 ], [ 9.796021007137256, 11.879671571879896 ], [ 9.796562916505479, 11.879832058988939 ], [ 9.797033522825188, 11.880020456116938 ], [ 9.797931952435647, 11.880173964221228 ], [ 9.798637860915278, 11.880320495320802 ], [ 9.799129858249557, 11.880264674282898 ], [ 9.799653521605364, 11.880136562195844 ], [ 9.799785853695312, 11.880104188173846 ], [ 9.800199416976284, 11.880139076197565 ], [ 9.800705675320273, 11.880411205382416 ], [ 9.800857285423263, 11.880543340472229 ], [ 9.80116201963034, 11.880808930652677 ], [ 9.801939233158407, 11.881395052050891 ], [ 9.802602358608965, 11.881967217439694 ], [ 9.803315398093446, 11.882267254643523 ], [ 9.803999915558563, 11.882406806738345 ], [ 9.804798520101144, 11.882448671766781 ], [ 9.805582862634083, 11.881646247221568 ], [ 9.80624898708669, 11.881538557148417 ], [ 9.808661937726185, 11.882015775472667 ], [ 9.812222712145569, 11.884593134223849 ], [ 9.814158302460669, 11.885641324936046 ], [ 9.816191010841806, 11.886742109684008 ], [ 9.820551915804856, 11.887661177308473 ], [ 9.828102602935189, 11.889252495389655 ], [ 9.833508327608115, 11.890391751163747 ], [ 9.834326889164288, 11.891078757630567 ], [ 9.841764061217532, 11.897320446871447 ], [ 9.847490349108284, 11.902126267136794 ], [ 9.855895452819141, 11.909180297929709 ], [ 9.860047040639927, 11.912664546297094 ], [ 9.86985415230339, 11.920563583664091 ], [ 9.870489550735158, 11.921075360011798 ], [ 9.87301415245048, 11.923108774393427 ], [ 9.873014236450558, 11.923108842393503 ], [ 9.880194784329376, 11.930584622472907 ], [ 9.882717116043182, 11.933210661257192 ], [ 9.888763882151693, 11.936630699580917 ], [ 9.890944166633062, 11.935695473945486 ], [ 9.891552317046319, 11.935434609768265 ], [ 9.893394335297842, 11.93613223424228 ], [ 9.894879833307186, 11.936539179518775 ], [ 9.896246492235775, 11.937120529913784 ], [ 9.897256630922129, 11.937294935032241 ], [ 9.898742128931417, 11.938050688545729 ], [ 9.900524727142624, 11.938108822585264 ], [ 9.902069645192341, 11.938864574098773 ], [ 9.902159561253427, 11.939984890859932 ], [ 9.902169020259862, 11.940102748940035 ], [ 9.902318163361201, 11.940074656920956 ], [ 9.903495723161257, 11.939852860770259 ], [ 9.904981222170591, 11.940666741323241 ], [ 9.905507165527979, 11.941879573147332 ], [ 9.90558265657927, 11.942053656265614 ], [ 9.905867144772571, 11.942083315285743 ], [ 9.907892798148907, 11.942294495429223 ], [ 9.908724676714087, 11.943166502021711 ], [ 9.90973481640043, 11.942992099903222 ], [ 9.911814513813511, 11.943631571337733 ], [ 9.913478271943973, 11.943573437298198 ], [ 9.915201450114751, 11.944154771693206 ], [ 9.91656810804335, 11.943573437298198 ], [ 9.917281147527831, 11.944271038772172 ], [ 9.91888548561792, 11.943922237535219 ], [ 9.921262283232807, 11.943747838416698 ], [ 9.923401400686259, 11.943805971456186 ], [ 9.92363907984776, 11.944910507206657 ], [ 9.923579659807388, 11.946654500391617 ], [ 9.926312976664519, 11.947933422260633 ], [ 9.926669496906754, 11.949677396445566 ], [ 9.927973456792756, 11.950159850773389 ], [ 9.930353533409914, 11.950084321722045 ], [ 9.930650631611741, 11.95147949167 ], [ 9.931482511176966, 11.951828282907002 ], [ 9.932670909984438, 11.951363227591003 ], [ 9.93267686498848, 11.94992562861421 ], [ 9.933681048670792, 11.949561132366568 ], [ 9.9343346681149, 11.950374982919527 ], [ 9.934512928236018, 11.952002678025451 ], [ 9.936354946487597, 11.952002678025451 ], [ 9.938552823980956, 11.951882216943659 ], [ 9.939682461748475, 11.950840040235505 ], [ 9.940752021475191, 11.951421359630501 ], [ 9.94140563991931, 11.953630363131424 ], [ 9.942940922962407, 11.953748197211496 ], [ 9.945089676422413, 11.953397837973398 ], [ 9.94503025638204, 11.954676726842365 ], [ 9.946694013512456, 11.954734858881864 ], [ 9.948892551006281, 11.95537430131634 ], [ 9.950318629975243, 11.955199908197869 ], [ 9.951685287903842, 11.955955610711328 ], [ 9.951507027782725, 11.957757663935695 ], [ 9.95269542659014, 11.957990187093685 ], [ 9.954359184720602, 11.958571491488669 ], [ 9.956320043052926, 11.959443445081149 ], [ 9.959706979354166, 11.960373526713056 ], [ 9.96047943787903, 11.959559706160121 ], [ 9.960538857919403, 11.958571491488669 ], [ 9.959528719233049, 11.957641402856723 ], [ 9.959469299192676, 11.956071872790289 ], [ 9.960538857919403, 11.95514177715836 ], [ 9.96265666135838, 11.95392069632868 ], [ 9.964952929918582, 11.954118605463179 ], [ 9.967808054858494, 11.954364678630327 ], [ 9.969120046749936, 11.955648214502446 ], [ 9.969633435098729, 11.95754560379163 ], [ 9.969804565215043, 11.959889420384172 ], [ 9.970432038641377, 11.961730974635373 ], [ 9.971230643183958, 11.962568041204122 ], [ 9.97277080823045, 11.96334930073499 ], [ 9.973341238618048, 11.964130559265811 ], [ 9.974139843160629, 11.964074755227898 ], [ 9.974653230509432, 11.963014475507464 ], [ 9.976307481633455, 11.962735454317908 ], [ 9.977676516563633, 11.964074755227898 ], [ 9.978303991990003, 11.964856009758705 ], [ 9.980243458307768, 11.967311369427023 ], [ 9.981612493237947, 11.968594843299059 ], [ 9.983551959555712, 11.96915287367824 ], [ 9.983961796834194, 11.970164876365857 ], [ 9.986262969397728, 11.971105052004646 ], [ 9.988963303232481, 11.972208322754284 ], [ 9.992724020787705, 11.972731604109811 ], [ 9.996580604408052, 11.975133765741987 ], [ 10.003973402431143, 11.976630369758823 ], [ 10.010490579859265, 11.978428022980268 ], [ 10.012213758030043, 11.979009283375206 ], [ 10.013889903168945, 11.979976892032653 ], [ 10.015425887212587, 11.980863584635131 ], [ 10.016664821054349, 11.982664987859096 ], [ 10.020079613374548, 11.983550072460446 ], [ 10.02154268836864, 11.983252447258224 ], [ 10.022849926256868, 11.981334312954971 ], [ 10.023681804822047, 11.980462429362547 ], [ 10.024989043710264, 11.980171800165067 ], [ 10.028970179415296, 11.978718653177737 ], [ 10.031228136949437, 11.978718653177737 ], [ 10.037211168014665, 11.974598909378528 ], [ 10.037862529457186, 11.976182006454223 ], [ 10.040557066288045, 11.976044842360977 ], [ 10.041270104772479, 11.976335474558482 ], [ 10.041032424610989, 11.977149245111377 ], [ 10.042636762701079, 11.97953241573066 ], [ 10.043884581548923, 11.980869307639011 ], [ 10.044597621033404, 11.981101809796996 ], [ 10.045072981356384, 11.980229926204572 ], [ 10.045786019840818, 11.980113675125608 ], [ 10.046142539083064, 11.981276186915466 ], [ 10.048103397415389, 11.981159935836445 ], [ 10.047449777971281, 11.979648667809613 ], [ 10.047628038092398, 11.97749800334833 ], [ 10.048519336698007, 11.977439877308882 ], [ 10.048697596819125, 11.978602401098726 ], [ 10.051014974393695, 11.979009283375206 ], [ 10.052197011196824, 11.978674820147944 ], [ 10.052916411685601, 11.977904886624799 ], [ 10.0540453904527, 11.978079265743304 ], [ 10.054104810493072, 11.9789511573357 ], [ 10.054342489654573, 11.980055549086103 ], [ 10.053748291250827, 11.980927433678517 ], [ 10.054164229533455, 11.981741191231379 ], [ 10.056184507906153, 11.982322443626344 ], [ 10.055709147583173, 11.983252447258224 ], [ 10.056065667825408, 11.984008071771655 ], [ 10.05737301971368, 11.984414596047827 ], [ 10.05767000591544, 11.985344940679965 ], [ 10.059096084884402, 11.985868062035422 ], [ 10.059868544409255, 11.985577439837925 ], [ 10.060522162853374, 11.986333058351363 ], [ 10.061294622378227, 11.986333058351363 ], [ 10.061710561660846, 11.985577439837925 ], [ 10.06289896046826, 11.985344940679965 ], [ 10.063433739831623, 11.984589320166549 ], [ 10.063374319791251, 11.983601197495204 ], [ 10.064206199356477, 11.983426822376714 ], [ 10.065216338042831, 11.984008071771655 ], [ 10.066404735850313, 11.983601197495204 ], [ 10.066998936254038, 11.98499619344301 ], [ 10.065335177123586, 11.985170566561521 ], [ 10.063631534966021, 11.986282100316714 ], [ 10.065275758083203, 11.988367404733594 ], [ 10.064562717598733, 11.989297387365468 ], [ 10.065632277325449, 11.989820499720906 ], [ 10.067119803336141, 11.989900812775488 ], [ 10.068246754101835, 11.989006768167997 ], [ 10.068187334061463, 11.987786164338672 ], [ 10.070148192393788, 11.988599899891597 ], [ 10.069752527124933, 11.990182835967119 ], [ 10.069494572949679, 11.991912944142655 ], [ 10.070564130676416, 11.991680450984688 ], [ 10.071514850322387, 11.991971067182135 ], [ 10.072643829089486, 11.992726666695489 ], [ 10.073951067977646, 11.993017281892946 ], [ 10.074782946542882, 11.993772880406368 ], [ 10.07543656598699, 11.993249774050923 ], [ 10.075911925309981, 11.992145436300575 ], [ 10.07727858423857, 11.992145436300575 ], [ 10.077753942561571, 11.993540388248391 ], [ 10.078348142965297, 11.994877211156734 ], [ 10.077694522521199, 11.996272149104527 ], [ 10.078942342369032, 11.998422663565691 ], [ 10.079833640974584, 11.998480785605182 ], [ 10.08019016021683, 11.997318347815337 ], [ 10.079525409765154, 11.996166877032977 ], [ 10.079340018639186, 11.99556705362545 ], [ 10.079714800893839, 11.995284069433126 ], [ 10.080352535327165, 11.995497306578045 ], [ 10.081319138983929, 11.99656276030197 ], [ 10.082149393548036, 11.997533909961817 ], [ 10.083042317154764, 11.99760895801279 ], [ 10.084772838330537, 11.996937952556891 ], [ 10.084841172376969, 11.996102434989211 ], [ 10.084884335406286, 11.995574680630625 ], [ 10.085775634011895, 11.994354106801268 ], [ 10.086250993334886, 11.992319806419061 ], [ 10.086607512577132, 11.991738574024168 ], [ 10.087974171505721, 11.992029190221615 ], [ 10.08910315027282, 11.992203559340112 ], [ 10.089697349676555, 11.993947247524829 ], [ 10.090410389160979, 11.995342191472616 ], [ 10.091479947887706, 11.995400312512118 ], [ 10.09272776573556, 11.994179738682817 ], [ 10.093888739524402, 11.995708808721758 ], [ 10.094213263744905, 11.9975508359733 ], [ 10.094153843704532, 11.998829516842136 ], [ 10.09540166255232, 11.999701341434502 ], [ 10.09480746414863, 12.000631284066344 ], [ 10.093500225260414, 12.000689405105845 ], [ 10.092014727251069, 12.002723643487968 ], [ 10.092014727251069, 12.005978392699433 ], [ 10.092311827452932, 12.007024554410236 ], [ 10.09320312605854, 12.007373272647214 ], [ 10.094926304229375, 12.008593788476503 ], [ 10.097060203679234, 12.012109755865424 ], [ 10.095870017870595, 12.014399529421212 ], [ 10.095829963843357, 12.01784992176556 ], [ 10.09659006235978, 12.018706410347534 ], [ 10.098055018355183, 12.018502352208884 ], [ 10.098788598853616, 12.016846646083934 ], [ 10.100392936943706, 12.016381702768001 ], [ 10.102532055397091, 12.017021000202362 ], [ 10.104730591890927, 12.017137235281325 ], [ 10.105503051415781, 12.015509933175679 ], [ 10.107107389505813, 12.014870632741292 ], [ 10.108652307555531, 12.015509933175679 ], [ 10.109840706363002, 12.013882621069968 ], [ 10.111088525210846, 12.013882621069968 ], [ 10.111920403776026, 12.014870632741292 ], [ 10.112692863300879, 12.014812513701827 ], [ 10.113346481744998, 12.013475790793564 ], [ 10.115604440279185, 12.013185197596101 ], [ 10.118159497015199, 12.0133014346751 ], [ 10.119942095226406, 12.014231331306917 ], [ 10.121011653953133, 12.015219341978252 ], [ 10.122675412083595, 12.014521922504343 ], [ 10.124636270415863, 12.014405686425391 ], [ 10.126537706707836, 12.014928750780768 ], [ 10.127191327151934, 12.01614923061004 ], [ 10.124933368617747, 12.017137235281325 ], [ 10.125349308900354, 12.018357705110589 ], [ 10.127310166232689, 12.018880762465983 ], [ 10.129152184484212, 12.019055114584432 ], [ 10.130340583291684, 12.018590175268571 ], [ 10.131350721978038, 12.019868756137271 ], [ 10.132123180502902, 12.021379799163981 ], [ 10.131053621776175, 12.023239531427578 ], [ 10.129449283686085, 12.024401858217345 ], [ 10.130043483089821, 12.025912875243989 ], [ 10.130326956282431, 12.027181470105916 ], [ 10.131957927390602, 12.028248419830902 ], [ 10.134381138037043, 12.028295614862941 ], [ 10.135460837770665, 12.027237261143853 ], [ 10.135153596561906, 12.026145338401932 ], [ 10.135866637046377, 12.025389830888628 ], [ 10.137173874934604, 12.025506062967565 ], [ 10.139134733266928, 12.023297648467064 ], [ 10.140620231276216, 12.023936927901445 ], [ 10.142759348729669, 12.02457620633578 ], [ 10.143769488416012, 12.026958957954776 ], [ 10.144660787021621, 12.02754011434962 ], [ 10.145492665586801, 12.026900842915268 ], [ 10.145314406465729, 12.025157366730639 ], [ 10.147810043161371, 12.024983018612204 ], [ 10.150483939978187, 12.024285625138361 ], [ 10.152979576673829, 12.023530112624996 ], [ 10.154999855046526, 12.023297648467064 ], [ 10.155411064325904, 12.024956127593896 ], [ 10.157198391540305, 12.025970991283486 ], [ 10.157670541861137, 12.027465006298598 ], [ 10.157970851065159, 12.029051113376283 ], [ 10.156307092934696, 12.029457918652668 ], [ 10.156782453257733, 12.030213415165974 ], [ 10.159099829832257, 12.031027022718831 ], [ 10.161739945626096, 12.036187106224816 ], [ 10.162287272997958, 12.03674015360059 ], [ 10.164105523233388, 12.036705285576943 ], [ 10.16492551779055, 12.036879625695349 ], [ 10.164747258669422, 12.03789079938241 ], [ 10.163578305875149, 12.038758010971662 ], [ 10.16210901387683, 12.039738794638026 ], [ 10.161942161763477, 12.04049751615355 ], [ 10.162427346093125, 12.041661813944643 ], [ 10.164566463546578, 12.042417275457922 ], [ 10.166705581000031, 12.041894264102609 ], [ 10.167240361363383, 12.040673901273408 ], [ 10.170389616503144, 12.040267111997025 ], [ 10.171340336149115, 12.040208998957553 ], [ 10.171875114512432, 12.039337306365269 ], [ 10.174489592288865, 12.039453532444213 ], [ 10.175915671257826, 12.041196913628767 ], [ 10.176272190500072, 12.042707836655381 ], [ 10.175321470854101, 12.04363763128714 ], [ 10.175321470854101, 12.045380986471628 ], [ 10.174905531571483, 12.046194548024403 ], [ 10.173122934360322, 12.047414886853574 ], [ 10.170746136745379, 12.048460886564271 ], [ 10.169561594940546, 12.050930990242591 ], [ 10.168904119493789, 12.051540751656944 ], [ 10.1677751397267, 12.051017758301555 ], [ 10.166289641717412, 12.050262320788306 ], [ 10.165754862354049, 12.052412405249186 ], [ 10.165695442313677, 12.053981374315185 ], [ 10.167299781403756, 12.05502734902592 ], [ 10.168191080009308, 12.057003067368328 ], [ 10.168309919090063, 12.057932812000047 ], [ 10.167478039524838, 12.059211204868632 ], [ 10.168168143993739, 12.060844113978135 ], [ 10.170033097260898, 12.062174730882191 ], [ 10.169914258180142, 12.06391796606664 ], [ 10.170948701882992, 12.064578875515735 ], [ 10.172291054795096, 12.064499042461478 ], [ 10.172588154996959, 12.063511211790285 ], [ 10.172231634754723, 12.061477434408403 ], [ 10.177757688509416, 12.058688226513311 ], [ 10.179183767478321, 12.058223356197459 ], [ 10.179956226003185, 12.058978769710734 ], [ 10.179599706760939, 12.060547700776738 ], [ 10.179421446639822, 12.062755810277054 ], [ 10.179396857623146, 12.064939519760742 ], [ 10.177638849428661, 12.066126046566922 ], [ 10.176509869661572, 12.066881439080191 ], [ 10.176866389903807, 12.068276004027723 ], [ 10.178292467872723, 12.068217896988244 ], [ 10.180643978470471, 12.067315100374856 ], [ 10.182808382941118, 12.066707117961755 ], [ 10.185482279757878, 12.066997653159149 ], [ 10.186076479161613, 12.069263815698889 ], [ 10.186857646692374, 12.069382654779645 ], [ 10.187740237292076, 12.068740857343585 ], [ 10.188443567769923, 12.069015970530529 ], [ 10.189522834503236, 12.069438134817347 ], [ 10.191305432714444, 12.07001919921214 ], [ 10.191959052158552, 12.070948898843824 ], [ 10.191127172593326, 12.072052912593961 ], [ 10.189998194826217, 12.07182048943605 ], [ 10.189195680280989, 12.071264610058336 ], [ 10.188572115857312, 12.070832685764913 ], [ 10.187621397211331, 12.07211101863345 ], [ 10.18738371804983, 12.076120294357565 ], [ 10.188631535897684, 12.078153960739371 ], [ 10.191127172593326, 12.078851215213092 ], [ 10.194454688854194, 12.079432257607891 ], [ 10.199492503277156, 12.079439026612476 ], [ 10.201882180900839, 12.079490361647345 ], [ 10.201931985934664, 12.08029394919339 ], [ 10.202001020981584, 12.081407795950156 ], [ 10.203524329016602, 12.080851992572548 ], [ 10.204080718394664, 12.078618797055185 ] ] ] ] } },
{ "type": "Feature", "properties": { "fid": 565.0, "OBJECTID": 565.0, "lganame": "Zaki", "statecode": "BA", "LGA_UID": "05_20" }, "geometry": { "type": "MultiPolygon", "coordinates": [ [ [ [ 10.651284642248697, 12.529352397307491 ], [ 10.691259587409775, 12.514361792122088 ], [ 10.71517316965793, 12.500798864906699 ], [ 10.739755469360489, 12.483665747265547 ], [ 10.750508165666417, 12.476171443173541 ], [ 10.760715988602158, 12.397096723445941 ], [ 10.764261451011123, 12.369631869784882 ], [ 10.723620032397207, 12.370412609315338 ], [ 10.721253581789313, 12.370057727074254 ], [ 10.720383343198023, 12.368561906057892 ], [ 10.707865917693027, 12.354386389426281 ], [ 10.707856898686885, 12.35191131174463 ], [ 10.70657564981633, 12.350264571625701 ], [ 10.706304664632228, 12.350067415491765 ], [ 10.687160415624589, 12.350124602530627 ], [ 10.681312129650962, 12.351456050435274 ], [ 10.676974519703776, 12.348393309354265 ], [ 10.676938792679493, 12.348307113295732 ], [ 10.676580736436222, 12.347940916046923 ], [ 10.67429962988632, 12.340985148320783 ], [ 10.66109491891433, 12.334208855716611 ], [ 10.654960616746337, 12.327889412422849 ], [ 10.650966741032676, 12.323214667246589 ], [ 10.64632596287953, 12.322331477646514 ], [ 10.64322574977308, 12.324964944435806 ], [ 10.62564387882702, 12.321690349210883 ], [ 10.621129060759415, 12.321185284867738 ], [ 10.618347271869311, 12.326415069421103 ], [ 10.613915782858328, 12.327497255156402 ], [ 10.606805969027562, 12.328222970649506 ], [ 10.601593766486076, 12.329483409505883 ], [ 10.596249265854738, 12.328214082643456 ], [ 10.59306281168972, 12.322574548811644 ], [ 10.558857264448648, 12.330200947993433 ], [ 10.559344178779497, 12.342609738424642 ], [ 10.525480110770445, 12.361096290985358 ], [ 10.520159912155634, 12.361430084212145 ], [ 10.514005843974189, 12.354652911607388 ], [ 10.505926564484696, 12.351359240369504 ], [ 10.498669759554048, 12.325197302593665 ], [ 10.496682704203977, 12.319061005424373 ], [ 10.511611222347199, 12.316682273808112 ], [ 10.527475300126071, 12.294807010944908 ], [ 10.52191033334492, 12.291675287817043 ], [ 10.503740665999487, 12.292506218381618 ], [ 10.491367771592707, 12.271402786042813 ], [ 10.491331689568199, 12.271382782029264 ], [ 10.487257348799858, 12.262019888667623 ], [ 10.486189735074447, 12.258278429125482 ], [ 10.473413574393646, 12.260556152673075 ], [ 10.463811312869382, 12.261949700619937 ], [ 10.457821783799773, 12.260741959799304 ], [ 10.4548745547973, 12.259162596726185 ], [ 10.450311103696606, 12.256282556769349 ], [ 10.441963795025003, 12.258616771355321 ], [ 10.4419447780121, 12.262785827187997 ], [ 10.442887191652403, 12.267891351656999 ], [ 10.447420632732701, 12.277304066052466 ], [ 10.446291653965602, 12.279626494630463 ], [ 10.445615946506507, 12.282269221426077 ], [ 10.445400355359993, 12.284271291786411 ], [ 10.446826433328965, 12.286593660364304 ], [ 10.448133672217182, 12.289496591336729 ], [ 10.447955412096064, 12.292167260151302 ], [ 10.447910596065583, 12.294462127710574 ], [ 10.447420632732701, 12.295592642478709 ], [ 10.44599455376374, 12.296637665188769 ], [ 10.444687315875512, 12.297740740938252 ], [ 10.443318362945377, 12.29921958894306 ], [ 10.433579679328432, 12.299916312416428 ], [ 10.430643074333148, 12.296558892135238 ], [ 10.436653791417143, 12.285647495721435 ], [ 10.438864161918957, 12.276665393618543 ], [ 10.436105505044566, 12.273885982730064 ], [ 10.429608492630166, 12.271896063377994 ], [ 10.427990314530689, 12.272426896738693 ], [ 10.420284164294742, 12.291252159529563 ], [ 10.419136744515129, 12.295882926675972 ], [ 10.41724239322798, 12.303608028924771 ], [ 10.410865816895409, 12.305516406221443 ], [ 10.404803062776068, 12.300761931991019 ], [ 10.394131280525073, 12.295164753187976 ], [ 10.395854607695981, 12.292224555190273 ], [ 10.383863834548833, 12.288212647464377 ], [ 10.379812780796328, 12.288399572591345 ], [ 10.375973903187969, 12.287686945107168 ], [ 10.375997874204302, 12.285374419535913 ], [ 10.37480947639682, 12.283574578312994 ], [ 10.372194998620387, 12.282471442563462 ], [ 10.370234141288108, 12.281716664050634 ], [ 10.368095023834655, 12.281078002616709 ], [ 10.366431264704204, 12.280961882537781 ], [ 10.364124390136794, 12.281453236871641 ], [ 10.361915350635854, 12.282006964247898 ], [ 10.359895073263203, 12.282761741760737 ], [ 10.358706674455732, 12.282993980918491 ], [ 10.357340015527143, 12.283400399194647 ], [ 10.356329876840789, 12.28374875743134 ], [ 10.355141478033318, 12.283284280115765 ], [ 10.354190759387393, 12.281948904208434 ], [ 10.354615449675919, 12.279772495729674 ], [ 10.355849627514488, 12.278607834938327 ], [ 10.35651618096739, 12.2769245027946 ], [ 10.356983496284897, 12.275678352947864 ], [ 10.355973356598554, 12.273936506764358 ], [ 10.354903798871874, 12.272020462462535 ], [ 10.354725538750756, 12.269988279081758 ], [ 10.35543857823518, 12.268072205779845 ], [ 10.356765720136934, 12.266788208907428 ], [ 10.358706674455732, 12.266794815911965 ], [ 10.360608111747638, 12.267781890582626 ], [ 10.362628390120335, 12.268885087332194 ], [ 10.36387620796819, 12.269697965884518 ], [ 10.365064606775661, 12.270278592278999 ], [ 10.366431264704204, 12.269930216042326 ], [ 10.367084885148302, 12.268652836174397 ], [ 10.367203725229047, 12.267259323227563 ], [ 10.366134165502331, 12.26662062679361 ], [ 10.365242866896779, 12.265343229925634 ], [ 10.363460268685571, 12.26365937878154 ], [ 10.361915350635854, 12.260814227848414 ], [ 10.358750306485376, 12.257084497314224 ], [ 10.357104119366852, 12.254550599592562 ], [ 10.356064532660525, 12.252990272532429 ], [ 10.353834240145147, 12.252278590048832 ], [ 10.35157628161096, 12.251988256851575 ], [ 10.349496585197926, 12.252046323891022 ], [ 10.346703848300365, 12.251755990693766 ], [ 10.344505310806539, 12.251814056733224 ], [ 10.342900971716517, 12.251814056733224 ], [ 10.341415473707173, 12.251349524417606 ], [ 10.340583595141936, 12.248968777799973 ], [ 10.340524175101564, 12.246355740024569 ], [ 10.341653153868663, 12.24420722156475 ], [ 10.342841551676145, 12.242755510578377 ], [ 10.343316911999125, 12.241594136789274 ], [ 10.342900971716517, 12.240548895079087 ], [ 10.341534313787918, 12.240548895079087 ], [ 10.33951403641521, 12.240955379355285 ], [ 10.337909698325177, 12.241884480986528 ], [ 10.337256078881069, 12.242871648657285 ], [ 10.336958978679206, 12.243742676249099 ], [ 10.336186520154342, 12.244555631801461 ], [ 10.334938702306488, 12.245194381235478 ], [ 10.333215523135664, 12.244323358643669 ], [ 10.332027125328239, 12.243394265012341 ], [ 10.330838725520778, 12.242116756144355 ], [ 10.330125687036286, 12.240374687960696 ], [ 10.331314085843758, 12.238226121500873 ], [ 10.33379237652764, 12.236538384354105 ], [ 10.335414060629489, 12.234567712015121 ], [ 10.336008260033225, 12.233290160147078 ], [ 10.336008260033225, 12.232128744357965 ], [ 10.336186520154342, 12.23102539360832 ], [ 10.335532900710234, 12.230096252976978 ], [ 10.333631463418271, 12.230096252976978 ], [ 10.331314085843758, 12.230909250529407 ], [ 10.328937288228815, 12.232477168594698 ], [ 10.326199414368546, 12.233436149246302 ], [ 10.324028571893564, 12.232460903583672 ], [ 10.322780754045766, 12.23240283254421 ], [ 10.321116995915304, 12.232751257780933 ], [ 10.319928597107833, 12.231647910031256 ], [ 10.319750336986715, 12.229963844887038 ], [ 10.32034453739044, 12.228279768742766 ], [ 10.322067714561285, 12.227060257914161 ], [ 10.324541103241813, 12.225796080055204 ], [ 10.326464789548879, 12.22520194565152 ], [ 10.327653188356351, 12.224156639941327 ], [ 10.32854448696196, 12.222937111112685 ], [ 10.32854448696196, 12.221252989968434 ], [ 10.327890867517851, 12.219394636705772 ], [ 10.325811170104771, 12.21742012236416 ], [ 10.325157550660663, 12.215213294864725 ], [ 10.32486045145879, 12.211903018615544 ], [ 10.324801032418407, 12.209579994037142 ], [ 10.324087991933936, 12.207198872419326 ], [ 10.324246750041823, 12.204486256576217 ], [ 10.324444512176171, 12.202378486144084 ], [ 10.324979290539545, 12.200578078920785 ], [ 10.323790892732063, 12.199416519131546 ], [ 10.321830035399785, 12.199300363052657 ], [ 10.320285117350068, 12.198951893815888 ], [ 10.32034453739044, 12.197441855789862 ], [ 10.321295256036422, 12.196164124921722 ], [ 10.32147351515755, 12.195118704211382 ], [ 10.320760475673069, 12.193782882303765 ], [ 10.319334397704097, 12.192563213475069 ], [ 10.31648224076622, 12.191343537646333 ], [ 10.313689503868659, 12.18948497638354 ], [ 10.311669227495997, 12.187510238041796 ], [ 10.310540247728909, 12.186290540213065 ], [ 10.310421407648164, 12.185186999463269 ], [ 10.320676411615921, 12.182363545544888 ], [ 10.327831448477468, 12.181121281700825 ], [ 10.33555603872594, 12.17903031828007 ], [ 10.343993670458929, 12.174383671122939 ], [ 10.34918986798948, 12.172566618888311 ], [ 10.362176168813107, 12.169446518768325 ], [ 10.368237001931107, 12.168168652900079 ], [ 10.371505098151658, 12.168284822979047 ], [ 10.375011326533979, 12.167910182724484 ], [ 10.379051429279002, 12.167123122189707 ], [ 10.395075525166646, 12.161155839135233 ], [ 10.395222993266827, 12.157637424744621 ], [ 10.404614488647951, 12.149330740100595 ], [ 10.405534367272935, 12.148517116547794 ], [ 10.405412152189911, 12.146860133421967 ], [ 10.405961607563256, 12.145247643326343 ], [ 10.408820177505504, 12.143006955803912 ], [ 10.410676878767049, 12.136899165653972 ], [ 10.40308094560595, 12.135099677431299 ], [ 10.403040594578556, 12.135090118424785 ], [ 10.402693943343024, 12.131875114240358 ], [ 10.402343665105036, 12.128626483033031 ], [ 10.407419285553658, 12.12469489336172 ], [ 10.410380330565545, 12.12423645305023 ], [ 10.413747099853083, 12.127492039262279 ], [ 10.418745027248974, 12.130627213392472 ], [ 10.431032749597875, 12.114792932633804 ], [ 10.432226096408726, 12.11200092273674 ], [ 10.432186135381585, 12.111902838670119 ], [ 10.433689928403339, 12.101623771685979 ], [ 10.440442602991425, 12.094132775596222 ], [ 10.441233814529028, 12.07989552992268 ], [ 10.441208582511877, 12.079746773821569 ], [ 10.419104744493382, 12.075734154095187 ], [ 10.419900896034335, 12.064208449264015 ], [ 10.417730957559968, 12.061623495507661 ], [ 10.412632804096006, 12.057705959845919 ], [ 10.412663218116677, 12.057542949735137 ], [ 10.402080952926497, 12.051486732620219 ], [ 10.398181078276707, 12.052475329291951 ], [ 10.395009123121554, 12.04909485999508 ], [ 10.396396219064002, 12.045307193421536 ], [ 10.404537314595473, 12.037656367223121 ], [ 10.403186153677439, 12.025850898201895 ], [ 10.402048962904757, 12.024428233235255 ], [ 10.40703278729103, 12.01072813092668 ], [ 10.408822564507091, 12.009513030101061 ], [ 10.410159690415639, 12.001663512767664 ], [ 10.424527153177621, 11.996240641083091 ], [ 10.427779817387659, 11.998595893683387 ], [ 10.432419597540218, 11.997787437134093 ], [ 10.43819626146518, 11.985777982974184 ], [ 10.42642382946633, 11.98525851562124 ], [ 10.423420746425904, 11.985580024839692 ], [ 10.41558982010514, 11.979152792472689 ], [ 10.416617997803769, 11.975312348863326 ], [ 10.420092302164392, 11.972540256979812 ], [ 10.43064693033574, 11.968178286016041 ], [ 10.427843140430696, 11.958376107355946 ], [ 10.440230970847665, 11.952109080097784 ], [ 10.435340488524787, 11.945324701488119 ], [ 10.435094629357764, 11.94342502619736 ], [ 10.439147759111677, 11.928445519019476 ], [ 10.438624506756128, 11.92689285796456 ], [ 10.453146107622899, 11.913612358941066 ], [ 10.45682911112533, 11.910244125652525 ], [ 10.459630423028671, 11.906569757155921 ], [ 10.44134152660223, 11.901156008477528 ], [ 10.439269276194239, 11.899596707418084 ], [ 10.421918996405509, 11.90275318756278 ], [ 10.418864757330311, 11.913866730113909 ], [ 10.41424750219312, 11.914562162586435 ], [ 10.3967986303374, 11.890297893099955 ], [ 10.394914348057114, 11.883111599217216 ], [ 10.383228453117113, 11.882523166817407 ], [ 10.370981971796198, 11.893320072153415 ], [ 10.369996873126865, 11.901743718876901 ], [ 10.366560953792316, 11.905013022098217 ], [ 10.356050970651324, 11.912017231857249 ], [ 10.33914466416428, 11.910235036646327 ], [ 10.336831203592396, 11.908392536394445 ], [ 10.337324266927396, 11.904777481938197 ], [ 10.337751803217884, 11.904110562485016 ], [ 10.357816292850771, 11.888579256932246 ], [ 10.352874745493182, 11.883435951437605 ], [ 10.351979002884605, 11.879865544011693 ], [ 10.337313612920127, 11.856107842869449 ], [ 10.325281792745102, 11.871565070371901 ], [ 10.312189686849592, 11.870771943833006 ], [ 10.298904186822767, 11.873417928630829 ], [ 10.295792786708716, 11.884038871847281 ], [ 10.303136589698454, 11.898017137344823 ], [ 10.303938935243593, 11.898927624963449 ], [ 10.301906887862913, 11.911504195508655 ], [ 10.292996237808552, 11.917977211906759 ], [ 10.289474018415376, 11.916718065051271 ], [ 10.285512259723532, 11.911772987691279 ], [ 10.284689083164267, 11.910745495993183 ], [ 10.283223564168509, 11.91218066896829 ], [ 10.27839087888492, 11.911111101241602 ], [ 10.275416551863998, 11.912598265252029 ], [ 10.271668901317639, 11.915810537434595 ], [ 10.266665612918132, 11.918841340493884 ], [ 10.267800049688958, 11.920883052881152 ], [ 10.26645000077167, 11.928687029183607 ], [ 10.261270245252263, 11.933151460216948 ], [ 10.259873911303487, 11.940457074180756 ], [ 10.254826198873843, 11.944361561833716 ], [ 10.249345829150172, 11.937042083860433 ], [ 10.238011516449035, 11.93919377632244 ], [ 10.236850365660075, 11.936807549701086 ], [ 10.228996148323517, 11.935347147708853 ], [ 10.222791859107986, 11.933083332170668 ], [ 10.220625919636348, 11.933623031537365 ], [ 10.219005990535663, 11.935508046818143 ], [ 10.217713243657329, 11.93593464010803 ], [ 10.210858372999724, 11.937650914274116 ], [ 10.208824591617883, 11.949977034649123 ], [ 10.215408697091505, 11.951591109745834 ], [ 10.220549282584273, 11.951989960016817 ], [ 10.221757109404905, 11.95202343603961 ], [ 10.221937733527682, 11.952155367129251 ], [ 10.216728414988154, 11.959902733393221 ], [ 10.216567517878843, 11.960494839795501 ], [ 10.215270942997904, 11.965266276037482 ], [ 10.218818832408488, 11.968009276901228 ], [ 10.209805090284078, 11.97993146900177 ], [ 10.199350559180743, 11.972736063112848 ], [ 10.192194855318746, 11.967811097766571 ], [ 10.191932986140841, 11.967718518703634 ], [ 10.189449797453619, 11.966915739158196 ], [ 10.191888541110643, 11.972093575676297 ], [ 10.191318108723067, 11.97446516728769 ], [ 10.188805519015887, 11.975716561137972 ], [ 10.187002035790499, 11.976496159667647 ], [ 10.186612050525525, 11.97802251270474 ], [ 10.186612050525525, 11.979975547031756 ], [ 10.186754658622419, 11.982277317595674 ], [ 10.185328579653458, 11.983811820638323 ], [ 10.183683088535417, 11.984270392949895 ], [ 10.181121648795056, 11.983602571496135 ], [ 10.178198187808675, 11.983463071401331 ], [ 10.177627757421135, 11.984858068349183 ], [ 10.178768620196252, 11.987648040244835 ], [ 10.181620776134196, 11.988833770050462 ], [ 10.182262511570229, 11.990856473424799 ], [ 10.183118159151604, 11.992600169609545 ], [ 10.183751349581826, 11.994550352934652 ], [ 10.183831197636039, 11.996296772121241 ], [ 10.185471187750352, 11.99776144911641 ], [ 10.186537710475022, 11.997830997163646 ], [ 10.187610306203794, 11.997900941211185 ], [ 10.188537256833627, 11.996017784931666 ], [ 10.189892030754095, 11.994762339078648 ], [ 10.191318108723067, 11.994692592031242 ], [ 10.194241569709391, 11.996436265216005 ], [ 10.196095471969045, 11.999993321632871 ], [ 10.195810255775257, 12.003899056286627 ], [ 10.196451991211291, 12.006270366897809 ], [ 10.19745024588957, 12.007246782561253 ], [ 10.199232844100777, 12.007177038513873 ], [ 10.202013696990207, 12.006898064324332 ], [ 10.20365368710452, 12.007316526608633 ], [ 10.204580637734352, 12.009408835030285 ], [ 10.204010207346755, 12.011222155262317 ], [ 10.201204683440551, 12.017142688285048 ], [ 10.201204665440514, 12.017142727285091 ], [ 10.19866241271319, 12.022171559701917 ], [ 10.194241569709391, 12.023078179317963 ], [ 10.190818982383917, 12.024054533981314 ], [ 10.190462462141681, 12.026146712402863 ], [ 10.191745933013749, 12.030331018245931 ], [ 10.193172010982721, 12.032562621762168 ], [ 10.195239825387659, 12.033329731283402 ], [ 10.199090236003883, 12.034306048946746 ], [ 10.201086746360374, 12.036467883415639 ], [ 10.203938903298308, 12.038699435931846 ], [ 10.206149323800162, 12.038490228789726 ], [ 10.209215392883436, 12.036049465131327 ], [ 10.210443031717546, 12.036158615205466 ], [ 10.212352765015112, 12.036328411320824 ], [ 10.215917961437526, 12.039605998547813 ], [ 10.218698814326956, 12.041558584874508 ], [ 10.219197940666106, 12.044487438864508 ], [ 10.218411066131466, 12.048263007429853 ], [ 10.218627510278509, 12.056690651156032 ], [ 10.218199686987816, 12.060037720430216 ], [ 10.218484902181615, 12.063036102467493 ], [ 10.220481411538174, 12.064291228320258 ], [ 10.223262265427593, 12.063105830514871 ], [ 10.226257029462431, 12.06268745423057 ], [ 10.227611804382946, 12.064291228320258 ], [ 10.226898764898465, 12.068056571878628 ], [ 10.229251794497202, 12.07161268129488 ], [ 10.230727037499548, 12.077911988574954 ], [ 10.224381347188, 12.076262406454134 ], [ 10.220658878658753, 12.075248716765373 ], [ 10.218460342164917, 12.076062189318066 ], [ 10.216499483832649, 12.076643237712858 ], [ 10.215073405863677, 12.075190611725873 ], [ 10.21489514574256, 12.073563660620437 ], [ 10.213706746935088, 12.07309881730464 ], [ 10.211864729683498, 12.07152995923866 ], [ 10.208893732664876, 12.071646171317582 ], [ 10.208418373341885, 12.07309881730464 ], [ 10.209547352108984, 12.074958190567997 ], [ 10.209131412826366, 12.076875657870801 ], [ 10.20829953426113, 12.077224286107651 ], [ 10.205387957282881, 12.077108077028697 ], [ 10.204080718394664, 12.078618797055185 ], [ 10.203524329016602, 12.080851992572548 ], [ 10.202001020981584, 12.081407795950156 ], [ 10.201931985934664, 12.08029394919339 ], [ 10.201882180900839, 12.079490361647345 ], [ 10.199492503277156, 12.079439026612476 ], [ 10.194454688854194, 12.079432257607891 ], [ 10.191127172593326, 12.078851215213092 ], [ 10.188631535897684, 12.078153960739371 ], [ 10.18738371804983, 12.076120294357565 ], [ 10.187621397211331, 12.07211101863345 ], [ 10.188572115857312, 12.070832685764913 ], [ 10.189195680280989, 12.071264610058336 ], [ 10.189998194826217, 12.07182048943605 ], [ 10.191127172593326, 12.072052912593961 ], [ 10.191959052158552, 12.070948898843824 ], [ 10.191305432714444, 12.07001919921214 ], [ 10.189522834503236, 12.069438134817347 ], [ 10.188443567769923, 12.069015970530529 ], [ 10.187740237292076, 12.068740857343585 ], [ 10.186857646692374, 12.069382654779645 ], [ 10.186076479161613, 12.069263815698889 ], [ 10.185482279757878, 12.066997653159149 ], [ 10.182808382941118, 12.066707117961755 ], [ 10.180643978470471, 12.067315100374856 ], [ 10.178292467872723, 12.068217896988244 ], [ 10.176866389903807, 12.068276004027723 ], [ 10.176509869661572, 12.066881439080191 ], [ 10.177638849428661, 12.066126046566922 ], [ 10.179396857623146, 12.064939519760742 ], [ 10.179421446639822, 12.062755810277054 ], [ 10.179599706760939, 12.060547700776738 ], [ 10.179956226003185, 12.058978769710734 ], [ 10.179183767478321, 12.058223356197459 ], [ 10.177757688509416, 12.058688226513311 ], [ 10.172231634754723, 12.061477434408403 ], [ 10.172588154996959, 12.063511211790285 ], [ 10.172291054795096, 12.064499042461478 ], [ 10.170948701882992, 12.064578875515735 ], [ 10.169914258180142, 12.06391796606664 ], [ 10.170033097260898, 12.062174730882191 ], [ 10.168168143993739, 12.060844113978135 ], [ 10.167478039524838, 12.059211204868632 ], [ 10.166345417755281, 12.060922728031528 ], [ 10.164253836334183, 12.062642728200217 ], [ 10.162590078203721, 12.065710809284838 ], [ 10.161781966654644, 12.067570234548214 ], [ 10.152493027343269, 12.089872270701392 ], [ 10.15274062951147, 12.097477323868645 ], [ 10.152797672550207, 12.102385598203625 ], [ 10.153835334255291, 12.108082773074557 ], [ 10.155364614294342, 12.112815379290168 ], [ 10.156847736302041, 12.119731159989101 ], [ 10.157304080612107, 12.129379488544657 ], [ 10.162489891135635, 12.137249946892268 ], [ 10.163999334161247, 12.138952430049073 ], [ 10.165849686418483, 12.151109695309344 ], [ 10.166999817199951, 12.153429984885861 ], [ 10.168120383961309, 12.158049583024649 ], [ 10.168142107976053, 12.158115738069625 ], [ 10.169215573705401, 12.16138464329066 ], [ 10.169260024735649, 12.16152000438268 ], [ 10.169926523188508, 12.163763578907037 ], [ 10.17039012850347, 12.164979934733537 ], [ 10.162219073951633, 12.183236373137902 ], [ 10.15151149967636, 12.202272061071767 ], [ 10.149052813005767, 12.224505743178497 ], [ 10.147536090975223, 12.238220385496959 ], [ 10.152162858118913, 12.244149890525762 ], [ 10.175018865648497, 12.27344136642796 ], [ 10.179849359930586, 12.287963031294737 ], [ 10.196240934067873, 12.311024864964168 ], [ 10.197001508584663, 12.311280300137753 ], [ 10.197809620133739, 12.311953719595294 ], [ 10.198427586553635, 12.31290579324218 ], [ 10.199378306199606, 12.313486323636653 ], [ 10.200233952780934, 12.313486323636653 ], [ 10.200804384168521, 12.313346995541963 ], [ 10.20130351150766, 12.313068342352608 ], [ 10.201612494717608, 12.312696802100163 ], [ 10.201969014959843, 12.31206982667419 ], [ 10.202349303218227, 12.311558957327065 ], [ 10.203086109718868, 12.311396407216648 ], [ 10.20427450752635, 12.311233858106164 ], [ 10.205177691140022, 12.311349965185059 ], [ 10.2060571057375, 12.31144285024817 ], [ 10.206627538125076, 12.311860834532183 ], [ 10.206912753318875, 12.31255747400553 ], [ 10.20653246606048, 12.313207669447308 ], [ 10.205914497640606, 12.313625650731296 ], [ 10.205534211382258, 12.314229401141517 ], [ 10.205843194592148, 12.31478670752017 ], [ 10.206080873753649, 12.31557622305661 ], [ 10.206152177802096, 12.316388957608808 ], [ 10.206009569705202, 12.317248131192571 ], [ 10.206318553915139, 12.317944755665906 ], [ 10.206461162012033, 12.318757483218121 ], [ 10.206152177802096, 12.319291558581028 ], [ 10.205415371301513, 12.319152235486342 ], [ 10.204821171897777, 12.318455613013043 ], [ 10.204322043558648, 12.317271352208365 ], [ 10.203561469041858, 12.316830154908587 ], [ 10.202682054444324, 12.316783712877054 ], [ 10.201992782975992, 12.31717846914529 ], [ 10.201873942895247, 12.318014418713233 ], [ 10.202777125508931, 12.319430883675693 ], [ 10.203300020864219, 12.320452591369872 ], [ 10.204131901429434, 12.321149207843177 ], [ 10.204226972494041, 12.322681757884482 ], [ 10.20451218768784, 12.324260738957321 ], [ 10.20375161317105, 12.324469721099319 ], [ 10.203252485831911, 12.324121417862671 ], [ 10.203062341702719, 12.323517690452491 ], [ 10.202658286428175, 12.322797859963373 ], [ 10.201969014959843, 12.323169385215806 ], [ 10.201137136394607, 12.323355148342046 ], [ 10.199924968570997, 12.323169385215806 ], [ 10.198879178860466, 12.322728198916025 ], [ 10.198380050521337, 12.32212446750583 ], [ 10.197975996246782, 12.321427854032549 ], [ 10.197144116681557, 12.321056325780091 ], [ 10.196383541164778, 12.321311750953612 ], [ 10.196248604073105, 12.3223039746278 ], [ 10.196744815410227, 12.322630672849755 ], [ 10.197220173733228, 12.323262267278949 ], [ 10.197486374914092, 12.324061044821633 ], [ 10.197505389927016, 12.324729788276045 ], [ 10.197106087655698, 12.325175614578939 ], [ 10.196630728332764, 12.325547137831393 ], [ 10.196079310958055, 12.325992964134286 ], [ 10.195622965647999, 12.326160149247869 ], [ 10.195508879570468, 12.327126101904241 ], [ 10.194995492221665, 12.328129203585775 ], [ 10.196049500937818, 12.328589295898382 ], [ 10.19650000024393, 12.329000000177416 ], [ 10.1971753527028, 12.329506515521587 ], [ 10.197907743200403, 12.330120521938795 ], [ 10.19819999939898, 12.33040000112868 ], [ 10.198899998874595, 12.330600001264543 ], [ 10.198699999738722, 12.331500000876076 ], [ 10.200100000689929, 12.333200000031127 ], [ 10.200399998893772, 12.333999998574711 ], [ 10.201000001301452, 12.334899999186234 ], [ 10.201152106404777, 12.335390132519251 ], [ 10.201699997777041, 12.336100001001569 ], [ 10.202021823995722, 12.337378312870101 ], [ 10.201174906420306, 12.341918705955095 ], [ 10.207682931842214, 12.354248276332441 ], [ 10.208429351349366, 12.355184187968348 ], [ 10.209619082157701, 12.355683875307875 ], [ 10.216305366700738, 12.355303161049221 ], [ 10.220540807578516, 12.35630253372824 ], [ 10.22318200937309, 12.359990699234174 ], [ 10.225823211167665, 12.363988193950263 ], [ 10.226556817666108, 12.368633802106729 ], [ 10.236159653190782, 12.375464184747671 ], [ 10.242897873769095, 12.379921561776257 ], [ 10.254056937351152, 12.391029850323832 ], [ 10.225000978608989, 12.433852895420046 ], [ 10.240465346116309, 12.434042292548725 ], [ 10.258073357080093, 12.459621498928584 ], [ 10.287040587761965, 12.455078507841847 ], [ 10.28805456645091, 12.455457442099316 ], [ 10.28733228596019, 12.4550413078166 ], [ 10.288054971451231, 12.455457593099425 ], [ 10.302706331406114, 12.448556763410636 ], [ 10.306285108837756, 12.447661431802317 ], [ 10.307883026923434, 12.447261667530711 ], [ 10.322878745112348, 12.443510070981631 ], [ 10.325713729038569, 12.442800821499759 ], [ 10.334148197769366, 12.441872777869207 ], [ 10.339213937211298, 12.441315396490495 ], [ 10.344258650638949, 12.444664922766322 ], [ 10.347732663999409, 12.444902868928011 ], [ 10.349772763385545, 12.443367662884896 ], [ 10.35220000103476, 12.445216950141401 ], [ 10.357761924813815, 12.445915772616218 ], [ 10.362146423792865, 12.450915087013016 ], [ 10.363172054489723, 12.452084534807625 ], [ 10.372135953580312, 12.458536542191439 ], [ 10.381150171705031, 12.463731692721296 ], [ 10.388874762953549, 12.464822459462425 ], [ 10.393866037344878, 12.465170574698959 ], [ 10.399808031382179, 12.463546030595126 ], [ 10.407770301792141, 12.460412953466346 ], [ 10.41097897797232, 12.459484625835614 ], [ 10.414544174394678, 12.459252543677906 ], [ 10.418109369817046, 12.458788379362545 ], [ 10.420842686674234, 12.458904420441399 ], [ 10.423932522773612, 12.457860045731763 ], [ 10.425952801146309, 12.457860045731763 ], [ 10.429619788637865, 12.455969810447471 ], [ 10.431134260666852, 12.450965157047051 ], [ 10.43113436266691, 12.450964819046817 ], [ 10.432049751288901, 12.447939872991469 ], [ 10.432069778302491, 12.4456396104286 ], [ 10.433270454118315, 12.443349837872802 ], [ 10.437836787220931, 12.440917394220037 ], [ 10.44259038245076, 12.439988997589239 ], [ 10.44734397568061, 12.439292699116152 ], [ 10.451978730829694, 12.439292699116152 ], [ 10.458871442512987, 12.440685296062327 ], [ 10.462317798854599, 12.441845787850866 ], [ 10.465812634229167, 12.443574643025499 ], [ 10.474780024322115, 12.448830726596782 ], [ 10.484712714070895, 12.453870757021264 ], [ 10.486716119432117, 12.454887320711975 ], [ 10.490817591218899, 12.456968484126037 ], [ 10.512547509983335, 12.468405565896944 ], [ 10.515686681116279, 12.468194716753715 ], [ 10.519584627764743, 12.47042262126746 ], [ 10.533940483518847, 12.47478554323186 ], [ 10.533560196260453, 12.476085123114842 ], [ 10.536792641456771, 12.477013389745593 ], [ 10.538997579954923, 12.477849175313452 ], [ 10.554571083536359, 12.480819251331468 ], [ 10.554324430368808, 12.479276606283349 ], [ 10.554324430368808, 12.47670067853312 ], [ 10.554823556707902, 12.474890552303236 ], [ 10.554966164804796, 12.472662686789477 ], [ 10.554741382652082, 12.472459114651144 ], [ 10.555289611024591, 12.471659616107956 ], [ 10.555845453402242, 12.47043371827499 ], [ 10.55650028084716, 12.469055534338622 ], [ 10.556637337940288, 12.468583449017842 ], [ 10.557077062239102, 12.467751589452632 ], [ 10.55771475667234, 12.467142447038725 ], [ 10.558753471378111, 12.467572273330802 ], [ 10.559582570941473, 12.467615096359907 ], [ 10.561983765572961, 12.469792527839331 ], [ 10.562592969986895, 12.470977757644675 ], [ 10.56438705020588, 12.470707320460917 ], [ 10.56573305712044, 12.470504425323043 ], [ 10.568656517106774, 12.4695993407081 ], [ 10.570082596075736, 12.46994745094463 ], [ 10.571009546705568, 12.471200639796109 ], [ 10.571508674044708, 12.473150034120636 ], [ 10.571651282141602, 12.474960173350496 ], [ 10.571865194286943, 12.476213338202001 ], [ 10.572649536819824, 12.477118398816913 ], [ 10.573719095546551, 12.47718801786425 ], [ 10.574503439079479, 12.476631059485783 ], [ 10.574931262370171, 12.475517135728921 ], [ 10.575786908951557, 12.474820932255909 ], [ 10.577141683872071, 12.474751311208593 ], [ 10.578639065889433, 12.475238654539737 ], [ 10.579851232713054, 12.475795616918163 ], [ 10.581206006633579, 12.476909538675045 ], [ 10.581776438021166, 12.478441172715691 ], [ 10.582132958263401, 12.480112035850993 ], [ 10.582669732628119, 12.480853090354458 ], [ 10.583772948377657, 12.48171326993895 ], [ 10.585199026346629, 12.481782888986231 ], [ 10.587266839751635, 12.481643651891602 ], [ 10.589120742011232, 12.48192212608086 ], [ 10.590760732125545, 12.482270219317343 ], [ 10.592258114142965, 12.48317525793226 ], [ 10.593684193111926, 12.484358765736431 ], [ 10.594753751838596, 12.485542267540552 ], [ 10.594946713969705, 12.485627046598154 ], [ 10.595196412139387, 12.485472305493033 ], [ 10.595377251262278, 12.485205806311967 ], [ 10.596414695967155, 12.485291466370143 ], [ 10.597174418483348, 12.485389253436608 ], [ 10.598499104383393, 12.484872681085619 ], [ 10.599222459874909, 12.484682323956292 ], [ 10.59981256627583, 12.484653770936859 ], [ 10.600669171857874, 12.48481557404682 ], [ 10.601678063543375, 12.485110627247252 ], [ 10.602458527073679, 12.485948196816366 ], [ 10.603229471597501, 12.487071302579466 ], [ 10.602839241332333, 12.487556712909281 ], [ 10.602544188131844, 12.487956462180875 ], [ 10.602440041061072, 12.488128117297492 ], [ 10.602429973054257, 12.488232480368424 ], [ 10.602510816109202, 12.488344834444774 ], [ 10.60331022165235, 12.488675041669126 ], [ 10.60559194720264, 12.488953508858344 ], [ 10.596503438027469, 12.49784818590183 ], [ 10.595933005639893, 12.499727766178921 ], [ 10.594578231719368, 12.501328878266804 ], [ 10.592296506169021, 12.502929981354669 ], [ 10.59051390795787, 12.50494874772636 ], [ 10.592852676546954, 12.510100015226385 ], [ 10.594906229942239, 12.51132516505885 ], [ 10.597016826376262, 12.511714985323692 ], [ 10.599241507887825, 12.511547919210159 ], [ 10.601009845089322, 12.511380854096672 ], [ 10.602550010135815, 12.510656901604762 ], [ 10.604660605569848, 12.510656901604762 ], [ 10.605231036957434, 12.511714985323692 ], [ 10.605288079996228, 12.512940128156117 ], [ 10.605630339228753, 12.514555081253377 ], [ 10.604375390376049, 12.51500058255607 ], [ 10.602378880019558, 12.51500058255607 ], [ 10.600838715973055, 12.514109577950705 ], [ 10.598728119539032, 12.514165264988549 ], [ 10.596788653221267, 12.514499393215544 ], [ 10.594506927670921, 12.514722144366885 ], [ 10.592488910299778, 12.515601576964457 ], [ 10.591782855820043, 12.516129873323393 ], [ 10.591654770732987, 12.516225711388529 ], [ 10.591155874394019, 12.517561504296111 ], [ 10.59119842642292, 12.518397512864169 ], [ 10.592510418314362, 12.519845371847907 ], [ 10.593936497283323, 12.520680671415448 ], [ 10.595219967155401, 12.521028711651923 ], [ 10.597049713398633, 12.520150185055002 ], [ 10.598214732190172, 12.522003223314073 ], [ 10.605501996141527, 12.528063741431879 ], [ 10.614246515083039, 12.532465744422836 ], [ 10.642383642200912, 12.531157040533628 ], [ 10.651284642248697, 12.529352397307491 ] ] ] ] } },
{ "type": "Feature", "properties": { "fid": 574.0, "OBJECTID": 574.0, "lganame": "Gamawa", "statecode": "BA", "LGA_UID": "05_07" }, "geometry": { "type": "MultiPolygon", "coordinates": [ [ [ [ 10.766091993254918, 12.360241770404741 ], [ 10.767923293499166, 12.350847783022004 ], [ 10.767923567499395, 12.350847856022028 ], [ 10.772070501317046, 12.329575443568444 ], [ 10.775938655945254, 12.309731523085418 ], [ 10.781663747835182, 12.290856755260904 ], [ 10.785018788114769, 12.287216178787276 ], [ 10.787945525103339, 12.282147927343658 ], [ 10.789016281830868, 12.278364583773055 ], [ 10.789444585121885, 12.275009544493457 ], [ 10.789391574085869, 12.274978336472259 ], [ 10.789508143165051, 12.253186026665389 ], [ 10.789508143165051, 12.241079330439504 ], [ 10.792116776937519, 12.23034905914875 ], [ 10.794901675829749, 12.184742155161018 ], [ 10.803151530435116, 12.144763758997556 ], [ 10.799495320950882, 12.128041828635787 ], [ 10.804418935296269, 12.117056984172109 ], [ 10.819205054342717, 12.112138191830013 ], [ 10.823220395070962, 12.109431554990977 ], [ 10.823755773434755, 12.108450027324125 ], [ 10.824410124879307, 12.103274699807685 ], [ 10.826686274425867, 12.095884604786477 ], [ 10.821791795100296, 12.065604889212864 ], [ 10.822362866488334, 12.060750788914731 ], [ 10.8256531287239, 12.04964233836705 ], [ 10.825910736898948, 12.048003902253811 ], [ 10.825891700886018, 12.045110477287835 ], [ 10.823092508984075, 12.026492496637786 ], [ 10.822862038827452, 12.020055933264473 ], [ 10.82267534970066, 12.014841955721806 ], [ 10.824576787992555, 12.0144699994691 ], [ 10.826193010090719, 12.013354123710883 ], [ 10.825717649767739, 12.011680303573598 ], [ 10.824386642863374, 12.008797588614925 ], [ 10.822790674779014, 12.007085078451382 ], [ 10.822291548439864, 12.006778204242892 ], [ 10.82050411522539, 12.007412275673687 ], [ 10.819446057506468, 12.008908501690314 ], [ 10.819325305424456, 12.009651642195251 ], [ 10.818968785182221, 12.010028255451118 ], [ 10.818384093784914, 12.009902717365833 ], [ 10.81761910626517, 12.009736548252931 ], [ 10.815760109002042, 12.008870515664512 ], [ 10.815199862621398, 12.007986869064098 ], [ 10.815627650912063, 12.006986880384659 ], [ 10.815588978885785, 12.006080762768988 ], [ 10.81705784088382, 12.003904736290508 ], [ 10.818206970664562, 12.002915823618594 ], [ 10.818206970664562, 11.999498298296544 ], [ 10.820560000263356, 11.999916772580832 ], [ 10.821655768007872, 11.999186669084793 ], [ 10.821656535008401, 11.999186158084456 ], [ 10.822549439615102, 11.998591219680179 ], [ 10.822833457808088, 11.997697382072886 ], [ 10.822556508619869, 11.997196673732674 ], [ 10.82043764518022, 11.995074907291041 ], [ 10.820081125937975, 11.994307687769719 ], [ 10.820195212015506, 11.992829042765095 ], [ 10.820773912408697, 11.991407652799296 ], [ 10.821706856042567, 11.989760130679883 ], [ 10.821933541196586, 11.988275327671033 ], [ 10.821592769965093, 11.987793218343484 ], [ 10.821621290984467, 11.987165476916971 ], [ 10.821949289207282, 11.986523785480927 ], [ 10.822519720594869, 11.985951841092344 ], [ 10.822804936788657, 11.985533343808015 ], [ 10.822348590478612, 11.985198545580488 ], [ 10.821607029974757, 11.985017197457296 ], [ 10.820851208461193, 11.984961398419387 ], [ 10.820095386947685, 11.984640549201401 ], [ 10.819425131492267, 11.984305749973885 ], [ 10.818797655065907, 11.983970950746425 ], [ 10.818526700881819, 11.98358035148101 ], [ 10.818369831775215, 11.983133951177706 ], [ 10.818455396833372, 11.982729399902837 ], [ 10.818911743143417, 11.982561998789095 ], [ 10.819610519618209, 11.982492248741721 ], [ 10.82032355910269, 11.982213247552124 ], [ 10.821236248722812, 11.981613394144574 ], [ 10.821721116052288, 11.981222790879144 ], [ 10.821935028197629, 11.980929837680151 ], [ 10.822177461362344, 11.980692685518989 ], [ 10.82263380567241, 11.980664785500039 ], [ 10.823033108943719, 11.980818236604307 ], [ 10.823418150205327, 11.980581084443145 ], [ 10.823803190466947, 11.980134679139837 ], [ 10.824045624631651, 11.97975802388396 ], [ 10.823974319583215, 11.979172115485824 ], [ 10.823575443312222, 11.978466657006493 ], [ 10.823475192244075, 11.978014243699135 ], [ 10.823717627408826, 11.977651536452697 ], [ 10.823660583370042, 11.977205126149386 ], [ 10.823261281098723, 11.976786614864977 ], [ 10.822776413769304, 11.976619210751267 ], [ 10.82213467933326, 11.976758714846028 ], [ 10.821749638071651, 11.977065622054567 ], [ 10.821564246945684, 11.977707337490585 ], [ 10.821507203906947, 11.978209546831806 ], [ 10.821079381616244, 11.9787954592299 ], [ 10.820794165422456, 11.979479019694338 ], [ 10.820665819335261, 11.979827774931323 ], [ 10.819981299870165, 11.979869624959747 ], [ 10.819311045414736, 11.979911475988217 ], [ 10.818840438094981, 11.979744073874429 ], [ 10.818697971998176, 11.979415119650923 ], [ 10.818555221901192, 11.97860015509724 ], [ 10.818327049746188, 11.977651536452697 ], [ 10.818298528726814, 11.977079573064032 ], [ 10.817671053300444, 11.976814515883973 ], [ 10.817200447980667, 11.976633160760741 ], [ 10.816975797828036, 11.976105079401918 ], [ 10.816986536835373, 11.975042815680183 ], [ 10.817143403941941, 11.973982579959795 ], [ 10.817314534058198, 11.973131599381588 ], [ 10.817756618358601, 11.972727033106707 ], [ 10.8181273986105, 11.972210860755979 ], [ 10.818284266717114, 11.971764442452695 ], [ 10.818712092007786, 11.971373825187243 ], [ 10.818854698104701, 11.971039008959792 ], [ 10.818697830998076, 11.970480982580625 ], [ 10.818244737690236, 11.969928743205401 ], [ 10.81700075284499, 11.969629578002127 ], [ 10.815660876934658, 11.968944078536367 ], [ 10.814686391272517, 11.968479053220392 ], [ 10.814068422852642, 11.96845580220463 ], [ 10.813804502673293, 11.968860914479876 ], [ 10.812832488012873, 11.969037083599574 ], [ 10.810911442707607, 11.968165161007107 ], [ 10.810729573584013, 11.967621980638057 ], [ 10.811073657817815, 11.966897960146127 ], [ 10.810317919304339, 11.966392494802676 ], [ 10.809813955961943, 11.965874895451009 ], [ 10.809673889866758, 11.965440900156125 ], [ 10.810241779252635, 11.964735567676883 ], [ 10.811026121785517, 11.964224032329298 ], [ 10.811572786156944, 11.963642739934357 ], [ 10.811121986850651, 11.962572839207382 ], [ 10.811525250124646, 11.961573328528289 ], [ 10.81216698456069, 11.960689754927955 ], [ 10.812808719996724, 11.959666667232796 ], [ 10.813284081319694, 11.958852843679836 ], [ 10.813925815755738, 11.957922757047868 ], [ 10.813735671626546, 11.956597378147364 ], [ 10.814044654836493, 11.955806797610194 ], [ 10.814044654836493, 11.95506272010465 ], [ 10.813663910577759, 11.954580070776672 ], [ 10.812666112899819, 11.954365145630675 ], [ 10.811834235334629, 11.955039468088842 ], [ 10.811144962866251, 11.955899806673415 ], [ 10.810574531478721, 11.956690387210585 ], [ 10.809718884897336, 11.957178684542328 ], [ 10.808814805283021, 11.957097040486872 ], [ 10.808102662799172, 11.957457711731934 ], [ 10.807247015217797, 11.957318198637154 ], [ 10.806948871015209, 11.956423057028928 ], [ 10.807247015217797, 11.955458011373196 ], [ 10.806981170037204, 11.954738740884522 ], [ 10.805630793119633, 11.952644454461563 ], [ 10.804893984619014, 11.950830740229208 ], [ 10.804917752635163, 11.950063395707843 ], [ 10.805592797093823, 11.94914346008278 ], [ 10.806486440701008, 11.948179906428095 ], [ 10.806771654894817, 11.947296288827715 ], [ 10.805554282067646, 11.945447587571607 ], [ 10.804489930344516, 11.945738324769138 ], [ 10.803678484793181, 11.945802826812951 ], [ 10.803396603601641, 11.946389416211559 ], [ 10.803467906650098, 11.947180022748739 ], [ 10.802731101149448, 11.947528819985678 ], [ 10.801827916535785, 11.947482313954083 ], [ 10.801400093245093, 11.947575326017329 ], [ 10.80073458979291, 11.946900985559125 ], [ 10.799831407179227, 11.946342909179918 ], [ 10.79966503206623, 11.945668565721746 ], [ 10.799783871146929, 11.944529152947553 ], [ 10.799904610228964, 11.943920413533988 ], [ 10.800354303534505, 11.943389736173401 ], [ 10.801542702341976, 11.943157202015414 ], [ 10.802699615128063, 11.943187598036047 ], [ 10.803206459472449, 11.942529356588807 ], [ 10.803753955844456, 11.941551710924557 ], [ 10.803705586811589, 11.940599307277409 ], [ 10.803063852375544, 11.939204082329411 ], [ 10.803182692456289, 11.938204165650063 ], [ 10.803277762520906, 11.93722749998642 ], [ 10.801957831624065, 11.93638692541532 ], [ 10.802720070141959, 11.934740067296332 ], [ 10.804659843459945, 11.932109832509241 ], [ 10.806400299642519, 11.928359984961389 ], [ 10.812789916983945, 11.916910172181758 ], [ 10.814588498205978, 11.905971220749279 ], [ 10.814889908410805, 11.901519774724704 ], [ 10.816240312328318, 11.895520209648282 ], [ 10.816298013367543, 11.894807216163827 ], [ 10.816350225403028, 11.894162043725487 ], [ 10.816619872586216, 11.890830040461537 ], [ 10.817000388844747, 11.886130333268341 ], [ 10.840747013979467, 11.872930168299433 ], [ 10.860496540398344, 11.855560102497293 ], [ 10.865753857970446, 11.84735285592086 ], [ 10.874048086605967, 11.834404659123152 ], [ 10.877517119963045, 11.82898911944352 ], [ 10.869331816401484, 11.809569491248794 ], [ 10.861744198246072, 11.802661177554967 ], [ 10.860384821322441, 11.801863383012858 ], [ 10.858819426258833, 11.801955638075583 ], [ 10.854682376447897, 11.799941703707191 ], [ 10.855014611673653, 11.797455739018119 ], [ 10.85434799122072, 11.795293553549016 ], [ 10.849752250098106, 11.793063287033647 ], [ 10.847176133347773, 11.79681754058447 ], [ 10.840079294525822, 11.794669233124807 ], [ 10.83357689510774, 11.801157541533314 ], [ 10.825068526326675, 11.801324021646394 ], [ 10.825468611598524, 11.795821382907604 ], [ 10.823665783373599, 11.788341856825639 ], [ 10.815245319652263, 11.782702229993788 ], [ 10.814049693839934, 11.782425485805732 ], [ 10.809969475067589, 11.780670392613217 ], [ 10.812076034498887, 11.773266568582699 ], [ 10.803014722342141, 11.766630275073624 ], [ 10.804869795602599, 11.760637489001851 ], [ 10.794281498408338, 11.757109359604613 ], [ 10.794271117401308, 11.75708414358752 ], [ 10.783668450197297, 11.755804475718037 ], [ 10.780420371990374, 11.757866294118912 ], [ 10.778724546838134, 11.758293277409052 ], [ 10.777543826035867, 11.758029259229659 ], [ 10.775745746814152, 11.755742380675827 ], [ 10.764721288323585, 11.753318724029043 ], [ 10.762953039122124, 11.753905404427712 ], [ 10.75664082883327, 11.749404371369451 ], [ 10.751154831105794, 11.751229788609749 ], [ 10.74827551614942, 11.757210933673662 ], [ 10.747661839732473, 11.757479766856306 ], [ 10.739561721228824, 11.766365902893995 ], [ 10.735002577131127, 11.767968020982551 ], [ 10.735157918236666, 11.770129580451282 ], [ 10.736101383877667, 11.783257876371295 ], [ 10.735554869506359, 11.784375449130664 ], [ 10.721089636677902, 11.790169805067649 ], [ 10.713806306729225, 11.797333772935247 ], [ 10.698042140018231, 11.805880555742363 ], [ 10.686916653458979, 11.809314472075528 ], [ 10.683892913404463, 11.806215275969805 ], [ 10.682841370690028, 11.801705147905352 ], [ 10.680643526196661, 11.794552192045273 ], [ 10.680391479025445, 11.792564343694607 ], [ 10.679344023313718, 11.779113866555633 ], [ 10.675851005940387, 11.768116584083543 ], [ 10.665277921756456, 11.759433611183852 ], [ 10.655736087273226, 11.752865909721379 ], [ 10.650779881905748, 11.733808936773073 ], [ 10.637913220163455, 11.723612732845254 ], [ 10.636932781497308, 11.720758245905756 ], [ 10.631656968912637, 11.705398042469199 ], [ 10.622282097542836, 11.703092410902627 ], [ 10.621390581937078, 11.700848526378024 ], [ 10.619222988464344, 11.70133263570699 ], [ 10.617511694301584, 11.700006012805602 ], [ 10.617083870010902, 11.698819029999072 ], [ 10.614730841412097, 11.697771687287457 ], [ 10.612734331055606, 11.698609560856767 ], [ 10.610381302456801, 11.699168143236307 ], [ 10.608384792100253, 11.700215479947929 ], [ 10.607101322228232, 11.700564592185117 ], [ 10.602464334077581, 11.693947739689293 ], [ 10.600683968867941, 11.692115967444693 ], [ 10.599329193947426, 11.692884034966539 ], [ 10.597831811930007, 11.693652100488407 ], [ 10.596334429912588, 11.694908929342375 ], [ 10.596833557251728, 11.696375223338634 ], [ 10.598473547366041, 11.697771687287457 ], [ 10.598758762559839, 11.699237966283761 ], [ 10.596405733961092, 11.701123169564653 ], [ 10.592983145635571, 11.701961034133944 ], [ 10.59055881198833, 11.700913703422316 ], [ 10.589267437110948, 11.699236957283063 ], [ 10.589417950213203, 11.697771687287457 ], [ 10.587492743905102, 11.697213101907948 ], [ 10.585282323403248, 11.698400092714451 ], [ 10.581859734077739, 11.697841510334911 ], [ 10.581717126980834, 11.696654516528383 ], [ 10.581111775569525, 11.694740344227796 ], [ 10.579791920672733, 11.694559811105137 ], [ 10.577938019413125, 11.695048577437262 ], [ 10.577367588025538, 11.69462963515258 ], [ 10.575584989814331, 11.692884034966539 ], [ 10.575228469572096, 11.691487547017687 ], [ 10.575727596911236, 11.689951401973929 ], [ 10.575157165523649, 11.688275597835343 ], [ 10.573445872360935, 11.68338777751427 ], [ 10.568882421260241, 11.677522279528944 ], [ 10.564461578256498, 11.67277393030264 ], [ 10.559826824107404, 11.668793631598248 ], [ 10.557117275266421, 11.662927825612712 ], [ 10.5517694806328, 11.663416646944825 ], [ 10.547348637629057, 11.666419391985073 ], [ 10.538146034376325, 11.673705637935711 ], [ 10.530381651100811, 11.675542327183678 ], [ 10.526136017216118, 11.673833629022681 ], [ 10.522981830072979, 11.678957820504309 ], [ 10.52297775707018, 11.687140308063931 ], [ 10.508389709158337, 11.689459590639785 ], [ 10.508208423035114, 11.689891513933276 ], [ 10.511739208434165, 11.698082736498804 ], [ 10.512311252822826, 11.707504763900658 ], [ 10.512418071895411, 11.707921397183725 ], [ 10.501268549319832, 11.722840598320602 ], [ 10.500005312461496, 11.723472731750121 ], [ 10.481599887955895, 11.701065393525369 ], [ 10.476655325596312, 11.705338866429031 ], [ 10.471773522279307, 11.707922920184728 ], [ 10.462380657897313, 11.735341441814342 ], [ 10.480514137218165, 11.742630205766716 ], [ 10.484748829095452, 11.7450686334235 ], [ 10.484736568087101, 11.748883548015556 ], [ 10.484688875054701, 11.763723597098704 ], [ 10.489115104062137, 11.76797410998671 ], [ 10.490472867984636, 11.770808856912765 ], [ 10.486316961160924, 11.796290296226232 ], [ 10.476435596447004, 11.79887397298171 ], [ 10.47491352541283, 11.802277362294149 ], [ 10.474698187266483, 11.818403669251211 ], [ 10.467112430112365, 11.816372129870899 ], [ 10.451844945738799, 11.82568485619845 ], [ 10.450553433861273, 11.824537409418838 ], [ 10.42952832257572, 11.826601745821449 ], [ 10.429303035422606, 11.827033016114456 ], [ 10.427176071977442, 11.829520565804614 ], [ 10.421948416425494, 11.838780362096259 ], [ 10.422554314837214, 11.841026270622251 ], [ 10.42365162558275, 11.846841828573645 ], [ 10.416766589904682, 11.855399329388035 ], [ 10.408330704172897, 11.865884411512184 ], [ 10.40790566588413, 11.866412687871104 ], [ 10.407431775562145, 11.871799906531464 ], [ 10.435215212439687, 11.876995678061746 ], [ 10.43976613653183, 11.87442822031727 ], [ 10.449780772336283, 11.86877834647845 ], [ 10.473939249750856, 11.895153741399326 ], [ 10.469666410847651, 11.899908827630156 ], [ 10.467473219357487, 11.902349552288513 ], [ 10.459630423028671, 11.906569757155921 ], [ 10.45682911112533, 11.910244125652525 ], [ 10.453146107622899, 11.913612358941066 ], [ 10.438624506756128, 11.92689285796456 ], [ 10.439147759111677, 11.928445519019476 ], [ 10.435094629357764, 11.94342502619736 ], [ 10.435340488524787, 11.945324701488119 ], [ 10.440230970847665, 11.952109080097784 ], [ 10.427843140430696, 11.958376107355946 ], [ 10.43064693033574, 11.968178286016041 ], [ 10.420092302164392, 11.972540256979812 ], [ 10.416617997803769, 11.975312348863326 ], [ 10.41558982010514, 11.979152792472689 ], [ 10.423420746425904, 11.985580024839692 ], [ 10.42642382946633, 11.98525851562124 ], [ 10.43819626146518, 11.985777982974184 ], [ 10.432419597540218, 11.997787437134093 ], [ 10.427779817387659, 11.998595893683387 ], [ 10.424527153177621, 11.996240641083091 ], [ 10.410159690415639, 12.001663512767664 ], [ 10.408822564507091, 12.009513030101061 ], [ 10.40703278729103, 12.01072813092668 ], [ 10.402048962904757, 12.024428233235255 ], [ 10.403186153677439, 12.025850898201895 ], [ 10.404537314595473, 12.037656367223121 ], [ 10.396396219064002, 12.045307193421536 ], [ 10.395009123121554, 12.04909485999508 ], [ 10.398181078276707, 12.052475329291951 ], [ 10.402080952926497, 12.051486732620219 ], [ 10.412663218116677, 12.057542949735137 ], [ 10.412632804096006, 12.057705959845919 ], [ 10.417730957559968, 12.061623495507661 ], [ 10.419900896034335, 12.064208449264015 ], [ 10.419104744493382, 12.075734154095187 ], [ 10.441208582511877, 12.079746773821569 ], [ 10.441233814529028, 12.07989552992268 ], [ 10.440442602991425, 12.094132775596222 ], [ 10.433689928403339, 12.101623771685979 ], [ 10.432186135381585, 12.111902838670119 ], [ 10.432226096408726, 12.11200092273674 ], [ 10.431032749597875, 12.114792932633804 ], [ 10.418745027248974, 12.130627213392472 ], [ 10.413747099853083, 12.127492039262279 ], [ 10.410380330565545, 12.12423645305023 ], [ 10.407419285553658, 12.12469489336172 ], [ 10.402343665105036, 12.128626483033031 ], [ 10.402693943343024, 12.131875114240358 ], [ 10.403040594578556, 12.135090118424785 ], [ 10.40308094560595, 12.135099677431299 ], [ 10.410676878767049, 12.136899165653972 ], [ 10.408820177505504, 12.143006955803912 ], [ 10.405961607563256, 12.145247643326343 ], [ 10.405412152189911, 12.146860133421967 ], [ 10.405534367272935, 12.148517116547794 ], [ 10.404614488647951, 12.149330740100595 ], [ 10.395222993266827, 12.157637424744621 ], [ 10.395075525166646, 12.161155839135233 ], [ 10.379051429279002, 12.167123122189707 ], [ 10.375011326533979, 12.167910182724484 ], [ 10.371505098151658, 12.168284822979047 ], [ 10.368237001931107, 12.168168652900079 ], [ 10.362176168813107, 12.169446518768325 ], [ 10.34918986798948, 12.172566618888311 ], [ 10.343993670458929, 12.174383671122939 ], [ 10.33555603872594, 12.17903031828007 ], [ 10.327831448477468, 12.181121281700825 ], [ 10.320676411615921, 12.182363545544888 ], [ 10.310421407648164, 12.185186999463269 ], [ 10.310540247728909, 12.186290540213065 ], [ 10.311669227495997, 12.187510238041796 ], [ 10.313689503868659, 12.18948497638354 ], [ 10.31648224076622, 12.191343537646333 ], [ 10.319334397704097, 12.192563213475069 ], [ 10.320760475673069, 12.193782882303765 ], [ 10.32147351515755, 12.195118704211382 ], [ 10.321295256036422, 12.196164124921722 ], [ 10.32034453739044, 12.197441855789862 ], [ 10.320285117350068, 12.198951893815888 ], [ 10.321830035399785, 12.199300363052657 ], [ 10.323790892732063, 12.199416519131546 ], [ 10.324979290539545, 12.200578078920785 ], [ 10.324444512176171, 12.202378486144084 ], [ 10.324246750041823, 12.204486256576217 ], [ 10.324087991933936, 12.207198872419326 ], [ 10.324801032418407, 12.209579994037142 ], [ 10.32486045145879, 12.211903018615544 ], [ 10.325157550660663, 12.215213294864725 ], [ 10.325811170104771, 12.21742012236416 ], [ 10.327890867517851, 12.219394636705772 ], [ 10.32854448696196, 12.221252989968434 ], [ 10.32854448696196, 12.222937111112685 ], [ 10.327653188356351, 12.224156639941327 ], [ 10.326464789548879, 12.22520194565152 ], [ 10.324541103241813, 12.225796080055204 ], [ 10.322067714561285, 12.227060257914161 ], [ 10.32034453739044, 12.228279768742766 ], [ 10.319750336986715, 12.229963844887038 ], [ 10.319928597107833, 12.231647910031256 ], [ 10.321116995915304, 12.232751257780933 ], [ 10.322780754045766, 12.23240283254421 ], [ 10.324028571893564, 12.232460903583672 ], [ 10.326199414368546, 12.233436149246302 ], [ 10.328937288228815, 12.232477168594698 ], [ 10.331314085843758, 12.230909250529407 ], [ 10.333631463418271, 12.230096252976978 ], [ 10.335532900710234, 12.230096252976978 ], [ 10.336186520154342, 12.23102539360832 ], [ 10.336008260033225, 12.232128744357965 ], [ 10.336008260033225, 12.233290160147078 ], [ 10.335414060629489, 12.234567712015121 ], [ 10.33379237652764, 12.236538384354105 ], [ 10.331314085843758, 12.238226121500873 ], [ 10.330125687036286, 12.240374687960696 ], [ 10.330838725520778, 12.242116756144355 ], [ 10.332027125328239, 12.243394265012341 ], [ 10.333215523135664, 12.244323358643669 ], [ 10.334938702306488, 12.245194381235478 ], [ 10.336186520154342, 12.244555631801461 ], [ 10.336958978679206, 12.243742676249099 ], [ 10.337256078881069, 12.242871648657285 ], [ 10.337909698325177, 12.241884480986528 ], [ 10.33951403641521, 12.240955379355285 ], [ 10.341534313787918, 12.240548895079087 ], [ 10.342900971716517, 12.240548895079087 ], [ 10.343316911999125, 12.241594136789274 ], [ 10.342841551676145, 12.242755510578377 ], [ 10.341653153868663, 12.24420722156475 ], [ 10.340524175101564, 12.246355740024569 ], [ 10.340583595141936, 12.248968777799973 ], [ 10.341415473707173, 12.251349524417606 ], [ 10.342900971716517, 12.251814056733224 ], [ 10.344505310806539, 12.251814056733224 ], [ 10.346703848300365, 12.251755990693766 ], [ 10.349496585197926, 12.252046323891022 ], [ 10.35157628161096, 12.251988256851575 ], [ 10.353834240145147, 12.252278590048832 ], [ 10.356064532660525, 12.252990272532429 ], [ 10.357104119366852, 12.254550599592562 ], [ 10.358750306485376, 12.257084497314224 ], [ 10.361915350635854, 12.260814227848414 ], [ 10.363460268685571, 12.26365937878154 ], [ 10.365242866896779, 12.265343229925634 ], [ 10.366134165502331, 12.26662062679361 ], [ 10.367203725229047, 12.267259323227563 ], [ 10.367084885148302, 12.268652836174397 ], [ 10.366431264704204, 12.269930216042326 ], [ 10.365064606775661, 12.270278592278999 ], [ 10.36387620796819, 12.269697965884518 ], [ 10.362628390120335, 12.268885087332194 ], [ 10.360608111747638, 12.267781890582626 ], [ 10.358706674455732, 12.266794815911965 ], [ 10.356765720136934, 12.266788208907428 ], [ 10.35543857823518, 12.268072205779845 ], [ 10.354725538750756, 12.269988279081758 ], [ 10.354903798871874, 12.272020462462535 ], [ 10.355973356598554, 12.273936506764358 ], [ 10.356983496284897, 12.275678352947864 ], [ 10.35651618096739, 12.2769245027946 ], [ 10.355849627514488, 12.278607834938327 ], [ 10.354615449675919, 12.279772495729674 ], [ 10.354190759387393, 12.281948904208434 ], [ 10.355141478033318, 12.283284280115765 ], [ 10.356329876840789, 12.28374875743134 ], [ 10.357340015527143, 12.283400399194647 ], [ 10.358706674455732, 12.282993980918491 ], [ 10.359895073263203, 12.282761741760737 ], [ 10.361915350635854, 12.282006964247898 ], [ 10.364124390136794, 12.281453236871641 ], [ 10.366431264704204, 12.280961882537781 ], [ 10.368095023834655, 12.281078002616709 ], [ 10.370234141288108, 12.281716664050634 ], [ 10.372194998620387, 12.282471442563462 ], [ 10.37480947639682, 12.283574578312994 ], [ 10.375997874204302, 12.285374419535913 ], [ 10.375973903187969, 12.287686945107168 ], [ 10.379812780796328, 12.288399572591345 ], [ 10.383863834548833, 12.288212647464377 ], [ 10.395854607695981, 12.292224555190273 ], [ 10.394131280525073, 12.295164753187976 ], [ 10.404803062776068, 12.300761931991019 ], [ 10.410865816895409, 12.305516406221443 ], [ 10.41724239322798, 12.303608028924771 ], [ 10.419136744515129, 12.295882926675972 ], [ 10.420284164294742, 12.291252159529563 ], [ 10.427990314530689, 12.272426896738693 ], [ 10.429608492630166, 12.271896063377994 ], [ 10.436105505044566, 12.273885982730064 ], [ 10.438864161918957, 12.276665393618543 ], [ 10.436653791417143, 12.285647495721435 ], [ 10.430643074333148, 12.296558892135238 ], [ 10.433579679328432, 12.299916312416428 ], [ 10.443318362945377, 12.29921958894306 ], [ 10.444687315875512, 12.297740740938252 ], [ 10.44599455376374, 12.296637665188769 ], [ 10.447420632732701, 12.295592642478709 ], [ 10.447910596065583, 12.294462127710574 ], [ 10.447955412096064, 12.292167260151302 ], [ 10.448133672217182, 12.289496591336729 ], [ 10.446826433328965, 12.286593660364304 ], [ 10.445400355359993, 12.284271291786411 ], [ 10.445615946506507, 12.282269221426077 ], [ 10.446291653965602, 12.279626494630463 ], [ 10.447420632732701, 12.277304066052466 ], [ 10.442887191652403, 12.267891351656999 ], [ 10.4419447780121, 12.262785827187997 ], [ 10.441963795025003, 12.258616771355321 ], [ 10.450311103696606, 12.256282556769349 ], [ 10.4548745547973, 12.259162596726185 ], [ 10.457821783799773, 12.260741959799304 ], [ 10.463811312869382, 12.261949700619937 ], [ 10.473413574393646, 12.260556152673075 ], [ 10.486189735074447, 12.258278429125482 ], [ 10.487257348799858, 12.262019888667623 ], [ 10.491331689568199, 12.271382782029264 ], [ 10.491367771592707, 12.271402786042813 ], [ 10.503740665999487, 12.292506218381618 ], [ 10.52191033334492, 12.291675287817043 ], [ 10.527475300126071, 12.294807010944908 ], [ 10.511611222347199, 12.316682273808112 ], [ 10.496682704203977, 12.319061005424373 ], [ 10.498669759554048, 12.325197302593665 ], [ 10.505926564484696, 12.351359240369504 ], [ 10.514005843974189, 12.354652911607388 ], [ 10.520159912155634, 12.361430084212145 ], [ 10.525480110770445, 12.361096290985358 ], [ 10.559344178779497, 12.342609738424642 ], [ 10.558857264448648, 12.330200947993433 ], [ 10.59306281168972, 12.322574548811644 ], [ 10.596249265854738, 12.328214082643456 ], [ 10.601593766486076, 12.329483409505883 ], [ 10.606805969027562, 12.328222970649506 ], [ 10.613915782858328, 12.327497255156402 ], [ 10.618347271869311, 12.326415069421103 ], [ 10.621129060759415, 12.321185284867738 ], [ 10.62564387882702, 12.321690349210883 ], [ 10.64322574977308, 12.324964944435806 ], [ 10.64632596287953, 12.322331477646514 ], [ 10.650966741032676, 12.323214667246589 ], [ 10.654960616746337, 12.327889412422849 ], [ 10.66109491891433, 12.334208855716611 ], [ 10.67429962988632, 12.340985148320783 ], [ 10.676580736436222, 12.347940916046923 ], [ 10.676938792679493, 12.348307113295732 ], [ 10.676974519703776, 12.348393309354265 ], [ 10.681312129650962, 12.351456050435274 ], [ 10.687160415624589, 12.350124602530627 ], [ 10.706304664632228, 12.350067415491765 ], [ 10.70657564981633, 12.350264571625701 ], [ 10.707856898686885, 12.35191131174463 ], [ 10.707865917693027, 12.354386389426281 ], [ 10.720383343198023, 12.368561906057892 ], [ 10.721253581789313, 12.370057727074254 ], [ 10.723620032397207, 12.370412609315338 ], [ 10.764261451011123, 12.369631869784882 ], [ 10.766091993254918, 12.360241770404741 ] ] ] ] } },
{ "type": "Feature", "properties": { "fid": 632.0, "OBJECTID": 632.0, "lganame": "Dambam", "statecode": "BA", "LGA_UID": "05_04" }, "geometry": { "type": "MultiPolygon", "coordinates": [ [ [ [ 10.908012182683024, 11.821306542223624 ], [ 10.924229745702064, 11.784558235254849 ], [ 10.927723748076062, 11.776640976875456 ], [ 10.926534017267727, 11.739283439492738 ], [ 10.920884094428857, 11.718392704298481 ], [ 10.928688088731292, 11.66648658903074 ], [ 10.928610960678895, 11.663209019803787 ], [ 10.928192644394699, 11.660285383817268 ], [ 10.92893112589644, 11.657496743922536 ], [ 10.928634527694896, 11.652676996647756 ], [ 10.927878982181539, 11.640399376305652 ], [ 10.927349504821791, 11.631795381459654 ], [ 10.927102794654161, 11.6156222914708 ], [ 10.927559852964748, 11.613590240090105 ], [ 10.926969527563642, 11.610210418793713 ], [ 10.927149772686107, 11.604399680845574 ], [ 10.927330016808583, 11.598580359891628 ], [ 10.927900314196052, 11.595009804465576 ], [ 10.928252808435559, 11.590649396502897 ], [ 10.928628422690792, 11.58600298234586 ], [ 10.928660392712516, 11.585630417092773 ], [ 10.930053670659163, 11.581213190091432 ], [ 10.930199622758323, 11.580750464777054 ], [ 10.930780411152966, 11.57719039935813 ], [ 10.932129860069836, 11.57118034427458 ], [ 10.93245620629159, 11.567043832464037 ], [ 10.93949490607406, 11.554035527625501 ], [ 10.92933058716784, 11.534675663471376 ], [ 10.927740097087167, 11.525600433305215 ], [ 10.927890450189352, 11.524741457721575 ], [ 10.927890489189394, 11.524741206721387 ], [ 10.928319931481155, 11.522029876879174 ], [ 10.928890227868635, 11.51846981046026 ], [ 10.929659843391562, 11.516030311802751 ], [ 10.929269791126558, 11.513770103267063 ], [ 10.929542199311641, 11.510412457985694 ], [ 10.929650307385089, 11.509079933080272 ], [ 10.930029869642965, 11.504389762893538 ], [ 10.930600166030501, 11.500829697474614 ], [ 10.934673309797972, 11.495613097930232 ], [ 10.933675766120189, 11.48635768864159 ], [ 10.935609818434273, 11.481499672340817 ], [ 10.935020447033821, 11.478119850044379 ], [ 10.935589790420693, 11.474559783625466 ], [ 10.934649699781914, 11.469172008964733 ], [ 10.934409244618564, 11.467793932028371 ], [ 10.924440950845565, 11.460514322082247 ], [ 10.92210218325647, 11.459563922436473 ], [ 10.910351297272314, 11.455538661701496 ], [ 10.899833203125752, 11.451975422280441 ], [ 10.880061757691976, 11.445250593711251 ], [ 10.87565421269727, 11.452247096465044 ], [ 10.869032667198269, 11.461491035745894 ], [ 10.869032131197912, 11.461491783746396 ], [ 10.856428167634078, 11.47908741570177 ], [ 10.828445706621324, 11.475280278115008 ], [ 10.825793992819627, 11.474463974560365 ], [ 10.793726930031539, 11.46459244485311 ], [ 10.789346403055163, 11.453222675127904 ], [ 10.770072768959665, 11.433235201547348 ], [ 10.751184363125844, 11.425602155361048 ], [ 10.749371457894085, 11.426810658182205 ], [ 10.73009782379853, 11.431807525577312 ], [ 10.724287072850416, 11.430074975400146 ], [ 10.717995980575949, 11.427899681922099 ], [ 10.721721067106955, 11.444843119434381 ], [ 10.71902613427585, 11.44983304382481 ], [ 10.711883702422938, 11.45667608247436 ], [ 10.70991319108407, 11.461504591755102 ], [ 10.709837984032959, 11.461688877880306 ], [ 10.704448897371321, 11.466866723398425 ], [ 10.703376242642491, 11.467429044780488 ], [ 10.707994285780217, 11.482786976215436 ], [ 10.707671627561012, 11.493158036262116 ], [ 10.703641374822666, 11.496631792622338 ], [ 10.694918203895668, 11.507907159283434 ], [ 10.67569608683516, 11.523776970066251 ], [ 10.663574420599048, 11.532393713920897 ], [ 10.656138481546634, 11.539240953573312 ], [ 10.648973609678478, 11.5390222444247 ], [ 10.643503446961745, 11.554494379937296 ], [ 10.641385367522616, 11.555776103808171 ], [ 10.638471814542982, 11.565409595353628 ], [ 10.634687574971792, 11.566368858005433 ], [ 10.628095134492526, 11.568039969140841 ], [ 10.622112201427399, 11.563492506051091 ], [ 10.620195427125054, 11.559829761562412 ], [ 10.604097484187264, 11.558954902967969 ], [ 10.599315609938174, 11.567550199808068 ], [ 10.599835504291434, 11.569696440266341 ], [ 10.595966864662898, 11.581830114510637 ], [ 10.596404310960111, 11.583596921711091 ], [ 10.598559949424725, 11.584628520412025 ], [ 10.598033840067274, 11.585995173340564 ], [ 10.597235235524693, 11.58739219128978 ], [ 10.594839423896815, 11.589124483466776 ], [ 10.593527432005374, 11.590633245491915 ], [ 10.593299259850369, 11.592868432010619 ], [ 10.593641519082894, 11.594656570225595 ], [ 10.594839423896815, 11.595047723491348 ], [ 10.594725337819341, 11.599238619338905 ], [ 10.595067597051866, 11.601306104743628 ], [ 10.594734265825366, 11.602235630375219 ], [ 10.603562199823557, 11.605943773894694 ], [ 10.606476223803497, 11.606670320388389 ], [ 10.605506491144581, 11.612593188412689 ], [ 10.604650843563206, 11.614325323589583 ], [ 10.604536757485732, 11.615275201234965 ], [ 10.604479714446938, 11.616616197146129 ], [ 10.603909283059352, 11.618571805474858 ], [ 10.603395894710559, 11.621086138183216 ], [ 10.603567023826827, 11.622035990828635 ], [ 10.603975833104585, 11.624028810182665 ], [ 10.604662630571227, 11.625089821903543 ], [ 10.604546264492171, 11.625937806479726 ], [ 10.602739899264805, 11.627707106681896 ], [ 10.60212193084493, 11.628871115472748 ], [ 10.601171212199006, 11.629197035694233 ], [ 10.599887742326928, 11.630035118263663 ], [ 10.599079630777851, 11.631338795149418 ], [ 10.597653551808889, 11.639114173432461 ], [ 10.597796159905783, 11.641535205077446 ], [ 10.596263125864141, 11.64239652766264 ], [ 10.594765743846779, 11.645399499703046 ], [ 10.594052704362298, 11.649659472597477 ], [ 10.593334667874444, 11.653936579503579 ], [ 10.598437895341817, 11.655944560867908 ], [ 10.597368336615091, 11.660204372762223 ], [ 10.591485762618163, 11.659087052003088 ], [ 10.579078882188298, 11.659087052003088 ], [ 10.56588765722546, 11.659925042572468 ], [ 10.557117275266421, 11.662927825612712 ], [ 10.559826824107404, 11.668793631598248 ], [ 10.564461578256498, 11.67277393030264 ], [ 10.568882421260241, 11.677522279528944 ], [ 10.573445872360935, 11.68338777751427 ], [ 10.575157165523649, 11.688275597835343 ], [ 10.575727596911236, 11.689951401973929 ], [ 10.575228469572096, 11.691487547017687 ], [ 10.575584989814331, 11.692884034966539 ], [ 10.577367588025538, 11.69462963515258 ], [ 10.577938019413125, 11.695048577437262 ], [ 10.579791920672733, 11.694559811105137 ], [ 10.581111775569525, 11.694740344227796 ], [ 10.581717126980834, 11.696654516528383 ], [ 10.581859734077739, 11.697841510334911 ], [ 10.585282323403248, 11.698400092714451 ], [ 10.587492743905102, 11.697213101907948 ], [ 10.589417950213203, 11.697771687287457 ], [ 10.589267437110948, 11.699236957283063 ], [ 10.59055881198833, 11.700913703422316 ], [ 10.592983145635571, 11.701961034133944 ], [ 10.596405733961092, 11.701123169564653 ], [ 10.598758762559839, 11.699237966283761 ], [ 10.598473547366041, 11.697771687287457 ], [ 10.596833557251728, 11.696375223338634 ], [ 10.596334429912588, 11.694908929342375 ], [ 10.597831811930007, 11.693652100488407 ], [ 10.599329193947426, 11.692884034966539 ], [ 10.600683968867941, 11.692115967444693 ], [ 10.602464334077581, 11.693947739689293 ], [ 10.607101322228232, 11.700564592185117 ], [ 10.608384792100253, 11.700215479947929 ], [ 10.610381302456801, 11.699168143236307 ], [ 10.612734331055606, 11.698609560856767 ], [ 10.614730841412097, 11.697771687287457 ], [ 10.617083870010902, 11.698819029999072 ], [ 10.617511694301584, 11.700006012805602 ], [ 10.619222988464344, 11.70133263570699 ], [ 10.621390581937078, 11.700848526378024 ], [ 10.622282097542836, 11.703092410902627 ], [ 10.631656968912637, 11.705398042469199 ], [ 10.636932781497308, 11.720758245905756 ], [ 10.637913220163455, 11.723612732845254 ], [ 10.650779881905748, 11.733808936773073 ], [ 10.655736087273226, 11.752865909721379 ], [ 10.665277921756456, 11.759433611183852 ], [ 10.675851005940387, 11.768116584083543 ], [ 10.679344023313718, 11.779113866555633 ], [ 10.680391479025445, 11.792564343694607 ], [ 10.680643526196661, 11.794552192045273 ], [ 10.682841370690028, 11.801705147905352 ], [ 10.683892913404463, 11.806215275969805 ], [ 10.686916653458979, 11.809314472075528 ], [ 10.698042140018231, 11.805880555742363 ], [ 10.713806306729225, 11.797333772935247 ], [ 10.721089636677902, 11.790169805067649 ], [ 10.735554869506359, 11.784375449130664 ], [ 10.736101383877667, 11.783257876371295 ], [ 10.735157918236666, 11.770129580451282 ], [ 10.735002577131127, 11.767968020982551 ], [ 10.739561721228824, 11.766365902893995 ], [ 10.747661839732473, 11.757479766856306 ], [ 10.74827551614942, 11.757210933673662 ], [ 10.751154831105794, 11.751229788609749 ], [ 10.75664082883327, 11.749404371369451 ], [ 10.762953039122124, 11.753905404427712 ], [ 10.764721288323585, 11.753318724029043 ], [ 10.775745746814152, 11.755742380675827 ], [ 10.777543826035867, 11.758029259229659 ], [ 10.778724546838134, 11.758293277409052 ], [ 10.780420371990374, 11.757866294118912 ], [ 10.783668450197297, 11.755804475718037 ], [ 10.794271117401308, 11.75708414358752 ], [ 10.794281498408338, 11.757109359604613 ], [ 10.804869795602599, 11.760637489001851 ], [ 10.803014722342141, 11.766630275073624 ], [ 10.812076034498887, 11.773266568582699 ], [ 10.809969475067589, 11.780670392613217 ], [ 10.814049693839934, 11.782425485805732 ], [ 10.815245319652263, 11.782702229993788 ], [ 10.823665783373599, 11.788341856825639 ], [ 10.825468611598524, 11.795821382907604 ], [ 10.825068526326675, 11.801324021646394 ], [ 10.83357689510774, 11.801157541533314 ], [ 10.840079294525822, 11.794669233124807 ], [ 10.847176133347773, 11.79681754058447 ], [ 10.849752250098106, 11.793063287033647 ], [ 10.85434799122072, 11.795293553549016 ], [ 10.855014611673653, 11.797455739018119 ], [ 10.854682376447897, 11.799941703707191 ], [ 10.858819426258833, 11.801955638075583 ], [ 10.860384821322441, 11.801863383012858 ], [ 10.861744198246072, 11.802661177554967 ], [ 10.869331816401484, 11.809569491248794 ], [ 10.877517119963045, 11.82898911944352 ], [ 10.905356812878779, 11.827323496311863 ], [ 10.908012182683024, 11.821306542223624 ] ] ] ] } },
{ "type": "Feature", "properties": { "fid": 651.0, "OBJECTID": 651.0, "lganame": "Dass", "statecode": "BA", "LGA_UID": "05_06" }, "geometry": { "type": "MultiPolygon", "coordinates": [ [ [ [ 9.432255090975389, 10.148217560438241 ], [ 9.434394208428841, 10.146954165579871 ], [ 9.437503869541729, 10.147739054113117 ], [ 9.439770793082005, 10.14930806017918 ], [ 9.440740256740696, 10.148147371390564 ], [ 9.440312433450003, 10.145269634435294 ], [ 9.44316459038788, 10.143514903243045 ], [ 9.445660227083579, 10.141549592907666 ], [ 9.447728041488574, 10.140286174049265 ], [ 9.448013255682326, 10.137829510380072 ], [ 9.449510638699735, 10.135864165044723 ], [ 9.451507148056294, 10.134039191804732 ], [ 9.452806430939063, 10.132115899497933 ], [ 9.454145392848829, 10.13095075070629 ], [ 9.45656972749606, 10.131371903992431 ], [ 9.45766044323716, 10.131569692126845 ], [ 9.459279276337099, 10.131863248326283 ], [ 9.462559255565679, 10.132214207564743 ], [ 9.465054893261311, 10.132494974755502 ], [ 9.467404369857718, 10.130758831575861 ], [ 9.470046166652651, 10.129617096800132 ], [ 9.470937930258572, 10.128147695801715 ], [ 9.471757460815411, 10.125826682224726 ], [ 9.473896579268853, 10.125054554700114 ], [ 9.47567917748006, 10.124493007318563 ], [ 9.47724786254588, 10.123580488698508 ], [ 9.478602637466395, 10.123931456936987 ], [ 9.481953921743411, 10.123018938316989 ], [ 9.484734773632908, 10.120983307933841 ], [ 9.487230412328586, 10.119298638789189 ], [ 9.504004661725901, 10.118072233955957 ], [ 9.505803960948413, 10.117511580575012 ], [ 9.508140288535856, 10.11596637652508 ], [ 9.512204612297353, 10.115194227000472 ], [ 9.515698503671274, 10.114211486332749 ], [ 9.518265445415409, 10.113158546617285 ], [ 9.52068977906265, 10.113228742665001 ], [ 9.525110621066403, 10.111754622663398 ], [ 9.527282198541855, 10.110686214937459 ], [ 9.53637664072113, 10.111052659186441 ], [ 9.538729670319867, 10.110140101566401 ], [ 9.540345892418031, 10.10829158431045 ], [ 9.538232060981784, 10.105045539104879 ], [ 9.537398663415502, 10.102488569367551 ], [ 9.538919814449059, 10.100429409968456 ], [ 9.545063189623193, 10.098850354895546 ], [ 9.548031282639897, 10.099835829565166 ], [ 9.548617147037987, 10.098931830950903 ], [ 9.550083738034459, 10.097880649236686 ], [ 9.554264876875322, 10.097904249252736 ], [ 9.554730003191366, 10.094767102121182 ], [ 9.556647791494413, 10.093893367527528 ], [ 9.563068073856698, 10.090788624417996 ], [ 9.565444871471584, 10.088074175573638 ], [ 9.565730086665383, 10.085640513920112 ], [ 9.566585734246758, 10.082645211884937 ], [ 9.567916740151134, 10.080211508231343 ], [ 9.56972310637849, 10.077777786577769 ], [ 9.57324076576856, 10.078152206832158 ], [ 9.576283066835629, 10.076467312687328 ], [ 9.57846972032138, 10.074033563033709 ], [ 9.579135223773562, 10.070850938871274 ], [ 9.579325366902765, 10.067668283708826 ], [ 9.579325366902765, 10.065421685182343 ], [ 9.591584596232337, 10.054119960503385 ], [ 9.593906942810236, 10.053753213254197 ], [ 9.597037610937377, 10.053900521354251 ], [ 9.599242929435775, 10.053790604279584 ], [ 9.599813359823372, 10.051333279609935 ], [ 9.604091594730221, 10.049858875608152 ], [ 9.605446368650746, 10.048595095749477 ], [ 9.605232457505394, 10.046699417461468 ], [ 9.60508985040849, 10.044663306078007 ], [ 9.606555671404465, 10.042766171789026 ], [ 9.612802870649148, 10.039506492574219 ], [ 9.61578543767564, 10.036729367687258 ], [ 9.619428050150646, 10.034338826062992 ], [ 9.618604355591003, 10.032860069058245 ], [ 9.613065239827392, 10.030753326626836 ], [ 9.609578429458281, 10.028686386222432 ], [ 9.605556782725785, 10.028588538155986 ], [ 9.60280812385821, 10.024652558481648 ], [ 9.601524653986132, 10.022335443907309 ], [ 9.598529888951305, 10.018613985378749 ], [ 9.595321212771182, 10.01510313399325 ], [ 9.589759506992266, 10.009275039033355 ], [ 9.587549086490412, 10.008221758317688 ], [ 9.583326023620998, 10.005959158780342 ], [ 9.57532513818478, 9.989142919354492 ], [ 9.575795919504685, 9.986388624483084 ], [ 9.597453401219923, 9.986026695237172 ], [ 9.599241192434647, 9.985075726591049 ], [ 9.605120292429206, 9.985681941002952 ], [ 9.606710306509513, 9.981637214254761 ], [ 9.61495180210926, 9.980645940581212 ], [ 9.622704115376564, 9.974400617337835 ], [ 9.622724726390572, 9.97437324031921 ], [ 9.636487809741936, 9.956092308898178 ], [ 9.634356670293926, 9.948180172522257 ], [ 9.632549787066239, 9.936754532759096 ], [ 9.634680067513671, 9.930127449256304 ], [ 9.64207764153997, 9.929781435021198 ], [ 9.649581717638625, 9.927012141139585 ], [ 9.66606627783915, 9.926597923858139 ], [ 9.681211617129691, 9.929962555144243 ], [ 9.6844142483057, 9.918414483297852 ], [ 9.683372315597751, 9.914381740557815 ], [ 9.674283408422298, 9.896063343111337 ], [ 9.673187938677984, 9.895839790959428 ], [ 9.673111140625792, 9.895843514961939 ], [ 9.669314494046148, 9.894549943083064 ], [ 9.661693202867809, 9.886102681343516 ], [ 9.657253012850902, 9.885498123932734 ], [ 9.65522603147366, 9.884807348463426 ], [ 9.651196260735674, 9.881644821314637 ], [ 9.630306662542125, 9.905682706647212 ], [ 9.630182745457944, 9.905770446706867 ], [ 9.630124561418427, 9.905297605385556 ], [ 9.630167731447727, 9.893293879229589 ], [ 9.624593315660206, 9.884784442447824 ], [ 9.613999452462167, 9.886477700598334 ], [ 9.609476529389042, 9.885060387635349 ], [ 9.608251475556699, 9.88420091105138 ], [ 9.602773576834693, 9.892659051798262 ], [ 9.596027762251254, 9.890351230230237 ], [ 9.59337597944949, 9.884879041512136 ], [ 9.593488149525683, 9.88382667779706 ], [ 9.586176968558107, 9.876210740622412 ], [ 9.58612916552562, 9.876222076630143 ], [ 9.571910609864801, 9.867512428712303 ], [ 9.571754966759045, 9.873889969045536 ], [ 9.564569489876817, 9.886090433335198 ], [ 9.564604434900559, 9.890704311470131 ], [ 9.564949426135001, 9.895361338634359 ], [ 9.566375504103917, 9.905195233316022 ], [ 9.566090288910118, 9.910908121197679 ], [ 9.553859353599819, 9.911126843346267 ], [ 9.541885381464056, 9.909776317428623 ], [ 9.543359861465888, 9.898085506485302 ], [ 9.536660954914282, 9.893672843487082 ], [ 9.535890470390768, 9.893543557399255 ], [ 9.529516937060293, 9.895641327824592 ], [ 9.52899130570313, 9.895814332942109 ], [ 9.528462126343584, 9.895988506060462 ], [ 9.520196725727601, 9.901034912489251 ], [ 9.503819471600025, 9.89822847758245 ], [ 9.494532692290136, 9.902402947418807 ], [ 9.490007541215505, 9.908108864295684 ], [ 9.483703502932201, 9.910705401059886 ], [ 9.469010003948654, 9.9067566293769 ], [ 9.463662210315078, 9.904789883040621 ], [ 9.449900553964653, 9.902682641608806 ], [ 9.441819851474236, 9.90102928948545 ], [ 9.439771428082395, 9.898366645676333 ], [ 9.426655477170755, 9.890460380304376 ], [ 9.415460760564429, 9.886596925679328 ], [ 9.407732342313352, 9.884430597207427 ], [ 9.397777389549447, 9.882030967577009 ], [ 9.386487555878546, 9.880219891346428 ], [ 9.379761895308775, 9.876028922498904 ], [ 9.377067523478047, 9.873573338830397 ], [ 9.37438092165263, 9.871124839166782 ], [ 9.370562744058361, 9.867645047802455 ], [ 9.369578791389813, 9.86850886838937 ], [ 9.367368432887986, 9.870449356707809 ], [ 9.366548104330604, 9.871039681108925 ], [ 9.364644742037342, 9.871765352601983 ], [ 9.35965293564567, 9.871610019496416 ], [ 9.355562118866146, 9.884320486132594 ], [ 9.354221899955519, 9.8854447948965 ], [ 9.352752258956968, 9.891134394762332 ], [ 9.349004967410849, 9.902075885196552 ], [ 9.355009114490429, 9.906223842014924 ], [ 9.369451137303088, 9.911302148465381 ], [ 9.370945862318649, 9.914249678468082 ], [ 9.37435621163587, 9.942426435612845 ], [ 9.371759391871421, 9.944649397123271 ], [ 9.371778898884656, 9.947944109361856 ], [ 9.368747643825088, 9.961863834819667 ], [ 9.361264011740332, 9.971764413546623 ], [ 9.359244657368265, 9.978964803438942 ], [ 9.358769297045285, 9.979971362122853 ], [ 9.358484080851497, 9.981352450061252 ], [ 9.358864369109881, 9.982007879506568 ], [ 9.359197121335967, 9.98280375704735 ], [ 9.358983209190626, 9.983388960444984 ], [ 9.358674224980689, 9.983974160842592 ], [ 9.358531616883795, 9.984980704526492 ], [ 9.358484080851497, 9.986080878273981 ], [ 9.358674224980689, 9.987344901132872 ], [ 9.358579152916093, 9.988304618784923 ], [ 9.35888813712603, 9.989123889341613 ], [ 9.358983209190626, 9.989755894771008 ], [ 9.359102049271371, 9.990551753311763 ], [ 9.35912581728752, 9.991488053947933 ], [ 9.359363496449021, 9.992073241345508 ], [ 9.359506103545868, 9.992892500902201 ], [ 9.360005231885054, 9.993547908347523 ], [ 9.360219143030349, 9.994507606999548 ], [ 9.360456823191839, 9.995163011444902 ], [ 9.360859690465588, 9.995755212847257 ], [ 9.361193244692231, 9.99604720504567 ], [ 9.360520997235483, 9.99617771313433 ], [ 9.359261396379623, 9.996939180651736 ], [ 9.359190092331175, 9.998168052486676 ], [ 9.359404004476517, 9.998835150939954 ], [ 9.359368352452293, 9.999537359417047 ], [ 9.358797921064706, 10.000176366851235 ], [ 9.358762269040483, 10.000773242256798 ], [ 9.358940528161611, 10.001264784590774 ], [ 9.35883357308893, 10.001756326924749 ], [ 9.358512704870918, 10.002107429163289 ], [ 9.358370096774024, 10.002353199330287 ], [ 9.358405748798248, 10.002774519616537 ], [ 9.35883357308893, 10.002669189544974 ], [ 9.359261396379623, 10.002950069735846 ], [ 9.359190092331175, 10.003722489260667 ], [ 9.359368352452293, 10.004214027594628 ], [ 9.359796174742996, 10.004635345880899 ], [ 9.35993878283989, 10.00551309047728 ], [ 9.360188347009455, 10.006074844858972 ], [ 9.360580519275914, 10.006566380192965 ], [ 9.36093703751817, 10.006636600240654 ], [ 9.36093703751817, 10.007584557884741 ], [ 9.36104399359084, 10.008462294481149 ], [ 9.361471817881522, 10.008778278695843 ], [ 9.361899641172215, 10.009269810029821 ], [ 9.362363117487121, 10.009410247125231 ], [ 9.36261267965665, 10.009726231339926 ], [ 9.361863989147992, 10.010603960936294 ], [ 9.36214920534178, 10.011271035389541 ], [ 9.36261267965665, 10.011692343675804 ], [ 9.36225616141445, 10.012183870009778 ], [ 9.362683983705097, 10.012605178296042 ], [ 9.362826591801991, 10.013166920677691 ], [ 9.362327465462897, 10.014185078369508 ], [ 9.362220509390227, 10.014887252846563 ], [ 9.361935293196439, 10.015694752395234 ], [ 9.355166932597626, 10.013999555243458 ], [ 9.354767149325994, 10.014936248879849 ], [ 9.354554901181814, 10.015669123377847 ], [ 9.35431505101883, 10.016097425668818 ], [ 9.354286496999407, 10.017176749402211 ], [ 9.354324569025266, 10.017969394940735 ], [ 9.35414943990628, 10.018723208452911 ], [ 9.353453369433339, 10.02030697752906 ], [ 9.352165604558365, 10.020950383966181 ], [ 9.351023462782337, 10.021424373288255 ], [ 9.349681446870477, 10.021681354462885 ], [ 9.348699206203094, 10.021669933455087 ], [ 9.347854020628859, 10.021881228598659 ], [ 9.346431597662388, 10.021995536676343 ], [ 9.346371321621405, 10.025378847975105 ], [ 9.346442625669852, 10.027625724501775 ], [ 9.3484391360264, 10.027625724501775 ], [ 9.350007822092266, 10.026993792072403 ], [ 9.351148684867439, 10.026502287738481 ], [ 9.352360850691014, 10.026783147929279 ], [ 9.353858233708422, 10.027344866310955 ], [ 9.355284311677394, 10.027064007120146 ], [ 9.357264886023074, 10.026613351813921 ], [ 9.358393920790206, 10.026831797962359 ], [ 9.359368352452293, 10.02728039326712 ], [ 9.359404004476517, 10.02871979224517 ], [ 9.359510959549198, 10.029773006960738 ], [ 9.359439655500751, 10.030826217676349 ], [ 9.359617915621868, 10.031809212344285 ], [ 9.359219309351033, 10.033501106493816 ], [ 9.360072107930478, 10.035562036894135 ], [ 9.360285307075344, 10.038973232211902 ], [ 9.360853841461619, 10.04195802823989 ], [ 9.361949178205862, 10.044951071273545 ], [ 9.36533103450364, 10.048069753392554 ], [ 9.36639703322794, 10.052760146579431 ], [ 9.366325966179659, 10.058516539490654 ], [ 9.367321742856234, 10.062202165994847 ], [ 9.3688132958697, 10.067897325864465 ], [ 9.369604881407554, 10.07670484084872 ], [ 9.372459468347074, 10.076733769868383 ], [ 9.37802037312548, 10.076790125906655 ], [ 9.378463706426714, 10.077110073124061 ], [ 9.38457805658112, 10.087984754512888 ], [ 9.385126372953664, 10.090371668134708 ], [ 9.381177054270267, 10.094283026792255 ], [ 9.384815796742657, 10.102568405421835 ], [ 9.389471791906146, 10.116806269095775 ], [ 9.394963140637287, 10.122878550221571 ], [ 9.398876008295872, 10.12961410879808 ], [ 9.41355581927013, 10.140364997102836 ], [ 9.421893871935424, 10.146693847402958 ], [ 9.424910786985322, 10.149691512439745 ], [ 9.427620335826305, 10.150393391916623 ], [ 9.430044669473546, 10.149902075582816 ], [ 9.432255090975389, 10.148217560438241 ] ] ] ] } },
{ "type": "Feature", "properties": { "fid": 653.0, "OBJECTID": 653.0, "lganame": "Bogoro", "statecode": "BA", "LGA_UID": "05_03" }, "geometry": { "type": "MultiPolygon", "coordinates": [ [ [ [ 9.535267046967192, 9.752333235453477 ], [ 9.537654701589474, 9.748367563758961 ], [ 9.538714518309575, 9.746607309562989 ], [ 9.547322682158438, 9.746378399407433 ], [ 9.551387364920174, 9.746270309334022 ], [ 9.552603003746185, 9.747066312874836 ], [ 9.556448450358971, 9.746331541375582 ], [ 9.556964579709643, 9.746295918351393 ], [ 9.559948610737138, 9.745655810916446 ], [ 9.562433311425423, 9.744108958865468 ], [ 9.575029460983899, 9.736267215537339 ], [ 9.587173983235516, 9.741534982116548 ], [ 9.590888175759119, 9.743146038211194 ], [ 9.58830502500399, 9.7393615546398 ], [ 9.590444143457432, 9.736433364650281 ], [ 9.592939780153131, 9.733856536899395 ], [ 9.59698033489849, 9.731279688148561 ], [ 9.600664371401592, 9.730459777591477 ], [ 9.603516528339526, 9.729756996113963 ], [ 9.606012165035168, 9.729171342716029 ], [ 9.608864321973101, 9.727531509601874 ], [ 9.610286386939322, 9.725162347992125 ], [ 9.613499076122196, 9.723666156975526 ], [ 9.617783975033547, 9.724958884853891 ], [ 9.623243944743365, 9.727180116363115 ], [ 9.627284501488759, 9.726477326885572 ], [ 9.627878699892449, 9.727882903840623 ], [ 9.628098039041504, 9.729978090264183 ], [ 9.632275774880043, 9.730694037750652 ], [ 9.637385889352174, 9.730811167830211 ], [ 9.639406166724825, 9.732802374183166 ], [ 9.640238046290051, 9.734793566536098 ], [ 9.641782964339768, 9.737136133127763 ], [ 9.643684401631674, 9.73619910949111 ], [ 9.645229319681391, 9.734090795058592 ], [ 9.646893077811853, 9.731865337546481 ], [ 9.650220594072721, 9.729171342716029 ], [ 9.650101753991976, 9.726360195806024 ], [ 9.650111610998692, 9.724708431683723 ], [ 9.65342927125289, 9.724837480771384 ], [ 9.656281427190777, 9.723549023895941 ], [ 9.656994466675258, 9.725071744930574 ], [ 9.657588666078993, 9.72706298528351 ], [ 9.661510380743607, 9.727765771761028 ], [ 9.664600217843031, 9.726594458965167 ], [ 9.666145135892691, 9.724837480771384 ], [ 9.667452374780908, 9.723549023895941 ], [ 9.669948012476596, 9.724603215612206 ], [ 9.672748105379128, 9.727353862481152 ], [ 9.670502609853429, 9.720768804006923 ], [ 9.694922385445523, 9.714654163852288 ], [ 9.711711841853116, 9.714038265433828 ], [ 9.715148139187932, 9.713912209348166 ], [ 9.716696749240157, 9.712911261668069 ], [ 9.724551615577184, 9.707691598121585 ], [ 9.730604439689785, 9.705463472607676 ], [ 9.73623819851764, 9.701728995070255 ], [ 9.740768706595929, 9.703186146060318 ], [ 9.743509887458401, 9.700590242296528 ], [ 9.744516959142686, 9.696613146594302 ], [ 9.748242376673943, 9.695623580921904 ], [ 9.752537695592366, 9.694482637146734 ], [ 9.75944753428729, 9.692647210899622 ], [ 9.761808890891757, 9.692500344799839 ], [ 9.762916004643955, 9.692057524498978 ], [ 9.764963801035321, 9.692027431478493 ], [ 9.765374836314606, 9.692278559649139 ], [ 9.768824387658412, 9.692064013503341 ], [ 9.771674934595239, 9.690633137531165 ], [ 9.773101012564211, 9.688290246939289 ], [ 9.777846198788325, 9.688636513174515 ], [ 9.782964722266115, 9.68805595678009 ], [ 9.789200178502824, 9.689465032737473 ], [ 9.791538947091908, 9.6896337208521 ], [ 9.794402208037354, 9.689004656424686 ], [ 9.798726381975428, 9.688958968393649 ], [ 9.802263057378411, 9.689296343622857 ], [ 9.803403919153595, 9.686934701018231 ], [ 9.804316609773707, 9.684629271451797 ], [ 9.805115213316355, 9.681930210617907 ], [ 9.806141990013998, 9.679962132280707 ], [ 9.807111722672857, 9.679118666707609 ], [ 9.808708930758087, 9.679174897745838 ], [ 9.809621621378255, 9.677712885752442 ], [ 9.809393448223204, 9.67580101545343 ], [ 9.807625111021707, 9.672089703931761 ], [ 9.807095470661807, 9.670464108827218 ], [ 9.806331058142462, 9.670216917659275 ], [ 9.805514514587628, 9.669952870479904 ], [ 9.804430695851238, 9.668434585448267 ], [ 9.80435656780088, 9.66764368391091 ], [ 9.805430104530274, 9.666753661306188 ], [ 9.805789492774466, 9.66645570810374 ], [ 9.806027903936467, 9.66387968935345 ], [ 9.805628601665148, 9.661574100786879 ], [ 9.805001127238825, 9.659774606564213 ], [ 9.806949763562841, 9.654909405258536 ], [ 9.806611136332776, 9.654027497659342 ], [ 9.806313119130266, 9.653251359132014 ], [ 9.806427205207797, 9.650776991450755 ], [ 9.80689534852587, 9.649036760268359 ], [ 9.806484249246523, 9.647402823158188 ], [ 9.805400428510154, 9.646053146241115 ], [ 9.804031393579919, 9.644872174438717 ], [ 9.803289833076064, 9.643297539368859 ], [ 9.803632092308646, 9.641722897298962 ], [ 9.804601824967506, 9.640598147534718 ], [ 9.8046588680063, 9.63840487604449 ], [ 9.804112332634929, 9.636558421789914 ], [ 9.803879279476575, 9.635771057254942 ], [ 9.802833487766009, 9.633896439981243 ], [ 9.802500735539923, 9.63300599337623 ], [ 9.802500735539923, 9.631553154389053 ], [ 9.802595807604519, 9.63010030840195 ], [ 9.802976095862903, 9.629209851796929 ], [ 9.804069422605778, 9.628178794096357 ], [ 9.804782462090259, 9.627147732395827 ], [ 9.805020142251749, 9.625976067599709 ], [ 9.804497245896471, 9.62466379870807 ], [ 9.803498991218191, 9.623023455593568 ], [ 9.802120449281517, 9.622461051211417 ], [ 9.801562532902437, 9.621350938457169 ], [ 9.800932050474103, 9.620258287714762 ], [ 9.800836978409507, 9.618102378249887 ], [ 9.800646835280304, 9.616180794944285 ], [ 9.799640158596276, 9.613118704863723 ], [ 9.798412644762266, 9.609384865326774 ], [ 9.797414390083986, 9.607697578180364 ], [ 9.797135721894676, 9.607646460145588 ], [ 9.795370344695186, 9.607322624925587 ], [ 9.79503759346909, 9.605307240556215 ], [ 9.794657305210706, 9.603854282568989 ], [ 9.795322808662888, 9.60277627783654 ], [ 9.796453401431052, 9.602137335402404 ], [ 9.797947039445887, 9.601293217828868 ], [ 9.798888005085246, 9.600339036180571 ], [ 9.799174812280114, 9.59869884506611 ], [ 9.80026654702192, 9.597058104951316 ], [ 9.800456691151112, 9.595464498868523 ], [ 9.801454945829391, 9.595370756804869 ], [ 9.802476392523374, 9.596253246404444 ], [ 9.803057770918429, 9.594984796542576 ], [ 9.803594063282787, 9.593777142722047 ], [ 9.803166239992095, 9.592511620862183 ], [ 9.804298492761404, 9.591604443245785 ], [ 9.804307101767279, 9.589980562142443 ], [ 9.804639853993365, 9.589043127505533 ], [ 9.804551076933024, 9.588392392063383 ], [ 9.80525782141325, 9.587496356454551 ], [ 9.806446220220721, 9.587355740358987 ], [ 9.807064186640559, 9.58609019349916 ], [ 9.807206794737453, 9.584449663384476 ], [ 9.807064186640559, 9.583324723620137 ], [ 9.806921578543665, 9.582340398951317 ], [ 9.807758448112281, 9.579995543358109 ], [ 9.803285142072923, 9.579112904758404 ], [ 9.793907165701, 9.567746162035235 ], [ 9.788212706831871, 9.561508916797322 ], [ 9.784272194154482, 9.557192801864744 ], [ 9.782814993164379, 9.556545322424768 ], [ 9.781454086239705, 9.5559406280139 ], [ 9.777699470688617, 9.551204680796047 ], [ 9.763830397265224, 9.54011372926027 ], [ 9.745687006937658, 9.531488183399631 ], [ 9.744353949031904, 9.531594094471586 ], [ 9.732600212045782, 9.532527924106091 ], [ 9.713550568102448, 9.527821540908349 ], [ 9.703935622569588, 9.527394294618034 ], [ 9.69590089911037, 9.523749677141666 ], [ 9.695900021109765, 9.523749279141441 ], [ 9.694499969158471, 9.523114203709895 ], [ 9.692341655692019, 9.5224703112724 ], [ 9.687560196443258, 9.523787974167703 ], [ 9.683220059494317, 9.525786720525787 ], [ 9.678137531040989, 9.530812142940306 ], [ 9.672826574432406, 9.533439067725169 ], [ 9.667858259056686, 9.535323601005643 ], [ 9.663595200160159, 9.534291171304119 ], [ 9.658606914770814, 9.531725855561149 ], [ 9.656273949185675, 9.528037856055278 ], [ 9.654490446973909, 9.524980083977709 ], [ 9.651006958607013, 9.521902660886724 ], [ 9.649769638766315, 9.522892516559295 ], [ 9.648378572821173, 9.522287246148039 ], [ 9.645542597894234, 9.523986832302796 ], [ 9.641093568871327, 9.526321577889178 ], [ 9.637613606506875, 9.528195403162329 ], [ 9.635829012294323, 9.530307174597169 ], [ 9.631218806161883, 9.532329716971446 ], [ 9.627441410595338, 9.534619947527517 ], [ 9.627084492352822, 9.536047625497588 ], [ 9.627679357757017, 9.537861963730336 ], [ 9.626519369968833, 9.538337856053658 ], [ 9.625329640160487, 9.537148125245324 ], [ 9.624199396392555, 9.53717786926552 ], [ 9.623396327846876, 9.538189139952635 ], [ 9.62303940860437, 9.539289639700371 ], [ 9.620243541704724, 9.541371669114994 ], [ 9.620094825603701, 9.543334724448812 ], [ 9.6182507433507, 9.54464342833802 ], [ 9.615097957208548, 9.544613684317824 ], [ 9.614116429541639, 9.546963401914297 ], [ 9.611915428046188, 9.547588011338689 ], [ 9.610844671318659, 9.548896714227908 ], [ 9.609506224409245, 9.547736727439769 ], [ 9.607215992853128, 9.546993144934504 ], [ 9.605996519024529, 9.546041361287848 ], [ 9.604211922811999, 9.546279307449481 ], [ 9.603260139165286, 9.547052631974964 ], [ 9.601921692255871, 9.546160334368665 ], [ 9.598858136174329, 9.546546995631388 ], [ 9.597311486123488, 9.545803415126159 ], [ 9.595580428947301, 9.545616031998861 ], [ 9.592189696643459, 9.543801692766067 ], [ 9.590286128350101, 9.543682719685251 ], [ 9.588453840105103, 9.544382521160742 ], [ 9.586687192904776, 9.54409912596816 ], [ 9.585973355419753, 9.544902193513849 ], [ 9.58374260990405, 9.54627038444346 ], [ 9.581529711400492, 9.54854574398945 ], [ 9.579905729297082, 9.549750345807922 ], [ 9.579220545831561, 9.551672913114203 ], [ 9.578156130108312, 9.542796696083258 ], [ 9.573974923267372, 9.537626991570676 ], [ 9.570048811599747, 9.53435523334764 ], [ 9.570465217882713, 9.529120418790853 ], [ 9.573855950186555, 9.524956361961586 ], [ 9.576726022136597, 9.522752394464078 ], [ 9.548504794961616, 9.517639706990224 ], [ 9.545693225051309, 9.514783278049435 ], [ 9.545001735581479, 9.514080755572081 ], [ 9.541125588947807, 9.50976834064204 ], [ 9.531059265108183, 9.515857696779449 ], [ 9.522733871451464, 9.524324943532577 ], [ 9.512608714571911, 9.529669300163789 ], [ 9.506476578405398, 9.531919529692743 ], [ 9.497039336993282, 9.532296692948989 ], [ 9.490911158829476, 9.528489075361904 ], [ 9.486118444573037, 9.529939032347045 ], [ 9.485249862982869, 9.53076278990676 ], [ 9.484557619512543, 9.540151760286108 ], [ 9.484482142461218, 9.540192471313787 ], [ 9.473014208669326, 9.542052907577897 ], [ 9.469200741078225, 9.542362216788035 ], [ 9.468148180363073, 9.544661529350321 ], [ 9.461963920161168, 9.546837286828634 ], [ 9.461082132562012, 9.548375009873439 ], [ 9.453912589690674, 9.551635940089113 ], [ 9.450771366556353, 9.551632219086571 ], [ 9.448122426756527, 9.553796285556928 ], [ 9.445084330692282, 9.55440361696958 ], [ 9.434955920810523, 9.567862632114384 ], [ 9.429981252430423, 9.570448836871549 ], [ 9.423873141280296, 9.573624290029159 ], [ 9.41937869222653, 9.580942601001595 ], [ 9.412207577354081, 9.585053425794683 ], [ 9.404609796191721, 9.591551476209816 ], [ 9.408057883534525, 9.594449025178562 ], [ 9.421593800731557, 9.608670206841168 ], [ 9.427075139455894, 9.617210855644146 ], [ 9.430781865974438, 9.620782239070763 ], [ 9.432123641886108, 9.621458827530432 ], [ 9.434734654660133, 9.629269839837661 ], [ 9.436218521668366, 9.630810563884552 ], [ 9.434437545458309, 9.636038375436556 ], [ 9.436409364798067, 9.637778166618659 ], [ 9.439938974196252, 9.639422130735682 ], [ 9.439562214940281, 9.646350192442981 ], [ 9.436813543072674, 9.647428420175572 ], [ 9.43430627036912, 9.650790452459944 ], [ 9.437635801631359, 9.654980667306972 ], [ 9.448351182911949, 9.655857825902956 ], [ 9.448827414235552, 9.652160993391135 ], [ 9.450399470303694, 9.649309100453422 ], [ 9.454273125935629, 9.645233338684136 ], [ 9.460999194505689, 9.64231582070181 ], [ 9.463448816170057, 9.646726685698809 ], [ 9.466238449065486, 9.651749786111736 ], [ 9.46872198475296, 9.654316660855841 ], [ 9.472982957648071, 9.660900539329248 ], [ 9.473356380901805, 9.662013725085615 ], [ 9.474767644860719, 9.663628354182663 ], [ 9.473755351172883, 9.667724397965742 ], [ 9.472841826552212, 9.67142079147726 ], [ 9.473616572078583, 9.679850669204995 ], [ 9.473857098242036, 9.680337450535717 ], [ 9.474110303414079, 9.683752932856351 ], [ 9.474707970820134, 9.686282649575219 ], [ 9.477172940494995, 9.686849209960144 ], [ 9.487495116508398, 9.69174875028915 ], [ 9.487580808566634, 9.691850343358169 ], [ 9.489804176077314, 9.696094072241578 ], [ 9.490308237419811, 9.696752833689175 ], [ 9.492667210022603, 9.696696057650627 ], [ 9.493676657708477, 9.698885182138042 ], [ 9.496540761654501, 9.705096377358245 ], [ 9.501938946322298, 9.70585088387088 ], [ 9.508554952817576, 9.714393594675244 ], [ 9.502130290452328, 9.718989326797839 ], [ 9.502059786404402, 9.719039760832118 ], [ 9.495639991042481, 9.721589399564493 ], [ 9.493999917928136, 9.717911484065496 ], [ 9.488159787960001, 9.71079642123118 ], [ 9.482294266974691, 9.709277304198963 ], [ 9.481851758673997, 9.708934065965764 ], [ 9.475103212088698, 9.71468483387315 ], [ 9.471284362493975, 9.720036569509375 ], [ 9.471035148324631, 9.721599788571552 ], [ 9.465941213863573, 9.725370204133355 ], [ 9.455499909769173, 9.728826347481629 ], [ 9.455283246621946, 9.728676315379687 ], [ 9.449492593687467, 9.726350813799627 ], [ 9.444669241410224, 9.723614676940542 ], [ 9.443298819479082, 9.721983097831981 ], [ 9.439494646894332, 9.717929013077423 ], [ 9.439299378761689, 9.717909683064306 ], [ 9.43441674344416, 9.718174865244464 ], [ 9.432793288341088, 9.717957556096792 ], [ 9.423472765008228, 9.725398622152682 ], [ 9.408041794523626, 9.731711562442001 ], [ 9.411985848203415, 9.740909721691708 ], [ 9.413666133345089, 9.74883122007401 ], [ 9.417977131274199, 9.754231672743344 ], [ 9.418861200874915, 9.754517082937298 ], [ 9.430045105473823, 9.746699728625742 ], [ 9.435266867021767, 9.746089402211055 ], [ 9.44030011644162, 9.748928941140434 ], [ 9.44163754235035, 9.749025117205747 ], [ 9.446893415921465, 9.751884489148551 ], [ 9.450002487033942, 9.751397600817768 ], [ 9.452877733987521, 9.750721002358034 ], [ 9.454356678992383, 9.748759066025002 ], [ 9.459990429820266, 9.743597828518148 ], [ 9.464975512207388, 9.746952595797552 ], [ 9.466044504933734, 9.753063308949493 ], [ 9.46629320910273, 9.753390373171726 ], [ 9.467293652782473, 9.755304053472003 ], [ 9.468488686594412, 9.756686897411555 ], [ 9.471776414828298, 9.759180546105881 ], [ 9.472027713999069, 9.75914030007857 ], [ 9.480588020815389, 9.757847305200016 ], [ 9.482255309948187, 9.756165426057237 ], [ 9.483650503896172, 9.751923159174851 ], [ 9.487952700819335, 9.751430353840021 ], [ 9.493369028499444, 9.751525983904969 ], [ 9.500415057286887, 9.750439185166556 ], [ 9.503073492093165, 9.752079991281391 ], [ 9.513859612421868, 9.749425814478002 ], [ 9.523454717941263, 9.767807295967373 ], [ 9.524081543367174, 9.76792769304916 ], [ 9.525302210196571, 9.76714692451867 ], [ 9.532622324170234, 9.754810043136331 ], [ 9.534841806678287, 9.752518226579184 ], [ 9.535267046967192, 9.752333235453477 ] ] ] ] } },
{ "type": "Feature", "properties": { "fid": 674.0, "OBJECTID": 674.0, "lganame": "Warji", "statecode": "BA", "LGA_UID": "05_19" }, "geometry": { "type": "MultiPolygon", "coordinates": [ [ [ [ 9.82551881217961, 11.277995092068977 ], [ 9.826124190590974, 11.276539803080198 ], [ 9.826161384616228, 11.273090362736468 ], [ 9.828551292240036, 11.268509864624207 ], [ 9.829746246051968, 11.266220093068455 ], [ 9.829756672059034, 11.265252887411293 ], [ 9.829771042068842, 11.263919829505539 ], [ 9.8309774398885, 11.260479927168262 ], [ 9.832173346701097, 11.258190154612464 ], [ 9.834587097341114, 11.251310348937977 ], [ 9.836977004964922, 11.246729850825716 ], [ 9.83815515176542, 11.241304711139605 ], [ 9.838542653028696, 11.239520340927243 ], [ 9.838742285164358, 11.238601076302643 ], [ 9.839794724879425, 11.235553407231862 ], [ 9.840730736515411, 11.232842892390181 ], [ 9.84186183128395, 11.229567457164706 ], [ 9.848592819857345, 11.227716132906835 ], [ 9.851766633013767, 11.220235029823755 ], [ 9.851903948107065, 11.219843181557508 ], [ 9.852500915512678, 11.21813964840004 ], [ 9.854891777137198, 11.213560104288433 ], [ 9.856086730949073, 11.211270331732635 ], [ 9.85967159338486, 11.204409599071141 ], [ 9.86022242875913, 11.202840194004807 ], [ 9.860878944205183, 11.200969695733875 ], [ 9.861470585607151, 11.19820672785653 ], [ 9.864319114542639, 11.198301000920594 ], [ 9.866279972874906, 11.19789297964337 ], [ 9.867943731005369, 11.198184423841383 ], [ 9.870225192555495, 11.198360506961023 ], [ 9.871984285750727, 11.198592444118617 ], [ 9.872563993144638, 11.19813750780952 ], [ 9.873113264517826, 11.197543248405736 ], [ 9.873766883961935, 11.196552336732452 ], [ 9.875727742294259, 11.197135226128523 ], [ 9.877332080384292, 11.196552336732452 ], [ 9.879233517676255, 11.19666891481171 ], [ 9.88095669584709, 11.196144314455239 ], [ 9.880258662372796, 11.194985911668141 ], [ 9.879248522686453, 11.194519597351302 ], [ 9.878713744323079, 11.193994991994884 ], [ 9.878773164363452, 11.193062358361203 ], [ 9.878713744323079, 11.191546823331464 ], [ 9.878773164363452, 11.19073076177699 ], [ 9.878297804040471, 11.189273503786865 ], [ 9.877703604636736, 11.188574018311556 ], [ 9.876693465950382, 11.188457437232387 ], [ 9.875207967941094, 11.188165983034366 ], [ 9.874316669335485, 11.1874664935591 ], [ 9.873781888972132, 11.186767004083777 ], [ 9.87419782925474, 11.185950928529337 ], [ 9.874910867739231, 11.184726812697591 ], [ 9.875623907223712, 11.18332781674701 ], [ 9.876277525667774, 11.181695646638047 ], [ 9.876812306031127, 11.180296635687512 ], [ 9.877465925475235, 11.178955910776551 ], [ 9.877644184596363, 11.177498593786368 ], [ 9.878060123878981, 11.176216148914989 ], [ 9.878297804040471, 11.174525644766391 ], [ 9.878713744323079, 11.173359774974244 ], [ 9.879010842524963, 11.172077312102829 ], [ 9.879940345156513, 11.170266785872684 ], [ 9.879955427166749, 11.169505756355591 ], [ 9.880268961379784, 11.167758867168686 ], [ 9.881409824154957, 11.166079973027934 ], [ 9.881695040348745, 11.165240522457566 ], [ 9.882664773007605, 11.163841431506967 ], [ 9.882892945162666, 11.162162515366219 ], [ 9.882949989201393, 11.160091836959282 ], [ 9.883292247433985, 11.157573425248131 ], [ 9.883691548705258, 11.155670610955269 ], [ 9.883919721860309, 11.154159543928586 ], [ 9.883634505666521, 11.151585114179341 ], [ 9.883349291472712, 11.148562929125944 ], [ 9.883349291472712, 11.147331660289353 ], [ 9.882721816046399, 11.145484746034469 ], [ 9.882208427697549, 11.143581851741544 ], [ 9.881238695038689, 11.141790881524628 ], [ 9.879983746185985, 11.139664091079567 ], [ 9.879242184682141, 11.137705190748591 ], [ 9.878557667217024, 11.13563433934155 ], [ 9.878158364945705, 11.134570921619002 ], [ 9.878058375877799, 11.132527322230487 ], [ 9.878842883410812, 11.130764980033064 ], [ 9.879242184682141, 11.129925427462638 ], [ 9.880440091496041, 11.12796646213161 ], [ 9.881124607961169, 11.125503743458296 ], [ 9.882265470736343, 11.122481287404696 ], [ 9.884341118146608, 11.118152126463201 ], [ 9.887501934294221, 11.113431877256005 ], [ 9.890348658228447, 11.106565612590714 ], [ 9.888989097304716, 11.093950040019024 ], [ 9.855164528322518, 11.076539993189726 ], [ 9.854243577696764, 11.072757605619756 ], [ 9.854042052559805, 11.071929932057401 ], [ 9.852931975805575, 11.066160202137155 ], [ 9.859182214052339, 11.055547455926273 ], [ 9.854320525749017, 11.045450211065656 ], [ 9.85436916378211, 11.040840148933341 ], [ 9.854406356807374, 11.037389754588958 ], [ 9.855625152635469, 11.032799721470269 ], [ 9.856868744480437, 11.025899886782156 ], [ 9.857819742126594, 11.023190369941176 ], [ 9.850367521063163, 11.024323237710917 ], [ 9.832010825590658, 11.029883830489041 ], [ 9.827260497363, 11.02452791784998 ], [ 9.825707814308032, 11.017792555273616 ], [ 9.824322489366807, 11.014686584163258 ], [ 9.815670901488431, 11.013532488379099 ], [ 9.78598392431752, 11.008491967954285 ], [ 9.784249773139265, 11.012028859357429 ], [ 9.782084818668295, 11.016373940309734 ], [ 9.781546350302392, 11.020188065901266 ], [ 9.780379105509326, 11.022544474502297 ], [ 9.780106795324286, 11.038892953610343 ], [ 9.778170194008453, 11.041878608638967 ], [ 9.769121425860249, 11.047823160677979 ], [ 9.756011898952977, 11.044521959434974 ], [ 9.750709661350299, 11.04222263587269 ], [ 9.729648655040364, 11.041110105116786 ], [ 9.725458355193268, 11.034395062554211 ], [ 9.721750684674078, 11.036881195243438 ], [ 9.709144053108446, 11.038911795623164 ], [ 9.706786269506438, 11.039415684965491 ], [ 9.700131237984692, 11.040535434726337 ], [ 9.696100190245772, 11.040759383878481 ], [ 9.692373371713586, 11.040348809599493 ], [ 9.678952974595006, 11.036831073209385 ], [ 9.67365333199416, 11.045259528936128 ], [ 9.673481623877478, 11.048134111889283 ], [ 9.672807675419563, 11.051666478289349 ], [ 9.653454076269725, 11.056905926849311 ], [ 9.652947714925688, 11.056958870885296 ], [ 9.652757740796574, 11.056599226640913 ], [ 9.652301560486649, 11.055534347917387 ], [ 9.633887517975154, 11.053853891775589 ], [ 9.627883332895635, 11.052435999812189 ], [ 9.628087987034689, 11.053842008767504 ], [ 9.626838771185874, 11.057290593110679 ], [ 9.625295251137118, 11.060723398443088 ], [ 9.628131655064351, 11.065443972650485 ], [ 9.630013155342738, 11.066932122661626 ], [ 9.630821303891821, 11.06906249210914 ], [ 9.631712603497419, 11.071220120575106 ], [ 9.633851720950872, 11.072503028446818 ], [ 9.639532449810645, 11.076504201165392 ], [ 9.649447370547364, 11.087284237489939 ], [ 9.657018683691717, 11.09272636318758 ], [ 9.656811359550829, 11.099403781724618 ], [ 9.656782901531528, 11.099687564917417 ], [ 9.655496601657546, 11.109916801867712 ], [ 9.656017407011404, 11.111596680009086 ], [ 9.656717799487296, 11.112381150542092 ], [ 9.642157301594125, 11.131555311570025 ], [ 9.642757914002175, 11.133774850078112 ], [ 9.643442976467668, 11.13894688159229 ], [ 9.634954523700173, 11.145878718302129 ], [ 9.625371411188894, 11.149299537626405 ], [ 9.622548872271068, 11.153415072422717 ], [ 9.620854588119926, 11.155047040531599 ], [ 9.620981872206414, 11.15602037919291 ], [ 9.614449519767959, 11.176703757246287 ], [ 9.617013867510309, 11.180423226773485 ], [ 9.625934415571407, 11.181623213588864 ], [ 9.627996255972334, 11.183875807119364 ], [ 9.628308088184212, 11.187495867579003 ], [ 9.629605695065891, 11.18928409679404 ], [ 9.630319260550721, 11.196371892609875 ], [ 9.623802384122769, 11.199331393620696 ], [ 9.618809779730555, 11.200366255323843 ], [ 9.618073720230427, 11.205406797748651 ], [ 9.616216356968437, 11.207270503014968 ], [ 9.61486608205098, 11.212256254402575 ], [ 9.617522195855713, 11.216018458958786 ], [ 9.62053074189987, 11.220223628816029 ], [ 9.6205790769327, 11.220821193222037 ], [ 9.617164884612919, 11.228360912344897 ], [ 9.617542363869404, 11.230297406660668 ], [ 9.61665491726643, 11.232610503232308 ], [ 9.615329132365616, 11.236066109580236 ], [ 9.615309475352262, 11.238238380056202 ], [ 9.615426483431747, 11.240250246423159 ], [ 9.61821365432553, 11.239860535158357 ], [ 9.62505886897651, 11.237077873267651 ], [ 9.625923426563929, 11.236726420028901 ], [ 9.630113413410868, 11.236042551564196 ], [ 9.637524463446312, 11.234832953742341 ], [ 9.637806017637615, 11.234786999711105 ], [ 9.646035569229184, 11.234196376309853 ], [ 9.647550887258774, 11.23408762423594 ], [ 9.652479671607693, 11.231855906719602 ], [ 9.662005875080297, 11.228442901400626 ], [ 9.663317867971728, 11.229198241913821 ], [ 9.664030907456208, 11.229967569436553 ], [ 9.665670896570475, 11.229827691341541 ], [ 9.665871335706697, 11.230997679136465 ], [ 9.667596102878576, 11.231436278434501 ], [ 9.668665661605303, 11.231016647149374 ], [ 9.668879572750654, 11.230107445531587 ], [ 9.669592612235078, 11.228708668581191 ], [ 9.670519562864911, 11.227309885630802 ], [ 9.670876083107146, 11.22584115563285 ], [ 9.670590866913358, 11.224512298729962 ], [ 9.672444769173012, 11.22297361468452 ], [ 9.674298671432666, 11.222134329114226 ], [ 9.676152572692274, 11.222134329114226 ], [ 9.677649954709693, 11.221295040543964 ], [ 9.67955507900416, 11.221978375008291 ], [ 9.682641230101012, 11.221854565924161 ], [ 9.684067308069984, 11.221924506971675 ], [ 9.684851650602923, 11.22297361468452 ], [ 9.684637739457571, 11.224092659444807 ], [ 9.685208170845158, 11.224372418634914 ], [ 9.686491640717179, 11.223253375874549 ], [ 9.687945651705149, 11.22384543727685 ], [ 9.689272493606666, 11.224652178825011 ], [ 9.689557709800454, 11.22584115563285 ], [ 9.691090652842036, 11.226371769993364 ], [ 9.692619875881064, 11.226901094353025 ], [ 9.69390724875575, 11.227170006535744 ], [ 9.694905503434029, 11.226260793917959 ], [ 9.695932614131891, 11.226704936219733 ], [ 9.695975062160755, 11.227659582868398 ], [ 9.696616796596743, 11.228708668581191 ], [ 9.698353754776974, 11.22926038895605 ], [ 9.699682865680018, 11.228918485723739 ], [ 9.701051977610291, 11.229441916079395 ], [ 9.701180247697437, 11.230457138769168 ], [ 9.700538513261392, 11.231016647149374 ], [ 9.701685484040695, 11.231269771321365 ], [ 9.704175012732208, 11.231506216481989 ], [ 9.705743698798074, 11.230666954911783 ], [ 9.707465727968099, 11.231266749319275 ], [ 9.709166287123537, 11.230946709101829 ], [ 9.710164541801817, 11.229967569436553 ], [ 9.71180453191613, 11.230107445531587 ], [ 9.713159306836644, 11.229897630389019 ], [ 9.713729738224231, 11.230527077816703 ], [ 9.713943650369572, 11.231716030624568 ], [ 9.712446267352163, 11.231506216481989 ], [ 9.71180453191613, 11.232345474052238 ], [ 9.712493174384008, 11.233017834509042 ], [ 9.712951696695541, 11.234133166266872 ], [ 9.712232356206812, 11.235142985953019 ], [ 9.713159306836644, 11.235632547285661 ], [ 9.714300168611771, 11.235982233523259 ], [ 9.713801042272678, 11.23668160499841 ], [ 9.713801042272678, 11.238010405901264 ], [ 9.714157764515051, 11.238773790419941 ], [ 9.714870600999348, 11.23947907389919 ], [ 9.715256138261338, 11.240365819501676 ], [ 9.715711672570819, 11.241413559213584 ], [ 9.71529842429004, 11.242136644704885 ], [ 9.715227120241593, 11.24304580832262 ], [ 9.715712716571545, 11.24388294089141 ], [ 9.715512336435381, 11.24465432041552 ], [ 9.716114685844673, 11.245542656019097 ], [ 9.717081021501258, 11.246262823508403 ], [ 9.718364493373315, 11.246752366841065 ], [ 9.720075786536029, 11.24696216998359 ], [ 9.720860130068957, 11.247521646363737 ], [ 9.722286208037929, 11.246892235936059 ], [ 9.723284462716208, 11.246262823508403 ], [ 9.724567932588229, 11.245983085318358 ], [ 9.725637492314945, 11.245983085318358 ], [ 9.725566188266498, 11.246822300888539 ], [ 9.72478184473357, 11.247591581411257 ], [ 9.726008484567046, 11.248409923967245 ], [ 9.726707051041672, 11.249339935599153 ], [ 9.725780100411839, 11.250109209121831 ], [ 9.726350530799436, 11.250878479644541 ], [ 9.727304726447755, 11.251226155880772 ], [ 9.728204433059091, 11.251088280787087 ], [ 9.729630512028052, 11.250179143169362 ], [ 9.730414854560934, 11.249339935599153 ], [ 9.731341806190756, 11.249060200409076 ], [ 9.732146891737784, 11.249811647919671 ], [ 9.733805195864534, 11.250230643204361 ], [ 9.735404284951017, 11.249205755508001 ], [ 9.737614706452916, 11.248436480985333 ], [ 9.739618355814287, 11.248220445838513 ], [ 9.741465118069073, 11.248646283127869 ], [ 9.742819891989598, 11.249275689555532 ], [ 9.743889450716324, 11.248576349080338 ], [ 9.744816286346065, 11.248435744984818 ], [ 9.745529440830637, 11.24759726941511 ], [ 9.744602490200805, 11.247247597177534 ], [ 9.745529440830637, 11.246198577464781 ], [ 9.745529440830637, 11.244939748609454 ], [ 9.747454647138682, 11.245219488799535 ], [ 9.750379435125978, 11.245323438870173 ], [ 9.762493778357054, 11.245753996162705 ], [ 9.764211067523888, 11.248226677842752 ], [ 9.765280626250615, 11.250254764220756 ], [ 9.767134527510279, 11.250394632315761 ], [ 9.767704959897856, 11.252282836598738 ], [ 9.767562351800962, 11.253331834311496 ], [ 9.768774517624536, 11.254380827024193 ], [ 9.771341459368671, 11.255779478974546 ], [ 9.772981450482973, 11.255919344069582 ], [ 9.775477087178615, 11.256478803449681 ], [ 9.776475341856894, 11.257038259829812 ], [ 9.776903165147587, 11.258366967732627 ], [ 9.7785431552619, 11.260604777253093 ], [ 9.779113586649487, 11.261583812918332 ], [ 9.781181400054436, 11.26193346715587 ], [ 9.782821390168749, 11.262492913535993 ], [ 9.784889203573698, 11.261024363538183 ], [ 9.787313537220939, 11.260604777253093 ], [ 9.788882223286805, 11.260674708300598 ], [ 9.789996608043964, 11.26341238016073 ], [ 9.79201959641847, 11.263402013153666 ], [ 9.793160458193654, 11.265360063484081 ], [ 9.794301320968827, 11.266618802339337 ], [ 9.793873497678135, 11.268856546859809 ], [ 9.794087408823486, 11.270325056857587 ], [ 9.796369135373766, 11.272283060187931 ], [ 9.798151732584984, 11.273262055853138 ], [ 9.800718674329119, 11.274450831660829 ], [ 9.802193755331359, 11.273853873255234 ], [ 9.803172971996673, 11.274280137544849 ], [ 9.804456407868713, 11.274838831924455 ], [ 9.805781251768906, 11.276268951896157 ], [ 9.808062977319196, 11.276408806991185 ], [ 9.809203840094369, 11.277667496846391 ], [ 9.810843830208682, 11.278296841274027 ], [ 9.811842084886962, 11.277457715703861 ], [ 9.813695987146559, 11.2770381534188 ], [ 9.814663772804124, 11.277981512059796 ], [ 9.816262927890705, 11.278576548464059 ], [ 9.81768900585962, 11.277807351941419 ], [ 9.819885758352257, 11.277643913830389 ], [ 9.822680281250996, 11.27843669436902 ], [ 9.824922361774384, 11.279555851129487 ], [ 9.824930190779696, 11.278829574636006 ], [ 9.82551881217961, 11.277995092068977 ] ] ] ] } },
{ "type": "Feature", "properties": { "fid": 678.0, "OBJECTID": 678.0, "lganame": "Jama'are", "statecode": "BA", "LGA_UID": "05_11" }, "geometry": { "type": "MultiPolygon", "coordinates": [ [ [ [ 9.980032201164192, 11.74156839404526 ], [ 9.979866669051717, 11.732243701709592 ], [ 9.98308222223659, 11.725971908448173 ], [ 9.982919790126175, 11.724560287489055 ], [ 9.981849152398752, 11.712455130264175 ], [ 9.981723943313682, 11.711278608464795 ], [ 9.982259962677858, 11.707361863803555 ], [ 9.982753187012975, 11.706980455544397 ], [ 10.001597896817088, 11.700973515462977 ], [ 10.007010395494603, 11.701762789999236 ], [ 10.015067736969229, 11.704416012801971 ], [ 10.018490325294692, 11.705184046323836 ], [ 10.020026427338394, 11.705667524652313 ], [ 10.022483345007799, 11.706440823177729 ], [ 10.026547667769307, 11.707488132889353 ], [ 10.028187657883564, 11.709512921265059 ], [ 10.028382198015777, 11.709652615360028 ], [ 10.033535451517139, 11.713352995874232 ], [ 10.034676315292302, 11.714679554775557 ], [ 10.039168462344549, 11.717193017483339 ], [ 10.043483756276544, 11.714077536366517 ], [ 10.050077960756994, 11.71614574377179 ], [ 10.054468576740248, 11.717643504789407 ], [ 10.061130069266426, 11.719915909333452 ], [ 10.065433119190118, 11.720246291557885 ], [ 10.066052388610899, 11.719703408189048 ], [ 10.066040152602568, 11.718674384489873 ], [ 10.068688284401844, 11.711816972830604 ], [ 10.071754352485129, 11.706301182082882 ], [ 10.073893469938525, 11.69973794562344 ], [ 10.073643600768776, 11.693769162567946 ], [ 10.074393204278067, 11.688535035011625 ], [ 10.074787494546001, 11.683852590830099 ], [ 10.068887934537486, 11.682295737772279 ], [ 10.064846432791512, 11.67914440663111 ], [ 10.066499026914357, 11.676770812018333 ], [ 10.069403502887837, 11.670276263605615 ], [ 10.071454876281621, 11.665760237537199 ], [ 10.071959740624663, 11.662768883504725 ], [ 10.072595739056794, 11.659000509944292 ], [ 10.072196436785475, 11.656486520236115 ], [ 10.071797134514156, 11.653637303300229 ], [ 10.072196436785475, 11.649112016225502 ], [ 10.067404812529787, 11.646430330403405 ], [ 10.063354750777989, 11.64380448761932 ], [ 10.060673722956324, 11.642519491746214 ], [ 10.056851833359531, 11.641904926328607 ], [ 10.055026453119297, 11.642296012594329 ], [ 10.053372201995273, 11.642296012594329 ], [ 10.05114752048371, 11.643916225695193 ], [ 10.043353531188075, 11.649890678754559 ], [ 10.041336100817318, 11.653357966110434 ], [ 10.029242955600637, 11.648720938959798 ], [ 10.025192893848782, 11.654642911983501 ], [ 10.017377983538893, 11.652128882275349 ], [ 10.015894862531184, 11.651737809009603 ], [ 10.013384964825832, 11.651011527516118 ], [ 10.00796586714381, 11.649894169756919 ], [ 10.0064314961013, 11.653675246326031 ], [ 10.005855270709787, 11.658385980526759 ], [ 10.004258062624558, 11.660788223158931 ], [ 10.002297243292276, 11.668180401181587 ], [ 9.997875332287776, 11.669996153415298 ], [ 9.995340217565285, 11.669776485266027 ], [ 9.993065998020086, 11.667312797592103 ], [ 9.990682984400905, 11.665141668116917 ], [ 9.984805755407649, 11.659787009478691 ], [ 9.984438563158108, 11.658621374686675 ], [ 9.975057305783992, 11.655628694653274 ], [ 9.970870878939536, 11.659228554099229 ], [ 9.96421964042031, 11.661568953689425 ], [ 9.964065301315486, 11.661559350682865 ], [ 9.947395207988905, 11.646826010672271 ], [ 9.948354575640735, 11.642032346415192 ], [ 9.942250675493426, 11.634101262026434 ], [ 9.939772431809615, 11.631132862009508 ], [ 9.93608379230335, 11.626626995948016 ], [ 9.938654274049838, 11.620102584514939 ], [ 9.93804730563744, 11.615227265202407 ], [ 9.937764446445271, 11.612079857063918 ], [ 9.927220368281041, 11.604936595210404 ], [ 9.919857981278653, 11.600305138063504 ], [ 9.913292910818029, 11.609363415218183 ], [ 9.91242813023041, 11.610356829893192 ], [ 9.903787980359823, 11.59942945446852 ], [ 9.902343044378085, 11.598898567107824 ], [ 9.898849617004487, 11.595352939698728 ], [ 9.898883376027413, 11.591951421387591 ], [ 9.89624152423238, 11.587823019582515 ], [ 9.895518160740892, 11.586038838370257 ], [ 9.895562603771111, 11.585812450216451 ], [ 9.90385890840804, 11.570680409934937 ], [ 9.907977067206161, 11.568939491752019 ], [ 9.913874957213466, 11.572005562835272 ], [ 9.914756827812653, 11.571904784766843 ], [ 9.920594340778962, 11.566965366410727 ], [ 9.922982076401354, 11.563840579287557 ], [ 9.923929237044888, 11.562889006641001 ], [ 9.922785101267493, 11.549386954467025 ], [ 9.925922081398937, 11.547592096247513 ], [ 9.925057932811796, 11.542893421054941 ], [ 9.919635047127201, 11.532216755800675 ], [ 9.910223249732326, 11.534699956487884 ], [ 9.909246591068722, 11.537498311389243 ], [ 9.903750912334658, 11.540743964594526 ], [ 9.904334762731366, 11.55285867482587 ], [ 9.885188759722553, 11.561219425506636 ], [ 9.882285409749841, 11.562410936316212 ], [ 9.869440538022388, 11.56330729392522 ], [ 9.867138510458233, 11.556244800126592 ], [ 9.857644913007789, 11.552815841796757 ], [ 9.85259500757661, 11.555121084363066 ], [ 9.847836086343193, 11.557649262080872 ], [ 9.848877100050515, 11.565679941537326 ], [ 9.847984803444206, 11.574602920600057 ], [ 9.819567965136287, 11.579875789182722 ], [ 9.829466521861889, 11.588061134744294 ], [ 9.83490858655955, 11.598879487094848 ], [ 9.817196838525263, 11.604136692666884 ], [ 9.817972183052063, 11.60573959375597 ], [ 9.820277213618226, 11.609230042127592 ], [ 9.820516518780778, 11.609591327373039 ], [ 9.822582245184378, 11.61270999949204 ], [ 9.822817783344419, 11.613430272981418 ], [ 9.822470656108578, 11.614283352561074 ], [ 9.821582292504957, 11.615027327066571 ], [ 9.821552609484797, 11.615316745263215 ], [ 9.82161352252615, 11.61556801643394 ], [ 9.821491695443399, 11.615739336550348 ], [ 9.821149052210558, 11.615880200646075 ], [ 9.820841436001558, 11.615882992647926 ], [ 9.820627376856123, 11.615949358693058 ], [ 9.820349838667539, 11.615989711720488 ], [ 9.820149963531776, 11.615982572715609 ], [ 9.819931054383005, 11.615894532655773 ], [ 9.819659795198675, 11.615901671660652 ], [ 9.819502751091989, 11.616153893832006 ], [ 9.819507510095207, 11.616479881053522 ], [ 9.819406938026873, 11.616982264394835 ], [ 9.819307341959245, 11.617283447599505 ], [ 9.819124257834858, 11.617910254025389 ], [ 9.818773049596189, 11.619291292963737 ], [ 9.818651220513402, 11.61962632119139 ], [ 9.818270507254738, 11.619831907331047 ], [ 9.81753953675809, 11.619976578429373 ], [ 9.816962121365748, 11.619994979441856 ], [ 9.816500506052137, 11.620099674512971 ], [ 9.815286981227587, 11.619890283370694 ], [ 9.814577900745803, 11.619752274276948 ], [ 9.814021107367466, 11.619276381953625 ], [ 9.813597563079725, 11.619209756908333 ], [ 9.811507677659733, 11.620826493006803 ], [ 9.810854059215615, 11.622456143114107 ], [ 9.810675799094497, 11.624813297715662 ], [ 9.81097289929636, 11.626268321704288 ], [ 9.812547527366235, 11.627606936613802 ], [ 9.825916388449741, 11.626764528041463 ], [ 9.827071190234392, 11.631179810041431 ], [ 9.828206062005506, 11.634650230399416 ], [ 9.827010155192909, 11.636940001955224 ], [ 9.826962471160527, 11.641550064087539 ], [ 9.825718880315549, 11.648440360769143 ], [ 9.824522971503029, 11.650730133324942 ], [ 9.823304175674878, 11.655320168443666 ], [ 9.822109221862945, 11.657609939999475 ], [ 9.822072982838336, 11.661060333343812 ], [ 9.82118894423769, 11.663579075055168 ], [ 9.820865631018023, 11.664500236681079 ], [ 9.82080459597654, 11.670260428594872 ], [ 9.820790750967149, 11.671578210490225 ], [ 9.827824399746191, 11.682429613863235 ], [ 9.830646118663367, 11.684598409336843 ], [ 9.827777643714398, 11.692276464553743 ], [ 9.827024040202389, 11.702719100649006 ], [ 9.827018236198398, 11.702799522703629 ], [ 9.820462415744032, 11.712194429087049 ], [ 9.832254125755981, 11.721391896336286 ], [ 9.834538171307884, 11.726146859567052 ], [ 9.841722988189588, 11.728265487006581 ], [ 9.846041829124033, 11.726238209629116 ], [ 9.86159068868875, 11.730909954803337 ], [ 9.863913558267029, 11.729852413084814 ], [ 9.871685139547481, 11.733139179318016 ], [ 9.874224947273149, 11.73440377517727 ], [ 9.874398342390975, 11.735109412656698 ], [ 9.886641649709702, 11.73879385716009 ], [ 9.888197821767051, 11.736895291870098 ], [ 9.894794915249463, 11.73935849554374 ], [ 9.895243455554237, 11.739364428547788 ], [ 9.900053258822311, 11.740250538149837 ], [ 9.902809238694829, 11.740758272494816 ], [ 9.907037882568034, 11.73729532314195 ], [ 9.911544399629975, 11.738247084788611 ], [ 9.912203805078036, 11.738678385081641 ], [ 9.912537903305008, 11.740400317251613 ], [ 9.921765997575051, 11.748191128545102 ], [ 9.924848360669387, 11.74972272658573 ], [ 9.930818053725488, 11.754150404594156 ], [ 9.930987970840988, 11.760523994924711 ], [ 9.935347849803293, 11.770024266379721 ], [ 9.939761402802105, 11.76959700808942 ], [ 9.947233974879339, 11.768357312247076 ], [ 9.947996776397645, 11.768200511140549 ], [ 9.946396955310661, 11.765428785257313 ], [ 9.947653954164707, 11.764591897688661 ], [ 9.951260550615245, 11.758243152374973 ], [ 9.952940391756613, 11.753422239099393 ], [ 9.95339233706369, 11.752125218218112 ], [ 9.953695217269455, 11.751452004760722 ], [ 9.960705588032681, 11.750345000008565 ], [ 9.960735166052814, 11.750344115007977 ], [ 9.974645558504221, 11.747361261981268 ], [ 9.977899079714859, 11.743716831505026 ], [ 9.980032201164192, 11.74156839404526 ] ] ] ] } },
{ "type": "Feature", "properties": { "fid": 686.0, "OBJECTID": 686.0, "lganame": "Shira", "statecode": "BA", "LGA_UID": "05_16" }, "geometry": { "type": "MultiPolygon", "coordinates": [ [ [ [ 10.087698756318559, 11.669287869934067 ], [ 10.090564326265621, 11.668832786624819 ], [ 10.093407686197509, 11.669033007760902 ], [ 10.100377086932895, 11.65914884704506 ], [ 10.101402521629666, 11.654354264787344 ], [ 10.10235324027559, 11.651607450921063 ], [ 10.105918435698015, 11.644484229081172 ], [ 10.107439586731573, 11.641271735898385 ], [ 10.101584719753419, 11.634674342415792 ], [ 10.101209313498373, 11.63175573943272 ], [ 10.111508151495968, 11.622266110984981 ], [ 10.118658070354002, 11.619109179839995 ], [ 10.124438797281698, 11.61541462532972 ], [ 10.125360637908045, 11.614825456929395 ], [ 10.128735690201268, 11.612078253062805 ], [ 10.130637984493774, 11.610782000182041 ], [ 10.132015670429837, 11.609843218544199 ], [ 10.134535076141674, 11.606118122013186 ], [ 10.138087196555148, 11.600130917945137 ], [ 10.138180176618334, 11.594664740231167 ], [ 10.138174024614159, 11.594608792193128 ], [ 10.138955919145417, 11.58888890530676 ], [ 10.140571363243055, 11.587397952293713 ], [ 10.141095035598823, 11.585396366933708 ], [ 10.142308617423396, 11.583935060940803 ], [ 10.145658486699517, 11.579901351200135 ], [ 10.151839411899118, 11.572126404917412 ], [ 10.15628782992161, 11.572738986333604 ], [ 10.156892961332801, 11.57298788950277 ], [ 10.168683477343905, 11.574767672712028 ], [ 10.178199100809309, 11.569997162470656 ], [ 10.178827975236629, 11.56968188625649 ], [ 10.179716659840437, 11.568474959436401 ], [ 10.178629420101686, 11.56776501695407 ], [ 10.164162125271844, 11.558318211535379 ], [ 10.164388393425611, 11.555837819850069 ], [ 10.171830040481836, 11.554990192274147 ], [ 10.168808286428714, 11.544445621109617 ], [ 10.16623009867692, 11.542358962691821 ], [ 10.16997772222328, 11.535262672870203 ], [ 10.178782917205979, 11.532164832765375 ], [ 10.179560942734611, 11.528806238483412 ], [ 10.179898212963792, 11.528534743298906 ], [ 10.190314333041044, 11.520149990601851 ], [ 10.186321898328345, 11.516846719357432 ], [ 10.176015148325405, 11.508319091563351 ], [ 10.175618443055896, 11.50735064390534 ], [ 10.181037826738077, 11.50281393782285 ], [ 10.183798361613754, 11.497004769875787 ], [ 10.185301750635233, 11.495684727978869 ], [ 10.187234225948259, 11.489966623093721 ], [ 10.199401802215561, 11.490719270605098 ], [ 10.199614145359817, 11.489345785671844 ], [ 10.206516254049461, 11.485559499099281 ], [ 10.206642387135162, 11.483096873426007 ], [ 10.20776675889914, 11.482033255703357 ], [ 10.212470672095208, 11.482608027093875 ], [ 10.214954573782904, 11.48046312763654 ], [ 10.217484648502023, 11.478278357152078 ], [ 10.220291057408815, 11.478124011047214 ], [ 10.227307718176291, 11.475026234942391 ], [ 10.227488650299222, 11.475123548008526 ], [ 10.239001683121785, 11.471039262233433 ], [ 10.244382336777733, 11.465912060749758 ], [ 10.244439198816337, 11.465598214536499 ], [ 10.244578316910861, 11.461796662953532 ], [ 10.252277309141959, 11.451815943172107 ], [ 10.256568815057847, 11.451024887634617 ], [ 10.256800628215331, 11.445728185035762 ], [ 10.25680053721527, 11.44327565136939 ], [ 10.255904101606234, 11.44081447969711 ], [ 10.250922207221265, 11.434121136149315 ], [ 10.243888212441959, 11.431126787114806 ], [ 10.243415377120698, 11.430522373704093 ], [ 10.2323251595854, 11.439237729625802 ], [ 10.231848823261771, 11.4398201060215 ], [ 10.227849437544364, 11.442352364742021 ], [ 10.226879236885168, 11.441954035471383 ], [ 10.213645594893535, 11.443151124284782 ], [ 10.207416339661052, 11.431635180460205 ], [ 10.192844889760408, 11.440957799794489 ], [ 10.19123520866674, 11.438148339885629 ], [ 10.183377033327474, 11.432328973931646 ], [ 10.180893461639982, 11.431779090557995 ], [ 10.1815113440598, 11.428441904290537 ], [ 10.181791848250441, 11.4226914943834 ], [ 10.181368337962681, 11.417876313111719 ], [ 10.168066015924353, 11.422306473121807 ], [ 10.166501899861601, 11.423661390042412 ], [ 10.161016505134569, 11.42154234760261 ], [ 10.159422791051668, 11.421528391593142 ], [ 10.155654023490968, 11.420538603920591 ], [ 10.147504124953514, 11.418744801701791 ], [ 10.147653660055141, 11.414536176842262 ], [ 10.147323543830794, 11.40557172975133 ], [ 10.145939246890237, 11.398914334227925 ], [ 10.13871050497869, 11.401812901197388 ], [ 10.128017158713021, 11.39962847671319 ], [ 10.126460791655575, 11.397755639440675 ], [ 10.129096752446571, 11.390217103318605 ], [ 10.131387754003185, 11.388234255971327 ], [ 10.123124772388906, 11.378743610522861 ], [ 10.139567461560944, 11.370237339743255 ], [ 10.137977170480383, 11.360412225067591 ], [ 10.119540497953551, 11.353708830512915 ], [ 10.115837048437243, 11.346186947402146 ], [ 10.113814298062891, 11.341459136189826 ], [ 10.128250292871428, 11.31987058052141 ], [ 10.137186551943216, 11.318924691878749 ], [ 10.157618631825869, 11.312279322363509 ], [ 10.160432495737723, 11.310543636184207 ], [ 10.160829960007788, 11.309298764338394 ], [ 10.159250628934728, 11.307248079945055 ], [ 10.154056445405502, 11.296893321909465 ], [ 10.147669887066172, 11.287270132370963 ], [ 10.145791156789642, 11.284088963209513 ], [ 10.141553548910395, 11.273107305747999 ], [ 10.148226189444131, 11.264463294874759 ], [ 10.147109783685607, 11.263748775389274 ], [ 10.134311138989517, 11.256092027186924 ], [ 10.138957281146361, 11.246352958569673 ], [ 10.142110723288965, 11.244267902152956 ], [ 10.143249405062647, 11.243442854592388 ], [ 10.145677667712505, 11.241973305593888 ], [ 10.145666386704875, 11.240966179909606 ], [ 10.141489894867107, 11.238382791154322 ], [ 10.139666411628184, 11.237030789235689 ], [ 10.136514779486788, 11.236219518684436 ], [ 10.133192016229088, 11.236848953112144 ], [ 10.130781943591558, 11.237618258634825 ], [ 10.129812210932698, 11.237856043796398 ], [ 10.11993197921953, 11.237383417475257 ], [ 10.12205457066176, 11.247009584015814 ], [ 10.115667325321908, 11.250032327069619 ], [ 10.108176996232601, 11.253577101478129 ], [ 10.102965787691801, 11.257753116315541 ], [ 10.098432126611385, 11.261386175784025 ], [ 10.092980963907564, 11.2652960514406 ], [ 10.090469856201423, 11.267097156664363 ], [ 10.084171342921877, 11.269661234406556 ], [ 10.074782993542954, 11.267679904060287 ], [ 10.069672880070868, 11.267097156664363 ], [ 10.062824455417683, 11.26613929901356 ], [ 10.051965740039691, 11.266048209951634 ], [ 10.049884955625885, 11.265825588800396 ], [ 10.045429546598655, 11.265348910476519 ], [ 10.031623589218157, 11.265258037414753 ], [ 10.027722407567467, 11.265232359397316 ], [ 10.011856859787599, 11.261368383771924 ], [ 9.998541007740073, 11.264624316984168 ], [ 9.998535674736445, 11.264628530987068 ], [ 9.994712965139115, 11.267649341039544 ], [ 9.991547552988379, 11.27015073673914 ], [ 9.982086883560271, 11.274796309895578 ], [ 9.980352424381806, 11.275648000474234 ], [ 9.97717094422012, 11.277210235535733 ], [ 9.969453552976518, 11.278835764640178 ], [ 9.968891334594502, 11.280385514693194 ], [ 9.968415443271169, 11.28146103242392 ], [ 9.968274579175443, 11.282995784466721 ], [ 9.967722543800392, 11.2830909615314 ], [ 9.967124506394043, 11.283094943534138 ], [ 9.966073735680084, 11.282782759322004 ], [ 9.965548351323093, 11.282409659068492 ], [ 9.965007737955773, 11.282028944809838 ], [ 9.964611794686789, 11.281846202685642 ], [ 9.964002653272871, 11.282313148002913 ], [ 9.963642879028441, 11.282838533359893 ], [ 9.963243128756858, 11.283209728612121 ], [ 9.96229769011444, 11.28340592374542 ], [ 9.961383977493597, 11.283957959120471 ], [ 9.96034653178873, 11.284795528689585 ], [ 9.959359532118128, 11.285199719964226 ], [ 9.958460095507007, 11.286056325546213 ], [ 9.958226908348536, 11.28655601288574 ], [ 9.957655337960205, 11.286293809707615 ], [ 9.94840538667529, 11.296300803506881 ], [ 9.941470758963533, 11.313944954495241 ], [ 9.913984974288212, 11.316462150205552 ], [ 9.91360000102668, 11.316100000959523 ], [ 9.91340000189075, 11.316599999299228 ], [ 9.912999998619, 11.316399999163309 ], [ 9.912700001415146, 11.316799998435101 ], [ 9.91213662603235, 11.317069227618049 ], [ 9.911917325883337, 11.318306610458762 ], [ 9.913697440092847, 11.319938701567708 ], [ 9.918282962208536, 11.34737386020862 ], [ 9.916707993138402, 11.34786987254563 ], [ 9.912023543955513, 11.347809791504801 ], [ 9.90910599697321, 11.347867128543783 ], [ 9.903520523178145, 11.347459321266683 ], [ 9.899004608109749, 11.349906162929187 ], [ 9.894759997225776, 11.351619921093629 ], [ 9.885029516614338, 11.356684203534542 ], [ 9.882633208986192, 11.358969688087427 ], [ 9.882171960672792, 11.361223230618634 ], [ 9.882742392060379, 11.36250951149259 ], [ 9.883141694331698, 11.363348387062558 ], [ 9.88405438395182, 11.364578732898508 ], [ 9.884111426990557, 11.365976846848469 ], [ 9.883483952564234, 11.367598650950413 ], [ 9.884567772300613, 11.36843751052038 ], [ 9.884681859378134, 11.369500064242345 ], [ 9.88565159203705, 11.370338918812308 ], [ 9.887362886199753, 11.370562612964306 ], [ 9.889473481633843, 11.371401464534244 ], [ 9.889188266440044, 11.37352654397813 ], [ 9.888903051246245, 11.376098987725982 ], [ 9.888788964168725, 11.379454315005773 ], [ 9.888389661897406, 11.38102012006965 ], [ 9.887362886199753, 11.381635256487641 ], [ 9.886050894308312, 11.381635256487641 ], [ 9.884453686223083, 11.381299728259648 ], [ 9.883712124719239, 11.382194468867567 ], [ 9.88234308978906, 11.384095785159445 ], [ 9.880859968781351, 11.386388530717227 ], [ 9.879976273180887, 11.388879776409908 ], [ 9.884146468014364, 11.394596730294325 ], [ 9.885144722692644, 11.396344187481645 ], [ 9.884859507498845, 11.398720712096406 ], [ 9.885614782011999, 11.401732291142594 ], [ 9.885558270973604, 11.406417544326018 ], [ 9.884280470105409, 11.408141479497374 ], [ 9.882086753614885, 11.410779953290046 ], [ 9.879169112632496, 11.413161903908474 ], [ 9.876164767591149, 11.415382014416934 ], [ 9.87612852756655, 11.418832407761329 ], [ 9.876103732549723, 11.421142207330718 ], [ 9.876079890533504, 11.423442469893644 ], [ 9.8768401930501, 11.425853620531939 ], [ 9.878694095309754, 11.430699341824379 ], [ 9.879503249859511, 11.433779715917353 ], [ 9.880074967247992, 11.435524203102602 ], [ 9.879026846535851, 11.437455258414673 ], [ 9.878266272019061, 11.439365521712602 ], [ 9.877743375663783, 11.441788277358796 ], [ 9.877220481308484, 11.443978057846607 ], [ 9.876887729082398, 11.445888278144537 ], [ 9.877172945276186, 11.447425763189187 ], [ 9.878001104838859, 11.448499558918797 ], [ 9.874845177694567, 11.452697157770842 ], [ 9.868870791635288, 11.458267899555892 ], [ 9.86819340517502, 11.458407664650849 ], [ 9.867563553747061, 11.458398347644561 ], [ 9.867050165398211, 11.458463571688867 ], [ 9.866384661946029, 11.458407664650849 ], [ 9.865746432512424, 11.458497638712004 ], [ 9.864559281705795, 11.458407664650849 ], [ 9.863461713960021, 11.460526295090347 ], [ 9.855712725694957, 11.465970105789211 ], [ 9.819414680032139, 11.450845919513029 ], [ 9.801438171817949, 11.44335570942377 ], [ 9.788003840689953, 11.463325660992439 ], [ 9.784703518447543, 11.46823154632574 ], [ 9.786487578659717, 11.482159614789225 ], [ 9.785615049066905, 11.484646258478733 ], [ 9.785280227839394, 11.4856004711271 ], [ 9.78524303381414, 11.489060402477946 ], [ 9.784049034002862, 11.491339684026627 ], [ 9.784522993324913, 11.492883700075708 ], [ 9.785182952773312, 11.494810104384612 ], [ 9.785146712748713, 11.498270034735469 ], [ 9.787869533598723, 11.504716107115257 ], [ 9.792138522499272, 11.50652161034202 ], [ 9.797785257335988, 11.512779637594065 ], [ 9.798617307901338, 11.513701764220627 ], [ 9.805576800629979, 11.521414664461133 ], [ 9.815376373288302, 11.529254320787857 ], [ 9.815879659630298, 11.529556292992993 ], [ 9.819994725426284, 11.532025331670582 ], [ 9.829698825019761, 11.537847791626689 ], [ 9.830783567756782, 11.54034270132189 ], [ 9.819567965136287, 11.579875789182722 ], [ 9.847984803444206, 11.574602920600057 ], [ 9.848877100050515, 11.565679941537326 ], [ 9.847836086343193, 11.557649262080872 ], [ 9.85259500757661, 11.555121084363066 ], [ 9.857644913007789, 11.552815841796757 ], [ 9.867138510458233, 11.556244800126592 ], [ 9.869440538022388, 11.56330729392522 ], [ 9.882285409749841, 11.562410936316212 ], [ 9.885188759722553, 11.561219425506636 ], [ 9.904334762731366, 11.55285867482587 ], [ 9.903750912334658, 11.540743964594526 ], [ 9.909246591068722, 11.537498311389243 ], [ 9.910223249732326, 11.534699956487884 ], [ 9.919635047127201, 11.532216755800675 ], [ 9.925057932811796, 11.542893421054941 ], [ 9.925922081398937, 11.547592096247513 ], [ 9.922785101267493, 11.549386954467025 ], [ 9.923929237044888, 11.562889006641001 ], [ 9.922982076401354, 11.563840579287557 ], [ 9.920594340778962, 11.566965366410727 ], [ 9.914756827812653, 11.571904784766843 ], [ 9.913874957213466, 11.572005562835272 ], [ 9.907977067206161, 11.568939491752019 ], [ 9.90385890840804, 11.570680409934937 ], [ 9.895562603771111, 11.585812450216451 ], [ 9.895518160740892, 11.586038838370257 ], [ 9.89624152423238, 11.587823019582515 ], [ 9.898883376027413, 11.591951421387591 ], [ 9.898849617004487, 11.595352939698728 ], [ 9.902343044378085, 11.598898567107824 ], [ 9.903787980359823, 11.59942945446852 ], [ 9.91242813023041, 11.610356829893192 ], [ 9.913292910818029, 11.609363415218183 ], [ 9.919857981278653, 11.600305138063504 ], [ 9.927220368281041, 11.604936595210404 ], [ 9.937764446445271, 11.612079857063918 ], [ 9.93804730563744, 11.615227265202407 ], [ 9.938654274049838, 11.620102584514939 ], [ 9.93608379230335, 11.626626995948016 ], [ 9.939772431809615, 11.631132862009508 ], [ 9.942250675493426, 11.634101262026434 ], [ 9.948354575640735, 11.642032346415192 ], [ 9.947395207988905, 11.646826010672271 ], [ 9.964065301315486, 11.661559350682865 ], [ 9.96421964042031, 11.661568953689425 ], [ 9.970870878939536, 11.659228554099229 ], [ 9.975057305783992, 11.655628694653274 ], [ 9.984438563158108, 11.658621374686675 ], [ 9.984805755407649, 11.659787009478691 ], [ 9.990682984400905, 11.665141668116917 ], [ 9.993065998020086, 11.667312797592103 ], [ 9.995340217565285, 11.669776485266027 ], [ 9.997875332287776, 11.669996153415298 ], [ 10.002297243292276, 11.668180401181587 ], [ 10.004258062624558, 11.660788223158931 ], [ 10.005855270709787, 11.658385980526759 ], [ 10.0064314961013, 11.653675246326031 ], [ 10.00796586714381, 11.649894169756919 ], [ 10.013384964825832, 11.651011527516118 ], [ 10.015894862531184, 11.651737809009603 ], [ 10.017377983538893, 11.652128882275349 ], [ 10.025192893848782, 11.654642911983501 ], [ 10.029242955600637, 11.648720938959798 ], [ 10.041336100817318, 11.653357966110434 ], [ 10.043353531188075, 11.649890678754559 ], [ 10.05114752048371, 11.643916225695193 ], [ 10.053372201995273, 11.642296012594329 ], [ 10.055026453119297, 11.642296012594329 ], [ 10.056851833359531, 11.641904926328607 ], [ 10.060673722956324, 11.642519491746214 ], [ 10.063354750777989, 11.64380448761932 ], [ 10.067404812529787, 11.646430330403405 ], [ 10.072196436785475, 11.649112016225502 ], [ 10.071797134514156, 11.653637303300229 ], [ 10.072196436785475, 11.656486520236115 ], [ 10.072595739056794, 11.659000509944292 ], [ 10.071959740624663, 11.662768883504725 ], [ 10.071454876281621, 11.665760237537199 ], [ 10.069403502887837, 11.670276263605615 ], [ 10.066499026914357, 11.676770812018333 ], [ 10.064846432791512, 11.67914440663111 ], [ 10.068887934537486, 11.682295737772279 ], [ 10.074787494546001, 11.683852590830099 ], [ 10.075595008094638, 11.674262624314167 ], [ 10.076988060041174, 11.670732164915364 ], [ 10.079399549679636, 11.670224113570214 ], [ 10.082977589110783, 11.669894206346044 ], [ 10.086343134397509, 11.669503157080328 ], [ 10.087698756318559, 11.669287869934067 ] ] ] ] } },
{ "type": "Feature", "properties": { "fid": 691.0, "OBJECTID": 691.0, "lganame": "Katagum", "statecode": "BA", "LGA_UID": "05_12" }, "geometry": { "type": "MultiPolygon", "coordinates": [ [ [ [ 10.42952832257572, 11.826601745821449 ], [ 10.450553433861273, 11.824537409418838 ], [ 10.451844945738799, 11.82568485619845 ], [ 10.467112430112365, 11.816372129870899 ], [ 10.474698187266483, 11.818403669251211 ], [ 10.47491352541283, 11.802277362294149 ], [ 10.476435596447004, 11.79887397298171 ], [ 10.486316961160924, 11.796290296226232 ], [ 10.490472867984636, 11.770808856912765 ], [ 10.489115104062137, 11.76797410998671 ], [ 10.484688875054701, 11.763723597098704 ], [ 10.484736568087101, 11.748883548015556 ], [ 10.484748829095452, 11.7450686334235 ], [ 10.480514137218165, 11.742630205766716 ], [ 10.462380657897313, 11.735341441814342 ], [ 10.471773522279307, 11.707922920184728 ], [ 10.476655325596312, 11.705338866429031 ], [ 10.481599887955895, 11.701065393525369 ], [ 10.500005312461496, 11.723472731750121 ], [ 10.501268549319832, 11.722840598320602 ], [ 10.512418071895411, 11.707921397183725 ], [ 10.512311252822826, 11.707504763900658 ], [ 10.511739208434165, 11.698082736498804 ], [ 10.508208423035114, 11.689891513933276 ], [ 10.508389709158337, 11.689459590639785 ], [ 10.52297775707018, 11.687140308063931 ], [ 10.522981830072979, 11.678957820504309 ], [ 10.526136017216118, 11.673833629022681 ], [ 10.530381651100811, 11.675542327183678 ], [ 10.538146034376325, 11.673705637935711 ], [ 10.547348637629057, 11.666419391985073 ], [ 10.5517694806328, 11.663416646944825 ], [ 10.557117275266421, 11.662927825612712 ], [ 10.56588765722546, 11.659925042572468 ], [ 10.579078882188298, 11.659087052003088 ], [ 10.591485762618163, 11.659087052003088 ], [ 10.597368336615091, 11.660204372762223 ], [ 10.598437895341817, 11.655944560867908 ], [ 10.593334667874444, 11.653936579503579 ], [ 10.594052704362298, 11.649659472597477 ], [ 10.594765743846779, 11.645399499703046 ], [ 10.596263125864141, 11.64239652766264 ], [ 10.597796159905783, 11.641535205077446 ], [ 10.597653551808889, 11.639114173432461 ], [ 10.599079630777851, 11.631338795149418 ], [ 10.599887742326928, 11.630035118263663 ], [ 10.601171212199006, 11.629197035694233 ], [ 10.60212193084493, 11.628871115472748 ], [ 10.602739899264805, 11.627707106681896 ], [ 10.604546264492171, 11.625937806479726 ], [ 10.604662630571227, 11.625089821903543 ], [ 10.603975833104585, 11.624028810182665 ], [ 10.603567023826827, 11.622035990828635 ], [ 10.603395894710559, 11.621086138183216 ], [ 10.603909283059352, 11.618571805474858 ], [ 10.604479714446938, 11.616616197146129 ], [ 10.604536757485732, 11.615275201234965 ], [ 10.604650843563206, 11.614325323589583 ], [ 10.605506491144581, 11.612593188412689 ], [ 10.606476223803497, 11.606670320388389 ], [ 10.603562199823557, 11.605943773894694 ], [ 10.594734265825366, 11.602235630375219 ], [ 10.595067597051866, 11.601306104743628 ], [ 10.594725337819341, 11.599238619338905 ], [ 10.594839423896815, 11.595047723491348 ], [ 10.593641519082894, 11.594656570225595 ], [ 10.593299259850369, 11.592868432010619 ], [ 10.593527432005374, 11.590633245491915 ], [ 10.594839423896815, 11.589124483466776 ], [ 10.597235235524693, 11.58739219128978 ], [ 10.598033840067274, 11.585995173340564 ], [ 10.598559949424725, 11.584628520412025 ], [ 10.596404310960111, 11.583596921711091 ], [ 10.595966864662898, 11.581830114510637 ], [ 10.599835504291434, 11.569696440266341 ], [ 10.599315609938174, 11.567550199808068 ], [ 10.604097484187264, 11.558954902967969 ], [ 10.620195427125054, 11.559829761562412 ], [ 10.621563131054359, 11.556189021088699 ], [ 10.621569298058546, 11.555500173620658 ], [ 10.621606742083941, 11.551317682778858 ], [ 10.614817242470792, 11.542065095492148 ], [ 10.612549335929884, 11.541876279363862 ], [ 10.604678629582111, 11.533211096476293 ], [ 10.604513676470049, 11.533182964457183 ], [ 10.599813309276328, 11.516656712228382 ], [ 10.599448407028433, 11.51671361226704 ], [ 10.593429170938634, 11.513290309941056 ], [ 10.587930509202522, 11.508274304532904 ], [ 10.587149581671952, 11.504983302296807 ], [ 10.584456095841858, 11.499744407737239 ], [ 10.584514465881512, 11.499591295633195 ], [ 10.575681002879605, 11.488337548986806 ], [ 10.574987163408139, 11.488351537996323 ], [ 10.565979557287903, 11.495482721841597 ], [ 10.564897514552683, 11.504598218035198 ], [ 10.560955537874349, 11.507959491319014 ], [ 10.558339916097111, 11.508921121972378 ], [ 10.550685608896401, 11.502884695870932 ], [ 10.54555124140785, 11.497379798130623 ], [ 10.541082862371752, 11.493280545345328 ], [ 10.538906505893067, 11.492045371506094 ], [ 10.527826183364482, 11.498880525150298 ], [ 10.525547527816229, 11.501618370010533 ], [ 10.524888517368481, 11.501220617740273 ], [ 10.521155840832307, 11.500353138150842 ], [ 10.511867322521198, 11.51002574872291 ], [ 10.505953325502901, 11.510653191149231 ], [ 10.500843684031167, 11.511703423862855 ], [ 10.49882340565847, 11.510014903715557 ], [ 10.497397327689498, 11.507627670093541 ], [ 10.494307203589926, 11.506534667350877 ], [ 10.490861135248451, 11.506521383341862 ], [ 10.488975631967378, 11.504384934890254 ], [ 10.48633076017029, 11.505100887376727 ], [ 10.484443782888206, 11.503260725126438 ], [ 10.482780024757744, 11.501688608058259 ], [ 10.480224968021673, 11.497321571091049 ], [ 10.477967010487532, 11.496913976814085 ], [ 10.476456791461374, 11.496875236787787 ], [ 10.475526443829267, 11.494704742313047 ], [ 10.469469959714161, 11.490858230699473 ], [ 10.466685287822145, 11.489773682962607 ], [ 10.464835204565077, 11.489053128473017 ], [ 10.460022191294854, 11.486258106573928 ], [ 10.450930941117804, 11.481890830606574 ], [ 10.445707324568559, 11.4813578092444 ], [ 10.444706610888659, 11.480807271870333 ], [ 10.4404288269821, 11.476718918092502 ], [ 10.439229024166877, 11.476778889133243 ], [ 10.432439573553779, 11.471704113685178 ], [ 10.429646836656218, 11.466521338163716 ], [ 10.425309181708997, 11.464250203620622 ], [ 10.423295719340956, 11.452710055779619 ], [ 10.418293126941933, 11.453128990064272 ], [ 10.415537597069658, 11.452767820818849 ], [ 10.409203527765953, 11.451799458160906 ], [ 10.39378561229023, 11.445425129829857 ], [ 10.391358643641183, 11.447822570458811 ], [ 10.39128495259115, 11.447969781558811 ], [ 10.389995507715014, 11.452801216841522 ], [ 10.387302813885469, 11.457959662346468 ], [ 10.38619092112998, 11.459333446279913 ], [ 10.381278278792081, 11.463101601840151 ], [ 10.381047368635166, 11.465283187322484 ], [ 10.381331063827929, 11.466153067913524 ], [ 10.379586238642389, 11.473121504648248 ], [ 10.374279534036759, 11.478434891258416 ], [ 10.370003968131698, 11.480907697938562 ], [ 10.366078860464768, 11.483243106525379 ], [ 10.364594152455993, 11.486382916658727 ], [ 10.361266936195307, 11.490599482523692 ], [ 10.359578919048374, 11.494548391206763 ], [ 10.358842533548057, 11.495303399719774 ], [ 10.356868455206723, 11.499531796592805 ], [ 10.358104310046429, 11.501847195165965 ], [ 10.356167983730813, 11.506920283612885 ], [ 10.356021907631543, 11.509493599361349 ], [ 10.359344357888972, 11.511369391635867 ], [ 10.361066003058795, 11.512341401296283 ], [ 10.369899125060442, 11.510225177858445 ], [ 10.375420897812262, 11.522402160132117 ], [ 10.378344357798596, 11.529947685258946 ], [ 10.382862921868764, 11.538629059157529 ], [ 10.390857537300747, 11.545653840930527 ], [ 10.393181587879781, 11.546054295202623 ], [ 10.396378607052043, 11.545936296122477 ], [ 10.400331844738048, 11.550267209065112 ], [ 10.404266310411344, 11.552522656597603 ], [ 10.405771801434241, 11.557017933651935 ], [ 10.404501193570923, 11.56617992387703 ], [ 10.404958930881946, 11.567715378920298 ], [ 10.399643582270414, 11.57056927685943 ], [ 10.399080305887708, 11.570635541904437 ], [ 10.396954681443447, 11.570885606074341 ], [ 10.394599957843525, 11.568325297334752 ], [ 10.391311889609426, 11.564750114905564 ], [ 10.388650059800852, 11.562060111077813 ], [ 10.3850583123604, 11.561548924730516 ], [ 10.375862435112253, 11.558344957553572 ], [ 10.372919918112927, 11.558650125760892 ], [ 10.372704624966673, 11.558977243983179 ], [ 10.372357205730623, 11.560187285805341 ], [ 10.372786187022086, 11.566936188390912 ], [ 10.372472491808935, 11.568264832293664 ], [ 10.370857446711625, 11.57221284497615 ], [ 10.370287016324028, 11.573330513735527 ], [ 10.36313992546792, 11.571776319679543 ], [ 10.362408253970784, 11.571094390216217 ], [ 10.355352093176464, 11.564517837747758 ], [ 10.351825027779967, 11.563952024363289 ], [ 10.34932366408043, 11.563550753090624 ], [ 10.347255849675435, 11.565227308229794 ], [ 10.345866300731302, 11.566356596997082 ], [ 10.3425207134581, 11.569075541844484 ], [ 10.340981105412027, 11.57032676669462 ], [ 10.337753231218869, 11.57221161197532 ], [ 10.335775918875356, 11.573190805640593 ], [ 10.331996812307636, 11.574448180494926 ], [ 10.331854204210742, 11.575915109491632 ], [ 10.330285518144876, 11.580245997434304 ], [ 10.330927252580921, 11.582271711810677 ], [ 10.33242463459834, 11.583389340570022 ], [ 10.33299506598587, 11.584716521471819 ], [ 10.333351586228162, 11.587510562370198 ], [ 10.33492303029584, 11.591219100889987 ], [ 10.33484188224071, 11.595537746824334 ], [ 10.335091485410317, 11.596013691147675 ], [ 10.33872122887658, 11.602934888850314 ], [ 10.340747577253353, 11.603214806040512 ], [ 10.344868141053098, 11.604824504134228 ], [ 10.345129986231029, 11.605147457353667 ], [ 10.345728816637859, 11.608803384837699 ], [ 10.348389652445803, 11.611855056911168 ], [ 10.348636873613771, 11.612755890523204 ], [ 10.346468028140123, 11.621331049349635 ], [ 10.339494043401658, 11.627670194656787 ], [ 10.323290685392237, 11.62630179272702 ], [ 10.293269198994039, 11.623766407004382 ], [ 10.275952088227882, 11.607281963803928 ], [ 10.26977068402789, 11.614163200479425 ], [ 10.269709706986475, 11.614326070590096 ], [ 10.25981725026503, 11.60773800111383 ], [ 10.25796023700326, 11.609565255355335 ], [ 10.24927191309996, 11.606793558472134 ], [ 10.238363793688393, 11.600972830517208 ], [ 10.223971906909753, 11.594338258009316 ], [ 10.21637070274511, 11.588958279353847 ], [ 10.199235832102772, 11.580659177715006 ], [ 10.198447572567204, 11.57621953369852 ], [ 10.198447651567221, 11.576216809696632 ], [ 10.186759533625718, 11.565961432728614 ], [ 10.183552632446776, 11.565796778616743 ], [ 10.183479039396786, 11.565837151644132 ], [ 10.181621685134814, 11.566424989043583 ], [ 10.179716659840437, 11.568474959436401 ], [ 10.178827975236629, 11.56968188625649 ], [ 10.178199100809309, 11.569997162470656 ], [ 10.168683477343905, 11.574767672712028 ], [ 10.156892961332801, 11.57298788950277 ], [ 10.15628782992161, 11.572738986333604 ], [ 10.151839411899118, 11.572126404917412 ], [ 10.145658486699517, 11.579901351200135 ], [ 10.142308617423396, 11.583935060940803 ], [ 10.141095035598823, 11.585396366933708 ], [ 10.140571363243055, 11.587397952293713 ], [ 10.138955919145417, 11.58888890530676 ], [ 10.138174024614159, 11.594608792193128 ], [ 10.138180176618334, 11.594664740231167 ], [ 10.138087196555148, 11.600130917945137 ], [ 10.134535076141674, 11.606118122013186 ], [ 10.132015670429837, 11.609843218544199 ], [ 10.130637984493774, 11.610782000182041 ], [ 10.128735690201268, 11.612078253062805 ], [ 10.125360637908045, 11.614825456929395 ], [ 10.124438797281698, 11.61541462532972 ], [ 10.118658070354002, 11.619109179839995 ], [ 10.111508151495968, 11.622266110984981 ], [ 10.101209313498373, 11.63175573943272 ], [ 10.101584719753419, 11.634674342415792 ], [ 10.107439586731573, 11.641271735898385 ], [ 10.105918435698015, 11.644484229081172 ], [ 10.10235324027559, 11.651607450921063 ], [ 10.101402521629666, 11.654354264787344 ], [ 10.100377086932895, 11.65914884704506 ], [ 10.093407686197509, 11.669033007760902 ], [ 10.090564326265621, 11.668832786624819 ], [ 10.087698756318559, 11.669287869934067 ], [ 10.086343134397509, 11.669503157080328 ], [ 10.082977589110783, 11.669894206346044 ], [ 10.079399549679636, 11.670224113570214 ], [ 10.076988060041174, 11.670732164915364 ], [ 10.075595008094638, 11.674262624314167 ], [ 10.074787494546001, 11.683852590830099 ], [ 10.074393204278067, 11.688535035011625 ], [ 10.073643600768776, 11.693769162567946 ], [ 10.073893469938525, 11.69973794562344 ], [ 10.071754352485129, 11.706301182082882 ], [ 10.068688284401844, 11.711816972830604 ], [ 10.066040152602568, 11.718674384489873 ], [ 10.066052388610899, 11.719703408189048 ], [ 10.065433119190118, 11.720246291557885 ], [ 10.061130069266426, 11.719915909333452 ], [ 10.054468576740248, 11.717643504789407 ], [ 10.050077960756994, 11.71614574377179 ], [ 10.043483756276544, 11.714077536366517 ], [ 10.039168462344549, 11.717193017483339 ], [ 10.034676315292302, 11.714679554775557 ], [ 10.033535451517139, 11.713352995874232 ], [ 10.028382198015777, 11.709652615360028 ], [ 10.028187657883564, 11.709512921265059 ], [ 10.026547667769307, 11.707488132889353 ], [ 10.022483345007799, 11.706440823177729 ], [ 10.020026427338394, 11.705667524652313 ], [ 10.018490325294692, 11.705184046323836 ], [ 10.015067736969229, 11.704416012801971 ], [ 10.007010395494603, 11.701762789999236 ], [ 10.001597896817088, 11.700973515462977 ], [ 9.982753187012975, 11.706980455544397 ], [ 9.982259962677858, 11.707361863803555 ], [ 9.981723943313682, 11.711278608464795 ], [ 9.981849152398752, 11.712455130264175 ], [ 9.982919790126175, 11.724560287489055 ], [ 9.98308222223659, 11.725971908448173 ], [ 9.979866669051717, 11.732243701709592 ], [ 9.980032201164192, 11.74156839404526 ], [ 9.977899079714859, 11.743716831505026 ], [ 9.974645558504221, 11.747361261981268 ], [ 9.979836701031388, 11.747871553327968 ], [ 9.981559879202223, 11.75374719332018 ], [ 9.986432313512807, 11.757993864205616 ], [ 9.988630851006576, 11.7604371238657 ], [ 9.989700409733302, 11.765207237106779 ], [ 9.993443866276834, 11.768872022596781 ], [ 9.997959780345184, 11.769686414150158 ], [ 10.002000336090532, 11.769802755229193 ], [ 10.006753930320372, 11.773060291442562 ], [ 10.015548080295559, 11.774863552667796 ], [ 10.02057752271287, 11.779184218603461 ], [ 10.054432866715956, 11.775551411135154 ], [ 10.055226883255443, 11.776835472007576 ], [ 10.066703349053171, 11.782504662859537 ], [ 10.073845304905831, 11.783224978348983 ], [ 10.075412414970572, 11.783547414568034 ], [ 10.076252570541442, 11.783799283739199 ], [ 10.080855216668738, 11.788098507660322 ], [ 10.082568320832706, 11.797410406987296 ], [ 10.082714633932085, 11.797701284184939 ], [ 10.091578562954737, 11.809782672393681 ], [ 10.111555110527831, 11.810473386862952 ], [ 10.118747981415083, 11.810820644098897 ], [ 10.119349017823424, 11.810849661118652 ], [ 10.121666563398094, 11.80320151392209 ], [ 10.127293874221607, 11.787631071342673 ], [ 10.129219079529662, 11.784001434876529 ], [ 10.130716461547081, 11.780511355505212 ], [ 10.131500805080009, 11.776323201659523 ], [ 10.132570363806735, 11.773391455667536 ], [ 10.133711226581909, 11.770389873628119 ], [ 10.134139049872601, 11.76745806463606 ], [ 10.134210353921048, 11.764316805501721 ], [ 10.133639922533462, 11.761245319414797 ], [ 10.136563383519785, 11.759918983513614 ], [ 10.152684232473177, 11.761352227487464 ], [ 10.169671949015537, 11.766943021286124 ], [ 10.170343031471475, 11.767240135488009 ], [ 10.186431173402639, 11.769433685978413 ], [ 10.192247966354842, 11.770718417851356 ], [ 10.198125016348058, 11.772016453733272 ], [ 10.203330201884739, 11.774180375203571 ], [ 10.207109309452449, 11.775925461389306 ], [ 10.210118053496728, 11.77744073441886 ], [ 10.215812782366015, 11.778641807234919 ], [ 10.226390035552811, 11.764195897419597 ], [ 10.231579805078979, 11.762995348603908 ], [ 10.235309253612968, 11.754650888934236 ], [ 10.236045919113508, 11.753002635814312 ], [ 10.240827007362043, 11.7518000499972 ], [ 10.243968536496538, 11.751009861460318 ], [ 10.244150939620511, 11.750082683830328 ], [ 10.246366190125627, 11.738822366179477 ], [ 10.273272702407382, 11.746782015587655 ], [ 10.274044373931645, 11.747010296742815 ], [ 10.273982992889955, 11.748820976973036 ], [ 10.27387259081496, 11.750440156073239 ], [ 10.304309016495097, 11.75742108281645 ], [ 10.305075068015583, 11.756102678920627 ], [ 10.307340470554777, 11.752203837271566 ], [ 10.321970287495049, 11.761212300392401 ], [ 10.330593803354361, 11.759210226032053 ], [ 10.331252388801829, 11.759759817405495 ], [ 10.335369535599227, 11.75999528656547 ], [ 10.340223028896958, 11.766557134023969 ], [ 10.342751137614698, 11.769975098346265 ], [ 10.347024556518249, 11.771932335676127 ], [ 10.350463597854969, 11.773507426746335 ], [ 10.358499224314755, 11.78216438762837 ], [ 10.35856714636094, 11.782406822793064 ], [ 10.384147219741351, 11.785477059879156 ], [ 10.388944183000717, 11.792324672531777 ], [ 10.389418852323217, 11.794633038100187 ], [ 10.390698753192851, 11.796500305368909 ], [ 10.390621360140244, 11.814451111565631 ], [ 10.390578071110838, 11.824491629387694 ], [ 10.382781918813748, 11.832207210630088 ], [ 10.370345533363775, 11.837968077544303 ], [ 10.365332065957375, 11.838461240879383 ], [ 10.360388545598482, 11.840318845141553 ], [ 10.367437692388023, 11.856472526117216 ], [ 10.408330704172897, 11.865884411512184 ], [ 10.416766589904682, 11.855399329388035 ], [ 10.42365162558275, 11.846841828573645 ], [ 10.422554314837214, 11.841026270622251 ], [ 10.421948416425494, 11.838780362096259 ], [ 10.427176071977442, 11.829520565804614 ], [ 10.429303035422606, 11.827033016114456 ], [ 10.42952832257572, 11.826601745821449 ] ] ] ] } },
{ "type": "Feature", "properties": { "fid": 695.0, "OBJECTID": 695.0, "lganame": "Giade", "statecode": "BA", "LGA_UID": "05_09" }, "geometry": { "type": "MultiPolygon", "coordinates": [ [ [ [ 10.345728816637859, 11.608803384837699 ], [ 10.345129986231029, 11.605147457353667 ], [ 10.344868141053098, 11.604824504134228 ], [ 10.340747577253353, 11.603214806040512 ], [ 10.33872122887658, 11.602934888850314 ], [ 10.335091485410317, 11.596013691147675 ], [ 10.33484188224071, 11.595537746824334 ], [ 10.33492303029584, 11.591219100889987 ], [ 10.333351586228162, 11.587510562370198 ], [ 10.33299506598587, 11.584716521471819 ], [ 10.33242463459834, 11.583389340570022 ], [ 10.330927252580921, 11.582271711810677 ], [ 10.330285518144876, 11.580245997434304 ], [ 10.331854204210742, 11.575915109491632 ], [ 10.331996812307636, 11.574448180494926 ], [ 10.335775918875356, 11.573190805640593 ], [ 10.337753231218869, 11.57221161197532 ], [ 10.340981105412027, 11.57032676669462 ], [ 10.3425207134581, 11.569075541844484 ], [ 10.345866300731302, 11.566356596997082 ], [ 10.347255849675435, 11.565227308229794 ], [ 10.34932366408043, 11.563550753090624 ], [ 10.351825027779967, 11.563952024363289 ], [ 10.355352093176464, 11.564517837747758 ], [ 10.362408253970784, 11.571094390216217 ], [ 10.36313992546792, 11.571776319679543 ], [ 10.370287016324028, 11.573330513735527 ], [ 10.370857446711625, 11.57221284497615 ], [ 10.372472491808935, 11.568264832293664 ], [ 10.372786187022086, 11.566936188390912 ], [ 10.372357205730623, 11.560187285805341 ], [ 10.372704624966673, 11.558977243983179 ], [ 10.372919918112927, 11.558650125760892 ], [ 10.375862435112253, 11.558344957553572 ], [ 10.3850583123604, 11.561548924730516 ], [ 10.388650059800852, 11.562060111077813 ], [ 10.391311889609426, 11.564750114905564 ], [ 10.394599957843525, 11.568325297334752 ], [ 10.396954681443447, 11.570885606074341 ], [ 10.399080305887708, 11.570635541904437 ], [ 10.399643582270414, 11.57056927685943 ], [ 10.404958930881946, 11.567715378920298 ], [ 10.404501193570923, 11.56617992387703 ], [ 10.405771801434241, 11.557017933651935 ], [ 10.404266310411344, 11.552522656597603 ], [ 10.400331844738048, 11.550267209065112 ], [ 10.396378607052043, 11.545936296122477 ], [ 10.393181587879781, 11.546054295202623 ], [ 10.390857537300747, 11.545653840930527 ], [ 10.382862921868764, 11.538629059157529 ], [ 10.378344357798596, 11.529947685258946 ], [ 10.375420897812262, 11.522402160132117 ], [ 10.369899125060442, 11.510225177858445 ], [ 10.361066003058795, 11.512341401296283 ], [ 10.359344357888972, 11.511369391635867 ], [ 10.356021907631543, 11.509493599361349 ], [ 10.352488676230905, 11.512414166345764 ], [ 10.349526880218491, 11.511695318857335 ], [ 10.349522870215765, 11.511682693848741 ], [ 10.348130511269744, 11.507299323870427 ], [ 10.347268921684304, 11.504999405307785 ], [ 10.346912403442047, 11.502815920824162 ], [ 10.346258783997939, 11.502437448567036 ], [ 10.34542690543276, 11.501476708914254 ], [ 10.344387055726202, 11.500981780578002 ], [ 10.344535605827161, 11.499496991569117 ], [ 10.344738559965037, 11.497019840886026 ], [ 10.344853807043364, 11.496398854464076 ], [ 10.34504067517031, 11.495391946779932 ], [ 10.340524760101971, 11.49085012569401 ], [ 10.33966317051653, 11.490762781634658 ], [ 10.339395781334872, 11.490093148179653 ], [ 10.339276942254116, 11.489307053645575 ], [ 10.338920422011881, 11.488258925933394 ], [ 10.338848093962724, 11.487993131752773 ], [ 10.338641474822339, 11.487891124683472 ], [ 10.33863427381749, 11.487314334291568 ], [ 10.337475028029814, 11.484293044238768 ], [ 10.332606596721973, 11.482717937168559 ], [ 10.33128496082395, 11.482290339878034 ], [ 10.329342767504329, 11.481180270123787 ], [ 10.326771309757135, 11.479710533125171 ], [ 10.324795116414407, 11.478581019357705 ], [ 10.321320722053713, 11.475928215555257 ], [ 10.318482667125409, 11.473761259082892 ], [ 10.316921658064757, 11.470620867949151 ], [ 10.315792690297712, 11.46834962340597 ], [ 10.311556836419641, 11.463502777112751 ], [ 10.306036562668851, 11.464221592601177 ], [ 10.305685666430463, 11.461530325772571 ], [ 10.306151947747253, 11.459961146706405 ], [ 10.308991527676596, 11.457531568055572 ], [ 10.310598898768774, 11.453060517017718 ], [ 10.310422614648985, 11.450202822076051 ], [ 10.31221256386516, 11.448953198227002 ], [ 10.31327523858721, 11.4489515502259 ], [ 10.318688646265343, 11.44180279636862 ], [ 10.316091374500616, 11.437908496722628 ], [ 10.313793970939628, 11.436083851482863 ], [ 10.318082284853347, 11.4308979689593 ], [ 10.316016589449816, 11.423631635022161 ], [ 10.317289315314554, 11.420085425612683 ], [ 10.323464129510057, 11.415289019353793 ], [ 10.318616404216243, 11.401722700136077 ], [ 10.337524802063626, 11.402149298425968 ], [ 10.33721638385407, 11.398714847092378 ], [ 10.334691493138564, 11.393014013218931 ], [ 10.339060848107295, 11.387458797444424 ], [ 10.336955189676587, 11.384779937624273 ], [ 10.338606582798661, 11.377456724648482 ], [ 10.333377216245538, 11.374025109316904 ], [ 10.32944050157073, 11.373238581782459 ], [ 10.325843101126452, 11.374402499573307 ], [ 10.325443343854829, 11.369264679082391 ], [ 10.323722562685646, 11.364309771715796 ], [ 10.321903499449718, 11.362514893496211 ], [ 10.3201180772366, 11.362328463369579 ], [ 10.314127524166281, 11.365111182260307 ], [ 10.313318619616666, 11.361581442862018 ], [ 10.311337343270509, 11.359228379263186 ], [ 10.308385990265208, 11.356916265692234 ], [ 10.308342973235938, 11.356482692397663 ], [ 10.305864032551654, 11.355183118514617 ], [ 10.298586809607116, 11.351663722123362 ], [ 10.301412570527077, 11.348535682998033 ], [ 10.30193825288427, 11.347483751283278 ], [ 10.298762084726206, 11.340670822654204 ], [ 10.30004828260013, 11.339850422096788 ], [ 10.301725419739626, 11.335494090136876 ], [ 10.301625616671799, 11.333806809990449 ], [ 10.299097657954178, 11.33002881242345 ], [ 10.299085759946138, 11.328052401080583 ], [ 10.29668189231279, 11.322773287493703 ], [ 10.302380268184606, 11.320765259129303 ], [ 10.308783839535522, 11.315419419497061 ], [ 10.306438777942162, 11.310534283177844 ], [ 10.312754756233574, 11.303683118522827 ], [ 10.311825410602125, 11.298058349701023 ], [ 10.311198559176205, 11.297273783167952 ], [ 10.316320939656634, 11.288247735035213 ], [ 10.315495545095814, 11.287191141317294 ], [ 10.31679125697616, 11.273324915895842 ], [ 10.319369060727638, 11.271969959975195 ], [ 10.320771155680347, 11.268089153338394 ], [ 10.333445558291999, 11.259991899836677 ], [ 10.332648575750454, 11.252045668437574 ], [ 10.334908911286277, 11.232616727236518 ], [ 10.334559287048705, 11.232270192001067 ], [ 10.334080856723631, 11.231470550457743 ], [ 10.331831351195206, 11.215847405842567 ], [ 10.333522438344232, 11.205685271937853 ], [ 10.332730292805991, 11.205519675825371 ], [ 10.330389977215873, 11.205490111805261 ], [ 10.322196006648426, 11.204197883927293 ], [ 10.318955421446617, 11.204483986121659 ], [ 10.314050674114071, 11.204792023330981 ], [ 10.309383391942845, 11.205085753530511 ], [ 10.307654302768015, 11.205194494604427 ], [ 10.303560256986316, 11.205451964779343 ], [ 10.298810004758764, 11.205750464982145 ], [ 10.279452531606239, 11.203170238229006 ], [ 10.263644150865218, 11.210499578208953 ], [ 10.25327846082223, 11.21530548947436 ], [ 10.250610352009346, 11.219499588324027 ], [ 10.248080804290623, 11.220290456861392 ], [ 10.247090339617671, 11.220600128071794 ], [ 10.242389679423809, 11.221699714818953 ], [ 10.238689884909945, 11.222866070611417 ], [ 10.238118171521478, 11.223046302733906 ], [ 10.235340117633939, 11.223919868327414 ], [ 10.232999802043821, 11.22389030530735 ], [ 10.229479789652146, 11.225000381061591 ], [ 10.225970268267588, 11.224949837027225 ], [ 10.223620414670961, 11.224929810013634 ], [ 10.221882735490283, 11.225758115576411 ], [ 10.221269608073669, 11.226050376774992 ], [ 10.217760085689122, 11.226010322747811 ], [ 10.215419769099015, 11.225979804727046 ], [ 10.213060379495914, 11.227100372488451 ], [ 10.210720061905761, 11.227069855467676 ], [ 10.208379745315654, 11.227049828454085 ], [ 10.202297211182838, 11.225683211525563 ], [ 10.200025557639378, 11.226095199805457 ], [ 10.195520400578346, 11.224590301782939 ], [ 10.194524227901468, 11.224183620506608 ], [ 10.189689635616617, 11.222209930165604 ], [ 10.187339783019979, 11.223340033933482 ], [ 10.183830260635432, 11.223290442899781 ], [ 10.175620079057012, 11.224349975619646 ], [ 10.173270226460374, 11.225469589380396 ], [ 10.169739723061582, 11.226579666134626 ], [ 10.165049552874791, 11.227669715875265 ], [ 10.159159659872898, 11.231060028178831 ], [ 10.151791225866418, 11.23912392565785 ], [ 10.145666386704875, 11.240966179909606 ], [ 10.145677667712505, 11.241973305593888 ], [ 10.143249405062647, 11.243442854592388 ], [ 10.142110723288965, 11.244267902152956 ], [ 10.138957281146361, 11.246352958569673 ], [ 10.134311138989517, 11.256092027186924 ], [ 10.147109783685607, 11.263748775389274 ], [ 10.148226189444131, 11.264463294874759 ], [ 10.141553548910395, 11.273107305747999 ], [ 10.145791156789642, 11.284088963209513 ], [ 10.147669887066172, 11.287270132370963 ], [ 10.154056445405502, 11.296893321909465 ], [ 10.159250628934728, 11.307248079945055 ], [ 10.160829960007788, 11.309298764338394 ], [ 10.160432495737723, 11.310543636184207 ], [ 10.157618631825869, 11.312279322363509 ], [ 10.137186551943216, 11.318924691878749 ], [ 10.128250292871428, 11.31987058052141 ], [ 10.113814298062891, 11.341459136189826 ], [ 10.115837048437243, 11.346186947402146 ], [ 10.119540497953551, 11.353708830512915 ], [ 10.137977170480383, 11.360412225067591 ], [ 10.139567461560944, 11.370237339743255 ], [ 10.123124772388906, 11.378743610522861 ], [ 10.131387754003185, 11.388234255971327 ], [ 10.129096752446571, 11.390217103318605 ], [ 10.126460791655575, 11.397755639440675 ], [ 10.128017158713021, 11.39962847671319 ], [ 10.13871050497869, 11.401812901197388 ], [ 10.145939246890237, 11.398914334227925 ], [ 10.147323543830794, 11.40557172975133 ], [ 10.147653660055141, 11.414536176842262 ], [ 10.147504124953514, 11.418744801701791 ], [ 10.155654023490968, 11.420538603920591 ], [ 10.159422791051668, 11.421528391593142 ], [ 10.161016505134569, 11.42154234760261 ], [ 10.166501899861601, 11.423661390042412 ], [ 10.168066015924353, 11.422306473121807 ], [ 10.181368337962681, 11.417876313111719 ], [ 10.181791848250441, 11.4226914943834 ], [ 10.1815113440598, 11.428441904290537 ], [ 10.180893461639982, 11.431779090557995 ], [ 10.183377033327474, 11.432328973931646 ], [ 10.19123520866674, 11.438148339885629 ], [ 10.192844889760408, 11.440957799794489 ], [ 10.207416339661052, 11.431635180460205 ], [ 10.213645594893535, 11.443151124284782 ], [ 10.226879236885168, 11.441954035471383 ], [ 10.227849437544364, 11.442352364742021 ], [ 10.231848823261771, 11.4398201060215 ], [ 10.2323251595854, 11.439237729625802 ], [ 10.243415377120698, 11.430522373704093 ], [ 10.243888212441959, 11.431126787114806 ], [ 10.250922207221265, 11.434121136149315 ], [ 10.255904101606234, 11.44081447969711 ], [ 10.25680053721527, 11.44327565136939 ], [ 10.256800628215331, 11.445728185035762 ], [ 10.256568815057847, 11.451024887634617 ], [ 10.252277309141959, 11.451815943172107 ], [ 10.244578316910861, 11.461796662953532 ], [ 10.244439198816337, 11.465598214536499 ], [ 10.244382336777733, 11.465912060749758 ], [ 10.239001683121785, 11.471039262233433 ], [ 10.227488650299222, 11.475123548008526 ], [ 10.227307718176291, 11.475026234942391 ], [ 10.220291057408815, 11.478124011047214 ], [ 10.217484648502023, 11.478278357152078 ], [ 10.214954573782904, 11.48046312763654 ], [ 10.212470672095208, 11.482608027093875 ], [ 10.20776675889914, 11.482033255703357 ], [ 10.206642387135162, 11.483096873426007 ], [ 10.206516254049461, 11.485559499099281 ], [ 10.199614145359817, 11.489345785671844 ], [ 10.199401802215561, 11.490719270605098 ], [ 10.187234225948259, 11.489966623093721 ], [ 10.185301750635233, 11.495684727978869 ], [ 10.183798361613754, 11.497004769875787 ], [ 10.181037826738077, 11.50281393782285 ], [ 10.175618443055896, 11.50735064390534 ], [ 10.176015148325405, 11.508319091563351 ], [ 10.186321898328345, 11.516846719357432 ], [ 10.190314333041044, 11.520149990601851 ], [ 10.179898212963792, 11.528534743298906 ], [ 10.179560942734611, 11.528806238483412 ], [ 10.178782917205979, 11.532164832765375 ], [ 10.16997772222328, 11.535262672870203 ], [ 10.16623009867692, 11.542358962691821 ], [ 10.168808286428714, 11.544445621109617 ], [ 10.171830040481836, 11.554990192274147 ], [ 10.164388393425611, 11.555837819850069 ], [ 10.164162125271844, 11.558318211535379 ], [ 10.178629420101686, 11.56776501695407 ], [ 10.179716659840437, 11.568474959436401 ], [ 10.181621685134814, 11.566424989043583 ], [ 10.183479039396786, 11.565837151644132 ], [ 10.183552632446776, 11.565796778616743 ], [ 10.186759533625718, 11.565961432728614 ], [ 10.198447651567221, 11.576216809696632 ], [ 10.198447572567204, 11.57621953369852 ], [ 10.199235832102772, 11.580659177715006 ], [ 10.21637070274511, 11.588958279353847 ], [ 10.223971906909753, 11.594338258009316 ], [ 10.238363793688393, 11.600972830517208 ], [ 10.24927191309996, 11.606793558472134 ], [ 10.25796023700326, 11.609565255355335 ], [ 10.25981725026503, 11.60773800111383 ], [ 10.269709706986475, 11.614326070590096 ], [ 10.26977068402789, 11.614163200479425 ], [ 10.275952088227882, 11.607281963803928 ], [ 10.293269198994039, 11.623766407004382 ], [ 10.323290685392237, 11.62630179272702 ], [ 10.339494043401658, 11.627670194656787 ], [ 10.346468028140123, 11.621331049349635 ], [ 10.348636873613771, 11.612755890523204 ], [ 10.348389652445803, 11.611855056911168 ], [ 10.345728816637859, 11.608803384837699 ] ] ] ] } },
{ "type": "Feature", "properties": { "fid": 699.0, "OBJECTID": 699.0, "lganame": "Kirfi", "statecode": "BA", "LGA_UID": "05_13" }, "geometry": { "type": "MultiPolygon", "coordinates": [ [ [ [ 10.497225707572909, 10.687015254525988 ], [ 10.525303347650322, 10.662744753035327 ], [ 10.528571756871088, 10.649671116152376 ], [ 10.537950395243399, 10.649398367967081 ], [ 10.562577815976567, 10.64225998511688 ], [ 10.569478252665078, 10.627864246335662 ], [ 10.566147008401686, 10.618108455707045 ], [ 10.558191220996093, 10.600614667820821 ], [ 10.569973039001297, 10.586753706402988 ], [ 10.593355932888869, 10.57137344995283 ], [ 10.612391620822734, 10.556620791929049 ], [ 10.661892962456534, 10.491392696609637 ], [ 10.665523669923459, 10.490889980268093 ], [ 10.669618259705544, 10.493055272739298 ], [ 10.67483212224812, 10.493302753907415 ], [ 10.681792044977044, 10.493231369858904 ], [ 10.689430115166772, 10.493052909737685 ], [ 10.701444013329649, 10.487406448901197 ], [ 10.705447213049638, 10.480382838128946 ], [ 10.721561734998659, 10.490090312724703 ], [ 10.73018490185774, 10.487406280901041 ], [ 10.742491496219486, 10.473596098517703 ], [ 10.790739231001567, 10.435145829392525 ], [ 10.792604825269109, 10.44065626013662 ], [ 10.800434010588674, 10.450663347935972 ], [ 10.810256426262583, 10.447773729972596 ], [ 10.813511528474237, 10.437734308151278 ], [ 10.804135833103885, 10.424469619138563 ], [ 10.835403442348763, 10.399551392207798 ], [ 10.835072517123933, 10.395102501184965 ], [ 10.834842215967456, 10.392005392080648 ], [ 10.834842137967371, 10.392004346079943 ], [ 10.834033966418303, 10.381135940695344 ], [ 10.834029779415459, 10.380738158425061 ], [ 10.834029770415441, 10.380737278424476 ], [ 10.833864212302956, 10.365008353737437 ], [ 10.828258114493849, 10.350982802207739 ], [ 10.822190488371177, 10.343011607791652 ], [ 10.823439705219982, 10.331114302707988 ], [ 10.822249975411637, 10.320763646675232 ], [ 10.819189562332213, 10.312951688367377 ], [ 10.822088853302148, 10.30978071521281 ], [ 10.830119533758591, 10.303415656888092 ], [ 10.847309157438133, 10.286401519327796 ], [ 10.855875216258369, 10.276550550634511 ], [ 10.862870832011595, 10.268270027008271 ], [ 10.855280966854593, 10.240824781360516 ], [ 10.834507632740099, 10.244494061853629 ], [ 10.776024894003854, 10.238761018958314 ], [ 10.775660007755903, 10.237935074397114 ], [ 10.757347467313423, 10.235691005872354 ], [ 10.735513938478562, 10.240340208031284 ], [ 10.732873707684632, 10.244300209721928 ], [ 10.732389805355865, 10.244602019926958 ], [ 10.727143253791041, 10.252018754966286 ], [ 10.720866470526289, 10.254359013556382 ], [ 10.703059745427424, 10.271194814995511 ], [ 10.690549846927581, 10.263843266000492 ], [ 10.687965024171319, 10.264204041245648 ], [ 10.683003262800014, 10.264365612355391 ], [ 10.679958397731184, 10.262898046358259 ], [ 10.676485420371421, 10.25639646794076 ], [ 10.666373583500956, 10.253353389873098 ], [ 10.665507596912505, 10.25149634961133 ], [ 10.665882713167434, 10.240828412362987 ], [ 10.654350743331975, 10.233448848348928 ], [ 10.65202074774885, 10.233580790438566 ], [ 10.64904719372845, 10.233107450116961 ], [ 10.642513008288802, 10.218127752938926 ], [ 10.641464515576388, 10.215429841105845 ], [ 10.63772239703377, 10.213742818959588 ], [ 10.629864170694475, 10.223223512401262 ], [ 10.628247361595982, 10.226425700577011 ], [ 10.627249106917702, 10.22860100005505 ], [ 10.623969126689076, 10.231548156057499 ], [ 10.62101340268083, 10.234130783812248 ], [ 10.616696126747456, 10.235617991822721 ], [ 10.611277029065434, 10.237582722157697 ], [ 10.608924000466629, 10.238635250872846 ], [ 10.608924000466629, 10.239898280730984 ], [ 10.608068352885255, 10.241301640684526 ], [ 10.605786628334954, 10.242564660542712 ], [ 10.604004030123747, 10.245231018354332 ], [ 10.601864911670305, 10.245301185402013 ], [ 10.599369274974663, 10.246564189260198 ], [ 10.595804078552248, 10.246774689403196 ], [ 10.594235393486429, 10.248248186404396 ], [ 10.592381491226774, 10.249511177262491 ], [ 10.589671942385792, 10.251545986645056 ], [ 10.585892833818036, 10.253229956789255 ], [ 10.580901560426696, 10.254773588838077 ], [ 10.576275668283643, 10.254888432916118 ], [ 10.566065763346501, 10.253048997666326 ], [ 10.559418221829787, 10.255320622209751 ], [ 10.552059214829683, 10.255492297326384 ], [ 10.532715225686331, 10.250845670169213 ], [ 10.525023056459872, 10.251101604343148 ], [ 10.518748311196475, 10.251592763676854 ], [ 10.513115302369158, 10.253487229964037 ], [ 10.506419504819632, 10.254479307638121 ], [ 10.503774488022486, 10.255171189108239 ], [ 10.497998871098218, 10.255872836584956 ], [ 10.493791940239817, 10.257065634395417 ], [ 10.489416890267194, 10.258199334165738 ], [ 10.484331071811596, 10.25932720393206 ], [ 10.479174637308063, 10.260854487969766 ], [ 10.473327715335358, 10.26169644954183 ], [ 10.467141761132268, 10.263597418833456 ], [ 10.454584291600042, 10.266682686929755 ], [ 10.451078516218047, 10.267091967207818 ], [ 10.449206787946309, 10.267559713525657 ], [ 10.447632159876434, 10.267764352664699 ], [ 10.445641591523895, 10.267442777446206 ], [ 10.444245223575138, 10.267208904287315 ], [ 10.443056824767666, 10.267384309406452 ], [ 10.44100683837479, 10.26905065353867 ], [ 10.438332940558041, 10.270044611214018 ], [ 10.435629333721067, 10.270220014333177 ], [ 10.432747466762976, 10.271213967008521 ], [ 10.430816319450855, 10.272354085783206 ], [ 10.428528651896499, 10.272646422981836 ], [ 10.427726483351421, 10.272061747584587 ], [ 10.426122145261388, 10.272266383723604 ], [ 10.424131576908849, 10.272383318803065 ], [ 10.422735208960091, 10.273260330398955 ], [ 10.420655510547022, 10.274868178491431 ], [ 10.419051173456978, 10.276329851484547 ], [ 10.417743933568772, 10.277119151020827 ], [ 10.416360395628715, 10.279392013565143 ], [ 10.415924496332536, 10.278641618055303 ], [ 10.415510933051564, 10.278262755797869 ], [ 10.41546815102248, 10.277954052588086 ], [ 10.415415514986705, 10.276899325871454 ], [ 10.415026066722078, 10.27618602238681 ], [ 10.414469896344201, 10.276115862339168 ], [ 10.413970769005061, 10.27632634348214 ], [ 10.413286250539954, 10.276536822625189 ], [ 10.412901210278392, 10.276747302768172 ], [ 10.41205982370667, 10.276887622863512 ], [ 10.411703304464424, 10.277210359082801 ], [ 10.411204177125285, 10.27742083922584 ], [ 10.41086191789276, 10.277575190330708 ], [ 10.410382219566827, 10.277460110252491 ], [ 10.409635490059486, 10.277238423101892 ], [ 10.409193405759083, 10.277308583149534 ], [ 10.408466106264939, 10.277519062292583 ], [ 10.407909935887005, 10.277757606454657 ], [ 10.40698298525723, 10.277883892540444 ], [ 10.406070293637072, 10.2778558295214 ], [ 10.40535725515258, 10.277757606454657 ], [ 10.405000735910335, 10.277982116607177 ], [ 10.404715519716547, 10.278262755797869 ], [ 10.404373261484011, 10.278389042883646 ], [ 10.403760048067397, 10.278164531731136 ], [ 10.403332223776715, 10.277841797511826 ], [ 10.402633446301877, 10.27764535037835 ], [ 10.402120056953095, 10.2775330943021 ], [ 10.40184910176896, 10.277238423101892 ], [ 10.401264410371709, 10.277013910949336 ], [ 10.400565631896939, 10.276915686882603 ], [ 10.400123547596536, 10.277196327073284 ], [ 10.399952418480268, 10.277603254349742 ], [ 10.399709985315553, 10.278136468712034 ], [ 10.399510334179865, 10.278557426998077 ], [ 10.398974246815669, 10.278801532163925 ], [ 10.398269646336928, 10.278739842122036 ], [ 10.397770517997742, 10.278557426998077 ], [ 10.397209825616812, 10.278443117920403 ], [ 10.396743742300146, 10.278248723788352 ], [ 10.396402364068194, 10.277840680511076 ], [ 10.396201831931933, 10.277687446406958 ], [ 10.395645661554056, 10.277589222340225 ], [ 10.395217838263363, 10.276957782911211 ], [ 10.394718710924224, 10.276691174730047 ], [ 10.393763238275028, 10.276494726596582 ], [ 10.393178545877731, 10.276761334777689 ], [ 10.391156366503765, 10.277329631163866 ], [ 10.389445073340994, 10.277610270354501 ], [ 10.387448562984503, 10.276698190734805 ], [ 10.385095534385698, 10.277750590449841 ], [ 10.382457288593173, 10.277890908545203 ], [ 10.380389475188167, 10.277119151020827 ], [ 10.378179053686267, 10.276066750305802 ], [ 10.374726365340337, 10.274943039542279 ], [ 10.37325433034016, 10.275363977828306 ], [ 10.372184770613444, 10.275363977828306 ], [ 10.371828251371198, 10.275890180185797 ], [ 10.371144921906932, 10.276036347285128 ], [ 10.370699272604156, 10.276708714741972 ], [ 10.370015944139823, 10.277264148119343 ], [ 10.36939203371594, 10.277205682079625 ], [ 10.368976095433311, 10.277644181377582 ], [ 10.368322474989213, 10.277848813516584 ], [ 10.367401467363436, 10.277936512576218 ], [ 10.366480457737623, 10.277731881437148 ], [ 10.365648579172444, 10.277878046536443 ], [ 10.365084088788876, 10.278199611754985 ], [ 10.364430470344757, 10.279310471509746 ], [ 10.363943226013703, 10.280236186138723 ], [ 10.362802364238576, 10.280797459520102 ], [ 10.361899180624903, 10.281592595060317 ], [ 10.360568173720537, 10.281873231250984 ], [ 10.359443066956089, 10.28196025431015 ], [ 10.358816474530329, 10.282489458669716 ], [ 10.358519375328456, 10.28246607265379 ], [ 10.358198507110444, 10.282349141574343 ], [ 10.357830103860124, 10.282232210494897 ], [ 10.357342859529069, 10.282278982526691 ], [ 10.356938805254515, 10.282302368542616 ], [ 10.356641705052652, 10.282547924709434 ], [ 10.356285185810464, 10.282489458669716 ], [ 10.355952433584321, 10.282314061550551 ], [ 10.355584030334057, 10.282021734351929 ], [ 10.355286931132184, 10.281822950216849 ], [ 10.3549066428738, 10.281612474073825 ], [ 10.354383747518511, 10.281530622018238 ], [ 10.353979692243968, 10.28160078106589 ], [ 10.353409260856381, 10.281717712145337 ], [ 10.352826946460709, 10.281554008034107 ], [ 10.352268398081208, 10.28143707595467 ], [ 10.351697966693621, 10.281238291819591 ], [ 10.351329563443301, 10.281086280716295 ], [ 10.351115652298006, 10.2807471794859 ], [ 10.350806668088069, 10.280372997231666 ], [ 10.350711596023416, 10.28008066603303 ], [ 10.350818552096143, 10.279858494882092 ], [ 10.350825225100664, 10.279561082680004 ], [ 10.350580871934596, 10.279250447468939 ], [ 10.350141164635886, 10.279203674437156 ], [ 10.349725225353268, 10.279145208397438 ], [ 10.34930928607065, 10.279227060453081 ], [ 10.348667549634627, 10.279098435365654 ], [ 10.348120887263178, 10.279145208397438 ], [ 10.347788135037092, 10.279285527492789 ], [ 10.347384079762548, 10.279227060453081 ], [ 10.346861941407781, 10.279216979446232 ], [ 10.346416784105315, 10.279194931431221 ], [ 10.345446990446419, 10.278864570206792 ], [ 10.345066703188024, 10.278560545000175 ], [ 10.344900327074981, 10.278724251111441 ], [ 10.344745834970013, 10.278829490182943 ], [ 10.344472502784299, 10.278771024143225 ], [ 10.344246706630884, 10.278595625024025 ], [ 10.343937724420925, 10.278548850992252 ], [ 10.343331641009115, 10.278279905809541 ], [ 10.342998888783029, 10.277999266618849 ], [ 10.342689904573092, 10.278069426666491 ], [ 10.342297734306612, 10.27810450669034 ], [ 10.342036286128973, 10.277858947523498 ], [ 10.34163222985444, 10.277835560507583 ], [ 10.341358898668716, 10.278034346642642 ], [ 10.340752815256906, 10.277975880602924 ], [ 10.340194267877393, 10.277987573610915 ], [ 10.33965948851403, 10.278057733658557 ], [ 10.33932673728799, 10.278279905809541 ], [ 10.338910798005372, 10.278385145881032 ], [ 10.338673117843882, 10.278560545000175 ], [ 10.338269061569349, 10.278689171087592 ], [ 10.337793703246348, 10.278712557103461 ], [ 10.337282690899144, 10.278806103167028 ], [ 10.33651023237428, 10.278782717151159 ], [ 10.336011105035141, 10.278829490182943 ], [ 10.33566646880098, 10.278887956222661 ], [ 10.335357485591032, 10.279063355341805 ], [ 10.335084154405308, 10.27912182138158 ], [ 10.334644446106552, 10.278911343238519 ], [ 10.334218015816816, 10.278728786114527 ], [ 10.333857919572154, 10.278347014855115 ], [ 10.333563004371797, 10.278034346642642 ], [ 10.333028224008444, 10.278022653634707 ], [ 10.332731124806571, 10.278209745761842 ], [ 10.331994318305931, 10.278069426666491 ], [ 10.33141200191028, 10.278010960626773 ], [ 10.330841570522693, 10.278081119674425 ], [ 10.330342443183554, 10.278314985833333 ], [ 10.329985923941308, 10.278490384952534 ], [ 10.329510563618328, 10.278689171087592 ], [ 10.329177813392278, 10.278946422262379 ], [ 10.329011437279178, 10.279367378548386 ], [ 10.328702453069241, 10.279683096762938 ], [ 10.328108253665562, 10.279870187890026 ], [ 10.327454635221443, 10.280010506985377 ], [ 10.326979274898463, 10.279928653929744 ], [ 10.326396959502802, 10.279800028842374 ], [ 10.325992904228258, 10.279683096762938 ], [ 10.325600732961789, 10.279390765564301 ], [ 10.325161024663032, 10.279016582310078 ], [ 10.324566826259286, 10.278665784071677 ], [ 10.323925090823252, 10.278513771968392 ], [ 10.323283355387218, 10.278502077960468 ], [ 10.322467305832788, 10.278441357919235 ], [ 10.321904813450601, 10.278548850992252 ], [ 10.321381918095312, 10.278619011039893 ], [ 10.320938597794111, 10.27852699997743 ], [ 10.320569510543294, 10.278374357873702 ], [ 10.320403504430544, 10.278167968733442 ], [ 10.32032424337666, 10.278069426666491 ], [ 10.320215303302632, 10.277581828335201 ], [ 10.32007230220546, 10.277265863120533 ], [ 10.319639858911671, 10.277090060001058 ], [ 10.319159611585349, 10.276854257840853 ], [ 10.318665238249423, 10.276798129802728 ], [ 10.318246921965226, 10.276517489612047 ], [ 10.317999734797297, 10.276068465306935 ], [ 10.317904662732701, 10.275488473912844 ], [ 10.317776776645758, 10.274832990467473 ], [ 10.317828605680972, 10.274534292264548 ], [ 10.317422335404956, 10.274151580004514 ], [ 10.316744785944593, 10.274047845934035 ], [ 10.316250411608678, 10.274160102010285 ], [ 10.315660967208203, 10.274234940061149 ], [ 10.315358674002823, 10.273947368865777 ], [ 10.314900391691424, 10.273823330781454 ], [ 10.314387003342574, 10.273954297870489 ], [ 10.314139816174645, 10.273729783717897 ], [ 10.314291931277978, 10.273430430514509 ], [ 10.314425032368433, 10.273056240260303 ], [ 10.314748275588045, 10.272700759018733 ], [ 10.3148813766785, 10.272176889662774 ], [ 10.314691232549308, 10.271653020306871 ], [ 10.314387003342574, 10.271260118039891 ], [ 10.313968687058377, 10.270848504760238 ], [ 10.313565699784533, 10.270546189554807 ], [ 10.313147383500336, 10.270658447631092 ], [ 10.312672024177346, 10.270995221859891 ], [ 10.31221125486428, 10.271319778080453 ], [ 10.311892434647632, 10.271556512241261 ], [ 10.3114551043505, 10.271949414508242 ], [ 10.310542413730388, 10.272230058698938 ], [ 10.309781839213599, 10.272510702889633 ], [ 10.309268450864749, 10.272697799016726 ], [ 10.308736047503032, 10.272753928054897 ], [ 10.308431818296299, 10.272510702889633 ], [ 10.308260689180031, 10.272117800622652 ], [ 10.308089559063774, 10.271631351292115 ], [ 10.307690256792455, 10.271126189948916 ], [ 10.306929682275666, 10.270546189554807 ], [ 10.305921919590958, 10.270190705313269 ], [ 10.304838099854578, 10.269722961995456 ], [ 10.303840925177042, 10.269286998699272 ], [ 10.302921854552551, 10.268807780373663 ], [ 10.301814813800377, 10.268544245194619 ], [ 10.301529598606578, 10.268862312410704 ], [ 10.301510583593654, 10.269442314804792 ], [ 10.30160565565825, 10.26985393008448 ], [ 10.301225369399901, 10.270003608186187 ], [ 10.300730995063986, 10.269872640097162 ], [ 10.300502821908935, 10.270377802440407 ], [ 10.300293663766809, 10.270770705707378 ], [ 10.299818305443864, 10.271032641885313 ], [ 10.299133786978757, 10.271144899961598 ], [ 10.29856335559117, 10.270995221859891 ], [ 10.29827303539389, 10.270945968826425 ], [ 10.298011939216508, 10.270901673796345 ], [ 10.297232348686805, 10.27062102860566 ], [ 10.296528817208809, 10.270508769529386 ], [ 10.295844299743692, 10.270302963389554 ], [ 10.295368940420701, 10.270265544364122 ], [ 10.295064710213978, 10.270639737618353 ], [ 10.294912595110645, 10.271294577063316 ], [ 10.294798509033114, 10.272061671584538 ], [ 10.294665407942716, 10.272604250953179 ], [ 10.294399206761796, 10.272791347080272 ], [ 10.293835342378713, 10.272947917186684 ], [ 10.29292182875804, 10.273227708376794 ], [ 10.292389680396468, 10.273830151786115 ], [ 10.291947342095909, 10.274490600234856 ], [ 10.291157490559215, 10.274582110297047 ], [ 10.290087050831914, 10.274303264107573 ], [ 10.288857505996475, 10.274747855409657 ], [ 10.288928810044922, 10.275344218814837 ], [ 10.288855884995371, 10.275986688251407 ], [ 10.288367662663688, 10.276284629453812 ], [ 10.287645339172911, 10.276256302434547 ], [ 10.287465860050929, 10.276834960827728 ], [ 10.287645339172911, 10.27762442236417 ], [ 10.286896647664207, 10.2785715780077 ], [ 10.286112305131269, 10.278746977126843 ], [ 10.285149702477213, 10.279132854389047 ], [ 10.284579271089626, 10.279483651627402 ], [ 10.284058082735498, 10.278914573240741 ], [ 10.283794927556698, 10.278361098864707 ], [ 10.283224496169112, 10.278010299626317 ], [ 10.283153192120665, 10.278746977126843 ], [ 10.283010585023817, 10.279553810675054 ], [ 10.281798418200196, 10.279167934412897 ], [ 10.281085972716085, 10.279523076654186 ], [ 10.279951645945403, 10.280108070051654 ], [ 10.278688688087243, 10.281463718972759 ], [ 10.277317953155887, 10.282810379887735 ], [ 10.270595075588005, 10.29305231084669 ], [ 10.270345881418734, 10.30375645511964 ], [ 10.265323202006016, 10.308266940184296 ], [ 10.261140039163763, 10.307705714802978 ], [ 10.255055438029558, 10.306302648849623 ], [ 10.245643319634496, 10.312101947789984 ], [ 10.234424838012046, 10.314253274251712 ], [ 10.2215901332915, 10.31313084548907 ], [ 10.218718299340196, 10.311482669369241 ], [ 10.217706970653069, 10.312366588969837 ], [ 10.217279147362376, 10.314050235113768 ], [ 10.215496549151169, 10.315032356781103 ], [ 10.214640901569794, 10.3146114484951 ], [ 10.213161861564856, 10.313557833779214 ], [ 10.212216568922599, 10.314892053685753 ], [ 10.211004403098968, 10.316645837877388 ], [ 10.210933099050521, 10.319030968497941 ], [ 10.211432226389661, 10.320574277546541 ], [ 10.211360922341214, 10.3235205755484 ], [ 10.21079551895707, 10.325390252818806 ], [ 10.215567853199616, 10.334954756317416 ], [ 10.214418039418376, 10.345614600560282 ], [ 10.214673672592085, 10.352240296062121 ], [ 10.213471777775453, 10.358579346369197 ], [ 10.22022739136554, 10.364755597565704 ], [ 10.23034610224073, 10.369912468069515 ], [ 10.236745116588565, 10.376549208578865 ], [ 10.23310861711775, 10.379845666818653 ], [ 10.228687774114007, 10.382861543867818 ], [ 10.226691264757449, 10.39765996292266 ], [ 10.226191962418227, 10.411138264080535 ], [ 10.228259950823315, 10.418629033170134 ], [ 10.22600625529202, 10.421640082216015 ], [ 10.227158589074975, 10.428654245981818 ], [ 10.237814676315281, 10.432373878509111 ], [ 10.241955180128571, 10.441733269868394 ], [ 10.242103171229132, 10.441853145949835 ], [ 10.246902396489986, 10.440187104817824 ], [ 10.250588149994257, 10.438566008716407 ], [ 10.257420407636459, 10.443645912167938 ], [ 10.269255151677612, 10.452445249146706 ], [ 10.271753674375248, 10.462699640114067 ], [ 10.293503166153016, 10.467452035343058 ], [ 10.293792414349525, 10.484279132776294 ], [ 10.32276616503583, 10.490739146165595 ], [ 10.325496613891062, 10.499335074006126 ], [ 10.319708815958506, 10.505579876249158 ], [ 10.314209002221673, 10.507475664537253 ], [ 10.305129324052416, 10.513517993642722 ], [ 10.303013236614674, 10.515740617152915 ], [ 10.302254497099113, 10.5219652793823 ], [ 10.306371335896301, 10.532412210480459 ], [ 10.30478963282161, 10.536529046277678 ], [ 10.310245418528552, 10.545487321364419 ], [ 10.315477007083189, 10.549075401802327 ], [ 10.328016059602874, 10.556900846119333 ], [ 10.336720693517293, 10.556054661544408 ], [ 10.340949523390577, 10.566407976579001 ], [ 10.343344749018001, 10.573509263403992 ], [ 10.344214274608817, 10.585801404755898 ], [ 10.346135766914358, 10.591368358538432 ], [ 10.376060477246824, 10.602720957251961 ], [ 10.382439514581051, 10.600312905615795 ], [ 10.394721545926132, 10.60533872903062 ], [ 10.402582428267237, 10.602989723434575 ], [ 10.426543162547432, 10.615140234690273 ], [ 10.427338589087867, 10.614980900581998 ], [ 10.430045096926847, 10.614579443309253 ], [ 10.439579013404682, 10.610582076593232 ], [ 10.453853708103679, 10.607836959728047 ], [ 10.456801025106245, 10.606664055931105 ], [ 10.466976730020122, 10.60696875113814 ], [ 10.469056428433191, 10.613539199602428 ], [ 10.469502076735978, 10.618357439876206 ], [ 10.471287259948951, 10.625079245443374 ], [ 10.47455277116768, 10.631497707804385 ], [ 10.476335369378887, 10.63470968698681 ], [ 10.481980263214325, 10.639965580557941 ], [ 10.486733857444165, 10.645367377228183 ], [ 10.488813554857245, 10.651061058096786 ], [ 10.489110655059108, 10.657484571461282 ], [ 10.487458977936853, 10.660856276752156 ], [ 10.488112598380951, 10.662374524783729 ], [ 10.489063317026933, 10.663892765815319 ], [ 10.489919942608992, 10.664070614936179 ], [ 10.491115125421061, 10.663968754866971 ], [ 10.491974893005192, 10.665819753124651 ], [ 10.492212573166682, 10.667688335394246 ], [ 10.492331413247427, 10.669089763346449 ], [ 10.491380693601457, 10.670374401219306 ], [ 10.491202434480385, 10.672009386330217 ], [ 10.489609213397841, 10.672816837878827 ], [ 10.48852853666358, 10.673060443044335 ], [ 10.487696658098344, 10.674228279837848 ], [ 10.487756078138716, 10.676096810107424 ], [ 10.488350276542462, 10.677906937337298 ], [ 10.489479256309551, 10.679600273487836 ], [ 10.49060823507665, 10.680009006765545 ], [ 10.491499533682259, 10.682052673154146 ], [ 10.490727075157395, 10.68333725502697 ], [ 10.491499533682259, 10.684738611979128 ], [ 10.491024174359268, 10.686139961931246 ], [ 10.490311134874787, 10.6873661377644 ], [ 10.491202434480385, 10.68835875343882 ], [ 10.494281107572192, 10.688327977417885 ], [ 10.497225707572909, 10.687015254525988 ] ] ] ] } },
{ "type": "Feature", "properties": { "fid": 700.0, "OBJECTID": 700.0, "lganame": "Misau", "statecode": "BA", "LGA_UID": "05_14" }, "geometry": { "type": "MultiPolygon", "coordinates": [ [ [ [ 10.643503446961745, 11.554494379937296 ], [ 10.648973609678478, 11.5390222444247 ], [ 10.656138481546634, 11.539240953573312 ], [ 10.663574420599048, 11.532393713920897 ], [ 10.67569608683516, 11.523776970066251 ], [ 10.694918203895668, 11.507907159283434 ], [ 10.703641374822666, 11.496631792622338 ], [ 10.707671627561012, 11.493158036262116 ], [ 10.707994285780217, 11.482786976215436 ], [ 10.703376242642491, 11.467429044780488 ], [ 10.704448897371321, 11.466866723398425 ], [ 10.709837984032959, 11.461688877880306 ], [ 10.70991319108407, 11.461504591755102 ], [ 10.711883702422938, 11.45667608247436 ], [ 10.71902613427585, 11.44983304382481 ], [ 10.721721067106955, 11.444843119434381 ], [ 10.717995980575949, 11.427899681922099 ], [ 10.699474160991201, 11.420386112817027 ], [ 10.68870850467647, 11.416275596024093 ], [ 10.688707298675638, 11.416275135023795 ], [ 10.686387126099191, 11.415389245421864 ], [ 10.669730898782063, 11.413961568451839 ], [ 10.652235983895082, 11.411080938494592 ], [ 10.652234853894299, 11.411080752494456 ], [ 10.643301286824396, 11.412449935424775 ], [ 10.634990768177772, 11.413723622290149 ], [ 10.617144810052309, 11.413247729966827 ], [ 10.603852904021039, 11.406872130634895 ], [ 10.601565359466804, 11.406895840650975 ], [ 10.602146954861951, 11.406039535069169 ], [ 10.603618910862053, 11.405106511435235 ], [ 10.605330205024813, 11.403988174675362 ], [ 10.605729508296122, 11.402702081801522 ], [ 10.604588644520959, 11.401583736041687 ], [ 10.601131038171673, 11.400616758384672 ], [ 10.600025194420311, 11.398620096028026 ], [ 10.599854064304054, 11.396942550888184 ], [ 10.601166056195495, 11.395991937242286 ], [ 10.603447781745786, 11.39604785628029 ], [ 10.605501334141081, 11.394538052254461 ], [ 10.605957680451183, 11.393251916380621 ], [ 10.605786551334916, 11.391294742050775 ], [ 10.604189343249686, 11.390679627632835 ], [ 10.601793530621819, 11.392077613582728 ], [ 10.600100856471727, 11.393277056397665 ], [ 10.597800510908769, 11.393140078304612 ], [ 10.596716692172322, 11.390511868518843 ], [ 10.596602606094848, 11.388778356341049 ], [ 10.594720181815831, 11.387827714695106 ], [ 10.592609586381741, 11.387659954581125 ], [ 10.589586300327596, 11.38710075220115 ], [ 10.587875006164836, 11.385423139061288 ], [ 10.587589790971037, 11.383633673845452 ], [ 10.588274308436155, 11.381564591439599 ], [ 10.589128589016582, 11.381317153271482 ], [ 10.590784206141507, 11.380837612945641 ], [ 10.594549052699563, 11.381229062211617 ], [ 10.596659649133585, 11.381005377059637 ], [ 10.598199813180031, 11.379942867337718 ], [ 10.598542072412613, 11.378097445083824 ], [ 10.59722355851676, 11.375440762278743 ], [ 10.595015199016245, 11.373336741849187 ], [ 10.592666629420535, 11.370995257258244 ], [ 10.591525765645372, 11.368702386700363 ], [ 10.59192506891668, 11.367024663560414 ], [ 10.593294103846858, 11.366800968408427 ], [ 10.594834268893351, 11.367583905940364 ], [ 10.596318659901897, 11.369393158169714 ], [ 10.599739978226523, 11.372281493132164 ], [ 10.602820308319451, 11.372393339208145 ], [ 10.604075256172166, 11.371330797486223 ], [ 10.604588644520959, 11.36909385296633 ], [ 10.603333695668312, 11.367639829978373 ], [ 10.601850573660556, 11.366968740522395 ], [ 10.599454762032735, 11.36585025376246 ], [ 10.597686424831238, 11.364340289736504 ], [ 10.597021571379514, 11.362629258573918 ], [ 10.596830778249853, 11.359810348658641 ], [ 10.598427986335082, 11.356958126720656 ], [ 10.598770244567618, 11.354832924276707 ], [ 10.598884330645149, 11.352651777794733 ], [ 10.596830778249853, 11.348625003058714 ], [ 10.594663138777037, 11.347786084488689 ], [ 10.593237060808121, 11.3476742284127 ], [ 10.591753938800366, 11.348009795640678 ], [ 10.590042644637663, 11.348121651716724 ], [ 10.588331351474892, 11.348680930096691 ], [ 10.586505971234658, 11.34828943483069 ], [ 10.58570736669202, 11.346387880538714 ], [ 10.58730457377726, 11.343199952372629 ], [ 10.589072911978747, 11.342249158726645 ], [ 10.591069421335305, 11.34174579738459 ], [ 10.592723672459272, 11.341633939308622 ], [ 10.593864535234445, 11.339900129130569 ], [ 10.593636363079384, 11.338781536370504 ], [ 10.594149751428233, 11.337047707192482 ], [ 10.594710638809318, 11.336228470635831 ], [ 10.595155000111276, 11.335099545868786 ], [ 10.592588059367131, 11.33328179963371 ], [ 10.590305288816126, 11.332485715092844 ], [ 10.588951558896326, 11.331044558113604 ], [ 10.588523735605634, 11.328877212641032 ], [ 10.587382932830508, 11.326504084028556 ], [ 10.585600274619253, 11.325521291360815 ], [ 10.58338985311741, 11.325591207408308 ], [ 10.581097323559732, 11.325516737357702 ], [ 10.579824656694996, 11.323353904888165 ], [ 10.579539441501197, 11.32160599970058 ], [ 10.57974635464177, 11.320932557242998 ], [ 10.580894216421711, 11.31985808451293 ], [ 10.582748117681376, 11.319788168465436 ], [ 10.585418161495511, 11.319431098222822 ], [ 10.587240264733566, 11.318459744562858 ], [ 10.5878820001696, 11.316222387042671 ], [ 10.586955048539778, 11.313915093474975 ], [ 10.5856715786677, 11.312027294192262 ], [ 10.583247246020505, 11.31034923905213 ], [ 10.581322039712404, 11.308880934054457 ], [ 10.579040314162057, 11.30860125486447 ], [ 10.578042060483824, 11.309510208482038 ], [ 10.577951858422523, 11.310370413066494 ], [ 10.578113362532235, 11.312237050334829 ], [ 10.578826403016762, 11.314824030092552 ], [ 10.578541186822918, 11.316711811375171 ], [ 10.576758588611767, 11.31769065504028 ], [ 10.574619471158314, 11.317201232707703 ], [ 10.572266441559577, 11.316571975280169 ], [ 10.57048384434836, 11.3159427158526 ], [ 10.568629942088705, 11.314963866187554 ], [ 10.568558638040258, 11.3119573751448 ], [ 10.570056021057667, 11.309929723767084 ], [ 10.571107723772229, 11.308045153486603 ], [ 10.572337745608024, 11.306503661439251 ], [ 10.572266441559577, 11.304475971061493 ], [ 10.570911667639052, 11.302727950873816 ], [ 10.568059510701119, 11.302518187731266 ], [ 10.565635178053924, 11.301609213113693 ], [ 10.564779531472539, 11.300630314448597 ], [ 10.56378127579427, 11.299511566688409 ], [ 10.564209099084962, 11.297413906263159 ], [ 10.563424755552035, 11.294686923410325 ], [ 10.56255632696201, 11.292084931642364 ], [ 10.561570854292427, 11.289442652847072 ], [ 10.560857814807946, 11.287974240849337 ], [ 10.559503040887421, 11.287904315801825 ], [ 10.559217824693633, 11.286505819851641 ], [ 10.559402779819322, 11.284972378809755 ], [ 10.561143031001734, 11.284338138378814 ], [ 10.563210845406672, 11.28405843618873 ], [ 10.56720386411979, 11.283149402571098 ], [ 10.569057766379387, 11.282589996191007 ], [ 10.570769059542158, 11.28161103152587 ], [ 10.570626452445254, 11.280002726433111 ], [ 10.567560384362025, 11.277555285770177 ], [ 10.565635178053924, 11.275946957677377 ], [ 10.564636923375645, 11.273429555966914 ], [ 10.565421265908583, 11.270632417066395 ], [ 10.565278657811689, 11.267625462023318 ], [ 10.564922138569443, 11.264338753790184 ], [ 10.564066491988058, 11.261401663794572 ], [ 10.56328214845513, 11.256296651325954 ], [ 10.562072955633539, 11.255076176496686 ], [ 10.560095521290009, 11.254701237241932 ], [ 10.55928912874208, 11.254548338138022 ], [ 10.557055851224675, 11.254314917979457 ], [ 10.555365037075831, 11.254115256843761 ], [ 10.552515257139532, 11.255877057040834 ], [ 10.550090924492338, 11.257625362228737 ], [ 10.548237022232684, 11.259933107796712 ], [ 10.546311815924582, 11.262100974269686 ], [ 10.544322554573, 11.263774338406677 ], [ 10.542040830022643, 11.265242874404464 ], [ 10.540329535859939, 11.26650161425971 ], [ 10.538475633600285, 11.267690418067446 ], [ 10.536906947534419, 11.268040066305048 ], [ 10.535338262468599, 11.266012104927142 ], [ 10.534411310838777, 11.263774338406677 ], [ 10.533769575402744, 11.26160648393369 ], [ 10.532343497433772, 11.260697380316003 ], [ 10.529491340495895, 11.261396690791173 ], [ 10.528350477720721, 11.262935170836499 ], [ 10.526496576461057, 11.264893223166894 ], [ 10.525640928879682, 11.266431684212193 ], [ 10.522338965636152, 11.265379133497049 ], [ 10.52072095753681, 11.262235863361354 ], [ 10.518795753228744, 11.25992813479337 ], [ 10.515016644660989, 11.25692106775017 ], [ 10.512734920110688, 11.256501475465086 ], [ 10.507497280551945, 11.260648071282503 ], [ 10.504249627345303, 11.257996919481172 ], [ 10.476400798423356, 11.23872969639001 ], [ 10.449591098207407, 11.221074528394126 ], [ 10.435309489503709, 11.21729410182553 ], [ 10.425015492509431, 11.214569219974123 ], [ 10.409140261722996, 11.210366953118864 ], [ 10.379396998513812, 11.223453989010864 ], [ 10.365910799350615, 11.204780956323418 ], [ 10.365509987078269, 11.205920219097493 ], [ 10.363160133481642, 11.207039832858243 ], [ 10.360631307763413, 11.207626369256786 ], [ 10.358460426288389, 11.208129882598882 ], [ 10.356345872851648, 11.208104721581776 ], [ 10.352609634313069, 11.208060264551591 ], [ 10.346750259331884, 11.207989692503645 ], [ 10.342080116158741, 11.206780433682013 ], [ 10.338569640773528, 11.206740378654786 ], [ 10.333522438344232, 11.205685271937853 ], [ 10.331831351195206, 11.215847405842567 ], [ 10.334080856723631, 11.231470550457743 ], [ 10.334559287048705, 11.232270192001067 ], [ 10.334908911286277, 11.232616727236518 ], [ 10.332648575750454, 11.252045668437574 ], [ 10.333445558291999, 11.259991899836677 ], [ 10.320771155680347, 11.268089153338394 ], [ 10.319369060727638, 11.271969959975195 ], [ 10.31679125697616, 11.273324915895842 ], [ 10.315495545095814, 11.287191141317294 ], [ 10.316320939656634, 11.288247735035213 ], [ 10.311198559176205, 11.297273783167952 ], [ 10.311825410602125, 11.298058349701023 ], [ 10.312754756233574, 11.303683118522827 ], [ 10.306438777942162, 11.310534283177844 ], [ 10.308783839535522, 11.315419419497061 ], [ 10.302380268184606, 11.320765259129303 ], [ 10.29668189231279, 11.322773287493703 ], [ 10.299085759946138, 11.328052401080583 ], [ 10.299097657954178, 11.33002881242345 ], [ 10.301625616671799, 11.333806809990449 ], [ 10.301725419739626, 11.335494090136876 ], [ 10.30004828260013, 11.339850422096788 ], [ 10.298762084726206, 11.340670822654204 ], [ 10.30193825288427, 11.347483751283278 ], [ 10.301412570527077, 11.348535682998033 ], [ 10.298586809607116, 11.351663722123362 ], [ 10.305864032551654, 11.355183118514617 ], [ 10.308342973235938, 11.356482692397663 ], [ 10.308385990265208, 11.356916265692234 ], [ 10.311337343270509, 11.359228379263186 ], [ 10.313318619616666, 11.361581442862018 ], [ 10.314127524166281, 11.365111182260307 ], [ 10.3201180772366, 11.362328463369579 ], [ 10.321903499449718, 11.362514893496211 ], [ 10.323722562685646, 11.364309771715796 ], [ 10.325443343854829, 11.369264679082391 ], [ 10.325843101126452, 11.374402499573307 ], [ 10.32944050157073, 11.373238581782459 ], [ 10.333377216245538, 11.374025109316904 ], [ 10.338606582798661, 11.377456724648482 ], [ 10.336955189676587, 11.384779937624273 ], [ 10.339060848107295, 11.387458797444424 ], [ 10.334691493138564, 11.393014013218931 ], [ 10.33721638385407, 11.398714847092378 ], [ 10.337524802063626, 11.402149298425968 ], [ 10.318616404216243, 11.401722700136077 ], [ 10.323464129510057, 11.415289019353793 ], [ 10.317289315314554, 11.420085425612683 ], [ 10.316016589449816, 11.423631635022161 ], [ 10.318082284853347, 11.4308979689593 ], [ 10.313793970939628, 11.436083851482863 ], [ 10.316091374500616, 11.437908496722628 ], [ 10.318688646265343, 11.44180279636862 ], [ 10.31327523858721, 11.4489515502259 ], [ 10.31221256386516, 11.448953198227002 ], [ 10.310422614648985, 11.450202822076051 ], [ 10.310598898768774, 11.453060517017718 ], [ 10.308991527676596, 11.457531568055572 ], [ 10.306151947747253, 11.459961146706405 ], [ 10.305685666430463, 11.461530325772571 ], [ 10.306036562668851, 11.464221592601177 ], [ 10.311556836419641, 11.463502777112751 ], [ 10.315792690297712, 11.46834962340597 ], [ 10.316921658064757, 11.470620867949151 ], [ 10.318482667125409, 11.473761259082892 ], [ 10.321320722053713, 11.475928215555257 ], [ 10.324795116414407, 11.478581019357705 ], [ 10.326771309757135, 11.479710533125171 ], [ 10.329342767504329, 11.481180270123787 ], [ 10.33128496082395, 11.482290339878034 ], [ 10.332606596721973, 11.482717937168559 ], [ 10.337475028029814, 11.484293044238768 ], [ 10.33863427381749, 11.487314334291568 ], [ 10.338641474822339, 11.487891124683472 ], [ 10.338848093962724, 11.487993131752773 ], [ 10.338920422011881, 11.488258925933394 ], [ 10.339276942254116, 11.489307053645575 ], [ 10.339395781334872, 11.490093148179653 ], [ 10.33966317051653, 11.490762781634658 ], [ 10.340524760101971, 11.49085012569401 ], [ 10.34504067517031, 11.495391946779932 ], [ 10.344853807043364, 11.496398854464076 ], [ 10.344738559965037, 11.497019840886026 ], [ 10.344535605827161, 11.499496991569117 ], [ 10.344387055726202, 11.500981780578002 ], [ 10.34542690543276, 11.501476708914254 ], [ 10.346258783997939, 11.502437448567036 ], [ 10.346912403442047, 11.502815920824162 ], [ 10.347268921684304, 11.504999405307785 ], [ 10.348130511269744, 11.507299323870427 ], [ 10.349522870215765, 11.511682693848741 ], [ 10.349526880218491, 11.511695318857335 ], [ 10.352488676230905, 11.512414166345764 ], [ 10.356021907631543, 11.509493599361349 ], [ 10.356167983730813, 11.506920283612885 ], [ 10.358104310046429, 11.501847195165965 ], [ 10.356868455206723, 11.499531796592805 ], [ 10.358842533548057, 11.495303399719774 ], [ 10.359578919048374, 11.494548391206763 ], [ 10.361266936195307, 11.490599482523692 ], [ 10.364594152455993, 11.486382916658727 ], [ 10.366078860464768, 11.483243106525379 ], [ 10.370003968131698, 11.480907697938562 ], [ 10.374279534036759, 11.478434891258416 ], [ 10.379586238642389, 11.473121504648248 ], [ 10.381331063827929, 11.466153067913524 ], [ 10.381047368635166, 11.465283187322484 ], [ 10.381278278792081, 11.463101601840151 ], [ 10.38619092112998, 11.459333446279913 ], [ 10.387302813885469, 11.457959662346468 ], [ 10.389995507715014, 11.452801216841522 ], [ 10.39128495259115, 11.447969781558811 ], [ 10.391358643641183, 11.447822570458811 ], [ 10.39378561229023, 11.445425129829857 ], [ 10.409203527765953, 11.451799458160906 ], [ 10.415537597069658, 11.452767820818849 ], [ 10.418293126941933, 11.453128990064272 ], [ 10.423295719340956, 11.452710055779619 ], [ 10.425309181708997, 11.464250203620622 ], [ 10.429646836656218, 11.466521338163716 ], [ 10.432439573553779, 11.471704113685178 ], [ 10.439229024166877, 11.476778889133243 ], [ 10.4404288269821, 11.476718918092502 ], [ 10.444706610888659, 11.480807271870333 ], [ 10.445707324568559, 11.4813578092444 ], [ 10.450930941117804, 11.481890830606574 ], [ 10.460022191294854, 11.486258106573928 ], [ 10.464835204565077, 11.489053128473017 ], [ 10.466685287822145, 11.489773682962607 ], [ 10.469469959714161, 11.490858230699473 ], [ 10.475526443829267, 11.494704742313047 ], [ 10.476456791461374, 11.496875236787787 ], [ 10.477967010487532, 11.496913976814085 ], [ 10.480224968021673, 11.497321571091049 ], [ 10.482780024757744, 11.501688608058259 ], [ 10.484443782888206, 11.503260725126438 ], [ 10.48633076017029, 11.505100887376727 ], [ 10.488975631967378, 11.504384934890254 ], [ 10.490861135248451, 11.506521383341862 ], [ 10.494307203589926, 11.506534667350877 ], [ 10.497397327689498, 11.507627670093541 ], [ 10.49882340565847, 11.510014903715557 ], [ 10.500843684031167, 11.511703423862855 ], [ 10.505953325502901, 11.510653191149231 ], [ 10.511867322521198, 11.51002574872291 ], [ 10.521155840832307, 11.500353138150842 ], [ 10.524888517368481, 11.501220617740273 ], [ 10.525547527816229, 11.501618370010533 ], [ 10.527826183364482, 11.498880525150298 ], [ 10.538906505893067, 11.492045371506094 ], [ 10.541082862371752, 11.493280545345328 ], [ 10.54555124140785, 11.497379798130623 ], [ 10.550685608896401, 11.502884695870932 ], [ 10.558339916097111, 11.508921121972378 ], [ 10.560955537874349, 11.507959491319014 ], [ 10.564897514552683, 11.504598218035198 ], [ 10.565979557287903, 11.495482721841597 ], [ 10.574987163408139, 11.488351537996323 ], [ 10.575681002879605, 11.488337548986806 ], [ 10.584514465881512, 11.499591295633195 ], [ 10.584456095841858, 11.499744407737239 ], [ 10.587149581671952, 11.504983302296807 ], [ 10.587930509202522, 11.508274304532904 ], [ 10.593429170938634, 11.513290309941056 ], [ 10.599448407028433, 11.51671361226704 ], [ 10.599813309276328, 11.516656712228382 ], [ 10.604513676470049, 11.533182964457183 ], [ 10.604678629582111, 11.533211096476293 ], [ 10.612549335929884, 11.541876279363862 ], [ 10.614817242470792, 11.542065095492148 ], [ 10.621606742083941, 11.551317682778858 ], [ 10.621569298058546, 11.555500173620658 ], [ 10.621563131054359, 11.556189021088699 ], [ 10.620195427125054, 11.559829761562412 ], [ 10.622112201427399, 11.563492506051091 ], [ 10.628095134492526, 11.568039969140841 ], [ 10.634687574971792, 11.566368858005433 ], [ 10.638471814542982, 11.565409595353628 ], [ 10.641385367522616, 11.555776103808171 ], [ 10.643503446961745, 11.554494379937296 ] ] ] ] } },
{ "type": "Feature", "properties": { "fid": 730.0, "OBJECTID": 730.0, "lganame": "Ningi", "statecode": "BA", "LGA_UID": "05_15" }, "geometry": { "type": "MultiPolygon", "coordinates": [ [ [ [ 9.297703328553837, 11.338206365979715 ], [ 9.303756677666797, 11.337749509669322 ], [ 9.304621204254204, 11.338552541214938 ], [ 9.30851843290219, 11.342172555674551 ], [ 9.311730985084921, 11.344719582405162 ], [ 9.312806965816037, 11.345287635791124 ], [ 9.313026361965115, 11.345539027961934 ], [ 9.313637980380634, 11.346239841438091 ], [ 9.313644690385217, 11.34624753044335 ], [ 9.314386250889072, 11.346345404509805 ], [ 9.314828335189475, 11.345883996196335 ], [ 9.314876445222126, 11.34542317788322 ], [ 9.315013725315396, 11.344108264989814 ], [ 9.316288087181306, 11.343247423404875 ], [ 9.316784537518572, 11.343334343463937 ], [ 9.317619093085625, 11.343480459563239 ], [ 9.318284596537808, 11.343107600309907 ], [ 9.319282851216087, 11.342688133024865 ], [ 9.320014789713412, 11.341632194307408 ], [ 9.320851538281943, 11.340217926346497 ], [ 9.32199240005707, 11.339378981776463 ], [ 9.323323406961435, 11.339612021934784 ], [ 9.32394137438132, 11.340963650853155 ], [ 9.323751230252128, 11.342688133024865 ], [ 9.323160966851106, 11.343694460708662 ], [ 9.323426470031507, 11.343515111586782 ], [ 9.324757475935826, 11.343748148745135 ], [ 9.325422980387998, 11.343375289491746 ], [ 9.326421234066288, 11.342955822206761 ], [ 9.327153172563612, 11.341899883489305 ], [ 9.327989921132144, 11.340485614528347 ], [ 9.329130782907271, 11.339646670958359 ], [ 9.330461789811636, 11.33987971111668 ], [ 9.331079757231521, 11.341231340035051 ], [ 9.330889613102329, 11.342955822206761 ], [ 9.329853352398231, 11.344722525407178 ], [ 9.330124218582284, 11.34483937848654 ], [ 9.332269694040008, 11.34375572675026 ], [ 9.333838380105874, 11.342707060037753 ], [ 9.334551418590365, 11.341518567230196 ], [ 9.335478370220187, 11.340469891517671 ], [ 9.337047056286053, 11.341378744135227 ], [ 9.336904448189159, 11.342846883132722 ], [ 9.337474879576689, 11.344454836225282 ], [ 9.337766823775098, 11.344852391495408 ], [ 9.339408076890209, 11.344023415932156 ], [ 9.340976762956075, 11.34297474921965 ], [ 9.341689802440555, 11.341786256412092 ], [ 9.342616753070388, 11.340737580699567 ], [ 9.344185439136197, 11.341646433317123 ], [ 9.344042831039303, 11.343114572314619 ], [ 9.344613263426936, 11.344722525407178 ], [ 9.345896733298957, 11.346470288594674 ], [ 9.3461443154672, 11.34674613278213 ], [ 9.351360459011289, 11.343197370370888 ], [ 9.363818791476149, 11.338563667222502 ], [ 9.379569986178353, 11.331267927265401 ], [ 9.383711533992368, 11.32686652827482 ], [ 9.384986486858622, 11.325949757651927 ], [ 9.391990758617681, 11.32091324622985 ], [ 9.397972317681877, 11.31661212830744 ], [ 9.405102709526659, 11.308221891606706 ], [ 9.40785539639694, 11.304899721349443 ], [ 9.408192546626026, 11.304492819072948 ], [ 9.411639492968106, 11.299995817017475 ], [ 9.421177720448838, 11.298837616230514 ], [ 9.426239155887856, 11.295044016652923 ], [ 9.432476939126161, 11.294856085525225 ], [ 9.436184742645423, 11.294646318382718 ], [ 9.440962104891412, 11.293247855432526 ], [ 9.443885565877792, 11.291499766244783 ], [ 9.445240339798261, 11.291289995102261 ], [ 9.446452506621881, 11.290031364247056 ], [ 9.447735977493949, 11.288493030201835 ], [ 9.449090752414463, 11.287374236441678 ], [ 9.452877439987333, 11.286123541591905 ], [ 9.464064574588463, 11.281500498450782 ], [ 9.465561956605882, 11.282059905830863 ], [ 9.466734002402234, 11.283614966887455 ], [ 9.471202958438653, 11.281768186632632 ], [ 9.472700340456072, 11.28232759501276 ], [ 9.473912507279692, 11.283935890105511 ], [ 9.475338585248608, 11.284565219533079 ], [ 9.475315779233142, 11.286139864603001 ], [ 9.478504263399543, 11.286505576851482 ], [ 9.478766027577421, 11.286501501848704 ], [ 9.483721650944517, 11.284193969280864 ], [ 9.489818136086797, 11.281956343760498 ], [ 9.497519398319469, 11.278085663130526 ], [ 9.499337207554561, 11.280103296501409 ], [ 9.499636490757894, 11.280877070027145 ], [ 9.499729380821009, 11.281117230190318 ], [ 9.501191109814215, 11.282236047950505 ], [ 9.501690237153355, 11.283459749781969 ], [ 9.502189365492484, 11.284823297708442 ], [ 9.503472835364505, 11.285382700088519 ], [ 9.504114570800539, 11.286221801658655 ], [ 9.50422152587322, 11.287200751323837 ], [ 9.504649350163902, 11.287725185680131 ], [ 9.505112825478818, 11.289333448772879 ], [ 9.505754561914841, 11.289857880129205 ], [ 9.505611952817958, 11.291116511984399 ], [ 9.504685002188126, 11.292654832029598 ], [ 9.504970218381914, 11.293843527837282 ], [ 9.505219780551499, 11.295381833882459 ], [ 9.505968473060193, 11.297129898070182 ], [ 9.506824118641589, 11.297374627236479 ], [ 9.507715418247187, 11.297654316426531 ], [ 9.507953760409123, 11.299784306873732 ], [ 9.507858027344071, 11.30080079856441 ], [ 9.507501507101836, 11.301954501348291 ], [ 9.508000634440975, 11.302793553918377 ], [ 9.508322014659313, 11.305065908462325 ], [ 9.510139751894371, 11.306044862127521 ], [ 9.511423222766439, 11.307897741386455 ], [ 9.511351918717992, 11.309680688597894 ], [ 9.510959748451512, 11.311358746738051 ], [ 9.511744089984461, 11.311988017165618 ], [ 9.511793671018154, 11.313130586941895 ], [ 9.514460907830426, 11.313868334443157 ], [ 9.516278360065257, 11.314371033784766 ], [ 9.520261226771424, 11.315387934475666 ], [ 9.525555200368444, 11.316483240219895 ], [ 9.52774242385459, 11.316632118321024 ], [ 9.537878244741364, 11.3173220357898 ], [ 9.538735629323924, 11.317162193681213 ], [ 9.540933977817588, 11.31675235740272 ], [ 9.541703398340417, 11.31645241419892 ], [ 9.544867384490146, 11.316570202278967 ], [ 9.55903305011509, 11.316929709523265 ], [ 9.559104189163406, 11.31546705352946 ], [ 9.590893344762662, 11.315882712811856 ], [ 9.592555394891917, 11.315904444826629 ], [ 9.609396988334993, 11.315467894530002 ], [ 9.609642382501761, 11.309130170223796 ], [ 9.607273847892429, 11.302598291785728 ], [ 9.601640838065066, 11.298263154840186 ], [ 9.598432161884944, 11.292949027229497 ], [ 9.596984764901492, 11.268864562865247 ], [ 9.594819718430415, 11.262057799240381 ], [ 9.593536247558404, 11.257162593914302 ], [ 9.594582039268971, 11.251101747796213 ], [ 9.595624084976976, 11.247570586396989 ], [ 9.596720813722129, 11.24697965599546 ], [ 9.598959869243458, 11.245773230175757 ], [ 9.600655862395797, 11.244859410554852 ], [ 9.603357735231612, 11.243403612565714 ], [ 9.614067755508586, 11.240440227552256 ], [ 9.615426483431747, 11.240250246423159 ], [ 9.615309475352262, 11.238238380056202 ], [ 9.615329132365616, 11.236066109580236 ], [ 9.61665491726643, 11.232610503232308 ], [ 9.617542363869404, 11.230297406660668 ], [ 9.617164884612919, 11.228360912344897 ], [ 9.6205790769327, 11.220821193222037 ], [ 9.62053074189987, 11.220223628816029 ], [ 9.617522195855713, 11.216018458958786 ], [ 9.61486608205098, 11.212256254402575 ], [ 9.616216356968437, 11.207270503014968 ], [ 9.618073720230427, 11.205406797748651 ], [ 9.618809779730555, 11.200366255323843 ], [ 9.623802384122769, 11.199331393620696 ], [ 9.630319260550721, 11.196371892609875 ], [ 9.629605695065891, 11.18928409679404 ], [ 9.628308088184212, 11.187495867579003 ], [ 9.627996255972334, 11.183875807119364 ], [ 9.625934415571407, 11.181623213588864 ], [ 9.617013867510309, 11.180423226773485 ], [ 9.614449519767959, 11.176703757246287 ], [ 9.620981872206414, 11.15602037919291 ], [ 9.620854588119926, 11.155047040531599 ], [ 9.622548872271068, 11.153415072422717 ], [ 9.625371411188894, 11.149299537626405 ], [ 9.634954523700173, 11.145878718302129 ], [ 9.643442976467668, 11.13894688159229 ], [ 9.642757914002175, 11.133774850078112 ], [ 9.642157301594125, 11.131555311570025 ], [ 9.656717799487296, 11.112381150542092 ], [ 9.656017407011404, 11.111596680009086 ], [ 9.655496601657546, 11.109916801867712 ], [ 9.656782901531528, 11.099687564917417 ], [ 9.656811359550829, 11.099403781724618 ], [ 9.657018683691717, 11.09272636318758 ], [ 9.649447370547364, 11.087284237489939 ], [ 9.639532449810645, 11.076504201165392 ], [ 9.633851720950872, 11.072503028446818 ], [ 9.631712603497419, 11.071220120575106 ], [ 9.630821303891821, 11.06906249210914 ], [ 9.630013155342738, 11.066932122661626 ], [ 9.628131655064351, 11.065443972650485 ], [ 9.625295251137118, 11.060723398443088 ], [ 9.626838771185874, 11.057290593110679 ], [ 9.628087987034689, 11.053842008767504 ], [ 9.627883332895635, 11.052435999812189 ], [ 9.627731467792444, 11.051392662103297 ], [ 9.627493787630954, 11.04760196552769 ], [ 9.628325668196169, 11.043461303714309 ], [ 9.628266247155807, 11.038095851068761 ], [ 9.628682187438415, 11.032380370185365 ], [ 9.628206827115434, 11.028064525252944 ], [ 9.627969147953934, 11.024506820835654 ], [ 9.627018429307952, 11.018382803674626 ], [ 9.626899590227197, 11.011733727156923 ], [ 9.627434367590581, 11.007534232303556 ], [ 9.630167686447749, 10.998960078477808 ], [ 9.633376360627892, 10.994935388743215 ], [ 9.636109678485013, 10.99044400469154 ], [ 9.636347357646514, 10.984377610569709 ], [ 9.637119817171367, 10.979477740240497 ], [ 9.638367636019211, 10.97451945487154 ], [ 9.638366336018294, 10.970458216112149 ], [ 9.63842230205637, 10.966478690408223 ], [ 9.638707518250158, 10.963062582087161 ], [ 9.638194128901318, 10.960094456070465 ], [ 9.636996224087397, 10.958078352700625 ], [ 9.63362044179371, 10.956241574452633 ], [ 9.62890315958856, 10.954018558942153 ], [ 9.627412977576, 10.952982032237912 ], [ 9.625543502305788, 10.951841492462961 ], [ 9.625188295064447, 10.949845792106998 ], [ 9.624846036831912, 10.94771760866098 ], [ 9.624960122909442, 10.946149464595464 ], [ 9.624560819638134, 10.944525307491972 ], [ 9.622564312281611, 10.943909245073371 ], [ 9.619769197382425, 10.94234108000785 ], [ 9.617772688025923, 10.941108945170697 ], [ 9.61623252397942, 10.93987680533354 ], [ 9.613380366041497, 10.939428753029063 ], [ 9.610128906832301, 10.938364627306044 ], [ 9.607961268359475, 10.937188481506951 ], [ 9.606471784347491, 10.934948869985192 ], [ 9.606038007052746, 10.931013803311544 ], [ 9.605109111421598, 10.928171220380136 ], [ 9.605052068382861, 10.926434945200413 ], [ 9.603184457113912, 10.923029418886529 ], [ 9.601539177996017, 10.920623815251986 ], [ 9.599690013739576, 10.914896863360809 ], [ 9.598035762615609, 10.911536172077376 ], [ 9.598435064886871, 10.909799799897598 ], [ 9.597921675538089, 10.907503293337243 ], [ 9.596495597569117, 10.904646637396297 ], [ 9.595468821871464, 10.902126034683647 ], [ 9.593244139359911, 10.899437369856798 ], [ 9.591133543925878, 10.892379509061357 ], [ 9.590220854305699, 10.887226043559792 ], [ 9.591875104429732, 10.881568332715631 ], [ 9.593529354553709, 10.877927176241656 ], [ 9.596894899840436, 10.875966533909491 ], [ 9.601800610173598, 10.876974864594615 ], [ 9.604139378762682, 10.878823464850655 ], [ 9.606078846080493, 10.878991518964824 ], [ 9.607904225320738, 10.877030883632642 ], [ 9.608189440514536, 10.875742459757248 ], [ 9.607847182282001, 10.872045211245108 ], [ 9.602998514987519, 10.86717149593369 ], [ 9.601458351941062, 10.865322824677605 ], [ 9.600260446127152, 10.862241679584088 ], [ 9.598320978809397, 10.859272546566729 ], [ 9.596837856801642, 10.857647914462859 ], [ 9.595582907948994, 10.857423827310583 ], [ 9.587710954600368, 10.855799184206717 ], [ 9.583549486772824, 10.855649185104824 ], [ 9.580694649833106, 10.855463049978312 ], [ 9.57647345896504, 10.856359406587387 ], [ 9.57293678256201, 10.857423827310583 ], [ 9.569913497507855, 10.858208133843505 ], [ 9.566148650949799, 10.857255760196381 ], [ 9.563296494011865, 10.855743162168665 ], [ 9.560159154880239, 10.851184883071539 ], [ 9.557470910053667, 10.847919639852933 ], [ 9.555253412547017, 10.845154755974306 ], [ 9.553085773074201, 10.842969800489755 ], [ 9.549948400942469, 10.84140110442388 ], [ 9.547438502237128, 10.840336626700662 ], [ 9.543673654679083, 10.840448677776749 ], [ 9.541334888090034, 10.841513154500035 ], [ 9.536866509053937, 10.841289054347783 ], [ 9.533299746630519, 10.840758525987326 ], [ 9.530477676713019, 10.840448677776749 ], [ 9.528081865085198, 10.839160095901264 ], [ 9.525800139534851, 10.836414837035989 ], [ 9.5232902418295, 10.835350342312722 ], [ 9.519297223116439, 10.832324916257051 ], [ 9.514890478122254, 10.830443821978918 ], [ 9.514733772015802, 10.829075349049106 ], [ 9.513136563930573, 10.827450552945152 ], [ 9.509942147760114, 10.826217943107679 ], [ 9.507261120938495, 10.825937802917338 ], [ 9.505772642927127, 10.824315749815185 ], [ 9.504694180194349, 10.822464052557052 ], [ 9.503667404496696, 10.821175393681472 ], [ 9.499503254667388, 10.821455537871827 ], [ 9.497449702272093, 10.822744195747418 ], [ 9.495225019760539, 10.824312989813336 ], [ 9.492543991938874, 10.825713691765031 ], [ 9.489748879039723, 10.826217943107679 ], [ 9.487980542838216, 10.825545607650838 ], [ 9.487067852218104, 10.824537101965632 ], [ 9.48472908262903, 10.822744195747418 ], [ 9.481705797574818, 10.821455537871827 ], [ 9.477769820900505, 10.819438495501345 ], [ 9.475659226466462, 10.819550554577461 ], [ 9.474588815739196, 10.819607495616197 ], [ 9.469620486363453, 10.819871787795762 ], [ 9.465855638805408, 10.818096782589691 ], [ 9.460133072917188, 10.816025930182661 ], [ 9.45727178897306, 10.814398822077123 ], [ 9.456158148216389, 10.812098420514133 ], [ 9.453662511520747, 10.810697655562365 ], [ 9.451808610261082, 10.81062761751474 ], [ 9.451238177873506, 10.811818269323737 ], [ 9.449312971565462, 10.811888307371362 ], [ 9.447387767257339, 10.81216845956169 ], [ 9.445605168046143, 10.811818269323737 ], [ 9.444820824513215, 10.81062761751474 ], [ 9.442539099962914, 10.809647077848524 ], [ 9.440970412897059, 10.808036183753984 ], [ 9.439972159218826, 10.80761594946847 ], [ 9.438617384298311, 10.807826065611266 ], [ 9.437048699232435, 10.807966144706427 ], [ 9.436739521022389, 10.80684074494178 ], [ 9.437191306329339, 10.805444726993244 ], [ 9.436229071675541, 10.804982702679297 ], [ 9.434624364585204, 10.80446417132697 ], [ 9.433412197761641, 10.803483610660749 ], [ 9.431344384356635, 10.802643128089699 ], [ 9.428848747660936, 10.802222885804156 ], [ 9.42670963120753, 10.80075203380477 ], [ 9.423714865172713, 10.798580762329493 ], [ 9.421575748719306, 10.79746009956807 ], [ 9.421219228477071, 10.796619600996962 ], [ 9.421718354816221, 10.795148720997588 ], [ 9.42100531633173, 10.793747876045757 ], [ 9.419579238362758, 10.792627196284343 ], [ 9.418153160393786, 10.790245736666236 ], [ 9.417511423957762, 10.789195086952361 ], [ 9.417666802063366, 10.787432947755065 ], [ 9.416727081424881, 10.786533424143897 ], [ 9.415229700407451, 10.785622849525225 ], [ 9.413233189050914, 10.785482761430046 ], [ 9.412306238421081, 10.783801693287785 ], [ 9.411450591839753, 10.783311379954682 ], [ 9.409097562240959, 10.784362049668573 ], [ 9.407386268078199, 10.785062495144473 ], [ 9.405175846576356, 10.784852362001686 ], [ 9.40332194631668, 10.784011827430561 ], [ 9.402466296735327, 10.78219066019318 ], [ 9.402181081541528, 10.780509574050996 ], [ 9.402109779493117, 10.778548293718359 ], [ 9.400469789378803, 10.776587002385781 ], [ 9.399328925603641, 10.775186071433893 ], [ 9.39761763244087, 10.77434550886278 ], [ 9.396334160568813, 10.774065321672424 ], [ 9.395621121084332, 10.772874520863297 ], [ 9.395835033229673, 10.771823810149385 ], [ 9.394195043115417, 10.770212713054718 ], [ 9.392555053001104, 10.767340737103382 ], [ 9.392198532758869, 10.765239273675547 ], [ 9.390772454789897, 10.763698190628418 ], [ 9.387991601900467, 10.762087050533751 ], [ 9.384426406478042, 10.761176402914998 ], [ 9.382144680927752, 10.759775400963065 ], [ 9.37914991689297, 10.758094188820792 ], [ 9.375584721470545, 10.756623120821246 ], [ 9.372732563532679, 10.75543225101211 ], [ 9.370522142030779, 10.754941891678925 ], [ 9.367741289141293, 10.753540859727025 ], [ 9.364746525106511, 10.752420029965435 ], [ 9.363748270428232, 10.751929665632247 ], [ 9.36175176107173, 10.750318462537507 ], [ 9.36004046590898, 10.748917409585601 ], [ 9.357711205326325, 10.747759200798612 ], [ 9.356142519260516, 10.746568295989448 ], [ 9.355358174727598, 10.745447440227906 ], [ 9.353789489661722, 10.745447440227906 ], [ 9.351579068159822, 10.744887010847094 ], [ 9.350081687142449, 10.743976311228323 ], [ 9.348940823367286, 10.743976311228323 ], [ 9.34737213730142, 10.7450271179423 ], [ 9.34494780265419, 10.745097171989926 ], [ 9.342808687200773, 10.744816956799525 ], [ 9.341382609231857, 10.74495706489472 ], [ 9.339528706972203, 10.745797708465886 ], [ 9.337603499664112, 10.746288082799083 ], [ 9.336106117646693, 10.745797708465886 ], [ 9.334680038677732, 10.743766149085559 ], [ 9.332113097933643, 10.743555986942738 ], [ 9.330045283528648, 10.742575228276394 ], [ 9.329118333898862, 10.741174139324414 ], [ 9.32719312759076, 10.741734575705209 ], [ 9.324269667604369, 10.743135661657163 ], [ 9.322558373441666, 10.743065607609537 ], [ 9.321132295472694, 10.744046365275949 ], [ 9.319777520552179, 10.744046365275949 ], [ 9.317852314244078, 10.743205715704732 ], [ 9.315927108936023, 10.742575228276394 ], [ 9.31428711882171, 10.742365065133583 ], [ 9.313217560094984, 10.741804629752778 ], [ 9.312647127707407, 10.741104085276788 ], [ 9.310222796060202, 10.740893921133988 ], [ 9.308226284703665, 10.740823866086373 ], [ 9.306800206734692, 10.741034030229173 ], [ 9.304589787232828, 10.739492824182037 ], [ 9.301737629294905, 10.738371942420429 ], [ 9.298457649066336, 10.737531277849257 ], [ 9.29688896200048, 10.736130164897247 ], [ 9.29460723745018, 10.734869159040443 ], [ 9.292396816948269, 10.733748259278855 ], [ 9.291255954173153, 10.731296277612842 ], [ 9.290756826834013, 10.72982507861326 ], [ 9.288546404332124, 10.728774218899218 ], [ 9.28583685649113, 10.727583239089995 ], [ 9.283911650183029, 10.727092834756832 ], [ 9.28289361949129, 10.727049345727266 ], [ 9.281434886500165, 10.725652523778194 ], [ 9.280560364905966, 10.72422044780518 ], [ 9.278563855549464, 10.723940213614753 ], [ 9.276353434047564, 10.723589921376742 ], [ 9.274356924691006, 10.722188744424727 ], [ 9.271399768681761, 10.722000091296536 ], [ 9.269164311162911, 10.720793262476548 ], [ 9.267310409903246, 10.720302846143341 ], [ 9.265313898546708, 10.718971714238876 ], [ 9.262818261851066, 10.718621415000882 ], [ 9.261534790978999, 10.717500455239247 ], [ 9.258825242137959, 10.716449551525216 ], [ 9.255616566957826, 10.714417796144687 ], [ 9.253120929262195, 10.713577064573485 ], [ 9.251552243196329, 10.713997429859091 ], [ 9.249127909549088, 10.713156698287833 ], [ 9.247559223483279, 10.711825535383412 ], [ 9.245297648946632, 10.7099710971234 ], [ 9.24456446044843, 10.710354241383698 ], [ 9.243637508818608, 10.709793747002891 ], [ 9.242496646043492, 10.707902069717591 ], [ 9.241141871122977, 10.706640945860727 ], [ 9.239216665814865, 10.705660068194277 ], [ 9.23779058784595, 10.706010382432282 ], [ 9.236481050956172, 10.705562618128056 ], [ 9.234581909665792, 10.7047492495754 ], [ 9.232514097260776, 10.703488111718514 ], [ 9.230303675758933, 10.703137795480473 ], [ 9.228276346381449, 10.702171556823942 ], [ 9.22775345202615, 10.701835250595479 ], [ 9.22767450997253, 10.701575905419247 ], [ 9.22751577186466, 10.700471340668742 ], [ 9.226809783384965, 10.699214218814575 ], [ 9.225643440592535, 10.697512302658254 ], [ 9.225584459552408, 10.697426238599746 ], [ 9.225329118378966, 10.696986803301172 ], [ 9.224903168089554, 10.697133391400769 ], [ 9.224349877713564, 10.697640740745499 ], [ 9.223990885469675, 10.697886284912329 ], [ 9.223380144054715, 10.698304019196144 ], [ 9.222866755705866, 10.698462832304074 ], [ 9.222324705337599, 10.698263473168595 ], [ 9.222324601337505, 10.698263372168526 ], [ 9.221706877917825, 10.697659424758172 ], [ 9.221022361452697, 10.697313771523341 ], [ 9.220147698858398, 10.697416533593127 ], [ 9.21904010310584, 10.697919009934537 ], [ 9.217913511340385, 10.698117180069232 ], [ 9.216185500166262, 10.698583639386129 ], [ 9.214674126139357, 10.699994710344924 ], [ 9.214674014139291, 10.699994815344951 ], [ 9.214672858138499, 10.699994997345073 ], [ 9.211733955141653, 10.700458212659839 ], [ 9.210566403348366, 10.700116752427846 ], [ 9.207718738413519, 10.701152038131227 ], [ 9.204296878088542, 10.6984796723155 ], [ 9.199376907745659, 10.697708960791829 ], [ 9.197237790292206, 10.697008314315781 ], [ 9.194773479617822, 10.696777333158821 ], [ 9.192531732094665, 10.695396818220843 ], [ 9.191248262222587, 10.695501916292244 ], [ 9.186470898976609, 10.696447794934954 ], [ 9.154477391238515, 10.709544054833259 ], [ 9.136346526919453, 10.715162408650656 ], [ 9.121437732789616, 10.716642086656009 ], [ 9.10908903439929, 10.718269722761931 ], [ 9.091469551427679, 10.719305487465647 ], [ 9.08292298962067, 10.720631388366542 ], [ 9.068579281874804, 10.722856650878498 ], [ 9.052315142824057, 10.728183319497759 ], [ 9.036897193348295, 10.736857941391747 ], [ 9.035246043226437, 10.737786928022956 ], [ 9.043345356729503, 10.775285169501217 ], [ 9.023625993331166, 10.790415612781658 ], [ 9.020313720080594, 10.808907051345727 ], [ 9.020954054515698, 10.812519782800393 ], [ 8.98622645791994, 10.808968716387596 ], [ 8.967133257947012, 10.806289496567217 ], [ 8.960517377451822, 10.805947468334807 ], [ 8.957131501151252, 10.806506732714809 ], [ 8.952508835010406, 10.809308036618177 ], [ 8.952000353664914, 10.809615605827162 ], [ 8.929366656286334, 10.823306090129165 ], [ 8.906542819778622, 10.835301724279645 ], [ 8.897588483694562, 10.836553288130062 ], [ 8.863423036480754, 10.843242909675325 ], [ 8.813923277848005, 10.852935003260654 ], [ 8.794652086754127, 10.854351751223248 ], [ 8.766169521401594, 10.851136632038731 ], [ 8.745786687552368, 10.857210978165995 ], [ 8.745073649067933, 10.859451851688561 ], [ 8.745430168310179, 10.861832761306232 ], [ 8.747141462472882, 10.86358341849575 ], [ 8.74894154569597, 10.86439471904697 ], [ 8.749698649210416, 10.86564191689439 ], [ 8.750136225507674, 10.866874623731974 ], [ 8.749651199178174, 10.86985398975628 ], [ 8.749354100976291, 10.876126960018496 ], [ 8.749948299380037, 10.885609106461175 ], [ 8.752325095994934, 10.896695539993857 ], [ 8.753959146105217, 10.903989021949428 ], [ 8.756038842518251, 10.907635696427178 ], [ 8.757672889628509, 10.916241668274552 ], [ 8.759604037940619, 10.923534670229799 ], [ 8.762426484858338, 10.9245556759235 ], [ 8.765248932776103, 10.926597678310998 ], [ 8.767180080088224, 10.930098218689409 ], [ 8.767922828592873, 10.936369918950732 ], [ 8.766717375773794, 10.941724744589123 ], [ 8.770747535512101, 10.941821099654589 ], [ 8.773270622226448, 10.938265988239039 ], [ 8.777281468951628, 10.936807474248042 ], [ 8.78869724270811, 10.942250251946177 ], [ 8.78970718539432, 10.947680472635739 ], [ 8.788258553410003, 10.955789566145484 ], [ 8.787074006605167, 10.96321999719413 ], [ 8.786546393246681, 10.964024138740513 ], [ 8.784114837594586, 10.974309920729183 ], [ 8.784861235101687, 10.985578802385874 ], [ 8.786822092434022, 10.993861698013689 ], [ 8.782900376769419, 10.999811241056136 ], [ 8.779810539669995, 11.011534987021889 ], [ 8.780375264053703, 11.019260269270831 ], [ 8.781711977961947, 11.025007970176148 ], [ 8.782395543426389, 11.027658863977308 ], [ 8.784244537682696, 11.03724956549371 ], [ 8.786064878919547, 11.042854154301779 ], [ 8.7868452774498, 11.045256889934308 ], [ 8.787554914931945, 11.047441726418811 ], [ 8.787555846932548, 11.047444594420767 ], [ 8.788454055542843, 11.050209999299739 ], [ 8.791962761926868, 11.055535118917931 ], [ 8.793812735183849, 11.061499367970328 ], [ 8.791863760859599, 11.064205217808819 ], [ 8.790437682890627, 11.068217295534851 ], [ 8.794245677477988, 11.068756497901234 ], [ 8.793360544876577, 11.074662053913755 ], [ 8.79310011069964, 11.076670266278256 ], [ 8.792644605390137, 11.081979336885524 ], [ 8.792689084420374, 11.082900533511406 ], [ 8.794009475317523, 11.083288279774877 ], [ 8.795525950347894, 11.083679848040902 ], [ 8.797710682832303, 11.077967348159575 ], [ 8.7984664193458, 11.074487054794872 ], [ 8.800746284894842, 11.074222831615316 ], [ 8.801436443363798, 11.074222831615316 ], [ 8.802353821987083, 11.074312417676197 ], [ 8.804417610389351, 11.079125765946628 ], [ 8.812918145165042, 11.091849162591586 ], [ 8.811894040469213, 11.097126070177012 ], [ 8.809834250069684, 11.098496424108077 ], [ 8.805056887823696, 11.100105738201535 ], [ 8.805270798969048, 11.103674184626129 ], [ 8.808693387294568, 11.104093999911356 ], [ 8.810672070638986, 11.103289355364666 ], [ 8.811171198978116, 11.102729599984343 ], [ 8.811670326317255, 11.101959937461402 ], [ 8.81238336480169, 11.100945375772028 ], [ 8.813381620479959, 11.099895828058948 ], [ 8.814201615037121, 11.099126155535942 ], [ 8.815794681119542, 11.098794187310432 ], [ 8.817196380071948, 11.09772674858516 ], [ 8.817766811459478, 11.096852114990838 ], [ 8.819050282331546, 11.096467275729367 ], [ 8.820761409494196, 11.096450711718148 ], [ 8.822544173705523, 11.09667718787199 ], [ 8.824576335086249, 11.09583753730152 ], [ 8.827346486968452, 11.09638696567481 ], [ 8.832634859561665, 11.097611452506783 ], [ 8.836716003334573, 11.098446085073874 ], [ 8.845633804393799, 11.100829554693348 ], [ 8.855981100424344, 11.099351367688996 ], [ 8.85618074855995, 11.098483736099467 ], [ 8.868851457169114, 11.102537324853699 ], [ 8.872744650814354, 11.106642167642747 ], [ 8.876416802309393, 11.109895680853356 ], [ 8.879530494425012, 11.110943572565361 ], [ 8.881412916704051, 11.112119023364016 ], [ 8.882667866556744, 11.112342917516116 ], [ 8.883228789937846, 11.111876471199196 ], [ 8.883751685293134, 11.110990217597021 ], [ 8.884892548068308, 11.110943572565361 ], [ 8.886413699101865, 11.112016405294298 ], [ 8.887649632941589, 11.113555678340163 ], [ 8.888552816555261, 11.114348632878944 ], [ 8.888933102813667, 11.114348632878944 ], [ 8.891024685234811, 11.116167758114955 ], [ 8.89335394581741, 11.117053994717082 ], [ 8.893639162011198, 11.119432826333366 ], [ 8.894019449269592, 11.121391849664462 ], [ 8.894929713888075, 11.122861903663306 ], [ 8.896919142239767, 11.124423644724402 ], [ 8.898446665277675, 11.126452450102875 ], [ 8.898484797303581, 11.128603200564214 ], [ 8.89987809725028, 11.130853286093043 ], [ 8.901149842114364, 11.131419977478117 ], [ 8.901622526435517, 11.133670397007165 ], [ 8.900997727010974, 11.135375162165474 ], [ 8.902147986792556, 11.136959497241946 ], [ 8.903336495600058, 11.137613921686579 ], [ 8.904876867646692, 11.138619364369731 ], [ 8.90554320709947, 11.139649157069414 ], [ 8.905977334394436, 11.139891462234061 ], [ 8.906865783998057, 11.14077991183774 ], [ 8.90807107581702, 11.142203325804871 ], [ 8.909782368979734, 11.14354655271751 ], [ 8.910187374254917, 11.145464464020677 ], [ 8.910699925603183, 11.146175385503682 ], [ 8.9111263038929, 11.146423585672323 ], [ 8.911689009275221, 11.146442370685122 ], [ 8.911950009452539, 11.146512822732973 ], [ 8.912246961654319, 11.146686081850703 ], [ 8.912347921722926, 11.147342323296584 ], [ 8.912337825716065, 11.147806739612122 ], [ 8.912520767840363, 11.148078889797034 ], [ 8.913135411257997, 11.149765367942905 ], [ 8.912994067161947, 11.150320649320236 ], [ 8.912963779141364, 11.150835544670088 ], [ 8.913181742289453, 11.151337632011234 ], [ 8.913755260679125, 11.151508691127447 ], [ 8.914124820930226, 11.15174418728742 ], [ 8.914251370016245, 11.151909675399907 ], [ 8.914387317108606, 11.152087451520686 ], [ 8.914609430259532, 11.152339851692147 ], [ 8.914770966369247, 11.152572060849934 ], [ 8.914851734424133, 11.152753788973428 ], [ 8.914750774355525, 11.153056669179193 ], [ 8.914292580044219, 11.153486723471417 ], [ 8.914528663204635, 11.153793678679961 ], [ 8.914662939295852, 11.154196509953692 ], [ 8.914669183300134, 11.15439852909094 ], [ 8.914871926437854, 11.154540784187589 ], [ 8.915528167883735, 11.154601360228753 ], [ 8.915939428163199, 11.154852200399205 ], [ 8.917460331196594, 11.156344367413055 ], [ 8.918590144964242, 11.157623361282049 ], [ 8.919543050611651, 11.158537268903046 ], [ 8.919697822716842, 11.158771016061849 ], [ 8.919556478620791, 11.158993128212785 ], [ 8.91892043118861, 11.159033512240171 ], [ 8.918334861790754, 11.159366681466565 ], [ 8.917961307536984, 11.159709944699785 ], [ 8.91799159555751, 11.160093593960482 ], [ 8.918243995729028, 11.160507531241706 ], [ 8.918884521164216, 11.161171324692759 ], [ 8.918456012873094, 11.161719053064871 ], [ 8.918195022695784, 11.162138502349876 ], [ 8.918173324680993, 11.162173374373594 ], [ 8.918112747639839, 11.162849806833208 ], [ 8.9182742847496, 11.163344512169317 ], [ 8.918677054023249, 11.163762452453284 ], [ 8.91953628660707, 11.165030547314927 ], [ 8.920154503027106, 11.166661423423022 ], [ 8.920458684233779, 11.16768458211817 ], [ 8.920111049997615, 11.168665105784385 ], [ 8.919415779525195, 11.169347208247871 ], [ 8.91918770037023, 11.170250398861526 ], [ 8.920284866115708, 11.171095087435447 ], [ 8.921023590617608, 11.172203492188601 ], [ 8.920936681558601, 11.17382346128926 ], [ 8.91989377684996, 11.177489673780315 ], [ 8.922631402710067, 11.178853834707184 ], [ 8.92432612486158, 11.180047469518172 ], [ 8.9257601198359, 11.180260618662999 ], [ 8.92783553724604, 11.181926152794688 ], [ 8.932615871494022, 11.185762358401178 ], [ 8.934972449095255, 11.188573293311094 ], [ 8.938158214259829, 11.190210012423165 ], [ 8.940238369673182, 11.191879289557335 ], [ 8.941838240760205, 11.191173618077869 ], [ 8.94335914479359, 11.191642527396482 ], [ 8.944662775679376, 11.193219760468139 ], [ 8.946444406889896, 11.193944431960517 ], [ 8.948704034425191, 11.194370709250165 ], [ 8.949138577720475, 11.193432898612969 ], [ 8.948834396513746, 11.192196690773017 ], [ 8.950398754576668, 11.191940922599258 ], [ 8.951789294521461, 11.192111434715116 ], [ 8.952658383112009, 11.192495086975782 ], [ 8.952788747200543, 11.193646037757787 ], [ 8.952223838816735, 11.194114943076386 ], [ 8.952354201905337, 11.195138004771479 ], [ 8.953223290495828, 11.195692162148021 ], [ 8.953962014997728, 11.197354627277605 ], [ 8.954787647558703, 11.198761321233349 ], [ 8.95587400829686, 11.200295889276049 ], [ 8.957612183477863, 11.201361556000109 ], [ 8.959524175776949, 11.201446809058041 ], [ 8.961305805987479, 11.202000954434538 ], [ 8.963261253316148, 11.202384591695193 ], [ 8.964177719938846, 11.203317129328809 ], [ 8.965372545750654, 11.204532902154881 ], [ 8.966782937708956, 11.205968013129961 ], [ 8.966824512737219, 11.20792597846031 ], [ 8.967519783209639, 11.208309607720992 ], [ 8.968823414095368, 11.208735864010634 ], [ 8.970344318128753, 11.20860798692371 ], [ 8.971898239184554, 11.210240131032663 ], [ 8.973640085368061, 11.212069650275737 ], [ 8.97325576210693, 11.213723006399164 ], [ 8.974037940638368, 11.215854236847235 ], [ 8.974993937287934, 11.217473961947746 ], [ 8.976694545443422, 11.219344272218507 ], [ 8.977861927236631, 11.220628138090831 ], [ 8.979817373565254, 11.221693729814888 ], [ 8.981338277598638, 11.221480611670074 ], [ 8.982294273248158, 11.220841257235634 ], [ 8.983424088015852, 11.220542890032903 ], [ 8.9842062655473, 11.220883880264637 ], [ 8.984466993724425, 11.222333083249282 ], [ 8.984727718901581, 11.223782279233944 ], [ 8.985249173255909, 11.224677366842116 ], [ 8.986813530318784, 11.225103598131739 ], [ 8.988204070263635, 11.224933106015897 ], [ 8.989768428326499, 11.224805235929011 ], [ 8.99189769277325, 11.225913435681946 ], [ 8.993766231042855, 11.22685114031907 ], [ 8.995634770312449, 11.227490481753478 ], [ 8.995504407223848, 11.229323253998757 ], [ 8.995634770312449, 11.230942904099265 ], [ 8.995765133400994, 11.232946142460378 ], [ 8.996503856902905, 11.233287117692043 ], [ 8.997850943818207, 11.233414982778925 ], [ 8.99885039449731, 11.234651014618748 ], [ 8.999849845176357, 11.235929663487525 ], [ 9.00031314749117, 11.240083793310077 ], [ 9.002671891093826, 11.242367351861617 ], [ 9.003586922715556, 11.244283356163464 ], [ 9.005646189114714, 11.245246817818099 ], [ 9.005646427114868, 11.245246947818202 ], [ 9.008019268727082, 11.246542220698245 ], [ 9.009320669611327, 11.248803988235011 ], [ 9.009320822611471, 11.248804252235175 ], [ 9.009974717055741, 11.250846801623027 ], [ 9.012205654571574, 11.25159704413278 ], [ 9.014064839834816, 11.253396897355685 ], [ 9.015015425480669, 11.255492267779402 ], [ 9.017285335022962, 11.256514591474001 ], [ 9.019386946450936, 11.257742152308083 ], [ 9.018625664933666, 11.259002645164514 ], [ 9.01823117366564, 11.25965582460833 ], [ 9.018971005168282, 11.262112866277789 ], [ 9.018733327006828, 11.26525973941591 ], [ 9.021407221823608, 11.269513790306348 ], [ 9.026695596416801, 11.277147615493163 ], [ 9.028654340747664, 11.277618193812941 ], [ 9.031865129929258, 11.277438977691133 ], [ 9.034776706907508, 11.276914524334813 ], [ 9.037807123966559, 11.278079976126662 ], [ 9.0403027606622, 11.280294322631221 ], [ 9.042025938833035, 11.283149639571263 ], [ 9.044818675730596, 11.285946657471698 ], [ 9.047581800607986, 11.286275257694967 ], [ 9.051117188010096, 11.287286885382343 ], [ 9.053672244746167, 11.288568836253376 ], [ 9.055828072210943, 11.290914383847053 ], [ 9.0625852348021, 11.292997351262329 ], [ 9.065541612810819, 11.296378807559847 ], [ 9.065541700810911, 11.296378909559962 ], [ 9.068737048981973, 11.297795678522562 ], [ 9.070046262871529, 11.299601880749776 ], [ 9.072541179566713, 11.301702240176894 ], [ 9.074022006572875, 11.304156192844232 ], [ 9.075285369431242, 11.306249757266698 ], [ 9.077397447866304, 11.306796628638267 ], [ 9.079969339613797, 11.30746255709073 ], [ 9.081991785987952, 11.309323994355509 ], [ 9.082513135342197, 11.310602057223889 ], [ 9.082990039666242, 11.31177116201826 ], [ 9.083132648763126, 11.313868718443416 ], [ 9.084915245974287, 11.314917491156052 ], [ 9.088623049493606, 11.314218309680996 ], [ 9.091831726673718, 11.31323945301591 ], [ 9.095824746386825, 11.311631323923223 ], [ 9.099247332712309, 11.310442702115608 ], [ 9.100530804584366, 11.308415039737952 ], [ 9.101814274456387, 11.306806884645255 ], [ 9.10687685389621, 11.310232943973119 ], [ 9.111226391851517, 11.314358145775998 ], [ 9.114862891322332, 11.316945105533705 ], [ 9.116203413233166, 11.318885989852447 ], [ 9.116431579388177, 11.321839291859078 ], [ 9.117857657357149, 11.323866858236727 ], [ 9.120638510246579, 11.324705846806751 ], [ 9.123579446244833, 11.326305205893448 ], [ 9.124075365581746, 11.32772336985704 ], [ 9.126428569180689, 11.327854628946227 ], [ 9.128695859721176, 11.327499641705003 ], [ 9.129576717319708, 11.328953609692917 ], [ 9.130239277769874, 11.328809710595124 ], [ 9.142226157914365, 11.326206316826244 ], [ 9.14153056444178, 11.324143705424831 ], [ 9.140389701666606, 11.323136915740747 ], [ 9.140332657627823, 11.321570792676653 ], [ 9.141302392286718, 11.32028432780254 ], [ 9.141416478364249, 11.318885989852447 ], [ 9.141131262170461, 11.31754357994032 ], [ 9.14153056444178, 11.31636896514226 ], [ 9.142956643410741, 11.315641819648192 ], [ 9.161436761967082, 11.314592453935177 ], [ 9.169493617441333, 11.30816315056677 ], [ 9.174776020030492, 11.306259582273412 ], [ 9.178740202723986, 11.308501033796347 ], [ 9.178796851762456, 11.308432331749657 ], [ 9.180426280869597, 11.308523681811721 ], [ 9.180609022993735, 11.308950082101489 ], [ 9.181842535831834, 11.309696280608478 ], [ 9.181376161514947, 11.310472176135647 ], [ 9.182395291207399, 11.311052709530088 ], [ 9.178145971320191, 11.318315145464567 ], [ 9.179179033022137, 11.319221592080453 ], [ 9.186765770176976, 11.320563994992597 ], [ 9.188701711492342, 11.322892862574918 ], [ 9.194637722525556, 11.326604729096971 ], [ 9.194971658752479, 11.326648778126867 ], [ 9.202416408810848, 11.327630813794144 ], [ 9.21141477992478, 11.328817787600656 ], [ 9.230289681749412, 11.335162217911375 ], [ 9.238161634098049, 11.337231638317462 ], [ 9.254176083979075, 11.340383130458747 ], [ 9.262799096838023, 11.342496784894877 ], [ 9.266535428376699, 11.343412624517157 ], [ 9.287123237365165, 11.349394847581777 ], [ 9.289365696888808, 11.348828280196813 ], [ 9.29024399848555, 11.348495131970481 ], [ 9.291021802014029, 11.348200102770022 ], [ 9.292563693061652, 11.345744499101556 ], [ 9.293248977527298, 11.341918325501808 ], [ 9.294334012264528, 11.339405614794543 ], [ 9.297703328553837, 11.338206365979715 ] ] ] ] } },
{ "type": "Feature", "properties": { "fid": 757.0, "OBJECTID": 757.0, "lganame": "Alkaleri", "statecode": "BA", "LGA_UID": "05_01" }, "geometry": { "type": "MultiPolygon", "coordinates": [ [ [ [ 10.357342859529069, 10.282278982526691 ], [ 10.357830103860124, 10.282232210494897 ], [ 10.358198507110444, 10.282349141574343 ], [ 10.358519375328456, 10.28246607265379 ], [ 10.358816474530329, 10.282489458669716 ], [ 10.359443066956089, 10.28196025431015 ], [ 10.360568173720537, 10.281873231250984 ], [ 10.361899180624903, 10.281592595060317 ], [ 10.362802364238576, 10.280797459520102 ], [ 10.363943226013703, 10.280236186138723 ], [ 10.364430470344757, 10.279310471509746 ], [ 10.365084088788876, 10.278199611754985 ], [ 10.365648579172444, 10.277878046536443 ], [ 10.366480457737623, 10.277731881437148 ], [ 10.367401467363436, 10.277936512576218 ], [ 10.368322474989213, 10.277848813516584 ], [ 10.368976095433311, 10.277644181377582 ], [ 10.36939203371594, 10.277205682079625 ], [ 10.370015944139823, 10.277264148119343 ], [ 10.370699272604156, 10.276708714741972 ], [ 10.371144921906932, 10.276036347285128 ], [ 10.371828251371198, 10.275890180185797 ], [ 10.372184770613444, 10.275363977828306 ], [ 10.37325433034016, 10.275363977828306 ], [ 10.374726365340337, 10.274943039542279 ], [ 10.378179053686267, 10.276066750305802 ], [ 10.380389475188167, 10.277119151020827 ], [ 10.382457288593173, 10.277890908545203 ], [ 10.385095534385698, 10.277750590449841 ], [ 10.387448562984503, 10.276698190734805 ], [ 10.389445073340994, 10.277610270354501 ], [ 10.391156366503765, 10.277329631163866 ], [ 10.393178545877731, 10.276761334777689 ], [ 10.393763238275028, 10.276494726596582 ], [ 10.394718710924224, 10.276691174730047 ], [ 10.395217838263363, 10.276957782911211 ], [ 10.395645661554056, 10.277589222340225 ], [ 10.396201831931933, 10.277687446406958 ], [ 10.396402364068194, 10.277840680511076 ], [ 10.396743742300146, 10.278248723788352 ], [ 10.397209825616812, 10.278443117920403 ], [ 10.397770517997742, 10.278557426998077 ], [ 10.398269646336928, 10.278739842122036 ], [ 10.398974246815669, 10.278801532163925 ], [ 10.399510334179865, 10.278557426998077 ], [ 10.399709985315553, 10.278136468712034 ], [ 10.399952418480268, 10.277603254349742 ], [ 10.400123547596536, 10.277196327073284 ], [ 10.400565631896939, 10.276915686882603 ], [ 10.401264410371709, 10.277013910949336 ], [ 10.40184910176896, 10.277238423101892 ], [ 10.402120056953095, 10.2775330943021 ], [ 10.402633446301877, 10.27764535037835 ], [ 10.403332223776715, 10.277841797511826 ], [ 10.403760048067397, 10.278164531731136 ], [ 10.404373261484011, 10.278389042883646 ], [ 10.404715519716547, 10.278262755797869 ], [ 10.405000735910335, 10.277982116607177 ], [ 10.40535725515258, 10.277757606454657 ], [ 10.406070293637072, 10.2778558295214 ], [ 10.40698298525723, 10.277883892540444 ], [ 10.407909935887005, 10.277757606454657 ], [ 10.408466106264939, 10.277519062292583 ], [ 10.409193405759083, 10.277308583149534 ], [ 10.409635490059486, 10.277238423101892 ], [ 10.410382219566827, 10.277460110252491 ], [ 10.41086191789276, 10.277575190330708 ], [ 10.411204177125285, 10.27742083922584 ], [ 10.411703304464424, 10.277210359082801 ], [ 10.41205982370667, 10.276887622863512 ], [ 10.412901210278392, 10.276747302768172 ], [ 10.413286250539954, 10.276536822625189 ], [ 10.413970769005061, 10.27632634348214 ], [ 10.414469896344201, 10.276115862339168 ], [ 10.415026066722078, 10.27618602238681 ], [ 10.415415514986705, 10.276899325871454 ], [ 10.41546815102248, 10.277954052588086 ], [ 10.415510933051564, 10.278262755797869 ], [ 10.415924496332536, 10.278641618055303 ], [ 10.416360395628715, 10.279392013565143 ], [ 10.417743933568772, 10.277119151020827 ], [ 10.419051173456978, 10.276329851484547 ], [ 10.420655510547022, 10.274868178491431 ], [ 10.422735208960091, 10.273260330398955 ], [ 10.424131576908849, 10.272383318803065 ], [ 10.426122145261388, 10.272266383723604 ], [ 10.427726483351421, 10.272061747584587 ], [ 10.428528651896499, 10.272646422981836 ], [ 10.430816319450855, 10.272354085783206 ], [ 10.432747466762976, 10.271213967008521 ], [ 10.435629333721067, 10.270220014333177 ], [ 10.438332940558041, 10.270044611214018 ], [ 10.44100683837479, 10.26905065353867 ], [ 10.443056824767666, 10.267384309406452 ], [ 10.444245223575138, 10.267208904287315 ], [ 10.445641591523895, 10.267442777446206 ], [ 10.447632159876434, 10.267764352664699 ], [ 10.449206787946309, 10.267559713525657 ], [ 10.451078516218047, 10.267091967207818 ], [ 10.454584291600042, 10.266682686929755 ], [ 10.467141761132268, 10.263597418833456 ], [ 10.473327715335358, 10.26169644954183 ], [ 10.479174637308063, 10.260854487969766 ], [ 10.484331071811596, 10.25932720393206 ], [ 10.489416890267194, 10.258199334165738 ], [ 10.493791940239817, 10.257065634395417 ], [ 10.497998871098218, 10.255872836584956 ], [ 10.503774488022486, 10.255171189108239 ], [ 10.506419504819632, 10.254479307638121 ], [ 10.513115302369158, 10.253487229964037 ], [ 10.518748311196475, 10.251592763676854 ], [ 10.525023056459872, 10.251101604343148 ], [ 10.532715225686331, 10.250845670169213 ], [ 10.552059214829683, 10.255492297326384 ], [ 10.559418221829787, 10.255320622209751 ], [ 10.566065763346501, 10.253048997666326 ], [ 10.576275668283643, 10.254888432916118 ], [ 10.580901560426696, 10.254773588838077 ], [ 10.585892833818036, 10.253229956789255 ], [ 10.589671942385792, 10.251545986645056 ], [ 10.592381491226774, 10.249511177262491 ], [ 10.594235393486429, 10.248248186404396 ], [ 10.595804078552248, 10.246774689403196 ], [ 10.599369274974663, 10.246564189260198 ], [ 10.601864911670305, 10.245301185402013 ], [ 10.604004030123747, 10.245231018354332 ], [ 10.605786628334954, 10.242564660542712 ], [ 10.608068352885255, 10.241301640684526 ], [ 10.608924000466629, 10.239898280730984 ], [ 10.608924000466629, 10.238635250872846 ], [ 10.611277029065434, 10.237582722157697 ], [ 10.616696126747456, 10.235617991822721 ], [ 10.62101340268083, 10.234130783812248 ], [ 10.623969126689076, 10.231548156057499 ], [ 10.627249106917702, 10.22860100005505 ], [ 10.628247361595982, 10.226425700577011 ], [ 10.629864170694475, 10.223223512401262 ], [ 10.63772239703377, 10.213742818959588 ], [ 10.641464515576388, 10.215429841105845 ], [ 10.642513008288802, 10.218127752938926 ], [ 10.64904719372845, 10.233107450116961 ], [ 10.65202074774885, 10.233580790438566 ], [ 10.654350743331975, 10.233448848348928 ], [ 10.665882713167434, 10.240828412362987 ], [ 10.665507596912505, 10.25149634961133 ], [ 10.666373583500956, 10.253353389873098 ], [ 10.676485420371421, 10.25639646794076 ], [ 10.679958397731184, 10.262898046358259 ], [ 10.683003262800014, 10.264365612355391 ], [ 10.687965024171319, 10.264204041245648 ], [ 10.690549846927581, 10.263843266000492 ], [ 10.703059745427424, 10.271194814995511 ], [ 10.720866470526289, 10.254359013556382 ], [ 10.727143253791041, 10.252018754966286 ], [ 10.732389805355865, 10.244602019926958 ], [ 10.732873707684632, 10.244300209721928 ], [ 10.735513938478562, 10.240340208031284 ], [ 10.757347467313423, 10.235691005872354 ], [ 10.775660007755903, 10.237935074397114 ], [ 10.776024894003854, 10.238761018958314 ], [ 10.834507632740099, 10.244494061853629 ], [ 10.855280966854593, 10.240824781360516 ], [ 10.857159615131081, 10.235681533865943 ], [ 10.851166725059159, 10.224235535088894 ], [ 10.839326859014534, 10.215169906929248 ], [ 10.835687489541783, 10.204267755521755 ], [ 10.835629462502368, 10.204093933403612 ], [ 10.830290794874998, 10.196922301530833 ], [ 10.823796272462232, 10.188199042603799 ], [ 10.819883346803579, 10.181147574812655 ], [ 10.81800794452937, 10.172915599219436 ], [ 10.81800763652916, 10.172914241218507 ], [ 10.817226409998341, 10.169485091888532 ], [ 10.818640708959265, 10.157336234633988 ], [ 10.807442705350752, 10.137963781471285 ], [ 10.800304321500562, 10.134751509288719 ], [ 10.786741395285219, 10.134751509288719 ], [ 10.774606144039865, 10.137606862228779 ], [ 10.749214635787553, 10.119912961206637 ], [ 10.738388755431856, 10.120955920915264 ], [ 10.733471073090527, 10.114575988580384 ], [ 10.726477070338433, 10.105502352415272 ], [ 10.726056930052948, 10.104678267855377 ], [ 10.725092187397479, 10.102785971569631 ], [ 10.721197887751487, 10.09514749437966 ], [ 10.715902848153746, 10.094543903969509 ], [ 10.713404414456193, 10.088833198089389 ], [ 10.712772814027005, 10.07862064215044 ], [ 10.711544210192244, 10.076210499512854 ], [ 10.715607742953239, 10.064856165798119 ], [ 10.715729160035721, 10.064650758658559 ], [ 10.716940152858513, 10.063492012871222 ], [ 10.717475891222534, 10.049853324604385 ], [ 10.724427289945709, 10.044183490752005 ], [ 10.727671623150059, 10.041537284954018 ], [ 10.740003585529053, 10.034282684024845 ], [ 10.751164437112323, 10.027581215471514 ], [ 10.762917341097875, 10.020123060404046 ], [ 10.763508797499753, 10.019747734149064 ], [ 10.775261879485413, 10.012479782210846 ], [ 10.787178008581861, 10.00673635330844 ], [ 10.788445473443062, 10.006125449893375 ], [ 10.794776916744979, 10.000296592932898 ], [ 10.802899362263759, 9.990977286600867 ], [ 10.812171935564038, 9.979338645692962 ], [ 10.824990273273499, 9.969960213320746 ], [ 10.841357232394103, 9.962840080482977 ], [ 10.857723235514015, 9.955719947645207 ], [ 10.863512539447584, 9.951559500818348 ], [ 10.865881920057461, 9.949856757661394 ], [ 10.875178337373939, 9.940522194319044 ], [ 10.877407158888332, 9.939108092358197 ], [ 10.883547870060625, 9.935212045711012 ], [ 10.890620001865841, 9.930725048662339 ], [ 10.894463735477473, 9.926484215780874 ], [ 10.905368794886954, 9.914452543605933 ], [ 10.918455830778953, 9.899699884582162 ], [ 10.943923905083352, 9.881777139404505 ], [ 10.945419807099711, 9.880443017498067 ], [ 10.945169314929501, 9.878511216185473 ], [ 10.945454850123554, 9.875941398439409 ], [ 10.945526234172064, 9.872657742208332 ], [ 10.944883779735505, 9.870444842704728 ], [ 10.952593232973754, 9.860879410205484 ], [ 10.955020282622797, 9.856168077004384 ], [ 10.957947019611368, 9.8540979455978 ], [ 10.959089162387386, 9.852170583288228 ], [ 10.958303939853863, 9.848530007814645 ], [ 10.957875636562846, 9.84531773463209 ], [ 10.958660859096369, 9.842605149788994 ], [ 10.958089787708388, 9.839035958363922 ], [ 10.957732869465872, 9.834467393259786 ], [ 10.959231929484417, 9.828114231943118 ], [ 10.96123067684249, 9.823402898741961 ], [ 10.965727857898116, 9.814051618388191 ], [ 10.970240180964026, 9.811711092797907 ], [ 10.977317289772543, 9.812673403451754 ], [ 10.977600751965156, 9.810182375759268 ], [ 10.981629401702435, 9.77477908770436 ], [ 10.978674100694434, 9.772187525943536 ], [ 10.978521815590966, 9.769750958288 ], [ 10.974676606978335, 9.76693367637381 ], [ 10.972620752581463, 9.762821967580066 ], [ 10.971668967934818, 9.760880327260793 ], [ 10.965532097765106, 9.752344574461176 ], [ 10.964675492183062, 9.745491725804982 ], [ 10.966245936250118, 9.738210575857806 ], [ 10.966388704347082, 9.731072193007606 ], [ 10.964389956989066, 9.723791042060384 ], [ 10.961820139243002, 9.716795426307215 ], [ 10.956704503767128, 9.711389003633769 ], [ 10.957805017514886, 9.703278114122838 ], [ 10.960779343535819, 9.695782812030131 ], [ 10.960303452212486, 9.684718317512306 ], [ 10.960065506050796, 9.67924555779382 ], [ 10.960541398374119, 9.675438420207058 ], [ 10.956318279504728, 9.67186920278192 ], [ 10.956489875621344, 9.670925426140684 ], [ 10.956913144908924, 9.668597444558941 ], [ 10.964051527759125, 9.662500076416052 ], [ 10.985020529006533, 9.641828508370679 ], [ 10.989894508318173, 9.640553669504527 ], [ 10.988169967146462, 9.630225099486722 ], [ 10.982221314104606, 9.625763609455362 ], [ 10.969316446336393, 9.615498373480591 ], [ 10.956344675522644, 9.605686906814185 ], [ 10.917232285947648, 9.554528496054445 ], [ 10.773542916317467, 9.447321511212351 ], [ 10.721313472829991, 9.452517616742853 ], [ 10.617839910524594, 9.462811802737235 ], [ 10.604227403275502, 9.466481633230728 ], [ 10.540963806290904, 9.483537021819075 ], [ 10.522958903057372, 9.488391008117105 ], [ 10.512790438148386, 9.511043766508635 ], [ 10.507630347642362, 9.522539139319179 ], [ 10.506761413051947, 9.523333023858584 ], [ 10.503600120904025, 9.526221274821012 ], [ 10.499670029233698, 9.52797699001394 ], [ 10.495470047380024, 9.535512924134252 ], [ 10.493018651714408, 9.539910852122432 ], [ 10.491270064526304, 9.5430479052539 ], [ 10.488900184916076, 9.552595138740799 ], [ 10.482950210873355, 9.556192398184976 ], [ 10.479020119203028, 9.557948112377915 ], [ 10.465379714935068, 9.561203956590134 ], [ 10.461757351473807, 9.564516877841072 ], [ 10.459340095831408, 9.566727638343195 ], [ 10.45339965779516, 9.570323943786718 ], [ 10.44946003011836, 9.572079658979646 ], [ 10.43966960946625, 9.575506210307822 ], [ 10.429789542753213, 9.580859183944938 ], [ 10.425849915076412, 9.582614899137809 ], [ 10.423839568710491, 9.584454536387796 ], [ 10.419056442460544, 9.584242757243885 ], [ 10.41615009348584, 9.584114075156435 ], [ 10.410200119443118, 9.587711333600623 ], [ 10.40425968240686, 9.59130859404479 ], [ 10.398400307425675, 9.592977524178764 ], [ 10.392539978443892, 9.594649315314655 ], [ 10.382749556791737, 9.598074912642176 ], [ 10.372870445079343, 9.603427887279281 ], [ 10.36491012567069, 9.608865737974043 ], [ 10.360969542993246, 9.610621452166981 ], [ 10.355798862480015, 9.614154688567623 ], [ 10.353010177585247, 9.616060256862397 ], [ 10.347108207575104, 9.621466583535721 ], [ 10.34698009548805, 9.621583938615458 ], [ 10.342960357756851, 9.625266075117281 ], [ 10.338930130018468, 9.628948211619161 ], [ 10.328616591010928, 9.638388164033131 ], [ 10.327815331466525, 9.639121554531471 ], [ 10.326860427817678, 9.639995575125283 ], [ 10.313220023549661, 9.643250465336848 ], [ 10.311823222600594, 9.644040209873424 ], [ 10.300273622753195, 9.65274060678496 ], [ 10.295365985418698, 9.658243109523653 ], [ 10.293581389206167, 9.66240716735291 ], [ 10.292391659397765, 9.665530210474913 ], [ 10.28665120949745, 9.669771599356693 ], [ 10.281011885665748, 9.672555568248299 ], [ 10.275586714979625, 9.675482305236869 ], [ 10.271874756457521, 9.677909355885959 ], [ 10.267377575401895, 9.681050244020014 ], [ 10.264879140704352, 9.681264396165545 ], [ 10.263237312588785, 9.683048991378087 ], [ 10.262380707006741, 9.684833586590628 ], [ 10.260596110794211, 9.687117870142686 ], [ 10.257383838611645, 9.687617557482213 ], [ 10.251601747682969, 9.687903091676219 ], [ 10.247571535944644, 9.687834681629738 ], [ 10.239243423286041, 9.688875697337039 ], [ 10.231807607233748, 9.689767993943349 ], [ 10.226453819596145, 9.690065427145441 ], [ 10.221248749059498, 9.689173128539153 ], [ 10.214705230613504, 9.689470561741246 ], [ 10.206823266258084, 9.688429548033923 ], [ 10.19953616730686, 9.689767993943349 ], [ 10.190761905345141, 9.689024413438119 ], [ 10.180203046170902, 9.687239817225532 ], [ 10.173659528724897, 9.685455221013001 ], [ 10.165182698965282, 9.684116774103586 ], [ 10.16146479143913, 9.683224477497333 ], [ 10.156854585306689, 9.680101434375331 ], [ 10.152244380174295, 9.678762987465916 ], [ 10.150013634658592, 9.680696298779537 ], [ 10.147379874869102, 9.688010215748989 ], [ 10.146497291269441, 9.690305485308556 ], [ 10.144767472094088, 9.691352860020174 ], [ 10.143198786028222, 9.692126008545472 ], [ 10.140132716945004, 9.69226658064099 ], [ 10.137637080249306, 9.692336866688777 ], [ 10.133857972681596, 9.69282887002305 ], [ 10.131790159276591, 9.692336866688777 ], [ 10.129936257016993, 9.69226658064099 ], [ 10.122877169220658, 9.693110014214085 ], [ 10.121665003397027, 9.694164300930424 ], [ 10.120666747718758, 9.693461443452861 ], [ 10.118530524267328, 9.693625613564393 ], [ 10.116958944199496, 9.693812871691648 ], [ 10.115318954085183, 9.69367230059612 ], [ 10.114534610552255, 9.69289915607078 ], [ 10.112395493098859, 9.69170429125893 ], [ 10.108758992627997, 9.690579709494841 ], [ 10.10369641518821, 9.700911664514933 ], [ 10.104869172985047, 9.710511752037746 ], [ 10.103291092912855, 9.719512445153271 ], [ 10.100580403071035, 9.722184214968649 ], [ 10.098321494536208, 9.722035783867796 ], [ 10.095959571931417, 9.724227789357144 ], [ 10.09169536503407, 9.724707533683102 ], [ 10.088095525588187, 9.724413588483401 ], [ 10.086521608518751, 9.72455921658235 ], [ 10.084918640429635, 9.724707533683102 ], [ 10.079346666643744, 9.726340258792447 ], [ 10.075732414187996, 9.729160402708601 ], [ 10.07107602602423, 9.730845436853542 ], [ 10.068202720071952, 9.730941533918838 ], [ 10.062781341388359, 9.730199397414594 ], [ 10.05766114890946, 9.729011974607772 ], [ 10.053444520044422, 9.729011974607772 ], [ 10.052092515125821, 9.72722086739077 ], [ 10.048474922667822, 9.726043400590754 ], [ 10.046818389542295, 9.728863546506943 ], [ 10.041848792165695, 9.730496251616273 ], [ 10.038836915119248, 9.727082405296699 ], [ 10.033415535435665, 9.726043400590754 ], [ 10.013537142929238, 9.719067147850751 ], [ 10.005706261608509, 9.717582819842221 ], [ 9.99561647175301, 9.718176552245609 ], [ 9.992152813399628, 9.716840654337943 ], [ 9.984321932078899, 9.71298136171572 ], [ 9.972589634107351, 9.699527657574549 ], [ 9.959951709520453, 9.704895738221921 ], [ 9.947471122040497, 9.707167384765398 ], [ 9.930381818429112, 9.715349968325086 ], [ 9.927347741367612, 9.720555174861772 ], [ 9.920569482762119, 9.73279358217718 ], [ 9.918596978421874, 9.734085619055065 ], [ 9.917008392342495, 9.736137389449141 ], [ 9.8901701631072, 9.752840308798 ], [ 9.885567091979624, 9.76334684093672 ], [ 9.89102217368611, 9.782399288881948 ], [ 9.892602551759865, 9.790216590193438 ], [ 9.892562376732599, 9.791210897869007 ], [ 9.894958150360424, 9.795328195666514 ], [ 9.896868026658069, 9.797918841426736 ], [ 9.906588252262509, 9.79989426976897 ], [ 9.907341015773966, 9.801841025091676 ], [ 9.911618883680603, 9.811096037380025 ], [ 9.91919749382987, 9.817843989964956 ], [ 9.919338075925396, 9.817969164049998 ], [ 9.924085885151328, 9.824836172715834 ], [ 9.919760268212258, 9.836426359590803 ], [ 9.914274790485138, 9.848900998066711 ], [ 9.914062385340799, 9.849205512273613 ], [ 9.896946611711485, 9.849114910212052 ], [ 9.888386543895308, 9.851530992853668 ], [ 9.88436059315984, 9.853421729138347 ], [ 9.878403995112649, 9.854926513160763 ], [ 9.865569290392045, 9.857853657149633 ], [ 9.863311331857858, 9.854692340001691 ], [ 9.858676577708763, 9.851530992853668 ], [ 9.856353540130385, 9.84791301539542 ], [ 9.850272056998278, 9.85194009713166 ], [ 9.850547223185231, 9.857999783248943 ], [ 9.848378264711528, 9.862263860146186 ], [ 9.840568401405108, 9.864634901757199 ], [ 9.84115812880583, 9.875311743011594 ], [ 9.845988330087721, 9.881756036390186 ], [ 9.837401732253511, 9.892418289634691 ], [ 9.83323296342104, 9.898567537812824 ], [ 9.829952983192413, 9.901447465769593 ], [ 9.824912927767969, 9.905742773688019 ], [ 9.822893895396135, 9.909244218067101 ], [ 9.82092797306035, 9.911483171588372 ], [ 9.82602677752476, 9.914948528942944 ], [ 9.830309502434659, 9.91893721865307 ], [ 9.834088610002425, 9.922308630943746 ], [ 9.836748429809631, 9.922824470294245 ], [ 9.840577266411117, 9.928138280904761 ], [ 9.843286815252156, 9.929964415145491 ], [ 9.853625884277051, 9.930456065479575 ], [ 9.859078973982207, 9.929452157797471 ], [ 9.863924744274641, 9.928909674428837 ], [ 9.870685632868344, 9.92836793306077 ], [ 9.870685661868379, 9.928367931060791 ], [ 9.876870962070996, 9.928629934238813 ], [ 9.884377106171087, 9.934359958132063 ], [ 9.893556079407745, 9.934108296961085 ], [ 9.899917067729746, 9.931766209369755 ], [ 9.902896891754381, 9.927787099666148 ], [ 9.905770086706582, 9.920541602743128 ], [ 9.909922241527795, 9.914800553842383 ], [ 9.910970965240324, 9.913324209839288 ], [ 9.912386046201846, 9.902993544820049 ], [ 9.914519429651364, 9.902852299724088 ], [ 9.915874203571889, 9.901868917055936 ], [ 9.916872459250158, 9.898778264955979 ], [ 9.917722314827586, 9.896653259512163 ], [ 9.923147203513508, 9.897162685858291 ], [ 9.931774978375699, 9.901447465769593 ], [ 9.940197447098399, 9.908592326624159 ], [ 9.956986144505493, 9.920176734495215 ], [ 9.960973637214806, 9.924889184697122 ], [ 9.965195858083632, 9.927510699478319 ], [ 9.968567505374494, 9.932404438803417 ], [ 9.97589653835422, 9.941689290112038 ], [ 9.983642351617164, 9.947125600805748 ], [ 9.98649450855504, 9.949162324189558 ], [ 9.987432448192351, 9.951448735743099 ], [ 9.986066685264348, 9.954008269482188 ], [ 9.978769918306568, 9.956630200263646 ], [ 9.972705557186089, 9.965448943255581 ], [ 9.974564846449425, 9.968226187142591 ], [ 9.978697097257054, 9.969958528319637 ], [ 9.987378219155516, 9.975276449932892 ], [ 9.992892386902099, 9.977991842777897 ], [ 9.999357277294678, 9.98276713602246 ], [ 10.002399577361814, 9.986886938821669 ], [ 10.006118877888866, 9.992416269578598 ], [ 10.011414117486765, 9.998465838689015 ], [ 10.01295037453059, 10.012708223366019 ], [ 10.013199938700154, 10.02187152959209 ], [ 10.01698072426899, 10.024579604432063 ], [ 10.018109703036089, 10.023526371716457 ], [ 10.019179260762826, 10.023935962994756 ], [ 10.019832881206924, 10.02411150211401 ], [ 10.020427079610613, 10.022999755358626 ], [ 10.023338656588919, 10.020893277927371 ], [ 10.023885823960711, 10.020311598532146 ], [ 10.026226968551384, 10.022382971939578 ], [ 10.033000841153921, 10.026666107849792 ], [ 10.03969597170294, 10.028391114021815 ], [ 10.043981964615057, 10.026715908883602 ], [ 10.050191347834073, 10.02305886439882 ], [ 10.052537251427964, 10.018678863422792 ], [ 10.055123203185019, 10.015100990991812 ], [ 10.056965220436609, 10.009746872353958 ], [ 10.061645795616812, 10.003824900330244 ], [ 10.069525602970771, 10.002058825130291 ], [ 10.073684997796875, 10.001941792050729 ], [ 10.076326784591856, 10.005370020380099 ], [ 10.079262115586289, 10.006201790945227 ], [ 10.083896869735383, 10.006318823024742 ], [ 10.090314224095664, 10.011819287762023 ], [ 10.087640326278859, 10.014803542789707 ], [ 10.086095409229188, 10.018197369095674 ], [ 10.081817172322303, 10.020537916685953 ], [ 10.081817172322303, 10.023112501435264 ], [ 10.078786756263298, 10.025218963866507 ], [ 10.076537154734808, 10.026693479868356 ], [ 10.076295763570783, 10.0314517861014 ], [ 10.078316041943481, 10.034377350089187 ], [ 10.08235659668884, 10.03812203263351 ], [ 10.080395739356504, 10.042802824813919 ], [ 10.08283195701182, 10.046839954556958 ], [ 10.088298589726151, 10.052983315731069 ], [ 10.09305130195537, 10.059232509977107 ], [ 10.098762168835663, 10.069062304655972 ], [ 10.096794747498905, 10.071031843994206 ], [ 10.096063165001794, 10.071734931471894 ], [ 10.093856625502553, 10.083135615218168 ], [ 10.094483596928569, 10.085932937118798 ], [ 10.094622808023132, 10.089897144812255 ], [ 10.106346641988921, 10.103285354908962 ], [ 10.134936478414375, 10.105312014285971 ], [ 10.139891865781351, 10.106017152765048 ], [ 10.144811836124234, 10.108193272243625 ], [ 10.149517895321765, 10.109386621054455 ], [ 10.153297001889484, 10.109948196436051 ], [ 10.158334011311922, 10.11294234647039 ], [ 10.162274397989222, 10.118538838272968 ], [ 10.170494023574065, 10.131472296060622 ], [ 10.176234868474694, 10.141297160736201 ], [ 10.178510331020789, 10.145496157589207 ], [ 10.189493309483169, 10.157818926961966 ], [ 10.19117480262571, 10.159704481243068 ], [ 10.189806594696051, 10.160196751577587 ], [ 10.185837897999534, 10.161120943205503 ], [ 10.178543267043153, 10.17215952170568 ], [ 10.177965684650701, 10.178152376777575 ], [ 10.177926733624247, 10.178326371895764 ], [ 10.17808985973511, 10.178652706117532 ], [ 10.179889076957579, 10.183942560711728 ], [ 10.180291264230846, 10.191332279732706 ], [ 10.183164071182773, 10.191574125897034 ], [ 10.18893211610191, 10.192555152563557 ], [ 10.194508369890684, 10.190845073401647 ], [ 10.201642639738111, 10.20018399774699 ], [ 10.207034093401319, 10.200138065715805 ], [ 10.209394229004943, 10.207298967581323 ], [ 10.202451135287447, 10.213258141630263 ], [ 10.204770238863148, 10.219955236180624 ], [ 10.203895559268858, 10.224174813047625 ], [ 10.214954180782684, 10.231787139219875 ], [ 10.219116810610956, 10.229729914822087 ], [ 10.234655944169106, 10.229837216894964 ], [ 10.241938108116983, 10.226978322952505 ], [ 10.246850032454404, 10.228254189819381 ], [ 10.248631479664823, 10.238635130872751 ], [ 10.253305869840858, 10.254128259399579 ], [ 10.25291338157416, 10.259054586746799 ], [ 10.25412554939777, 10.259183220834188 ], [ 10.254921775938783, 10.259335241937492 ], [ 10.255753654503962, 10.259662674159983 ], [ 10.256811330222604, 10.260188901517552 ], [ 10.25673509117081, 10.26427974029707 ], [ 10.256792134209604, 10.26674946097512 ], [ 10.257419607635939, 10.26916303261504 ], [ 10.258788643566106, 10.271295941064238 ], [ 10.260157679496331, 10.272979807208344 ], [ 10.261583757465246, 10.27415850700919 ], [ 10.262781663279213, 10.27578622911517 ], [ 10.264264784286922, 10.275673972038931 ], [ 10.265576777178353, 10.275561715962624 ], [ 10.266888769069794, 10.276010741267726 ], [ 10.268200760961236, 10.27713330203045 ], [ 10.270368400433995, 10.277470070259255 ], [ 10.271623349286699, 10.278311986831284 ], [ 10.272364909790554, 10.279546794670296 ], [ 10.274190290030788, 10.279434539594035 ], [ 10.27505279561683, 10.279752787810253 ], [ 10.275559324961023, 10.279939687937258 ], [ 10.277156533046252, 10.279827432860998 ], [ 10.278924870247749, 10.279771304822873 ], [ 10.279951645945403, 10.280108070051654 ], [ 10.281085972716085, 10.279523076654186 ], [ 10.281798418200196, 10.279167934412897 ], [ 10.283010585023817, 10.279553810675054 ], [ 10.283153192120665, 10.278746977126843 ], [ 10.283224496169112, 10.278010299626317 ], [ 10.283794927556698, 10.278361098864707 ], [ 10.284058082735498, 10.278914573240741 ], [ 10.284579271089626, 10.279483651627402 ], [ 10.285149702477213, 10.279132854389047 ], [ 10.286112305131269, 10.278746977126843 ], [ 10.286896647664207, 10.2785715780077 ], [ 10.287645339172911, 10.27762442236417 ], [ 10.287465860050929, 10.276834960827728 ], [ 10.287645339172911, 10.276256302434547 ], [ 10.288367662663688, 10.276284629453812 ], [ 10.288855884995371, 10.275986688251407 ], [ 10.288928810044922, 10.275344218814837 ], [ 10.288857505996475, 10.274747855409657 ], [ 10.290087050831914, 10.274303264107573 ], [ 10.291157490559215, 10.274582110297047 ], [ 10.291947342095909, 10.274490600234856 ], [ 10.292389680396468, 10.273830151786115 ], [ 10.29292182875804, 10.273227708376794 ], [ 10.293835342378713, 10.272947917186684 ], [ 10.294399206761796, 10.272791347080272 ], [ 10.294665407942716, 10.272604250953179 ], [ 10.294798509033114, 10.272061671584538 ], [ 10.294912595110645, 10.271294577063316 ], [ 10.295064710213978, 10.270639737618353 ], [ 10.295368940420701, 10.270265544364122 ], [ 10.295844299743692, 10.270302963389554 ], [ 10.296528817208809, 10.270508769529386 ], [ 10.297232348686805, 10.27062102860566 ], [ 10.298011939216508, 10.270901673796345 ], [ 10.29827303539389, 10.270945968826425 ], [ 10.29856335559117, 10.270995221859891 ], [ 10.299133786978757, 10.271144899961598 ], [ 10.299818305443864, 10.271032641885313 ], [ 10.300293663766809, 10.270770705707378 ], [ 10.300502821908935, 10.270377802440407 ], [ 10.300730995063986, 10.269872640097162 ], [ 10.301225369399901, 10.270003608186187 ], [ 10.30160565565825, 10.26985393008448 ], [ 10.301510583593654, 10.269442314804792 ], [ 10.301529598606578, 10.268862312410704 ], [ 10.301814813800377, 10.268544245194619 ], [ 10.302921854552551, 10.268807780373663 ], [ 10.303840925177042, 10.269286998699272 ], [ 10.304838099854578, 10.269722961995456 ], [ 10.305921919590958, 10.270190705313269 ], [ 10.306929682275666, 10.270546189554807 ], [ 10.307690256792455, 10.271126189948916 ], [ 10.308089559063774, 10.271631351292115 ], [ 10.308260689180031, 10.272117800622652 ], [ 10.308431818296299, 10.272510702889633 ], [ 10.308736047503032, 10.272753928054897 ], [ 10.309268450864749, 10.272697799016726 ], [ 10.309781839213599, 10.272510702889633 ], [ 10.310542413730388, 10.272230058698938 ], [ 10.3114551043505, 10.271949414508242 ], [ 10.311892434647632, 10.271556512241261 ], [ 10.31221125486428, 10.271319778080453 ], [ 10.312672024177346, 10.270995221859891 ], [ 10.313147383500336, 10.270658447631092 ], [ 10.313565699784533, 10.270546189554807 ], [ 10.313968687058377, 10.270848504760238 ], [ 10.314387003342574, 10.271260118039891 ], [ 10.314691232549308, 10.271653020306871 ], [ 10.3148813766785, 10.272176889662774 ], [ 10.314748275588045, 10.272700759018733 ], [ 10.314425032368433, 10.273056240260303 ], [ 10.314291931277978, 10.273430430514509 ], [ 10.314139816174645, 10.273729783717897 ], [ 10.314387003342574, 10.273954297870489 ], [ 10.314900391691424, 10.273823330781454 ], [ 10.315358674002823, 10.273947368865777 ], [ 10.315660967208203, 10.274234940061149 ], [ 10.316250411608678, 10.274160102010285 ], [ 10.316744785944593, 10.274047845934035 ], [ 10.317422335404956, 10.274151580004514 ], [ 10.317828605680972, 10.274534292264548 ], [ 10.317776776645758, 10.274832990467473 ], [ 10.317904662732701, 10.275488473912844 ], [ 10.317999734797297, 10.276068465306935 ], [ 10.318246921965226, 10.276517489612047 ], [ 10.318665238249423, 10.276798129802728 ], [ 10.319159611585349, 10.276854257840853 ], [ 10.319639858911671, 10.277090060001058 ], [ 10.32007230220546, 10.277265863120533 ], [ 10.320215303302632, 10.277581828335201 ], [ 10.32032424337666, 10.278069426666491 ], [ 10.320403504430544, 10.278167968733442 ], [ 10.320569510543294, 10.278374357873702 ], [ 10.320938597794111, 10.27852699997743 ], [ 10.321381918095312, 10.278619011039893 ], [ 10.321904813450601, 10.278548850992252 ], [ 10.322467305832788, 10.278441357919235 ], [ 10.323283355387218, 10.278502077960468 ], [ 10.323925090823252, 10.278513771968392 ], [ 10.324566826259286, 10.278665784071677 ], [ 10.325161024663032, 10.279016582310078 ], [ 10.325600732961789, 10.279390765564301 ], [ 10.325992904228258, 10.279683096762938 ], [ 10.326396959502802, 10.279800028842374 ], [ 10.326979274898463, 10.279928653929744 ], [ 10.327454635221443, 10.280010506985377 ], [ 10.328108253665562, 10.279870187890026 ], [ 10.328702453069241, 10.279683096762938 ], [ 10.329011437279178, 10.279367378548386 ], [ 10.329177813392278, 10.278946422262379 ], [ 10.329510563618328, 10.278689171087592 ], [ 10.329985923941308, 10.278490384952534 ], [ 10.330342443183554, 10.278314985833333 ], [ 10.330841570522693, 10.278081119674425 ], [ 10.33141200191028, 10.278010960626773 ], [ 10.331994318305931, 10.278069426666491 ], [ 10.332731124806571, 10.278209745761842 ], [ 10.333028224008444, 10.278022653634707 ], [ 10.333563004371797, 10.278034346642642 ], [ 10.333857919572154, 10.278347014855115 ], [ 10.334218015816816, 10.278728786114527 ], [ 10.334644446106552, 10.278911343238519 ], [ 10.335084154405308, 10.27912182138158 ], [ 10.335357485591032, 10.279063355341805 ], [ 10.33566646880098, 10.278887956222661 ], [ 10.336011105035141, 10.278829490182943 ], [ 10.33651023237428, 10.278782717151159 ], [ 10.337282690899144, 10.278806103167028 ], [ 10.337793703246348, 10.278712557103461 ], [ 10.338269061569349, 10.278689171087592 ], [ 10.338673117843882, 10.278560545000175 ], [ 10.338910798005372, 10.278385145881032 ], [ 10.33932673728799, 10.278279905809541 ], [ 10.33965948851403, 10.278057733658557 ], [ 10.340194267877393, 10.277987573610915 ], [ 10.340752815256906, 10.277975880602924 ], [ 10.341358898668716, 10.278034346642642 ], [ 10.34163222985444, 10.277835560507583 ], [ 10.342036286128973, 10.277858947523498 ], [ 10.342297734306612, 10.27810450669034 ], [ 10.342689904573092, 10.278069426666491 ], [ 10.342998888783029, 10.277999266618849 ], [ 10.343331641009115, 10.278279905809541 ], [ 10.343937724420925, 10.278548850992252 ], [ 10.344246706630884, 10.278595625024025 ], [ 10.344472502784299, 10.278771024143225 ], [ 10.344745834970013, 10.278829490182943 ], [ 10.344900327074981, 10.278724251111441 ], [ 10.345066703188024, 10.278560545000175 ], [ 10.345446990446419, 10.278864570206792 ], [ 10.346416784105315, 10.279194931431221 ], [ 10.346861941407781, 10.279216979446232 ], [ 10.347384079762548, 10.279227060453081 ], [ 10.347788135037092, 10.279285527492789 ], [ 10.348120887263178, 10.279145208397438 ], [ 10.348667549634627, 10.279098435365654 ], [ 10.34930928607065, 10.279227060453081 ], [ 10.349725225353268, 10.279145208397438 ], [ 10.350141164635886, 10.279203674437156 ], [ 10.350580871934596, 10.279250447468939 ], [ 10.350825225100664, 10.279561082680004 ], [ 10.350818552096143, 10.279858494882092 ], [ 10.350711596023416, 10.28008066603303 ], [ 10.350806668088069, 10.280372997231666 ], [ 10.351115652298006, 10.2807471794859 ], [ 10.351329563443301, 10.281086280716295 ], [ 10.351697966693621, 10.281238291819591 ], [ 10.352268398081208, 10.28143707595467 ], [ 10.352826946460709, 10.281554008034107 ], [ 10.353409260856381, 10.281717712145337 ], [ 10.353979692243968, 10.28160078106589 ], [ 10.354383747518511, 10.281530622018238 ], [ 10.3549066428738, 10.281612474073825 ], [ 10.355286931132184, 10.281822950216849 ], [ 10.355584030334057, 10.282021734351929 ], [ 10.355952433584321, 10.282314061550551 ], [ 10.356285185810464, 10.282489458669716 ], [ 10.356641705052652, 10.282547924709434 ], [ 10.356938805254515, 10.282302368542616 ], [ 10.357342859529069, 10.282278982526691 ] ] ] ] } }
]
}
