{
"type": "FeatureCollection",
"name": "Ondo",
"crs": { "type": "name", "properties": { "name": "urn:ogc:def:crs:OGC:1.3:CRS84" } },
"features": [
{ "type": "Feature", "properties": { "fid": 1.0, "OBJECTID": 1.0, "lganame": "Okitipupa", "statecode": "ON", "LGA_UID": "28_14" }, "geometry": { "type": "MultiPolygon", "coordinates": [ [ [ [ 4.867969989758194, 6.586525917436177 ], [ 4.868943691419759, 6.578221320793602 ], [ 4.869911671077489, 6.570839404777928 ], [ 4.869025707475487, 6.563447951755791 ], [ 4.869061946500153, 6.556984425364135 ], [ 4.870004177140345, 6.55421972348563 ], [ 4.869102954527989, 6.549597740345234 ], [ 4.868216990926044, 6.542206287323097 ], [ 4.868247508946752, 6.536665915558672 ], [ 4.865497112078003, 6.53111076378417 ], [ 4.862740993205307, 6.526478766636956 ], [ 4.857218742453199, 6.51906108859697 ], [ 4.852603436317338, 6.515342236070239 ], [ 4.848920344814871, 6.510704993919433 ], [ 4.843388081055934, 6.505134106134278 ], [ 4.839704989553468, 6.500496863983471 ], [ 4.836032391058097, 6.49401283257788 ], [ 4.83420896481914, 6.488462924806981 ], [ 4.831463336953618, 6.481984138404925 ], [ 4.829649924721537, 6.474586964378943 ], [ 4.827821255479023, 6.469960213235254 ], [ 4.827836514489377, 6.467190266353214 ], [ 4.828789711137063, 6.462578773219946 ], [ 4.831596851044367, 6.457977295093428 ], [ 4.837195872848611, 6.451544761722801 ], [ 4.840930462386098, 6.446948527599886 ], [ 4.851180553350559, 6.437771797364746 ], [ 4.854925631895185, 6.431329249987357 ], [ 4.853086471645554, 6.428548813098189 ], [ 4.848471164509647, 6.424829959571355 ], [ 4.842933654747185, 6.420182228413466 ], [ 4.840167521867727, 6.417397021521026 ], [ 4.835546969728284, 6.414601325621504 ], [ 4.826295853442559, 6.410856724077235 ], [ 4.816112040523137, 6.408030033156592 ], [ 4.806855679233877, 6.405208588239589 ], [ 4.786478043388229, 6.401402472653501 ], [ 4.779070854355382, 6.399514675370824 ], [ 4.770731448689162, 6.398544787711842 ], [ 4.764251232286199, 6.396662235432757 ], [ 4.757766246879953, 6.395703315781191 ], [ 4.75221347810708, 6.393825530505296 ], [ 4.745723247697299, 6.393789768481042 ], [ 4.737378120027131, 6.393743515449614 ], [ 4.73088788961735, 6.393707752425314 ], [ 4.726252079467542, 6.393682003407775 ], [ 4.722548484951119, 6.392737864766332 ], [ 4.716990471174711, 6.391783714117992 ], [ 4.709562778127918, 6.393589497344976 ], [ 4.70584392460114, 6.395415305585516 ], [ 4.700270175814069, 6.397231101819273 ], [ 4.695619105653861, 6.39997577668413 ], [ 4.690967560493334, 6.402719974548688 ], [ 4.687243461963021, 6.405469418416772 ], [ 4.682587146799278, 6.409137248908905 ], [ 4.677003384005332, 6.412799358397137 ], [ 4.670492648581615, 6.416456698882143 ], [ 4.664903640784132, 6.421042918998239 ], [ 4.661174774250583, 6.424715519493645 ], [ 4.658377647350051, 6.427470207365275 ], [ 4.655575275445983, 6.431148051864227 ], [ 4.652773379542225, 6.434825897363169 ], [ 4.649034023001491, 6.440345287113303 ], [ 4.647153853723978, 6.444952011243345 ], [ 4.643414021182991, 6.450471400993536 ], [ 4.64247655854598, 6.452312946244774 ], [ 4.641533851905479, 6.455077648123279 ], [ 4.638726710998185, 6.459679127249728 ], [ 4.634997368464269, 6.463351726745088 ], [ 4.629419326674224, 6.466090678606122 ], [ 4.626627444777284, 6.467922210850531 ], [ 4.62475728950659, 6.470681666725454 ], [ 4.623804568859271, 6.475293158858733 ], [ 4.621007441958739, 6.478047847730409 ], [ 4.620065212318536, 6.480813025609223 ], [ 4.618190289044605, 6.48449564011139 ], [ 4.609819889357311, 6.489066124216833 ], [ 4.608882426720356, 6.490907669468072 ], [ 4.605220795232469, 6.492155075315623 ], [ 4.606054305798807, 6.499202251103839 ], [ 4.60417461352165, 6.503808975233881 ], [ 4.599482059333241, 6.51393985711735 ], [ 4.597601891055774, 6.518546104247093 ], [ 4.59479475014848, 6.5231475833736 ], [ 4.588248729700751, 6.532358645632087 ], [ 4.588255881705606, 6.536082745162389 ], [ 4.589108467284916, 6.545276642409249 ], [ 4.589077473263842, 6.550816536173329 ], [ 4.589046478242778, 6.556356429937409 ], [ 4.589021206225596, 6.56097316707428 ], [ 4.589912414831133, 6.567441463469208 ], [ 4.59265279769312, 6.574843884498762 ], [ 4.59447622293203, 6.580394268270027 ], [ 4.595387935551514, 6.583168983155304 ], [ 4.596299648170941, 6.585944176040925 ], [ 4.597206592787188, 6.589643001554066 ], [ 4.59811306040308, 6.593341351066954 ], [ 4.599009514012209, 6.598886489834626 ], [ 4.599905967621282, 6.604431628602242 ], [ 4.600807190233638, 6.609053134742339 ], [ 4.600776672212874, 6.614593505506775 ], [ 4.600756168198984, 6.618286610016071 ], [ 4.598875998921471, 6.622892857145814 ], [ 4.596985339636831, 6.629345893530342 ], [ 4.595120907370074, 6.631182670778344 ], [ 4.592308521459188, 6.636706828531771 ], [ 4.589511394558656, 6.639461517403447 ], [ 4.586719512661716, 6.641293048647867 ], [ 4.58254241882355, 6.642193317259569 ], [ 4.585761547010804, 6.646827698408401 ], [ 4.588522910887036, 6.650536536928371 ], [ 4.593132973019351, 6.655179024082713 ], [ 4.595893859895227, 6.658887385602384 ], [ 4.599571705394169, 6.664448261380755 ], [ 4.602333069270401, 6.668157100900714 ], [ 4.608766555641637, 6.678349494825966 ], [ 4.611532687521105, 6.681135177718716 ], [ 4.615180015999272, 6.692235470260869 ], [ 4.618837357484267, 6.7014894485485 ], [ 4.620660781723188, 6.707039833319698 ], [ 4.622479438958919, 6.713513373718172 ], [ 4.625225066824441, 6.719991684119918 ], [ 4.628897667319791, 6.72647571552551 ], [ 4.633477211431398, 6.736658096443932 ], [ 4.638102530574031, 6.738530635716245 ], [ 4.643676281361138, 6.736714840482477 ], [ 4.649234295137546, 6.737668991130818 ], [ 4.664084435227551, 6.734981060304449 ], [ 4.676147938424151, 6.733201027095049 ], [ 4.688217162624596, 6.730497837258326 ], [ 4.700270175814069, 6.730564594303701 ], [ 4.713235377623278, 6.73340654423464 ], [ 4.715110301897198, 6.729723453732163 ], [ 4.719777107068069, 6.724209308985564 ], [ 4.724449158242521, 6.717771529611412 ], [ 4.728183745780029, 6.713175297488476 ], [ 4.732855319954126, 6.706737995114622 ], [ 4.735667705865012, 6.701213360360896 ], [ 4.737558365149596, 6.694760322976379 ], [ 4.739443302430345, 6.68923044221907 ], [ 4.742250443337696, 6.684628963092564 ], [ 4.74414110162229, 6.678175925708047 ], [ 4.746020793899447, 6.673569678578303 ], [ 4.747906208180495, 6.66804027582134 ], [ 4.75164556472123, 6.662520409070851 ], [ 4.757244586525474, 6.656088351700589 ], [ 4.762838840326538, 6.650578975957217 ], [ 4.765651226237424, 6.645054340203501 ], [ 4.769390582778101, 6.63953495045331 ], [ 4.777781487479331, 6.631270884838273 ], [ 4.78337526328005, 6.625761986095256 ], [ 4.788047314454502, 6.619324206721103 ], [ 4.788990021095003, 6.616559504842598 ], [ 4.791797161002307, 6.611958026716081 ], [ 4.797396182806608, 6.6055254943455 ], [ 4.802088736994961, 6.595394611462041 ], [ 4.811422348336748, 6.584365844968488 ], [ 4.816052914482952, 6.585315227613592 ], [ 4.819751262995851, 6.587182044882013 ], [ 4.827163696032244, 6.588146686537414 ], [ 4.835503100698475, 6.589116096196108 ], [ 4.845707416631797, 6.588249206607088 ], [ 4.854057312305201, 6.58737230301125 ], [ 4.861479759348413, 6.586490154411877 ], [ 4.867969989758194, 6.586525917436177 ] ] ] ] } },
{ "type": "Feature", "properties": { "fid": 43.0, "OBJECTID": 43.0, "lganame": "Ile Oluji\/Okeigbo", "statecode": "ON", "LGA_UID": "28_01" }, "geometry": { "type": "MultiPolygon", "coordinates": [ [ [ [ 5.035132885337532, 7.372309208339004 ], [ 5.036080836981625, 7.368620871832945 ], [ 5.038903712899639, 7.361249446824388 ], [ 5.039490017297965, 7.359247818464382 ], [ 5.040793896183914, 7.35479641043986 ], [ 5.042684078468199, 7.348343372055353 ], [ 5.04270982748568, 7.343726634918482 ], [ 5.042750834513583, 7.336340426899881 ], [ 5.041870116915163, 7.328024864249869 ], [ 5.040973663306033, 7.322479725482196 ], [ 5.041931628956945, 7.316945075721662 ], [ 5.042894839611392, 7.310486794333599 ], [ 5.04294109264282, 7.302176951687443 ], [ 5.042059898044101, 7.29386186603773 ], [ 5.042090893065165, 7.288321972273593 ], [ 5.040272235829491, 7.281848430875129 ], [ 5.0403084748541, 7.275384903483484 ], [ 5.038495063621951, 7.267987728457456 ], [ 5.038526057643026, 7.262447833693329 ], [ 5.036707401407341, 7.255974293294912 ], [ 5.034899712179083, 7.247653960641628 ], [ 5.033091067950181, 7.239333629988323 ], [ 5.032186985335898, 7.235174656162485 ], [ 5.032220364358579, 7.231300353530116 ], [ 5.029454708479477, 7.226386547191396 ], [ 5.025781630983772, 7.219902514785815 ], [ 5.022109032488402, 7.213418961380569 ], [ 5.01473236147632, 7.205991268333776 ], [ 5.01196098259328, 7.204129219068591 ], [ 5.007340431453883, 7.201333523169069 ], [ 5.003284290697877, 7.200154798368146 ], [ 5.000860691051173, 7.199450492889639 ], [ 4.99067688013173, 7.196624278969352 ], [ 4.980498791216235, 7.19287443242149 ], [ 4.968455315033225, 7.190960884121353 ], [ 4.956407069847046, 7.189970970448712 ], [ 4.947140693550978, 7.188996314786493 ], [ 4.937868595251018, 7.18894481675153 ], [ 4.924893379434934, 7.187949657075364 ], [ 4.918407917028389, 7.186990261423489 ], [ 4.91099071498877, 7.186949253395596 ], [ 4.906354426838618, 7.186923504378115 ], [ 4.900791645058973, 7.186892509357051 ], [ 4.892441750385615, 7.187769889953188 ], [ 4.884097098715813, 7.18772363692176 ], [ 4.879802454797812, 7.187310805641289 ], [ 4.877411574173323, 7.187080978485142 ], [ 4.877082752949889, 7.187049369463637 ], [ 4.873620912597744, 7.165434007777037 ], [ 4.868622765201735, 7.134226094572682 ], [ 4.869293616657558, 7.132413254340975 ], [ 4.879837032821285, 7.103921823982375 ], [ 4.879928588883502, 7.103674411814268 ], [ 4.879149642354264, 7.103646744795469 ], [ 4.817772234651159, 7.101466732314236 ], [ 4.781657077112641, 7.100571829706212 ], [ 4.721846310474007, 7.099089771699255 ], [ 4.680443688342905, 7.090523712879019 ], [ 4.670071367295407, 7.0897063163236 ], [ 4.655585176452689, 7.088564722547972 ], [ 4.630603313478673, 7.086596012210293 ], [ 4.625972271332103, 7.085647105565556 ], [ 4.621336460182306, 7.085621356548074 ], [ 4.616705418035735, 7.084672450903327 ], [ 4.618534088278238, 7.089299202047016 ], [ 4.621295452154413, 7.093008040566986 ], [ 4.624968051649773, 7.099492072972566 ], [ 4.626796721892276, 7.104118824116256 ], [ 4.6304798133948, 7.108756065267016 ], [ 4.635089873527079, 7.113398552421359 ], [ 4.639710425666522, 7.116194248320937 ], [ 4.644325732802429, 7.119913100847725 ], [ 4.64802408231526, 7.121780396116435 ], [ 4.652644634454759, 7.124576092016014 ], [ 4.656338214964364, 7.127366542911943 ], [ 4.659104346843776, 7.130151748804394 ], [ 4.662802696356664, 7.132019043073115 ], [ 4.665574074239657, 7.133881092338299 ], [ 4.669262408745738, 7.137595176861851 ], [ 4.672955513255033, 7.140385627757837 ], [ 4.673872470878052, 7.142237663016203 ], [ 4.674789428501072, 7.14408922227426 ], [ 4.671987056597004, 7.147767066773156 ], [ 4.670107365319836, 7.152373790903198 ], [ 4.669154166672172, 7.156985283036533 ], [ 4.668217182035562, 7.158826828287772 ], [ 4.669123649651453, 7.162525176800614 ], [ 4.67188453652733, 7.166234016320573 ], [ 4.675593376047345, 7.166254520334519 ], [ 4.683927535709984, 7.168147086620422 ], [ 4.687646866237117, 7.166321278379883 ], [ 4.691360473760312, 7.165418147766218 ], [ 4.698793410810651, 7.162689685912369 ], [ 4.70343446696404, 7.161791801302286 ], [ 4.706211089850626, 7.162730693940262 ], [ 4.70898246773362, 7.164592743205446 ], [ 4.710125205510053, 7.165743360987221 ], [ 4.711748599613088, 7.16737794909784 ], [ 4.715431690115565, 7.172015190248601 ], [ 4.716338157731514, 7.175713538761499 ], [ 4.71816682797396, 7.180340766905488 ], [ 4.719022511555409, 7.186551226125175 ], [ 4.719058036579497, 7.186809063300359 ], [ 4.720881461818465, 7.192359447071567 ], [ 4.720866202808111, 7.195129394953653 ], [ 4.726418971580927, 7.197007179229502 ], [ 4.736561775472467, 7.207220078168689 ], [ 4.7393226623484, 7.210928916688658 ], [ 4.742083549224276, 7.214637280208308 ], [ 4.743917465470361, 7.218340873724742 ], [ 4.746673107342644, 7.222973346872323 ], [ 4.743708347328266, 7.238072392131414 ], [ 4.734695399204384, 7.283973893319285 ], [ 4.754682871784894, 7.361068428701401 ], [ 4.757201693496313, 7.361279109844588 ], [ 4.785308286593477, 7.363630017441892 ], [ 4.795955180827491, 7.364520550046961 ], [ 4.801503180597138, 7.367321490950076 ], [ 4.80612373373657, 7.370117186849598 ], [ 4.814457893399265, 7.372009754135547 ], [ 4.821870327435647, 7.372974395790948 ], [ 4.832064152361852, 7.373954296456759 ], [ 4.834250926847687, 7.374184131612935 ], [ 4.84133100465823, 7.374928951118989 ], [ 4.848743438694669, 7.37589311577409 ], [ 4.853374003840884, 7.376842499419126 ], [ 4.860786437877323, 7.377806664074285 ], [ 4.87098550780712, 7.377863407112841 ], [ 4.875616073953324, 7.378812312757532 ], [ 4.878397464843147, 7.378827571767943 ], [ 4.888607024780072, 7.377037524551668 ], [ 4.89138889267025, 7.377052783562021 ], [ 4.896034717826865, 7.375231743324719 ], [ 4.902530193240239, 7.374344348721763 ], [ 4.909025668653612, 7.373456955118854 ], [ 4.914588928433545, 7.373487949139871 ], [ 4.919224738583409, 7.3735136991574 ], [ 4.930361271150161, 7.371728419944361 ], [ 4.935929297933342, 7.370836258338215 ], [ 4.943352221976852, 7.369954108738796 ], [ 4.947982788123113, 7.370903015383533 ], [ 4.95261383126973, 7.371851921028281 ], [ 4.957239151412409, 7.373723984300284 ], [ 4.960947989932379, 7.373744488314173 ], [ 4.964656830452384, 7.373765469328475 ], [ 4.969287394598609, 7.374714374973166 ], [ 4.974850655378589, 7.37474536899424 ], [ 4.97948169652517, 7.375694274638988 ], [ 4.985039234301269, 7.376648426287318 ], [ 4.989670277447829, 7.377597331932009 ], [ 4.993363379957088, 7.380388259828351 ], [ 4.997051716463147, 7.384101868351536 ], [ 4.999823093346208, 7.385963916616731 ], [ 5.003516673855813, 7.388754367512718 ], [ 5.006279944733308, 7.392001628719072 ], [ 5.012778282148645, 7.390652179802203 ], [ 5.01742410730526, 7.38883161456522 ], [ 5.022075653465777, 7.386086940700295 ], [ 5.0257997509961, 7.383337497832201 ], [ 5.030450821156307, 7.380593299967643 ], [ 5.032325745430228, 7.376910210465155 ], [ 5.035132885337532, 7.372309208339004 ] ] ] ] } },
{ "type": "Feature", "properties": { "fid": 123.0, "OBJECTID": 123.0, "lganame": "Ese Odo", "statecode": "ON", "LGA_UID": "28_08" }, "geometry": { "type": "MultiPolygon", "coordinates": [ [ [ [ 5.015618801078631, 6.292353152559599 ], [ 5.021533012097052, 6.285357474806403 ], [ 5.029640197605488, 6.279189109615288 ], [ 5.035061359288932, 6.278010367814375 ], [ 5.037746906113625, 6.277426720417793 ], [ 5.041041851352361, 6.274275303276568 ], [ 5.047968864058987, 6.26491355891568 ], [ 5.049030303780171, 6.260269164760075 ], [ 5.049714088244741, 6.251429557753966 ], [ 5.05344819978194, 6.246833323631051 ], [ 5.057486056525477, 6.247641563180196 ], [ 5.060573100622946, 6.248004913427053 ], [ 5.063478469597044, 6.248346805659367 ], [ 5.066298007512785, 6.245526790743327 ], [ 5.069470405668255, 6.242530822707693 ], [ 5.073347569302598, 6.239534854672058 ], [ 5.073347569302598, 6.23477602043863 ], [ 5.072933674021385, 6.231186389999664 ], [ 5.073736190566649, 6.228851795413448 ], [ 5.075851440003873, 6.226736545976223 ], [ 5.078811169014841, 6.222615719176304 ], [ 5.077929974416122, 6.220148087499638 ], [ 5.074545860116814, 6.217686175826884 ], [ 5.075622558848352, 6.213434218937891 ], [ 5.081807613050785, 6.218033314062779 ], [ 5.085182667343986, 6.216088294741212 ], [ 5.087235927739073, 6.214525699679541 ], [ 5.086137771992924, 6.207841873138193 ], [ 5.088472365579207, 6.204339980758789 ], [ 5.089201927074896, 6.201057433528433 ], [ 5.092422962263413, 6.198280333641549 ], [ 5.095841407586136, 6.197087764831281 ], [ 5.098225594206042, 6.198143481548584 ], [ 5.099816799287225, 6.202176094288518 ], [ 5.10315608955608, 6.202176094288518 ], [ 5.104825496690353, 6.200029372829931 ], [ 5.109939575165129, 6.195427894703471 ], [ 5.112825871126233, 6.195474147734899 ], [ 5.113859652828637, 6.199817180685784 ], [ 5.115489959936383, 6.206108569960463 ], [ 5.117625237387188, 6.206946372529728 ], [ 5.119923591948805, 6.207008838572165 ], [ 5.122467994677606, 6.205872058799798 ], [ 5.122395038628042, 6.201276301677183 ], [ 5.127111911832969, 6.197025298788787 ], [ 5.128687381903433, 6.193888186657318 ], [ 5.128687381903433, 6.189658641783524 ], [ 5.131330966699579, 6.188953400304342 ], [ 5.133265018013674, 6.188217639804407 ], [ 5.135913371813103, 6.186662196747591 ], [ 5.135737418693566, 6.182256221753903 ], [ 5.13203620917875, 6.18084621379586 ], [ 5.13714694965131, 6.176264285682691 ], [ 5.137675762010588, 6.173091887527164 ], [ 5.133446217136793, 6.172210692928445 ], [ 5.135050774227011, 6.169816971302055 ], [ 5.126955985727022, 6.163946629313386 ], [ 5.119040489348777, 6.149993419832867 ], [ 5.101120949173321, 6.124878882768712 ], [ 5.087879181176163, 6.101302146749447 ], [ 5.075929642057019, 6.078048705949811 ], [ 5.062687874059861, 6.048982143200419 ], [ 5.052999020476705, 6.027666091717208 ], [ 5.041731833821189, 6.005086422375371 ], [ 5.024065970818071, 6.024079800280504 ], [ 5.022016525425556, 6.025845528480204 ], [ 5.007336140450946, 6.041242122941469 ], [ 4.970187187210001, 6.07814455001494 ], [ 4.965347766921809, 6.082910538253202 ], [ 4.931758404099412, 6.120582103849245 ], [ 4.928951263192118, 6.125183104975406 ], [ 4.925211905651395, 6.130702971725896 ], [ 4.921477318113887, 6.135298728848511 ], [ 4.918670177206593, 6.139900207975018 ], [ 4.914013386042541, 6.143568039467141 ], [ 4.903763294078033, 6.152744769702281 ], [ 4.900028705540592, 6.157340526824896 ], [ 4.893492222099326, 6.165614605446706 ], [ 4.886970996668481, 6.171118736186543 ], [ 4.883236885131339, 6.175714970309457 ], [ 4.877637863327038, 6.182147502680039 ], [ 4.872048854529567, 6.186733245795836 ], [ 4.866449832725323, 6.193165779166463 ], [ 4.860850810921022, 6.199598311537045 ], [ 4.853392123853212, 6.20694398852811 ], [ 4.849652767312477, 6.21246337927829 ], [ 4.846840382401638, 6.217988014032017 ], [ 4.844032764493988, 6.222589016158167 ], [ 4.84123086859023, 6.226267337657418 ], [ 4.839350700312707, 6.230873584787162 ], [ 4.837465763032014, 6.236402987544125 ], [ 4.835580348750966, 6.241932869301422 ], [ 4.834632874107172, 6.245621203807445 ], [ 4.8346071240897, 6.250237941944306 ], [ 4.834576130068626, 6.255777835708386 ], [ 4.833633423428125, 6.258542537586891 ], [ 4.832690715787578, 6.261307240465385 ], [ 4.833597660403825, 6.265006064978536 ], [ 4.834488869009363, 6.271474361373464 ], [ 4.837244510881646, 6.276106357520689 ], [ 4.839078426127742, 6.279809952037112 ], [ 4.84091234237377, 6.28351354555349 ], [ 4.843673229249703, 6.287222385073505 ], [ 4.846434593125878, 6.290931224593464 ], [ 4.850122451631648, 6.294645309117016 ], [ 4.853810787137661, 6.298358916640268 ], [ 4.856571674013594, 6.302067757160216 ], [ 4.85841560426644, 6.303924561421866 ], [ 4.860254764516071, 6.306704998311034 ], [ 4.864854812641568, 6.313193797719862 ], [ 4.866688727887663, 6.316897392236285 ], [ 4.868517399130155, 6.321524620380274 ], [ 4.869423865746057, 6.325222968893115 ], [ 4.870325565358712, 6.329844952033511 ], [ 4.870309830347992, 6.332614898915551 ], [ 4.869351863697091, 6.338149547676096 ], [ 4.865612507156413, 6.343668938426276 ], [ 4.860960959995907, 6.346413136290835 ], [ 4.858164310095674, 6.349167824162521 ], [ 4.856299399828572, 6.351004124410167 ], [ 4.853507518931622, 6.352835654654655 ], [ 4.84977340739448, 6.357431888777569 ], [ 4.849737167369824, 6.363894939168915 ], [ 4.849711418352342, 6.368511677305776 ], [ 4.850613116965008, 6.373133659446182 ], [ 4.851530074588027, 6.374985217704193 ], [ 4.852447033211092, 6.376837253962606 ], [ 4.855207920086968, 6.380545616482266 ], [ 4.857974051966437, 6.383331299374959 ], [ 4.860734939842303, 6.387040137894985 ], [ 4.862579346095515, 6.388896942156578 ], [ 4.864423275348372, 6.39075374641817 ], [ 4.867184162224248, 6.394462584938196 ], [ 4.869018078470333, 6.398166180454609 ], [ 4.869935036093352, 6.400018214712986 ], [ 4.871763706335855, 6.404644965856619 ], [ 4.872670173951747, 6.40834331536945 ], [ 4.873571872564412, 6.412965297509913 ], [ 4.873551368550466, 6.416658401019163 ], [ 4.873536109540112, 6.419428348901249 ], [ 4.873515605526165, 6.423121929410854 ], [ 4.874422073142057, 6.426820277923696 ], [ 4.873479365501566, 6.4295849798022 ], [ 4.869740008960832, 6.43510484655269 ], [ 4.86787509869373, 6.436941146800336 ], [ 4.865088462800315, 6.437849045417238 ], [ 4.87063121756637, 6.441573142947561 ], [ 4.87617874133565, 6.444374083850676 ], [ 4.880799294475082, 6.447169780750244 ], [ 4.886352062247965, 6.449047089025782 ], [ 4.890050410760807, 6.450914383294503 ], [ 4.89930200604681, 6.454658984838773 ], [ 4.90578174644952, 6.456541538117904 ], [ 4.90949058496949, 6.45656204213185 ], [ 4.915980816379317, 6.456598282156449 ], [ 4.923429489440309, 6.451099396420204 ], [ 4.927163600977451, 6.44650316229729 ], [ 4.929038525251372, 6.442820071794813 ], [ 4.929991244898702, 6.438208579661534 ], [ 4.931011199591751, 6.421593666372473 ], [ 4.93475580213601, 6.415151118995084 ], [ 4.936651230423877, 6.407774447982945 ], [ 4.93855190271529, 6.399474621343586 ], [ 4.939489365352244, 6.397633076092347 ], [ 4.943239211900107, 6.390266895087393 ], [ 4.950805664041127, 6.36353158992199 ], [ 4.956430434862909, 6.352482319414548 ], [ 4.961102486037362, 6.346045017040694 ], [ 4.963904380941131, 6.342366694541454 ], [ 4.966706275844842, 6.338688850042558 ], [ 4.971378326019305, 6.332251071668395 ], [ 4.973248005289634, 6.329491614793426 ], [ 4.977909565456969, 6.324900626674093 ], [ 4.9797844887309, 6.321217537171606 ], [ 4.984456538905306, 6.314779757797453 ], [ 4.989118099072641, 6.310188769678064 ], [ 4.990987778343026, 6.307429313803141 ], [ 4.993790150247094, 6.303751469304245 ], [ 4.995665072520978, 6.300068377801722 ], [ 4.998461723421201, 6.297313689930036 ], [ 5.000326632688314, 6.295477389682389 ], [ 5.002569199212019, 6.294045447709436 ], [ 5.010605811672519, 6.292759417835669 ], [ 5.015618801078631, 6.292353152559599 ] ] ] ] } },
{ "type": "Feature", "properties": { "fid": 125.0, "OBJECTID": 125.0, "lganame": "Ifedore", "statecode": "ON", "LGA_UID": "28_10" }, "geometry": { "type": "MultiPolygon", "coordinates": [ [ [ [ 5.138582229626479, 7.443981171036739 ], [ 5.145077705039853, 7.443093300433475 ], [ 5.150640964819843, 7.443124294454492 ], [ 5.159923077126621, 7.441329002234681 ], [ 5.167345524169775, 7.440446853635308 ], [ 5.173830985576387, 7.441406250287173 ], [ 5.181248187616006, 7.441447258315065 ], [ 5.187743664029369, 7.44055986371211 ], [ 5.192399979193112, 7.436892033219976 ], [ 5.192420959207368, 7.433198928710681 ], [ 5.19337892485828, 7.427663802949837 ], [ 5.194341659512418, 7.421205996562094 ], [ 5.194372653533435, 7.415665626797647 ], [ 5.194418906564863, 7.407355785151481 ], [ 5.194439410578809, 7.403662204641876 ], [ 5.194454669589163, 7.400892734760134 ], [ 5.193563460983682, 7.394423962364954 ], [ 5.193016806612206, 7.391041658066797 ], [ 5.191771029765789, 7.38333368282963 ], [ 5.189952373530105, 7.376860142431156 ], [ 5.198092802061126, 7.354469431217694 ], [ 5.212626889936359, 7.314492596055345 ], [ 5.212626889936359, 7.29605177252563 ], [ 5.214532331230998, 7.286828789259062 ], [ 5.215475037871556, 7.284064087380557 ], [ 5.217390970173312, 7.272994312859169 ], [ 5.22022910510168, 7.262852939968582 ], [ 5.220360138190756, 7.255006069637034 ], [ 5.212918758134663, 7.248640537311928 ], [ 5.135294407392564, 7.280585276016893 ], [ 5.125776562925637, 7.278800679804363 ], [ 5.097223030524844, 7.27761094999596 ], [ 5.082979678847153, 7.271927834134544 ], [ 5.083937645498054, 7.266392708373701 ], [ 5.083983897529492, 7.258082866727591 ], [ 5.084004401543439, 7.254389763218285 ], [ 5.083097457927181, 7.250690936705098 ], [ 5.076617717524528, 7.248808384426013 ], [ 5.07198190737472, 7.248782635408475 ], [ 5.063632010701326, 7.249660015004622 ], [ 5.055276871024432, 7.251460552228025 ], [ 5.050635814871043, 7.252357959837752 ], [ 5.046922207347791, 7.253260612451072 ], [ 5.041353702564265, 7.254153252057563 ], [ 5.036707401407341, 7.255974293294912 ], [ 5.038526057643026, 7.262447833693329 ], [ 5.038495063621951, 7.267987728457456 ], [ 5.0403084748541, 7.275384903483484 ], [ 5.040272235829491, 7.281848430875129 ], [ 5.042090893065165, 7.288321972273593 ], [ 5.042059898044101, 7.29386186603773 ], [ 5.04294109264282, 7.302176951687443 ], [ 5.042894839611392, 7.310486794333599 ], [ 5.041931628956945, 7.316945075721662 ], [ 5.040973663306033, 7.322479725482196 ], [ 5.041870116915163, 7.328024864249869 ], [ 5.042750834513583, 7.336340426899881 ], [ 5.04270982748568, 7.343726634918482 ], [ 5.042684078468199, 7.348343372055353 ], [ 5.040793896183914, 7.35479641043986 ], [ 5.039490017297965, 7.359247818464382 ], [ 5.038903712899639, 7.361249446824388 ], [ 5.036080836981625, 7.368620871832945 ], [ 5.035132885337532, 7.372309208339004 ], [ 5.032325745430228, 7.376910210465155 ], [ 5.030450821156307, 7.380593299967643 ], [ 5.0257997509961, 7.383337497832201 ], [ 5.022075653465777, 7.386086940700295 ], [ 5.01742410730526, 7.38883161456522 ], [ 5.012778282148645, 7.390652179802203 ], [ 5.006279944733308, 7.392001628719072 ], [ 5.006267070724562, 7.394309998287497 ], [ 5.004733762682747, 7.399737880975465 ], [ 5.004138898278541, 7.404258857047296 ], [ 5.004257871359414, 7.408660859038207 ], [ 5.00437684444023, 7.413181835110038 ], [ 5.004573458573816, 7.413932547620107 ], [ 5.005685547329449, 7.418178702505145 ], [ 5.008897819512015, 7.425555032517025 ], [ 5.011699334415539, 7.427669383953628 ], [ 5.015203390796387, 7.430313954750488 ], [ 5.019958973027542, 7.433166503688653 ], [ 5.022725104907011, 7.435952186581403 ], [ 5.03287792180538, 7.444318771266126 ], [ 5.038420676571434, 7.448042869796438 ], [ 5.043031215704048, 7.452685355950791 ], [ 5.045802115586753, 7.454547405215976 ], [ 5.0485682494662, 7.457332611108427 ], [ 5.053199290612781, 7.458281993753474 ], [ 5.058757305389236, 7.459235668401448 ], [ 5.065242289795435, 7.460195065053313 ], [ 5.070805549575425, 7.460226059074387 ], [ 5.078227996618637, 7.459343910475013 ], [ 5.084746361047564, 7.456950664848875 ], [ 5.089379787195753, 7.454788685379924 ], [ 5.095885753616244, 7.452054976522504 ], [ 5.102385998032844, 7.450243950291963 ], [ 5.10795450181638, 7.449351787685828 ], [ 5.114449978229743, 7.448463917082563 ], [ 5.12001800501298, 7.447571754476371 ], [ 5.126518726429936, 7.44576072724584 ], [ 5.132086754213105, 7.44486808763935 ], [ 5.138582229626479, 7.443981171036739 ] ] ] ] } },
{ "type": "Feature", "properties": { "fid": 128.0, "OBJECTID": 128.0, "lganame": "Ondo West", "statecode": "ON", "LGA_UID": "28_16" }, "geometry": { "type": "MultiPolygon", "coordinates": [ [ [ [ 4.915926933342689, 6.966292858469956 ], [ 4.914076328085287, 6.957065105200115 ], [ 4.91133737622431, 6.957957267806307 ], [ 4.902055263917532, 6.959752560026118 ], [ 4.890933990361134, 6.958767891357127 ], [ 4.87889099117848, 6.956854343056932 ], [ 4.876109123288359, 6.956839085046568 ], [ 4.868707180259094, 6.954027653136336 ], [ 4.858528614343243, 6.950277804588495 ], [ 4.852975844570381, 6.948400497312946 ], [ 4.837239264878122, 6.943696499116811 ], [ 4.831691742108831, 6.940895557213707 ], [ 4.824310303093512, 6.934391498794469 ], [ 4.813220023558188, 6.927866459361042 ], [ 4.793800354363384, 6.9185252190141 ], [ 4.788258075597696, 6.914801121483777 ], [ 4.779001713308446, 6.911979674566737 ], [ 4.767900943765994, 6.907301426388074 ], [ 4.760493754733147, 6.905413628105407 ], [ 4.752169609077271, 6.901673793564328 ], [ 4.743845463421394, 6.89793443702365 ], [ 4.73459434513569, 6.894189835479381 ], [ 4.727197170109662, 6.890455245941894 ], [ 4.719789982076861, 6.888567447659227 ], [ 4.712398529054724, 6.883909702494464 ], [ 4.703162192779018, 6.877395153068164 ], [ 4.694838047123199, 6.873655318527085 ], [ 4.686514378467621, 6.869915961986408 ], [ 4.683737754581045, 6.868977070348478 ], [ 4.680956363691223, 6.868961811338067 ], [ 4.668908118504987, 6.867971896665495 ], [ 4.663350104728579, 6.867017269016856 ], [ 4.655004978058457, 6.866971015985428 ], [ 4.643878937498869, 6.866909503943646 ], [ 4.633669852562264, 6.86870002716023 ], [ 4.629028797408864, 6.869597434769958 ], [ 4.625325202892441, 6.868653774128802 ], [ 4.621631622382836, 6.865862846232517 ], [ 4.615156650983408, 6.863057137326166 ], [ 4.607754706954154, 6.860246181416244 ], [ 4.603124141807882, 6.859296798771197 ], [ 4.593857287511469, 6.858322144108968 ], [ 4.583673476592082, 6.855495930188681 ], [ 4.57441186929924, 6.85359764089884 ], [ 4.566077708636556, 6.851705073612948 ], [ 4.560534953870558, 6.847980499082269 ], [ 4.556759834305524, 6.84688377433713 ], [ 4.554055214467837, 6.846098422803493 ], [ 4.551278590581262, 6.845159531165564 ], [ 4.54831600156831, 6.844217299525383 ], [ 4.549398422303796, 6.849765778295307 ], [ 4.549336910262014, 6.860845565823467 ], [ 4.550238608874679, 6.865467547963931 ], [ 4.552041531099633, 6.874711037244424 ], [ 4.553870201342136, 6.879338264388423 ], [ 4.554771422954502, 6.883959769528531 ], [ 4.557522296823549, 6.88951540030331 ], [ 4.55750179280966, 6.893208503812559 ], [ 4.557476043792121, 6.89782524094943 ], [ 4.55745029377465, 6.902441978086301 ], [ 4.556487560120502, 6.9089002614744 ], [ 4.557368278718911, 6.917215347124113 ], [ 4.556405067064475, 6.923673629512223 ], [ 4.556328297012328, 6.93752336492247 ], [ 4.557229518624638, 6.942145348062866 ], [ 4.557203769607156, 6.946762085199737 ], [ 4.557173251586391, 6.952301978963817 ], [ 4.556210040931944, 6.958760262351916 ], [ 4.557106017540718, 6.964304924119233 ], [ 4.558002472149838, 6.969850539887261 ], [ 4.558888911752149, 6.977241992909399 ], [ 4.560707091987467, 6.983715534307862 ], [ 4.561608790600133, 6.988337517448258 ], [ 4.564349174462109, 6.995739937477879 ], [ 4.568953990590899, 7.001305580259441 ], [ 4.572642326096911, 7.005019187782693 ], [ 4.574287891215022, 7.006175994568707 ], [ 4.579163073527468, 7.009602546896872 ], [ 4.581135749867826, 7.011210917989672 ], [ 4.584784031346658, 7.013978957870449 ], [ 4.590197086024546, 7.016196728377281 ], [ 4.5957398407906, 7.019920825907661 ], [ 4.602209568186481, 7.023650169441567 ], [ 4.606824875322388, 7.027369498968653 ], [ 4.609585762198265, 7.03107786248836 ], [ 4.610748290988113, 7.035215378299597 ], [ 4.611404419433939, 7.037551402886777 ], [ 4.612295628039476, 7.044020176282004 ], [ 4.612259865015176, 7.05048322667335 ], [ 4.613145827617132, 7.057875155695854 ], [ 4.613094329582168, 7.067108630969528 ], [ 4.614006042201652, 7.069883822855161 ], [ 4.613985538187706, 7.073576927364456 ], [ 4.613949776163395, 7.080040454756102 ], [ 4.616705418035735, 7.084672450903327 ], [ 4.621336460182306, 7.085621356548074 ], [ 4.625972271332103, 7.085647105565556 ], [ 4.630603313478673, 7.086596012210293 ], [ 4.655585176452689, 7.088564722547972 ], [ 4.670071367295407, 7.0897063163236 ], [ 4.680443688342905, 7.090523712879019 ], [ 4.721846310474007, 7.099089771699255 ], [ 4.781657077112641, 7.100571829706212 ], [ 4.817772234651159, 7.101466732314236 ], [ 4.879149642354264, 7.103646744795469 ], [ 4.879928588883502, 7.103674411814268 ], [ 4.891992092080102, 7.101894854605177 ], [ 4.898492813497, 7.100083828374636 ], [ 4.908712387440744, 7.096446990903587 ], [ 4.919859409014634, 7.092815399436063 ], [ 4.927302361071725, 7.08824014732744 ], [ 4.932906627879561, 7.080883980329247 ], [ 4.933859347526891, 7.076272488195968 ], [ 4.932041168291562, 7.069798945797515 ], [ 4.933009147949235, 7.06241750678214 ], [ 4.931185721710335, 7.056867123010932 ], [ 4.929377556481768, 7.048546791357637 ], [ 4.92850685089013, 7.038384914453104 ], [ 4.925792217045682, 7.026366234287025 ], [ 4.923067093194106, 7.016194344375663 ], [ 4.921268939972322, 7.006027222467594 ], [ 4.917606831484079, 6.997696876807538 ], [ 4.916720389881789, 6.990304946785045 ], [ 4.915891171318378, 6.972756385861658 ], [ 4.915926933342689, 6.966292858469956 ] ] ] ] } },
{ "type": "Feature", "properties": { "fid": 140.0, "OBJECTID": 140.0, "lganame": "Odigbo", "statecode": "ON", "LGA_UID": "28_13" }, "geometry": { "type": "MultiPolygon", "coordinates": [ [ [ [ 4.914076328085287, 6.957065105200115 ], [ 4.920634746541396, 6.953392028704457 ], [ 4.929010391232282, 6.947898387971804 ], [ 4.938307761549424, 6.943333148869897 ], [ 4.943896770346896, 6.9387474057541 ], [ 4.952271938037427, 6.933253288021149 ], [ 4.954152107314883, 6.928647040891406 ], [ 4.958824158489335, 6.922209262517242 ], [ 4.964412689286462, 6.917623520401435 ], [ 4.97093915872091, 6.911196232034399 ], [ 4.974668503254804, 6.90752363153905 ], [ 4.982111454311962, 6.902947903430061 ], [ 4.988069057359837, 6.898733615566641 ], [ 4.991435050646885, 6.89376592619135 ], [ 4.992403030304615, 6.886384487175974 ], [ 4.993371486962644, 6.879003048160655 ], [ 4.992464542346397, 6.875304221647468 ], [ 4.993458748021908, 6.863306046495268 ], [ 4.995369434320139, 6.853159903601465 ], [ 4.996327399970994, 6.84762525584091 ], [ 4.997295855629034, 6.840243339825236 ], [ 4.997346877663688, 6.83101034155186 ], [ 5.001107216218657, 6.821797371292064 ], [ 5.002070426873161, 6.815339087903965 ], [ 5.00209093088705, 6.811645985394705 ], [ 5.001214981291923, 6.802407265117381 ], [ 5.002203940963852, 6.791332721592767 ], [ 5.013401984572397, 6.778467177851269 ], [ 5.017136574109884, 6.773871421728643 ], [ 5.040393352911792, 6.760149956405542 ], [ 5.046898842331927, 6.757415770547823 ], [ 5.046924591349409, 6.752799034410941 ], [ 5.049747467267423, 6.74542808540275 ], [ 5.051632403548183, 6.739898204645442 ], [ 5.053517817829231, 6.734368323888134 ], [ 5.062835693160253, 6.726109982276967 ], [ 5.067487240320816, 6.723365307412109 ], [ 5.072138309480977, 6.720621108547562 ], [ 5.07679462364473, 6.716953754055737 ], [ 5.078197478597872, 6.714883803649343 ], [ 5.073112011142541, 6.712316512904977 ], [ 5.071267604889385, 6.710459231643028 ], [ 5.055593014239207, 6.694675445918676 ], [ 5.050977707103357, 6.690956593391888 ], [ 5.044512748710702, 6.686303616230418 ], [ 5.038965224941421, 6.68350315132767 ], [ 5.033427715178959, 6.678855419169736 ], [ 5.027900696423615, 6.672361373757326 ], [ 5.023326397315543, 6.661255836211637 ], [ 5.021487236065923, 6.658475399322469 ], [ 5.018746853203993, 6.651073456293204 ], [ 5.008568287288142, 6.647323607745363 ], [ 4.998348713344399, 6.650960445216413 ], [ 4.98069143334709, 6.658249378168875 ], [ 4.963064671370546, 6.659998417357315 ], [ 4.951932906807031, 6.660860061942742 ], [ 4.944510459763819, 6.661742209542126 ], [ 4.938020229354038, 6.661706447517815 ], [ 4.926888942790868, 6.662568092103243 ], [ 4.915778160241587, 6.659736633179421 ], [ 4.90930318784217, 6.656930447272771 ], [ 4.90282297143915, 6.65504789399364 ], [ 4.897270202666334, 6.653170108717802 ], [ 4.881549357984738, 6.645696162639581 ], [ 4.876938819852114, 6.641054153485527 ], [ 4.875115394613147, 6.635503768714329 ], [ 4.872369765747635, 6.629024982312274 ], [ 4.870561599519078, 6.620704650659036 ], [ 4.868738174280111, 6.615154742888137 ], [ 4.866007805424999, 6.605905532603742 ], [ 4.866976261082982, 6.598524093588367 ], [ 4.867969989758194, 6.586525917436177 ], [ 4.861479759348413, 6.586490154411877 ], [ 4.854057312305201, 6.58737230301125 ], [ 4.845707416631797, 6.588249206607088 ], [ 4.835503100698475, 6.589116096196108 ], [ 4.827163696032244, 6.588146686537414 ], [ 4.819751262995851, 6.587182044882013 ], [ 4.816052914482952, 6.585315227613592 ], [ 4.811422348336748, 6.584365844968488 ], [ 4.802088736994961, 6.595394611462041 ], [ 4.797396182806608, 6.6055254943455 ], [ 4.791797161002307, 6.611958026716081 ], [ 4.788990021095003, 6.616559504842598 ], [ 4.788047314454502, 6.619324206721103 ], [ 4.78337526328005, 6.625761986095256 ], [ 4.777781487479331, 6.631270884838273 ], [ 4.769390582778101, 6.63953495045331 ], [ 4.765651226237424, 6.645054340203501 ], [ 4.762838840326538, 6.650578975957217 ], [ 4.757244586525474, 6.656088351700589 ], [ 4.75164556472123, 6.662520409070851 ], [ 4.747906208180495, 6.66804027582134 ], [ 4.746020793899447, 6.673569678578303 ], [ 4.74414110162229, 6.678175925708047 ], [ 4.742250443337696, 6.684628963092564 ], [ 4.739443302430345, 6.68923044221907 ], [ 4.737558365149596, 6.694760322976379 ], [ 4.735667705865012, 6.701213360360896 ], [ 4.732855319954126, 6.706737995114622 ], [ 4.728183745780029, 6.713175297488476 ], [ 4.724449158242521, 6.717771529611412 ], [ 4.719777107068069, 6.724209308985564 ], [ 4.715110301897198, 6.729723453732163 ], [ 4.713235377623278, 6.73340654423464 ], [ 4.700270175814069, 6.730564594303701 ], [ 4.688217162624596, 6.730497837258326 ], [ 4.676147938424151, 6.733201027095049 ], [ 4.664084435227551, 6.734981060304449 ], [ 4.649234295137546, 6.737668991130818 ], [ 4.643676281361138, 6.736714840482477 ], [ 4.638102530574031, 6.738530635716245 ], [ 4.633477211431398, 6.736658096443932 ], [ 4.628897667319791, 6.72647571552551 ], [ 4.625225066824441, 6.719991684119918 ], [ 4.622479438958919, 6.713513373718172 ], [ 4.620660781723188, 6.707039833319698 ], [ 4.618837357484267, 6.7014894485485 ], [ 4.615180015999272, 6.692235470260869 ], [ 4.611532687521105, 6.681135177718716 ], [ 4.608766555641637, 6.678349494825966 ], [ 4.602333069270401, 6.668157100900714 ], [ 4.599571705394169, 6.664448261380755 ], [ 4.595893859895227, 6.658887385602384 ], [ 4.593132973019351, 6.655179024082713 ], [ 4.588522910887036, 6.650536536928371 ], [ 4.585761547010804, 6.646827698408401 ], [ 4.58254241882355, 6.642193317259569 ], [ 4.578370093988667, 6.642169952243705 ], [ 4.572822094219077, 6.639369011340591 ], [ 4.567274570449797, 6.636568546437786 ], [ 4.564508437570339, 6.633782863545036 ], [ 4.561747550694463, 6.630074024025078 ], [ 4.560433864801837, 6.628088473675973 ], [ 4.555293083308925, 6.623574733609132 ], [ 4.551615237809983, 6.618014335831106 ], [ 4.547004699677359, 6.613371848676707 ], [ 4.542405127552172, 6.606883049267879 ], [ 4.537799835423073, 6.601317406486316 ], [ 4.535043715550444, 6.596685410339092 ], [ 4.532298087684921, 6.590206622937046 ], [ 4.528610229179208, 6.586492538413495 ], [ 4.526437282702773, 6.58088636360435 ], [ 4.523108482440989, 6.575381755864271 ], [ 4.522202014825098, 6.571683407351372 ], [ 4.518534184332964, 6.564276218318582 ], [ 4.514861583837614, 6.557792186912934 ], [ 4.512100696961738, 6.554083347392975 ], [ 4.510282039726064, 6.547609805994512 ], [ 4.508463860490679, 6.541136264596048 ], [ 4.507658004943153, 6.53826856564757 ], [ 4.506645203255005, 6.534662724197574 ], [ 4.503899574389436, 6.528183936795529 ], [ 4.503003596780673, 6.522638798027856 ], [ 4.502101898168007, 6.51801681488746 ], [ 4.500288485935869, 6.51062011686173 ], [ 4.499382019319967, 6.506921768348889 ], [ 4.496610641436973, 6.505059719083704 ], [ 4.491026877643037, 6.508722304572302 ], [ 4.489141941362334, 6.514251709329244 ], [ 4.486324310447912, 6.520699977710535 ], [ 4.482574462900061, 6.528065680715201 ], [ 4.47882461535221, 6.535431861720156 ], [ 4.476944447074686, 6.540038585850198 ], [ 4.47506475379754, 6.544644832979941 ], [ 4.473174094512956, 6.551097870364458 ], [ 4.470346450591705, 6.559392452000282 ], [ 4.467523574673692, 6.566763878008828 ], [ 4.466570854026372, 6.571375370142107 ], [ 4.464685916745623, 6.576904773899059 ], [ 4.465224743111719, 6.582136631453864 ], [ 4.462774754447082, 6.587051391793239 ], [ 4.460884571162808, 6.593504429177756 ], [ 4.459931849515442, 6.598115921311035 ], [ 4.458051682237965, 6.602722168440778 ], [ 4.454317092700478, 6.607318400563713 ], [ 4.426470756780191, 6.612704277223145 ], [ 4.424611091516681, 6.613617419843592 ], [ 4.418105602096489, 6.616351127701023 ], [ 4.413454055935972, 6.619095801565891 ], [ 4.410662651039331, 6.620926856810001 ], [ 4.406943320512255, 6.622753143050886 ], [ 4.403224467985467, 6.624578953291405 ], [ 4.393937110675154, 6.627297878138791 ], [ 4.390223503151901, 6.62820053075211 ], [ 4.387431622254951, 6.630032062996577 ], [ 4.382769585087317, 6.63462257411561 ], [ 4.379962444180023, 6.639224052242071 ], [ 4.377055168204663, 6.645117283246236 ], [ 4.376202582625353, 6.648437022501867 ], [ 4.376176833607872, 6.653053283638371 ], [ 4.376151084590333, 6.657670020775242 ], [ 4.376120089569326, 6.663210391539678 ], [ 4.379813671078921, 6.666000843435654 ], [ 4.384439468221956, 6.667872905707611 ], [ 4.38721036910465, 6.669734954972796 ], [ 4.389039040347143, 6.674362183116784 ], [ 4.389940738959808, 6.678984165257191 ], [ 4.388982773308896, 6.684518814017736 ], [ 4.388951778287833, 6.690058707781873 ], [ 4.388916016263522, 6.696522236173507 ], [ 4.388885021242459, 6.702062129937588 ], [ 4.38885450422174, 6.707602023701725 ], [ 4.388823509200677, 6.713141918465794 ], [ 4.38973522182016, 6.715917110351427 ], [ 4.392501353699572, 6.718702316243821 ], [ 4.398033619458488, 6.724273205028965 ], [ 4.403565884217414, 6.729844092814119 ], [ 4.407243728716367, 6.735404967592501 ], [ 4.410926819218844, 6.740042209743308 ], [ 4.413682938091483, 6.744674205890533 ], [ 4.414579390700567, 6.750219344658149 ], [ 4.415485859316505, 6.753917694171037 ], [ 4.418231487182027, 6.760396480573036 ], [ 4.422841549314342, 6.765038966727388 ], [ 4.42560768119381, 6.767824172619839 ], [ 4.433931827849676, 6.771563530160563 ], [ 4.439479827619266, 6.77436447106362 ], [ 4.445022106385011, 6.77808856959399 ], [ 4.454247951653485, 6.78644990927512 ], [ 4.467176914438141, 6.795755385597772 ], [ 4.472719669204196, 6.799479485128131 ], [ 4.476412772713445, 6.802269936024118 ], [ 4.487508297252361, 6.807871818830336 ], [ 4.493051052018416, 6.811595917360648 ], [ 4.498598575787696, 6.814396381263464 ], [ 4.502296925300527, 6.816263675532184 ], [ 4.515257359106556, 6.820029259090745 ], [ 4.519877911245999, 6.822824477989968 ], [ 4.524497986385086, 6.825620650889789 ], [ 4.529113292521004, 6.829339504416623 ], [ 4.533739089663982, 6.831212043688879 ], [ 4.53743743917687, 6.833078860957301 ], [ 4.542057991316312, 6.835874556856879 ], [ 4.547595501078774, 6.840522289014757 ], [ 4.54831600156831, 6.844217299525383 ], [ 4.551278590581262, 6.845159531165564 ], [ 4.554055214467837, 6.846098422803493 ], [ 4.556759834305524, 6.84688377433713 ], [ 4.560534953870558, 6.847980499082269 ], [ 4.566077708636556, 6.851705073612948 ], [ 4.57441186929924, 6.85359764089884 ], [ 4.583673476592082, 6.855495930188681 ], [ 4.593857287511469, 6.858322144108968 ], [ 4.603124141807882, 6.859296798771197 ], [ 4.607754706954154, 6.860246181416244 ], [ 4.615156650983408, 6.863057137326166 ], [ 4.621631622382836, 6.865862846232517 ], [ 4.625325202892441, 6.868653774128802 ], [ 4.629028797408864, 6.869597434769958 ], [ 4.633669852562264, 6.86870002716023 ], [ 4.643878937498869, 6.866909503943646 ], [ 4.655004978058457, 6.866971015985428 ], [ 4.663350104728579, 6.867017269016856 ], [ 4.668908118504987, 6.867971896665495 ], [ 4.680956363691223, 6.868961811338067 ], [ 4.683737754581045, 6.868977070348478 ], [ 4.686514378467621, 6.869915961986408 ], [ 4.694838047123199, 6.873655318527085 ], [ 4.703162192779018, 6.877395153068164 ], [ 4.712398529054724, 6.883909702494464 ], [ 4.719789982076861, 6.888567447659227 ], [ 4.727197170109662, 6.890455245941894 ], [ 4.73459434513569, 6.894189835479381 ], [ 4.743845463421394, 6.89793443702365 ], [ 4.752169609077271, 6.901673793564328 ], [ 4.760493754733147, 6.905413628105407 ], [ 4.767900943765994, 6.907301426388074 ], [ 4.779001713308446, 6.911979674566737 ], [ 4.788258075597696, 6.914801121483777 ], [ 4.793800354363384, 6.9185252190141 ], [ 4.813220023558188, 6.927866459361042 ], [ 4.824310303093512, 6.934391498794469 ], [ 4.831691742108831, 6.940895557213707 ], [ 4.837239264878122, 6.943696499116811 ], [ 4.852975844570381, 6.948400497312946 ], [ 4.858528614343243, 6.950277804588495 ], [ 4.868707180259094, 6.954027653136336 ], [ 4.876109123288359, 6.956839085046568 ], [ 4.87889099117848, 6.956854343056932 ], [ 4.890933990361134, 6.958767891357127 ], [ 4.902055263917532, 6.959752560026118 ], [ 4.91133737622431, 6.957957267806307 ], [ 4.914076328085287, 6.957065105200115 ] ] ] ] } },
{ "type": "Feature", "properties": { "fid": 143.0, "OBJECTID": 143.0, "lganame": "Ilaje", "statecode": "ON", "LGA_UID": "28_11" }, "geometry": { "type": "MultiPolygon", "coordinates": [ [ [ [ 4.586972236833446, 6.494270801753146 ], [ 4.603319167940413, 6.490877151447364 ], [ 4.605220795232469, 6.492155075315623 ], [ 4.608882426720356, 6.490907669468072 ], [ 4.609819889357311, 6.489066124216833 ], [ 4.618190289044605, 6.48449564011139 ], [ 4.620065212318536, 6.480813025609223 ], [ 4.621007441958739, 6.478047847730409 ], [ 4.623804568859271, 6.475293158858733 ], [ 4.62475728950659, 6.470681666725454 ], [ 4.626627444777284, 6.467922210850531 ], [ 4.629419326674224, 6.466090678606122 ], [ 4.634997368464269, 6.463351726745088 ], [ 4.638726710998185, 6.459679127249728 ], [ 4.641533851905479, 6.455077648123279 ], [ 4.64247655854598, 6.452312946244774 ], [ 4.643414021182991, 6.450471400993536 ], [ 4.647153853723978, 6.444952011243345 ], [ 4.649034023001491, 6.440345287113303 ], [ 4.652773379542225, 6.434825897363169 ], [ 4.655575275445983, 6.431148051864227 ], [ 4.658377647350051, 6.427470207365275 ], [ 4.661174774250583, 6.424715519493645 ], [ 4.664903640784132, 6.421042918998239 ], [ 4.670492648581615, 6.416456698882143 ], [ 4.677003384005332, 6.412799358397137 ], [ 4.682587146799278, 6.409137248908905 ], [ 4.687243461963021, 6.405469418416772 ], [ 4.690967560493334, 6.402719974548688 ], [ 4.695619105653861, 6.39997577668413 ], [ 4.700270175814069, 6.397231101819273 ], [ 4.70584392460114, 6.395415305585516 ], [ 4.709562778127918, 6.393589497344976 ], [ 4.716990471174711, 6.391783714117992 ], [ 4.722548484951119, 6.392737864766332 ], [ 4.726252079467542, 6.393682003407775 ], [ 4.73088788961735, 6.393707752425314 ], [ 4.737378120027131, 6.393743515449614 ], [ 4.745723247697299, 6.393789768481042 ], [ 4.75221347810708, 6.393825530505296 ], [ 4.757766246879953, 6.395703315781191 ], [ 4.764251232286199, 6.396662235432757 ], [ 4.770731448689162, 6.398544787711842 ], [ 4.779070854355382, 6.399514675370824 ], [ 4.786478043388229, 6.401402472653501 ], [ 4.806855679233877, 6.405208588239589 ], [ 4.816112040523137, 6.408030033156592 ], [ 4.826295853442559, 6.410856724077235 ], [ 4.835546969728284, 6.414601325621504 ], [ 4.840167521867727, 6.417397021521026 ], [ 4.842933654747185, 6.420182228413466 ], [ 4.848471164509647, 6.424829959571355 ], [ 4.853086471645554, 6.428548813098189 ], [ 4.854925631895185, 6.431329249987357 ], [ 4.858628750411242, 6.432272910628512 ], [ 4.862322329920858, 6.435063361524499 ], [ 4.865088462800315, 6.437849045417238 ], [ 4.86787509869373, 6.436941146800336 ], [ 4.869740008960832, 6.43510484655269 ], [ 4.873479365501566, 6.4295849798022 ], [ 4.874422073142057, 6.426820277923696 ], [ 4.873515605526165, 6.423121929410854 ], [ 4.873536109540112, 6.419428348901249 ], [ 4.873551368550466, 6.416658401019163 ], [ 4.873571872564412, 6.412965297509913 ], [ 4.872670173951747, 6.40834331536945 ], [ 4.871763706335855, 6.404644965856619 ], [ 4.869935036093352, 6.400018214712986 ], [ 4.869018078470333, 6.398166180454609 ], [ 4.867184162224248, 6.394462584938196 ], [ 4.864423275348372, 6.39075374641817 ], [ 4.862579346095515, 6.388896942156578 ], [ 4.860734939842303, 6.387040137894985 ], [ 4.857974051966437, 6.383331299374959 ], [ 4.855207920086968, 6.380545616482266 ], [ 4.852447033211092, 6.376837253962606 ], [ 4.851530074588027, 6.374985217704193 ], [ 4.850613116965008, 6.373133659446182 ], [ 4.849711418352342, 6.368511677305776 ], [ 4.849737167369824, 6.363894939168915 ], [ 4.84977340739448, 6.357431888777569 ], [ 4.853507518931622, 6.352835654654655 ], [ 4.856299399828572, 6.351004124410167 ], [ 4.858164310095674, 6.349167824162521 ], [ 4.860960959995907, 6.346413136290835 ], [ 4.865612507156413, 6.343668938426276 ], [ 4.869351863697091, 6.338149547676096 ], [ 4.870309830347992, 6.332614898915551 ], [ 4.870325565358712, 6.329844952033511 ], [ 4.869423865746057, 6.325222968893115 ], [ 4.868517399130155, 6.321524620380274 ], [ 4.866688727887663, 6.316897392236285 ], [ 4.864854812641568, 6.313193797719862 ], [ 4.860254764516071, 6.306704998311034 ], [ 4.85841560426644, 6.303924561421866 ], [ 4.856571674013594, 6.302067757160216 ], [ 4.853810787137661, 6.298358916640268 ], [ 4.850122451631648, 6.294645309117016 ], [ 4.846434593125878, 6.290931224593464 ], [ 4.843673229249703, 6.287222385073505 ], [ 4.84091234237377, 6.28351354555349 ], [ 4.839078426127742, 6.279809952037112 ], [ 4.837244510881646, 6.276106357520689 ], [ 4.834488869009363, 6.271474361373464 ], [ 4.833597660403825, 6.265006064978536 ], [ 4.832690715787578, 6.261307240465385 ], [ 4.833633423428125, 6.258542537586891 ], [ 4.834576130068626, 6.255777835708386 ], [ 4.8346071240897, 6.250237941944306 ], [ 4.834632874107172, 6.245621203807445 ], [ 4.835580348750966, 6.241932869301422 ], [ 4.837465763032014, 6.236402987544125 ], [ 4.839350700312707, 6.230873584787162 ], [ 4.84123086859023, 6.226267337657418 ], [ 4.844032764493988, 6.222589016158167 ], [ 4.846840382401638, 6.217988014032017 ], [ 4.849652767312477, 6.21246337927829 ], [ 4.853392123853212, 6.20694398852811 ], [ 4.860850810921022, 6.199598311537045 ], [ 4.866449832725323, 6.193165779166463 ], [ 4.872048854529567, 6.186733245795836 ], [ 4.877637863327038, 6.182147502680039 ], [ 4.883236885131339, 6.175714970309457 ], [ 4.886970996668481, 6.171118736186543 ], [ 4.893492222099326, 6.165614605446706 ], [ 4.900028705540592, 6.157340526824896 ], [ 4.903763294078033, 6.152744769702281 ], [ 4.914013386042541, 6.143568039467141 ], [ 4.918670177206593, 6.139900207975018 ], [ 4.921477318113887, 6.135298728848511 ], [ 4.925211905651395, 6.130702971725896 ], [ 4.928951263192118, 6.125183104975406 ], [ 4.931758404099412, 6.120582103849245 ], [ 4.965347766921809, 6.082910538253202 ], [ 4.970187187210001, 6.07814455001494 ], [ 5.007336140450946, 6.041242122941469 ], [ 5.022016525425556, 6.025845528480204 ], [ 5.024065970818071, 6.024079800280504 ], [ 5.041731833821189, 6.005086422375371 ], [ 5.039689541433575, 6.000184536044742 ], [ 5.031282901721625, 5.982541561057189 ], [ 5.026321888350878, 5.971586703613866 ], [ 5.018467426014126, 5.95319080411474 ], [ 5.016400813609948, 5.948643208024862 ], [ 5.012680054081898, 5.942235469671118 ], [ 4.99424972655936, 5.914254866659576 ], [ 4.976784030692215, 5.88773874864313 ], [ 4.948610305549494, 5.924444197582773 ], [ 4.872499465835745, 6.014165877544428 ], [ 4.848035366213537, 6.028069714991432 ], [ 4.803717905101905, 6.063761630242425 ], [ 4.749585167321243, 6.120868694043963 ], [ 4.727176181095444, 6.135656666091734 ], [ 4.692079131248647, 6.160641007067397 ], [ 4.615154203981774, 6.234951751558071 ], [ 4.598677766786807, 6.246956331714614 ], [ 4.5856862909597, 6.256633619289858 ], [ 4.56086375409393, 6.276253068620349 ], [ 4.559380543086149, 6.280204147304914 ], [ 4.576203947516888, 6.305076708204695 ], [ 4.578468323055404, 6.308424473479306 ], [ 4.582063198497963, 6.311627387655562 ], [ 4.584824085373839, 6.315335751175212 ], [ 4.587585449250071, 6.319044589695181 ], [ 4.590335846118819, 6.324600220469961 ], [ 4.593091964991515, 6.329232215617196 ], [ 4.594925880237554, 6.33293581013362 ], [ 4.595837592857038, 6.335711002019252 ], [ 4.597625256071638, 6.347724438181785 ], [ 4.597594261050574, 6.353264331945923 ], [ 4.597568512033092, 6.357881069082737 ], [ 4.597548008019146, 6.361574649592342 ], [ 4.598449706631811, 6.366196155732439 ], [ 4.596694469439228, 6.368289471154753 ], [ 4.594156741714983, 6.369241237801475 ], [ 4.590033053913089, 6.371778964525731 ], [ 4.585908890110943, 6.375902653327557 ], [ 4.582102298524546, 6.378123282836384 ], [ 4.575757980213893, 6.380978583776425 ], [ 4.567193031394368, 6.382564544854006 ], [ 4.560848236083416, 6.382564544854006 ], [ 4.555455685419417, 6.385736942009487 ], [ 4.546409130272707, 6.387145518966577 ], [ 4.539908408855752, 6.388956070196741 ], [ 4.535262107698827, 6.39077711143409 ], [ 4.531543255172039, 6.392602920674619 ], [ 4.524115562125246, 6.394408702901558 ], [ 4.521328926231888, 6.395316600518413 ], [ 4.517614840708347, 6.396219254131722 ], [ 4.514828204814933, 6.397127150748645 ], [ 4.509270191038524, 6.396173000100305 ], [ 4.50463962589231, 6.395224094455557 ], [ 4.499086380119138, 6.393346786180018 ], [ 4.49538803060625, 6.391479491911298 ], [ 4.491689682093408, 6.389612197642577 ], [ 4.487063884950373, 6.387739658370265 ], [ 4.482433318804169, 6.386790751725528 ], [ 4.480064392194549, 6.38689565679681 ], [ 4.477510929459584, 6.387575150258499 ], [ 4.474683284538344, 6.388328074770072 ], [ 4.473125458479899, 6.393202782082199 ], [ 4.474944114715584, 6.399676323480662 ], [ 4.475855827335067, 6.402451515366295 ], [ 4.47862148321417, 6.405237198258988 ], [ 4.479822636030292, 6.409049987849642 ], [ 4.489712237749814, 6.411761760692173 ], [ 4.496197224156049, 6.412721157344038 ], [ 4.500823021299084, 6.414593696616294 ], [ 4.503599167185371, 6.415532112253914 ], [ 4.50730800570534, 6.41555261626786 ], [ 4.512881279492092, 6.413736820034103 ], [ 4.516804218157574, 6.410594462899041 ], [ 4.520026207346746, 6.411092758237601 ], [ 4.523116589446488, 6.407330035681014 ], [ 4.527757644599887, 6.406432629071276 ], [ 4.531466007119548, 6.406453133085165 ], [ 4.535164832632745, 6.408320427353942 ], [ 4.53700351688201, 6.411100388242801 ], [ 4.539754390751114, 6.416656017017544 ], [ 4.541588305997152, 6.420359611533968 ], [ 4.542505263620228, 6.422211169792035 ], [ 4.546183109119113, 6.427772044570361 ], [ 4.549860953618065, 6.433332443348434 ], [ 4.554461001743562, 6.439821242757262 ], [ 4.556299685992883, 6.442601680646419 ], [ 4.559962273481403, 6.450932503306831 ], [ 4.561780929717088, 6.457406043705305 ], [ 4.562682152329444, 6.462027549845402 ], [ 4.563593863948938, 6.464802741730978 ], [ 4.564495563561593, 6.46942472487143 ], [ 4.565402031177484, 6.473123074384262 ], [ 4.566308974793685, 6.476821422897103 ], [ 4.566283225776203, 6.481438160033974 ], [ 4.566262721762257, 6.485131740543579 ], [ 4.566236972744775, 6.489748000680152 ], [ 4.565294266104274, 6.492513179558955 ], [ 4.565273762090328, 6.496206284068251 ], [ 4.564331055449827, 6.498971461947065 ], [ 4.586972236833446, 6.494270801753146 ] ] ], [ [ [ 4.519511628997122, 6.341025709630344 ], [ 4.506859851400804, 6.31382400914805 ], [ 4.501943588060442, 6.316110610701685 ], [ 4.467770693841601, 6.332129661585896 ], [ 4.454721450975228, 6.338333129800844 ], [ 4.444780342220724, 6.342640534727536 ], [ 4.440161514082433, 6.346884215610885 ], [ 4.482746086016675, 6.355610741540147 ], [ 4.486311436439166, 6.356341362036574 ], [ 4.490937232582155, 6.358213902308876 ], [ 4.497422217988401, 6.359172820960453 ], [ 4.513251304743505, 6.3472571368643 ], [ 4.518845080544224, 6.341747761120928 ], [ 4.519511628997122, 6.341025709630344 ] ] ] ] } },
{ "type": "Feature", "properties": { "fid": 153.0, "OBJECTID": 153.0, "lganame": "Ondo East", "statecode": "ON", "LGA_UID": "28_15" }, "geometry": { "type": "MultiPolygon", "coordinates": [ [ [ [ 5.005200699, 7.186956899400798 ], [ 5.006158664650911, 7.181421772639965 ], [ 5.006199672678747, 7.174035088621054 ], [ 5.00624068070664, 7.166648404602142 ], [ 5.007203892361076, 7.160190122214033 ], [ 5.00723488638215, 7.154650228449952 ], [ 5.007291153420397, 7.144493596549012 ], [ 5.006399944814859, 7.138025300154084 ], [ 5.005503491205729, 7.132480161386411 ], [ 5.005539730230339, 7.126016632994777 ], [ 5.002788857361281, 7.120461481220275 ], [ 5.000960186118789, 7.115834253076343 ], [ 5.004166126297093, 7.105286120909341 ], [ 5.002332687051307, 7.101582527392964 ], [ 4.998654365552056, 7.096022128614891 ], [ 4.994976521053161, 7.090461730836864 ], [ 4.993153094814204, 7.084911346065667 ], [ 4.992261887208713, 7.078442573670429 ], [ 4.992282830222905, 7.074679944113882 ], [ 4.992308140240141, 7.070132732024263 ], [ 4.992343903264441, 7.063669204632617 ], [ 4.993307113918888, 7.057210922244508 ], [ 4.995223045220655, 7.046141623723429 ], [ 4.994326590611593, 7.040596484955813 ], [ 4.995289803266019, 7.034138202567704 ], [ 4.998122692190861, 7.024920464304671 ], [ 4.99815893221546, 7.01845693591298 ], [ 5.000976086129583, 7.012009143532055 ], [ 5.00474691369169, 7.000949383017428 ], [ 5.006657599989921, 6.990803242123604 ], [ 5.006719112031703, 6.979723453595454 ], [ 5.004936694820628, 6.96678590780499 ], [ 5.00222206097618, 6.954767226638864 ], [ 4.998605727519021, 6.938127041332621 ], [ 4.996802807294046, 6.928883553052117 ], [ 4.994072437438888, 6.919634818768031 ], [ 4.989544392362291, 6.900218963575867 ], [ 4.988069057359837, 6.898733615566641 ], [ 4.982111454311962, 6.902947903430061 ], [ 4.974668503254804, 6.90752363153905 ], [ 4.97093915872091, 6.911196232034399 ], [ 4.964412689286462, 6.917623520401435 ], [ 4.958824158489335, 6.922209262517242 ], [ 4.954152107314883, 6.928647040891406 ], [ 4.952271938037427, 6.933253288021149 ], [ 4.943896770346896, 6.9387474057541 ], [ 4.938307761549424, 6.943333148869897 ], [ 4.929010391232282, 6.947898387971804 ], [ 4.920634746541396, 6.953392028704457 ], [ 4.914076328085287, 6.957065105200115 ], [ 4.915926933342689, 6.966292858469956 ], [ 4.915891171318378, 6.972756385861658 ], [ 4.916720389881789, 6.990304946785045 ], [ 4.917606831484079, 6.997696876807538 ], [ 4.921268939972322, 7.006027222467594 ], [ 4.923067093194106, 7.016194344375663 ], [ 4.925792217045682, 7.026366234287025 ], [ 4.92850685089013, 7.038384914453104 ], [ 4.929377556481768, 7.048546791357637 ], [ 4.931185721710335, 7.056867123010932 ], [ 4.933009147949235, 7.06241750678214 ], [ 4.932041168291562, 7.069798945797515 ], [ 4.933859347526891, 7.076272488195968 ], [ 4.932906627879561, 7.080883980329247 ], [ 4.927302361071725, 7.08824014732744 ], [ 4.919859409014634, 7.092815399436063 ], [ 4.908712387440744, 7.096446990903587 ], [ 4.898492813497, 7.100083828374636 ], [ 4.891992092080102, 7.101894854605177 ], [ 4.879928588883502, 7.103674411814268 ], [ 4.879837032821285, 7.103921823982375 ], [ 4.869293616657558, 7.132413254340975 ], [ 4.868622765201735, 7.134226094572682 ], [ 4.873620912597744, 7.165434007777037 ], [ 4.877082752949889, 7.187049369463637 ], [ 4.877411574173323, 7.187080978485142 ], [ 4.879802454797812, 7.187310805641289 ], [ 4.884097098715813, 7.18772363692176 ], [ 4.892441750385615, 7.187769889953188 ], [ 4.900791645058973, 7.186892509357051 ], [ 4.906354426838618, 7.186923504378115 ], [ 4.91099071498877, 7.186949253395596 ], [ 4.918407917028389, 7.186990261423489 ], [ 4.924893379434934, 7.187949657075364 ], [ 4.937868595251018, 7.18894481675153 ], [ 4.947140693550978, 7.188996314786493 ], [ 4.956407069847046, 7.189970970448712 ], [ 4.968455315033225, 7.190960884121353 ], [ 4.980498791216235, 7.19287443242149 ], [ 4.99067688013173, 7.196624278969352 ], [ 5.000860691051173, 7.199450492889639 ], [ 5.003284290697877, 7.200154798368146 ], [ 5.004216984331606, 7.197108285298214 ], [ 5.004252747355906, 7.190644757906512 ], [ 5.005200699, 7.186956899400798 ] ] ] ] } },
{ "type": "Feature", "properties": { "fid": 171.0, "OBJECTID": 171.0, "lganame": "Irele", "statecode": "ON", "LGA_UID": "28_12" }, "geometry": { "type": "MultiPolygon", "coordinates": [ [ [ [ 5.122329711583689, 6.698738574679396 ], [ 5.122350215597578, 6.69504547117009 ], [ 5.119599341728531, 6.6894898413953 ], [ 5.117775917489553, 6.683939456624103 ], [ 5.115957737254234, 6.677465916225628 ], [ 5.114149570025631, 6.669145583572345 ], [ 5.113263130423377, 6.661753653549908 ], [ 5.112367152814556, 6.656208514782236 ], [ 5.112397670835321, 6.650668621018156 ], [ 5.112433909859931, 6.64420556962682 ], [ 5.111542702254383, 6.637736797231582 ], [ 5.111583710282275, 6.630350113212671 ], [ 5.112531184926013, 6.626662253706911 ], [ 5.114416599207061, 6.621132373949649 ], [ 5.117228985117947, 6.615607738195934 ], [ 5.119108677395104, 6.61100149206618 ], [ 5.120984076669401, 6.607318400563713 ], [ 5.123801230583524, 6.600870609182721 ], [ 5.125671386854208, 6.598110676307499 ], [ 5.127551079131365, 6.593504429177756 ], [ 5.128054142473161, 6.588160991547113 ], [ 5.132228374309364, 6.586143494176326 ], [ 5.133171081949854, 6.583378315297523 ], [ 5.136910439490578, 6.577858924547343 ], [ 5.138774871757391, 6.576022625299686 ], [ 5.140639782024493, 6.574186325051983 ], [ 5.147155762451803, 6.569605349939422 ], [ 5.15458345449855, 6.56780004471284 ], [ 5.162112235614018, 6.561973094753682 ], [ 5.16193437649315, 6.559301375938389 ], [ 5.164249897066441, 6.554492473670962 ], [ 5.162290572735174, 6.552176952097682 ], [ 5.160687446645966, 6.549861907524701 ], [ 5.162290572735174, 6.546477795225371 ], [ 5.161221981009135, 6.543806076410078 ], [ 5.160331249403953, 6.539175510263817 ], [ 5.157125473225733, 6.536147594206454 ], [ 5.155166148894466, 6.533119678149149 ], [ 5.154809951652453, 6.529023170365747 ], [ 5.154809951652453, 6.518871307468032 ], [ 5.153028965442388, 6.515487194168713 ], [ 5.150357245627049, 6.511746882627335 ], [ 5.150179385506192, 6.508897304691175 ], [ 5.150179385506192, 6.504622935786927 ], [ 5.152138709837459, 6.503554344060888 ], [ 5.153741359926414, 6.501060486366441 ], [ 5.153385161684412, 6.498033047309434 ], [ 5.151069641111121, 6.493936538526043 ], [ 5.148576260416974, 6.492155552315978 ], [ 5.147329806570042, 6.489305496379473 ], [ 5.145370483238764, 6.488771439016602 ], [ 5.143589497028699, 6.486455917443323 ], [ 5.139492989245298, 6.480044365086997 ], [ 5.13575267770392, 6.477016449029634 ], [ 5.133615494251842, 6.472563744004219 ], [ 5.128806590984425, 6.468467236220874 ], [ 5.123463631354127, 6.462768078348518 ], [ 5.117407799239459, 6.459027766807196 ], [ 5.114023684940094, 6.45332813293453 ], [ 5.110461711519918, 6.449053764030339 ], [ 5.106009007494492, 6.446025847972976 ], [ 5.102981091437186, 6.442285538431634 ], [ 5.10280323031634, 6.438723564011411 ], [ 5.10511875188962, 6.437298775043359 ], [ 5.107789992704625, 6.435873985075261 ], [ 5.107612132583768, 6.433380604381114 ], [ 5.104584216526462, 6.43177747729186 ], [ 5.104406357405594, 6.427859305629681 ], [ 5.103693484921223, 6.424831389572319 ], [ 5.103871822042379, 6.422159671757015 ], [ 5.107255936341744, 6.419132232700065 ], [ 5.10850238818864, 6.417172909368787 ], [ 5.109749317035892, 6.414679526674661 ], [ 5.109570979914736, 6.41254186622217 ], [ 5.106899738099742, 6.409514427165163 ], [ 5.103693484921223, 6.402212143203656 ], [ 5.098885058654105, 6.397403239936182 ], [ 5.091582297692241, 6.392238140426741 ], [ 5.086036204923914, 6.389211655370389 ], [ 5.083274841047739, 6.38550281485044 ], [ 5.079293251342392, 6.381195544923855 ], [ 5.075731276922227, 6.377276897261311 ], [ 5.071278571896812, 6.376564502777285 ], [ 5.066113472387372, 6.376564502777285 ], [ 5.06255102196684, 6.37781143162448 ], [ 5.057386398457766, 6.381373405044712 ], [ 5.052824974358487, 6.384150981931896 ], [ 5.049193381890973, 6.382441997770741 ], [ 5.048082829136376, 6.377921103699009 ], [ 5.048124790164934, 6.375318049930343 ], [ 5.047234057559706, 6.37211227375218 ], [ 5.043849945260376, 6.366590977000726 ], [ 5.039219379114115, 6.36409711830629 ], [ 5.032392979475901, 6.364906787856398 ], [ 5.029245377337247, 6.36356306094342 ], [ 5.028709887973378, 6.360269546705581 ], [ 5.028355121732375, 6.35804176319192 ], [ 5.028176784611162, 6.350917339351213 ], [ 5.027820587369149, 6.345218182478902 ], [ 5.028711318974388, 6.341834068179594 ], [ 5.031738758031395, 6.337559700275335 ], [ 5.034945011209857, 6.332928658128765 ], [ 5.03530120845187, 6.328475952103361 ], [ 5.03013610794244, 6.323132992473063 ], [ 5.021523476090579, 6.318678856446695 ], [ 5.019684314840958, 6.315898417557491 ], [ 5.015364646905937, 6.308973788852541 ], [ 5.012897015229271, 6.302100182182244 ], [ 5.013073444349175, 6.298575400787342 ], [ 5.015618801078631, 6.292353152559599 ], [ 5.010605811672519, 6.292759417835669 ], [ 5.002569199212019, 6.294045447709436 ], [ 5.000326632688314, 6.295477389682389 ], [ 4.998461723421201, 6.297313689930036 ], [ 4.995665072520978, 6.300068377801722 ], [ 4.993790150247094, 6.303751469304245 ], [ 4.990987778343026, 6.307429313803141 ], [ 4.989118099072641, 6.310188769678064 ], [ 4.984456538905306, 6.314779757797453 ], [ 4.9797844887309, 6.321217537171606 ], [ 4.977909565456969, 6.324900626674093 ], [ 4.973248005289634, 6.329491614793426 ], [ 4.971378326019305, 6.332251071668395 ], [ 4.966706275844842, 6.338688850042558 ], [ 4.963904380941131, 6.342366694541454 ], [ 4.961102486037362, 6.346045017040694 ], [ 4.956430434862909, 6.352482319414548 ], [ 4.950805664041127, 6.36353158992199 ], [ 4.943239211900107, 6.390266895087393 ], [ 4.939489365352244, 6.397633076092347 ], [ 4.93855190271529, 6.399474621343586 ], [ 4.936651230423877, 6.407774447982945 ], [ 4.93475580213601, 6.415151118995084 ], [ 4.931011199591751, 6.421593666372473 ], [ 4.929991244898702, 6.438208579661534 ], [ 4.929038525251372, 6.442820071794813 ], [ 4.927163600977451, 6.44650316229729 ], [ 4.923429489440309, 6.451099396420204 ], [ 4.915980816379317, 6.456598282156449 ], [ 4.90949058496949, 6.45656204213185 ], [ 4.90578174644952, 6.456541538117904 ], [ 4.89930200604681, 6.454658984838773 ], [ 4.890050410760807, 6.450914383294503 ], [ 4.886352062247965, 6.449047089025782 ], [ 4.880799294475082, 6.447169780750244 ], [ 4.87617874133565, 6.444374083850676 ], [ 4.87063121756637, 6.441573142947561 ], [ 4.865088462800315, 6.437849045417238 ], [ 4.862322329920858, 6.435063361524499 ], [ 4.858628750411242, 6.432272910628512 ], [ 4.854925631895185, 6.431329249987357 ], [ 4.851180553350559, 6.437771797364746 ], [ 4.840930462386098, 6.446948527599886 ], [ 4.837195872848611, 6.451544761722801 ], [ 4.831596851044367, 6.457977295093428 ], [ 4.828789711137063, 6.462578773219946 ], [ 4.827836514489377, 6.467190266353214 ], [ 4.827821255479023, 6.469960213235254 ], [ 4.829649924721537, 6.474586964378943 ], [ 4.831463336953618, 6.481984138404925 ], [ 4.83420896481914, 6.488462924806981 ], [ 4.836032391058097, 6.49401283257788 ], [ 4.839704989553468, 6.500496863983471 ], [ 4.843388081055934, 6.505134106134278 ], [ 4.848920344814871, 6.510704993919433 ], [ 4.852603436317338, 6.515342236070239 ], [ 4.857218742453199, 6.51906108859697 ], [ 4.862740993205307, 6.526478766636956 ], [ 4.865497112078003, 6.53111076378417 ], [ 4.868247508946752, 6.536665915558672 ], [ 4.868216990926044, 6.542206287323097 ], [ 4.869102954527989, 6.549597740345234 ], [ 4.870004177140345, 6.55421972348563 ], [ 4.869061946500153, 6.556984425364135 ], [ 4.869025707475487, 6.563447951755791 ], [ 4.869911671077489, 6.570839404777928 ], [ 4.868943691419759, 6.578221320793602 ], [ 4.867969989758194, 6.586525917436177 ], [ 4.866976261082982, 6.598524093588367 ], [ 4.866007805424999, 6.605905532603742 ], [ 4.868738174280111, 6.615154742888137 ], [ 4.870561599519078, 6.620704650659036 ], [ 4.872369765747635, 6.629024982312274 ], [ 4.875115394613147, 6.635503768714329 ], [ 4.876938819852114, 6.641054153485527 ], [ 4.881549357984738, 6.645696162639581 ], [ 4.897270202666334, 6.653170108717802 ], [ 4.90282297143915, 6.65504789399364 ], [ 4.90930318784217, 6.656930447272771 ], [ 4.915778160241587, 6.659736633179421 ], [ 4.926888942790868, 6.662568092103243 ], [ 4.938020229354038, 6.661706447517815 ], [ 4.944510459763819, 6.661742209542126 ], [ 4.951932906807031, 6.660860061942742 ], [ 4.963064671370546, 6.659998417357315 ], [ 4.98069143334709, 6.658249378168875 ], [ 4.998348713344399, 6.650960445216413 ], [ 5.008568287288142, 6.647323607745363 ], [ 5.018746853203993, 6.651073456293204 ], [ 5.021487236065923, 6.658475399322469 ], [ 5.023326397315543, 6.661255836211637 ], [ 5.027900696423615, 6.672361373757326 ], [ 5.033427715178959, 6.678855419169736 ], [ 5.038965224941421, 6.68350315132767 ], [ 5.044512748710702, 6.686303616230418 ], [ 5.050977707103357, 6.690956593391888 ], [ 5.055593014239207, 6.694675445918676 ], [ 5.071267604889385, 6.710459231643028 ], [ 5.073112011142541, 6.712316512904977 ], [ 5.078197478597872, 6.714883803649343 ], [ 5.082357883424663, 6.716984272076502 ], [ 5.088838099827683, 6.718866825355633 ], [ 5.105563164191608, 6.712496281027143 ], [ 5.109793663066, 6.708925723601112 ], [ 5.112084388622463, 6.706992149287316 ], [ 5.122329711583689, 6.698738574679396 ] ] ] ] } },
{ "type": "Feature", "properties": { "fid": 180.0, "OBJECTID": 180.0, "lganame": "Akoko South West", "statecode": "ON", "LGA_UID": "28_04" }, "geometry": { "type": "MultiPolygon", "coordinates": [ [ [ [ 5.82348298998437, 7.495887756304796 ], [ 5.825400829287446, 7.488413811226621 ], [ 5.825431347308211, 7.482873917462541 ], [ 5.826435565990494, 7.46902942705583 ], [ 5.827414035655352, 7.459801196785691 ], [ 5.827465533690315, 7.450567721511959 ], [ 5.830308913622275, 7.439503192994152 ], [ 5.834985732799964, 7.432142257992723 ], [ 5.837823867728332, 7.422000885102136 ], [ 5.845338820834399, 7.404498577210177 ], [ 5.848161696752413, 7.39712715120163 ], [ 5.846866130872115, 7.394510746423919 ], [ 5.837967395825842, 7.396147727536174 ], [ 5.83149766942995, 7.392418385002259 ], [ 5.823184012781212, 7.386831760206405 ], [ 5.820407390894673, 7.385893344568785 ], [ 5.815797328762301, 7.381250858414433 ], [ 5.806577206497707, 7.371966362106036 ], [ 5.799210548492397, 7.362691878804469 ], [ 5.793673514730244, 7.358044146646535 ], [ 5.787208557337578, 7.35339164748541 ], [ 5.78073406193846, 7.350585460578714 ], [ 5.773336886912432, 7.346851349041572 ], [ 5.7640752786196, 7.344953059751788 ], [ 5.756678580593928, 7.341218948214646 ], [ 5.753917216717696, 7.33751010869463 ], [ 5.747457981328978, 7.331933974905951 ], [ 5.743754386812554, 7.330990314264739 ], [ 5.739133834673112, 7.328194618365217 ], [ 5.733581065900239, 7.326316833089322 ], [ 5.728028297127366, 7.324439525813773 ], [ 5.722480297357777, 7.321638583910669 ], [ 5.718792438852063, 7.317924976387474 ], [ 5.715098858342458, 7.315134525491487 ], [ 5.709566592583542, 7.309563636706343 ], [ 5.703096867187639, 7.305834293172438 ], [ 5.696621894788223, 7.303028107265732 ], [ 5.691064358012113, 7.302073955617459 ], [ 5.683651446975432, 7.301109790962357 ], [ 5.677166461569186, 7.300150394310492 ], [ 5.66974925952951, 7.3001093862826 ], [ 5.667884350262398, 7.301945685530313 ], [ 5.665092468365458, 7.303777217774723 ], [ 5.655805111055145, 7.3064956666218 ], [ 5.648377419008341, 7.308300971848382 ], [ 5.640027523334993, 7.309178352444519 ], [ 5.629828453405196, 7.309122086406319 ], [ 5.619624615472162, 7.309988498994983 ], [ 5.606638907649028, 7.310840129573648 ], [ 5.589949608309439, 7.310747622510803 ], [ 5.577896118119611, 7.310680866465418 ], [ 5.566759585552859, 7.312465667678111 ], [ 5.557482243249353, 7.313337803270713 ], [ 5.549132823576315, 7.314214705866505 ], [ 5.537079334386533, 7.31414794882113 ], [ 5.524098872566924, 7.314075946772221 ], [ 5.519457817413581, 7.314973831382304 ], [ 5.512040138373607, 7.314932823354411 ], [ 5.504433632205348, 7.316193104210754 ], [ 5.508306025836418, 7.319529057477382 ], [ 5.521214484607128, 7.332527637309283 ], [ 5.525809287729089, 7.339939594345367 ], [ 5.53040409085105, 7.347352028381749 ], [ 5.533149718716572, 7.353830813783816 ], [ 5.536838055222631, 7.357544899307356 ], [ 5.54234456996403, 7.367732048229016 ], [ 5.546017170459379, 7.374216079634607 ], [ 5.552476882848453, 7.379792213423343 ], [ 5.557071685970413, 7.387204170459427 ], [ 5.561655998085257, 7.396463393750651 ], [ 5.567173003833773, 7.404804230417824 ], [ 5.571773051959269, 7.411293029826652 ], [ 5.575445652454675, 7.417777061232243 ], [ 5.580973148210319, 7.424271583645009 ], [ 5.58281183245964, 7.427051543533821 ], [ 5.588349342222102, 7.431698798691457 ], [ 5.592938900340471, 7.440034866355404 ], [ 5.599372863712063, 7.450227261280645 ], [ 5.601191043947438, 7.456700801679119 ], [ 5.603910922795478, 7.467796326217979 ], [ 5.607496738231873, 7.480200290645939 ], [ 5.610309124142759, 7.484452247534932 ], [ 5.614950180296148, 7.483554362924849 ], [ 5.623289584962379, 7.484524249583842 ], [ 5.634405612515195, 7.486432551880455 ], [ 5.643677234814788, 7.486483573915109 ], [ 5.656658172634764, 7.486555575964019 ], [ 5.668726920834899, 7.483852386127353 ], [ 5.678009033141677, 7.482057094907532 ], [ 5.686358451814669, 7.481180191311694 ], [ 5.702115535520875, 7.482190608998224 ], [ 5.716950416600469, 7.482273102054307 ], [ 5.72714471752704, 7.483253001720072 ], [ 5.737348557460052, 7.482386112131053 ], [ 5.744760990496445, 7.483350276786211 ], [ 5.775306702250873, 7.492753506175234 ], [ 5.801237105869347, 7.498436928036881 ], [ 5.813270092045173, 7.502197265591803 ], [ 5.820687294084848, 7.502238273619696 ], [ 5.82348298998437, 7.495887756304796 ] ] ] ] } },
{ "type": "Feature", "properties": { "fid": 182.0, "OBJECTID": 182.0, "lganame": "Akoko North West", "statecode": "ON", "LGA_UID": "28_05" }, "geometry": { "type": "MultiPolygon", "coordinates": [ [ [ [ 5.940000534152546, 7.645110129694388 ], [ 5.937654017558202, 7.644160271049032 ], [ 5.929329871902326, 7.640420913508308 ], [ 5.921943187883471, 7.634840011716335 ], [ 5.917333125751099, 7.630197524561993 ], [ 5.914587497885577, 7.623718739159983 ], [ 5.903569221399209, 7.604267119943472 ], [ 5.900828837537233, 7.596865176914207 ], [ 5.893457412528676, 7.588513851239895 ], [ 5.880517959736949, 7.581055641172384 ], [ 5.868490218564659, 7.57637166998984 ], [ 5.854602814128839, 7.572601318428099 ], [ 5.843492030579569, 7.56976985850423 ], [ 5.834235668290319, 7.56694841358717 ], [ 5.819416046221079, 7.564096450649402 ], [ 5.809232712301991, 7.561269759728816 ], [ 5.786094188580421, 7.553754806622749 ], [ 5.772196770137782, 7.551831245315782 ], [ 5.752730845911628, 7.550799846615007 ], [ 5.736963272198295, 7.551635742182953 ], [ 5.721206665492389, 7.550625324496423 ], [ 5.71193456619244, 7.550573826461402 ], [ 5.697079182098946, 7.55418491391498 ], [ 5.684082985268617, 7.55688333474842 ], [ 5.671086788438288, 7.55958127958155 ], [ 5.661809921135102, 7.560453415174152 ], [ 5.653470516468872, 7.559483527515169 ], [ 5.646053314429253, 7.559442520487266 ], [ 5.635854244499455, 7.559386253449077 ], [ 5.627499103822515, 7.561186313672124 ], [ 5.618211745512212, 7.56390523851951 ], [ 5.620030402747886, 7.570378779917974 ], [ 5.621859073990379, 7.575005531061606 ], [ 5.624599456852366, 7.582407951091227 ], [ 5.629199504977862, 7.588896751500045 ], [ 5.631032944223591, 7.592600346016468 ], [ 5.634706019719317, 7.599083900421761 ], [ 5.638383865218202, 7.604644775200086 ], [ 5.642061709717154, 7.610205172978112 ], [ 5.642978668340163, 7.612056732236169 ], [ 5.646656512839115, 7.617617607014552 ], [ 5.653100967217767, 7.625963687685271 ], [ 5.655056476546463, 7.628722667559884 ], [ 5.659388065489566, 7.628963469723487 ], [ 5.669479370346153, 7.626179694832047 ], [ 5.675742625601742, 7.623744011177109 ], [ 5.680962086148099, 7.623744011177109 ], [ 5.688617229349404, 7.632442951087626 ], [ 5.691401005240891, 7.638010501870554 ], [ 5.691401005240891, 7.642881870180418 ], [ 5.692097186713909, 7.651581287091233 ], [ 5.69314098442311, 7.658888340056023 ], [ 5.694324493227214, 7.66452836988816 ], [ 5.69488096160535, 7.671763419804051 ], [ 5.699404239678699, 7.682898045369541 ], [ 5.707059859880303, 7.690553664571155 ], [ 5.716454983263873, 7.70099258366389 ], [ 5.728285789302333, 7.71038770704746 ], [ 5.742552279995778, 7.719782829430983 ], [ 5.756123066216446, 7.728481770341489 ], [ 5.76760578201845, 7.737181187252361 ], [ 5.773028373702857, 7.747318745140376 ], [ 5.780241965604148, 7.745772839089966 ], [ 5.801024436724845, 7.733303546617663 ], [ 5.816439152198427, 7.727849006911583 ], [ 5.819413662219461, 7.731224537205094 ], [ 5.822185040102454, 7.733086586470279 ], [ 5.827743052878873, 7.734040737118562 ], [ 5.832389355035843, 7.732220172881568 ], [ 5.837035179192469, 7.730399131644276 ], [ 5.842608451979231, 7.72858285941021 ], [ 5.850026131019206, 7.728624344438401 ], [ 5.857433319052006, 7.730512141721078 ], [ 5.864830017077736, 7.73424625425821 ], [ 5.870383262850908, 7.736124038534058 ], [ 5.876858234250335, 7.738929749440445 ], [ 5.883337974653045, 7.740812301719529 ], [ 5.889812946052473, 7.743618487626179 ], [ 5.898147105715111, 7.745511531912427 ], [ 5.903699875487973, 7.747388840187966 ], [ 5.908330916634554, 7.748338222833013 ], [ 5.91481590304079, 7.749297142484579 ], [ 5.91944694518736, 7.750246048129327 ], [ 5.921306610450927, 7.74933290450889 ], [ 5.92873907050091, 7.746604442655041 ], [ 5.930603980768069, 7.744768143407327 ], [ 5.930624484781958, 7.741074561897733 ], [ 5.929718018166056, 7.737376213384891 ], [ 5.927884101920029, 7.733672141868112 ], [ 5.926039695666816, 7.73181533760652 ], [ 5.925133228050925, 7.728116989093678 ], [ 5.923309802812014, 7.722566605322413 ], [ 5.922403336196112, 7.718868255809582 ], [ 5.921491145576283, 7.71609306292396 ], [ 5.922439098220423, 7.712404728417937 ], [ 5.923391818867742, 7.707793236284601 ], [ 5.927141666415594, 7.700427532280003 ], [ 5.92902183469306, 7.695821285150259 ], [ 5.929975033340725, 7.691209316016625 ], [ 5.931890964642491, 7.680139542495226 ], [ 5.933786391930369, 7.672763348483443 ], [ 5.935671329211061, 7.667233466726145 ], [ 5.93663978586909, 7.659852027710826 ], [ 5.93762826854072, 7.648777008185846 ], [ 5.940000534152546, 7.645110129694388 ] ] ] ] } },
{ "type": "Feature", "properties": { "fid": 189.0, "OBJECTID": 189.0, "lganame": "Idanre", "statecode": "ON", "LGA_UID": "28_09" }, "geometry": { "type": "MultiPolygon", "coordinates": [ [ [ [ 5.063632010701326, 7.249660015004622 ], [ 5.07198190737472, 7.248782635408475 ], [ 5.076617717524528, 7.248808384426013 ], [ 5.083097457927181, 7.250690936705098 ], [ 5.092750311485872, 7.244110782234202 ], [ 5.100483558740223, 7.237269831586104 ], [ 5.108216806994619, 7.228346852523316 ], [ 5.114827633486357, 7.213932513729503 ], [ 5.118561745023499, 7.209336280606578 ], [ 5.121364116927566, 7.205658436107626 ], [ 5.129749774625282, 7.198318005120143 ], [ 5.136265755052534, 7.193737507007938 ], [ 5.141859530853253, 7.188228130264577 ], [ 5.146521091020588, 7.183637142145187 ], [ 5.152120112824832, 7.177204608774616 ], [ 5.158651829262851, 7.169854163780315 ], [ 5.165162562686589, 7.16619634629501 ], [ 5.173532963373873, 7.161626339189866 ], [ 5.180043696797611, 7.15796899770487 ], [ 5.185622214587966, 7.155229567843605 ], [ 5.190278529751708, 7.15156221435177 ], [ 5.197716712805573, 7.147909640870012 ], [ 5.204227448229346, 7.144252300385062 ], [ 5.207014084122704, 7.143344401768161 ], [ 5.211686134297167, 7.136906624393987 ], [ 5.218212127731249, 7.130479336026951 ], [ 5.223806380532324, 7.124970436283945 ], [ 5.229400158333021, 7.119461059540583 ], [ 5.234051704493538, 7.116716861676025 ], [ 5.239630222283836, 7.113977431814703 ], [ 5.247068405337757, 7.11032533633329 ], [ 5.25450086638773, 7.107596397479085 ], [ 5.261923790431297, 7.106714248879712 ], [ 5.266826292762289, 7.106253354566547 ], [ 5.271200656734493, 7.10584211328711 ], [ 5.280472279034086, 7.10589361232212 ], [ 5.284181117554112, 7.105914116336066 ], [ 5.291604041597623, 7.105031966736647 ], [ 5.300880908900808, 7.104159832144092 ], [ 5.311089992837424, 7.102369784927816 ], [ 5.318512916880934, 7.101487637328489 ], [ 5.325940608927681, 7.099681854101505 ], [ 5.333368300974485, 7.097876548874922 ], [ 5.340795994021221, 7.096070765647937 ], [ 5.345442295178202, 7.094249725410634 ], [ 5.350083351331591, 7.093352317800907 ], [ 5.35379219085155, 7.093372821814853 ], [ 5.358428001001357, 7.093398570832335 ], [ 5.365155219572216, 7.092512131230023 ], [ 5.369559287564527, 7.092536926246851 ], [ 5.372340679454396, 7.092552185257261 ], [ 5.376054763977891, 7.091649531643952 ], [ 5.382555485394846, 7.089838505413411 ], [ 5.389993191448411, 7.086186408932008 ], [ 5.399280547758735, 7.083467960084931 ], [ 5.406713485809064, 7.080739021230784 ], [ 5.413214207226019, 7.078927994000253 ], [ 5.422516822546697, 7.073439598271136 ], [ 5.433663368120278, 7.069808005803623 ], [ 5.440164088537188, 7.067996978573149 ], [ 5.444810389694112, 7.066175938335846 ], [ 5.449725151033476, 7.064806938405638 ], [ 5.452248572748033, 7.062523841854386 ], [ 5.455972672278392, 7.059774398986292 ], [ 5.45875930817175, 7.05886650136938 ], [ 5.461540699061572, 7.058881760379791 ], [ 5.464332580958569, 7.05705070513568 ], [ 5.469911097748877, 7.054311275274358 ], [ 5.475494861542813, 7.050649165786126 ], [ 5.478302002450107, 7.046047687659609 ], [ 5.478327751467589, 7.041430949522749 ], [ 5.477426051854934, 7.036809444382698 ], [ 5.475602626616023, 7.031259059611443 ], [ 5.478466510561873, 7.016500949583985 ], [ 5.481263161462095, 7.013746737712665 ], [ 5.484086037380109, 7.006375312704108 ], [ 5.486898422290949, 7.000850676950392 ], [ 5.488788604575291, 6.994397639565818 ], [ 5.49253320711955, 6.987955093188418 ], [ 5.499064921557533, 6.980604172193807 ], [ 5.500929355824326, 6.978767871946161 ], [ 5.505601405998789, 6.972330092572008 ], [ 5.508413791909675, 6.966805457818282 ], [ 5.512168407460763, 6.958516121186051 ], [ 5.517793655282844, 6.947466849678563 ], [ 5.519678592563537, 6.941936969921301 ], [ 5.524350642738, 6.935499667547447 ], [ 5.529964923552654, 6.926297188294768 ], [ 5.533725262107623, 6.917084217034983 ], [ 5.534693240765307, 6.909702778019664 ], [ 5.535651207416208, 6.90416765225882 ], [ 5.535676003433025, 6.899732113245079 ], [ 5.5356926924444, 6.896780968239909 ], [ 5.536655426098548, 6.890323161852109 ], [ 5.537059784373241, 6.884796619097131 ], [ 5.459748744844035, 6.885982989903198 ], [ 5.436575843099149, 6.886338709144866 ], [ 5.272408008554805, 6.888858794857185 ], [ 5.254822253606108, 6.883221626026966 ], [ 5.243793488112601, 6.865616798065332 ], [ 5.236447811121536, 6.852648735254149 ], [ 5.232769965622651, 6.847088337476123 ], [ 5.226325989244231, 6.8387422558053 ], [ 5.223565102368354, 6.835033417285331 ], [ 5.218970299246394, 6.827620983248949 ], [ 5.215297221750745, 6.821137427843667 ], [ 5.213458537501424, 6.818356990954499 ], [ 5.211624622255385, 6.814653397438065 ], [ 5.208868504382735, 6.81002140029085 ], [ 5.207045078143778, 6.804471015519653 ], [ 5.206138610527887, 6.800772667006754 ], [ 5.205232142911996, 6.797074318493912 ], [ 5.204325199295738, 6.793375491980726 ], [ 5.202496529053235, 6.788748740837093 ], [ 5.202527523074309, 6.783208847073013 ], [ 5.201615810454825, 6.78043365518738 ], [ 5.197015762329329, 6.773944854778563 ], [ 5.19053554492632, 6.772061825499122 ], [ 5.185914992786877, 6.769266128599554 ], [ 5.180367470017586, 6.76646518669645 ], [ 5.172970294991558, 6.762731075159309 ], [ 5.166505813599258, 6.758078574998137 ], [ 5.156352996700889, 6.749711990313472 ], [ 5.15081071893519, 6.745987891783102 ], [ 5.145293713186618, 6.737647057115908 ], [ 5.140693665061121, 6.731158256707033 ], [ 5.137937546188482, 6.726525783559509 ], [ 5.135191917322913, 6.720046997157453 ], [ 5.131524562831146, 6.712639809124653 ], [ 5.126022816092984, 6.701529025575383 ], [ 5.122329711583689, 6.698738574679396 ], [ 5.112084388622463, 6.706992149287316 ], [ 5.109793663066, 6.708925723601112 ], [ 5.105563164191608, 6.712496281027143 ], [ 5.088838099827683, 6.718866825355633 ], [ 5.082357883424663, 6.716984272076502 ], [ 5.078197478597872, 6.714883803649343 ], [ 5.07679462364473, 6.716953754055737 ], [ 5.072138309480977, 6.720621108547562 ], [ 5.067487240320816, 6.723365307412109 ], [ 5.062835693160253, 6.726109982276967 ], [ 5.053517817829231, 6.734368323888134 ], [ 5.051632403548183, 6.739898204645442 ], [ 5.049747467267423, 6.74542808540275 ], [ 5.046924591349409, 6.752799034410941 ], [ 5.046898842331927, 6.757415770547823 ], [ 5.040393352911792, 6.760149956405542 ], [ 5.017136574109884, 6.773871421728643 ], [ 5.013401984572397, 6.778467177851269 ], [ 5.002203940963852, 6.791332721592767 ], [ 5.001214981291923, 6.802407265117381 ], [ 5.00209093088705, 6.811645985394705 ], [ 5.002070426873161, 6.815339087903965 ], [ 5.001107216218657, 6.821797371292064 ], [ 4.997346877663688, 6.83101034155186 ], [ 4.997295855629034, 6.840243339825236 ], [ 4.996327399970994, 6.84762525584091 ], [ 4.995369434320139, 6.853159903601465 ], [ 4.993458748021908, 6.863306046495268 ], [ 4.992464542346397, 6.875304221647468 ], [ 4.993371486962644, 6.879003048160655 ], [ 4.992403030304615, 6.886384487175974 ], [ 4.991435050646885, 6.89376592619135 ], [ 4.988069057359837, 6.898733615566641 ], [ 4.989544392362291, 6.900218963575867 ], [ 4.994072437438888, 6.919634818768031 ], [ 4.996802807294046, 6.928883553052117 ], [ 4.998605727519021, 6.938127041332621 ], [ 5.00222206097618, 6.954767226638864 ], [ 5.004936694820628, 6.96678590780499 ], [ 5.006719112031703, 6.979723453595454 ], [ 5.006657599989921, 6.990803242123604 ], [ 5.00474691369169, 7.000949383017428 ], [ 5.000976086129583, 7.012009143532055 ], [ 4.99815893221546, 7.01845693591298 ], [ 4.998122692190861, 7.024920464304671 ], [ 4.995289803266019, 7.034138202567704 ], [ 4.994326590611593, 7.040596484955813 ], [ 4.995223045220655, 7.046141623723429 ], [ 4.993307113918888, 7.057210922244508 ], [ 4.992343903264441, 7.063669204632617 ], [ 4.992308140240141, 7.070132732024263 ], [ 4.992282830222905, 7.074679944113882 ], [ 4.992261887208713, 7.078442573670429 ], [ 4.993153094814204, 7.084911346065667 ], [ 4.994976521053161, 7.090461730836864 ], [ 4.998654365552056, 7.096022128614891 ], [ 5.002332687051307, 7.101582527392964 ], [ 5.004166126297093, 7.105286120909341 ], [ 5.000960186118789, 7.115834253076343 ], [ 5.002788857361281, 7.120461481220275 ], [ 5.005539730230339, 7.126016632994777 ], [ 5.005503491205729, 7.132480161386411 ], [ 5.006399944814859, 7.138025300154084 ], [ 5.007291153420397, 7.144493596549012 ], [ 5.00723488638215, 7.154650228449952 ], [ 5.007203892361076, 7.160190122214033 ], [ 5.00624068070664, 7.166648404602142 ], [ 5.006199672678747, 7.174035088621054 ], [ 5.006158664650911, 7.181421772639965 ], [ 5.005200699, 7.186956899400798 ], [ 5.004252747355906, 7.190644757906512 ], [ 5.004216984331606, 7.197108285298214 ], [ 5.003284290697877, 7.200154798368146 ], [ 5.007340431453883, 7.201333523169069 ], [ 5.01196098259328, 7.204129219068591 ], [ 5.01473236147632, 7.205991268333776 ], [ 5.022109032488402, 7.213418961380569 ], [ 5.025781630983772, 7.219902514785815 ], [ 5.029454708479477, 7.226386547191396 ], [ 5.032220364358579, 7.231300353530116 ], [ 5.032186985335898, 7.235174656162485 ], [ 5.033091067950181, 7.239333629988323 ], [ 5.034899712179083, 7.247653960641628 ], [ 5.036707401407341, 7.255974293294912 ], [ 5.041353702564265, 7.254153252057563 ], [ 5.046922207347791, 7.253260612451072 ], [ 5.050635814871043, 7.252357959837752 ], [ 5.055276871024432, 7.251460552228025 ], [ 5.063632010701326, 7.249660015004622 ] ] ] ] } },
{ "type": "Feature", "properties": { "fid": 191.0, "OBJECTID": 191.0, "lganame": "Akoko South East", "statecode": "ON", "LGA_UID": "28_03" }, "geometry": { "type": "MultiPolygon", "coordinates": [ [ [ [ 5.950448036251146, 7.344475269427164 ], [ 5.942094802575525, 7.345939636422088 ], [ 5.932807446265201, 7.348658085269165 ], [ 5.92259311732505, 7.351371765113015 ], [ 5.910519123121333, 7.354998111576947 ], [ 5.900289536170817, 7.36048173930277 ], [ 5.891903400472813, 7.367822170290253 ], [ 5.885366917031604, 7.37609624891212 ], [ 5.88161182448016, 7.384385585544351 ], [ 5.874174118426595, 7.388037682025754 ], [ 5.865814208746428, 7.390761374876377 ], [ 5.857459068069545, 7.392561913099769 ], [ 5.846866130872115, 7.394510746423919 ], [ 5.848161696752413, 7.39712715120163 ], [ 5.845338820834399, 7.404498577210177 ], [ 5.837823867728332, 7.422000885102136 ], [ 5.834985732799964, 7.432142257992723 ], [ 5.830308913622275, 7.439503192994152 ], [ 5.827465533690315, 7.450567721511959 ], [ 5.827414035655352, 7.459801196785691 ], [ 5.826435565990494, 7.46902942705583 ], [ 5.825431347308211, 7.482873917462541 ], [ 5.825400829287446, 7.488413811226621 ], [ 5.82348298998437, 7.495887756304796 ], [ 5.827208995516003, 7.49673414187987 ], [ 5.836475371812071, 7.497708796542099 ], [ 5.845742226108484, 7.498683453204364 ], [ 5.857790470294674, 7.499673842877257 ], [ 5.870770931114293, 7.499745845926213 ], [ 5.881907462681056, 7.497960566713175 ], [ 5.893038750244216, 7.497098923127737 ], [ 5.908790587946896, 7.499032974441832 ], [ 5.929183482802898, 7.500069141145843 ], [ 5.945872784142466, 7.500161648208746 ], [ 5.951171874742954, 7.501221656928919 ], [ 5.948815823142127, 7.496039867408172 ], [ 5.948134898679484, 7.487301826471082 ], [ 5.953258038160413, 7.48376321806677 ], [ 5.954929829296304, 7.479669094284986 ], [ 5.956608772437107, 7.476157187898821 ], [ 5.957714081188101, 7.472651004516536 ], [ 5.963303088985583, 7.460363865168006 ], [ 5.966173171935623, 7.460340023151787 ], [ 5.971339226445707, 7.460299015123951 ], [ 5.975343227166263, 7.459099770309081 ], [ 5.978772163496046, 7.457905769497813 ], [ 5.984490871381638, 7.456110001277693 ], [ 5.986714839892727, 7.45026397730561 ], [ 5.98725986526307, 7.44792699771773 ], [ 5.987216949233925, 7.444429874341608 ], [ 5.987182140210223, 7.441515923361692 ], [ 5.98487091063987, 7.440369128582518 ], [ 5.981406212285776, 7.438648224413214 ], [ 5.97966194210062, 7.436913967234887 ], [ 5.977336883520877, 7.434600829663225 ], [ 5.97558689133183, 7.432283878088981 ], [ 5.974402904527381, 7.429378986115239 ], [ 5.973793983113637, 7.426468849137905 ], [ 5.972601891303668, 7.422980784767958 ], [ 5.971411228494674, 7.419494152398954 ], [ 5.968483924505676, 7.41485405024622 ], [ 5.969007968861774, 7.4107689864706 ], [ 5.970127105622169, 7.408429145880802 ], [ 5.974661826703311, 7.403728007686595 ], [ 5.974051952288903, 7.400818824709916 ], [ 5.975708961414739, 7.395558834136011 ], [ 5.97855806435058, 7.393786906932064 ], [ 5.979677200110984, 7.391446114341647 ], [ 5.978499889311081, 7.389123916763822 ], [ 5.97731685550724, 7.38621902479008 ], [ 5.974970817913231, 7.38215780303068 ], [ 5.974919795878577, 7.378077984258596 ], [ 5.974884986854931, 7.37516403227869 ], [ 5.975996016609827, 7.372240067292012 ], [ 5.978241920135815, 7.368141173507013 ], [ 5.98109102207161, 7.366368771302746 ], [ 5.986794948947193, 7.363408089291113 ], [ 5.987339973317489, 7.361072062703897 ], [ 5.986731051903746, 7.358161925726563 ], [ 5.986694812879136, 7.355247973746714 ], [ 5.980875968925488, 7.348884106422759 ], [ 5.978566170356089, 7.347735881642564 ], [ 5.975113869010443, 7.347181797266103 ], [ 5.971662997665703, 7.346627234889297 ], [ 5.968785762710752, 7.34606695150859 ], [ 5.964760779975961, 7.345518112135721 ], [ 5.957695007175118, 7.344322205323124 ], [ 5.95499610934138, 7.345014094793271 ], [ 5.950448036251146, 7.344475269427164 ] ] ] ] } },
{ "type": "Feature", "properties": { "fid": 220.0, "OBJECTID": 220.0, "lganame": "Owo", "statecode": "ON", "LGA_UID": "28_18" }, "geometry": { "type": "MultiPolygon", "coordinates": [ [ [ [ 5.66974925952951, 7.3001093862826 ], [ 5.669764518539921, 7.29733943940056 ], [ 5.671654700824206, 7.290885925015687 ], [ 5.673540115105254, 7.285356522258724 ], [ 5.675430298389529, 7.278903483874217 ], [ 5.681034565197365, 7.271547793876323 ], [ 5.682914734474821, 7.266941546746637 ], [ 5.684794425751988, 7.262334823616584 ], [ 5.68854427329984, 7.254968642611573 ], [ 5.692294120847691, 7.247602462606608 ], [ 5.695106505758588, 7.242078303853191 ], [ 5.696986675036044, 7.237471580723138 ], [ 5.702580451836752, 7.231962203979776 ], [ 5.710961341531174, 7.225545405619869 ], [ 5.715622901698509, 7.220954417500536 ], [ 5.716575623345818, 7.216342926367247 ], [ 5.717544079003858, 7.208961487351871 ], [ 5.718481540640823, 7.207119942100633 ], [ 5.726898193359546, 7.19423961634908 ], [ 5.734346390420228, 7.18874025261249 ], [ 5.74083661983002, 7.188776492637146 ], [ 5.747337341246975, 7.186965942406971 ], [ 5.749196528510197, 7.186052798786534 ], [ 5.757562160194254, 7.182405472308346 ], [ 5.761291026727861, 7.178732871812997 ], [ 5.761337279759289, 7.17042303116682 ], [ 5.758576392883413, 7.166714190646871 ], [ 5.754883289374106, 7.163923263750519 ], [ 5.741938590578798, 7.157388210310273 ], [ 5.738240242065956, 7.155520916041553 ], [ 5.734551906559886, 7.151807307518311 ], [ 5.729009150793843, 7.148083209987988 ], [ 5.723461628024552, 7.145282269084873 ], [ 5.715142727372267, 7.140619277916585 ], [ 5.709594726602631, 7.137818336013481 ], [ 5.704958916452824, 7.137793063996298 ], [ 5.702187537569785, 7.135930537730815 ], [ 5.693873881921093, 7.13034439093525 ], [ 5.689268588792004, 7.124778748153688 ], [ 5.687450408556629, 7.118305205755235 ], [ 5.690257549463922, 7.113704204629073 ], [ 5.693054676364454, 7.110949515757341 ], [ 5.697721003535037, 7.105435371010742 ], [ 5.700549126456565, 7.097140312374677 ], [ 5.699667930857856, 7.088825225724975 ], [ 5.693208694469092, 7.083249568936537 ], [ 5.685801506436292, 7.081361770653871 ], [ 5.678389072399852, 7.08039712899847 ], [ 5.674680232879894, 7.080376624984524 ], [ 5.660777569433662, 7.079376221304813 ], [ 5.656152248290994, 7.077504158032809 ], [ 5.651526451147959, 7.075631617760507 ], [ 5.647843360645481, 7.070994376609747 ], [ 5.644165516146586, 7.06543397883172 ], [ 5.642336844904094, 7.060806750687732 ], [ 5.641429901287836, 7.05710840217489 ], [ 5.641455650305375, 7.052491665038019 ], [ 5.640564441699837, 7.046023368643091 ], [ 5.639667988090707, 7.040478229875418 ], [ 5.638756275471223, 7.037703036989853 ], [ 5.63786029786246, 7.032157898222181 ], [ 5.637911319897114, 7.022924422948449 ], [ 5.637030602298751, 7.014609337298737 ], [ 5.633347510796227, 7.009972572148286 ], [ 5.628732203660377, 7.006253241621152 ], [ 5.622262001264176, 7.002523899087237 ], [ 5.617636681121496, 7.000651359814981 ], [ 5.611156463718487, 6.99876880553586 ], [ 5.605598926942378, 6.997815131887876 ], [ 5.597264290279384, 6.995922088601617 ], [ 5.591706275502986, 6.994967936953344 ], [ 5.587090969367125, 6.991248608426247 ], [ 5.584334850494429, 6.986616611278976 ], [ 5.582511425255518, 6.981066703508077 ], [ 5.579765797389996, 6.974587440105722 ], [ 5.578864573777651, 6.969965934965671 ], [ 5.578905581805543, 6.962579249946771 ], [ 5.577993870186049, 6.959804058061138 ], [ 5.578014374199995, 6.956110953551843 ], [ 5.578060627231423, 6.947800635905367 ], [ 5.57812738427674, 6.935797690749951 ], [ 5.577277183699096, 6.921942234335802 ], [ 5.576416492114276, 6.909934044176794 ], [ 5.576467991149286, 6.900700568903062 ], [ 5.570976734418252, 6.887742996099007 ], [ 5.56821584654233, 6.884034156579048 ], [ 5.565518855709854, 6.876023293136029 ], [ 5.56175136615002, 6.879381657417866 ], [ 5.555240153725947, 6.883038997902872 ], [ 5.547441483427122, 6.88379287741509 ], [ 5.537059784373241, 6.884796619097131 ], [ 5.536655426098548, 6.890323161852109 ], [ 5.5356926924444, 6.896780968239909 ], [ 5.535676003433025, 6.899732113245079 ], [ 5.535651207416208, 6.90416765225882 ], [ 5.534693240765307, 6.909702778019664 ], [ 5.533725262107623, 6.917084217034983 ], [ 5.529964923552654, 6.926297188294768 ], [ 5.524350642738, 6.935499667547447 ], [ 5.519678592563537, 6.941936969921301 ], [ 5.517793655282844, 6.947466849678563 ], [ 5.512168407460763, 6.958516121186051 ], [ 5.508413791909675, 6.966805457818282 ], [ 5.505601405998789, 6.972330092572008 ], [ 5.500929355824326, 6.978767871946161 ], [ 5.499064921557533, 6.980604172193807 ], [ 5.49253320711955, 6.987955093188418 ], [ 5.488788604575291, 6.994397639565818 ], [ 5.486898422290949, 7.000850676950392 ], [ 5.484086037380109, 7.006375312704108 ], [ 5.481263161462095, 7.013746737712665 ], [ 5.478466510561873, 7.016500949583985 ], [ 5.475602626616023, 7.031259059611443 ], [ 5.477426051854934, 7.036809444382698 ], [ 5.478327751467589, 7.041430949522749 ], [ 5.478302002450107, 7.046047687659609 ], [ 5.475494861542813, 7.050649165786126 ], [ 5.469911097748877, 7.054311275274358 ], [ 5.464332580958569, 7.05705070513568 ], [ 5.461540699061572, 7.058881760379791 ], [ 5.45875930817175, 7.05886650136938 ], [ 5.455972672278392, 7.059774398986292 ], [ 5.452248572748033, 7.062523841854386 ], [ 5.449725151033476, 7.064806938405638 ], [ 5.452212333723423, 7.068987370246077 ], [ 5.454978465602892, 7.071772575138482 ], [ 5.460525990372162, 7.074573517041586 ], [ 5.466073990141751, 7.0773744579447 ], [ 5.472543715537654, 7.081103802478594 ], [ 5.476242065050485, 7.082970618747026 ], [ 5.47993564556009, 7.085761546643312 ], [ 5.482701778439548, 7.088546752535763 ], [ 5.487311839571873, 7.093189239690105 ], [ 5.490979671063997, 7.100596427722905 ], [ 5.490021229412775, 7.10613107748344 ], [ 5.48629236187918, 7.109804152979166 ], [ 5.476994513561749, 7.114369392081016 ], [ 5.466780185621587, 7.117082595924501 ], [ 5.457498074314799, 7.118877888144311 ], [ 5.446376800758458, 7.117893219475263 ], [ 5.439891815352212, 7.116933822823398 ], [ 5.43340635294561, 7.115974426171533 ], [ 5.427817822148484, 7.12056016928733 ], [ 5.426844597487218, 7.128865241930271 ], [ 5.427741051096348, 7.134410380697943 ], [ 5.425855636815299, 7.139940262455241 ], [ 5.423012256883339, 7.151004313972749 ], [ 5.420153617941025, 7.16483926837293 ], [ 5.419211388300823, 7.167603970251434 ], [ 5.419195652290114, 7.170373917133475 ], [ 5.41914463025546, 7.17960739140716 ], [ 5.420025348853869, 7.187922478056862 ], [ 5.420927048466524, 7.192544460197325 ], [ 5.42274522770191, 7.199018001595789 ], [ 5.423646927314564, 7.20363950673584 ], [ 5.42454862592723, 7.208261489876293 ], [ 5.42080402438296, 7.214704037253682 ], [ 5.4179964074753, 7.219305515380199 ], [ 5.416126728204915, 7.22206544925541 ], [ 5.418882370077256, 7.226697445402635 ], [ 5.418836117045828, 7.235007286048813 ], [ 5.4187898640144, 7.243317603695289 ], [ 5.4187541009901, 7.249780655086624 ], [ 5.409415721645132, 7.261732578207386 ], [ 5.40755081237802, 7.263568878455033 ], [ 5.40382671384765, 7.266318321323183 ], [ 5.400097370313745, 7.269991397818842 ], [ 5.398232937046942, 7.271827698066545 ], [ 5.394508361516273, 7.274577140934639 ], [ 5.392638683245934, 7.277336596809562 ], [ 5.391695975605387, 7.280101775688365 ], [ 5.390758513968422, 7.281942843939305 ], [ 5.388226032247701, 7.283186912784572 ], [ 5.398140429984096, 7.288447857359131 ], [ 5.404620171386796, 7.290330409638273 ], [ 5.412964821056562, 7.290376662669701 ], [ 5.417595863203132, 7.291325569314438 ], [ 5.426857471495964, 7.293223380603877 ], [ 5.435851096606712, 7.296033858513454 ], [ 5.438889979671501, 7.296983719158845 ], [ 5.44537019707451, 7.298866272437976 ], [ 5.450928210850918, 7.29982042308626 ], [ 5.454043864967844, 7.300614356625715 ], [ 5.458335399883765, 7.301708221368926 ], [ 5.465752601923384, 7.301749229396819 ], [ 5.473170279963369, 7.301790237424655 ], [ 5.481499671622771, 7.304606438338169 ], [ 5.489818573275102, 7.309269427506422 ], [ 5.496288299670937, 7.312998772040316 ], [ 5.504433632205348, 7.316193104210754 ], [ 5.512040138373607, 7.314932823354411 ], [ 5.519457817413581, 7.314973831382304 ], [ 5.524098872566924, 7.314075946772221 ], [ 5.537079334386533, 7.31414794882113 ], [ 5.549132823576315, 7.314214705866505 ], [ 5.557482243249353, 7.313337803270713 ], [ 5.566759585552859, 7.312465667678111 ], [ 5.577896118119611, 7.310680866465418 ], [ 5.589949608309439, 7.310747622510803 ], [ 5.606638907649028, 7.310840129573648 ], [ 5.619624615472162, 7.309988498994983 ], [ 5.629828453405196, 7.309122086406319 ], [ 5.640027523334993, 7.309178352444519 ], [ 5.648377419008341, 7.308300971848382 ], [ 5.655805111055145, 7.3064956666218 ], [ 5.665092468365458, 7.303777217774723 ], [ 5.667884350262398, 7.301945685530313 ], [ 5.66974925952951, 7.3001093862826 ] ] ] ] } },
{ "type": "Feature", "properties": { "fid": 222.0, "OBJECTID": 222.0, "lganame": "Ose", "statecode": "ON", "LGA_UID": "28_17" }, "geometry": { "type": "MultiPolygon", "coordinates": [ [ [ [ 5.846866130872115, 7.394510746423919 ], [ 5.857459068069545, 7.392561913099769 ], [ 5.865814208746428, 7.390761374876377 ], [ 5.874174118426595, 7.388037682025754 ], [ 5.88161182448016, 7.384385585544351 ], [ 5.885366917031604, 7.37609624891212 ], [ 5.891903400472813, 7.367822170290253 ], [ 5.900289536170817, 7.36048173930277 ], [ 5.910519123121333, 7.354998111576947 ], [ 5.92259311732505, 7.351371765113015 ], [ 5.932807446265201, 7.348658085269165 ], [ 5.942094802575525, 7.345939636422088 ], [ 5.950448036251146, 7.344475269427164 ], [ 5.945209979692152, 7.342761993263025 ], [ 5.940609931566598, 7.342216968892728 ], [ 5.93715190921705, 7.341079235119707 ], [ 5.933119774477404, 7.339945793349557 ], [ 5.927371978572069, 7.339409827985435 ], [ 5.923339843832423, 7.33827686321564 ], [ 5.919308186093076, 7.337144852446443 ], [ 5.917542933893685, 7.333662033080032 ], [ 5.918024063220571, 7.326079844928302 ], [ 5.918569087590924, 7.323742867340457 ], [ 5.917385100786419, 7.320837975366715 ], [ 5.916209220987469, 7.318517207789853 ], [ 5.916747093352967, 7.315598010806411 ], [ 5.917866230113361, 7.313257217215948 ], [ 5.919545174254097, 7.309745788830071 ], [ 5.9212241173949, 7.306233883443895 ], [ 5.922924994550556, 7.304471016246112 ], [ 5.924044132310939, 7.302131175656314 ], [ 5.924582004676381, 7.299211978672872 ], [ 5.923961163254546, 7.296279906680638 ], [ 5.921632766672531, 7.292823792332399 ], [ 5.916991233518843, 7.28878116558559 ], [ 5.914071082534747, 7.284725188829782 ], [ 5.912299156330789, 7.280659199067145 ], [ 5.909392834356083, 7.277768135102804 ], [ 5.907061099771795, 7.27487182613487 ], [ 5.905289172567848, 7.270805836372233 ], [ 5.904650211133685, 7.265564918811265 ], [ 5.902900218944637, 7.263247967237021 ], [ 5.900001048974786, 7.260940074668895 ], [ 5.896522044611004, 7.25805377970778 ], [ 5.895890236181685, 7.253396033543083 ], [ 5.89812898570284, 7.248713970361848 ], [ 5.898660183063726, 7.245212077982444 ], [ 5.898544787985315, 7.235887050646568 ], [ 5.897339821166611, 7.231233120484433 ], [ 5.901270865837603, 7.224205970709818 ], [ 5.904098987759141, 7.220685005317478 ], [ 5.90348100733928, 7.217193126944892 ], [ 5.899414061575953, 7.213146210195191 ], [ 5.895940781216041, 7.210842132629693 ], [ 5.893616198636607, 7.208528996058021 ], [ 5.888974190482543, 7.204486847311614 ], [ 5.884325027323655, 7.199862003169244 ], [ 5.883665084875304, 7.192872047419883 ], [ 5.89046526049566, 7.189054965826358 ], [ 5.893909930836173, 7.185792922609949 ], [ 5.893875121812528, 7.182878970630043 ], [ 5.889834881067372, 7.181162834464033 ], [ 5.886943817103031, 7.179438114292168 ], [ 5.882308959953832, 7.175979136941919 ], [ 5.87882184958454, 7.172510146584898 ], [ 5.877064228390282, 7.169610022614449 ], [ 5.874718188796294, 7.165547847854384 ], [ 5.872960090601737, 7.162648200884178 ], [ 5.872910022567737, 7.158567905111852 ], [ 5.871696948743477, 7.153330802553455 ], [ 5.868175030350528, 7.146947861216574 ], [ 5.867571830940676, 7.144620894635466 ], [ 5.867528914911532, 7.141123772259334 ], [ 5.866331100097625, 7.137053013493471 ], [ 5.865139008287656, 7.133565903124122 ], [ 5.862779139684278, 7.128338813572554 ], [ 5.860455036105122, 7.126026154001238 ], [ 5.857576847149517, 7.125466823621196 ], [ 5.854692936190077, 7.124323844844582 ], [ 5.850654125445885, 7.122609137679547 ], [ 5.84662198970625, 7.121476172909752 ], [ 5.844311237136196, 7.120328903130201 ], [ 5.842559813946195, 7.118010997555302 ], [ 5.841958045537297, 7.115684985974895 ], [ 5.843033791268226, 7.10984706900831 ], [ 5.845868111194022, 7.106908798011887 ], [ 5.848143100739776, 7.105142116811521 ], [ 5.850976943665216, 7.102203845815097 ], [ 5.853237152200904, 7.099270820822255 ], [ 5.854922771346196, 7.096343039832959 ], [ 5.852578162753161, 7.093998909240213 ], [ 5.849707126802457, 7.092305183089422 ], [ 5.846249104452852, 7.091166973316035 ], [ 5.841046809918168, 7.088294983364676 ], [ 5.838154792953162, 7.086569786192513 ], [ 5.835264205989176, 7.084845066020648 ], [ 5.829487801064374, 7.081976891071804 ], [ 5.823740959159636, 7.081440925707682 ], [ 5.821990012969991, 7.079123020132783 ], [ 5.815583228616845, 7.071598053019898 ], [ 5.814392089807541, 7.068109988649951 ], [ 5.81318712198879, 7.06345701248847 ], [ 5.811988831174631, 7.059385776722252 ], [ 5.810224055975539, 7.05590295835583 ], [ 5.809593200546885, 7.051245213191123 ], [ 5.804257869921798, 7.048537254351174 ], [ 5.802832126953092, 7.045075416998998 ], [ 5.801023959724489, 7.036755562346059 ], [ 5.799312114561417, 7.032424450403255 ], [ 5.798359870914396, 7.030014514765867 ], [ 5.79736661923954, 7.027501583058438 ], [ 5.796177864431797, 7.024290561876683 ], [ 5.792581080987986, 7.021655083085989 ], [ 5.7940092089583, 7.015619754985266 ], [ 5.793735026772026, 7.013630866633946 ], [ 5.793755530785972, 7.00996542014343 ], [ 5.793781280803444, 7.005321025987769 ], [ 5.791040896941468, 6.997919082958504 ], [ 5.789217471702557, 6.992368698187249 ], [ 5.78924274371974, 6.987751961050435 ], [ 5.788356781117784, 6.980360031027942 ], [ 5.785642147273279, 6.968341350861806 ], [ 5.788464546190994, 6.960970401853615 ], [ 5.792204379732027, 6.955450535103125 ], [ 5.7931723593897, 6.94806909608775 ], [ 5.795052527667224, 6.943462848958063 ], [ 5.796005726314888, 6.938851356824784 ], [ 5.797895907599127, 6.93239831944021 ], [ 5.798848629246493, 6.927786827306932 ], [ 5.79981183990094, 6.921328544918822 ], [ 5.799103260419486, 6.918805122204276 ], [ 5.797993659665565, 6.914855002520369 ], [ 5.793403624546841, 6.90651941285671 ], [ 5.789725780047945, 6.900958538078385 ], [ 5.78790759981257, 6.894484996679921 ], [ 5.78794336283687, 6.888021946288575 ], [ 5.787062168238151, 6.879706382638517 ], [ 5.787108421269579, 6.871396541992397 ], [ 5.785634518268125, 6.869615077781987 ], [ 5.782503605140789, 6.865830898210788 ], [ 5.778835772648677, 6.858423710177931 ], [ 5.774225711516351, 6.853781223023589 ], [ 5.771480082650839, 6.84730243662159 ], [ 5.769666672418737, 6.83990573859586 ], [ 5.771552085699739, 6.834375857838552 ], [ 5.773421763970134, 6.831616401963629 ], [ 5.775301456247291, 6.827009677833587 ], [ 5.777176856521521, 6.823326588331099 ], [ 5.778134823172422, 6.817791938570565 ], [ 5.770835400212832, 6.796514034113216 ], [ 5.767152308710308, 6.791876792962455 ], [ 5.757921219438231, 6.78443908690889 ], [ 5.751592636138241, 6.781640053007038 ], [ 5.743122578383236, 6.77789354346146 ], [ 5.726479530075096, 6.769490718752138 ], [ 5.723659515159, 6.766651153822806 ], [ 5.719102859062957, 6.762063502705701 ], [ 5.714492797930632, 6.757421016551348 ], [ 5.711441993857761, 6.751975059851077 ], [ 5.702557563821244, 6.736117363076517 ], [ 5.667370795913484, 6.727612019297567 ], [ 5.659932612859564, 6.73126459077929 ], [ 5.654348850065674, 6.734927177267878 ], [ 5.649687289898338, 6.739518166387199 ], [ 5.640374659570853, 6.746853352371147 ], [ 5.636665821050883, 6.746832848357201 ], [ 5.629253387014501, 6.745868205701754 ], [ 5.620002269728786, 6.742123604157484 ], [ 5.612620830713468, 6.735619067737957 ], [ 5.605238913697804, 6.729115009318775 ], [ 5.59601354642956, 6.720753192637289 ], [ 5.58955907804409, 6.714253902221344 ], [ 5.585875987541556, 6.709617138070882 ], [ 5.58219814304266, 6.7040562632925 ], [ 5.57663488426266, 6.704025745271792 ], [ 5.573838234362483, 6.706779957143169 ], [ 5.571025848451598, 6.712304591896896 ], [ 5.564489365010388, 6.720578670518705 ], [ 5.561655998085257, 6.729796409781727 ], [ 5.562521934673612, 6.740881920313825 ], [ 5.561532974001636, 6.75195646283845 ], [ 5.56321620914531, 6.762380122920831 ], [ 5.561877728235913, 6.76714277315682 ], [ 5.561419963924834, 6.772269725640342 ], [ 5.559535026644141, 6.77779960639765 ], [ 5.555774689089162, 6.787012576657446 ], [ 5.551097392911174, 6.794373511658875 ], [ 5.549863815073024, 6.797205924583352 ], [ 5.547423840415149, 6.802810192391178 ], [ 5.545835018335595, 6.80429220239813 ], [ 5.544519901442072, 6.810034275299586 ], [ 5.543577670801881, 6.81279897717809 ], [ 5.543556689787579, 6.816492557687695 ], [ 5.543510913756506, 6.824802399333862 ], [ 5.546266555628847, 6.829434395481087 ], [ 5.549027442504723, 6.833143234001056 ], [ 5.553647994644166, 6.835938930900625 ], [ 5.559206009420564, 6.836893081548908 ], [ 5.563836574566835, 6.837841988193645 ], [ 5.566607952449829, 6.83970403745883 ], [ 5.571213244578928, 6.845269680240392 ], [ 5.572089195174101, 6.85450839951767 ], [ 5.570152282858032, 6.869271277548364 ], [ 5.567853451296116, 6.872621058824393 ], [ 5.565518855709854, 6.876023293136029 ], [ 5.56821584654233, 6.884034156579048 ], [ 5.570976734418252, 6.887742996099007 ], [ 5.576467991149286, 6.900700568903062 ], [ 5.576416492114276, 6.909934044176794 ], [ 5.577277183699096, 6.921942234335802 ], [ 5.57812738427674, 6.935797690749951 ], [ 5.578060627231423, 6.947800635905367 ], [ 5.578014374199995, 6.956110953551843 ], [ 5.577993870186049, 6.959804058061138 ], [ 5.578905581805543, 6.962579249946771 ], [ 5.578864573777651, 6.969965934965671 ], [ 5.579765797389996, 6.974587440105722 ], [ 5.582511425255518, 6.981066703508077 ], [ 5.584334850494429, 6.986616611278976 ], [ 5.587090969367125, 6.991248608426247 ], [ 5.591706275502986, 6.994967936953344 ], [ 5.597264290279384, 6.995922088601617 ], [ 5.605598926942378, 6.997815131887876 ], [ 5.611156463718487, 6.99876880553586 ], [ 5.617636681121496, 7.000651359814981 ], [ 5.622262001264176, 7.002523899087237 ], [ 5.628732203660377, 7.006253241621152 ], [ 5.633347510796227, 7.009972572148286 ], [ 5.637030602298751, 7.014609337298737 ], [ 5.637911319897114, 7.022924422948449 ], [ 5.63786029786246, 7.032157898222181 ], [ 5.638756275471223, 7.037703036989853 ], [ 5.639667988090707, 7.040478229875418 ], [ 5.640564441699837, 7.046023368643091 ], [ 5.641455650305375, 7.052491665038019 ], [ 5.641429901287836, 7.05710840217489 ], [ 5.642336844904094, 7.060806750687732 ], [ 5.644165516146586, 7.06543397883172 ], [ 5.647843360645481, 7.070994376609747 ], [ 5.651526451147959, 7.075631617760507 ], [ 5.656152248290994, 7.077504158032809 ], [ 5.660777569433662, 7.079376221304813 ], [ 5.674680232879894, 7.080376624984524 ], [ 5.678389072399852, 7.08039712899847 ], [ 5.685801506436292, 7.081361770653871 ], [ 5.693208694469092, 7.083249568936537 ], [ 5.699667930857856, 7.088825225724975 ], [ 5.700549126456565, 7.097140312374677 ], [ 5.697721003535037, 7.105435371010742 ], [ 5.693054676364454, 7.110949515757341 ], [ 5.690257549463922, 7.113704204629073 ], [ 5.687450408556629, 7.118305205755235 ], [ 5.689268588792004, 7.124778748153688 ], [ 5.693873881921093, 7.13034439093525 ], [ 5.702187537569785, 7.135930537730815 ], [ 5.704958916452824, 7.137793063996298 ], [ 5.709594726602631, 7.137818336013481 ], [ 5.715142727372267, 7.140619277916585 ], [ 5.723461628024552, 7.145282269084873 ], [ 5.729009150793843, 7.148083209987988 ], [ 5.734551906559886, 7.151807307518311 ], [ 5.738240242065956, 7.155520916041553 ], [ 5.741938590578798, 7.157388210310273 ], [ 5.754883289374106, 7.163923263750519 ], [ 5.758576392883413, 7.166714190646871 ], [ 5.761337279759289, 7.17042303116682 ], [ 5.761291026727861, 7.178732871812997 ], [ 5.757562160194254, 7.182405472308346 ], [ 5.749196528510197, 7.186052798786534 ], [ 5.747337341246975, 7.186965942406971 ], [ 5.74083661983002, 7.188776492637146 ], [ 5.734346390420228, 7.18874025261249 ], [ 5.726898193359546, 7.19423961634908 ], [ 5.718481540640823, 7.207119942100633 ], [ 5.717544079003858, 7.208961487351871 ], [ 5.716575623345818, 7.216342926367247 ], [ 5.715622901698509, 7.220954417500536 ], [ 5.710961341531174, 7.225545405619869 ], [ 5.702580451836752, 7.231962203979776 ], [ 5.696986675036044, 7.237471580723138 ], [ 5.695106505758588, 7.242078303853191 ], [ 5.692294120847691, 7.247602462606608 ], [ 5.68854427329984, 7.254968642611573 ], [ 5.684794425751988, 7.262334823616584 ], [ 5.682914734474821, 7.266941546746637 ], [ 5.681034565197365, 7.271547793876323 ], [ 5.675430298389529, 7.278903483874217 ], [ 5.673540115105254, 7.285356522258724 ], [ 5.671654700824206, 7.290885925015687 ], [ 5.669764518539921, 7.29733943940056 ], [ 5.66974925952951, 7.3001093862826 ], [ 5.677166461569186, 7.300150394310492 ], [ 5.683651446975432, 7.301109790962357 ], [ 5.691064358012113, 7.302073955617459 ], [ 5.696621894788223, 7.303028107265732 ], [ 5.703096867187639, 7.305834293172438 ], [ 5.709566592583542, 7.309563636706343 ], [ 5.715098858342458, 7.315134525491487 ], [ 5.718792438852063, 7.317924976387474 ], [ 5.722480297357777, 7.321638583910669 ], [ 5.728028297127366, 7.324439525813773 ], [ 5.733581065900239, 7.326316833089322 ], [ 5.739133834673112, 7.328194618365217 ], [ 5.743754386812554, 7.330990314264739 ], [ 5.747457981328978, 7.331933974905951 ], [ 5.753917216717696, 7.33751010869463 ], [ 5.756678580593928, 7.341218948214646 ], [ 5.7640752786196, 7.344953059751788 ], [ 5.773336886912432, 7.346851349041572 ], [ 5.78073406193846, 7.350585460578714 ], [ 5.787208557337578, 7.35339164748541 ], [ 5.793673514730244, 7.358044146646535 ], [ 5.799210548492397, 7.362691878804469 ], [ 5.806577206497707, 7.371966362106036 ], [ 5.815797328762301, 7.381250858414433 ], [ 5.820407390894673, 7.385893344568785 ], [ 5.823184012781212, 7.386831760206405 ], [ 5.83149766942995, 7.392418385002259 ], [ 5.837967395825842, 7.396147727536174 ], [ 5.846866130872115, 7.394510746423919 ] ] ] ] } },
{ "type": "Feature", "properties": { "fid": 225.0, "OBJECTID": 225.0, "lganame": "Akoko North East", "statecode": "ON", "LGA_UID": "28_02" }, "geometry": { "type": "MultiPolygon", "coordinates": [ [ [ [ 6.004125594722552, 7.529235839963292 ], [ 6.002026081296037, 7.528248787292625 ], [ 5.994548798215533, 7.527143954541941 ], [ 5.989405154720657, 7.528934955758814 ], [ 5.987115860165204, 7.529537201168012 ], [ 5.982531071050062, 7.530157088589192 ], [ 5.979086875709925, 7.530185222608338 ], [ 5.975643158370076, 7.53021287862714 ], [ 5.973297118776031, 7.526152133868038 ], [ 5.970964909191423, 7.523255824900104 ], [ 5.969185828982575, 7.518608092742227 ], [ 5.967428206788384, 7.515707015771056 ], [ 5.965109825213176, 7.513978003596264 ], [ 5.96280002564373, 7.512831210817069 ], [ 5.959945201704045, 7.514019965624811 ], [ 5.954218863813253, 7.515233040449004 ], [ 5.953028202004248, 7.511744022078403 ], [ 5.952970981965393, 7.507081984910769 ], [ 5.951171874742954, 7.501221656928919 ], [ 5.945872784142466, 7.500161648208746 ], [ 5.929183482802898, 7.500069141145843 ], [ 5.908790587946896, 7.499032974441832 ], [ 5.893038750244216, 7.497098923127737 ], [ 5.881907462681056, 7.497960566713175 ], [ 5.870770931114293, 7.499745845926213 ], [ 5.857790470294674, 7.499673842877257 ], [ 5.845742226108484, 7.498683453204364 ], [ 5.836475371812071, 7.497708796542099 ], [ 5.827208995516003, 7.49673414187987 ], [ 5.82348298998437, 7.495887756304796 ], [ 5.820687294084848, 7.502238273619696 ], [ 5.813270092045173, 7.502197265591803 ], [ 5.801237105869347, 7.498436928036881 ], [ 5.775306702250873, 7.492753506175234 ], [ 5.744760990496445, 7.483350276786211 ], [ 5.737348557460052, 7.482386112131053 ], [ 5.72714471752704, 7.483253001720072 ], [ 5.716950416600469, 7.482273102054307 ], [ 5.702115535520875, 7.482190608998224 ], [ 5.686358451814669, 7.481180191311694 ], [ 5.678009033141677, 7.482057094907532 ], [ 5.668726920834899, 7.483852386127353 ], [ 5.656658172634764, 7.486555575964019 ], [ 5.643677234814788, 7.486483573915109 ], [ 5.634405612515195, 7.486432551880455 ], [ 5.623289584962379, 7.484524249583842 ], [ 5.614950180296148, 7.483554362924849 ], [ 5.610309124142759, 7.484452247534932 ], [ 5.611185073737886, 7.4936904908119 ], [ 5.612071037339888, 7.501082419834347 ], [ 5.612029552311697, 7.508469104853248 ], [ 5.612900256903288, 7.518630980757791 ], [ 5.613771439495224, 7.528792857662268 ], [ 5.61279773683367, 7.537097931305198 ], [ 5.613699436446325, 7.541719437445295 ], [ 5.616414070290773, 7.553738116611385 ], [ 5.618211745512212, 7.56390523851951 ], [ 5.627499103822515, 7.561186313672124 ], [ 5.635854244499455, 7.559386253449077 ], [ 5.646053314429253, 7.559442520487266 ], [ 5.653470516468872, 7.559483527515169 ], [ 5.661809921135102, 7.560453415174152 ], [ 5.671086788438288, 7.55958127958155 ], [ 5.684082985268617, 7.55688333474842 ], [ 5.697079182098946, 7.55418491391498 ], [ 5.71193456619244, 7.550573826461402 ], [ 5.721206665492389, 7.550625324496423 ], [ 5.736963272198295, 7.551635742182953 ], [ 5.752730845911628, 7.550799846615007 ], [ 5.772196770137782, 7.551831245315782 ], [ 5.786094188580421, 7.553754806622749 ], [ 5.809232712301991, 7.561269759728816 ], [ 5.819416046221079, 7.564096450649402 ], [ 5.834235668290319, 7.56694841358717 ], [ 5.843492030579569, 7.56976985850423 ], [ 5.854602814128839, 7.572601318428099 ], [ 5.868490218564659, 7.57637166998984 ], [ 5.880517959736949, 7.581055641172384 ], [ 5.893457412528676, 7.588513851239895 ], [ 5.900828837537233, 7.596865176914207 ], [ 5.903569221399209, 7.604267119943472 ], [ 5.914587497885577, 7.623718739159983 ], [ 5.917333125751099, 7.630197524561993 ], [ 5.921943187883471, 7.634840011716335 ], [ 5.929329871902326, 7.640420913508308 ], [ 5.937654017558202, 7.644160271049032 ], [ 5.940000534152546, 7.645110129694388 ], [ 5.944175242989104, 7.638656616309561 ], [ 5.947909354526246, 7.634060383186636 ], [ 5.954456328974572, 7.623939514309939 ], [ 5.957258700878697, 7.620261668811054 ], [ 5.960998535419719, 7.614742279060863 ], [ 5.964732646956861, 7.610146045937938 ], [ 5.968466759494049, 7.605549811815024 ], [ 5.96940946613455, 7.602785586936875 ], [ 5.972216606041854, 7.598184108810358 ], [ 5.97594594957576, 7.594511032314699 ], [ 5.978763580490238, 7.588063239933717 ], [ 5.981575966401124, 7.582538605179991 ], [ 5.984383106308428, 7.57793760305384 ], [ 5.987190723216088, 7.573336123927334 ], [ 5.990930079756822, 7.5678167341772 ], [ 5.996539115567884, 7.559537410551741 ], [ 5.998419761845696, 7.554931164422044 ], [ 6.000304699126389, 7.549401282664746 ], [ 6.001267909780893, 7.542943478276982 ], [ 6.004090308698551, 7.535572052268435 ], [ 6.004125594722552, 7.529235839963292 ] ] ] ] } },
{ "type": "Feature", "properties": { "fid": 675.0, "OBJECTID": 675.0, "lganame": "Akure South", "statecode": "ON", "LGA_UID": "28_07" }, "geometry": { "type": "MultiPolygon", "coordinates": [ [ [ [ 5.349980831261917, 7.111818790348025 ], [ 5.35557985306616, 7.105386256977397 ], [ 5.360251427240314, 7.098948478603234 ], [ 5.365155219572216, 7.092512131230023 ], [ 5.358428001001357, 7.093398570832335 ], [ 5.35379219085155, 7.093372821814853 ], [ 5.350083351331591, 7.093352317800907 ], [ 5.345442295178202, 7.094249725410634 ], [ 5.340795994021221, 7.096070765647937 ], [ 5.333368300974485, 7.097876548874922 ], [ 5.325940608927681, 7.099681854101505 ], [ 5.318512916880934, 7.101487637328489 ], [ 5.311089992837424, 7.102369784927816 ], [ 5.300880908900808, 7.104159832144092 ], [ 5.291604041597623, 7.105031966736647 ], [ 5.284181117554112, 7.105914116336066 ], [ 5.280472279034086, 7.10589361232212 ], [ 5.271200656734493, 7.10584211328711 ], [ 5.266826292762289, 7.106253354566547 ], [ 5.261923790431297, 7.106714248879712 ], [ 5.25450086638773, 7.107596397479085 ], [ 5.247068405337757, 7.11032533633329 ], [ 5.239630222283836, 7.113977431814703 ], [ 5.234051704493538, 7.116716861676025 ], [ 5.229400158333021, 7.119461059540583 ], [ 5.223806380532324, 7.124970436283945 ], [ 5.218212127731249, 7.130479336026951 ], [ 5.211686134297167, 7.136906624393987 ], [ 5.207014084122704, 7.143344401768161 ], [ 5.204227448229346, 7.144252300385062 ], [ 5.197716712805573, 7.147909640870012 ], [ 5.190278529751708, 7.15156221435177 ], [ 5.185622214587966, 7.155229567843605 ], [ 5.180043696797611, 7.15796899770487 ], [ 5.173532963373873, 7.161626339189866 ], [ 5.165162562686589, 7.16619634629501 ], [ 5.158651829262851, 7.169854163780315 ], [ 5.152120112824832, 7.177204608774616 ], [ 5.146521091020588, 7.183637142145187 ], [ 5.141859530853253, 7.188228130264577 ], [ 5.136265755052534, 7.193737507007938 ], [ 5.129749774625282, 7.198318005120143 ], [ 5.121364116927566, 7.205658436107626 ], [ 5.118561745023499, 7.209336280606578 ], [ 5.114827633486357, 7.213932513729503 ], [ 5.108216806994619, 7.228346852523316 ], [ 5.100483558740223, 7.237269831586104 ], [ 5.092750311485872, 7.244110782234202 ], [ 5.083097457927181, 7.250690936705098 ], [ 5.084004401543439, 7.254389763218285 ], [ 5.083983897529492, 7.258082866727591 ], [ 5.083937645498054, 7.266392708373701 ], [ 5.082979678847153, 7.271927834134544 ], [ 5.097223030524844, 7.27761094999596 ], [ 5.125776562925637, 7.278800679804363 ], [ 5.135294407392564, 7.280585276016893 ], [ 5.212918758134663, 7.248640537311928 ], [ 5.216663836679288, 7.242197513934229 ], [ 5.22227287349034, 7.233918190308827 ], [ 5.226012707031373, 7.228398799558647 ], [ 5.232543945469047, 7.221048354564346 ], [ 5.239080428910313, 7.21277379994217 ], [ 5.243747234081184, 7.207259655195571 ], [ 5.249341010881892, 7.201750755452565 ], [ 5.254924773675782, 7.198088168963977 ], [ 5.261430740096273, 7.195353985106237 ], [ 5.267925738509348, 7.194466590503282 ], [ 5.273504257299692, 7.191727637642316 ], [ 5.280025481730547, 7.186223506902479 ], [ 5.293984890215313, 7.177067279681296 ], [ 5.303282260532399, 7.172502040579388 ], [ 5.309798240959708, 7.167921066466874 ], [ 5.31631946639061, 7.162417411727404 ], [ 5.320053576927762, 7.157821177604433 ], [ 5.323798656472377, 7.151378632227079 ], [ 5.331277846554087, 7.140339374726409 ], [ 5.336881638361604, 7.132983684728572 ], [ 5.341558932539613, 7.125622748727153 ], [ 5.346235751717302, 7.118261813725724 ], [ 5.349980831261917, 7.111818790348025 ] ] ] ] } },
{ "type": "Feature", "properties": { "fid": 722.0, "OBJECTID": 722.0, "lganame": "Akure North", "statecode": "ON", "LGA_UID": "28_06" }, "geometry": { "type": "MultiPolygon", "coordinates": [ [ [ [ 5.322216511397357, 7.435764790454073 ], [ 5.325028896308254, 7.430240153700368 ], [ 5.326919078592539, 7.42378711731584 ], [ 5.328809260876824, 7.417334079931265 ], [ 5.331616878784473, 7.412732600804816 ], [ 5.33349657106163, 7.408126353675073 ], [ 5.337236403602674, 7.402606963924882 ], [ 5.340048312513204, 7.397082329171155 ], [ 5.342865944427672, 7.390634536790174 ], [ 5.344746112705138, 7.386028289660487 ], [ 5.346626281982651, 7.381421565530388 ], [ 5.348521709270528, 7.374045371518662 ], [ 5.349479674921383, 7.368510722758117 ], [ 5.350442885575831, 7.362051964369698 ], [ 5.351400852226732, 7.356517314609164 ], [ 5.353306769521737, 7.347294331342539 ], [ 5.354249477162227, 7.344529629464091 ], [ 5.355233191830621, 7.334378241566696 ], [ 5.355263709851386, 7.32883787180225 ], [ 5.35437774724943, 7.321446418780113 ], [ 5.354403496266912, 7.316829680643252 ], [ 5.354439259291212, 7.310366154251597 ], [ 5.355397223942077, 7.304831505491052 ], [ 5.35634517658616, 7.301143168984993 ], [ 5.35823011386691, 7.295613289227731 ], [ 5.362881660027426, 7.292869091363173 ], [ 5.36752796218434, 7.29104805012588 ], [ 5.372174263341321, 7.289227008888531 ], [ 5.377747536128084, 7.287411212654774 ], [ 5.381466388654871, 7.285584927413936 ], [ 5.388226032247701, 7.283186912784572 ], [ 5.390758513968422, 7.281942843939305 ], [ 5.391695975605387, 7.280101775688365 ], [ 5.392638683245934, 7.277336596809562 ], [ 5.394508361516273, 7.274577140934639 ], [ 5.398232937046942, 7.271827698066545 ], [ 5.400097370313745, 7.269991397818842 ], [ 5.40382671384765, 7.266318321323183 ], [ 5.40755081237802, 7.263568878455033 ], [ 5.409415721645132, 7.261732578207386 ], [ 5.4187541009901, 7.249780655086624 ], [ 5.4187898640144, 7.243317603695289 ], [ 5.418836117045828, 7.235007286048813 ], [ 5.418882370077256, 7.226697445402635 ], [ 5.416126728204915, 7.22206544925541 ], [ 5.4179964074753, 7.219305515380199 ], [ 5.42080402438296, 7.214704037253682 ], [ 5.42454862592723, 7.208261489876293 ], [ 5.423646927314564, 7.20363950673584 ], [ 5.42274522770191, 7.199018001595789 ], [ 5.420927048466524, 7.192544460197325 ], [ 5.420025348853869, 7.187922478056862 ], [ 5.41914463025546, 7.17960739140716 ], [ 5.419195652290114, 7.170373917133475 ], [ 5.419211388300823, 7.167603970251434 ], [ 5.420153617941025, 7.16483926837293 ], [ 5.423012256883339, 7.151004313972749 ], [ 5.425855636815299, 7.139940262455241 ], [ 5.427741051096348, 7.134410380697943 ], [ 5.426844597487218, 7.128865241930271 ], [ 5.427817822148484, 7.12056016928733 ], [ 5.43340635294561, 7.115974426171533 ], [ 5.439891815352212, 7.116933822823398 ], [ 5.446376800758458, 7.117893219475263 ], [ 5.457498074314799, 7.118877888144311 ], [ 5.466780185621587, 7.117082595924501 ], [ 5.476994513561749, 7.114369392081016 ], [ 5.48629236187918, 7.109804152979166 ], [ 5.490021229412775, 7.10613107748344 ], [ 5.490979671063997, 7.100596427722905 ], [ 5.487311839571873, 7.093189239690105 ], [ 5.482701778439548, 7.088546752535763 ], [ 5.47993564556009, 7.085761546643312 ], [ 5.476242065050485, 7.082970618747026 ], [ 5.472543715537654, 7.081103802478594 ], [ 5.466073990141751, 7.0773744579447 ], [ 5.460525990372162, 7.074573517041586 ], [ 5.454978465602892, 7.071772575138482 ], [ 5.452212333723423, 7.068987370246077 ], [ 5.449725151033476, 7.064806938405638 ], [ 5.444810389694112, 7.066175938335846 ], [ 5.440164088537188, 7.067996978573149 ], [ 5.433663368120278, 7.069808005803623 ], [ 5.422516822546697, 7.073439598271136 ], [ 5.413214207226019, 7.078927994000253 ], [ 5.406713485809064, 7.080739021230784 ], [ 5.399280547758735, 7.083467960084931 ], [ 5.389993191448411, 7.086186408932008 ], [ 5.382555485394846, 7.089838505413411 ], [ 5.376054763977891, 7.091649531643952 ], [ 5.372340679454396, 7.092552185257261 ], [ 5.369559287564527, 7.092536926246851 ], [ 5.365155219572216, 7.092512131230023 ], [ 5.360251427240314, 7.098948478603234 ], [ 5.35557985306616, 7.105386256977397 ], [ 5.349980831261917, 7.111818790348025 ], [ 5.346235751717302, 7.118261813725724 ], [ 5.341558932539613, 7.125622748727153 ], [ 5.336881638361604, 7.132983684728572 ], [ 5.331277846554087, 7.140339374726409 ], [ 5.323798656472377, 7.151378632227079 ], [ 5.320053576927762, 7.157821177604433 ], [ 5.31631946639061, 7.162417411727404 ], [ 5.309798240959708, 7.167921066466874 ], [ 5.303282260532399, 7.172502040579388 ], [ 5.293984890215313, 7.177067279681296 ], [ 5.280025481730547, 7.186223506902479 ], [ 5.273504257299692, 7.191727637642316 ], [ 5.267925738509348, 7.194466590503282 ], [ 5.261430740096273, 7.195353985106237 ], [ 5.254924773675782, 7.198088168963977 ], [ 5.249341010881892, 7.201750755452565 ], [ 5.243747234081184, 7.207259655195571 ], [ 5.239080428910313, 7.21277379994217 ], [ 5.232543945469047, 7.221048354564346 ], [ 5.226012707031373, 7.228398799558647 ], [ 5.22227287349034, 7.233918190308827 ], [ 5.216663836679288, 7.242197513934229 ], [ 5.212918758134663, 7.248640537311928 ], [ 5.220360138190756, 7.255006069637034 ], [ 5.22022910510168, 7.262852939968582 ], [ 5.217390970173312, 7.272994312859169 ], [ 5.215475037871556, 7.284064087380557 ], [ 5.214532331230998, 7.286828789259062 ], [ 5.212626889936359, 7.29605177252563 ], [ 5.212626889936359, 7.314492596055345 ], [ 5.198092802061126, 7.354469431217694 ], [ 5.189952373530105, 7.376860142431156 ], [ 5.191771029765789, 7.38333368282963 ], [ 5.193016806612206, 7.391041658066797 ], [ 5.193563460983682, 7.394423962364954 ], [ 5.194454669589163, 7.400892734760134 ], [ 5.194439410578809, 7.403662204641876 ], [ 5.194418906564863, 7.407355785151481 ], [ 5.194372653533435, 7.415665626797647 ], [ 5.194341659512418, 7.421205996562094 ], [ 5.19337892485828, 7.427663802949837 ], [ 5.192420959207368, 7.433198928710681 ], [ 5.192399979193112, 7.436892033219976 ], [ 5.200745105863234, 7.436938286251404 ], [ 5.208167552906446, 7.436056136652041 ], [ 5.217449665213223, 7.43426084543222 ], [ 5.220231056103046, 7.434276104442574 ], [ 5.224867344253198, 7.434301853460113 ], [ 5.235998630816368, 7.433440207874639 ], [ 5.245270252115972, 7.433491706909649 ], [ 5.251750468518992, 7.435374260188723 ], [ 5.259157657551839, 7.43726205847139 ], [ 5.268424033847907, 7.43823671313362 ], [ 5.279565811418195, 7.435528278293361 ], [ 5.286978245454634, 7.436492919948819 ], [ 5.294395447494253, 7.436533927976654 ], [ 5.299021243637242, 7.438406467248967 ], [ 5.306253909551515, 7.440543651701091 ], [ 5.308277606926538, 7.441227913166017 ], [ 5.311981201442961, 7.442171573807173 ], [ 5.314757824329547, 7.443110466445148 ], [ 5.320331097116309, 7.441294670211391 ], [ 5.322216511397357, 7.435764790454073 ] ] ] ] } }
]
}
