{
"type": "FeatureCollection",
"name": "Borno",
"crs": { "type": "name", "properties": { "name": "urn:ogc:def:crs:OGC:1.3:CRS84" } },
"features": [
{ "type": "Feature", "properties": { "fid": 60.0, "OBJECTID": 60.0, "lganame": "Ngala", "statecode": "BR", "LGA_UID": "08_25" }, "geometry": { "type": "MultiPolygon", "coordinates": [ [ [ [ 14.200234125593113, 12.502108172796284 ], [ 14.200139053528517, 12.501458449354857 ], [ 14.199165343866923, 12.501388550307354 ], [ 14.196716466202986, 12.502108172796284 ], [ 14.194434740652696, 12.500994360039499 ], [ 14.1928830475984, 12.499860495269104 ], [ 14.190322951858889, 12.493391345873647 ], [ 14.190714256124807, 12.489778027418538 ], [ 14.19017235775658, 12.485598746578944 ], [ 14.188214638426416, 12.481922911081369 ], [ 14.185503948584653, 12.480599598182266 ], [ 14.18066040429369, 12.481046812486113 ], [ 14.17771317529116, 12.480930781407267 ], [ 14.176667383580593, 12.48044344807613 ], [ 14.176120721209145, 12.479120684177417 ], [ 14.177805180353687, 12.471772224184463 ], [ 14.179210557308579, 12.46939699857063 ], [ 14.181371065776545, 12.465074115633399 ], [ 14.181816715079322, 12.461708976346927 ], [ 14.181876135119694, 12.458140719922483 ], [ 14.183254678056358, 12.45517235790561 ], [ 14.183846500458458, 12.452227169904518 ], [ 14.183711126366461, 12.451980792737118 ], [ 14.182797143745461, 12.449524485068139 ], [ 14.181884454125338, 12.447865898941245 ], [ 14.182259988380508, 12.446986267343561 ], [ 14.184342062795167, 12.446797401215235 ], [ 14.190699995115096, 12.451584284467685 ], [ 14.194235480517307, 12.451497251408568 ], [ 14.195958658688085, 12.450655925836941 ], [ 14.196998508394643, 12.448973267693646 ], [ 14.196018078728457, 12.447058506392636 ], [ 14.193878962275051, 12.446391236939292 ], [ 14.190997095316959, 12.445665943446443 ], [ 14.188709427762603, 12.444128313401734 ], [ 14.188085518338653, 12.441169074391041 ], [ 14.189927535590243, 12.439399318188578 ], [ 14.193284761871325, 12.436962255532706 ], [ 14.194562290739327, 12.435569637586525 ], [ 14.194710840840287, 12.434525170876839 ], [ 14.193997802355796, 12.433799843384008 ], [ 14.193017372689667, 12.433016487851773 ], [ 14.191383324579363, 12.433683791305157 ], [ 14.188798556823144, 12.435540625566773 ], [ 14.186629730349523, 12.436178909000489 ], [ 14.185500750582435, 12.435482599527347 ], [ 14.18538191050169, 12.430550352176112 ], [ 14.184995682239276, 12.428345317677895 ], [ 14.183005113886793, 12.427068709810499 ], [ 14.17917252928271, 12.428403344717367 ], [ 14.176630032555238, 12.428114961521374 ], [ 14.175988298119194, 12.425190357534291 ], [ 14.177597900212845, 12.422861662952016 ], [ 14.178518908838612, 12.4213238979072 ], [ 14.179766727686456, 12.418451443955519 ], [ 14.178013840495453, 12.415433882905177 ], [ 14.175280522638275, 12.412532347933734 ], [ 14.17578559198148, 12.409514717883383 ], [ 14.177271090990757, 12.408615226272218 ], [ 14.183242794048283, 12.407077376227335 ], [ 14.187521028955132, 12.406177874616162 ], [ 14.189363047206712, 12.404407880413544 ], [ 14.190907965256429, 12.402028523796901 ], [ 14.192393463265716, 12.397792054918398 ], [ 14.193760122194305, 12.39576084653828 ], [ 14.198097777141527, 12.389434983240164 ], [ 14.200096667499679, 12.386793507445418 ], [ 14.201729011608791, 12.384312094759423 ], [ 14.210044090258521, 12.380176793949659 ], [ 14.217052735020559, 12.377363184037961 ], [ 14.222015487392525, 12.37413712284598 ], [ 14.223024438078028, 12.371762376232482 ], [ 14.22133759093191, 12.368237591837556 ], [ 14.222364365629574, 12.364114336035982 ], [ 14.228313490671724, 12.362349279836735 ], [ 14.237017831585888, 12.364188036086034 ], [ 14.243286634845219, 12.365958304288881 ], [ 14.251627493512444, 12.368404749951139 ], [ 14.26056787058701, 12.368433564970701 ], [ 14.265915690220652, 12.369267737537484 ], [ 14.270728706490843, 12.371734453213492 ], [ 14.278631555860443, 12.371270131898029 ], [ 14.283397070098374, 12.368730732172594 ], [ 14.285631258616434, 12.364029387978292 ], [ 14.288198200360569, 12.359699434036258 ], [ 14.291953539912129, 12.35700623620636 ], [ 14.296612063077362, 12.359010658568252 ], [ 14.297301333545704, 12.363224541431407 ], [ 14.294425408591621, 12.367357097239278 ], [ 14.291466296581063, 12.370247526203173 ], [ 14.292333828170513, 12.371779788244282 ], [ 14.298180749143228, 12.370572552424051 ], [ 14.301781596589819, 12.366405221592515 ], [ 14.301591453460617, 12.362702163076506 ], [ 14.302969995397291, 12.360345643475341 ], [ 14.308650541256952, 12.359358916804922 ], [ 14.313667032665421, 12.360636468672908 ], [ 14.318212970754189, 12.365743063142645 ], [ 14.320981364635145, 12.371143667812078 ], [ 14.321672305104642, 12.340292243850001 ], [ 14.322662348777328, 12.312884354227606 ], [ 14.330195897896033, 12.306588046949571 ], [ 14.347566341698382, 12.292002237039185 ], [ 14.38774292499653, 12.289930110631303 ], [ 14.394362910494465, 12.274772065332115 ], [ 14.396610501021598, 12.269506499754414 ], [ 14.425602361720223, 12.201561619589029 ], [ 14.423952880599472, 12.198833268735257 ], [ 14.420356665156021, 12.189245292220676 ], [ 14.419989462906528, 12.187290465892488 ], [ 14.397283265478734, 12.134821458242243 ], [ 14.377353625937474, 12.127201563064887 ], [ 14.363929085816096, 12.115331795999964 ], [ 14.321887294250701, 12.096046778896664 ], [ 14.315946769214406, 12.090886896390771 ], [ 14.289520452258955, 12.106193409790819 ], [ 14.275916484015681, 12.065877120397829 ], [ 14.200001258434838, 12.023701994741771 ], [ 14.189183015084382, 12.024038153970196 ], [ 14.186095144986325, 12.025261025801058 ], [ 14.181400969796869, 12.025667838077482 ], [ 14.168146937791334, 12.024691813414336 ], [ 14.144738871886659, 12.024331169169272 ], [ 14.137845041202638, 12.025633390054111 ], [ 14.129106796265432, 12.025904914238595 ], [ 14.101026099185901, 12.023641686700842 ], [ 14.071337003013525, 12.036980483763898 ], [ 14.044962275093155, 12.080084843051281 ], [ 14.030307936136239, 12.104034506323956 ], [ 14.038599110769667, 12.124845618464121 ], [ 14.041775485927872, 12.125445941872044 ], [ 14.056641605028744, 12.133713197489215 ], [ 14.05664126102846, 12.13371357648947 ], [ 14.045756655632886, 12.145689359626488 ], [ 14.014228798211207, 12.152232878072482 ], [ 13.971029284859185, 12.142008603125589 ], [ 13.971028531858678, 12.142008424125436 ], [ 13.945133215264036, 12.184877588253016 ], [ 13.939978012761287, 12.193394879040113 ], [ 13.939978188761415, 12.193395033040247 ], [ 13.994745644973307, 12.235182303432737 ], [ 13.989565386453592, 12.289184732124852 ], [ 13.995597507552134, 12.3223930376883 ], [ 13.992333736334558, 12.338873074885726 ], [ 13.978453239903388, 12.343145326788544 ], [ 13.947047654564756, 12.352379049062392 ], [ 13.952505282272966, 12.386266741087525 ], [ 13.980761380471677, 12.426122712167739 ], [ 14.032293682485431, 12.470490944313894 ], [ 14.04501821813119, 12.611129968871523 ], [ 14.16123510809507, 12.730077195690569 ], [ 14.167224638164669, 12.702255191786776 ], [ 14.203276426660182, 12.538118871263862 ], [ 14.202991211466383, 12.534592271867723 ], [ 14.201660204562017, 12.515009489562146 ], [ 14.200804557980689, 12.504428601372922 ], [ 14.200234125593113, 12.502108172796284 ] ] ] ] } },
{ "type": "Feature", "properties": { "fid": 61.0, "OBJECTID": 61.0, "lganame": "Marte", "statecode": "BR", "LGA_UID": "08_22" }, "geometry": { "type": "MultiPolygon", "coordinates": [ [ [ [ 13.992333736334558, 12.338873074885726 ], [ 13.995597506552144, 12.3223930376883 ], [ 13.989565386453592, 12.289184732124852 ], [ 13.994745644973307, 12.235182303432737 ], [ 13.939978188761415, 12.193395033040247 ], [ 13.939978012761287, 12.193394879040113 ], [ 13.945133215264036, 12.184877588253016 ], [ 13.971028530858632, 12.142008424125436 ], [ 13.96523658892329, 12.126443573549864 ], [ 13.947620253953858, 12.098625286648655 ], [ 13.909787027247944, 12.121152377954729 ], [ 13.869942247175288, 12.173932067816054 ], [ 13.846950448553457, 12.176337112450199 ], [ 13.824732488457357, 12.185829372899718 ], [ 13.786081994196195, 12.202379744144935 ], [ 13.701452612694482, 12.214597056445996 ], [ 13.678677683219973, 12.240777694234509 ], [ 13.653938834411122, 12.210234297481747 ], [ 13.654619406873508, 12.139236025241757 ], [ 13.654619410873522, 12.139235616241479 ], [ 13.653582436168961, 12.137090227783744 ], [ 13.597753403235743, 12.16232781493153 ], [ 13.588536086973022, 12.169605055876048 ], [ 13.567088507400399, 12.203095913631557 ], [ 13.516643934125682, 12.229983823900625 ], [ 13.470253626605654, 12.256980235243418 ], [ 13.441430057021364, 12.293282082908775 ], [ 13.478810504419641, 12.323496641438169 ], [ 13.541100475742724, 12.338621955715098 ], [ 13.581311447064195, 12.336872872526669 ], [ 13.674871732634017, 12.345417154332154 ], [ 13.670290526521342, 12.369086718414508 ], [ 13.716063996622267, 12.419573471717854 ], [ 13.716064221622389, 12.419573979718223 ], [ 13.739472136526956, 12.472498406677857 ], [ 13.757487682767703, 12.511946240480825 ], [ 13.773974321969604, 12.548046294009112 ], [ 13.889973045785268, 12.648578522316029 ], [ 13.94945957120359, 12.67594232290844 ], [ 13.971311910051213, 12.684452221690549 ], [ 13.985369561602738, 12.689907221396936 ], [ 14.010035848362293, 12.643188109653522 ], [ 14.045018217131201, 12.611129968871523 ], [ 14.032293682485431, 12.470490944313894 ], [ 13.980761380471677, 12.426122712167739 ], [ 13.952505281272977, 12.386266741087525 ], [ 13.947047653564766, 12.352379049062392 ], [ 13.978453239903388, 12.343145326788544 ], [ 13.992333736334558, 12.338873074885726 ] ] ] ] } },
{ "type": "Feature", "properties": { "fid": 89.0, "OBJECTID": 89.0, "lganame": "Askira-Uba", "statecode": "BR", "LGA_UID": "08_02" }, "geometry": { "type": "MultiPolygon", "coordinates": [ [ [ [ 13.27451224260858, 10.889610817180142 ], [ 13.283850442953451, 10.87860630870307 ], [ 13.33593273334094, 10.879064560014456 ], [ 13.336140437482015, 10.871053840571562 ], [ 13.336180686509408, 10.86483192434406 ], [ 13.336301804591699, 10.859646796820982 ], [ 13.336160661495796, 10.85027122545074 ], [ 13.336376190642227, 10.847075462279349 ], [ 13.335600854115398, 10.84168529461698 ], [ 13.335112572783657, 10.833538055081306 ], [ 13.334856032609366, 10.828753470830407 ], [ 13.334794043567229, 10.815339087715984 ], [ 13.334781646558781, 10.812734603946353 ], [ 13.33588123430593, 10.800146103393047 ], [ 13.332361220914208, 10.789856911402069 ], [ 13.328834534518023, 10.778423308633478 ], [ 13.328001975952361, 10.77518653943423 ], [ 13.326669397046885, 10.770571550298541 ], [ 13.325304985119828, 10.765846252087954 ], [ 13.322958945525841, 10.758986473427058 ], [ 13.322932242507704, 10.753265380539801 ], [ 13.320911281134556, 10.744142521341246 ], [ 13.319385529097872, 10.737255095661567 ], [ 13.317065238521309, 10.72972774454712 ], [ 13.314743996944173, 10.723249435145419 ], [ 13.312346458315119, 10.716676711679554 ], [ 13.311245917567362, 10.713460922494562 ], [ 13.308753966874235, 10.711173057940073 ], [ 13.306909560621023, 10.705180167868207 ], [ 13.304164885756165, 10.699533463031514 ], [ 13.300666810379369, 10.693820000149458 ], [ 13.297044472918174, 10.689377954131317 ], [ 13.296010018215327, 10.688109398269376 ], [ 13.293430063462324, 10.684315242691468 ], [ 13.291349411048657, 10.681255340612381 ], [ 13.287850380671216, 10.67554283073099 ], [ 13.28318309849999, 10.667544365296408 ], [ 13.280837058906002, 10.660684585635522 ], [ 13.27997414631966, 10.658716882298563 ], [ 13.279590285058873, 10.657841559703797 ], [ 13.27381897013754, 10.644681930762488 ], [ 13.270303726749091, 10.63553714754903 ], [ 13.267766035024863, 10.629955202756378 ], [ 13.265626907571402, 10.625249862559315 ], [ 13.264673522923601, 10.623597250436433 ], [ 13.26096057940083, 10.617251396124686 ], [ 13.258252162560609, 10.611951766523873 ], [ 13.239171256596023, 10.600537253768209 ], [ 13.232516225074278, 10.588855860831302 ], [ 13.229188708813354, 10.57764130621149 ], [ 13.229685033150588, 10.575299425620301 ], [ 13.231364264291528, 10.567375910236649 ], [ 13.232991585397258, 10.558482158193783 ], [ 13.237525940478122, 10.555520058181173 ], [ 13.247808809464857, 10.545950357679033 ], [ 13.252752546823899, 10.540342347868602 ], [ 13.252425679601799, 10.537997039275126 ], [ 13.252042925341755, 10.535250727409107 ], [ 13.250946180596543, 10.523143815183005 ], [ 13.248612422010865, 10.511078841985466 ], [ 13.24799895259406, 10.507907356830572 ], [ 13.246477802560491, 10.503326924718408 ], [ 13.239157266586517, 10.486126329031379 ], [ 13.238545226170686, 10.480583720265429 ], [ 13.237195667253729, 10.473855514693923 ], [ 13.236911046060357, 10.472436521729833 ], [ 13.235553607138002, 10.45860161332962 ], [ 13.234127529169086, 10.445395531356723 ], [ 13.230443492665927, 10.439084462068649 ], [ 13.227891314931867, 10.436020007986485 ], [ 13.230766737885574, 10.429912145836511 ], [ 13.229454745994133, 10.426097281244495 ], [ 13.22723006348258, 10.42447033913902 ], [ 13.224549035660914, 10.423628813567291 ], [ 13.221411663529238, 10.420992019775667 ], [ 13.218787678746367, 10.41981387097519 ], [ 13.216453694160521, 10.418635460174528 ], [ 13.216106651924747, 10.412408261943426 ], [ 13.213153036917902, 10.405196122043094 ], [ 13.207607225149786, 10.406461205902701 ], [ 13.200533876343741, 10.407302777474513 ], [ 13.191007672871137, 10.409659165075539 ], [ 13.178406328309109, 10.417314404276908 ], [ 13.166427270169891, 10.422831139025277 ], [ 13.162100110229801, 10.425250470669084 ], [ 13.155920982031375, 10.428705215016464 ], [ 13.147834777537184, 10.432155609360848 ], [ 13.143215179398396, 10.434454917923119 ], [ 13.141606120305084, 10.434988757285794 ], [ 13.141596957298873, 10.434979148279297 ], [ 13.141594430297175, 10.434976497277489 ], [ 13.141282838085431, 10.435097083359437 ], [ 13.139748574042983, 10.43560695570585 ], [ 13.128200532196615, 10.441353797610532 ], [ 13.122425079272489, 10.443655968174767 ], [ 13.114328383771181, 10.444817542964017 ], [ 13.109699249625919, 10.4448289869718 ], [ 13.10739421805971, 10.44712257353018 ], [ 13.098151206779562, 10.450575828876481 ], [ 13.087750434712689, 10.454032898225421 ], [ 13.080812454998693, 10.455192566013352 ], [ 13.07850170142865, 10.456341742794166 ], [ 13.07156753471719, 10.458645821359653 ], [ 13.065786361789151, 10.459803581146332 ], [ 13.051918984366921, 10.464411736277327 ], [ 13.044996261663243, 10.469004631397979 ], [ 13.040392875535474, 10.474736214292363 ], [ 13.031362603399828, 10.478898234120265 ], [ 13.022520917392285, 10.486470530265251 ], [ 13.015247916450676, 10.494883974981803 ], [ 13.011397503834473, 10.506942847175253 ], [ 13.010480881211663, 10.513706206770621 ], [ 13.00592451711583, 10.518241045851823 ], [ 13.004742765312869, 10.51940430564224 ], [ 13.002415656731728, 10.521733284224638 ], [ 12.993923741961851, 10.527366238051968 ], [ 12.99203109667593, 10.528621673904979 ], [ 12.986265182758245, 10.533211708023714 ], [ 12.982804299406723, 10.535508155584012 ], [ 12.974765778944914, 10.539508749302229 ], [ 12.973566055129766, 10.54010581970789 ], [ 12.973066084790105, 10.540390178901134 ], [ 12.971232768544439, 10.541432876609576 ], [ 12.965485572639466, 10.544701575830516 ], [ 12.958557128931943, 10.548149109172982 ], [ 12.940070152370879, 10.55505657186626 ], [ 12.934288025442186, 10.556214332652871 ], [ 12.927354812731437, 10.558518410218426 ], [ 12.918111802451222, 10.561971663564748 ], [ 12.908863069167126, 10.564281464134126 ], [ 12.898456573096439, 10.566594123705499 ], [ 12.888055802029612, 10.570050240053718 ], [ 12.875340462390113, 10.573511124405229 ], [ 12.863772391530176, 10.574682236200942 ], [ 12.847569465521019, 10.574719429226263 ], [ 12.844958304746854, 10.574209212879566 ], [ 12.832522392297221, 10.574753761249553 ], [ 12.824420928792676, 10.574771881261881 ], [ 12.816324234291358, 10.575935364052384 ], [ 12.810500145334174, 10.576191902226697 ], [ 12.804721643407959, 10.576082991152703 ], [ 12.798963547495589, 10.575974464078968 ], [ 12.788552284421598, 10.577142714872764 ], [ 12.776977538557105, 10.5771694178909 ], [ 12.77466869498835, 10.578318595671703 ], [ 12.770044326846346, 10.579472542455733 ], [ 12.765425681708166, 10.581771851018004 ], [ 12.760801314566152, 10.582926749802709 ], [ 12.744581223545367, 10.579531670495953 ], [ 12.741104126182847, 10.578395843724195 ], [ 12.7353067402438, 10.576120377178142 ], [ 12.731818198873498, 10.57269573185124 ], [ 12.728324891499938, 10.568127631747416 ], [ 12.725994109916257, 10.564700127418575 ], [ 12.722500800542718, 10.560131073314153 ], [ 12.721327782745732, 10.556701659984014 ], [ 12.716671943582298, 10.550991058103932 ], [ 12.713172913204858, 10.54527854922253 ], [ 12.709679603831319, 10.540708542117443 ], [ 12.705028534671158, 10.536144257016247 ], [ 12.702697754087524, 10.532716750687371 ], [ 12.698031425916952, 10.524718285252789 ], [ 12.695695877330081, 10.520147324147047 ], [ 12.694521903532404, 10.51671695681631 ], [ 12.692186355945523, 10.512145995710512 ], [ 12.689855577361868, 10.508717537381074 ], [ 12.686341286974027, 10.499573708168271 ], [ 12.682852744603736, 10.496149062841369 ], [ 12.679362298232149, 10.492037773047912 ], [ 12.67711830170748, 10.489230156140309 ], [ 12.673680306371523, 10.484930038218579 ], [ 12.672492026564157, 10.481673241005751 ], [ 12.671334267777468, 10.477229117986155 ], [ 12.67001056787808, 10.47215080253568 ], [ 12.667663575283427, 10.465291022874794 ], [ 12.665322303692619, 10.459575652991475 ], [ 12.662249564604849, 10.45711994232289 ], [ 12.660461426389929, 10.452784538377216 ], [ 12.658714294202809, 10.451472282485611 ], [ 12.657156945144663, 10.445864676675512 ], [ 12.652495384977328, 10.439009666017853 ], [ 12.63967680126774, 10.435698207767871 ], [ 12.637566203833671, 10.438783668864289 ], [ 12.635227435244587, 10.440242239855309 ], [ 12.633699155206216, 10.439602948420941 ], [ 12.634257702585728, 10.438278777521248 ], [ 12.633318867947821, 10.437826478213935 ], [ 12.625808188844644, 10.442875363644418 ], [ 12.622449772562788, 10.444225225561581 ], [ 12.620389091162622, 10.446147746867837 ], [ 12.619733088716885, 10.447072231495952 ], [ 12.619483529547324, 10.449049619839514 ], [ 12.618513796888465, 10.450059366525579 ], [ 12.616863057766864, 10.449875757400832 ], [ 12.616586213578785, 10.4499810654724 ], [ 12.616183038304825, 10.449666608258724 ], [ 12.615428714792301, 10.449113897883194 ], [ 12.615231235658086, 10.448581063521146 ], [ 12.614649124262598, 10.447917156070048 ], [ 12.613917071765229, 10.447641343882651 ], [ 12.613009134148285, 10.447683416911218 ], [ 12.611928435414029, 10.448396335395614 ], [ 12.611654360227817, 10.448781989657675 ], [ 12.611089423843964, 10.449477174130038 ], [ 12.610359006347664, 10.450401791758225 ], [ 12.609701863901194, 10.450618173905241 ], [ 12.608658155192018, 10.450618308905348 ], [ 12.607233517224017, 10.450932375118725 ], [ 12.606603666796104, 10.451476981488781 ], [ 12.606134683477421, 10.452201727981219 ], [ 12.60659178278803, 10.453059371563938 ], [ 12.605973814368156, 10.453900818135651 ], [ 12.604607156439556, 10.454562285585098 ], [ 12.602741370171827, 10.456612126977859 ], [ 12.602325430889209, 10.458302008126054 ], [ 12.599758490145121, 10.461293753158827 ], [ 12.599758490145121, 10.465781317207927 ], [ 12.601469783307834, 10.471110213828638 ], [ 12.602337827897657, 10.475798952014429 ], [ 12.602705718147604, 10.477747836338608 ], [ 12.602515574018412, 10.480552422244159 ], [ 12.602515574018412, 10.484011375594378 ], [ 12.598142268046956, 10.485413643547133 ], [ 12.594815452786577, 10.489926781613633 ], [ 12.592264480053302, 10.489901142596182 ], [ 12.590220450664447, 10.493129729789871 ], [ 12.588069916203267, 10.497540473786785 ], [ 12.584420203723482, 10.501250267307398 ], [ 12.582269669262303, 10.50566959431012 ], [ 12.579810142591157, 10.512630463039727 ], [ 12.576263947181701, 10.517600526416629 ], [ 12.574009895650136, 10.520759582563073 ], [ 12.571149826706858, 10.526639937558457 ], [ 12.567890167492067, 10.531439780819767 ], [ 12.565750122038025, 10.535849570815969 ], [ 12.562970162149156, 10.545370102284778 ], [ 12.561465182126597, 10.550099928498469 ], [ 12.556300163617209, 10.564809799493105 ], [ 12.554149629156029, 10.569219589489364 ], [ 12.543660165028939, 10.585080147265842 ], [ 12.540010451549108, 10.588800429793594 ], [ 12.535960197797181, 10.591429709580098 ], [ 12.531067899473101, 10.599659400171788 ], [ 12.518444218895866, 10.623721959521163 ], [ 12.505143180858454, 10.628964703083341 ], [ 12.485401919445223, 10.633169225940151 ], [ 12.464738219405206, 10.639350930140324 ], [ 12.46200764154986, 10.639843629475081 ], [ 12.432337314390281, 10.64715285744137 ], [ 12.425915951027264, 10.648734746516141 ], [ 12.417615200387331, 10.657908605749356 ], [ 12.407906997791031, 10.671233586803055 ], [ 12.404732890634364, 10.715743642045538 ], [ 12.437356189800369, 10.727805888241278 ], [ 12.452495774087026, 10.737719607977226 ], [ 12.504582500477511, 10.771824613149931 ], [ 12.515540413922906, 10.777927869296832 ], [ 12.546526900976744, 10.81060771350127 ], [ 12.554621394476555, 10.835852081653627 ], [ 12.574807599192127, 10.825246000447294 ], [ 12.579700942516922, 10.82015990299152 ], [ 12.581721220889619, 10.81409003486732 ], [ 12.586058874836851, 10.811200967904313 ], [ 12.597467501588483, 10.804337135240701 ], [ 12.608495842081709, 10.800788424829477 ], [ 12.666299552356634, 10.78229709926552 ], [ 12.695312528069564, 10.759455211745546 ], [ 12.693912110118049, 10.733920867396137 ], [ 12.698890560500672, 10.731409413689732 ], [ 12.704564324355772, 10.727069006740635 ], [ 12.732859641581115, 10.721248663785957 ], [ 12.749460667860717, 10.72358057537042 ], [ 12.780943177251572, 10.724094181719352 ], [ 12.787639517801438, 10.724094181719352 ], [ 12.797580757556034, 10.724094181719352 ], [ 12.816832815636928, 10.720824764497934 ], [ 12.827777422073268, 10.718826952140546 ], [ 12.841699701532775, 10.715104639611411 ], [ 12.858225456761261, 10.710686194609252 ], [ 12.891168295144382, 10.705755573259125 ], [ 12.900062138187309, 10.703346043621991 ], [ 12.917418876980435, 10.692426053202382 ], [ 12.92744131579019, 10.682299848322089 ], [ 12.927041653518643, 10.676676640501398 ], [ 12.930910731147492, 10.665134249658877 ], [ 12.934679796708394, 10.660165935283146 ], [ 12.936278794794816, 10.658110080886274 ], [ 12.939705219122914, 10.656910833071436 ], [ 12.947871528671556, 10.659138007584716 ], [ 12.957766553394777, 10.668911484225305 ], [ 12.964723216121513, 10.670055316002504 ], [ 12.973957074395457, 10.672402687597412 ], [ 12.991048149008066, 10.672013825333181 ], [ 12.991314408188941, 10.672031539345255 ], [ 12.992782589186504, 10.687384550776869 ], [ 12.994565186397722, 10.697748458818694 ], [ 12.994565186397722, 10.710593374546193 ], [ 12.997833281618227, 10.726210892157553 ], [ 13.01606242900408, 10.745485249253591 ], [ 13.020650537121469, 10.751596149405657 ], [ 13.028493967450743, 10.764765674353725 ], [ 13.037386296492627, 10.77652289934224 ], [ 13.040238452430572, 10.787356546703165 ], [ 13.04657831873817, 10.80276483717239 ], [ 13.054337250010008, 10.814236151966611 ], [ 13.068793894832652, 10.824590802002092 ], [ 13.088888054485665, 10.842143361928208 ], [ 13.089050763596219, 10.865455671767847 ], [ 13.087201065339457, 10.940188524545306 ], [ 13.099331602581572, 10.970357095043425 ], [ 13.129784164272621, 11.046078834492789 ], [ 13.131265956279435, 11.04471003456274 ], [ 13.181190739200986, 10.987749252860567 ], [ 13.194666936357464, 10.974048686551725 ], [ 13.202592013742162, 10.963397430314672 ], [ 13.233538481768846, 10.932141629077819 ], [ 13.27451224260858, 10.889610817180142 ] ] ] ] } },
{ "type": "Feature", "properties": { "fid": 392.0, "OBJECTID": 392.0, "lganame": "Hawul", "statecode": "BR", "LGA_UID": "08_12" }, "geometry": { "type": "MultiPolygon", "coordinates": [ [ [ [ 12.027064549026477, 10.660123449254229 ], [ 12.028134107753203, 10.659983302159048 ], [ 12.029061059383025, 10.66047381549231 ], [ 12.029595838746388, 10.661034400873234 ], [ 12.030629745448891, 10.661069436897037 ], [ 12.031235828860702, 10.660754107682749 ], [ 12.031877564296735, 10.659808119040008 ], [ 12.032305386587382, 10.659212493635323 ], [ 12.033838421629014, 10.659142420587671 ], [ 12.034836677307283, 10.659072346540086 ], [ 12.035641498854147, 10.659410705769972 ], [ 12.036334059324702, 10.658721979302015 ], [ 12.037760137293617, 10.658371610063966 ], [ 12.03890100006879, 10.658336573040174 ], [ 12.039578386529058, 10.658897163421045 ], [ 12.040291426013539, 10.658616868230581 ], [ 12.041467940812936, 10.657705908611661 ], [ 12.042394892442758, 10.657460650444989 ], [ 12.043000974854522, 10.657530724492631 ], [ 12.043678362314779, 10.656724872945063 ], [ 12.044355749775036, 10.656479612778469 ], [ 12.045068789259517, 10.6562693906356 ], [ 12.046352259131595, 10.6562693906356 ], [ 12.047421817858321, 10.655954057421354 ], [ 12.047992249245908, 10.65511316384999 ], [ 12.049204416069472, 10.654727753588134 ], [ 12.050024410626634, 10.654552567469125 ], [ 12.051450489595595, 10.65413211918343 ], [ 12.052199181104299, 10.654377381350059 ], [ 12.053197435782579, 10.654762790611926 ], [ 12.053946127291283, 10.654973014754773 ], [ 12.054837425896835, 10.654797827635775 ], [ 12.055835679575125, 10.65486790268335 ], [ 12.05679828322917, 10.65511316384999 ], [ 12.057689581834779, 10.654902939707142 ], [ 12.058188710173908, 10.653536483778737 ], [ 12.058580881440378, 10.652870772326423 ], [ 12.059507832070153, 10.653045959445421 ], [ 12.060363478651539, 10.652835734302585 ], [ 12.061361734329807, 10.652625509159748 ], [ 12.06228868495964, 10.653396333683474 ], [ 12.063179983565249, 10.653431370707324 ], [ 12.064392151388859, 10.653291221612108 ], [ 12.064926929752176, 10.652555434112173 ], [ 12.065461709115539, 10.65202987075503 ], [ 12.065925185430444, 10.651224005207496 ], [ 12.066531267842265, 10.650733476874223 ], [ 12.067315611375193, 10.650943703017049 ], [ 12.068278214029249, 10.650978741040831 ], [ 12.06899125251374, 10.650943703017049 ], [ 12.069312120731752, 10.650277984564752 ], [ 12.070167768313127, 10.650242947540903 ], [ 12.070417332482691, 10.650978741040831 ], [ 12.070845154773338, 10.651679493517008 ], [ 12.071736454378936, 10.652170020850292 ], [ 12.072556448936098, 10.652345208969336 ], [ 12.073019925251003, 10.652205058874074 ], [ 12.073554703614377, 10.651539344421735 ], [ 12.073519051590154, 10.650803551921797 ], [ 12.074053831953506, 10.650277984564752 ], [ 12.074558019296092, 10.650045637406834 ], [ 12.075116853675752, 10.649598057102764 ], [ 12.075562503978574, 10.649189280824999 ], [ 12.076305253483213, 10.648430125309176 ], [ 12.076899451886959, 10.647787760872745 ], [ 12.077404522230154, 10.647291386535471 ], [ 12.078058140674216, 10.646824212218064 ], [ 12.078355239876089, 10.64612344674191 ], [ 12.078257620809779, 10.645160724087816 ], [ 12.078474079956834, 10.644634316730105 ], [ 12.078748006142973, 10.64453270466106 ], [ 12.079175830433655, 10.64453270466106 ], [ 12.079532348675912, 10.64450934564519 ], [ 12.079722492805104, 10.644229038454739 ], [ 12.080221621144233, 10.644182320422999 ], [ 12.080720748483373, 10.64432247351823 ], [ 12.080839587564128, 10.644742935803947 ], [ 12.081077267725618, 10.645069961026138 ], [ 12.081505091016254, 10.645233473137239 ], [ 12.081885379274695, 10.645163397089618 ], [ 12.082360737597639, 10.644836371867427 ], [ 12.082859865936769, 10.644065525343649 ], [ 12.083382761292057, 10.643177880740552 ], [ 12.08383435159891, 10.642523826296156 ], [ 12.084214639857294, 10.64212672102633 ], [ 12.084238407873443, 10.641659536708914 ], [ 12.084095799776549, 10.641309149470828 ], [ 12.084428552002635, 10.640795246121627 ], [ 12.08502275140637, 10.640374778835962 ], [ 12.085759557907011, 10.640234622740707 ], [ 12.086472597391491, 10.640117826661367 ], [ 12.087233171908224, 10.640211263724836 ], [ 12.087779836279651, 10.640117826661367 ], [ 12.088326498651099, 10.639954310550252 ], [ 12.088683018893335, 10.639767437423302 ], [ 12.08851135277672, 10.638918249846313 ], [ 12.088730554925633, 10.638202357359887 ], [ 12.088944467070974, 10.637384774804389 ], [ 12.088925452058049, 10.636609238277458 ], [ 12.088778090957931, 10.635959840836222 ], [ 12.088169630544542, 10.634492851839468 ], [ 12.087813111302296, 10.633637884258576 ], [ 12.087513635098787, 10.632852993725237 ], [ 12.087142853846899, 10.63146541378245 ], [ 12.085200736527327, 10.622541078718825 ], [ 12.09150743381241, 10.614132467005561 ], [ 12.098143681321403, 10.605568862186999 ], [ 12.098460686536839, 10.605159780909048 ], [ 12.098508222569137, 10.604860746705867 ], [ 12.098394137491596, 10.60464581655981 ], [ 12.098289558420561, 10.604328093343952 ], [ 12.098184979349469, 10.604103817191572 ], [ 12.098165965336591, 10.603860851026468 ], [ 12.098118429304293, 10.603645919880421 ], [ 12.098242022388263, 10.603589850842354 ], [ 12.098356108465737, 10.603664609893144 ], [ 12.098508222569137, 10.603692643912154 ], [ 12.098679352685394, 10.603720678931211 ], [ 12.098726888717692, 10.603879541039191 ], [ 12.098812452775803, 10.604094472185182 ], [ 12.098907524840399, 10.604272024305828 ], [ 12.099164219014824, 10.604281369312162 ], [ 12.09941140618281, 10.604234645280428 ], [ 12.0995371332682, 10.604058736160937 ], [ 12.099791694441194, 10.603739368943934 ], [ 12.09985824448637, 10.603468367759774 ], [ 12.099934301538042, 10.603318850658184 ], [ 12.100067401628507, 10.603440333740764 ], [ 12.100276560770624, 10.603402953715374 ], [ 12.100514239932124, 10.603216056588337 ], [ 12.100504732925629, 10.602982436429613 ], [ 12.100333603809361, 10.602720780251843 ], [ 12.100124445667234, 10.602580606156607 ], [ 12.099962822557416, 10.602515192112151 ], [ 12.099725144395961, 10.60247781308675 ], [ 12.099544507273208, 10.602617986181997 ], [ 12.09941140618281, 10.6028235733217 ], [ 12.099278306092344, 10.60293571139789 ], [ 12.099164219014824, 10.602851608340757 ], [ 12.099154712008385, 10.60273946926452 ], [ 12.099164219014824, 10.602599296169274 ], [ 12.099316334118157, 10.602440433061361 ], [ 12.099269854086629, 10.602307462970998 ], [ 12.099097668969591, 10.602225500915324 ], [ 12.099012103911491, 10.602019913775621 ], [ 12.099021611917919, 10.601842360654985 ], [ 12.099069147950217, 10.601573227472159 ], [ 12.099154712008385, 10.601405019357856 ], [ 12.099420914189238, 10.601348950319732 ], [ 12.099487464234471, 10.601171396199106 ], [ 12.099592043305506, 10.600834978970511 ], [ 12.099544507273208, 10.600648080843541 ], [ 12.099392392169875, 10.600405111678469 ], [ 12.099192741034187, 10.600162143513387 ], [ 12.098983582892117, 10.600068694449874 ], [ 12.098802945769364, 10.600040659430817 ], [ 12.098802945769364, 10.599909830341915 ], [ 12.098669845678899, 10.599807035272079 ], [ 12.098506168567724, 10.599705736203248 ], [ 12.098460686536839, 10.59961079113873 ], [ 12.098527237582005, 10.599470617043494 ], [ 12.098631816653096, 10.599246336891099 ], [ 12.098879003821025, 10.59901271273236 ], [ 12.099088161963152, 10.598751052554576 ], [ 12.099183234027748, 10.59849873938316 ], [ 12.099278306092344, 10.598265114224432 ], [ 12.099429143194811, 10.598067645090282 ], [ 12.099506478247406, 10.597822159923453 ], [ 12.099487464234471, 10.5974857386949 ], [ 12.099554014279704, 10.597046522396454 ], [ 12.099677608363663, 10.596691411155177 ], [ 12.099724550395536, 10.596300170889322 ], [ 12.09949697124091, 10.596083981742424 ], [ 12.099601550312002, 10.59594380464722 ], [ 12.099829723466996, 10.595859699590051 ], [ 12.100048387615573, 10.595616728425 ], [ 12.100438182880453, 10.595420481291626 ], [ 12.100761427100053, 10.595252269177365 ], [ 12.101018121274478, 10.59517750812654 ], [ 12.101122700345513, 10.594897154936064 ], [ 12.101436437558675, 10.594869119917007 ], [ 12.101826231823566, 10.594803703872572 ], [ 12.102301592146546, 10.594691562796356 ], [ 12.102832092506958, 10.594702776803956 ], [ 12.103345480855808, 10.594730811823013 ], [ 12.103744783127127, 10.594534564689695 ], [ 12.104158346408099, 10.594057963365856 ], [ 12.104557647679428, 10.593819662203941 ], [ 12.104700255776322, 10.594043946356351 ], [ 12.104999731979774, 10.593875733242044 ], [ 12.105313469192936, 10.593763591165839 ], [ 12.105669989435171, 10.59390376926109 ], [ 12.1060692907065, 10.593791627184885 ], [ 12.106354506900288, 10.59355332602297 ], [ 12.106596940065003, 10.593357076889617 ], [ 12.106590505060637, 10.593138779741309 ], [ 12.106839373229718, 10.592824402527697 ], [ 12.107067546384769, 10.592824402527697 ], [ 12.1071816324623, 10.592600119375334 ], [ 12.107367021588232, 10.592123515051469 ], [ 12.107538151704546, 10.591464677603824 ], [ 12.112996843413441, 10.593520282000554 ], [ 12.118634509243975, 10.596308405894945 ], [ 12.122382159790334, 10.598509407390395 ], [ 12.126694932720682, 10.598925812673315 ], [ 12.131572828034962, 10.59749813570329 ], [ 12.137491738056553, 10.593988431318621 ], [ 12.144413832759824, 10.593441001946644 ], [ 12.151159605343253, 10.594368991577198 ], [ 12.154193418404589, 10.59476160284396 ], [ 12.156334931859647, 10.595618209425993 ], [ 12.158799632534283, 10.596422733972588 ], [ 12.165789572283643, 10.592490529300846 ], [ 12.181487110949377, 10.583659844300826 ], [ 12.187739480197536, 10.583656313298434 ], [ 12.188878876971728, 10.583380828111274 ], [ 12.199755816362085, 10.564910117561283 ], [ 12.203235777726547, 10.5613409271362 ], [ 12.206804969151676, 10.559913250166119 ], [ 12.210909538940541, 10.559645560984279 ], [ 12.220189437245779, 10.561489643237223 ], [ 12.223703443633383, 10.563319339480415 ], [ 12.22653540455758, 10.564321193161106 ], [ 12.248331678367094, 10.58338184011194 ], [ 12.259810198166235, 10.594860359911081 ], [ 12.26060836470856, 10.623935087665984 ], [ 12.263541977701777, 10.625665117841436 ], [ 12.283984669591632, 10.640966843238232 ], [ 12.315239342827738, 10.659752035001873 ], [ 12.318439264001938, 10.624215437856435 ], [ 12.336332811159764, 10.623263653209733 ], [ 12.333667814348985, 10.610890455802746 ], [ 12.331764246055627, 10.605370107051954 ], [ 12.332706778696036, 10.596229570841388 ], [ 12.346659671176383, 10.589618075349165 ], [ 12.348818220643011, 10.587529155929872 ], [ 12.354036001188206, 10.582479692498964 ], [ 12.370442049335338, 10.574113288814374 ], [ 12.372440795693421, 10.57575511692994 ], [ 12.373797088614936, 10.576040652123936 ], [ 12.375296148633481, 10.576040652123936 ], [ 12.376902285724782, 10.576076344148191 ], [ 12.378294269670562, 10.576254804269468 ], [ 12.379757638664898, 10.575826500978451 ], [ 12.381185314634934, 10.575219737566158 ], [ 12.382363149435207, 10.575076970469183 ], [ 12.382898526798954, 10.575826500978451 ], [ 12.382934218823209, 10.576754489608959 ], [ 12.383719441356732, 10.577361253021252 ], [ 12.38454035491452, 10.577504021118216 ], [ 12.385254194399522, 10.577611096190992 ], [ 12.385738358728474, 10.577284035968773 ], [ 12.386360643151306, 10.577504021118216 ], [ 12.38746709190309, 10.578217858603239 ], [ 12.388502157606354, 10.578503393797291 ], [ 12.389108921018646, 10.579181541258038 ], [ 12.389858450527925, 10.579716918621784 ], [ 12.390643673061447, 10.580395066082588 ], [ 12.391143360400918, 10.580787677349349 ], [ 12.39185719788594, 10.580751985325094 ], [ 12.392927954613469, 10.580537833179562 ], [ 12.394177172462264, 10.580573525203818 ], [ 12.395569157408033, 10.580502142155296 ], [ 12.396889758305349, 10.580859061397803 ], [ 12.398031899081388, 10.580966136470579 ], [ 12.399138348833162, 10.581073211543355 ], [ 12.400101338487445, 10.581285814687817 ], [ 12.401458323409486, 10.581180287616064 ], [ 12.402814616331, 10.580609217228073 ], [ 12.403528453816023, 10.579467076452033 ], [ 12.404063833179805, 10.57836062670026 ], [ 12.404849054713281, 10.577575405166726 ], [ 12.405955504465112, 10.577646788215247 ], [ 12.407347489410881, 10.578075090506275 ], [ 12.408739474356651, 10.578432009748781 ], [ 12.40970315601146, 10.578289242651749 ], [ 12.410702528690479, 10.577860940360722 ], [ 12.411773287417986, 10.576825873657469 ], [ 12.412701276048551, 10.575648040857175 ], [ 12.413593573654794, 10.574827127299443 ], [ 12.414450180236827, 10.574148980838629 ], [ 12.415386432872936, 10.574074789788256 ], [ 12.41677015481315, 10.574648667178167 ], [ 12.418197830783186, 10.574398824008426 ], [ 12.418649593090151, 10.574372431990469 ], [ 12.420018119019971, 10.574148980838629 ], [ 12.421053426723404, 10.574158585845169 ], [ 12.421838912257101, 10.57416587385012 ], [ 12.423110498121105, 10.574177670858148 ], [ 12.423124042130326, 10.574177796858237 ], [ 12.424369508976554, 10.574189352866085 ], [ 12.425014987415125, 10.573542218426383 ], [ 12.429520311476267, 10.573885821659815 ], [ 12.434764829039693, 10.574285799931602 ], [ 12.437593347961524, 10.574528074096236 ], [ 12.437526796916302, 10.574799100280359 ], [ 12.437422217845267, 10.575051434451836 ], [ 12.437346160793538, 10.575415916699455 ], [ 12.437270102741877, 10.575705633896291 ], [ 12.437184538683766, 10.576135535188428 ], [ 12.437041930586872, 10.576705620575751 ], [ 12.436861294464109, 10.577154212880544 ], [ 12.436718686367215, 10.577406545051986 ], [ 12.436509528225088, 10.57774298828059 ], [ 12.43633839910882, 10.57798597444571 ], [ 12.436186284005487, 10.578294379655233 ], [ 12.436034168902154, 10.578359798699694 ], [ 12.435872545792336, 10.578612129871146 ], [ 12.435670518655058, 10.578850443033048 ], [ 12.435632489629199, 10.579158848242628 ], [ 12.435641996635638, 10.579359778379114 ], [ 12.435694286671207, 10.579556034512507 ], [ 12.435729938695431, 10.579785001668085 ], [ 12.435653880643713, 10.580039667841106 ], [ 12.435658634646984, 10.580766285334789 ], [ 12.435656257645348, 10.580890113418945 ], [ 12.435718210687469, 10.581120625575579 ], [ 12.435805862747031, 10.581242201658142 ], [ 12.435970207858645, 10.581376359749299 ], [ 12.436338842109137, 10.581475935816968 ], [ 12.440157581703772, 10.583248136021098 ], [ 12.446359087917415, 10.596994404361055 ], [ 12.439886953519931, 10.610890455802746 ], [ 12.43851003458434, 10.617504068296398 ], [ 12.438799171780829, 10.617644767391994 ], [ 12.448891239637931, 10.622555702728732 ], [ 12.450737295892225, 10.623454010339117 ], [ 12.464738219405206, 10.639350930140324 ], [ 12.485401919445223, 10.633169225940151 ], [ 12.505143180858454, 10.628964703083341 ], [ 12.518444217895876, 10.623721959521163 ], [ 12.531067899473101, 10.599659400171788 ], [ 12.535960196797191, 10.591429709580098 ], [ 12.540010451549108, 10.588800429793594 ], [ 12.54366016402895, 10.585080147265842 ], [ 12.55414962815604, 10.569219589489364 ], [ 12.556300162617219, 10.564809799493105 ], [ 12.561465181126607, 10.550099928498469 ], [ 12.562970161149167, 10.545370102284778 ], [ 12.565750122038025, 10.535849570815969 ], [ 12.567890167492067, 10.531439780819767 ], [ 12.571149825706868, 10.526639937558457 ], [ 12.574009894650146, 10.520759582563073 ], [ 12.576263947181701, 10.517600526416629 ], [ 12.579810142591157, 10.512630463039727 ], [ 12.582269669262303, 10.50566959431012 ], [ 12.584420203723482, 10.501250267307398 ], [ 12.588069916203267, 10.497540473786785 ], [ 12.590220450664447, 10.493129729789871 ], [ 12.592264480053302, 10.489901142596182 ], [ 12.587969575135105, 10.491022652358197 ], [ 12.584827413000141, 10.491352467582317 ], [ 12.581477051723709, 10.491704136821227 ], [ 12.578842672933774, 10.492144442120434 ], [ 12.575895444931291, 10.489713893468945 ], [ 12.574794195183074, 10.487641679061028 ], [ 12.573938547601699, 10.485304579473052 ], [ 12.572512469632727, 10.483060946948626 ], [ 12.570515960276168, 10.481565182932286 ], [ 12.570325816146976, 10.478760606026754 ], [ 12.570896247534563, 10.475441823771746 ], [ 12.569755384759389, 10.472917656056723 ], [ 12.567473660209089, 10.468991132388851 ], [ 12.568044090596686, 10.465625500102021 ], [ 12.566190189337021, 10.461558646338801 ], [ 12.565477149852541, 10.457071021289664 ], [ 12.562910209108452, 10.452022365859364 ], [ 12.559915444073624, 10.449217521953585 ], [ 12.558061542814016, 10.445851674666642 ], [ 12.557918934717122, 10.443467512046709 ], [ 12.560343268364306, 10.442065055093849 ], [ 12.56248238481777, 10.440101603759729 ], [ 12.564051071883625, 10.437016155663343 ], [ 12.565191933658753, 10.434631925043391 ], [ 12.564336287077367, 10.432528175613982 ], [ 12.560200660267412, 10.432668426709256 ], [ 12.556778071941949, 10.433930676566888 ], [ 12.555116785813198, 10.430812536448286 ], [ 12.554514410403897, 10.427702311334997 ], [ 12.555472735055048, 10.425352043738144 ], [ 12.557184029217751, 10.420302873307435 ], [ 12.558895323380511, 10.415440632003765 ], [ 12.56041647341408, 10.409269215810582 ], [ 12.559655897897301, 10.403471714871444 ], [ 12.558515035122127, 10.399544314202956 ], [ 12.557374173346943, 10.395055795153269 ], [ 12.551615614434297, 10.395389440379915 ], [ 12.560544245500864, 10.383595578366567 ], [ 12.559620856873494, 10.376506804550104 ], [ 12.554962157708133, 10.371727943303085 ], [ 12.549159049765194, 10.368308066979409 ], [ 12.544513701608878, 10.364886283654471 ], [ 12.537542342872143, 10.35918140377828 ], [ 12.531629561854686, 10.356989861289208 ], [ 12.526562691411982, 10.35464382169522 ], [ 12.522233963470853, 10.350791931078049 ], [ 12.519930839905953, 10.350494384875844 ], [ 12.513174057315041, 10.345507622487617 ], [ 12.507370949372103, 10.342087746163941 ], [ 12.499253272856549, 10.338674544844821 ], [ 12.493460654920739, 10.337542534075681 ], [ 12.487361907776915, 10.336944579669421 ], [ 12.48334980005086, 10.334630013096785 ], [ 12.47881984697301, 10.332539557676398 ], [ 12.476078987110725, 10.333006858993883 ], [ 12.471858978243404, 10.330116272029898 ], [ 12.467944144583441, 10.328350066829842 ], [ 12.465571403971296, 10.327488899244713 ], [ 12.459561347887757, 10.32336044343964 ], [ 12.452873230343471, 10.320473671478169 ], [ 12.449395179980286, 10.319337844706467 ], [ 12.443597794041239, 10.317062378160358 ], [ 12.435490607532813, 10.315937042395774 ], [ 12.423916816668964, 10.315962791413256 ], [ 12.421607018099564, 10.317112923194713 ], [ 12.411195755025574, 10.31828117398851 ], [ 12.40235042601563, 10.318739891300197 ], [ 12.393369674913629, 10.318189620926319 ], [ 12.389260292121492, 10.317184448243324 ], [ 12.381098746576072, 10.317205429257569 ], [ 12.371844292288131, 10.318370819049392 ], [ 12.361422539207013, 10.317250252288034 ], [ 12.344072342418372, 10.319578170869761 ], [ 12.329026222195239, 10.319613456893705 ], [ 12.323265317280971, 10.317136795210956 ], [ 12.319760322899526, 10.315629959187106 ], [ 12.312801361171239, 10.315073012808682 ], [ 12.302369118082993, 10.311664581492835 ], [ 12.295408249353443, 10.308249474172442 ], [ 12.292376711293628, 10.304085975343526 ], [ 12.289169650114616, 10.299738287389459 ], [ 12.279364547452474, 10.316527255796814 ], [ 12.266200798508351, 10.347043216530949 ], [ 12.257152921360728, 10.35977755018331 ], [ 12.248142185238351, 10.367484234419692 ], [ 12.245569585490387, 10.368022268785239 ], [ 12.234712690113668, 10.363925294001547 ], [ 12.229459719544479, 10.359578168047847 ], [ 12.230151843014767, 10.356344157850515 ], [ 12.229200173368156, 10.354131395347054 ], [ 12.226345164428324, 10.350727113033997 ], [ 12.224481431161962, 10.350851599118585 ], [ 12.222192423606714, 10.349961144513543 ], [ 12.2222789396655, 10.345280186333071 ], [ 12.222451970783084, 10.342812015656023 ], [ 12.219337414666882, 10.340939598383841 ], [ 12.217520592432436, 10.338045839417646 ], [ 12.214579067433817, 10.337705396186323 ], [ 12.211983604670309, 10.335747835856296 ], [ 12.208349957201392, 10.333960487641832 ], [ 12.205667979379143, 10.332513579658723 ], [ 12.203606130978187, 10.332936492946089 ], [ 12.200304022734599, 10.333109366063582 ], [ 12.198139006263546, 10.332520967663754 ], [ 12.195075450182003, 10.332788656845651 ], [ 12.19219035322169, 10.333651212431732 ], [ 12.189364743301837, 10.334840942240078 ], [ 12.186479647341571, 10.335435807644274 ], [ 12.183059172017522, 10.336119903109079 ], [ 12.179489979592404, 10.336655281472815 ], [ 12.176368373471405, 10.336718787515963 ], [ 12.172670171958657, 10.334959921320944 ], [ 12.171052137859306, 10.334198493803569 ], [ 12.170465976461003, 10.330725485443793 ], [ 12.17029071134192, 10.329687035738232 ], [ 12.173524809539344, 10.329652511714812 ], [ 12.174762129380042, 10.328415192874104 ], [ 12.175547351913565, 10.327415819195039 ], [ 12.175285445735653, 10.325977236217625 ], [ 12.176461180534488, 10.325517843905459 ], [ 12.179354931500654, 10.320405682432011 ], [ 12.17800015658014, 10.31907282252638 ], [ 12.176716686708062, 10.316547390810456 ], [ 12.175290607739157, 10.316407087715163 ], [ 12.173935833818632, 10.315565273143193 ], [ 12.172937579140353, 10.315775727286166 ], [ 12.172010627510531, 10.314793606618878 ], [ 12.170655853590063, 10.314092090142196 ], [ 12.169602399874236, 10.312753161232479 ], [ 12.168204466924408, 10.311295741242247 ], [ 12.166330640651267, 10.310760361878465 ], [ 12.163177854509115, 10.307607575736313 ], [ 12.161244543195494, 10.305406575240795 ], [ 12.160292758548792, 10.303740952109081 ], [ 12.16081836890595, 10.302146601025811 ], [ 12.156728775127249, 10.301497578584815 ], [ 12.154492080607497, 10.300664767018986 ], [ 12.152136415006964, 10.300022312582485 ], [ 12.150209051697402, 10.299903339501611 ], [ 12.149233473034542, 10.298856376790241 ], [ 12.149066909921373, 10.29835669045076 ], [ 12.149192251006525, 10.297221271679291 ], [ 12.147740779020296, 10.296703739327654 ], [ 12.146812790389788, 10.295989899842596 ], [ 12.144884157079389, 10.296059067889644 ], [ 12.14193362607466, 10.294488623822588 ], [ 12.138935505037523, 10.293679607272907 ], [ 12.135033189386093, 10.292918179755532 ], [ 12.1312256597991, 10.28228578753135 ], [ 12.112954031384334, 10.277462334254039 ], [ 12.10196134391532, 10.27176179338079 ], [ 12.090671557244491, 10.262114489825876 ], [ 12.082055666390374, 10.251005110277561 ], [ 12.069568309905776, 10.253491841967218 ], [ 12.034979516404348, 10.276973667921993 ], [ 12.015923320456579, 10.2733305774467 ], [ 11.983414915368598, 10.272203409680799 ], [ 12.001235837477111, 10.288414511695521 ], [ 12.00095888028892, 10.314427769370297 ], [ 12.002719969485497, 10.316166459551653 ], [ 12.004164023466672, 10.316394741706745 ], [ 12.004280435545752, 10.316645277877001 ], [ 12.00919366088408, 10.34714610660086 ], [ 12.012117092870426, 10.34961245327662 ], [ 12.021706529385995, 10.352893316505799 ], [ 12.025878749220794, 10.355644762375277 ], [ 12.028160474771141, 10.358660872424593 ], [ 12.029800464885398, 10.358169879091008 ], [ 12.030159267129193, 10.356270514800485 ], [ 12.03193958333884, 10.357819169852689 ], [ 12.034864607326256, 10.359148533755956 ], [ 12.036804477644296, 10.359388053918678 ], [ 12.037909689395235, 10.359668620109346 ], [ 12.037838385346788, 10.360229752490568 ], [ 12.037125345862307, 10.360650599776534 ], [ 12.037125345862307, 10.361632577443743 ], [ 12.037909689395235, 10.362649622134768 ], [ 12.039086204194632, 10.363666662825779 ], [ 12.041260972672319, 10.36485905163596 ], [ 12.04136792874499, 10.36594622637466 ], [ 12.041366552744023, 10.366964923066803 ], [ 12.042330532399035, 10.367734793589932 ], [ 12.042187924302141, 10.368786888304783 ], [ 12.042437488471705, 10.369874049043403 ], [ 12.043186178980363, 10.371417109091851 ], [ 12.043079222907693, 10.372854953068838 ], [ 12.042794006713905, 10.374047306878936 ], [ 12.043127246940344, 10.375584941923705 ], [ 12.025875317218492, 10.382127348368954 ], [ 12.027337376211847, 10.387026374697655 ], [ 12.029524028697608, 10.391047446429752 ], [ 12.032166840493232, 10.397229526630213 ], [ 12.037490717110586, 10.408254064120854 ], [ 12.041959245146757, 10.422476429784297 ], [ 12.04294799281854, 10.430968746554413 ], [ 12.04319258798472, 10.431090932637403 ], [ 12.043237962015553, 10.431613901992762 ], [ 12.043532685215837, 10.431796228116639 ], [ 12.043575467244864, 10.432319830472409 ], [ 12.045215457359177, 10.435987357964336 ], [ 12.057363594613264, 10.472759329949156 ], [ 12.045520975566774, 10.467781764567121 ], [ 12.005995094710784, 10.479623661613118 ], [ 12.004083375411881, 10.479163155300228 ], [ 11.997795548139607, 10.479715531675538 ], [ 11.989544164533129, 10.482601443636383 ], [ 11.984447711070345, 10.490052865699283 ], [ 11.986200177261082, 10.496177074860384 ], [ 11.998392888545425, 10.505954466503681 ], [ 11.998971355938465, 10.523228883240847 ], [ 11.999591540359859, 10.525609138858101 ], [ 11.999353437198067, 10.534356835801759 ], [ 12.00290882261379, 10.540298448838826 ], [ 11.987693019275412, 10.554580830542989 ], [ 11.968541463262795, 10.569322627559359 ], [ 11.968176280014688, 10.570582538415408 ], [ 11.969967962232033, 10.581825767054681 ], [ 11.967779742745279, 10.583891581458261 ], [ 11.970823517813358, 10.584495266868487 ], [ 11.973703262770016, 10.583087785912141 ], [ 11.97686386091749, 10.58304114488044 ], [ 11.979718869857322, 10.581935574129261 ], [ 11.983871610678932, 10.584656971978347 ], [ 11.986726618618775, 10.587973644231852 ], [ 11.987773435330041, 10.591615899706596 ], [ 11.986813134677561, 10.595882484605568 ], [ 11.984614240183475, 10.601136817175586 ], [ 11.983568450472944, 10.604500969461412 ], [ 11.982427587697771, 10.607491295493162 ], [ 11.981381795987204, 10.611042269905909 ], [ 11.980431077341223, 10.61337841549323 ], [ 11.979100071436903, 10.617489986286841 ], [ 11.978434566984731, 10.620573628382033 ], [ 11.978624712113913, 10.624311334921629 ], [ 11.979480357695252, 10.628983404096061 ], [ 11.980906435664224, 10.632907886762553 ], [ 11.984804384312724, 10.634683230968847 ], [ 11.9879417564444, 10.636271689048101 ], [ 11.991649559963662, 10.638514202571798 ], [ 11.995927794870511, 10.639728891397112 ], [ 11.998494735614656, 10.640756701095484 ], [ 12.000742119141648, 10.641375612515958 ], [ 12.004635312786888, 10.641205558400429 ], [ 12.008441990373342, 10.643841402191356 ], [ 12.009134113843629, 10.645371882231245 ], [ 12.012681246253692, 10.646052092693424 ], [ 12.016055347546285, 10.647072406386712 ], [ 12.017643840625567, 10.647860298922012 ], [ 12.019515963897561, 10.650728499870809 ], [ 12.021332788132042, 10.65370435889281 ], [ 12.022976581248884, 10.655319812990399 ], [ 12.024360828189458, 10.66067625562988 ], [ 12.025103691694198, 10.661419803135061 ], [ 12.02603064332402, 10.661419803135061 ], [ 12.026351509541996, 10.660684034635153 ], [ 12.027064549026477, 10.660123449254229 ] ] ] ] } },
{ "type": "Feature", "properties": { "fid": 503.0, "OBJECTID": 503.0, "lganame": "Monguno", "statecode": "BR", "LGA_UID": "08_24" }, "geometry": { "type": "MultiPolygon", "coordinates": [ [ [ [ 14.16123510809507, 12.730077195690569 ], [ 14.045018217131201, 12.611129968871523 ], [ 14.010035848362293, 12.643188109653522 ], [ 13.985369561602738, 12.689907221396936 ], [ 13.971311910051213, 12.684452221690549 ], [ 13.94945957120359, 12.67594232290844 ], [ 13.889973045785268, 12.648578522316029 ], [ 13.773974321969604, 12.548046294009112 ], [ 13.757487682767703, 12.511946240480825 ], [ 13.739472136526956, 12.472498406677857 ], [ 13.716064221622389, 12.419573979718223 ], [ 13.716063996622267, 12.419573471717854 ], [ 13.670290526521342, 12.369086718414508 ], [ 13.674871732634017, 12.345417154332154 ], [ 13.581311447064195, 12.336872872526669 ], [ 13.541100475742724, 12.338621955715098 ], [ 13.478810504419641, 12.323496641438169 ], [ 13.441430057021364, 12.293282082908775 ], [ 13.470253626605654, 12.256980235243418 ], [ 13.455275609428782, 12.246629111210268 ], [ 13.435670931108348, 12.245451817410355 ], [ 13.426236764698274, 12.241381621644848 ], [ 13.402521547584854, 12.218881374357011 ], [ 13.386199232494619, 12.236388295252141 ], [ 13.359097888080555, 12.257840052827589 ], [ 13.322738745376228, 12.266466840689077 ], [ 13.306220004152522, 12.265305570900068 ], [ 13.29588093512757, 12.262402372927511 ], [ 13.281501312357307, 12.257641059692389 ], [ 13.27040353781689, 12.254531893579838 ], [ 13.263748506295144, 12.268002863732761 ], [ 13.26065866919572, 12.272647866888803 ], [ 13.257331152934853, 12.279382975465012 ], [ 13.254478995996919, 12.285188964409883 ], [ 13.250580913348358, 12.293023817733342 ], [ 13.264086604524834, 12.29878376664692 ], [ 13.2842893822517, 12.304821547749327 ], [ 13.302828400848057, 12.308769252431603 ], [ 13.309721112531349, 12.319450978689304 ], [ 13.303779120494028, 12.337098095679721 ], [ 13.295222648680294, 12.353815321038269 ], [ 13.286894326021638, 12.373216347220364 ], [ 13.297016042898861, 12.380532431191284 ], [ 13.337091731128396, 12.384370963799427 ], [ 13.349904274833932, 12.386555567283722 ], [ 13.367126205535385, 12.394617360761345 ], [ 13.368576045520513, 12.41171241937667 ], [ 13.363004072734611, 12.429654858567687 ], [ 13.359841600585867, 12.442743235460625 ], [ 13.355133229386752, 12.457582912543501 ], [ 13.347097787927055, 12.518723116085368 ], [ 13.360521985048138, 12.52617892615126 ], [ 13.383751646831627, 12.539355038103793 ], [ 13.401944919193113, 12.546848643195347 ], [ 13.413951811351183, 12.548374747232288 ], [ 13.429499900915403, 12.550303994543128 ], [ 13.468544732444514, 12.602271434852526 ], [ 13.469504982096964, 12.610542094472066 ], [ 13.467911327014178, 12.62781298120683 ], [ 13.474482793479183, 12.658312013929503 ], [ 13.477275154376457, 12.731779253847037 ], [ 13.479824537108641, 12.734342427588558 ], [ 13.503356070097198, 12.767986729448296 ], [ 13.507765414093114, 12.782086788028607 ], [ 13.530098933267709, 12.773975544517384 ], [ 13.591974618309337, 12.751503102248421 ], [ 13.592776937854467, 12.73046657495513 ], [ 13.605396559428925, 12.72004509787422 ], [ 13.618944302633963, 12.718097579550943 ], [ 13.631493793160757, 12.721575280913896 ], [ 13.654415543735013, 12.735546287406521 ], [ 13.68613582328743, 12.737794692934244 ], [ 13.762474308155845, 12.745098052896537 ], [ 13.806732283227063, 12.802205116698076 ], [ 13.854797394885054, 12.820764913308608 ], [ 13.867170592292098, 12.865022888379826 ], [ 13.786871607732678, 12.912413286579351 ], [ 13.862030839799843, 13.02822566026839 ], [ 14.016342968647677, 13.034281880383332 ], [ 14.083228622093372, 13.083426859775045 ], [ 14.087792073194009, 13.062729005711844 ], [ 14.101910247786634, 12.998401792004472 ], [ 14.108042384953137, 12.970887436309795 ], [ 14.115743208185506, 12.936281727796825 ], [ 14.132998756909842, 12.858019009620989 ], [ 14.144977815049003, 12.803651667680924 ], [ 14.152536030184478, 12.7702745980028 ], [ 14.158525559254088, 12.740648756873441 ], [ 14.16123510809507, 12.730077195690569 ] ] ] ] } },
{ "type": "Feature", "properties": { "fid": 573.0, "OBJECTID": 573.0, "lganame": "Kukawa", "statecode": "BR", "LGA_UID": "08_17" }, "geometry": { "type": "MultiPolygon", "coordinates": [ [ [ [ 14.055990524586321, 13.121623033727531 ], [ 14.083228622093372, 13.083426859775045 ], [ 14.016342968647677, 13.034281880383332 ], [ 13.862030839799843, 13.02822566026839 ], [ 13.786871607732678, 12.912413286579351 ], [ 13.867170592292098, 12.865022888379826 ], [ 13.854797394885054, 12.820764913308608 ], [ 13.806732283227063, 12.802205116698076 ], [ 13.762474308155845, 12.745098052896537 ], [ 13.68613582328743, 12.737794692934244 ], [ 13.654415543735013, 12.735546287406521 ], [ 13.631493793160757, 12.721575280913896 ], [ 13.618944302633963, 12.718097579550943 ], [ 13.605396559428925, 12.72004509787422 ], [ 13.592776937854467, 12.73046657495513 ], [ 13.591974618309337, 12.751503102248421 ], [ 13.530098933267709, 12.773975544517384 ], [ 13.507765414093114, 12.782086788028607 ], [ 13.500709212298773, 12.82434933974406 ], [ 13.548610569845494, 12.840587779777309 ], [ 13.584639453325451, 12.857303074134563 ], [ 13.593398535276833, 12.884253702446244 ], [ 13.593521126360145, 12.916226150170019 ], [ 13.586201617386848, 12.927314896704274 ], [ 13.585132057660132, 12.927009111496545 ], [ 13.584105281962479, 12.926828419373749 ], [ 13.581267386034256, 12.926717224298216 ], [ 13.575984954445119, 12.92670332528877 ], [ 13.575759158291703, 12.930085482586776 ], [ 13.579432763787736, 12.934643137683508 ], [ 13.580536751537863, 12.936305407812938 ], [ 13.589698487762803, 12.95009977318557 ], [ 13.67734251531283, 12.973684010209922 ], [ 13.677347599316249, 12.97368537821086 ], [ 13.702537928431923, 12.985522564253642 ], [ 13.721285079169718, 13.000025965108023 ], [ 13.739116406285291, 13.012534488607002 ], [ 13.749174130119002, 13.020079852733716 ], [ 13.749347850237029, 13.020347759915751 ], [ 13.750911263299315, 13.021392123625333 ], [ 13.75215908114717, 13.022665745490713 ], [ 13.753288059914269, 13.024576163788765 ], [ 13.754370096649438, 13.028092841178193 ], [ 13.756223998909093, 13.035873194464557 ], [ 13.764495252529002, 13.068520221646679 ], [ 13.76639100581707, 13.105671609889328 ], [ 13.635629207970567, 13.096147867418381 ], [ 13.47790125480185, 13.128636797493073 ], [ 13.45988541856093, 13.234689394550799 ], [ 13.455523837597468, 13.323188103681559 ], [ 13.648260179552722, 13.396356530396019 ], [ 13.762075773885101, 13.529462093835036 ], [ 13.795018184267917, 13.483841736838144 ], [ 13.839939652789951, 13.421845108714308 ], [ 13.944043372523538, 13.277124159383277 ], [ 13.989535273433148, 13.213824937374397 ], [ 14.008216900126399, 13.188139643922455 ], [ 14.055990524586321, 13.121623033727531 ] ] ] ] } },
{ "type": "Feature", "properties": { "fid": 582.0, "OBJECTID": 582.0, "lganame": "Jere", "statecode": "BR", "LGA_UID": "08_13" }, "geometry": { "type": "MultiPolygon", "coordinates": [ [ [ [ 13.220256480744354, 12.016404803783701 ], [ 13.23691057706003, 11.999299328161328 ], [ 13.238787383335193, 12.000164265748992 ], [ 13.240401802432132, 11.999965518613976 ], [ 13.241710845321563, 12.000582740033337 ], [ 13.242495186854512, 12.002326374218057 ], [ 13.243493441532735, 12.003860763260604 ], [ 13.244491697211004, 12.005185910161003 ], [ 13.245775167083082, 12.006022841729646 ], [ 13.246947027879287, 12.005629097462133 ], [ 13.247201245052054, 12.006720283203492 ], [ 13.245846471131529, 12.008115160151249 ], [ 13.243220270347138, 12.027592773385379 ], [ 13.244860260461451, 12.031358631944101 ], [ 13.24571590604279, 12.03254416874961 ], [ 13.24621503338193, 12.035124437502816 ], [ 13.247382991175527, 12.038381584715864 ], [ 13.248438288892544, 12.038781402987524 ], [ 13.248927794225153, 12.038864432043965 ], [ 13.249281102465204, 12.039099398203632 ], [ 13.24964570271294, 12.039329990360272 ], [ 13.250282685145748, 12.039357884379228 ], [ 13.250767551475178, 12.039869277726723 ], [ 13.252988904984477, 12.038123096540232 ], [ 13.254943583312581, 12.036296476299128 ], [ 13.257124532794421, 12.035054701455408 ], [ 13.261889854032233, 12.032873018973078 ], [ 13.264254923639214, 12.031777057228396 ], [ 13.267677511964678, 12.030103352091203 ], [ 13.270173150660355, 12.027313819195854 ], [ 13.268128946271418, 12.007743192898545 ], [ 13.269198503998155, 12.006929515345689 ], [ 13.270023765558847, 12.005438680332759 ], [ 13.270826610104336, 12.002835512563991 ], [ 13.270694157014361, 12.001381441576029 ], [ 13.271568171608237, 11.999822510516822 ], [ 13.272024515918304, 11.998985559948153 ], [ 13.271454085530706, 11.997758028114106 ], [ 13.271054784259377, 11.996195705052571 ], [ 13.271796343763242, 11.994075395611901 ], [ 13.270484351871801, 11.993629013308635 ], [ 13.271511127569454, 11.987825967365723 ], [ 13.270484351871801, 11.979567569754522 ], [ 13.272138602995824, 11.970192868384856 ], [ 13.272413123182332, 11.959447133083643 ], [ 13.277166717412172, 11.946425657236148 ], [ 13.283618284795693, 11.934598158199947 ], [ 13.284465730371494, 11.933223530265934 ], [ 13.289263178631131, 11.925441657978524 ], [ 13.289872360045081, 11.923289279516098 ], [ 13.291937076447937, 11.915994151559403 ], [ 13.291788526346977, 11.909017319818929 ], [ 13.291984095479904, 11.898279956523425 ], [ 13.291040179838546, 11.89089549250599 ], [ 13.290743079636684, 11.879993109098336 ], [ 13.285667588188119, 11.861343614426914 ], [ 13.268757705698647, 11.854988661109019 ], [ 13.249743326779253, 11.852226401232201 ], [ 13.224416915571169, 11.845937486959144 ], [ 13.221496154586646, 11.858294484355156 ], [ 13.21982621745201, 11.858011866163167 ], [ 13.218161271320753, 11.857596660881029 ], [ 13.21831100942245, 11.857207274616485 ], [ 13.216887783455491, 11.856732753294068 ], [ 13.215137272266077, 11.856115176874425 ], [ 13.214891107098822, 11.856010360803225 ], [ 13.214107987566706, 11.855676912576655 ], [ 13.214128320580528, 11.855529001476157 ], [ 13.214046511524941, 11.855468932435315 ], [ 13.210865163363394, 11.853988893429744 ], [ 13.210600367183474, 11.853875263352506 ], [ 13.210279518965478, 11.853739862260511 ], [ 13.20910781216935, 11.8533636280049 ], [ 13.208675710875752, 11.853469234076613 ], [ 13.208304929623807, 11.85374487826391 ], [ 13.20594120501778, 11.852799311621482 ], [ 13.206518767410216, 11.85198982107147 ], [ 13.20746108005045, 11.850155987825417 ], [ 13.205715607864477, 11.84945113234653 ], [ 13.204818873255192, 11.849095228104716 ], [ 13.203136783112313, 11.848427623651105 ], [ 13.202343526573316, 11.848189193489077 ], [ 13.201707733141347, 11.847767576202614 ], [ 13.201038486686627, 11.847556406059141 ], [ 13.200463243295758, 11.847367049930483 ], [ 13.200252539152586, 11.847297690883352 ], [ 13.199581093696395, 11.847216274828043 ], [ 13.199264015480935, 11.847259372857309 ], [ 13.198077769674967, 11.847222089831973 ], [ 13.197449277247927, 11.847132096770849 ], [ 13.197436374239146, 11.847130248769588 ], [ 13.195621676006169, 11.846958728653078 ], [ 13.195580616978248, 11.846956203651359 ], [ 13.19574728409151, 11.846431577294879 ], [ 13.195911913203361, 11.845864186909353 ], [ 13.196914388884466, 11.846104881072904 ], [ 13.197195654075585, 11.845342958555193 ], [ 13.194831065468975, 11.844762738160966 ], [ 13.193996808902114, 11.844644103080384 ], [ 13.194167938018381, 11.84373688746399 ], [ 13.194643038341212, 11.843884053563954 ], [ 13.194814940458002, 11.843890099568057 ], [ 13.194823934464125, 11.843890415568296 ], [ 13.195212539728175, 11.84318557808939 ], [ 13.19555178295866, 11.842567123669141 ], [ 13.19517261470105, 11.842383056544122 ], [ 13.194610050318772, 11.842093676347474 ], [ 13.194991497577973, 11.84141998388975 ], [ 13.195307140792409, 11.840649517366217 ], [ 13.195503878926104, 11.840240530088352 ], [ 13.194031495925685, 11.83968965471405 ], [ 13.193858376808066, 11.840081341980181 ], [ 13.192831213110139, 11.839695470718027 ], [ 13.190560220567136, 11.838970937225724 ], [ 13.189692051977261, 11.83869886504084 ], [ 13.189983270175105, 11.837756284400427 ], [ 13.190175790305943, 11.83729336008588 ], [ 13.190366818435734, 11.836892736813695 ], [ 13.190492834521308, 11.836621732629567 ], [ 13.189879526104619, 11.836401232479716 ], [ 13.190157964293803, 11.83564950896897 ], [ 13.190499376525793, 11.834457397158985 ], [ 13.190689177654747, 11.833308111378074 ], [ 13.19012231226958, 11.833315090382825 ], [ 13.190189747315401, 11.832579727883171 ], [ 13.190177863307326, 11.831695735282551 ], [ 13.190177863307326, 11.830951317776794 ], [ 13.19021351533155, 11.830253425302601 ], [ 13.190237283347699, 11.829613687867891 ], [ 13.190311268397977, 11.829343392684279 ], [ 13.190442489487111, 11.828787471306555 ], [ 13.191782728397754, 11.829370332702581 ], [ 13.193369105475654, 11.830048246163187 ], [ 13.193667054678087, 11.829000952451565 ], [ 13.194570237291714, 11.827023571108043 ], [ 13.196780657793624, 11.827814524645476 ], [ 13.200322086199833, 11.829140531546443 ], [ 13.202294827540243, 11.829419689736085 ], [ 13.214897796103344, 11.8299954541273 ], [ 13.226793205185743, 11.827276894280146 ], [ 13.233183461527631, 11.821837133584097 ], [ 13.242400556790187, 11.814026023276824 ], [ 13.247395586184098, 11.81107870427428 ], [ 13.238559329180248, 11.79763258013827 ], [ 13.233397456673003, 11.790146713051968 ], [ 13.228933299639834, 11.783672688653155 ], [ 13.218178293332301, 11.769246721851403 ], [ 13.2203139997834, 11.767716035811361 ], [ 13.222131115018044, 11.767273455510633 ], [ 13.224015648298518, 11.767083099381296 ], [ 13.22715653743262, 11.767958740976269 ], [ 13.228146392105145, 11.767692240795213 ], [ 13.228831676570792, 11.766987921316627 ], [ 13.2293974849552, 11.764769274809169 ], [ 13.229758459200468, 11.76191451186952 ], [ 13.22972421017721, 11.761274140434409 ], [ 13.229688283152825, 11.76074421507434 ], [ 13.229535998049357, 11.760249286738087 ], [ 13.22955503306224, 11.759773395414697 ], [ 13.230165269476913, 11.758783823742363 ], [ 13.230259353540816, 11.758631253638669 ], [ 13.230782880896527, 11.757996156207184 ], [ 13.231248135212638, 11.757431749823695 ], [ 13.232315207937688, 11.756385043112516 ], [ 13.232943386364468, 11.755661685621021 ], [ 13.233971313062909, 11.755490364504624 ], [ 13.235664442213306, 11.755904640786071 ], [ 13.235760668278715, 11.755928185802077 ], [ 13.23593292439574, 11.755987584842444 ], [ 13.236312702653777, 11.756118542931404 ], [ 13.23652556279842, 11.756170671966856 ], [ 13.237245451287549, 11.7563469710866 ], [ 13.237778450649671, 11.756251793021931 ], [ 13.238863485386901, 11.755338080401145 ], [ 13.240767053680315, 11.755204830310618 ], [ 13.242074815568856, 11.75472797898658 ], [ 13.242935658153783, 11.75408278254821 ], [ 13.243013265206514, 11.754024616508673 ], [ 13.243641442633304, 11.752996689810288 ], [ 13.24436479912481, 11.75244465543517 ], [ 13.245316383771353, 11.752175230252135 ], [ 13.246439688534622, 11.752235263292903 ], [ 13.247334366142468, 11.751892620060119 ], [ 13.248038685621054, 11.75135962069794 ], [ 13.248838185164232, 11.749665444546849 ], [ 13.24905391531081, 11.748566578800194 ], [ 13.249199863410013, 11.747928438366614 ], [ 13.24923972843709, 11.747815775290064 ], [ 13.249528228633096, 11.74700044773607 ], [ 13.249809261824055, 11.746526206413876 ], [ 13.249985085943536, 11.746229503212305 ], [ 13.250476276277254, 11.74594220301708 ], [ 13.251501135973626, 11.745479938702999 ], [ 13.253111697067936, 11.744916041319868 ], [ 13.253811258543237, 11.744487738028852 ], [ 13.254054182708273, 11.744279517887378 ], [ 13.254910570290178, 11.743545471388586 ], [ 13.255829463914495, 11.743386414280508 ], [ 13.256140104125564, 11.743332643244003 ], [ 13.257351896948933, 11.743174275136369 ], [ 13.258108565463033, 11.743274212204312 ], [ 13.25943630536517, 11.743745345524417 ], [ 13.260592723150921, 11.743959496669902 ], [ 13.261692033897873, 11.743788175553505 ], [ 13.262548640479849, 11.743359873262477 ], [ 13.263148263887274, 11.742817355893862 ], [ 13.26350518312978, 11.742074964389474 ], [ 13.263647951226801, 11.741246911826863 ], [ 13.263619397207378, 11.74051165832725 ], [ 13.263774062312507, 11.739976278963525 ], [ 13.264226159619682, 11.739357619543171 ], [ 13.26505897118551, 11.738786549155122 ], [ 13.266406901101391, 11.738229781776852 ], [ 13.26683167038999, 11.738084607678218 ], [ 13.267385709766415, 11.737967669598731 ], [ 13.268227707338554, 11.737789955477979 ], [ 13.26894938982889, 11.737501640282119 ], [ 13.26943717916032, 11.736966260918337 ], [ 13.269726324356782, 11.735373508836119 ], [ 13.269829790427082, 11.734503519245038 ], [ 13.269871459455373, 11.733947936867537 ], [ 13.269901174475592, 11.733551734598336 ], [ 13.269863704450131, 11.733144245321455 ], [ 13.269805996410923, 11.732516668895073 ], [ 13.269853585443229, 11.731719550353432 ], [ 13.270112111618914, 11.731315032078612 ], [ 13.270586411941167, 11.730572890574365 ], [ 13.271096029287435, 11.729992725180125 ], [ 13.272006996906384, 11.729423369793324 ], [ 13.272835905469606, 11.728668244280243 ], [ 13.272835959469603, 11.728668194280203 ], [ 13.274309869471097, 11.727325478367902 ], [ 13.274594044664127, 11.727053358183014 ], [ 13.278510266325043, 11.72330327963499 ], [ 13.279855096238805, 11.721893762677269 ], [ 13.280250833507694, 11.721211958214042 ], [ 13.280793900876688, 11.720276324578322 ], [ 13.281388766280827, 11.719473257032689 ], [ 13.281919669641582, 11.719051656746217 ], [ 13.282400036967942, 11.718670189487 ], [ 13.283143618473161, 11.718610703446586 ], [ 13.284723947546922, 11.719689192179374 ], [ 13.2861588855219, 11.720181646513993 ], [ 13.287478890418811, 11.720275943578031 ], [ 13.288824581333131, 11.720187094517712 ], [ 13.28956816283835, 11.719354283951816 ], [ 13.290163028242546, 11.718729675527413 ], [ 13.293091282232183, 11.716353062912617 ], [ 13.293266848351436, 11.716246468840211 ], [ 13.303567009349933, 11.709992799591134 ], [ 13.304404786919179, 11.709424480204973 ], [ 13.321548793567729, 11.697794562302988 ], [ 13.313775411286031, 11.681708660373374 ], [ 13.286865770002237, 11.689062973370312 ], [ 13.26944310216436, 11.699839534692501 ], [ 13.261274143613889, 11.706576216269752 ], [ 13.255414408632475, 11.708790942774556 ], [ 13.248918223218652, 11.70944678322013 ], [ 13.244242358041618, 11.70764780799783 ], [ 13.232129363811396, 11.711356730517878 ], [ 13.23028490155815, 11.712086659013835 ], [ 13.223505352951804, 11.719067951757268 ], [ 13.222145046027549, 11.719954784359857 ], [ 13.213603087223646, 11.723255255602339 ], [ 13.209352455335534, 11.725734727287033 ], [ 13.209320405313804, 11.725803773333951 ], [ 13.202078627393348, 11.731557182243137 ], [ 13.199580354695854, 11.737377044197444 ], [ 13.195155815689589, 11.742771881863007 ], [ 13.193117456304662, 11.746994991732379 ], [ 13.189003644509512, 11.748091380477319 ], [ 13.168226880392638, 11.760407050845231 ], [ 13.158985137113348, 11.765885201567414 ], [ 13.158916787066914, 11.765912634586016 ], [ 13.149737043829703, 11.769597012089378 ], [ 13.122571202371773, 11.725381889047299 ], [ 13.120076990677092, 11.726149397568804 ], [ 13.104347666989725, 11.734818368458946 ], [ 13.092256578774425, 11.740228562134917 ], [ 13.087433627497433, 11.73172436635673 ], [ 13.085294510044037, 11.727744915652863 ], [ 13.08301278449369, 11.722997428427163 ], [ 13.080222822598046, 11.717995590028636 ], [ 13.078610916502839, 11.714758143828988 ], [ 13.075605852461024, 11.722101476818409 ], [ 13.075130493138033, 11.724521784462922 ], [ 13.075891067654823, 11.726476630791126 ], [ 13.075415708331832, 11.728338378056094 ], [ 13.073038910716889, 11.733178860344992 ], [ 13.071461549645164, 11.735424504870764 ], [ 13.063118990976818, 11.744500107037254 ], [ 13.050682577526857, 11.766397189915267 ], [ 13.046211640489048, 11.780750073667377 ], [ 13.041570179335395, 11.796114261106652 ], [ 13.03926919877199, 11.803730658281609 ], [ 13.046354247585953, 11.806575590214607 ], [ 13.05540984473879, 11.810204926680569 ], [ 13.069550626346768, 11.815934280573401 ], [ 13.07010204272143, 11.819619328077238 ], [ 13.070311200863557, 11.820922110962385 ], [ 13.070748532160735, 11.823155437479841 ], [ 13.070995719328664, 11.824923474681157 ], [ 13.07133797656121, 11.826356507654793 ], [ 13.071680235793735, 11.829315602665361 ], [ 13.072079538065054, 11.831455809119575 ], [ 13.072345739245918, 11.83288880809323 ], [ 13.072554898388034, 11.834749833357705 ], [ 13.072878141607703, 11.836778336735961 ], [ 13.07338352095104, 11.840660154373495 ], [ 13.07424903453915, 11.842300709488143 ], [ 13.077814230961508, 11.842091350345925 ], [ 13.08095160309324, 11.841986670274764 ], [ 13.080095397511457, 11.837518955239148 ], [ 13.080903079060249, 11.837199389022032 ], [ 13.082745097311829, 11.836501511547851 ], [ 13.085597253249716, 11.836152573310756 ], [ 13.087795790743542, 11.835571006915643 ], [ 13.090348716478104, 11.835242381692353 ], [ 13.090596166646264, 11.835210527670711 ], [ 13.090621263663309, 11.835202021664941 ], [ 13.091937361557541, 11.835007130532517 ], [ 13.091778509449568, 11.833885436770345 ], [ 13.091695350393081, 11.833172390285881 ], [ 13.091675029379303, 11.83228547468326 ], [ 13.091836856489238, 11.831846721385148 ], [ 13.092863632186891, 11.829194726583239 ], [ 13.09322469743222, 11.828561314152864 ], [ 13.092685570065896, 11.828308162980875 ], [ 13.092538546966011, 11.828239126933966 ], [ 13.092917656223563, 11.827431574385287 ], [ 13.09396182993305, 11.82502872875267 ], [ 13.094054953996306, 11.82481443260707 ], [ 13.09421182310291, 11.824465479369962 ], [ 13.094362227205124, 11.82427816124266 ], [ 13.094543954328572, 11.823543666743603 ], [ 13.096098952385148, 11.821874620609606 ], [ 13.096216011464662, 11.820978692000836 ], [ 13.09639129758375, 11.818699089451968 ], [ 13.096989276990087, 11.818788195512525 ], [ 13.097181658120803, 11.817156108403594 ], [ 13.097322143216218, 11.816053157654153 ], [ 13.097247020165184, 11.815984169607304 ], [ 13.097241078161176, 11.815204813077742 ], [ 13.097193542128878, 11.814914007880191 ], [ 13.097199484132886, 11.814512696607494 ], [ 13.097342092229781, 11.814064855303229 ], [ 13.09760354040742, 11.813477425904068 ], [ 13.098487220007826, 11.813727230073823 ], [ 13.098522311031672, 11.813532785941675 ], [ 13.098779005206097, 11.812967456557601 ], [ 13.099198058490799, 11.811628570647883 ], [ 13.099414658638011, 11.811305672428489 ], [ 13.099890018960991, 11.811579031614201 ], [ 13.100329726259758, 11.811817495776211 ], [ 13.100603058445472, 11.812003612902686 ], [ 13.100771482559878, 11.812126874986461 ], [ 13.101581249110097, 11.81268130236316 ], [ 13.101609771129461, 11.810803841087477 ], [ 13.101868405305197, 11.807170851619048 ], [ 13.08045551775615, 11.790377307208644 ], [ 13.076242028893262, 11.787164025025334 ], [ 13.082259540981909, 11.780512804506145 ], [ 13.087674704661254, 11.775563419143282 ], [ 13.093022498294829, 11.769513734032842 ], [ 13.101141666811429, 11.755805902718976 ], [ 13.103589768474762, 11.753502219153745 ], [ 13.106167469226193, 11.756924976479354 ], [ 13.108200754607708, 11.759598795296085 ], [ 13.113698287343027, 11.769592698086456 ], [ 13.116027547925682, 11.773780954932192 ], [ 13.118461276579296, 11.778034676822415 ], [ 13.118871130857769, 11.77875102130912 ], [ 13.120638535058617, 11.782436482813239 ], [ 13.121534161667171, 11.785696021027945 ], [ 13.121806020851864, 11.787763684432775 ], [ 13.124025471359914, 11.787678529374944 ], [ 13.125071262070435, 11.788423062880838 ], [ 13.125879372619522, 11.789539861639639 ], [ 13.126639948136301, 11.791075451683014 ], [ 13.127022576396257, 11.791913695252561 ], [ 13.127463904696128, 11.792880533909454 ], [ 13.129083269796411, 11.791837354200652 ], [ 13.131523474454411, 11.790265390132618 ], [ 13.134147459237283, 11.789134635364292 ], [ 13.134290066334188, 11.789846591848061 ], [ 13.134901903749892, 11.791621797054233 ], [ 13.135367575066311, 11.792972900972245 ], [ 13.136619802917153, 11.792672765768316 ], [ 13.13754081154292, 11.792632049740632 ], [ 13.138747037362521, 11.792533167673469 ], [ 13.139228337689531, 11.794342118902534 ], [ 13.139864131121499, 11.79421415481562 ], [ 13.139971087194169, 11.794510799017132 ], [ 13.140006739218393, 11.795435626645542 ], [ 13.140672241670586, 11.795470525669259 ], [ 13.141753685405376, 11.795511241696886 ], [ 13.142116146651631, 11.795505424692976 ], [ 13.142163682683929, 11.795953296997254 ], [ 13.142246845740431, 11.796964713684474 ], [ 13.14287315716598, 11.796944427670667 ], [ 13.143251067422796, 11.796986306699125 ], [ 13.143871411844259, 11.797251538879379 ], [ 13.144413321212483, 11.797509790054846 ], [ 13.144940969570996, 11.797795961249278 ], [ 13.146402700564181, 11.797914617329866 ], [ 13.147771349494121, 11.797938241345946 ], [ 13.148675079108159, 11.797997159385943 ], [ 13.148907845266308, 11.798012334396276 ], [ 13.151712466171887, 11.798012334396276 ], [ 13.153126660132784, 11.798023966404173 ], [ 13.153516455397607, 11.79753305607062 ], [ 13.154467174043589, 11.797663345159151 ], [ 13.154961548379504, 11.797719184197092 ], [ 13.156178468206349, 11.797700571184464 ], [ 13.156520727438874, 11.798519528740883 ], [ 13.157357359007335, 11.798891781993802 ], [ 13.158136948537049, 11.799059295107611 ], [ 13.159125696208832, 11.799692123537625 ], [ 13.160512801151299, 11.799937141704106 ], [ 13.161367528732058, 11.800646844186303 ], [ 13.162738427663498, 11.801162512536678 ], [ 13.164830010084643, 11.80203729813104 ], [ 13.164174941639544, 11.803218848933852 ], [ 13.163047411873436, 11.805252574315659 ], [ 13.164616097939302, 11.806276243011212 ], [ 13.165590584601432, 11.806811341374782 ], [ 13.166755216392744, 11.808439895481342 ], [ 13.169190568047441, 11.81024947871083 ], [ 13.16996344857256, 11.809618899282384 ], [ 13.170872699190397, 11.809499580201305 ], [ 13.171400347548911, 11.809541457229784 ], [ 13.172240864119999, 11.809691548331728 ], [ 13.173667813089537, 11.810714004026465 ], [ 13.174437894612765, 11.810993181216134 ], [ 13.174994064990642, 11.81102109923512 ], [ 13.17579266853329, 11.810700045016972 ], [ 13.176691099143682, 11.810378990798824 ], [ 13.177717874841335, 11.809792717400512 ], [ 13.178758911548698, 11.809038934888349 ], [ 13.179486892043315, 11.808516380533263 ], [ 13.180073056441586, 11.807854380083484 ], [ 13.180755421905246, 11.804467337782171 ], [ 13.181826252632789, 11.804866640053433 ], [ 13.182937322387716, 11.805681784607316 ], [ 13.184059060149877, 11.806500265163436 ], [ 13.183570416817872, 11.806985817493342 ], [ 13.182626157176287, 11.808217921330481 ], [ 13.182125351836021, 11.809162690972414 ], [ 13.181675936530667, 11.810390037806371 ], [ 13.180873988985809, 11.814562438641303 ], [ 13.179746920219998, 11.820177090456184 ], [ 13.179085008770244, 11.8234744406966 ], [ 13.177459279665641, 11.829671820907436 ], [ 13.177234592513003, 11.831255456983399 ], [ 13.176556883052513, 11.833930092800699 ], [ 13.176497786012362, 11.834163320959192 ], [ 13.175998657673233, 11.836303489413297 ], [ 13.175498583333422, 11.838401775839031 ], [ 13.174501275655814, 11.843003038965321 ], [ 13.17385954121977, 11.845329232545907 ], [ 13.173431716929088, 11.848213685505755 ], [ 13.173336645864538, 11.848702178837641 ], [ 13.172195783089364, 11.849469809359221 ], [ 13.175190547124146, 11.852354218319022 ], [ 13.17655815205336, 11.853778697286884 ], [ 13.176971470334195, 11.854430396729697 ], [ 13.177451826660558, 11.855023164132433 ], [ 13.17803176605463, 11.855151100219359 ], [ 13.178390033298058, 11.855427910407457 ], [ 13.178768572555271, 11.856360669041237 ], [ 13.179217870860555, 11.856731161292942 ], [ 13.180147115491877, 11.856895669404764 ], [ 13.179462598026817, 11.858191296285042 ], [ 13.178735297532626, 11.859796283375545 ], [ 13.178293214232269, 11.859768370356619 ], [ 13.177024004369912, 11.859517155185927 ], [ 13.17561218641066, 11.858903073768658 ], [ 13.175056016032727, 11.858833291721282 ], [ 13.173116548714972, 11.859405504110043 ], [ 13.171376732532849, 11.860089365574709 ], [ 13.168453272546515, 11.86116400330485 ], [ 13.166813283432191, 11.861708297674681 ], [ 13.165529811560134, 11.862392154139343 ], [ 13.165101989269431, 11.862768972395372 ], [ 13.163816758396194, 11.864914607853223 ], [ 13.164636752953356, 11.866240434754047 ], [ 13.164886316122931, 11.867566254654889 ], [ 13.164030853541647, 11.869394368897019 ], [ 13.161903436096168, 11.876788666921072 ], [ 13.157888293368103, 11.88565380794455 ], [ 13.15404762675854, 11.898611855748925 ], [ 13.150070681056377, 11.902679674512797 ], [ 13.137618374595604, 11.896248482143108 ], [ 13.121860208888677, 11.888852498117899 ], [ 13.118223709417862, 11.887247682027521 ], [ 13.113088631928804, 11.884567240206252 ], [ 13.111329801733802, 11.886544204549523 ], [ 13.106338528342462, 11.891498182915541 ], [ 13.102416812677802, 11.896661388423695 ], [ 13.098138577770953, 11.902615233469021 ], [ 13.091980759586988, 11.912003804848098 ], [ 13.089463266876464, 11.919551579976485 ], [ 13.087858928786432, 11.925028194697575 ], [ 13.086397198793236, 11.928376898972886 ], [ 13.081762443644152, 11.934271912978261 ], [ 13.079516371118018, 11.937550740206063 ], [ 13.077242082572752, 11.939318407407086 ], [ 13.076166030841648, 11.944443252889187 ], [ 13.075167776163369, 11.947698704101128 ], [ 13.072695907483876, 11.95030303787064 ], [ 13.06864252272976, 11.953037433728525 ], [ 13.068499914632866, 11.957257752596036 ], [ 13.068999042971996, 11.961373372392416 ], [ 13.069498170311135, 11.965663316307257 ], [ 13.069783385504934, 11.966953771184023 ], [ 13.070068601698722, 11.968244225060857 ], [ 13.07024686081985, 11.972673565070352 ], [ 13.062802012761438, 11.986809660675192 ], [ 13.060235072017292, 11.99469120203031 ], [ 13.059201403315001, 11.999627703384419 ], [ 13.059112154254365, 12.00005392667407 ], [ 13.059022905193672, 12.000480150963654 ], [ 13.058381169757695, 12.006408464991637 ], [ 13.058523777854589, 12.010662820882317 ], [ 13.05980724772661, 12.013382784730368 ], [ 13.061300614741299, 12.01664892494955 ], [ 13.061381682796366, 12.016671872965162 ], [ 13.062900924828625, 12.020812298778367 ], [ 13.066469231253109, 12.027434455277842 ], [ 13.066458586245915, 12.02750056932274 ], [ 13.066447940238675, 12.027566682367649 ], [ 13.065442237555317, 12.033812625611517 ], [ 13.065618233674911, 12.039884625737159 ], [ 13.06345872820765, 12.048484684580444 ], [ 13.063026150913743, 12.059568314111289 ], [ 13.061728420031955, 12.072935745193831 ], [ 13.05955176555301, 12.0910979685342 ], [ 13.065226157408517, 12.097344714778558 ], [ 13.073069587737734, 12.100830716147129 ], [ 13.084121696247166, 12.1346425611207 ], [ 13.091257735095724, 12.149122125958854 ], [ 13.103196863207813, 12.166037138451827 ], [ 13.109599003557776, 12.176608473634587 ], [ 13.154579312119779, 12.189254614227025 ], [ 13.167956946209245, 12.183073170027001 ], [ 13.18438472637115, 12.168079707839638 ], [ 13.199310171512309, 12.154457408583937 ], [ 13.224650158729617, 12.127871009519765 ], [ 13.220256480744354, 12.016404803783701 ] ] ] ] } },
{ "type": "Feature", "properties": { "fid": 587.0, "OBJECTID": 587.0, "lganame": "Mobbar", "statecode": "BR", "LGA_UID": "08_23" }, "geometry": { "type": "MultiPolygon", "coordinates": [ [ [ [ 13.022143623135946, 13.230007426369639 ], [ 13.051259389918755, 13.171000559277275 ], [ 13.066114374012045, 13.147856724552128 ], [ 13.084209977307125, 13.112589021589372 ], [ 13.045991944339789, 13.116710569389738 ], [ 12.999348865648017, 13.126592711104195 ], [ 12.96845050165399, 13.136777150024045 ], [ 12.940879652920898, 13.148812760201679 ], [ 12.914263443836433, 13.17344114393552 ], [ 12.888590112392649, 13.10205574043249 ], [ 12.874472096800105, 13.063075833947494 ], [ 12.855730249065914, 13.03189572476208 ], [ 12.83808777707867, 13.032212875977564 ], [ 12.82476645402744, 13.034964591847199 ], [ 12.812041188381215, 12.996110864447928 ], [ 12.798122843924375, 12.97461901184522 ], [ 12.78480309187421, 12.957061444915666 ], [ 12.763726840553886, 12.938576844356248 ], [ 12.755110951699805, 12.916569580403348 ], [ 12.737309331604422, 12.898189374914864 ], [ 12.714408298044248, 12.888044123021643 ], [ 12.696136668629549, 12.868494344738508 ], [ 12.675207416409137, 12.85266322898201 ], [ 12.670344225104827, 12.848984515482471 ], [ 12.653737846821571, 12.840896153986819 ], [ 12.636106040841582, 12.82447787283138 ], [ 12.630443280993973, 12.816095478135935 ], [ 12.628537482699073, 12.813274389219146 ], [ 12.607596776470871, 12.787800850911083 ], [ 12.602021975683044, 12.741079174165861 ], [ 12.499202121821781, 12.709766914890679 ], [ 12.497590732726906, 12.738508454419218 ], [ 12.497416064608217, 12.765198536553839 ], [ 12.431317755697535, 12.852105165602836 ], [ 12.409243468699117, 12.859631008716292 ], [ 12.378729160966088, 12.870034329784858 ], [ 12.378712575954808, 12.870228426916697 ], [ 12.378425441759703, 12.873386864062752 ], [ 12.377836068359272, 12.881245204402092 ], [ 12.377473724113031, 12.885812866505603 ], [ 12.37877914, 12.893826465950497 ], [ 12.380188314957479, 12.895861942333511 ], [ 12.380308044038827, 12.896037082452494 ], [ 12.382621569610762, 12.89946453278128 ], [ 12.384104043618038, 12.901333737051345 ], [ 12.389969809603542, 12.908257566755708 ], [ 12.394541235709653, 12.916384551277645 ], [ 12.395741232524983, 12.919584553451898 ], [ 12.395766761542291, 12.919653050498425 ], [ 12.397516138730964, 12.924376366707691 ], [ 12.40311210953314, 12.936421929892106 ], [ 12.405521471170175, 12.943087802421246 ], [ 12.408642260290605, 12.954426770125565 ], [ 12.409633820964359, 12.957523510229635 ], [ 12.409987565204688, 12.95844324385456 ], [ 12.410103533283461, 12.958753243065189 ], [ 12.410903540827064, 12.960953257559993 ], [ 12.41261774899175, 12.966842382561367 ], [ 12.414893704538201, 12.984439736517913 ], [ 12.409474606856179, 12.995695365165602 ], [ 12.407620704596525, 13.007089430907342 ], [ 12.4084763521779, 13.023484852047261 ], [ 12.41018764634066, 13.028764501634555 ], [ 12.419171941445029, 13.045853124245468 ], [ 12.425446684708447, 13.054883220380987 ], [ 12.429575919514036, 13.073027610709232 ], [ 12.459165573618805, 13.066110611009435 ], [ 12.478631763845215, 13.091796384461759 ], [ 12.48772912402643, 13.101980660381457 ], [ 12.496695424118627, 13.112723279680552 ], [ 12.50258988212363, 13.126056302739755 ], [ 12.507153332224277, 13.137166603288676 ], [ 12.515782107087091, 13.153419862331987 ], [ 12.533332826011986, 13.18999862718556 ], [ 12.534166335578334, 13.194721222394321 ], [ 12.536388397088103, 13.199443816603093 ], [ 12.551829461579587, 13.246384142496879 ], [ 12.573482556291822, 13.273985889250923 ], [ 12.592518245225733, 13.286359085657921 ], [ 12.641440119465813, 13.302180774408043 ], [ 12.696391672802804, 13.327530234631809 ], [ 12.748190959997999, 13.354159589725214 ], [ 12.751202838044435, 13.359727360508259 ], [ 12.7580598927035, 13.367339501680362 ], [ 12.76490688235566, 13.379360051847755 ], [ 12.767542962146763, 13.385052282715321 ], [ 12.768493679792755, 13.387179529160676 ], [ 12.769919758761716, 13.389195771530638 ], [ 12.772888356778708, 13.393717275602796 ], [ 12.792621626186531, 13.402452050537647 ], [ 12.798761829358511, 13.403615630328261 ], [ 12.809474239637098, 13.413271814889185 ], [ 12.818906316045741, 13.421716086626645 ], [ 12.830276663771372, 13.424223852330556 ], [ 12.846456283764667, 13.423388437762981 ], [ 12.875961599812172, 13.410539348032614 ], [ 12.918337001604243, 13.406884290549158 ], [ 12.938779372493855, 13.392931337068774 ], [ 12.973954059393407, 13.347920437485982 ], [ 12.994961944667295, 13.310676910180746 ], [ 13.022143623135946, 13.230007426369639 ] ] ] ] } },
{ "type": "Feature", "properties": { "fid": 594.0, "OBJECTID": 594.0, "lganame": "Guzamala", "statecode": "BR", "LGA_UID": "08_10" }, "geometry": { "type": "MultiPolygon", "coordinates": [ [ [ [ 13.308717236849247, 13.022549536411759 ], [ 13.326255941765965, 13.01954277636878 ], [ 13.376364714812553, 13.075045977080606 ], [ 13.407780089157825, 13.099421439642583 ], [ 13.47790125480185, 13.128636797493073 ], [ 13.635629207970567, 13.096147867418381 ], [ 13.76639100581707, 13.105671609889328 ], [ 13.764495252529002, 13.068520221646679 ], [ 13.756223998909093, 13.035873194464557 ], [ 13.754370096649438, 13.028092841178193 ], [ 13.753288059914269, 13.024576163788765 ], [ 13.75215908114717, 13.022665745490713 ], [ 13.750911263299315, 13.021392123625333 ], [ 13.749347850237029, 13.020347759915751 ], [ 13.749174130119002, 13.020079852733716 ], [ 13.739116406285291, 13.012534488607002 ], [ 13.721285079169718, 13.000025965108023 ], [ 13.702537928431923, 12.985522564253642 ], [ 13.677347599316249, 12.97368537821086 ], [ 13.67734251531283, 12.973684010209922 ], [ 13.589698487762803, 12.95009977318557 ], [ 13.580536751537863, 12.936305407812938 ], [ 13.579432763787736, 12.934643137683508 ], [ 13.575759158291703, 12.930085482586776 ], [ 13.575984954445119, 12.92670332528877 ], [ 13.581267386034256, 12.926717224298216 ], [ 13.584105281962479, 12.926828419373749 ], [ 13.585132057660132, 12.927009111496545 ], [ 13.586201617386848, 12.927314896704274 ], [ 13.593521126360145, 12.916226150170019 ], [ 13.593398535276833, 12.884253702446244 ], [ 13.584639453325451, 12.857303074134563 ], [ 13.548610569845494, 12.840587779777309 ], [ 13.500709212298773, 12.82434933974406 ], [ 13.507765414093114, 12.782086788028607 ], [ 13.503356070097198, 12.767986729448296 ], [ 13.479824537108641, 12.734342427588558 ], [ 13.477275154376457, 12.731779253847037 ], [ 13.474482793479183, 12.658312013929503 ], [ 13.467911327014178, 12.62781298120683 ], [ 13.469504982096964, 12.610542094472066 ], [ 13.468544732444514, 12.602271434852526 ], [ 13.429499900915403, 12.550303994543128 ], [ 13.413951811351183, 12.548374747232288 ], [ 13.401944919193113, 12.546848643195347 ], [ 13.38707091708693, 12.582912231698856 ], [ 13.381692169432313, 12.588292390354411 ], [ 13.37735798948745, 12.59170112767049 ], [ 13.368472135449906, 12.596815761145649 ], [ 13.365319973308146, 12.597938102908245 ], [ 13.346555522558617, 12.60339183561382 ], [ 13.356516290326454, 12.620970384557609 ], [ 13.362030459073083, 12.646574907954687 ], [ 13.363429317023531, 12.660157033183054 ], [ 13.364297843613656, 12.668589936912838 ], [ 13.349878943816691, 12.663246367282113 ], [ 13.33046659162693, 12.649728911097668 ], [ 13.320959403167251, 12.64360639893772 ], [ 13.304226749798204, 12.639315915022507 ], [ 13.289074666503041, 12.638736114628557 ], [ 13.265602838555026, 12.64265812129338 ], [ 13.25703537973385, 12.645946300527555 ], [ 13.24170608331832, 12.651305318168738 ], [ 13.234396446351752, 12.655648300119594 ], [ 13.23102197405899, 12.656854469939162 ], [ 13.22527032515103, 12.6620355994595 ], [ 13.228701207482118, 12.66884975808938 ], [ 13.234844618656268, 12.681174128463226 ], [ 13.250300363157749, 12.712659083855783 ], [ 13.272746413408754, 12.743367348720597 ], [ 13.257770941233673, 12.749230034703999 ], [ 13.220209136712185, 12.764084572796946 ], [ 13.211932024088242, 12.767362500024149 ], [ 13.188688226295199, 12.774183658658842 ], [ 13.157665656216807, 12.793200203579659 ], [ 13.142420277858321, 12.797867681750972 ], [ 13.127004292383845, 12.790490205738365 ], [ 13.114146083647313, 12.790723229896685 ], [ 13.097603574407458, 12.791279505274645 ], [ 13.082800185349242, 12.792612070180041 ], [ 12.998841375303186, 12.809606187726786 ], [ 12.964255527803743, 12.806073517326467 ], [ 12.930960045180996, 12.844118177176028 ], [ 12.909588193659829, 12.870709883243876 ], [ 12.885199008088534, 12.900074444195695 ], [ 12.893327634611524, 12.931487757539571 ], [ 12.892329399933317, 12.937742919789628 ], [ 12.885769439476121, 12.95039046938308 ], [ 12.881919027859908, 12.95914608933208 ], [ 12.872934733755528, 13.011673334021907 ], [ 12.867800852267294, 13.022371966291132 ], [ 12.855730249065914, 13.03189572476208 ], [ 12.874472096800105, 13.063075833947494 ], [ 12.888590112392649, 13.10205574043249 ], [ 12.914263443836433, 13.17344114393552 ], [ 12.940879652920898, 13.148812760201679 ], [ 12.968450500654001, 13.136777150024045 ], [ 12.999348865648017, 13.126592711104195 ], [ 13.045991944339789, 13.116710569389738 ], [ 13.084209976307136, 13.112589021589372 ], [ 13.102030155415093, 13.109890619755902 ], [ 13.134025807154671, 13.106672956569696 ], [ 13.148880790247915, 13.09972821685102 ], [ 13.171501629617694, 13.085972895504938 ], [ 13.190127318272971, 13.056205622279492 ], [ 13.204077723751652, 13.049381890643076 ], [ 13.227419774611462, 13.042046536659029 ], [ 13.249557073652738, 13.034124109276149 ], [ 13.260399833019846, 13.026935021391466 ], [ 13.308717236849247, 13.022549536411759 ] ] ] ] } },
{ "type": "Feature", "properties": { "fid": 612.0, "OBJECTID": 612.0, "lganame": "Nganzai", "statecode": "BR", "LGA_UID": "08_26" }, "geometry": { "type": "MultiPolygon", "coordinates": [ [ [ [ 13.157665656216807, 12.793200203579659 ], [ 13.188688226295199, 12.774183658658842 ], [ 13.211932024088242, 12.767362500024149 ], [ 13.220209136712185, 12.764084572796946 ], [ 13.257770941233673, 12.749230034703999 ], [ 13.272746413408754, 12.743367348720597 ], [ 13.250300363157749, 12.712659083855783 ], [ 13.234844618656268, 12.681174128463226 ], [ 13.228701207482118, 12.66884975808938 ], [ 13.22527032515103, 12.6620355994595 ], [ 13.23102197405899, 12.656854469939162 ], [ 13.234396446351752, 12.655648300119594 ], [ 13.24170608331832, 12.651305318168738 ], [ 13.25703537973385, 12.645946300527555 ], [ 13.265602838555026, 12.64265812129338 ], [ 13.289074666503041, 12.638736114628557 ], [ 13.304226749798204, 12.639315915022507 ], [ 13.320959403167251, 12.64360639893772 ], [ 13.33046659162693, 12.649728911097668 ], [ 13.349878943816691, 12.663246367282113 ], [ 13.364297843613656, 12.668589936912838 ], [ 13.362030459073083, 12.646574907954687 ], [ 13.356516290326454, 12.620970384557609 ], [ 13.346555522558617, 12.60339183561382 ], [ 13.365319973308146, 12.597938102908245 ], [ 13.368472135449906, 12.596815761145649 ], [ 13.37735798948745, 12.59170112767049 ], [ 13.381692169432313, 12.588292390354411 ], [ 13.38707091708693, 12.582912231698856 ], [ 13.401944919193113, 12.546848643195347 ], [ 13.383751646831627, 12.539355038103793 ], [ 13.360521985048138, 12.52617892615126 ], [ 13.347097787927055, 12.518723116085368 ], [ 13.355133229386752, 12.457582912543501 ], [ 13.359841600585867, 12.442743235460625 ], [ 13.363004072734611, 12.429654858567687 ], [ 13.368576045520513, 12.41171241937667 ], [ 13.367126205535385, 12.394617360761345 ], [ 13.349904274833932, 12.386555567283722 ], [ 13.337091731128396, 12.384370963799427 ], [ 13.297016042898861, 12.380532431191284 ], [ 13.286894326021638, 12.373216347220364 ], [ 13.295222648680294, 12.353815321038269 ], [ 13.303779120494028, 12.337098095679721 ], [ 13.309721112531349, 12.319450978689304 ], [ 13.302828400848057, 12.308769252431603 ], [ 13.2842893822517, 12.304821547749327 ], [ 13.264086604524834, 12.29878376664692 ], [ 13.250580913348358, 12.293023817733342 ], [ 13.254478995996919, 12.285188964409883 ], [ 13.257331152934853, 12.279382975465012 ], [ 13.26065866919572, 12.272647866888803 ], [ 13.263748506295144, 12.268002863732761 ], [ 13.27040353781689, 12.254531893579838 ], [ 13.26836680743304, 12.231316469806075 ], [ 13.26665551227029, 12.198144170267028 ], [ 13.276593393022608, 12.138683726866475 ], [ 13.252950154958171, 12.098487775555213 ], [ 13.23909551754457, 12.114537435460193 ], [ 13.224650158729617, 12.127871009519765 ], [ 13.199310171512309, 12.154457408583937 ], [ 13.18438472637115, 12.168079707839638 ], [ 13.167956946209245, 12.183073170027001 ], [ 13.154579312119779, 12.189254614227025 ], [ 13.136805305043197, 12.227389547137932 ], [ 13.138235517014948, 12.234478293954396 ], [ 13.137378911432904, 12.242425694354267 ], [ 13.132160659887347, 12.246754345295358 ], [ 13.131336568327413, 12.259745718122417 ], [ 13.1322197459275, 12.272353667688947 ], [ 13.133885369059215, 12.289247841167708 ], [ 13.129840285310763, 12.308045582939883 ], [ 13.127395556649674, 12.317856020605632 ], [ 13.129141247835832, 12.330029631877039 ], [ 13.142079782626922, 12.357358271445548 ], [ 13.150040294035762, 12.36751238434482 ], [ 13.113562365250687, 12.378016762482048 ], [ 13.085237145005067, 12.360624105664556 ], [ 13.053292990300463, 12.33833481452001 ], [ 13.034358759435577, 12.338160316401456 ], [ 13.012982507911431, 12.337963311267572 ], [ 12.979874333415978, 12.341831815896057 ], [ 12.954128062922564, 12.331487137867327 ], [ 12.932718675375895, 12.322884680022355 ], [ 12.901619294245336, 12.315138967759538 ], [ 12.882842596487478, 12.310726930761746 ], [ 12.869766480602834, 12.308140595004431 ], [ 12.868645105840926, 12.366082149373028 ], [ 12.873398701070755, 12.387556563963869 ], [ 12.886008540638556, 12.408317000069587 ], [ 12.896704128905697, 12.430252151973548 ], [ 12.902646121943008, 12.444758510829899 ], [ 12.882824086474898, 12.453930420061795 ], [ 12.883156384700669, 12.460888629789565 ], [ 12.903834520750479, 12.457755519660793 ], [ 12.930335809756855, 12.480614750192558 ], [ 12.912153311402733, 12.48711243660739 ], [ 12.908231024737688, 12.497163477436629 ], [ 12.920290586931628, 12.505542655129886 ], [ 12.942979914347916, 12.526860464614344 ], [ 12.950421444404128, 12.542183618025717 ], [ 12.953946034798889, 12.544620571681492 ], [ 12.954938277473104, 12.545306618147606 ], [ 12.955930519147273, 12.545992663613731 ], [ 12.975866982693162, 12.567782505418904 ], [ 12.986562570960302, 12.587500450816322 ], [ 12.999932056044258, 12.604317503242726 ], [ 13.020431931972951, 12.610116230182712 ], [ 13.050741355566799, 12.668286713706834 ], [ 13.055527989819041, 12.687900588033528 ], [ 13.061588822937097, 12.721636280955352 ], [ 13.082800185349242, 12.792612070180041 ], [ 13.097603574407458, 12.791279505274645 ], [ 13.114146083647313, 12.790723229896685 ], [ 13.127004292383845, 12.790490205738365 ], [ 13.142420277858321, 12.797867681750972 ], [ 13.157665656216807, 12.793200203579659 ] ] ] ] } },
{ "type": "Feature", "properties": { "fid": 619.0, "OBJECTID": 619.0, "lganame": "Kala-Balge", "statecode": "BR", "LGA_UID": "08_15" }, "geometry": { "type": "MultiPolygon", "coordinates": [ [ [ [ 14.351358023274656, 12.363690036747698 ], [ 14.35505182778445, 12.363564118662111 ], [ 14.360257013321132, 12.3651312457269 ], [ 14.365711763027377, 12.364991945632255 ], [ 14.372998761978522, 12.362784582132463 ], [ 14.376278742207148, 12.359545814931892 ], [ 14.383587394172991, 12.359615465979232 ], [ 14.38792504912027, 12.363631994708271 ], [ 14.397099486353852, 12.366650155758975 ], [ 14.40090236193771, 12.367439515295302 ], [ 14.404515094392423, 12.367207351137552 ], [ 14.407224643233405, 12.366789454853574 ], [ 14.410694766591178, 12.364653531402325 ], [ 14.412643739915438, 12.36293549223501 ], [ 14.413784602690612, 12.362146118698661 ], [ 14.41929877343722, 12.361171008036138 ], [ 14.422459040584499, 12.362241662763608 ], [ 14.424575263022348, 12.365582195033312 ], [ 14.426666844443503, 12.369018227367974 ], [ 14.428140459444705, 12.370225471188235 ], [ 14.429091178090687, 12.370225471188235 ], [ 14.431372902641044, 12.370364768282855 ], [ 14.43351202109443, 12.369854011935843 ], [ 14.436744465290758, 12.368739632178631 ], [ 14.439216333970251, 12.367625247421472 ], [ 14.442733994360367, 12.364328497181475 ], [ 14.444065000264686, 12.361728214414711 ], [ 14.443684713006348, 12.357456265512155 ], [ 14.442971673521868, 12.355180959966162 ], [ 14.442638922295771, 12.353044940514849 ], [ 14.443066745586464, 12.351466133442102 ], [ 14.444445287523081, 12.350212366590256 ], [ 14.445871366492042, 12.34979444330628 ], [ 14.447867875848601, 12.350258801621806 ], [ 14.449109782692403, 12.351380204383759 ], [ 14.45067249675418, 12.353834341051197 ], [ 14.453334509562922, 12.355645310281659 ], [ 14.455616235113212, 12.357224092354386 ], [ 14.457993031728165, 12.358199218016921 ], [ 14.461510692118225, 12.359081471616378 ], [ 14.463887489733168, 12.360520931594408 ], [ 14.465361103734438, 12.36024232740516 ], [ 14.468213260672314, 12.358106348953811 ], [ 14.470637594319555, 12.353927212114286 ], [ 14.470780202416449, 12.352859199388661 ], [ 14.472396423514567, 12.349330082990775 ], [ 14.473014390934452, 12.348494233422855 ], [ 14.47477322112951, 12.346404596003026 ], [ 14.475676403743194, 12.346079538782192 ], [ 14.476579587356866, 12.34612597581372 ], [ 14.477625378067387, 12.346636778160814 ], [ 14.478195809454974, 12.347565506791852 ], [ 14.479232933159665, 12.349884791367685 ], [ 14.480437683978209, 12.351797201667068 ], [ 14.482545998410728, 12.352679849266792 ], [ 14.485407281354867, 12.351355878367201 ], [ 14.487515595787329, 12.347825255968303 ], [ 14.487270963621143, 12.345661229497978 ], [ 14.485557875457175, 12.3438532492695 ], [ 14.483298966922348, 12.343559024069634 ], [ 14.482997779717721, 12.341646551770168 ], [ 14.486009657764157, 12.339292722170853 ], [ 14.491581629550012, 12.338262915471148 ], [ 14.494317594408983, 12.336055079971061 ], [ 14.495227886027465, 12.332747827723892 ], [ 14.497887407834526, 12.330880973455464 ], [ 14.502725577121794, 12.329582948573545 ], [ 14.51146002205644, 12.32987718977347 ], [ 14.514923681409869, 12.329582948573545 ], [ 14.520345061093451, 12.327376133074097 ], [ 14.521549811911996, 12.320461320375784 ], [ 14.522221683368514, 12.318288713899619 ], [ 14.521700405014315, 12.315753258176926 ], [ 14.520630423287287, 12.313686106772366 ], [ 14.518236746660932, 12.314429100277209 ], [ 14.516730807637714, 12.315753258176926 ], [ 14.514020118795941, 12.31737166427655 ], [ 14.511309428954121, 12.316930280976635 ], [ 14.510104678135576, 12.313840583877322 ], [ 14.513568336488959, 12.308838139478382 ], [ 14.515676649921431, 12.305454078179082 ], [ 14.514020118795941, 12.302069973879782 ], [ 14.511761210261113, 12.300157199580099 ], [ 14.511008239749515, 12.297950136080544 ], [ 14.511610616158805, 12.29618447088086 ], [ 14.515977838126105, 12.296920166380687 ], [ 14.518839122070233, 12.297950136080544 ], [ 14.522905155832916, 12.296331609980825 ], [ 14.525917033879296, 12.291475973681656 ], [ 14.528025348311814, 12.290151693781866 ], [ 14.53199990201233, 12.290311711890581 ], [ 14.534802072916307, 12.289268837181964 ], [ 14.537964544065062, 12.287208825782329 ], [ 14.54112701521376, 12.283824487482832 ], [ 14.545494239181096, 12.282058727283072 ], [ 14.547753145715944, 12.28073440038321 ], [ 14.547301365408941, 12.278380022783551 ], [ 14.54444008246486, 12.275584173883885 ], [ 14.543235330646269, 12.271463921084376 ], [ 14.544985047835155, 12.267084846109015 ], [ 14.547885637805962, 12.263270936517642 ], [ 14.549576263954634, 12.257937118893551 ], [ 14.552163872712811, 12.25676768009896 ], [ 14.555372548892933, 12.257464464572422 ], [ 14.55691746794264, 12.260135458387197 ], [ 14.558343546911601, 12.26083223386064 ], [ 14.559413104638338, 12.259438679913785 ], [ 14.559175425476838, 12.256303154783325 ], [ 14.55739282726563, 12.253748255047412 ], [ 14.55584790921597, 12.25119333131147 ], [ 14.555729069135168, 12.246896357391847 ], [ 14.554184152085497, 12.245038184129328 ], [ 14.55029660344411, 12.243113703821734 ], [ 14.549074036613433, 12.242715449551156 ], [ 14.548211023027022, 12.241193515517068 ], [ 14.548004477886707, 12.238418337631458 ], [ 14.550024756259404, 12.235979405974319 ], [ 14.552045033632055, 12.23502608732656 ], [ 14.556976888983058, 12.235664858760572 ], [ 14.561492802051362, 12.234329241853118 ], [ 14.563981011741987, 12.233527537308362 ], [ 14.565915897056641, 12.233040974977769 ], [ 14.567494216129035, 12.232529051629967 ], [ 14.570584053228458, 12.231077276643532 ], [ 14.572247810358931, 12.229741636736037 ], [ 14.57284200876262, 12.227883344473412 ], [ 14.574208667691209, 12.226896119802632 ], [ 14.575515905579437, 12.227012263881591 ], [ 14.577298503790587, 12.227709128355059 ], [ 14.578070964315486, 12.228812492104737 ], [ 14.58038834189, 12.229277065420376 ], [ 14.581933258939728, 12.229277065420376 ], [ 14.585676715483203, 12.228812492104737 ], [ 14.586258632878582, 12.228949405197739 ], [ 14.588885391663382, 12.229567421617674 ], [ 14.590905669036033, 12.229393208499289 ], [ 14.593223045610614, 12.22846406186801 ], [ 14.594173765256585, 12.227534912236706 ], [ 14.595659264265862, 12.225618530934582 ], [ 14.596194042629236, 12.223876353750882 ], [ 14.596111308573029, 12.223411422434992 ], [ 14.595956363467735, 12.222540677843313 ], [ 14.595362164063999, 12.221379214054195 ], [ 14.594411445418075, 12.220740406620109 ], [ 14.593044787489475, 12.220217746265007 ], [ 14.591915808722376, 12.219462788752082 ], [ 14.591737547601269, 12.218243237923446 ], [ 14.592628848206857, 12.2166171608186 ], [ 14.596649967939015, 12.2148330816064 ], [ 14.598570840244179, 12.214874924634842 ], [ 14.599699819011278, 12.214874924634842 ], [ 14.601720097383918, 12.21423610320079 ], [ 14.603192149384142, 12.211930440634205 ], [ 14.605522972967833, 12.206628186031537 ], [ 14.606711371775248, 12.204130883334756 ], [ 14.608315709865337, 12.202098177953644 ], [ 14.609028749349818, 12.200762391045998 ], [ 14.608553389026838, 12.19983314541463 ], [ 14.606889630896376, 12.199020050862202 ], [ 14.604691093402607, 12.198439268467553 ], [ 14.602670816029899, 12.199194285980582 ], [ 14.601125896980193, 12.199136206941091 ], [ 14.598927361486403, 12.198206955309729 ], [ 14.597738961678942, 12.197335777717797 ], [ 14.597323021396335, 12.195825730691809 ], [ 14.597501281517452, 12.194664149902565 ], [ 14.598036061880805, 12.193851041350058 ], [ 14.59903566255997, 12.193984514440785 ], [ 14.600709956697585, 12.194257595626311 ], [ 14.602254876747281, 12.19454799182364 ], [ 14.603562113635519, 12.194315674665745 ], [ 14.605938912250451, 12.193037928797594 ], [ 14.607543250340484, 12.191818255968883 ], [ 14.610335986238056, 12.191295537613712 ], [ 14.612118584449206, 12.191992496087266 ], [ 14.613960602700786, 12.192515213442448 ], [ 14.615753570919026, 12.191510672759932 ], [ 14.615802620952365, 12.190133936824452 ], [ 14.61497074138714, 12.188914250995765 ], [ 14.614257701902659, 12.188507687719493 ], [ 14.613306983256678, 12.188275365561651 ], [ 14.612950464014432, 12.187404155969716 ], [ 14.612712783852942, 12.186707187496154 ], [ 14.61360408345854, 12.185777890864756 ], [ 14.615210336549922, 12.186117727095677 ], [ 14.616575079477172, 12.186242539180455 ], [ 14.617585218163526, 12.186242539180455 ], [ 14.619367816374734, 12.1850809163912 ], [ 14.622041713191493, 12.183454636286228 ], [ 14.624596769927564, 12.182641492733694 ], [ 14.627389506825068, 12.18229300249692 ], [ 14.62905326495553, 12.1823510825364 ], [ 14.629706884399639, 12.183454636286228 ], [ 14.629944563561139, 12.184732429154394 ], [ 14.629825724480384, 12.185952133983164 ], [ 14.628637324672923, 12.187346075930236 ], [ 14.627151826663578, 12.188043044403798 ], [ 14.625942596841981, 12.189168616168615 ], [ 14.626022847896536, 12.190366257982305 ], [ 14.626557628259889, 12.191527856771586 ], [ 14.62905326495553, 12.192631371521372 ], [ 14.630598184005237, 12.194083357507907 ], [ 14.632380781216455, 12.195012625139327 ], [ 14.633365123885255, 12.194856873033473 ], [ 14.634460478629478, 12.194315674665745 ], [ 14.63540998827466, 12.192945192734612 ], [ 14.636302496881058, 12.191353617653192 ], [ 14.638679294496001, 12.191237457574289 ], [ 14.640343051626417, 12.192515213442448 ], [ 14.640758991909024, 12.194083357507907 ], [ 14.640521311747534, 12.195709572612884 ], [ 14.640818411949397, 12.196929228441547 ], [ 14.641590872474239, 12.197742326994046 ], [ 14.642601009160614, 12.19756809187561 ], [ 14.64343288872584, 12.196232282968026 ], [ 14.644324188331439, 12.195244941297176 ], [ 14.646938665107825, 12.194315674665745 ], [ 14.649315462722768, 12.194141436547397 ], [ 14.651216901014664, 12.19629036100747 ], [ 14.652761818064391, 12.197393855757241 ], [ 14.654069055952618, 12.19780040603348 ], [ 14.657218313092358, 12.198381190428108 ], [ 14.659298009505449, 12.19803272019135 ], [ 14.660545829353282, 12.196696913283688 ], [ 14.661318288878135, 12.195186862257685 ], [ 14.662150167443315, 12.193909120389549 ], [ 14.663992184694905, 12.192631371521372 ], [ 14.665596522784995, 12.190830898298032 ], [ 14.666844341632782, 12.189146573153607 ], [ 14.667130547827242, 12.18786436728243 ], [ 14.667186600865364, 12.187613247111813 ], [ 14.666935168694522, 12.186425379304694 ], [ 14.666454547367948, 12.185604808747144 ], [ 14.665094813444057, 12.184346167891988 ], [ 14.664391486966224, 12.182595026702131 ], [ 14.663764011539854, 12.180754989451941 ], [ 14.663821056578627, 12.179751326769974 ], [ 14.664904875315017, 12.178524623936482 ], [ 14.667186600865364, 12.177911269519768 ], [ 14.669582413493174, 12.178022788595513 ], [ 14.672092310198536, 12.177297914103008 ], [ 14.673504530158084, 12.176069804268536 ], [ 14.675172639291475, 12.173171669299393 ], [ 14.677454365841811, 12.166647609866629 ], [ 14.677967754190661, 12.164082551123784 ], [ 14.675792381712597, 12.163593509791497 ], [ 14.675221949324964, 12.16238531997061 ], [ 14.675792381712597, 12.16127006221285 ], [ 14.677313530746119, 12.160154799455086 ], [ 14.67655295622933, 12.158296018192118 ], [ 14.67474659000203, 12.158017200002689 ], [ 14.673510655162261, 12.156344283866019 ], [ 14.673795871356049, 12.154485476603043 ], [ 14.671609216870309, 12.1540207732873 ], [ 14.670373284030575, 12.152719597403177 ], [ 14.66961270751375, 12.15234783215061 ], [ 14.668471844738633, 12.152812539466368 ], [ 14.667521126092652, 12.152626656340033 ], [ 14.667521126092652, 12.151697240708529 ], [ 14.667045766769661, 12.150488995887599 ], [ 14.667045766769661, 12.149280746066665 ], [ 14.665524615736103, 12.148816032750915 ], [ 14.663528107379591, 12.148165433308861 ], [ 14.662672460798206, 12.146306569045862 ], [ 14.66257738773362, 12.144540634845953 ], [ 14.660295663183263, 12.143611192214451 ], [ 14.659154801408135, 12.142402910393514 ], [ 14.657538579309971, 12.142309965330355 ], [ 14.657443506245386, 12.141380513698834 ], [ 14.656587859664, 12.140172222877823 ], [ 14.65611250034101, 12.138778033930578 ], [ 14.654876564501251, 12.138685086867383 ], [ 14.653450485532289, 12.139056872120022 ], [ 14.652309623757162, 12.137290889920109 ], [ 14.65307020027393, 12.135339001593877 ], [ 14.654496277242856, 12.134595422088694 ], [ 14.656207571405616, 12.130784541499338 ], [ 14.656302644470202, 12.129576201678333 ], [ 14.655637141018019, 12.128367856857324 ], [ 14.656587859664, 12.127438357225799 ], [ 14.656968145922406, 12.124742789394247 ], [ 14.656492786599415, 12.122233097689048 ], [ 14.655446995888838, 12.120002241173268 ], [ 14.655732212082626, 12.117399552404891 ], [ 14.655922355211828, 12.115726381268018 ], [ 14.65555658196331, 12.115223546926416 ], [ 14.65421369205086, 12.114511864442818 ], [ 14.654059200945881, 12.114443891396661 ], [ 14.653340219457391, 12.114176646215071 ], [ 14.653034206249458, 12.114150502197333 ], [ 14.652683628011289, 12.114045928126245 ], [ 14.651688345335003, 12.114135978187448 ], [ 14.651103057937348, 12.114083691151905 ], [ 14.650972334848518, 12.114025594112434 ], [ 14.650820813745554, 12.113781587946619 ], [ 14.650660379636577, 12.113653774859813 ], [ 14.650577192580045, 12.113470769735443 ], [ 14.650568278573985, 12.113206428555827 ], [ 14.650643717625258, 12.113049379449137 ], [ 14.650814872741535, 12.11286656132495 ], [ 14.651477404191667, 12.112581886131522 ], [ 14.651810155417763, 12.112494740072293 ], [ 14.652589997947643, 12.112396690005653 ], [ 14.652829207110187, 12.112181015859107 ], [ 14.652873178140055, 12.111970703716224 ], [ 14.65270816902796, 12.111433297351084 ], [ 14.652229733702882, 12.110853983957497 ], [ 14.65200163554789, 12.110714638862817 ], [ 14.651825159427972, 12.110517107728583 ], [ 14.651415161149373, 12.110232429535131 ], [ 14.650872284780519, 12.109852242276816 ], [ 14.649839651078935, 12.109348424934524 ], [ 14.649368144758569, 12.109078027750797 ], [ 14.649025886525976, 12.108799157561293 ], [ 14.648776323356458, 12.108548175390808 ], [ 14.648398413099642, 12.108192615149221 ], [ 14.648227281983395, 12.107899800950236 ], [ 14.648006239833194, 12.107690647808113 ], [ 14.64750315949135, 12.10680141720394 ], [ 14.647328219372525, 12.106265205839634 ], [ 14.646795454010544, 12.105408262257356 ], [ 14.646175471589288, 12.104469957619813 ], [ 14.645824895351097, 12.10412136538298 ], [ 14.645286584985342, 12.10370567610056 ], [ 14.644544311480956, 12.103237165782218 ], [ 14.64413910720566, 12.102816508496403 ], [ 14.64384815200799, 12.10243048723413 ], [ 14.643599579839076, 12.101953491910024 ], [ 14.643450507737782, 12.101447939566526 ], [ 14.643177175552069, 12.101081912317795 ], [ 14.642547326124145, 12.100419575867761 ], [ 14.641762981591171, 12.099908297520415 ], [ 14.641370811324748, 12.099559699283532 ], [ 14.640853856973479, 12.099100708971662 ], [ 14.640622118816054, 12.098961268876963 ], [ 14.639899347324956, 12.098591139625455 ], [ 14.639201983851137, 12.098298928426914 ], [ 14.6388503226122, 12.098262118401919 ], [ 14.638714738520036, 12.098147868324247 ], [ 14.638376736290411, 12.097385930806581 ], [ 14.638196925168245, 12.09692179249123 ], [ 14.638006782039042, 12.096710306347518 ], [ 14.637823767914711, 12.096666149317514 ], [ 14.637652639798432, 12.096473256186471 ], [ 14.637548059727351, 12.09617113198118 ], [ 14.637437142652004, 12.096040792892609 ], [ 14.637395549623704, 12.095759004701165 ], [ 14.637092507417833, 12.095253528357716 ], [ 14.6367864942099, 12.09497754917021 ], [ 14.636816205230105, 12.094527265864258 ], [ 14.636724104167513, 12.093992736501036 ], [ 14.636735988175587, 12.093777762354989 ], [ 14.636438887973725, 12.093522117181294 ], [ 14.636320048892969, 12.093202559964141 ], [ 14.636040773703201, 12.093039876853652 ], [ 14.635910050614427, 12.092633166577286 ], [ 14.635819665553015, 12.092205774286867 ], [ 14.635752587507397, 12.091363647714729 ], [ 14.635764471515472, 12.090832017353478 ], [ 14.635776355523546, 12.09051826714034 ], [ 14.635844688569989, 12.09001859080081 ], [ 14.636019976689113, 12.089606065520513 ], [ 14.636278453864691, 12.089144154206679 ], [ 14.636590410076678, 12.08878392096193 ], [ 14.637574700745461, 12.087776426277344 ], [ 14.638553682410645, 12.08621904921921 ], [ 14.63889475164234, 12.085407350667708 ], [ 14.639248893883007, 12.084991334384995 ], [ 14.639462806028348, 12.084803080257132 ], [ 14.640945929036036, 12.083968717690198 ], [ 14.641119435153939, 12.083759545548105 ], [ 14.641252534244359, 12.083399305303317 ], [ 14.641235897233059, 12.083032091053781 ], [ 14.641157462179763, 12.082876372948022 ], [ 14.64062030681481, 12.082288364548504 ], [ 14.640106919466007, 12.081835156240572 ], [ 14.640004716396561, 12.081681762136327 ], [ 14.639907268330319, 12.081351731912093 ], [ 14.63989063031903, 12.081054239709943 ], [ 14.639919152338393, 12.080933383627837 ], [ 14.640089925454447, 12.080670386449128 ], [ 14.640872087985883, 12.080043540023212 ], [ 14.641200086208755, 12.079834364881094 ], [ 14.64168019953496, 12.079327695536847 ], [ 14.642022457767496, 12.07883497120207 ], [ 14.642521586106625, 12.078365486883058 ], [ 14.642898486362697, 12.078170368750477 ], [ 14.643657695878574, 12.077956430605127 ], [ 14.644689224579452, 12.07771471644088 ], [ 14.645060005831397, 12.077570616342996 ], [ 14.645616176209273, 12.077263823134558 ], [ 14.646110550545188, 12.076166803389185 ], [ 14.646520942823997, 12.075404464871212 ], [ 14.646623144893454, 12.07513253168645 ], [ 14.646846564045234, 12.074814116470066 ], [ 14.64718644627618, 12.074639800351633 ], [ 14.647584203546444, 12.074678808378167 ], [ 14.648342402061587, 12.074360390161814 ], [ 14.648665646281245, 12.074288340112844 ], [ 14.649321642726932, 12.074032675939122 ], [ 14.649953870156537, 12.073614315654879 ], [ 14.650258100363203, 12.073553886613809 ], [ 14.650609865602235, 12.073242441402215 ], [ 14.651351428106068, 12.072187239685263 ], [ 14.651413225148076, 12.072015246568355 ], [ 14.651653281311212, 12.071652666321995 ], [ 14.65195513351631, 12.071324948099345 ], [ 14.652014554556672, 12.071157602985636 ], [ 14.652026438564747, 12.070825235759798 ], [ 14.651895714475927, 12.07052540755609 ], [ 14.651767367388686, 12.069577112911759 ], [ 14.65181014941777, 12.069105287591185 ], [ 14.652102495616418, 12.06860557225167 ], [ 14.652732346044388, 12.06814536693895 ], [ 14.653279011415805, 12.067603810571029 ], [ 14.653561848607978, 12.067315601375185 ], [ 14.653828050788832, 12.066836800049884 ], [ 14.653816166780757, 12.066590425882453 ], [ 14.653885092827579, 12.066497454819284 ], [ 14.653894599834075, 12.066374267735625 ], [ 14.653692572696798, 12.065621199223926 ], [ 14.653583239622492, 12.06458921052274 ], [ 14.653485790556317, 12.064126675208456 ], [ 14.653404980501364, 12.06398721711372 ], [ 14.653385966488486, 12.063850083020554 ], [ 14.65317680734637, 12.063536300807357 ], [ 14.653102943296176, 12.063547640815045 ], [ 14.652939129184858, 12.06369202991317 ], [ 14.652758491062116, 12.063624624867373 ], [ 14.652599245953922, 12.063461922756801 ], [ 14.651762614385461, 12.063654840887864 ], [ 14.651220703017259, 12.063624624867373 ], [ 14.650650272629719, 12.063378247699916 ], [ 14.650172537305082, 12.063080736497795 ], [ 14.649939610146816, 12.063001710444098 ], [ 14.649556944886854, 12.06274835927195 ], [ 14.648793993368429, 12.062506630107748 ], [ 14.648601473237647, 12.062504306106121 ], [ 14.648128489916246, 12.062773927289356 ], [ 14.646952636117305, 12.063151953546196 ], [ 14.646550296843941, 12.063176032562524 ], [ 14.646172385587192, 12.063110951518354 ], [ 14.643802719977089, 12.063048196475677 ], [ 14.643638720865681, 12.06296916942199 ], [ 14.643365388679968, 12.0627111702467 ], [ 14.642293452951606, 12.062113819840818 ], [ 14.641273808258802, 12.061783766616543 ], [ 14.641012359081174, 12.061741928588162 ], [ 14.640700998869647, 12.061788414619741 ], [ 14.639854859294701, 12.062090576825028 ], [ 14.63904199374241, 12.061825603644991 ], [ 14.638362230280563, 12.061739603586545 ], [ 14.638134058125502, 12.06163965751864 ], [ 14.637361597600659, 12.061723333575515 ], [ 14.636807805224407, 12.061723333575515 ], [ 14.636629546103279, 12.061672198540748 ], [ 14.636349082912716, 12.061549010457043 ], [ 14.635809549546138, 12.061211982228087 ], [ 14.635182075119758, 12.060523979760603 ], [ 14.634620992738576, 12.060163784515851 ], [ 14.633882997237095, 12.05994762136902 ], [ 14.633073697687223, 12.059651268167613 ], [ 14.632260833134922, 12.05924334489049 ], [ 14.631216231425185, 12.058514662395339 ], [ 14.630585190996385, 12.057698812841011 ], [ 14.630114584676676, 12.056973612348315 ], [ 14.629658240366609, 12.056422735974024 ], [ 14.629098504986302, 12.055610368422037 ], [ 14.628610072654396, 12.054588801727903 ], [ 14.628214336385554, 12.053239491811155 ], [ 14.628093119303173, 12.053075621699804 ], [ 14.62767242701733, 12.052726961462895 ], [ 14.626684867346341, 12.052315542183351 ], [ 14.626310521091966, 12.052085425026974 ], [ 14.626200000016865, 12.051987799960671 ], [ 14.626028871900587, 12.051708870771165 ], [ 14.625668786655922, 12.051405534565049 ], [ 14.625572524590552, 12.051248637458457 ], [ 14.625069833248972, 12.050798862152817 ], [ 14.624274793708821, 12.050373492863798 ], [ 14.62415714262886, 12.050206134750113 ], [ 14.624103665592543, 12.0499725295914 ], [ 14.624114359599787, 12.049676165389997 ], [ 14.624207054662747, 12.049369340181556 ], [ 14.624492271856582, 12.048731282748008 ], [ 14.624552879897749, 12.0484837295798 ], [ 14.624560009902609, 12.048201311387913 ], [ 14.624481575849302, 12.047859618155769 ], [ 14.62413218561187, 12.047350563809914 ], [ 14.623404887117715, 12.046709015374006 ], [ 14.623244453008738, 12.046461460205762 ], [ 14.623187408969955, 12.046186012018609 ], [ 14.623205234982095, 12.045938456850422 ], [ 14.623326453064465, 12.045656034658521 ], [ 14.62365801528972, 12.045133030303191 ], [ 14.623743580347877, 12.04490290714682 ], [ 14.623750710352681, 12.044554236909903 ], [ 14.623633059272777, 12.044167211646936 ], [ 14.623447669146799, 12.043835973421892 ], [ 14.623223060994178, 12.043626770279729 ], [ 14.622670455618731, 12.043100273921993 ], [ 14.622445849466089, 12.042709760656692 ], [ 14.622300270367191, 12.042286122368864 ], [ 14.622237880324803, 12.041748582003606 ], [ 14.622633021593288, 12.039737883637429 ], [ 14.622894469770927, 12.039241019299823 ], [ 14.6231915689728, 12.038903963070823 ], [ 14.623509465188761, 12.038375133711497 ], [ 14.623666928295791, 12.037953813425247 ], [ 14.623720407332087, 12.03758769917647 ], [ 14.623655044287716, 12.037250640947491 ], [ 14.623461929156463, 12.037035621801351 ], [ 14.623152946946561, 12.036843846671047 ], [ 14.622288386359116, 12.036858374680946 ], [ 14.622089330223901, 12.036753770609891 ], [ 14.621789258019987, 12.036457392408465 ], [ 14.621572376872621, 12.036047691130136 ], [ 14.621566433868566, 12.035696102891222 ], [ 14.621643679921078, 12.035437496715531 ], [ 14.621845707058355, 12.035222474569423 ], [ 14.6224725884843, 12.034879603336435 ], [ 14.623099468910198, 12.034237443900111 ], [ 14.623322293061619, 12.033801587603989 ], [ 14.623432219136305, 12.033345391294006 ], [ 14.623444103144379, 12.032796210920878 ], [ 14.623313381055539, 12.03200876038585 ], [ 14.623138090936436, 12.031697847174598 ], [ 14.623010337849678, 12.031259080876453 ], [ 14.622995483839588, 12.030706990501358 ], [ 14.623200482978859, 12.030300186224963 ], [ 14.623470843162522, 12.029966024997918 ], [ 14.624104632593173, 12.029541599709546 ], [ 14.626759736397219, 12.028295213862691 ], [ 14.627193500691931, 12.028056940700765 ], [ 14.627503970902865, 12.027752198493715 ], [ 14.627861975146118, 12.027362461228904 ], [ 14.628194727372204, 12.026766775824171 ], [ 14.62842052252563, 12.026473291624768 ], [ 14.6285361766042, 12.026162674413683 ], [ 14.628709333721872, 12.025332868849887 ], [ 14.628825795800992, 12.024977198608212 ], [ 14.629614893337134, 12.02343828056263 ], [ 14.629966658576166, 12.022987297256179 ], [ 14.631808676827688, 12.021585524303759 ], [ 14.632103401027962, 12.021260069082643 ], [ 14.632350588195891, 12.020771886750936 ], [ 14.632481311284721, 12.020090755288152 ], [ 14.632426645247619, 12.019667662000643 ], [ 14.632148559058635, 12.018912137487291 ], [ 14.631594764682347, 12.017845099762326 ], [ 14.631601896687243, 12.017201156324802 ], [ 14.631715982764717, 12.016854774089438 ], [ 14.632671454413924, 12.015813301381797 ], [ 14.633137306730475, 12.01517167694584 ], [ 14.633220494786997, 12.014946177792638 ], [ 14.633239509799921, 12.014699756625191 ], [ 14.633156320743353, 12.01404418117977 ], [ 14.633125422722401, 12.012760923307837 ], [ 14.633693478108341, 12.011929591743012 ], [ 14.633995806313749, 12.011222865262823 ], [ 14.634178345437817, 12.010968071089678 ], [ 14.63434757155278, 12.010601687840733 ], [ 14.634484474645774, 12.01023344459054 ], [ 14.634636590749153, 12.009496957090164 ], [ 14.634381797576054, 12.009013402761582 ], [ 14.634277219504952, 12.008697696547074 ], [ 14.633595078041481, 12.006275261901123 ], [ 14.633545165007604, 12.005949788680027 ], [ 14.633545165007604, 12.005515050384645 ], [ 14.63361647005604, 12.005147730135036 ], [ 14.63360220904633, 12.003969046334191 ], [ 14.633647367077003, 12.003629622103574 ], [ 14.633896931246568, 12.0029647196518 ], [ 14.633904062251418, 12.002653192440107 ], [ 14.633820874194896, 12.002325390217379 ], [ 14.633452470944576, 12.001855772898296 ], [ 14.633150617739489, 12.001255963490792 ], [ 14.633043660666829, 12.000937458274336 ], [ 14.633015139647455, 12.000398091907869 ], [ 14.633056866675815, 12.000263642816549 ], [ 14.633188646765348, 12.000153982742006 ], [ 14.633338384867102, 11.999858725541401 ], [ 14.633887424240129, 11.998310364489384 ], [ 14.63421066845973, 11.99771984608816 ], [ 14.634182147440356, 11.997145600697991 ], [ 14.634503014658378, 11.995945957882896 ], [ 14.635394314263976, 11.993772174405876 ], [ 14.635824513556258, 11.993074698931991 ], [ 14.63665163911827, 11.992305150409095 ], [ 14.637906587970974, 11.990954366491337 ], [ 14.638156152140539, 11.990470778162717 ], [ 14.638134762126015, 11.990052288878417 ], [ 14.638013544043645, 11.989452452470857 ], [ 14.638018299046848, 11.989013037172299 ], [ 14.638269798217721, 11.988370293735557 ], [ 14.638417600318178, 11.987799408347655 ], [ 14.638467512352065, 11.984973633427671 ], [ 14.638707092514835, 11.98435983501065 ], [ 14.639045549744822, 11.983878095683338 ], [ 14.63968443217891, 11.983554456463423 ], [ 14.641184668198264, 11.982981575074177 ], [ 14.641399530344245, 11.982453333715284 ], [ 14.641570659460513, 11.981830230291905 ], [ 14.641667632526435, 11.980457538359246 ], [ 14.64199658074989, 11.979380582627471 ], [ 14.642432737046249, 11.978098640756457 ], [ 14.642810397302867, 11.977196900143781 ], [ 14.643350404669775, 11.975911607270461 ], [ 14.643540547798978, 11.97528290784328 ], [ 14.64393795006896, 11.973878560889091 ], [ 14.644432323404885, 11.972347721848962 ], [ 14.644580635505633, 11.972206355752917 ], [ 14.644896274720111, 11.972109631687204 ], [ 14.645268955973336, 11.972180314735226 ], [ 14.645738610292426, 11.972180314735226 ], [ 14.647020180163224, 11.97194036457222 ], [ 14.647514554499139, 11.971406521209474 ], [ 14.648259918005579, 11.96992775120475 ], [ 14.648729572324669, 11.969133488665079 ], [ 14.649168803623127, 11.968696365368032 ], [ 14.6494578228195, 11.968525236251764 ], [ 14.650024451204501, 11.968873075488148 ], [ 14.650591079589447, 11.968997701572789 ], [ 14.651562716249657, 11.968997701572789 ], [ 14.652015257557139, 11.968975380557652 ], [ 14.652502024887895, 11.96862568232001 ], [ 14.652922243173407, 11.968205298034377 ], [ 14.65306675227157, 11.967706788695693 ], [ 14.653235980386569, 11.967331047440382 ], [ 14.653528800585491, 11.966986926206573 ], [ 14.653983245894267, 11.966750691046059 ], [ 14.654338814135883, 11.966445631838781 ], [ 14.655382702845145, 11.96508402191364 ], [ 14.656101447333526, 11.96380425104411 ], [ 14.656294919464983, 11.963127625584377 ], [ 14.656409004542468, 11.962279400008015 ], [ 14.656266396445574, 11.961578123531524 ], [ 14.655874700179425, 11.96068152992234 ], [ 14.655669345039939, 11.959673322237336 ], [ 14.654169814021031, 11.955954402710518 ], [ 14.653818999782686, 11.955375883317402 ], [ 14.652996658223969, 11.954597041788247 ], [ 14.650089834248888, 11.952469431342593 ], [ 14.648830132393016, 11.951397479614286 ], [ 14.647746310656601, 11.950351103903301 ], [ 14.64763222457907, 11.950081369720067 ], [ 14.64754420351926, 11.949637472418431 ], [ 14.64739216941598, 11.948232760464009 ], [ 14.647227457304041, 11.947689801095066 ], [ 14.646940815109303, 11.947250316796499 ], [ 14.646555773847695, 11.947029876646695 ], [ 14.645982490458152, 11.947010344633441 ], [ 14.64578997132736, 11.947098241693141 ], [ 14.645214071936039, 11.946944305588545 ], [ 14.644837348680085, 11.946738515448715 ], [ 14.64456401849435, 11.946523423302608 ], [ 14.64435129434986, 11.946286241141422 ], [ 14.644268106293282, 11.946008364952604 ], [ 14.644304947318346, 11.945754903780426 ], [ 14.644473700433025, 11.945465400583714 ], [ 14.645000159790698, 11.944882906187956 ], [ 14.645091666852863, 11.944553870964342 ], [ 14.645127318877087, 11.944266691769258 ], [ 14.645075028841575, 11.94403415761127 ], [ 14.644934798746306, 11.943791160446153 ], [ 14.644733959609823, 11.943574903299179 ], [ 14.64446062742411, 11.943469100227333 ], [ 14.64311060550682, 11.94335283314831 ], [ 14.642795681292853, 11.943212149052727 ], [ 14.642379742010235, 11.942945896871834 ], [ 14.641675019531419, 11.942018081241429 ], [ 14.641207980214119, 11.941061194591271 ], [ 14.640532968755451, 11.940310100080922 ], [ 14.64014075748895, 11.940067275915908 ], [ 14.639257817889074, 11.939520634544522 ], [ 14.63876700855559, 11.939266006371497 ], [ 14.63851625738522, 11.93906486123484 ], [ 14.637983062022897, 11.938131431600596 ], [ 14.637712106838819, 11.937843084404676 ], [ 14.6373270665772, 11.937526830189825 ], [ 14.636846953250995, 11.937215226978083 ], [ 14.635924756624377, 11.936680384614704 ], [ 14.635611019411215, 11.936424590440879 ], [ 14.635244992162541, 11.935806032020594 ], [ 14.634912240936444, 11.935308392682487 ], [ 14.634493923652201, 11.934229397949366 ], [ 14.63401856432921, 11.93253648379914 ], [ 14.633961522290463, 11.931917917378826 ], [ 14.633956767287259, 11.931494686091241 ], [ 14.634717342804038, 11.929904075010541 ], [ 14.635739366498456, 11.926648408798428 ], [ 14.636647302115307, 11.925620541100045 ], [ 14.637032343376973, 11.925225205831453 ], [ 14.637331819580425, 11.924946145641854 ], [ 14.637636049787147, 11.924685689464866 ], [ 14.638967056691513, 11.923806646867604 ], [ 14.639361603959571, 11.923411308598986 ], [ 14.639599284121061, 11.922908997257707 ], [ 14.639737138214741, 11.92251830899221 ], [ 14.639836964282551, 11.921206710101046 ], [ 14.639813196266402, 11.920667184734498 ], [ 14.639694357185647, 11.920104404352116 ], [ 14.639380619972485, 11.919606736013975 ], [ 14.639499459053241, 11.918909070539939 ], [ 14.639380619972485, 11.91876023543881 ], [ 14.639380619972485, 11.918648608362957 ], [ 14.639432909008008, 11.918597446328192 ], [ 14.639836964282551, 11.918699770397723 ], [ 14.640069891440817, 11.91889511653045 ], [ 14.640198236528022, 11.918867210511507 ], [ 14.640469192712146, 11.918709073404045 ], [ 14.641082407128749, 11.918155590027993 ], [ 14.641244029238578, 11.917909079860465 ], [ 14.641315332287036, 11.917676522702493 ], [ 14.64132008629025, 11.917309084452825 ], [ 14.641267796254738, 11.917234665402248 ], [ 14.641006349077088, 11.91716024735166 ], [ 14.640935045028641, 11.917109085316895 ], [ 14.640906524009267, 11.917006759247386 ], [ 14.641514983422667, 11.916425365852376 ], [ 14.64197132873278, 11.91613234265327 ], [ 14.642223268903933, 11.915913737504752 ], [ 14.64243242804605, 11.915695134356213 ], [ 14.642627324178477, 11.91542536617294 ], [ 14.642926800381929, 11.915230017040187 ], [ 14.643074163482083, 11.915025364901112 ], [ 14.643544767801814, 11.913430005817133 ], [ 14.643540013798599, 11.912913722466385 ], [ 14.643207261572513, 11.912113711922814 ], [ 14.643069408478823, 11.911913708786926 ], [ 14.642441934052499, 11.911411376445585 ], [ 14.642242282916868, 11.911113696243319 ], [ 14.641671851529281, 11.910578802879911 ], [ 14.641491215406518, 11.910188096614434 ], [ 14.641129943161104, 11.909964836462734 ], [ 14.640550002767043, 11.909699714282624 ], [ 14.640174468511873, 11.909411335086645 ], [ 14.6398607322987, 11.90924854097608 ], [ 14.639356851956336, 11.909136909900212 ], [ 14.638781665565546, 11.909146212906535 ], [ 14.638092395097203, 11.909076442859146 ], [ 14.637664571806511, 11.908992719802256 ], [ 14.636518955028123, 11.908946207770612 ], [ 14.636257506850484, 11.908829924691645 ], [ 14.636019826688994, 11.908648524568378 ], [ 14.635929508627612, 11.908425263416689 ], [ 14.635839191566276, 11.907927575078531 ], [ 14.63571559748226, 11.907690358917364 ], [ 14.635587251395066, 11.907569424835174 ], [ 14.634964528971977, 11.907313602661361 ], [ 14.634341808548868, 11.907164760560249 ], [ 14.633747610145122, 11.906862425354802 ], [ 14.633538451003005, 11.906657767215734 ], [ 14.633324538857664, 11.906355431010297 ], [ 14.632872947550823, 11.905811224640559 ], [ 14.632725586450704, 11.905704244567858 ], [ 14.63255921133765, 11.905676336548879 ], [ 14.632392836224597, 11.905708895571024 ], [ 14.632278749147133, 11.905825178650048 ], [ 14.63197451894041, 11.906006580773294 ], [ 14.631670288733687, 11.906001929770127 ], [ 14.631342290510815, 11.905880994687948 ], [ 14.630481889926216, 11.905332137315042 ], [ 14.629345781154313, 11.90475536992318 ], [ 14.628984507908797, 11.904518150761987 ], [ 14.628504394582592, 11.904341398641861 ], [ 14.627957731211154, 11.904048364442758 ], [ 14.627810371111025, 11.903783236262655 ], [ 14.627786603094876, 11.903494850066693 ], [ 14.627848398136905, 11.903225070883366 ], [ 14.627995760237013, 11.902945987693784 ], [ 14.628238194401717, 11.902666903504155 ], [ 14.628395061508343, 11.90216920516599 ], [ 14.628361788485734, 11.901416258654365 ], [ 14.628207295380719, 11.900968561350169 ], [ 14.62793990619906, 11.900532490053877 ], [ 14.627553675936667, 11.899753374524551 ], [ 14.62748237188822, 11.898776570860832 ], [ 14.627417009843782, 11.89852074068699 ], [ 14.627179329682292, 11.898009080339364 ], [ 14.627042663589407, 11.897939307291949 ], [ 14.626888173484474, 11.897573004043068 ], [ 14.626793100419889, 11.896846209549267 ], [ 14.62649005921395, 11.896171743090974 ], [ 14.626276147068609, 11.895351914533933 ], [ 14.626097887947481, 11.894979793281095 ], [ 14.625586875600277, 11.893438973234197 ], [ 14.625159053309631, 11.89270053873247 ], [ 14.624255868695911, 11.891479500902847 ], [ 14.623447758146881, 11.890560813278626 ], [ 14.62307935589655, 11.889775854745267 ], [ 14.622853559743135, 11.889496757555662 ], [ 14.621475016806471, 11.888205931678613 ], [ 14.621225452636907, 11.887880317457359 ], [ 14.620987773475406, 11.887700066334901 ], [ 14.620726063297582, 11.887396466128621 ], [ 14.619793431663936, 11.886676701639544 ], [ 14.619627057550872, 11.886479005505237 ], [ 14.619526044482257, 11.886135946272134 ], [ 14.619686236591065, 11.885346970736066 ], [ 14.619710244607404, 11.884961396474068 ], [ 14.619502276466108, 11.883618216561445 ], [ 14.619268160307001, 11.883140834237111 ], [ 14.618646627884743, 11.882454121770479 ], [ 14.618206919585987, 11.882070353509732 ], [ 14.617759885282226, 11.881849263359527 ], [ 14.616966035742848, 11.881560855163571 ], [ 14.616276765274506, 11.88131431199605 ], [ 14.615734853906304, 11.880937518740041 ], [ 14.615392595673768, 11.880472343424003 ], [ 14.615135901499343, 11.880239754265972 ], [ 14.614750861237724, 11.879672236880367 ], [ 14.614204196866297, 11.878955862393582 ], [ 14.613514926397954, 11.878639540178654 ], [ 14.6130110450556, 11.878616281162863 ], [ 14.612355047609867, 11.87870001321977 ], [ 14.611974761351519, 11.878662799194501 ], [ 14.611665777141582, 11.878509289090175 ], [ 14.611390067954233, 11.878313913957413 ], [ 14.610957490660326, 11.877839428635014 ], [ 14.610648508450367, 11.876499702724743 ], [ 14.609811874881927, 11.87535534894721 ], [ 14.6096169787495, 11.875164622817636 ], [ 14.608994258326391, 11.874773865552129 ], [ 14.60876608417135, 11.874690133495221 ], [ 14.608547419022784, 11.874699436501544 ], [ 14.608195652783763, 11.874504058368814 ], [ 14.607026269989206, 11.873522511701879 ], [ 14.606779082821276, 11.87323874550907 ], [ 14.606270447475708, 11.872545613038142 ], [ 14.605899668223742, 11.872043206696787 ], [ 14.60563396404325, 11.871537489353159 ], [ 14.605315708826993, 11.871082737044162 ], [ 14.605124365696952, 11.870708233789742 ], [ 14.604653817377255, 11.86946434594455 ], [ 14.604603054342761, 11.869175824748538 ], [ 14.604632340362684, 11.868499422288949 ], [ 14.604671389389182, 11.868340830181182 ], [ 14.605124365696952, 11.867840213841021 ], [ 14.605827261174568, 11.867450420576176 ], [ 14.606040082319169, 11.867276543458047 ], [ 14.606575061682634, 11.866645993029636 ], [ 14.606832789857776, 11.866265751771266 ], [ 14.607258431146988, 11.865428838202604 ], [ 14.607373629225265, 11.865048594944255 ], [ 14.607441966271665, 11.863776020079627 ], [ 14.607604021381803, 11.863485581882287 ], [ 14.608365489899143, 11.862465223188963 ], [ 14.608718890139301, 11.862044849903384 ], [ 14.609687322797299, 11.861391359459333 ], [ 14.610357024252323, 11.860523856869918 ], [ 14.611303979895752, 11.859797752376551 ], [ 14.612332938594875, 11.858750627665074 ], [ 14.612942115008764, 11.858311141366471 ], [ 14.613635246479703, 11.858062735197677 ], [ 14.614103842798102, 11.857766557996456 ], [ 14.614424050015657, 11.857695856948453 ], [ 14.615226521560942, 11.85717229159269 ], [ 14.615451055713493, 11.856983120464179 ], [ 14.615773215932393, 11.856364012043514 ], [ 14.615777121935025, 11.856128979883806 ], [ 14.615632637836882, 11.855846176691671 ], [ 14.614849692304858, 11.855162098226856 ], [ 14.614691540197441, 11.854967192094421 ], [ 14.614638824161602, 11.85482961200097 ], [ 14.614632965157625, 11.85458693483605 ], [ 14.614701303204072, 11.854334703664676 ], [ 14.614935602363232, 11.854114955515399 ], [ 14.614962935381811, 11.853581830153132 ], [ 14.615302667612639, 11.852570989466301 ], [ 14.615308524616637, 11.852219391227436 ], [ 14.615269474590093, 11.852055057115763 ], [ 14.614365474975898, 11.851657597845701 ], [ 14.614200229863627, 11.85148170772618 ], [ 14.613986317718286, 11.851332835625044 ], [ 14.613767651569674, 11.851032764421177 ], [ 14.613677333508292, 11.85067453917776 ], [ 14.613653566492189, 11.850360509964389 ], [ 14.613727245542236, 11.849932499673571 ], [ 14.6134848143775, 11.849560317420696 ], [ 14.613021339062584, 11.8486391597948 ], [ 14.612538847734754, 11.848076230412346 ], [ 14.612348703605562, 11.847964574336459 ], [ 14.611856708271262, 11.847838962251103 ], [ 14.611649925130791, 11.84785989726538 ], [ 14.611150797791652, 11.8476296071089 ], [ 14.610955901659224, 11.847471428001427 ], [ 14.610433006303936, 11.846920125626809 ], [ 14.610288021205463, 11.846701466478237 ], [ 14.610105008081064, 11.846254840174765 ], [ 14.609551212704787, 11.845575595713285 ], [ 14.608999797330171, 11.845189449450913 ], [ 14.608683682115384, 11.844831217207513 ], [ 14.60776623949198, 11.844189187771292 ], [ 14.607122127054367, 11.843386650225966 ], [ 14.606967634949399, 11.843002826965176 ], [ 14.606817896847645, 11.84152568296156 ], [ 14.606682418755611, 11.840767335446287 ], [ 14.606233204450405, 11.839357641488448 ], [ 14.606252219463329, 11.838929613197649 ], [ 14.606107234364799, 11.838241045729774 ], [ 14.605881438211384, 11.837743229391549 ], [ 14.605795874153216, 11.837364050133942 ], [ 14.605895699221037, 11.836715024692921 ], [ 14.606060055332762, 11.836174112325409 ], [ 14.606310569502966, 11.835667915981503 ], [ 14.606365116540019, 11.835416795810829 ], [ 14.606300468496102, 11.834958055499158 ], [ 14.606131043380969, 11.834495150184637 ], [ 14.605921884238853, 11.834135972940601 ], [ 14.605880052210409, 11.833739573671266 ], [ 14.605912376232368, 11.833542305537208 ], [ 14.606144352390004, 11.832803477035213 ], [ 14.612220763518621, 11.825277327921583 ], [ 14.603473140575034, 11.799241628231528 ], [ 14.596123795581491, 11.777365745367888 ], [ 14.588609696476055, 11.754999160170826 ], [ 14.588620565483438, 11.750845695348744 ], [ 14.588609696476055, 11.713923540261874 ], [ 14.588609696476055, 11.692220687515828 ], [ 14.598888397459916, 11.688331603873394 ], [ 14.623374528097088, 11.665541529388577 ], [ 14.634998321994942, 11.65472221303736 ], [ 14.641109466147157, 11.646944045752491 ], [ 14.646665573922292, 11.582498549964782 ], [ 14.64638709973309, 11.575832367435453 ], [ 14.642499924091908, 11.565553665451546 ], [ 14.630910151217222, 11.537226529204588 ], [ 14.617776871293756, 11.505554198684706 ], [ 14.610553742386003, 11.499165535343934 ], [ 14.590456529730886, 11.487604553488779 ], [ 14.583818001220322, 11.483785614893975 ], [ 14.573425461159047, 11.477807006831824 ], [ 14.566378580371065, 11.473753015077307 ], [ 14.559740051860445, 11.469933890482366 ], [ 14.557407931275918, 11.468592214570776 ], [ 14.541885109728867, 11.459661739502963 ], [ 14.522944804859833, 11.448764760098982 ], [ 14.50736705227547, 11.439803364010118 ], [ 14.499266019771198, 11.43514298084358 ], [ 14.413993914832815, 11.492030148495758 ], [ 14.299400232971777, 11.574327988413302 ], [ 14.29165646271025, 11.579888466191335 ], [ 14.234453201843337, 11.620969772104161 ], [ 14.251461480399655, 11.71316788974849 ], [ 14.26498780759016, 11.786492250568926 ], [ 14.266555008655018, 11.794986573340395 ], [ 14.26655554165535, 11.794986799340563 ], [ 14.274805609260909, 11.839706067725217 ], [ 14.274805528260856, 11.8397088137271 ], [ 14.273723276525516, 11.876085250443168 ], [ 14.273282720226177, 11.890893220504495 ], [ 14.310522931529135, 11.996848425496069 ], [ 14.31272171102313, 12.013866488059023 ], [ 14.313342391444849, 12.028689461130568 ], [ 14.315946769214406, 12.090886896390771 ], [ 14.321887294250701, 12.096046778896664 ], [ 14.363929085816096, 12.115331795999964 ], [ 14.377353625937474, 12.127201563064887 ], [ 14.397283265478734, 12.134821458242243 ], [ 14.419989462906528, 12.187290465892488 ], [ 14.420356665156021, 12.189245292220676 ], [ 14.423952880599472, 12.198833268735257 ], [ 14.425602361720223, 12.201561619589029 ], [ 14.396610501021598, 12.269506499754414 ], [ 14.394362910494465, 12.274772065332115 ], [ 14.38774292499653, 12.289930110631303 ], [ 14.347566341698382, 12.292002237039185 ], [ 14.330195897896033, 12.306588046949571 ], [ 14.322662348777328, 12.312884354227606 ], [ 14.321672305104642, 12.340292243850001 ], [ 14.320981364635145, 12.371143667812078 ], [ 14.326865126632924, 12.374659721201056 ], [ 14.333852911380745, 12.373615009491232 ], [ 14.339307660087002, 12.370411200314379 ], [ 14.351358023274656, 12.363690036747698 ] ] ] ] } },
{ "type": "Feature", "properties": { "fid": 647.0, "OBJECTID": 647.0, "lganame": "Gwoza", "statecode": "BR", "LGA_UID": "08_11" }, "geometry": { "type": "MultiPolygon", "coordinates": [ [ [ [ 13.764667944646362, 11.334779161651113 ], [ 13.858518412413332, 11.325366892255886 ], [ 13.92080141473167, 11.326070087733683 ], [ 13.989966215725929, 11.297403378256035 ], [ 14.003610610996645, 11.283332824695719 ], [ 13.991943360069286, 11.274166107467408 ], [ 13.984037371697582, 11.26686771050845 ], [ 13.977499008255052, 11.260831833407394 ], [ 13.965925524391423, 11.24933059059282 ], [ 13.960558816744992, 11.236137392628677 ], [ 13.94843715050888, 11.215155471372441 ], [ 13.919629148935201, 11.180793771025265 ], [ 13.901512637625899, 11.163274198121542 ], [ 13.890145095902142, 11.153693408611844 ], [ 13.87834953788763, 11.148187903871133 ], [ 13.87675952780728, 11.144867673615181 ], [ 13.875761273129058, 11.143153667450576 ], [ 13.875440405911036, 11.141766130507847 ], [ 13.87545228991911, 11.141276410175067 ], [ 13.875724387103958, 11.140771196831793 ], [ 13.880668126463036, 11.136293707789548 ], [ 13.881129361776402, 11.135832179475983 ], [ 13.881278341877646, 11.134850715809137 ], [ 13.880767553530575, 11.133869251142244 ], [ 13.880150351111183, 11.133117487631466 ], [ 13.879299036532757, 11.13257454726255 ], [ 13.877894368578382, 11.131697485666677 ], [ 13.876830226855361, 11.13042365480112 ], [ 13.872737972074844, 11.125439663414738 ], [ 13.863991358131955, 11.120775365245606 ], [ 13.85703946040843, 11.111430816896416 ], [ 13.854062883386007, 11.099005365453877 ], [ 13.844039634575665, 11.084693528729645 ], [ 13.833011296082418, 11.075363556390414 ], [ 13.82881475823109, 11.071329223649229 ], [ 13.824878935556853, 11.067626812133653 ], [ 13.810751099957656, 11.051735044335942 ], [ 13.806581311124489, 11.039906951299315 ], [ 13.801257283507084, 11.025349841408399 ], [ 13.798595271698389, 11.017137819828747 ], [ 13.794982539243676, 11.006499179600269 ], [ 13.792707746698056, 11.00306998827034 ], [ 13.780347003299539, 10.99274918825779 ], [ 13.775702202143577, 10.981844616848662 ], [ 13.774442674287798, 10.978887557839471 ], [ 13.774999617666197, 10.972776412687267 ], [ 13.774999617666197, 10.9716564539263 ], [ 13.774999617666197, 10.957407148244556 ], [ 13.774999617666197, 10.952775955097877 ], [ 13.774462620301335, 10.950270815395754 ], [ 13.772499084967251, 10.941110611171837 ], [ 13.768054962947645, 10.931665420754257 ], [ 13.759277015983457, 10.922815532741197 ], [ 13.750673560137784, 10.914141311847459 ], [ 13.708482143470746, 10.930095823687793 ], [ 13.699459053339979, 10.933507869006121 ], [ 13.686216838342489, 10.938515411408503 ], [ 13.675542606089834, 10.942551809151041 ], [ 13.66988372924493, 10.944691657605006 ], [ 13.661503858551214, 10.944710036617494 ], [ 13.659538734215971, 10.944714569620544 ], [ 13.658079429224472, 10.94434723437098 ], [ 13.654785140986121, 10.944547394506969 ], [ 13.652299336297176, 10.94551621816521 ], [ 13.651371002666394, 10.945878029411062 ], [ 13.648082453431982, 10.945885556416158 ], [ 13.645774600863888, 10.945890838419757 ], [ 13.640954018588559, 10.945901871427282 ], [ 13.630542754514579, 10.947069168220366 ], [ 13.625918389372544, 10.948224068005061 ], [ 13.621289253227246, 10.948234558012189 ], [ 13.613192557725938, 10.949398040802748 ], [ 13.585414885852288, 10.949460982845494 ], [ 13.577307701343841, 10.948335648080899 ], [ 13.568721655510046, 10.944121023217235 ], [ 13.563386917885339, 10.94150257143815 ], [ 13.55642223415316, 10.936942101339525 ], [ 13.551781654000081, 10.934663772791509 ], [ 13.549450875416483, 10.931237221463334 ], [ 13.545968056050015, 10.928956031913344 ], [ 13.541327476896981, 10.926678658365972 ], [ 13.535530090957934, 10.92440319081993 ], [ 13.527418137446261, 10.922133446277712 ], [ 13.522777557293182, 10.919856070730361 ], [ 13.51814270014404, 10.918723105960566 ], [ 13.513497352987713, 10.915300368634973 ], [ 13.506542207262044, 10.913028717091493 ], [ 13.501902580109629, 10.910750388543477 ], [ 13.494372106993012, 10.908643592112014 ], [ 13.489154816448092, 10.90734767923152 ], [ 13.483357430509045, 10.905072211685422 ], [ 13.475245475997383, 10.90280246714326 ], [ 13.463670731132879, 10.902829170161397 ], [ 13.46336736392675, 10.902822749157053 ], [ 13.428949355541363, 10.902908325215151 ], [ 13.423168181613278, 10.904066086001819 ], [ 13.413924217332465, 10.90751934134812 ], [ 13.409305573194331, 10.909818648910402 ], [ 13.401214600696846, 10.912125587477874 ], [ 13.397752762344737, 10.914421082037563 ], [ 13.388509750064543, 10.917875290384529 ], [ 13.381580354356345, 10.921323775727615 ], [ 13.37810897799767, 10.921331405732815 ], [ 13.367708205930853, 10.924788475081698 ], [ 13.358469963653874, 10.929385185204978 ], [ 13.355003357298528, 10.930537223987699 ], [ 13.350378990156457, 10.931692122772404 ], [ 13.345744133007315, 10.930559158002609 ], [ 13.343418122426897, 10.928276062451346 ], [ 13.340912818724632, 10.926430702197536 ], [ 13.336970329045926, 10.920900345439918 ], [ 13.335940361346104, 10.90781021054579 ], [ 13.335309982917806, 10.895810127392281 ], [ 13.334440231326823, 10.890000343444797 ], [ 13.334700584503707, 10.885858535630632 ], [ 13.335715295193154, 10.881416320612345 ], [ 13.33593273334094, 10.879064560014456 ], [ 13.283850442953451, 10.87860630870307 ], [ 13.274512241608591, 10.889610817180142 ], [ 13.233538481768846, 10.932141629077819 ], [ 13.202592013742162, 10.963397430314672 ], [ 13.194666936357464, 10.974048686551725 ], [ 13.181190739200986, 10.987749252860567 ], [ 13.131265956279435, 11.04471003456274 ], [ 13.129784164272621, 11.046078834492789 ], [ 13.106385956374652, 11.112542958652057 ], [ 13.216711997336006, 11.172935591685984 ], [ 13.192118279625731, 11.32067938907096 ], [ 13.223027104626851, 11.354584145107651 ], [ 13.249954675922879, 11.379043068726332 ], [ 13.347448350165223, 11.381891371661652 ], [ 13.355629770724136, 11.376340133889812 ], [ 13.402351387469253, 11.323572488036689 ], [ 13.4598698805504, 11.312851846752551 ], [ 13.505835218781669, 11.315506704556356 ], [ 13.510338667841552, 11.326101402755 ], [ 13.512226325124118, 11.376353358898825 ], [ 13.542150754456372, 11.414766557998803 ], [ 13.594032516707557, 11.434617025486261 ], [ 13.598028708422817, 11.388474820134775 ], [ 13.764667325645917, 11.334779360651225 ], [ 13.764667944646362, 11.334779161651113 ] ] ] ] } },
{ "type": "Feature", "properties": { "fid": 659.0, "OBJECTID": 659.0, "lganame": "Chibok", "statecode": "BR", "LGA_UID": "08_06" }, "geometry": { "type": "MultiPolygon", "coordinates": [ [ [ [ 12.828282541416456, 10.963549901418276 ], [ 12.828282769416603, 10.963549805418211 ], [ 12.847026306151974, 10.965609515817675 ], [ 12.847026422152055, 10.965609499817674 ], [ 12.983694590011623, 10.946780798024463 ], [ 13.044953185633972, 10.952292103769139 ], [ 13.087201065339457, 10.940188524545306 ], [ 13.089050763596219, 10.865455671767847 ], [ 13.088888054485665, 10.842143361928208 ], [ 13.068793894832652, 10.824590802002092 ], [ 13.054337250010008, 10.814236151966611 ], [ 13.04657831873817, 10.80276483717239 ], [ 13.040238452430572, 10.787356546703165 ], [ 13.037386296492627, 10.77652289934224 ], [ 13.028493967450743, 10.764765674353725 ], [ 13.020650537121469, 10.751596149405657 ], [ 13.01606242900408, 10.745485249253591 ], [ 12.997833281618227, 10.726210892157553 ], [ 12.994565186397722, 10.710593374546193 ], [ 12.994565186397722, 10.697748458818694 ], [ 12.992782589186504, 10.687384550776869 ], [ 12.991314408188941, 10.672031539345255 ], [ 12.991048149008066, 10.672013825333181 ], [ 12.973957074395457, 10.672402687597412 ], [ 12.964723216121513, 10.670055316002504 ], [ 12.957766553394777, 10.668911484225305 ], [ 12.947871528671556, 10.659138007584716 ], [ 12.939705219122914, 10.656910833071436 ], [ 12.936278794794816, 10.658110080886274 ], [ 12.934679796708394, 10.660165935283146 ], [ 12.930910731147492, 10.665134249658877 ], [ 12.927041653518643, 10.676676640501398 ], [ 12.92744131579019, 10.682299848322089 ], [ 12.917418876980435, 10.692426053202382 ], [ 12.900062138187309, 10.703346043621991 ], [ 12.891168295144382, 10.705755573259125 ], [ 12.858225456761261, 10.710686194609252 ], [ 12.841699701532775, 10.715104639611411 ], [ 12.827777422073268, 10.718826952140546 ], [ 12.816832815636928, 10.720824764497934 ], [ 12.797580757556034, 10.724094181719352 ], [ 12.787639517801438, 10.724094181719352 ], [ 12.780943177251572, 10.724094181719352 ], [ 12.749460667860717, 10.72358057537042 ], [ 12.732859641581115, 10.721248663785957 ], [ 12.704564324355772, 10.727069006740635 ], [ 12.698890560500672, 10.731409413689732 ], [ 12.693912110118049, 10.733920867396137 ], [ 12.695312528069564, 10.759455211745546 ], [ 12.666299552356634, 10.78229709926552 ], [ 12.608495842081709, 10.800788424829477 ], [ 12.597467501588483, 10.804337135240701 ], [ 12.586058874836851, 10.811200967904313 ], [ 12.581721220889619, 10.81409003486732 ], [ 12.579700942516922, 10.82015990299152 ], [ 12.574807599192127, 10.825246000447294 ], [ 12.554621394476555, 10.835852081653627 ], [ 12.553994258050466, 10.84992620521632 ], [ 12.558731767269364, 10.861310750951588 ], [ 12.556206419553519, 10.885089667108218 ], [ 12.646980199230029, 10.973272433024249 ], [ 12.676931216580329, 11.016768862578033 ], [ 12.754977586609186, 10.994357044350295 ], [ 12.828282541416456, 10.963549901418276 ] ] ] ] } },
{ "type": "Feature", "properties": { "fid": 667.0, "OBJECTID": 667.0, "lganame": "Mafa", "statecode": "BR", "LGA_UID": "08_19" }, "geometry": { "type": "MultiPolygon", "coordinates": [ [ [ [ 13.386199232494619, 12.236388295252141 ], [ 13.402521547584854, 12.218881374357011 ], [ 13.426236764698274, 12.241381621644848 ], [ 13.435670931108348, 12.245451817410355 ], [ 13.455275609428782, 12.246629111210268 ], [ 13.470253626605654, 12.256980235243418 ], [ 13.516643934125682, 12.229983823900625 ], [ 13.567088507400399, 12.203095913631557 ], [ 13.588536086973022, 12.169605055876048 ], [ 13.597753404235732, 12.16232781493153 ], [ 13.653582436168961, 12.137090227783744 ], [ 13.654619410873522, 12.139235616241479 ], [ 13.654619406873508, 12.139236025241757 ], [ 13.653938834411122, 12.210234297481747 ], [ 13.678677683219973, 12.240777694234509 ], [ 13.701452613694471, 12.214597056445996 ], [ 13.786081994196195, 12.202379744144935 ], [ 13.824732488457357, 12.185829372899718 ], [ 13.846950449553447, 12.176337112450199 ], [ 13.869942247175288, 12.173932067816054 ], [ 13.909787027247944, 12.121152377954729 ], [ 13.947620254953847, 12.098625286648655 ], [ 13.939178616218157, 12.078000992635396 ], [ 13.887425339054232, 12.080856345575512 ], [ 13.859682346204181, 12.018775721394604 ], [ 13.859682333204148, 12.018775692394627 ], [ 13.845593115631175, 12.017192926319183 ], [ 13.851731316801818, 11.921493243295743 ], [ 13.892851394740944, 11.888923648166269 ], [ 13.921399785138249, 11.743656447463991 ], [ 13.735608436901771, 11.751454192762196 ], [ 13.709243767988198, 11.747851312314197 ], [ 13.628793999326376, 11.680150108314422 ], [ 13.585499130909568, 11.650679786290709 ], [ 13.563189334751087, 11.741468553977427 ], [ 13.553746852335394, 11.77110346211299 ], [ 13.55069489426171, 11.772761598239583 ], [ 13.505485514544034, 11.79735756295139 ], [ 13.473006820476314, 11.787497195251717 ], [ 13.441062663771731, 11.775956642410449 ], [ 13.4209074240772, 11.759575672280391 ], [ 13.393427124405662, 11.737179505063239 ], [ 13.335569370094049, 11.725606147199699 ], [ 13.324006672237715, 11.738140456716167 ], [ 13.310867794310468, 11.747537728101179 ], [ 13.294569219236337, 11.762701398404147 ], [ 13.277554345675526, 11.783624353620326 ], [ 13.271740148725087, 11.798204280526704 ], [ 13.26413136855524, 11.802263707284908 ], [ 13.258427056679466, 11.804357593707607 ], [ 13.251795792173823, 11.80770778098389 ], [ 13.247395586184098, 11.81107870427428 ], [ 13.242400556790187, 11.814026023276824 ], [ 13.233183461527631, 11.821837133584097 ], [ 13.226793205185743, 11.827276894280146 ], [ 13.214897796103344, 11.8299954541273 ], [ 13.202294827540243, 11.829419689736085 ], [ 13.200322086199833, 11.829140531546443 ], [ 13.196780657793624, 11.827814524645476 ], [ 13.194570237291714, 11.827023571108043 ], [ 13.193667054678087, 11.829000952451565 ], [ 13.193369105475654, 11.830048246163187 ], [ 13.191782728397754, 11.829370332702581 ], [ 13.190442489487111, 11.828787471306555 ], [ 13.190311268397977, 11.829343392684279 ], [ 13.190237283347699, 11.829613687867891 ], [ 13.19021351533155, 11.830253425302601 ], [ 13.190177863307326, 11.830951317776794 ], [ 13.190177863307326, 11.831695735282551 ], [ 13.190189747315401, 11.832579727883171 ], [ 13.19012231226958, 11.833315090382825 ], [ 13.190689177654747, 11.833308111378074 ], [ 13.190499376525793, 11.834457397158985 ], [ 13.190157964293803, 11.83564950896897 ], [ 13.189879526104619, 11.836401232479716 ], [ 13.190492834521308, 11.836621732629567 ], [ 13.190366818435734, 11.836892736813695 ], [ 13.190175790305943, 11.83729336008588 ], [ 13.189983270175105, 11.837756284400427 ], [ 13.189692051977261, 11.83869886504084 ], [ 13.190560220567136, 11.838970937225724 ], [ 13.192831213110139, 11.839695470718027 ], [ 13.193858376808066, 11.840081341980181 ], [ 13.194031495925685, 11.83968965471405 ], [ 13.195503878926104, 11.840240530088352 ], [ 13.195307140792409, 11.840649517366217 ], [ 13.194991497577973, 11.84141998388975 ], [ 13.194610050318772, 11.842093676347474 ], [ 13.19517261470105, 11.842383056544122 ], [ 13.19555178295866, 11.842567123669141 ], [ 13.195212539728175, 11.84318557808939 ], [ 13.194823934464125, 11.843890415568296 ], [ 13.194814940458002, 11.843890099568057 ], [ 13.194643038341212, 11.843884053563954 ], [ 13.194167938018381, 11.84373688746399 ], [ 13.193996808902114, 11.844644103080384 ], [ 13.194831065468975, 11.844762738160966 ], [ 13.197195654075585, 11.845342958555193 ], [ 13.196914388884466, 11.846104881072904 ], [ 13.195911913203361, 11.845864186909353 ], [ 13.19574728409151, 11.846431577294879 ], [ 13.195580616978248, 11.846956203651359 ], [ 13.195621676006169, 11.846958728653078 ], [ 13.197436374239146, 11.847130248769588 ], [ 13.197449277247927, 11.847132096770849 ], [ 13.198077769674967, 11.847222089831973 ], [ 13.199264015480935, 11.847259372857309 ], [ 13.199581093696395, 11.847216274828043 ], [ 13.200252539152586, 11.847297690883352 ], [ 13.200463243295758, 11.847367049930483 ], [ 13.201038486686627, 11.847556406059141 ], [ 13.201707733141347, 11.847767576202614 ], [ 13.202343526573316, 11.848189193489077 ], [ 13.203136783112313, 11.848427623651105 ], [ 13.204818873255192, 11.849095228104716 ], [ 13.205715607864477, 11.84945113234653 ], [ 13.20746108005045, 11.850155987825417 ], [ 13.206518767410216, 11.85198982107147 ], [ 13.20594120501778, 11.852799311621482 ], [ 13.208304929623807, 11.85374487826391 ], [ 13.208675710875752, 11.853469234076613 ], [ 13.20910781216935, 11.8533636280049 ], [ 13.210279518965478, 11.853739862260511 ], [ 13.210600367183474, 11.853875263352506 ], [ 13.210865163363394, 11.853988893429744 ], [ 13.214046511524941, 11.855468932435315 ], [ 13.214128320580528, 11.855529001476157 ], [ 13.214107987566706, 11.855676912576655 ], [ 13.214891107098822, 11.856010360803225 ], [ 13.215137272266077, 11.856115176874425 ], [ 13.216887783455491, 11.856732753294068 ], [ 13.21831100942245, 11.857207274616485 ], [ 13.218161271320753, 11.857596660881029 ], [ 13.21982621745201, 11.858011866163167 ], [ 13.221496154586646, 11.858294484355156 ], [ 13.224416915571169, 11.845937486959144 ], [ 13.249743326779253, 11.852226401232201 ], [ 13.268757705698647, 11.854988661109019 ], [ 13.285667588188119, 11.861343614426914 ], [ 13.290743079636684, 11.879993109098336 ], [ 13.291040179838546, 11.89089549250599 ], [ 13.291984095479904, 11.898279956523425 ], [ 13.291788526346977, 11.909017319818929 ], [ 13.291937076447937, 11.915994151559403 ], [ 13.289872360045081, 11.923289279516098 ], [ 13.289263178631131, 11.925441657978524 ], [ 13.284465730371494, 11.933223530265934 ], [ 13.283618284795693, 11.934598158199947 ], [ 13.277166717412172, 11.946425657236148 ], [ 13.272413123182332, 11.959447133083643 ], [ 13.272138602995824, 11.970192868384856 ], [ 13.270484351871801, 11.979567569754522 ], [ 13.271511127569454, 11.987825967365723 ], [ 13.270484351871801, 11.993629013308635 ], [ 13.271796343763242, 11.994075395611901 ], [ 13.271054784259377, 11.996195705052571 ], [ 13.271454085530706, 11.997758028114106 ], [ 13.272024515918304, 11.998985559948153 ], [ 13.271568171608237, 11.999822510516822 ], [ 13.270694157014361, 12.001381441576029 ], [ 13.270826610104336, 12.002835512563991 ], [ 13.270023765558847, 12.005438680332759 ], [ 13.269198503998155, 12.006929515345689 ], [ 13.268128946271418, 12.007743192898545 ], [ 13.270173150660355, 12.027313819195854 ], [ 13.267677511964678, 12.030103352091203 ], [ 13.264254923639214, 12.031777057228396 ], [ 13.261889854032233, 12.032873018973078 ], [ 13.257124532794421, 12.035054701455408 ], [ 13.254943583312581, 12.036296476299128 ], [ 13.252988904984477, 12.038123096540232 ], [ 13.250767551475178, 12.039869277726723 ], [ 13.250282685145748, 12.039357884379228 ], [ 13.24964570271294, 12.039329990360272 ], [ 13.249281102465204, 12.039099398203632 ], [ 13.248927794225153, 12.038864432043965 ], [ 13.248438288892544, 12.038781402987524 ], [ 13.247382991175527, 12.038381584715864 ], [ 13.24621503338193, 12.035124437502816 ], [ 13.24571590604279, 12.03254416874961 ], [ 13.244860260461451, 12.031358631944101 ], [ 13.243220270347138, 12.027592773385379 ], [ 13.245846471131529, 12.008115160151249 ], [ 13.247201245052054, 12.006720283203492 ], [ 13.246947027879287, 12.005629097462133 ], [ 13.245775167083082, 12.006022841729646 ], [ 13.244491697211004, 12.005185910161003 ], [ 13.243493441532735, 12.003860763260604 ], [ 13.242495186854512, 12.002326374218057 ], [ 13.241710845321563, 12.000582740033337 ], [ 13.240401802432132, 11.999965518613976 ], [ 13.238787383335193, 12.000164265748992 ], [ 13.23691057706003, 11.999299328161328 ], [ 13.220256480744354, 12.016404803783701 ], [ 13.224650158729617, 12.127871009519765 ], [ 13.23909551754457, 12.114537435460193 ], [ 13.252950154958171, 12.098487775555213 ], [ 13.276593393022608, 12.138683726866475 ], [ 13.26665551227029, 12.198144170267028 ], [ 13.26836680743304, 12.231316469806075 ], [ 13.27040353781689, 12.254531893579838 ], [ 13.281501312357307, 12.257641059692389 ], [ 13.29588093512757, 12.262402372927511 ], [ 13.306220004152522, 12.265305570900068 ], [ 13.322738745376228, 12.266466840689077 ], [ 13.359097888080555, 12.257840052827589 ], [ 13.386199232494619, 12.236388295252141 ] ] ] ] } },
{ "type": "Feature", "properties": { "fid": 677.0, "OBJECTID": 677.0, "lganame": "Bama", "statecode": "BR", "LGA_UID": "08_03" }, "geometry": { "type": "MultiPolygon", "coordinates": [ [ [ [ 14.26498780759016, 11.786492250568926 ], [ 14.251461480399655, 11.71316788974849 ], [ 14.234453201843337, 11.620969772104161 ], [ 14.29165646271025, 11.579888466191335 ], [ 14.299400232971777, 11.574327988413302 ], [ 14.413993914832815, 11.492030148495758 ], [ 14.499266019771198, 11.43514298084358 ], [ 14.482027467058401, 11.425225685105261 ], [ 14.466665267620556, 11.416387558100155 ], [ 14.457498551392177, 11.411943435080616 ], [ 14.442499160200782, 11.406110764117557 ], [ 14.43055534308553, 11.404443740984902 ], [ 14.416387558459178, 11.404998779362018 ], [ 14.4108314506841, 11.403888702607787 ], [ 14.39777755781455, 11.395832062133707 ], [ 14.373888014582747, 11.378053665054097 ], [ 14.361742123330203, 11.366026195882 ], [ 14.329721450573629, 11.338888168442963 ], [ 14.299797065241421, 11.318483441578906 ], [ 14.280827837352717, 11.305548022789935 ], [ 14.258495820179178, 11.290318717442346 ], [ 14.248538529413679, 11.283528087828415 ], [ 14.224136653833739, 11.266924357546941 ], [ 14.209770078072324, 11.257694294275552 ], [ 14.200117922514153, 11.251523164082585 ], [ 14.188610076695113, 11.244165421083324 ], [ 14.182405781479588, 11.241598041338932 ], [ 14.164443970275386, 11.234165192288629 ], [ 14.158054351933913, 11.233610152911524 ], [ 14.147499084762103, 11.235832215421283 ], [ 14.12674891566337, 11.243040429318967 ], [ 14.102343291080842, 11.252342585639326 ], [ 14.088499876674916, 11.25769221327414 ], [ 14.062871354261517, 11.266783929451549 ], [ 14.050880454114292, 11.270884653237772 ], [ 14.039233979201072, 11.274867532943972 ], [ 14.026666641662132, 11.279165267864073 ], [ 14.015554428111898, 11.28222083994018 ], [ 14.009164809770482, 11.283332824695719 ], [ 14.003610610996645, 11.283332824695719 ], [ 13.989966215725929, 11.297403378256035 ], [ 13.92080141473167, 11.326070087733683 ], [ 13.858518412413332, 11.325366892255886 ], [ 13.764667944646362, 11.334779161651113 ], [ 13.764667325645917, 11.334779360651225 ], [ 13.598028708422817, 11.388474820134775 ], [ 13.594032516707557, 11.434617025486261 ], [ 13.574804905643305, 11.501535910954487 ], [ 13.573066917462427, 11.521619784600546 ], [ 13.579496167830825, 11.522174275977306 ], [ 13.582850841110144, 11.52357736293061 ], [ 13.585100241638543, 11.524933703852184 ], [ 13.586051911285153, 11.526713891061718 ], [ 13.587522673284468, 11.528239756098515 ], [ 13.588906920224986, 11.529850383192809 ], [ 13.591156320753328, 11.53120669411436 ], [ 13.592886628929023, 11.531884845575178 ], [ 13.595049515398614, 11.53281730420872 ], [ 13.597039369750576, 11.531969614632771 ], [ 13.598942709043854, 11.531037154999183 ], [ 13.600748048270475, 11.530932222927902 ], [ 13.602835902689094, 11.531461001287198 ], [ 13.604912273099842, 11.531715308459979 ], [ 13.606642581275537, 11.530104692365626 ], [ 13.608632435627555, 11.528154986040875 ], [ 13.611573959626185, 11.526544349946562 ], [ 13.613719585084027, 11.525125857982744 ], [ 13.6146019996836, 11.523068733585035 ], [ 13.614169423389683, 11.521034207202661 ], [ 13.614082907330896, 11.519593075223497 ], [ 13.615640185388997, 11.517558521841067 ], [ 13.617283977505849, 11.515354408343512 ], [ 13.619100801740331, 11.513743698249073 ], [ 13.621004141033552, 11.512556853442675 ], [ 13.622820965267977, 11.511878652981864 ], [ 13.624464758384875, 11.511624327809102 ], [ 13.626195065560523, 11.512302528269913 ], [ 13.627579312501041, 11.513998021421912 ], [ 13.629223105617939, 11.51442189270989 ], [ 13.631645538263854, 11.514167569537108 ], [ 13.633462362498335, 11.513065500788286 ], [ 13.633721907674669, 11.511963428039508 ], [ 13.633202816321955, 11.510522250060262 ], [ 13.633548876557086, 11.509335391253842 ], [ 13.6350196385564, 11.508657183793048 ], [ 13.637096008967205, 11.509674494484273 ], [ 13.63830722479014, 11.511454777693871 ], [ 13.639777986789454, 11.512302528269913 ], [ 13.642113904376629, 11.512048203097095 ], [ 13.64367118143474, 11.510437474002686 ], [ 13.644449819963768, 11.508402855620261 ], [ 13.644622851081351, 11.506453000295437 ], [ 13.644622851081351, 11.505181347431403 ], [ 13.644968913316461, 11.503994465624942 ], [ 13.645747551845545, 11.502807579818523 ], [ 13.647045282727277, 11.502129357357717 ], [ 13.648602559785388, 11.502553246645732 ], [ 13.64990558867072, 11.504490389961916 ], [ 13.651630599842747, 11.505605231719414 ], [ 13.653447424077228, 11.507215988813812 ], [ 13.655264248311653, 11.508741959850624 ], [ 13.657600163898792, 11.510013596714657 ], [ 13.659070925898106, 11.511370002636284 ], [ 13.660109110603514, 11.512132978154682 ], [ 13.662271997073105, 11.512048203097095 ], [ 13.664607912660244, 11.513319824961116 ], [ 13.666424736894669, 11.513913247364314 ], [ 13.66824156112915, 11.513913247364314 ], [ 13.670231416481158, 11.514167569537108 ], [ 13.672307785891974, 11.514760988940282 ], [ 13.673692031832502, 11.516541241149923 ], [ 13.67568188718451, 11.518999664820285 ], [ 13.677758256595268, 11.520525572857082 ], [ 13.678796442300666, 11.522644875297033 ], [ 13.679402049712166, 11.525188017024959 ], [ 13.679488565770953, 11.527392053522533 ], [ 13.680007658123657, 11.529850383192809 ], [ 13.680007658123657, 11.532054383690365 ], [ 13.678473024080915, 11.534347856248644 ], [ 13.678017803771638, 11.535784193224572 ], [ 13.678104318830435, 11.537903379664442 ], [ 13.678473321081128, 11.540106972161709 ], [ 13.679661596888536, 11.542141705544225 ], [ 13.681045842829064, 11.543921783753717 ], [ 13.681340777029448, 11.547062693887767 ], [ 13.679661596888536, 11.54934671443965 ], [ 13.677671741536528, 11.552143903340209 ], [ 13.675854918302036, 11.553584868319319 ], [ 13.673865062950028, 11.554856302183168 ], [ 13.671961723656807, 11.555958205931859 ], [ 13.670231416481158, 11.557229628795767 ], [ 13.669625808069668, 11.55977245652349 ], [ 13.669279745834558, 11.561806702905642 ], [ 13.668414592246734, 11.564095212460586 ], [ 13.667376406541337, 11.566722737245868 ], [ 13.665405982202515, 11.568493086448711 ], [ 13.663721116057729, 11.569768577315358 ], [ 13.661653325652765, 11.570518862825168 ], [ 13.660427969820148, 11.571419203436903 ], [ 13.659585537247779, 11.573294902711325 ], [ 13.658896273779476, 11.574945507832865 ], [ 13.658360180415229, 11.576896211158271 ], [ 13.65797725615505, 11.578996952585612 ], [ 13.658207010311116, 11.580722550758082 ], [ 13.658896273779476, 11.582823264185436 ], [ 13.659968460507969, 11.584923960612741 ], [ 13.660504553872215, 11.586874594938081 ], [ 13.660581138924272, 11.5896504718242 ], [ 13.660198214664092, 11.590850842639782 ], [ 13.659202612987599, 11.592051209455349 ], [ 13.658360180415229, 11.593101525169004 ], [ 13.656368975062264, 11.594676992239442 ], [ 13.655832881698018, 11.59572729795309 ], [ 13.655986050802085, 11.597152706921577 ], [ 13.655986050802085, 11.598578108890081 ], [ 13.656062635854141, 11.600003502858556 ], [ 13.656445560114321, 11.601578930929008 ], [ 13.657211407634691, 11.603379409152353 ], [ 13.657441161790757, 11.604579720967934 ], [ 13.657364577738747, 11.606305160140266 ], [ 13.656598730218377, 11.607505459955803 ], [ 13.656598730218377, 11.608780771822296 ], [ 13.656981654478557, 11.609756007484975 ], [ 13.658972857831486, 11.611181345453417 ], [ 13.659968460507969, 11.613281828880588 ], [ 13.661423572496631, 11.615307280256786 ], [ 13.663110350642739, 11.615911507667306 ], [ 13.585499130909568, 11.650679786290709 ], [ 13.628793999326376, 11.680150108314422 ], [ 13.709243767988198, 11.747851312314197 ], [ 13.735608436901771, 11.751454192762196 ], [ 13.921399785138249, 11.743656447463991 ], [ 14.066740309890292, 11.780199199293065 ], [ 14.26498780759016, 11.786492250568926 ] ] ] ] } },
{ "type": "Feature", "properties": { "fid": 685.0, "OBJECTID": 685.0, "lganame": "Magumeri", "statecode": "BR", "LGA_UID": "08_20" }, "geometry": { "type": "MultiPolygon", "coordinates": [ [ [ [ 12.602540263035223, 12.444923100941764 ], [ 12.633438628029182, 12.416489893622725 ], [ 12.707253387182845, 12.418586623047361 ], [ 12.738745950580551, 12.413944208893042 ], [ 12.764593622142854, 12.411622971315865 ], [ 12.781590410691365, 12.412186085698465 ], [ 12.78353836501492, 12.386795476446764 ], [ 12.792465165080216, 12.377160897900524 ], [ 12.797108608235249, 12.37214915149525 ], [ 12.80312088732029, 12.366342150549656 ], [ 12.810345079228796, 12.360444863542739 ], [ 12.818077062482303, 12.354494714499879 ], [ 12.869766480602834, 12.308140595004431 ], [ 12.882842596487478, 12.310726930761746 ], [ 12.901619294245336, 12.315138967759538 ], [ 12.932718675375895, 12.322884680022355 ], [ 12.954128062922564, 12.331487137867327 ], [ 12.979874333415978, 12.341831815896057 ], [ 13.012982507911431, 12.337963311267572 ], [ 13.034358759435577, 12.338160316401456 ], [ 13.053292990300463, 12.33833481452001 ], [ 13.085237145005067, 12.360624105664556 ], [ 13.113562365250687, 12.378016762482048 ], [ 13.150040294035762, 12.36751238434482 ], [ 13.142079782626922, 12.357358271445548 ], [ 13.129141247835832, 12.330029631877039 ], [ 13.127395556649674, 12.317856020605632 ], [ 13.129840285310763, 12.308045582939883 ], [ 13.133885369059215, 12.289247841167708 ], [ 13.1322197459275, 12.272353667688947 ], [ 13.131336568327413, 12.259745718122417 ], [ 13.132160659887347, 12.246754345295358 ], [ 13.137378911432904, 12.242425694354267 ], [ 13.138235517014948, 12.234478293954396 ], [ 13.136805305043197, 12.227389547137932 ], [ 13.154579312119779, 12.189254614227025 ], [ 13.109599003557776, 12.176608473634587 ], [ 13.103196863207813, 12.166037138451827 ], [ 13.091257735095724, 12.149122125958854 ], [ 13.084121696247166, 12.1346425611207 ], [ 13.073069587737734, 12.100830716147129 ], [ 13.065226157408517, 12.097344714778558 ], [ 13.05955176555301, 12.0910979685342 ], [ 13.061728420031955, 12.072935745193831 ], [ 13.063026150913743, 12.059568314111289 ], [ 13.06345872820765, 12.048484684580444 ], [ 13.065618233674911, 12.039884625737159 ], [ 13.065442237555317, 12.033812625611517 ], [ 13.066447940238675, 12.027566682367649 ], [ 13.066458586245915, 12.02750056932274 ], [ 13.066469231253109, 12.027434455277842 ], [ 13.062900924828625, 12.020812298778367 ], [ 13.061381682796366, 12.016671872965162 ], [ 13.061300614741299, 12.01664892494955 ], [ 13.05980724772661, 12.013382784730368 ], [ 13.058523777854589, 12.010662820882317 ], [ 13.058381169757695, 12.006408464991637 ], [ 13.059022905193672, 12.000480150963654 ], [ 13.059112154254365, 12.00005392667407 ], [ 13.059201403315001, 11.999627703384419 ], [ 13.060235072017292, 11.99469120203031 ], [ 13.062802012761438, 11.986809660675192 ], [ 13.07024686081985, 11.972673565070352 ], [ 13.070068601698722, 11.968244225060857 ], [ 13.069783385504934, 11.966953771184023 ], [ 13.069498170311135, 11.965663316307257 ], [ 13.068999042971996, 11.961373372392416 ], [ 13.068499914632866, 11.957257752596036 ], [ 13.06864252272976, 11.953037433728525 ], [ 13.072695907483876, 11.95030303787064 ], [ 13.075167776163369, 11.947698704101128 ], [ 13.076166030841648, 11.944443252889187 ], [ 13.077242082572752, 11.939318407407086 ], [ 13.079516371118018, 11.937550740206063 ], [ 13.081762443644152, 11.934271912978261 ], [ 13.086397198793236, 11.928376898972886 ], [ 13.087858928786432, 11.925028194697575 ], [ 13.089463266876464, 11.919551579976485 ], [ 13.091980759586988, 11.912003804848098 ], [ 13.0864667818405, 11.913431440818158 ], [ 13.080397982717045, 11.907619238869017 ], [ 13.077168363522674, 11.87378017387698 ], [ 13.04918250150763, 11.875346722941345 ], [ 13.046370117596723, 11.867760769787083 ], [ 13.025121551159316, 11.840545296295431 ], [ 13.001797797311951, 11.839928354876236 ], [ 13.002444073751064, 11.848400435632641 ], [ 13.003561924510564, 11.86916338674007 ], [ 12.960156625018726, 11.879227141577928 ], [ 12.939835428211381, 11.883965557797467 ], [ 12.929245541016087, 11.886996088856563 ], [ 12.924099494519567, 11.887835123426669 ], [ 12.872414857402305, 11.899953215660332 ], [ 12.84953818285868, 11.9069302804009 ], [ 12.839825407259298, 11.910099659554362 ], [ 12.825534859549521, 11.918863514508985 ], [ 12.780764909130482, 11.939891618796594 ], [ 12.762510554727498, 11.948474506628258 ], [ 12.741005553115826, 11.954972357043232 ], [ 12.737590770795691, 11.956111885817506 ], [ 12.710689391517462, 11.96515022495862 ], [ 12.697145693315122, 11.998944187920017 ], [ 12.602260865845381, 11.990466863160066 ], [ 12.585920384742792, 11.990757480357559 ], [ 12.564341731081072, 11.992111339277415 ], [ 12.491273528434704, 11.922176974760305 ], [ 12.460571007573776, 11.914348001440885 ], [ 12.457765615667654, 11.918569326309068 ], [ 12.390582881020123, 11.94892010893102 ], [ 12.350061116487495, 11.954163985494006 ], [ 12.322690085890144, 11.959078338833081 ], [ 12.314074196036074, 11.961403540412903 ], [ 12.266267895553938, 11.980474710370913 ], [ 12.266267856553895, 11.980474732370908 ], [ 12.242165701177612, 11.994394503828744 ], [ 12.226965282849619, 11.998146869378274 ], [ 12.192366429341348, 12.042344384408409 ], [ 12.232840568841652, 12.057102517435908 ], [ 12.236437328285433, 12.137348868959521 ], [ 12.264321258231291, 12.289258138174716 ], [ 12.282924993871632, 12.295338286305878 ], [ 12.284636288034392, 12.315216254812015 ], [ 12.268436659027486, 12.323458506412237 ], [ 12.269995812086847, 12.33252326057135 ], [ 12.28615743806796, 12.329891545783198 ], [ 12.287315454854763, 12.344038360395302 ], [ 12.283243984088358, 12.409534068896562 ], [ 12.283277944111433, 12.409519852886888 ], [ 12.283311899134503, 12.409505639877239 ], [ 12.307408679507148, 12.395628802448584 ], [ 12.383832850433805, 12.350507794790985 ], [ 12.383832891433826, 12.350507765790951 ], [ 12.383832932433847, 12.350507735790927 ], [ 12.394788495877606, 12.352171173921192 ], [ 12.494989822959724, 12.367385175258391 ], [ 12.501734224542247, 12.406945131137491 ], [ 12.507100855188582, 12.423365457294324 ], [ 12.602540263035223, 12.444923100941764 ] ] ] ] } },
{ "type": "Feature", "properties": { "fid": 687.0, "OBJECTID": 687.0, "lganame": "Dikwa", "statecode": "BR", "LGA_UID": "08_08" }, "geometry": { "type": "MultiPolygon", "coordinates": [ [ [ [ 14.044962275093155, 12.080084843051281 ], [ 14.071337003013525, 12.036980483763898 ], [ 14.101026099185901, 12.023641686700842 ], [ 14.129106796265432, 12.025904914238595 ], [ 14.137845041202638, 12.025633390054111 ], [ 14.144738871886659, 12.024331169169272 ], [ 14.168146937791334, 12.024691813414336 ], [ 14.181400969796869, 12.025667838077482 ], [ 14.186095144986325, 12.025261025801058 ], [ 14.189183015084382, 12.024038153970196 ], [ 14.200001258434838, 12.023701994741771 ], [ 14.275916484015681, 12.065877120397829 ], [ 14.289520452258955, 12.106193409790819 ], [ 14.315946769214406, 12.090886896390771 ], [ 14.313342391444849, 12.028689461130568 ], [ 14.31272171102313, 12.013866488059023 ], [ 14.310522931529135, 11.996848425496069 ], [ 14.273282720226177, 11.890893220504495 ], [ 14.273723276525516, 11.876085250443168 ], [ 14.274805528260856, 11.8397088137271 ], [ 14.274805609260909, 11.839706067725217 ], [ 14.26655554165535, 11.794986799340563 ], [ 14.266555008655018, 11.794986573340395 ], [ 14.26498780759016, 11.786492250568926 ], [ 14.066740309890292, 11.780199199293065 ], [ 13.921399785138249, 11.743656447463991 ], [ 13.892851394740944, 11.888923648166269 ], [ 13.851731316801818, 11.921493243295743 ], [ 13.845593115631175, 12.017192926319183 ], [ 13.859682333204148, 12.018775692394627 ], [ 13.859682346204181, 12.018775721394604 ], [ 13.887425339054232, 12.080856345575512 ], [ 13.939178616218157, 12.078000992635396 ], [ 13.947620254953847, 12.098625286648655 ], [ 13.96523658892329, 12.126443573549864 ], [ 13.971028531858678, 12.142008424125436 ], [ 13.971029284859185, 12.142008603125589 ], [ 14.014228798211207, 12.152232878072482 ], [ 14.045756655632886, 12.145689359626488 ], [ 14.05664126102846, 12.13371357648947 ], [ 14.056641605028744, 12.133713197489215 ], [ 14.041775485927872, 12.125445941872044 ], [ 14.038599110769667, 12.124845618464121 ], [ 14.030307936136239, 12.104034506323956 ], [ 14.044962275093155, 12.080084843051281 ] ] ] ] } },
{ "type": "Feature", "properties": { "fid": 694.0, "OBJECTID": 694.0, "lganame": "Gubio", "statecode": "BR", "LGA_UID": "08_09" }, "geometry": { "type": "MultiPolygon", "coordinates": [ [ [ [ 12.930960045180996, 12.844118177176028 ], [ 12.964255527803743, 12.806073517326467 ], [ 12.998841375303186, 12.809606187726786 ], [ 13.082800185349242, 12.792612070180041 ], [ 13.061588822937097, 12.721636280955352 ], [ 13.055527989819041, 12.687900588033528 ], [ 13.050741355566799, 12.668286713706834 ], [ 13.020431931972951, 12.610116230182712 ], [ 12.999932056044258, 12.604317503242726 ], [ 12.986562570960302, 12.587500450816322 ], [ 12.975866982693162, 12.567782505418904 ], [ 12.955930519147273, 12.545992663613731 ], [ 12.954938277473104, 12.545306618147606 ], [ 12.953946034798889, 12.544620571681492 ], [ 12.950421444404128, 12.542183618025717 ], [ 12.942979914347916, 12.526860464614344 ], [ 12.920290586931628, 12.505542655129886 ], [ 12.908231024737688, 12.497163477436629 ], [ 12.912153311402733, 12.48711243660739 ], [ 12.930335809756855, 12.480614750192558 ], [ 12.903834520750479, 12.457755519660793 ], [ 12.883156384700669, 12.460888629789565 ], [ 12.882824086474898, 12.453930420061795 ], [ 12.902646121943008, 12.444758510829899 ], [ 12.896704128905697, 12.430252151973548 ], [ 12.886008540638556, 12.408317000069587 ], [ 12.873398701070755, 12.387556563963869 ], [ 12.868645105840926, 12.366082149373028 ], [ 12.869766480602834, 12.308140595004431 ], [ 12.818077062482303, 12.354494714499879 ], [ 12.810345079228796, 12.360444863542739 ], [ 12.80312088732029, 12.366342150549656 ], [ 12.797108608235249, 12.37214915149525 ], [ 12.792465165080216, 12.377160897900524 ], [ 12.78353836501492, 12.386795476446764 ], [ 12.781590410691365, 12.412186085698465 ], [ 12.764593622142854, 12.411622971315865 ], [ 12.738745950580551, 12.413944208893042 ], [ 12.707253387182845, 12.418586623047361 ], [ 12.633438628029182, 12.416489893622725 ], [ 12.602540263035223, 12.444923100941764 ], [ 12.507100855188582, 12.423365457294324 ], [ 12.501734224542247, 12.406945131137491 ], [ 12.494989822959724, 12.367385175258391 ], [ 12.394788495877606, 12.352171173921192 ], [ 12.383832932433847, 12.350507735790927 ], [ 12.383832891433826, 12.350507765790951 ], [ 12.383832850433805, 12.350507794790985 ], [ 12.307408679507148, 12.395628802448584 ], [ 12.283311899134503, 12.409505639877239 ], [ 12.283277944111433, 12.409519852886888 ], [ 12.283243984088358, 12.409534068896562 ], [ 12.286791859498976, 12.42461084214051 ], [ 12.300501657814152, 12.435140045294588 ], [ 12.324415309062374, 12.443421704921604 ], [ 12.331379026793854, 12.447552495728303 ], [ 12.342057458049396, 12.452987204420936 ], [ 12.342102734080129, 12.453007577434789 ], [ 12.3421253500955, 12.453017810441736 ], [ 12.342170538126197, 12.45303836845568 ], [ 12.342215667156893, 12.453059049469744 ], [ 12.353099855552159, 12.459763707025218 ], [ 12.3693860766179, 12.469795690841522 ], [ 12.372992429068233, 12.471940009298464 ], [ 12.377082723847366, 12.4752722905626 ], [ 12.381502275850266, 12.478970444075287 ], [ 12.382556058566252, 12.479852211674427 ], [ 12.388546714636618, 12.485263125350912 ], [ 12.395691852491439, 12.491320960466908 ], [ 12.402849492354676, 12.496645365084589 ], [ 12.409109480608095, 12.504419641366837 ], [ 12.415912723230576, 12.517006214918808 ], [ 12.416808686839317, 12.520114568030806 ], [ 12.418808687198236, 12.524414569952455 ], [ 12.418951958295565, 12.524730536167169 ], [ 12.425132038494667, 12.534099020532608 ], [ 12.427339077994247, 12.536888132427634 ], [ 12.42867664590301, 12.538973163844332 ], [ 12.43649956321832, 12.548218241125937 ], [ 12.438154474342753, 12.551068365062463 ], [ 12.438276540425704, 12.55128193920757 ], [ 12.440007400601758, 12.554359022298286 ], [ 12.442736313455896, 12.559037162476898 ], [ 12.443757996150111, 12.561075412861783 ], [ 12.445161457103666, 12.564383588109536 ], [ 12.446248627842351, 12.566953252855512 ], [ 12.447127764439699, 12.569004570249263 ], [ 12.447901281965301, 12.570003698928133 ], [ 12.449474077033926, 12.572302230489868 ], [ 12.445569012380588, 12.576718978490874 ], [ 12.444010412321632, 12.578526635719072 ], [ 12.441909537894162, 12.585475294440357 ], [ 12.452558817129841, 12.59731944448788 ], [ 12.46025964036221, 12.6052290918621 ], [ 12.461223041016808, 12.60873233624244 ], [ 12.461566879250427, 12.611665648235487 ], [ 12.464062515946068, 12.616594433584339 ], [ 12.470242189144869, 12.62436432586361 ], [ 12.475055203415081, 12.629930670645706 ], [ 12.480165316887167, 12.637120353530747 ], [ 12.48277979366361, 12.642048647879278 ], [ 12.485114361249828, 12.647723977735382 ], [ 12.48758622992932, 12.652918762265017 ], [ 12.492149681029957, 12.657371350290362 ], [ 12.497093419389046, 12.664606640206387 ], [ 12.498424426293354, 12.668687993979461 ], [ 12.500896294972904, 12.674995414265084 ], [ 12.502227300877223, 12.683714238189111 ], [ 12.503921508028384, 12.691330203363805 ], [ 12.503321508620729, 12.695730203353378 ], [ 12.501720458532873, 12.701072307983111 ], [ 12.499420457970132, 12.705872308244466 ], [ 12.499202121821781, 12.709766914890679 ], [ 12.602021974683055, 12.741079174165861 ], [ 12.607596776470871, 12.787800850911083 ], [ 12.628537481699084, 12.813274389219146 ], [ 12.630443279993983, 12.816095478135935 ], [ 12.636106039841536, 12.82447787283138 ], [ 12.653737845821524, 12.840896153986819 ], [ 12.670344224104781, 12.848984515482471 ], [ 12.675207416409137, 12.85266322898201 ], [ 12.696136668629549, 12.868494344738508 ], [ 12.714408298044248, 12.888044123021643 ], [ 12.737309331604422, 12.898189374914864 ], [ 12.755110951699805, 12.916569580403348 ], [ 12.763726840553886, 12.938576844356248 ], [ 12.78480309187421, 12.957061444915666 ], [ 12.798122843924375, 12.97461901184522 ], [ 12.812041188381215, 12.996110864447928 ], [ 12.82476645402744, 13.034964591847199 ], [ 12.83808777707867, 13.032212875977564 ], [ 12.855730249065914, 13.03189572476208 ], [ 12.867800852267294, 13.022371966291132 ], [ 12.872934733755528, 13.011673334021907 ], [ 12.881919027859908, 12.95914608933208 ], [ 12.885769439476121, 12.95039046938308 ], [ 12.892329399933317, 12.937742919789628 ], [ 12.893327634611524, 12.931487757539571 ], [ 12.885199008088534, 12.900074444195695 ], [ 12.909588193659829, 12.870709883243876 ], [ 12.930960045180996, 12.844118177176028 ] ] ] ] } },
{ "type": "Feature", "properties": { "fid": 698.0, "OBJECTID": 698.0, "lganame": "Damboa", "statecode": "BR", "LGA_UID": "08_07" }, "geometry": { "type": "MultiPolygon", "coordinates": [ [ [ [ 12.440747201104386, 11.389787970026987 ], [ 12.490392423835999, 11.3248569139094 ], [ 12.467268554124416, 11.266432999213123 ], [ 12.510862373744374, 11.234263820355636 ], [ 12.540309580752364, 11.200383871335816 ], [ 12.560274678317739, 11.202715389920002 ], [ 12.579051377075587, 11.217170388741465 ], [ 12.586702818274375, 11.216517356297743 ], [ 12.634872863003693, 11.212406120504397 ], [ 12.634873030003803, 11.212406248504465 ], [ 12.750569274613952, 11.301126673785802 ], [ 12.806103481346838, 11.306901896709803 ], [ 12.829252613075596, 11.357616035167666 ], [ 12.845321877993911, 11.332168432877268 ], [ 12.903571801571957, 11.274512479702707 ], [ 13.100356353277846, 11.339973755180608 ], [ 13.192118279625731, 11.32067938907096 ], [ 13.216711997336006, 11.172935591685984 ], [ 13.106385956374652, 11.112542958652057 ], [ 13.129784164272621, 11.046078834492789 ], [ 13.099331602581572, 10.970357095043425 ], [ 13.087201065339457, 10.940188524545306 ], [ 13.044953185633972, 10.952292103769139 ], [ 12.983694590011623, 10.946780798024463 ], [ 12.847026422152055, 10.965609499817674 ], [ 12.847026306151974, 10.965609515817675 ], [ 12.828282769416603, 10.963549805418211 ], [ 12.828282541416456, 10.963549901418276 ], [ 12.754977586609186, 10.994357044350295 ], [ 12.676931216580329, 11.016768862578033 ], [ 12.646980199230029, 10.973272433024249 ], [ 12.556206419553519, 10.885089667108218 ], [ 12.558731767269364, 10.861310750951588 ], [ 12.553994258050466, 10.84992620521632 ], [ 12.554621394476555, 10.835852081653627 ], [ 12.546526900976744, 10.81060771350127 ], [ 12.515540413922906, 10.777927869296832 ], [ 12.504582500477511, 10.771824613149931 ], [ 12.452495774087026, 10.737719607977226 ], [ 12.441480360602554, 10.80348507566174 ], [ 12.436635847310924, 10.832408341313737 ], [ 12.379686250616373, 10.933904227275434 ], [ 12.331460403849178, 10.995788566322915 ], [ 12.314477089309833, 11.021992587127329 ], [ 12.153084876651405, 11.11953762940459 ], [ 12.13084976654369, 11.13389907616255 ], [ 12.122495466867292, 11.138976051612076 ], [ 12.120513883520914, 11.140180263430295 ], [ 12.117110252208306, 11.148830414307668 ], [ 12.114649772536552, 11.15579032903662 ], [ 12.115209579916893, 11.164159774723259 ], [ 12.113929749047315, 11.174380301667611 ], [ 12.114410400373913, 11.179100036874445 ], [ 12.114245231261691, 11.183361024769624 ], [ 12.113680348877836, 11.187686267708386 ], [ 12.112819672293085, 11.191880225558009 ], [ 12.110750198886933, 11.19993019102759 ], [ 12.108690262487301, 11.207989692503645 ], [ 12.10694027029831, 11.213479996234014 ], [ 12.10651863401182, 11.216847660522205 ], [ 12.105979918645801, 11.221150398445729 ], [ 12.103934960256311, 11.226595042145107 ], [ 12.10245365624985, 11.232431947110967 ], [ 12.101849555839408, 11.237250328384846 ], [ 12.102251192112305, 11.243244847457845 ], [ 12.103222487772257, 11.247841788581241 ], [ 12.107489585671544, 11.256079674178523 ], [ 12.112959052387794, 11.260058389881863 ], [ 12.12185955143525, 11.264539718926699 ], [ 12.130412522246559, 11.26926546113765 ], [ 12.147325584738212, 11.278103299142515 ], [ 12.151254962408018, 11.279798426294292 ], [ 12.167200090242034, 11.289139747641286 ], [ 12.17492965049388, 11.294009486950017 ], [ 12.176735962721182, 11.295275815810442 ], [ 12.182114601375702, 11.299046516372471 ], [ 12.186900138627266, 11.301859856284011 ], [ 12.194199561586856, 11.311550139868075 ], [ 12.196579934204237, 11.318059921291194 ], [ 12.19705963153018, 11.322779655497982 ], [ 12.197930337121761, 11.32859039344612 ], [ 12.198800086712708, 11.334400177393604 ], [ 12.198960303821593, 11.341679573339604 ], [ 12.199830056412509, 11.347490311287743 ], [ 12.201899529818661, 11.356550217443498 ], [ 12.220626713542913, 11.358808000977547 ], [ 12.248463190456448, 11.34023440235768 ], [ 12.339767312493336, 11.372049741974706 ], [ 12.386709058388021, 11.384573941484348 ], [ 12.427087216823111, 11.383965818071147 ], [ 12.440747201104386, 11.389787970026987 ] ] ] ] } },
{ "type": "Feature", "properties": { "fid": 703.0, "OBJECTID": 703.0, "lganame": "Bayo", "statecode": "BR", "LGA_UID": "08_04" }, "geometry": { "type": "MultiPolygon", "coordinates": [ [ [ [ 11.834904780462978, 10.661007583854996 ], [ 11.830539127496706, 10.660299882374147 ], [ 11.830539019496655, 10.660299884374126 ], [ 11.826410103691217, 10.660365130418484 ], [ 11.827095389156852, 10.658943164452296 ], [ 11.82759507649638, 10.657229952288276 ], [ 11.828323753991469, 10.656242238617153 ], [ 11.828323867991514, 10.656242084617077 ], [ 11.829950742096912, 10.654874285687697 ], [ 11.828879985369383, 10.653375224669162 ], [ 11.82662866183972, 10.653136893507224 ], [ 11.826096217477982, 10.652161589844525 ], [ 11.826167398526309, 10.650305719583571 ], [ 11.824720383543138, 10.649641410132176 ], [ 11.824720180543011, 10.649641350132185 ], [ 11.823097895440753, 10.649163578807531 ], [ 11.821241915179712, 10.648164206128513 ], [ 11.819528703015635, 10.647950053982981 ], [ 11.817886874900069, 10.647664518788986 ], [ 11.816102278687538, 10.647521750692022 ], [ 11.814674602717503, 10.645451620285428 ], [ 11.813461077892953, 10.643595640024387 ], [ 11.812033400922928, 10.640811671132838 ], [ 11.811533713583401, 10.637670782998725 ], [ 11.811533713583401, 10.63488681310713 ], [ 11.810819876098378, 10.632602530555062 ], [ 11.810391572807362, 10.630532399148535 ], [ 11.810248804710398, 10.628462267741952 ], [ 11.811533713583401, 10.626463521383926 ], [ 11.811176795340884, 10.625606914801892 ], [ 11.809459393173995, 10.626310527279941 ], [ 11.808392826449335, 10.626035218092909 ], [ 11.807393451770281, 10.624179238831857 ], [ 11.806322695042752, 10.622680177813322 ], [ 11.804680866927242, 10.622251874522306 ], [ 11.802967654763165, 10.622251874522306 ], [ 11.802111049181178, 10.621466652988772 ], [ 11.802766390626459, 10.619973247974087 ], [ 11.801896897035647, 10.61782607751519 ], [ 11.800826140308118, 10.615470410914611 ], [ 11.800112300823116, 10.612615057974551 ], [ 11.799469847386604, 10.609973856179977 ], [ 11.798684624853081, 10.608474796161431 ], [ 11.797256947883, 10.605833594366857 ], [ 11.796186191155471, 10.604405918396822 ], [ 11.794972666330978, 10.602692706232745 ], [ 11.794687130136936, 10.600693957874682 ], [ 11.794544363039961, 10.598980746710652 ], [ 11.793473605312442, 10.597481685692117 ], [ 11.792117312390872, 10.596196776819113 ], [ 11.79026133312982, 10.595197404140038 ], [ 11.788762272111285, 10.593555575024538 ], [ 11.787762899432266, 10.592413434248499 ], [ 11.786906292850233, 10.591342676520981 ], [ 11.7861210713167, 10.590129151696431 ], [ 11.786406605510706, 10.58877285877486 ], [ 11.786477989559216, 10.586916878513819 ], [ 11.786620756656248, 10.58584612178629 ], [ 11.787289508110632, 10.585226397365204 ], [ 11.787263212092739, 10.584061525573759 ], [ 11.786763524753212, 10.582348314409728 ], [ 11.788277527781929, 10.581153726598018 ], [ 11.79033271717833, 10.575138546511027 ], [ 11.791760393148365, 10.573282568249965 ], [ 11.791403473905859, 10.572283193570911 ], [ 11.790047180984345, 10.572069043425415 ], [ 11.79026133312982, 10.571497972037434 ], [ 11.790933622586635, 10.570739183521823 ], [ 11.791189322760374, 10.568999538339824 ], [ 11.791189322760374, 10.567143558078783 ], [ 11.790761020469347, 10.565573114011727 ], [ 11.791046554663353, 10.563859901847707 ], [ 11.792101345380047, 10.562914105205095 ], [ 11.793681485453646, 10.56149724224241 ], [ 11.794615746088482, 10.559933791180072 ], [ 11.795757887864511, 10.557078438240012 ], [ 11.795686503816, 10.553652013911915 ], [ 11.795115433427952, 10.551510499456867 ], [ 11.796114807107017, 10.549511752098795 ], [ 11.796400342301013, 10.54687055130421 ], [ 11.79561511976749, 10.544729035849173 ], [ 11.793830523554959, 10.543372742927659 ], [ 11.792474231633378, 10.542516137345615 ], [ 11.791603349041679, 10.540917139259193 ], [ 11.792060205352072, 10.539489462289112 ], [ 11.792916810934116, 10.538061786319076 ], [ 11.793659203438551, 10.536862537504248 ], [ 11.794044675700434, 10.536020207931927 ], [ 11.794687130136936, 10.53516360234994 ], [ 11.795543735718979, 10.533878693476879 ], [ 11.796116691108296, 10.531980597187214 ], [ 11.795143924447302, 10.530740847344873 ], [ 11.793575238381493, 10.529268682344593 ], [ 11.794189645798951, 10.526744242629377 ], [ 11.783703537674114, 10.528896102091437 ], [ 11.772091768784492, 10.530228599996803 ], [ 11.763309072817037, 10.531607093933417 ], [ 11.712095756020005, 10.541349511552937 ], [ 11.713115334712768, 10.533617021299108 ], [ 11.724821384666484, 10.464680841460165 ], [ 11.744874157291406, 10.475624662895996 ], [ 11.746296973258097, 10.473376477368447 ], [ 11.752214551278826, 10.461794390498994 ], [ 11.769407487960621, 10.445766105608527 ], [ 11.789609760687142, 10.437776294179798 ], [ 11.808416357465319, 10.432487384586238 ], [ 11.808687316649412, 10.430468221214312 ], [ 11.810059649581888, 10.428034638560803 ], [ 11.809340709093362, 10.425599177906008 ], [ 11.806944238465064, 10.421749538290385 ], [ 11.805746001650959, 10.419863983009236 ], [ 11.804467883782536, 10.416799931927358 ], [ 11.804787412999644, 10.4153857449665 ], [ 11.804867296053885, 10.411771680510924 ], [ 11.806065530868068, 10.408707550428971 ], [ 11.804947178108193, 10.406036231613939 ], [ 11.804467883782536, 10.402814906425192 ], [ 11.806145413922309, 10.399593547236407 ], [ 11.807822944062139, 10.396372155047629 ], [ 11.811657297667409, 10.394015018446112 ], [ 11.812038513926382, 10.39176023891406 ], [ 11.81133776945029, 10.390007843723424 ], [ 11.813334827807182, 10.388907825975991 ], [ 11.816610006032533, 10.386472060321012 ], [ 11.818926594606523, 10.383407681238907 ], [ 11.819752043167398, 10.380774914450058 ], [ 11.817808240846659, 10.378536041928839 ], [ 11.817009418303883, 10.376257346380555 ], [ 11.818766830497964, 10.372485675817927 ], [ 11.820524241692056, 10.372171367604324 ], [ 11.822042007723326, 10.375078703579732 ], [ 11.824678125514424, 10.37539300879331 ], [ 11.826036127437135, 10.374214363992451 ], [ 11.825956244382837, 10.370599822536576 ], [ 11.82699471508846, 10.367771022614534 ], [ 11.825956244382837, 10.366199456546724 ], [ 11.824358597297305, 10.364156408158578 ], [ 11.825556832111488, 10.361406130289879 ], [ 11.824917772677281, 10.356769892139766 ], [ 11.822920714320333, 10.355984081605868 ], [ 11.819885183257838, 10.355669757392263 ], [ 11.818447300280866, 10.353940967217625 ], [ 11.817089300358191, 10.349068869907285 ], [ 11.816530122978236, 10.345218288290994 ], [ 11.817328946521002, 10.34262501252897 ], [ 11.820284594529255, 10.342074921155245 ], [ 11.821642596451909, 10.339088694126247 ], [ 11.823799419917407, 10.336809710577768 ], [ 11.824198832188756, 10.334452125975872 ], [ 11.821882242614777, 10.331858761213823 ], [ 11.819535387020153, 10.329315838486025 ], [ 11.821173452133166, 10.323957850845545 ], [ 11.818510998324143, 10.321974270497776 ], [ 11.819053880693048, 10.320557087534894 ], [ 11.821102444084943, 10.319318768693506 ], [ 11.82190888863289, 10.317407792395102 ], [ 11.82199540469162, 10.314513817428747 ], [ 11.825023444749036, 10.311364461288917 ], [ 11.828311030982832, 10.310343041594933 ], [ 11.831598617216571, 10.311875169635925 ], [ 11.834502909189894, 10.314668107533578 ], [ 11.836814645760626, 10.314211162223103 ], [ 11.838346818801654, 10.311109107115442 ], [ 11.838606365978023, 10.30830019320689 ], [ 11.839759181761281, 10.304038090310996 ], [ 11.836479201532711, 10.302354391167 ], [ 11.832343574722756, 10.29512841225727 ], [ 11.830524999487125, 10.289924876721727 ], [ 11.830560976511549, 10.286990216727759 ], [ 11.830347065366198, 10.285446742679028 ], [ 11.828707075251884, 10.284324210916338 ], [ 11.826425349701594, 10.283552469391964 ], [ 11.824642752490377, 10.284604845107026 ], [ 11.822574938085438, 10.284464528011654 ], [ 11.819936693292846, 10.283061359058308 ], [ 11.817369751548711, 10.279974363960832 ], [ 11.814446290562387, 10.278430855912063 ], [ 11.810952399188466, 10.277378459196996 ], [ 11.808955889831907, 10.274712372385522 ], [ 11.808599369589672, 10.273098677289113 ], [ 11.8071732916207, 10.273028516241425 ], [ 11.805030638164908, 10.27360190463105 ], [ 11.803048407818039, 10.273041124250028 ], [ 11.801468977744889, 10.271835779431058 ], [ 11.802467233423158, 10.268257541999787 ], [ 11.799258557243036, 10.265030077806898 ], [ 11.798474213710108, 10.260820291946516 ], [ 11.798260301564767, 10.258013737039619 ], [ 11.79990029167908, 10.253733693131494 ], [ 11.79990029167908, 10.249874587509453 ], [ 11.79990029167908, 10.244261258695417 ], [ 11.799615076485281, 10.239349515358128 ], [ 11.798973341049248, 10.235560403783609 ], [ 11.796976830692699, 10.23191158730441 ], [ 11.79490901828774, 10.229525798683369 ], [ 11.784108427949207, 10.231821102242918 ], [ 11.779830192042368, 10.232242121528998 ], [ 11.776692819910693, 10.233856024625595 ], [ 11.773412839682067, 10.235540088769824 ], [ 11.771059811083319, 10.23722414491408 ], [ 11.768421566290726, 10.239820378678075 ], [ 11.766211143788837, 10.241574579869962 ], [ 11.762360732172681, 10.241925418108337 ], [ 11.759936398525497, 10.240101051868805 ], [ 11.75615729195772, 10.239539706487392 ], [ 11.754160781601229, 10.236382118341965 ], [ 11.751023409469497, 10.233785855577878 ], [ 11.748884292016101, 10.230908890623141 ], [ 11.746816477611105, 10.227961729620688 ], [ 11.744320840915407, 10.223891795855366 ], [ 11.741344385893058, 10.22094958585626 ], [ 11.73868783208809, 10.221576120281952 ], [ 11.735764371101709, 10.223260249426232 ], [ 11.733482645551362, 10.222137496663379 ], [ 11.732056566582457, 10.219751636042304 ], [ 11.731129615952625, 10.217506103516598 ], [ 11.728420067111585, 10.215120207895495 ], [ 11.724854870689228, 10.213155338560455 ], [ 11.719150557813407, 10.209997489414832 ], [ 11.710665392048156, 10.207962413032078 ], [ 11.706244549044357, 10.20845364036586 ], [ 11.701538489846826, 10.207892237984424 ], [ 11.700611539216993, 10.20690978331686 ], [ 11.70068284326544, 10.204243102504961 ], [ 11.700754147313887, 10.201927284931514 ], [ 11.702013850169806, 10.198628967690468 ], [ 11.701746697988312, 10.195195876357843 ], [ 11.700016388812628, 10.193748333374288 ], [ 11.696555772461295, 10.193152283969312 ], [ 11.694779526254422, 10.192569545573349 ], [ 11.678227499008131, 10.195866409813391 ], [ 11.671048458130315, 10.197296343785013 ], [ 11.667270189563112, 10.198048907296311 ], [ 11.660219295772379, 10.199453317250573 ], [ 11.65853147562558, 10.200110048696786 ], [ 11.656499133244722, 10.200900834234062 ], [ 11.654682309010241, 10.200219649771213 ], [ 11.65087397942267, 10.200636872054702 ], [ 11.648107136542762, 10.20115627740762 ], [ 11.64629031330827, 10.203370111911852 ], [ 11.642310603604244, 10.203795848201082 ], [ 11.639542109723209, 10.203114669738284 ], [ 11.638417409959004, 10.20413643643252 ], [ 11.63660058572458, 10.206265102878831 ], [ 11.633745576784747, 10.208138319151601 ], [ 11.630804052786118, 10.208053173093731 ], [ 11.628554652257719, 10.208478903383025 ], [ 11.623104179554389, 10.209670942192929 ], [ 11.621200841261157, 10.212736166275647 ], [ 11.616442493028103, 10.216737940994619 ], [ 11.611943690971373, 10.219973382192961 ], [ 11.609953835619365, 10.224145349027651 ], [ 11.611770659853789, 10.227976699630858 ], [ 11.614020061382178, 10.228487542977916 ], [ 11.616702039204426, 10.228572683035793 ], [ 11.617913255027418, 10.230020068019201 ], [ 11.617913255027418, 10.231637725118333 ], [ 11.615750368557826, 10.234191902853809 ], [ 11.613933545323391, 10.237086613820622 ], [ 11.613154906794364, 10.241002945481569 ], [ 11.614106576440975, 10.244834092084659 ], [ 11.61237626826528, 10.249090867976918 ], [ 11.608543510661093, 10.250905792210062 ], [ 11.603958193545623, 10.252523343309122 ], [ 11.599459392488882, 10.254907085928778 ], [ 11.59720999096055, 10.257035413374865 ], [ 11.595479682784855, 10.260440706688598 ], [ 11.595047106490938, 10.263931095060173 ], [ 11.594528013138245, 10.270486110514014 ], [ 11.592624673845023, 10.275338436810898 ], [ 11.589769664905191, 10.282574223727295 ], [ 11.586655109788978, 10.285894116983002 ], [ 11.581464185262007, 10.286660241503569 ], [ 11.578522660263332, 10.289724720585752 ], [ 11.575148558970795, 10.292108184205176 ], [ 11.571860972737056, 10.289980092759265 ], [ 11.569957634443824, 10.288618106833837 ], [ 11.567881264033019, 10.293299909014877 ], [ 11.564247615564113, 10.296704812328358 ], [ 11.561219575506755, 10.297385787791086 ], [ 11.55654774333243, 10.296279201039169 ], [ 11.551475927886372, 10.290110673847948 ], [ 11.549626509629775, 10.296449445154849 ], [ 11.546476328489405, 10.300776684095013 ], [ 11.546334563393032, 10.302827463488427 ], [ 11.545992862160915, 10.307770492846998 ], [ 11.54426255398522, 10.314920417705025 ], [ 11.544776835334631, 10.318124879882305 ], [ 11.542378296704953, 10.317480593444543 ], [ 11.538902231343116, 10.316545244808992 ], [ 11.537089923111751, 10.316165258550825 ], [ 11.535218194840013, 10.315551435133784 ], [ 11.533316756548061, 10.314996068756443 ], [ 11.530702279771674, 10.314353013319476 ], [ 11.529810981166065, 10.314031485101054 ], [ 11.529335621843074, 10.313622265822971 ], [ 11.529632721044948, 10.314616082498219 ], [ 11.529989241287183, 10.315492976094049 ], [ 11.530137791388142, 10.316837541007601 ], [ 11.530345759529439, 10.318035953821891 ], [ 11.530702279771674, 10.318795920338232 ], [ 11.531355899215782, 10.319351278715601 ], [ 11.531890678579146, 10.320257389331232 ], [ 11.532544298023197, 10.321280414026319 ], [ 11.533197917467305, 10.322244975681713 ], [ 11.533732695830679, 10.323151078297371 ], [ 11.534118926093129, 10.323911031813736 ], [ 11.534534866375736, 10.32540170582655 ], [ 11.535099354759268, 10.327155431018127 ], [ 11.539793529948724, 10.327272346097573 ], [ 11.546323586385597, 10.327405940188328 ], [ 11.546165893278442, 10.328709102073788 ], [ 11.544719356295616, 10.33232154452827 ], [ 11.54391649175011, 10.334326540890572 ], [ 11.54426255398522, 10.33858210878202 ], [ 11.543483915456193, 10.342071632153022 ], [ 11.544608615220341, 10.343433387078221 ], [ 11.547912199464974, 10.352810351449477 ], [ 11.549101929273377, 10.359710788137988 ], [ 11.552433174536759, 10.368514794119903 ], [ 11.560880261276168, 10.370537336494124 ], [ 11.562902802650399, 10.375653176970104 ], [ 11.565718377563428, 10.381219717752288 ], [ 11.567448685739123, 10.382070709330492 ], [ 11.568555527491185, 10.383522331316783 ], [ 11.568701885590599, 10.384648755082139 ], [ 11.569937821430358, 10.385135030412528 ], [ 11.571428396443139, 10.388538164724821 ], [ 11.572751949342432, 10.389156126144712 ], [ 11.573094206574979, 10.390278282907161 ], [ 11.573418250795157, 10.391176166517198 ], [ 11.575409516148113, 10.391525918754837 ], [ 11.576478766874629, 10.391980213063505 ], [ 11.576821026107154, 10.392522584432072 ], [ 11.577051898264074, 10.393473764078351 ], [ 11.578090082969425, 10.395175677234704 ], [ 11.580599029674147, 10.39551605946599 ], [ 11.581723731438331, 10.398324192373991 ], [ 11.58077206079173, 10.401387581455367 ], [ 11.579906907203906, 10.403770196074277 ], [ 11.579474329909999, 10.406578254982207 ], [ 11.579387814851202, 10.40981174617923 ], [ 11.58051251461535, 10.412704841144944 ], [ 11.583454038613979, 10.414406649301213 ], [ 11.584319194201839, 10.419512016770113 ], [ 11.585962987318737, 10.423766426660791 ], [ 11.58597351732584, 10.427596820263318 ], [ 11.588469154021539, 10.433206873075108 ], [ 11.590465664378087, 10.438957071982088 ], [ 11.592818692976834, 10.445618754508416 ], [ 11.594529988139584, 10.45270102032049 ], [ 11.626132323611898, 10.463924097946006 ], [ 11.638406801951817, 10.462563124021301 ], [ 11.639759717871073, 10.4624131149194 ], [ 11.653739051369371, 10.470443796375832 ], [ 11.661083404359488, 10.486292135144026 ], [ 11.656840291476499, 10.489711088467061 ], [ 11.659505287287232, 10.493375457956859 ], [ 11.662122694065658, 10.495850096638208 ], [ 11.662756956496594, 10.49681982329713 ], [ 11.655155550331813, 10.503429740788249 ], [ 11.637677689456439, 10.518627881114696 ], [ 11.632366466847714, 10.520814854600587 ], [ 11.599836274744973, 10.534209644701718 ], [ 11.572779010360819, 10.572588160778139 ], [ 11.575642276306269, 10.57980828368386 ], [ 11.583307265514293, 10.593869209237596 ], [ 11.593669890555191, 10.597590445766002 ], [ 11.602257729390203, 10.603010178448471 ], [ 11.613828659252135, 10.604437828418497 ], [ 11.623481262810628, 10.609867796107892 ], [ 11.636601183724963, 10.620520513345923 ], [ 11.641354777954803, 10.623510682377628 ], [ 11.688769498170927, 10.653062067456403 ], [ 11.693255812219149, 10.648464156332295 ], [ 11.697567319148618, 10.651091480117486 ], [ 11.700181251924676, 10.653013490423348 ], [ 11.702453548468554, 10.654684297558617 ], [ 11.704389604784012, 10.656518455804814 ], [ 11.706029585898307, 10.658431769104823 ], [ 11.706335379106122, 10.658781161342233 ], [ 11.710535378959776, 10.663481157535671 ], [ 11.710696594069361, 10.663659633656948 ], [ 11.714896594923061, 10.668259633782384 ], [ 11.716868224262669, 10.670170404080693 ], [ 11.725968225445683, 10.677970405380449 ], [ 11.726066570512501, 10.678054213437349 ], [ 11.733266570404567, 10.68415421158204 ], [ 11.741370992911129, 10.688544265564872 ], [ 11.743561199399267, 10.689197486008709 ], [ 11.745272571562111, 10.689252712046198 ], [ 11.743702516495318, 10.706946900068601 ], [ 11.742356690580891, 10.722114046373974 ], [ 11.738176744740827, 10.737952172135238 ], [ 11.771184428167999, 10.740340351757879 ], [ 11.79133125585679, 10.741256500380359 ], [ 11.817231650454914, 10.724715423141447 ], [ 11.839042748274494, 10.664921225514092 ], [ 11.838688123033592, 10.663720169698081 ], [ 11.837403214160531, 10.66236387677651 ], [ 11.834904780462978, 10.661007583854996 ] ] ] ] } },
{ "type": "Feature", "properties": { "fid": 704.0, "OBJECTID": 704.0, "lganame": "Shani", "statecode": "BR", "LGA_UID": "08_27" }, "geometry": { "type": "MultiPolygon", "coordinates": [ [ [ [ 12.257152921360728, 10.35977755018331 ], [ 12.266200798508351, 10.347043216530949 ], [ 12.279364547452474, 10.316527255796814 ], [ 12.289169650114616, 10.299738287389459 ], [ 12.289169468114494, 10.299738047389326 ], [ 12.286091805023318, 10.295683860634711 ], [ 12.279109955279523, 10.287690163203365 ], [ 12.270965575745777, 10.278555869997035 ], [ 12.26979732495198, 10.276269913443798 ], [ 12.265130996781465, 10.268271446009237 ], [ 12.263949393978635, 10.263086319486206 ], [ 12.263936995970198, 10.260265349569465 ], [ 12.262747765162146, 10.253402709906652 ], [ 12.261573792364516, 10.249973296576513 ], [ 12.260396003564267, 10.245399475468787 ], [ 12.258043288965666, 10.237395287030324 ], [ 12.253376960795151, 10.229396819595763 ], [ 12.248704909620699, 10.220253944383614 ], [ 12.242897033674524, 10.215690613283016 ], [ 12.237093924731596, 10.212271689960062 ], [ 12.231296538792549, 10.209997177414607 ], [ 12.225503921856728, 10.208866118646085 ], [ 12.220864295704303, 10.206587791098116 ], [ 12.209258079818426, 10.199749947452119 ], [ 12.196505547153663, 10.195201874361885 ], [ 12.194185256577157, 10.19406318658821 ], [ 12.188366889623865, 10.187211989933132 ], [ 12.1825590126777, 10.182648658832591 ], [ 12.17442512515106, 10.175802231180739 ], [ 12.170931815777521, 10.171233177076317 ], [ 12.168338032015185, 10.167935355835596 ], [ 12.163945198030433, 10.162096023868003 ], [ 12.158131599080377, 10.156388282989894 ], [ 12.149992942550568, 10.148398398561142 ], [ 12.145337105387114, 10.142687797681049 ], [ 12.141838074009684, 10.136975287799658 ], [ 12.138344764636145, 10.132406234695225 ], [ 12.134851456262652, 10.127837180590745 ], [ 12.132510184671844, 10.122121810707426 ], [ 12.129011154294403, 10.116409301826025 ], [ 12.127832413493536, 10.111834525717711 ], [ 12.123166084322975, 10.103837013283794 ], [ 12.116184234579123, 10.095843314852402 ], [ 12.109187125824917, 10.084418297089655 ], [ 12.106830597223791, 10.075269698873626 ], [ 12.106798172201763, 10.068405151209504 ], [ 12.106760979176499, 10.060396193767758 ], [ 12.104419707585691, 10.054680823884439 ], [ 12.098601340632399, 10.047828674228754 ], [ 12.092793464686224, 10.043265343128155 ], [ 12.084664345162821, 10.037563324253938 ], [ 12.078872681227665, 10.036432266485406 ], [ 12.06845569614984, 10.036456107501635 ], [ 12.061516762435133, 10.03761673029021 ], [ 12.048785209784683, 10.037645340309609 ], [ 12.04299354584947, 10.036514281541145 ], [ 12.036038399123811, 10.034241675997009 ], [ 12.027924537610829, 10.031971931454848 ], [ 12.02212810467239, 10.029697417909404 ], [ 12.015285667023306, 10.027462013390561 ], [ 12.015172957946731, 10.027424812365268 ], [ 12.00590324364839, 10.025157927825035 ], [ 12.003838539245521, 10.024144173136222 ], [ 12.003161540785527, 10.022372437932404 ], [ 12.003088950736185, 10.022182464803336 ], [ 11.995476722564035, 10.022892952286099 ], [ 11.979431846662294, 10.019523676996812 ], [ 11.956113128818345, 10.023866192947366 ], [ 11.942247268397125, 10.024847445614057 ], [ 11.93109354481868, 10.025888460321369 ], [ 11.92068340274551, 10.024698729513034 ], [ 11.910384797748065, 10.025494362053621 ], [ 11.897773655179378, 10.025613335134437 ], [ 11.882902023074848, 10.025732308215311 ], [ 11.870171907425288, 10.02858766115537 ], [ 11.855062330159058, 10.032156852580442 ], [ 11.84863778479388, 10.032156852580442 ], [ 11.844949141287657, 10.032367632723663 ], [ 11.844473727964612, 10.032394798742132 ], [ 11.831981558476741, 10.034536314197226 ], [ 11.824248310222401, 10.035131178601375 ], [ 11.813540734947082, 10.035250151682192 ], [ 11.801762402944291, 10.035845017086388 ], [ 11.789927024902681, 10.039306719438457 ], [ 11.785120513636912, 10.045778852835952 ], [ 11.780409181435743, 10.043637338380904 ], [ 11.770361930609113, 10.049669850479745 ], [ 11.762913556548312, 10.052950743708948 ], [ 11.762382323187353, 10.064517522567996 ], [ 11.752356957375582, 10.087762995362255 ], [ 11.751097366519787, 10.090613644299083 ], [ 11.751042862482734, 10.090736998382908 ], [ 11.74975020760445, 10.089610580617602 ], [ 11.748318723631826, 10.08921463934854 ], [ 11.747422274022711, 10.089640542637937 ], [ 11.745686218843161, 10.091308068770957 ], [ 11.744211840841388, 10.094323017819477 ], [ 11.747294322935772, 10.098752119828816 ], [ 11.749792756633326, 10.100108411750341 ], [ 11.75166106190278, 10.101901668968765 ], [ 11.750107209846988, 10.104112920471209 ], [ 11.736041026289683, 10.117804337773919 ], [ 11.731401077137036, 10.143145597992088 ], [ 11.727527730505301, 10.146161859041513 ], [ 11.725790724325066, 10.150159353757601 ], [ 11.727540060513661, 10.154042244395839 ], [ 11.725246819955544, 10.16051427979329 ], [ 11.715699130468352, 10.167101744269189 ], [ 11.70922055806642, 10.174835411523816 ], [ 11.7040592635596, 10.178750762184166 ], [ 11.697742038267336, 10.185343111663315 ], [ 11.692999072044699, 10.188888089071952 ], [ 11.694779526254422, 10.192569545573349 ], [ 11.696555772461295, 10.193152283969312 ], [ 11.700016388812628, 10.193748333374288 ], [ 11.701746697988312, 10.195195876357843 ], [ 11.702013850169806, 10.198628967690468 ], [ 11.700754147313887, 10.201927284931514 ], [ 11.70068284326544, 10.204243102504961 ], [ 11.700611539216993, 10.20690978331686 ], [ 11.701538489846826, 10.207892237984424 ], [ 11.706244549044357, 10.20845364036586 ], [ 11.710665392048156, 10.207962413032078 ], [ 11.719150557813407, 10.209997489414832 ], [ 11.724854870689228, 10.213155338560455 ], [ 11.728420067111585, 10.215120207895495 ], [ 11.731129615952625, 10.217506103516598 ], [ 11.732056566582457, 10.219751636042304 ], [ 11.733482645551362, 10.222137496663379 ], [ 11.735764371101709, 10.223260249426232 ], [ 11.73868783208809, 10.221576120281952 ], [ 11.741344385893058, 10.22094958585626 ], [ 11.744320840915407, 10.223891795855366 ], [ 11.746816477611105, 10.227961729620688 ], [ 11.748884292016101, 10.230908890623141 ], [ 11.751023409469497, 10.233785855577878 ], [ 11.754160781601229, 10.236382118341965 ], [ 11.75615729195772, 10.239539706487392 ], [ 11.759936398525497, 10.240101051868805 ], [ 11.762360732172681, 10.241925418108337 ], [ 11.766211143788837, 10.241574579869962 ], [ 11.768421566290726, 10.239820378678075 ], [ 11.771059811083319, 10.23722414491408 ], [ 11.773412839682067, 10.235540088769824 ], [ 11.776692819910693, 10.233856024625595 ], [ 11.779830192042368, 10.232242121528998 ], [ 11.784108427949207, 10.231821102242918 ], [ 11.79490901828774, 10.229525798683369 ], [ 11.796976830692699, 10.23191158730441 ], [ 11.798973341049248, 10.235560403783609 ], [ 11.799615076485281, 10.239349515358128 ], [ 11.79990029167908, 10.244261258695417 ], [ 11.79990029167908, 10.249874587509453 ], [ 11.79990029167908, 10.253733693131494 ], [ 11.798260301564767, 10.258013737039619 ], [ 11.798474213710108, 10.260820291946516 ], [ 11.799258557243036, 10.265030077806898 ], [ 11.802467233423158, 10.268257541999787 ], [ 11.801468977744889, 10.271835779431058 ], [ 11.803048407818039, 10.273041124250028 ], [ 11.805030638164908, 10.27360190463105 ], [ 11.8071732916207, 10.273028516241425 ], [ 11.808599369589672, 10.273098677289113 ], [ 11.808955889831907, 10.274712372385522 ], [ 11.810952399188466, 10.277378459196996 ], [ 11.814446290562387, 10.278430855912063 ], [ 11.817369751548711, 10.279974363960832 ], [ 11.819936693292846, 10.283061359058308 ], [ 11.822574938085438, 10.284464528011654 ], [ 11.824642752490377, 10.284604845107026 ], [ 11.826425349701594, 10.283552469391964 ], [ 11.828707075251884, 10.284324210916338 ], [ 11.830347065366198, 10.285446742679028 ], [ 11.830560976511549, 10.286990216727759 ], [ 11.830524999487125, 10.289924876721727 ], [ 11.832343574722756, 10.29512841225727 ], [ 11.836479201532711, 10.302354391167 ], [ 11.839759181761281, 10.304038090310996 ], [ 11.84368089842593, 10.30368732007264 ], [ 11.847602613090544, 10.305090398025982 ], [ 11.851809543948946, 10.306142701740953 ], [ 11.855588651516655, 10.306283008836317 ], [ 11.85986688742355, 10.308738370504614 ], [ 11.860596266919117, 10.310119016442684 ], [ 11.86843969824838, 10.310960846014666 ], [ 11.871006638992469, 10.310820540919337 ], [ 11.874500531366436, 10.313696777873588 ], [ 11.877566599449665, 10.314749053588571 ], [ 11.882486569792547, 10.316292384637222 ], [ 11.884182157944622, 10.318039102824002 ], [ 11.88740654013543, 10.318046159828839 ], [ 11.889759568734235, 10.319729775972746 ], [ 11.892294209456395, 10.322032809537575 ], [ 11.895749098803833, 10.323798476737238 ], [ 11.898743862838614, 10.327025339929719 ], [ 11.902736882551665, 10.328358164835322 ], [ 11.9075855488461, 10.328919353216634 ], [ 11.909724667299542, 10.328217867740022 ], [ 11.910936833123174, 10.326955190882074 ], [ 11.915571588272257, 10.330252170122208 ], [ 11.917995920919509, 10.332496900647413 ], [ 11.921284936154223, 10.332760519826536 ], [ 11.923415018601531, 10.332567048695068 ], [ 11.925981960345609, 10.334671470124931 ], [ 11.928620205138202, 10.336074409078151 ], [ 11.933985011783307, 10.338053981423172 ], [ 11.935655183918129, 10.338778889915716 ], [ 11.935683195937145, 10.338816052940956 ], [ 11.941240997713408, 10.33979216860422 ], [ 11.943203221046645, 10.34099642142246 ], [ 11.944378370845129, 10.343930755416181 ], [ 11.949639605419861, 10.346946408465158 ], [ 11.950653116108526, 10.344912784083419 ], [ 11.952364410271286, 10.343509884130242 ], [ 11.95735568366257, 10.345544086512348 ], [ 11.96405825221666, 10.347227554656229 ], [ 11.969263437753341, 10.347718564989805 ], [ 11.974040800999376, 10.349752741371958 ], [ 11.979369494619959, 10.351357282462175 ], [ 11.9879712394644, 10.353947364221995 ], [ 11.993132013970921, 10.355501321277814 ], [ 11.99714326969638, 10.355364192184652 ], [ 12.000851074215689, 10.354101624326802 ], [ 12.003631927105118, 10.350524320896227 ], [ 12.00919366088408, 10.34714610660086 ], [ 12.004280435545752, 10.316645277877001 ], [ 12.004164023466672, 10.316394741706745 ], [ 12.002719969485497, 10.316166459551653 ], [ 12.00095888028892, 10.314427769370297 ], [ 12.001235837477111, 10.288414511695521 ], [ 11.983414915368598, 10.272203409680799 ], [ 12.015923320456579, 10.2733305774467 ], [ 12.034979516404348, 10.276973667921993 ], [ 12.069568309905776, 10.253491841967218 ], [ 12.082055666390374, 10.251005110277561 ], [ 12.090671557244491, 10.262114489825876 ], [ 12.10196134391532, 10.27176179338079 ], [ 12.112954031384334, 10.277462334254039 ], [ 12.1312256597991, 10.28228578753135 ], [ 12.135033189386093, 10.292918179755532 ], [ 12.138935505037523, 10.293679607272907 ], [ 12.14193362607466, 10.294488623822588 ], [ 12.144884157079389, 10.296059067889644 ], [ 12.146812790389788, 10.295989899842596 ], [ 12.147740779020296, 10.296703739327654 ], [ 12.149192251006525, 10.297221271679291 ], [ 12.149066909921373, 10.29835669045076 ], [ 12.149233473034542, 10.298856376790241 ], [ 12.150209051697402, 10.299903339501611 ], [ 12.152136415006964, 10.300022312582485 ], [ 12.154492080607497, 10.300664767018986 ], [ 12.156728775127249, 10.301497578584815 ], [ 12.16081836890595, 10.302146601025811 ], [ 12.160292758548792, 10.303740952109081 ], [ 12.161244543195494, 10.305406575240795 ], [ 12.163177854509115, 10.307607575736313 ], [ 12.166330640651267, 10.310760361878465 ], [ 12.168204466924408, 10.311295741242247 ], [ 12.169602399874236, 10.312753161232479 ], [ 12.170655853590063, 10.314092090142196 ], [ 12.172010627510531, 10.314793606618878 ], [ 12.172937579140353, 10.315775727286166 ], [ 12.173935833818632, 10.315565273143193 ], [ 12.175290607739157, 10.316407087715163 ], [ 12.176716686708062, 10.316547390810456 ], [ 12.17800015658014, 10.31907282252638 ], [ 12.179354931500654, 10.320405682432011 ], [ 12.176461180534488, 10.325517843905459 ], [ 12.175285445735653, 10.325977236217625 ], [ 12.175547351913565, 10.327415819195039 ], [ 12.174762129380042, 10.328415192874104 ], [ 12.173524809539344, 10.329652511714812 ], [ 12.17029071134192, 10.329687035738232 ], [ 12.170465976461003, 10.330725485443793 ], [ 12.171052137859306, 10.334198493803569 ], [ 12.172670171958657, 10.334959921320944 ], [ 12.176368373471405, 10.336718787515963 ], [ 12.179489979592404, 10.336655281472815 ], [ 12.183059172017522, 10.336119903109079 ], [ 12.186479647341571, 10.335435807644274 ], [ 12.189364743301837, 10.334840942240078 ], [ 12.19219035322169, 10.333651212431732 ], [ 12.195075450182003, 10.332788656845651 ], [ 12.198139006263546, 10.332520967663754 ], [ 12.200304022734599, 10.333109366063582 ], [ 12.203606130978187, 10.332936492946089 ], [ 12.205667979379143, 10.332513579658723 ], [ 12.208349957201392, 10.333960487641832 ], [ 12.211983604670309, 10.335747835856296 ], [ 12.214579067433817, 10.337705396186323 ], [ 12.217520592432436, 10.338045839417646 ], [ 12.219337414666882, 10.340939598383841 ], [ 12.222451970783084, 10.342812015656023 ], [ 12.2222789396655, 10.345280186333071 ], [ 12.222192423606714, 10.349961144513543 ], [ 12.224481431161962, 10.350851599118585 ], [ 12.226345164428324, 10.350727113033997 ], [ 12.229200173368156, 10.354131395347054 ], [ 12.230151843014767, 10.356344157850515 ], [ 12.229459719544479, 10.359578168047847 ], [ 12.234712690113668, 10.363925294001547 ], [ 12.245569585490387, 10.368022268785239 ], [ 12.248142185238351, 10.367484234419692 ], [ 12.257152921360728, 10.35977755018331 ] ] ] ] } },
{ "type": "Feature", "properties": { "fid": 706.0, "OBJECTID": 706.0, "lganame": "Kwaya Kusar", "statecode": "BR", "LGA_UID": "08_18" }, "geometry": { "type": "MultiPolygon", "coordinates": [ [ [ [ 11.839042748274494, 10.664921225514092 ], [ 11.840733907423555, 10.664231540045535 ], [ 11.841971779264668, 10.664505392231604 ], [ 11.842919487908603, 10.663340218439885 ], [ 11.843042536992186, 10.661578655242977 ], [ 11.843185304089161, 10.659294371690919 ], [ 11.843399456234692, 10.65772392762392 ], [ 11.844470212962221, 10.656082099508353 ], [ 11.846326193223263, 10.656224867605374 ], [ 11.849110162114869, 10.656367634702349 ], [ 11.850609223133404, 10.655511029120362 ], [ 11.851679979860933, 10.654511656441287 ], [ 11.852893504685426, 10.655511029120362 ], [ 11.854321181655507, 10.65658178684788 ], [ 11.855748858625532, 10.657081474187351 ], [ 11.85791011609399, 10.656354982693756 ], [ 11.859323830054564, 10.655879773370884 ], [ 11.859889121438641, 10.654797190635293 ], [ 11.86108836925348, 10.653840647985362 ], [ 11.861944974835524, 10.653954862063017 ], [ 11.863696896025829, 10.654409798372114 ], [ 11.864203489370084, 10.654660201542242 ], [ 11.864971648891981, 10.655039895800201 ], [ 11.866044935621233, 10.654456390403766 ], [ 11.866945757233282, 10.653966648070991 ], [ 11.870072842358013, 10.652266568915877 ], [ 11.880048406135927, 10.623426671320544 ], [ 11.889420538503884, 10.608386879101715 ], [ 11.897466472970677, 10.599032694745972 ], [ 11.907285864642517, 10.590488820940777 ], [ 11.902090616112559, 10.580517569165806 ], [ 11.904387706673333, 10.576836624664793 ], [ 11.907934839083453, 10.576241306260272 ], [ 11.913644856963117, 10.576921669722537 ], [ 11.916499865903006, 10.574370295989013 ], [ 11.920306544489449, 10.575475893740247 ], [ 11.922642461076578, 10.574455342046804 ], [ 11.923115481397986, 10.572163876489867 ], [ 11.927314293250902, 10.571223570850975 ], [ 11.930774909602235, 10.569437577637473 ], [ 11.936740139655285, 10.572538935744717 ], [ 11.940551153244712, 10.573774971584498 ], [ 11.942108430302824, 10.575390847682456 ], [ 11.943492677243341, 10.576921669722537 ], [ 11.944098284654842, 10.579898246745017 ], [ 11.946347686183174, 10.580153380918375 ], [ 11.947472385947378, 10.578622574878239 ], [ 11.948770117829099, 10.581258958669537 ], [ 11.951365579592618, 10.58236453242074 ], [ 11.955085743120264, 10.58278975170964 ], [ 11.958955168749355, 10.583636451284917 ], [ 11.961648618579432, 10.583193603984057 ], [ 11.967779742745279, 10.583891581458261 ], [ 11.969967962232033, 10.581825767054681 ], [ 11.968176280014688, 10.570582538415408 ], [ 11.968541463262795, 10.569322627559359 ], [ 11.987693019275412, 10.554580830542989 ], [ 12.00290882261379, 10.540298448838826 ], [ 11.999353437198067, 10.534356835801759 ], [ 11.999591540359859, 10.525609138858101 ], [ 11.998971355938465, 10.523228883240847 ], [ 11.998392888545425, 10.505954466503681 ], [ 11.986200177261082, 10.496177074860384 ], [ 11.984447711070345, 10.490052865699283 ], [ 11.989544164533129, 10.482601443636383 ], [ 11.997795548139607, 10.479715531675538 ], [ 12.004083375411881, 10.479163155300228 ], [ 12.005995094710784, 10.479623661613118 ], [ 12.045520975566774, 10.467781764567121 ], [ 12.057363594613264, 10.472759329949156 ], [ 12.045215457359177, 10.435987357964336 ], [ 12.043575467244864, 10.432319830472409 ], [ 12.043532685215837, 10.431796228116639 ], [ 12.043237962015553, 10.431613901992762 ], [ 12.04319258798472, 10.431090932637403 ], [ 12.04294799281854, 10.430968746554413 ], [ 12.041959245146757, 10.422476429784297 ], [ 12.037490717110586, 10.408254064120854 ], [ 12.032166840493232, 10.397229526630213 ], [ 12.029524028697608, 10.391047446429752 ], [ 12.027337376211847, 10.387026374697655 ], [ 12.025875317218492, 10.382127348368954 ], [ 12.043127246940344, 10.375584941923705 ], [ 12.042794006713905, 10.374047306878936 ], [ 12.043079222907693, 10.372854953068838 ], [ 12.043186178980363, 10.371417109091851 ], [ 12.042437488471705, 10.369874049043403 ], [ 12.042187924302141, 10.368786888304783 ], [ 12.042330532399035, 10.367734793589932 ], [ 12.041366552744023, 10.366964923066803 ], [ 12.04136792874499, 10.36594622637466 ], [ 12.041260972672319, 10.36485905163596 ], [ 12.039086204194632, 10.363666662825779 ], [ 12.037909689395235, 10.362649622134768 ], [ 12.037125345862307, 10.361632577443743 ], [ 12.037125345862307, 10.360650599776534 ], [ 12.037838385346788, 10.360229752490568 ], [ 12.037909689395235, 10.359668620109346 ], [ 12.036804477644296, 10.359388053918678 ], [ 12.034864607326256, 10.359148533755956 ], [ 12.03193958333884, 10.357819169852689 ], [ 12.030159267129193, 10.356270514800485 ], [ 12.029800464885398, 10.358169879091008 ], [ 12.028160474771141, 10.358660872424593 ], [ 12.025878749220794, 10.355644762375277 ], [ 12.021706529385995, 10.352893316505799 ], [ 12.012117092870426, 10.34961245327662 ], [ 12.00919366088408, 10.34714610660086 ], [ 12.003631927105118, 10.350524320896227 ], [ 12.000851074215689, 10.354101624326802 ], [ 11.99714326969638, 10.355364192184652 ], [ 11.993132013970921, 10.355501321277814 ], [ 11.9879712394644, 10.353947364221995 ], [ 11.979369494619959, 10.351357282462175 ], [ 11.974040800999376, 10.349752741371958 ], [ 11.969263437753341, 10.347718564989805 ], [ 11.96405825221666, 10.347227554656229 ], [ 11.95735568366257, 10.345544086512348 ], [ 11.952364410271286, 10.343509884130242 ], [ 11.950653116108526, 10.344912784083419 ], [ 11.949639605419861, 10.346946408465158 ], [ 11.944378370845129, 10.343930755416181 ], [ 11.943203221046645, 10.34099642142246 ], [ 11.941240997713408, 10.33979216860422 ], [ 11.935683195937145, 10.338816052940956 ], [ 11.935655183918129, 10.338778889915716 ], [ 11.933985011783307, 10.338053981423172 ], [ 11.928620205138202, 10.336074409078151 ], [ 11.925981960345609, 10.334671470124931 ], [ 11.923415018601531, 10.332567048695068 ], [ 11.921284936154223, 10.332760519826536 ], [ 11.917995920919509, 10.332496900647413 ], [ 11.915571588272257, 10.330252170122208 ], [ 11.910936833123174, 10.326955190882074 ], [ 11.909724667299542, 10.328217867740022 ], [ 11.9075855488461, 10.328919353216634 ], [ 11.902736882551665, 10.328358164835322 ], [ 11.898743862838614, 10.327025339929719 ], [ 11.895749098803833, 10.323798476737238 ], [ 11.892294209456395, 10.322032809537575 ], [ 11.889759568734235, 10.319729775972746 ], [ 11.88740654013543, 10.318046159828839 ], [ 11.884182157944622, 10.318039102824002 ], [ 11.882486569792547, 10.316292384637222 ], [ 11.877566599449665, 10.314749053588571 ], [ 11.874500531366436, 10.313696777873588 ], [ 11.871006638992469, 10.310820540919337 ], [ 11.86843969824838, 10.310960846014666 ], [ 11.860596266919117, 10.310119016442684 ], [ 11.85986688742355, 10.308738370504614 ], [ 11.855588651516655, 10.306283008836317 ], [ 11.851809543948946, 10.306142701740953 ], [ 11.847602613090544, 10.305090398025982 ], [ 11.84368089842593, 10.30368732007264 ], [ 11.839759181761281, 10.304038090310996 ], [ 11.838606365978023, 10.30830019320689 ], [ 11.838346818801654, 10.311109107115442 ], [ 11.836814645760626, 10.314211162223103 ], [ 11.834502909189894, 10.314668107533578 ], [ 11.831598617216571, 10.311875169635925 ], [ 11.828311030982832, 10.310343041594933 ], [ 11.825023444749036, 10.311364461288917 ], [ 11.82199540469162, 10.314513817428747 ], [ 11.82190888863289, 10.317407792395102 ], [ 11.821102444084943, 10.319318768693506 ], [ 11.819053880693048, 10.320557087534894 ], [ 11.818510998324143, 10.321974270497776 ], [ 11.821173452133166, 10.323957850845545 ], [ 11.819535387020153, 10.329315838486025 ], [ 11.821882242614777, 10.331858761213823 ], [ 11.824198832188756, 10.334452125975872 ], [ 11.823799419917407, 10.336809710577768 ], [ 11.821642596451909, 10.339088694126247 ], [ 11.820284594529255, 10.342074921155245 ], [ 11.817328946521002, 10.34262501252897 ], [ 11.816530122978236, 10.345218288290994 ], [ 11.817089300358191, 10.349068869907285 ], [ 11.818447300280866, 10.353940967217625 ], [ 11.819885183257838, 10.355669757392263 ], [ 11.822920714320333, 10.355984081605868 ], [ 11.824917772677281, 10.356769892139766 ], [ 11.825556832111488, 10.361406130289879 ], [ 11.824358597297305, 10.364156408158578 ], [ 11.825956244382837, 10.366199456546724 ], [ 11.82699471508846, 10.367771022614534 ], [ 11.825956244382837, 10.370599822536576 ], [ 11.826036127437135, 10.374214363992451 ], [ 11.824678125514424, 10.37539300879331 ], [ 11.822042007723326, 10.375078703579732 ], [ 11.820524241692056, 10.372171367604324 ], [ 11.818766830497964, 10.372485675817927 ], [ 11.817009418303883, 10.376257346380555 ], [ 11.817808240846659, 10.378536041928839 ], [ 11.819752043167398, 10.380774914450058 ], [ 11.818926594606523, 10.383407681238907 ], [ 11.816610006032533, 10.386472060321012 ], [ 11.813334827807182, 10.388907825975991 ], [ 11.81133776945029, 10.390007843723424 ], [ 11.812038513926382, 10.39176023891406 ], [ 11.811657297667409, 10.394015018446112 ], [ 11.807822944062139, 10.396372155047629 ], [ 11.806145413922309, 10.399593547236407 ], [ 11.804467883782536, 10.402814906425192 ], [ 11.804947178108193, 10.406036231613939 ], [ 11.806065530868068, 10.408707550428971 ], [ 11.804867296053885, 10.411771680510924 ], [ 11.804787412999644, 10.4153857449665 ], [ 11.804467883782536, 10.416799931927358 ], [ 11.805746001650959, 10.419863983009236 ], [ 11.806944238465064, 10.421749538290385 ], [ 11.809340709093362, 10.425599177906008 ], [ 11.810059649581888, 10.428034638560803 ], [ 11.808687316649412, 10.430468221214312 ], [ 11.808416357465319, 10.432487384586238 ], [ 11.789609760687142, 10.437776294179798 ], [ 11.769407487960621, 10.445766105608527 ], [ 11.752214551278826, 10.461794390498994 ], [ 11.746296973258097, 10.473376477368447 ], [ 11.744874157291406, 10.475624662895996 ], [ 11.724821384666484, 10.464680841460165 ], [ 11.713115334712768, 10.533617021299108 ], [ 11.712095756020005, 10.541349511552937 ], [ 11.763309072817037, 10.531607093933417 ], [ 11.772091768784492, 10.530228599996803 ], [ 11.783703537674114, 10.528896102091437 ], [ 11.794189645798951, 10.526744242629377 ], [ 11.793575238381493, 10.529268682344593 ], [ 11.795143924447302, 10.530740847344873 ], [ 11.796116691108296, 10.531980597187214 ], [ 11.795543735718979, 10.533878693476879 ], [ 11.794687130136936, 10.53516360234994 ], [ 11.794044675700434, 10.536020207931927 ], [ 11.793659203438551, 10.536862537504248 ], [ 11.792916810934116, 10.538061786319076 ], [ 11.792060205352072, 10.539489462289112 ], [ 11.791603349041679, 10.540917139259193 ], [ 11.792474231633378, 10.542516137345615 ], [ 11.793830523554959, 10.543372742927659 ], [ 11.79561511976749, 10.544729035849173 ], [ 11.796400342301013, 10.54687055130421 ], [ 11.796114807107017, 10.549511752098795 ], [ 11.795115433427952, 10.551510499456867 ], [ 11.795686503816, 10.553652013911915 ], [ 11.795757887864511, 10.557078438240012 ], [ 11.794615746088482, 10.559933791180072 ], [ 11.793681485453646, 10.56149724224241 ], [ 11.792101345380047, 10.562914105205095 ], [ 11.791046554663353, 10.563859901847707 ], [ 11.790761020469347, 10.565573114011727 ], [ 11.791189322760374, 10.567143558078783 ], [ 11.791189322760374, 10.568999538339824 ], [ 11.790933622586635, 10.570739183521823 ], [ 11.79026133312982, 10.571497972037434 ], [ 11.790047180984345, 10.572069043425415 ], [ 11.791403473905859, 10.572283193570911 ], [ 11.791760393148365, 10.573282568249965 ], [ 11.79033271717833, 10.575138546511027 ], [ 11.788277527781929, 10.581153726598018 ], [ 11.786763524753212, 10.582348314409728 ], [ 11.787263212092739, 10.584061525573759 ], [ 11.787289508110632, 10.585226397365204 ], [ 11.786620756656248, 10.58584612178629 ], [ 11.786477989559216, 10.586916878513819 ], [ 11.786406605510706, 10.58877285877486 ], [ 11.7861210713167, 10.590129151696431 ], [ 11.786906292850233, 10.591342676520981 ], [ 11.787762899432266, 10.592413434248499 ], [ 11.788762272111285, 10.593555575024538 ], [ 11.79026133312982, 10.595197404140038 ], [ 11.792117312390872, 10.596196776819113 ], [ 11.793473605312442, 10.597481685692117 ], [ 11.794544363039961, 10.598980746710652 ], [ 11.794687130136936, 10.600693957874682 ], [ 11.794972666330978, 10.602692706232745 ], [ 11.796186191155471, 10.604405918396822 ], [ 11.797256947883, 10.605833594366857 ], [ 11.798684624853081, 10.608474796161431 ], [ 11.799469847386604, 10.609973856179977 ], [ 11.800112300823116, 10.612615057974551 ], [ 11.800826140308118, 10.615470410914611 ], [ 11.801896897035647, 10.61782607751519 ], [ 11.802766390626459, 10.619973247974087 ], [ 11.802111049181178, 10.621466652988772 ], [ 11.802967654763165, 10.622251874522306 ], [ 11.804680866927242, 10.622251874522306 ], [ 11.806322695042752, 10.622680177813322 ], [ 11.807393451770281, 10.624179238831857 ], [ 11.808392826449335, 10.626035218092909 ], [ 11.809459393173995, 10.626310527279941 ], [ 11.811176795340884, 10.625606914801892 ], [ 11.811533713583401, 10.626463521383926 ], [ 11.810248804710398, 10.628462267741952 ], [ 11.810391572807362, 10.630532399148535 ], [ 11.810819876098378, 10.632602530555062 ], [ 11.811533713583401, 10.63488681310713 ], [ 11.811533713583401, 10.637670782998725 ], [ 11.812033400922928, 10.640811671132838 ], [ 11.813461077892953, 10.643595640024387 ], [ 11.814674602717503, 10.645451620285428 ], [ 11.816102278687538, 10.647521750692022 ], [ 11.817886874900069, 10.647664518788986 ], [ 11.819528703015635, 10.647950053982981 ], [ 11.821241915179712, 10.648164206128513 ], [ 11.823097895440753, 10.649163578807531 ], [ 11.824720180543011, 10.649641350132185 ], [ 11.824720383543138, 10.649641410132176 ], [ 11.826167398526309, 10.650305719583571 ], [ 11.826096217477982, 10.652161589844525 ], [ 11.82662866183972, 10.653136893507224 ], [ 11.828879985369383, 10.653375224669162 ], [ 11.829950742096912, 10.654874285687697 ], [ 11.828323867991514, 10.656242084617077 ], [ 11.828323753991469, 10.656242238617153 ], [ 11.82759507649638, 10.657229952288276 ], [ 11.827095389156852, 10.658943164452296 ], [ 11.826410103691217, 10.660365130418484 ], [ 11.830539019496655, 10.660299884374126 ], [ 11.830539127496706, 10.660299882374147 ], [ 11.834904780462978, 10.661007583854996 ], [ 11.837403214160531, 10.66236387677651 ], [ 11.838688123033592, 10.663720169698081 ], [ 11.839042748274494, 10.664921225514092 ] ] ] ] } },
{ "type": "Feature", "properties": { "fid": 708.0, "OBJECTID": 708.0, "lganame": "Kaga", "statecode": "BR", "LGA_UID": "08_14" }, "geometry": { "type": "MultiPolygon", "coordinates": [ [ [ [ 12.697145693315122, 11.998944187920017 ], [ 12.710689391517462, 11.96515022495862 ], [ 12.696567876922529, 11.935982277140397 ], [ 12.681164840456915, 11.916694377035128 ], [ 12.702025182630507, 11.869312008841064 ], [ 12.703096361358348, 11.806732085320959 ], [ 12.704675823431501, 11.78934910751002 ], [ 12.705886171253894, 11.775943944401831 ], [ 12.744722657641432, 11.652132504277802 ], [ 12.744730620646862, 11.652024090204122 ], [ 12.74393594210693, 11.649596128554435 ], [ 12.740351302671343, 11.603571952283176 ], [ 12.743243532636427, 11.567404580709137 ], [ 12.73116635443057, 11.532034693676962 ], [ 12.734423296643513, 11.513810686294619 ], [ 12.734545768726719, 11.507595654071793 ], [ 12.829252613075596, 11.357616035167666 ], [ 12.806103481346838, 11.306901896709803 ], [ 12.750569274613952, 11.301126673785802 ], [ 12.634873030003803, 11.212406248504465 ], [ 12.634872863003693, 11.212406120504397 ], [ 12.586702818274375, 11.216517353297775 ], [ 12.579051377075587, 11.217170388741465 ], [ 12.560274678317739, 11.202715389920002 ], [ 12.540309580752364, 11.200383871335816 ], [ 12.510862373744374, 11.234263820355636 ], [ 12.467268554124416, 11.266432999213123 ], [ 12.490392423835999, 11.3248569139094 ], [ 12.440747201104386, 11.389787970026987 ], [ 12.427087216823111, 11.383965818071147 ], [ 12.386709058388021, 11.384573941484348 ], [ 12.339767312493336, 11.372049741974706 ], [ 12.248463190456448, 11.34023440235768 ], [ 12.220626713542913, 11.358808000977547 ], [ 12.227621656295639, 11.3779350259735 ], [ 12.230496482248952, 11.381802464601208 ], [ 12.232698588745166, 11.3844832884227 ], [ 12.232762432788547, 11.384561463475848 ], [ 12.232778324799312, 11.384581062489133 ], [ 12.232841614842357, 11.384659674542547 ], [ 12.232857369853036, 11.384679384555966 ], [ 12.232873094863749, 11.384699114569344 ], [ 12.232920104895641, 11.384758434609694 ], [ 12.232935718906276, 11.384778251623118 ], [ 12.232966858927455, 11.384817944650081 ], [ 12.23299788694851, 11.384857723677158 ], [ 12.233074960000863, 11.38495753974496 ], [ 12.233105590021694, 11.384997612772167 ], [ 12.233136106042423, 11.385037769799453 ], [ 12.233151321052787, 11.385057878813143 ], [ 12.233181666073392, 11.385098160840528 ], [ 12.233196795083643, 11.385118332854233 ], [ 12.233226967104144, 11.385158737881682 ], [ 12.233286959144948, 11.385239784936743 ], [ 12.233301886155061, 11.385260098950539 ], [ 12.233331654175288, 11.385300790978192 ], [ 12.233434942245481, 11.385443864075398 ], [ 12.233464187265326, 11.385484919103305 ], [ 12.233478767275244, 11.38550547611726 ], [ 12.233522329304833, 11.385567268159264 ], [ 12.233594338353782, 11.385670638229499 ], [ 12.233651422392541, 11.385753696285917 ], [ 12.233708038431018, 11.385837074342533 ], [ 12.235255889482744, 11.388130186900639 ], [ 12.239447757330879, 11.39202788854891 ], [ 12.239466211343426, 11.39204507356061 ], [ 12.23948464235599, 11.392062284572319 ], [ 12.239503048368476, 11.392079520583991 ], [ 12.239521430380933, 11.392096782595729 ], [ 12.239558122405867, 11.392131383619244 ], [ 12.239612977443187, 11.392183477654669 ], [ 12.239703915504947, 11.392270811713956 ], [ 12.239758184541813, 11.392323516749798 ], [ 12.239776220554063, 11.392341130761736 ], [ 12.239812216578514, 11.392376433785728 ], [ 12.239830176590715, 11.392394121797793 ], [ 12.239866021615114, 11.392429573821858 ], [ 12.239901763639352, 11.392465121845987 ], [ 12.239919597651522, 11.392482932858115 ], [ 12.239937405663568, 11.392500769870253 ], [ 12.239955189675698, 11.392518630882364 ], [ 12.239972946687715, 11.392536515894506 ], [ 12.240166578819299, 11.39273484702926 ], [ 12.240201448842981, 11.392771220053987 ], [ 12.240236214866627, 11.392807689078779 ], [ 12.240270875890189, 11.39284425310359 ], [ 12.240305432913658, 11.392880912128533 ], [ 12.240391365972016, 11.392972974191082 ], [ 12.240425554995284, 11.393009963216173 ], [ 12.240476640029954, 11.393065623254017 ], [ 12.240510564053011, 11.393102846279305 ], [ 12.240611695121743, 11.393215072355588 ], [ 12.244811695975443, 11.397915068548969 ], [ 12.245298608306257, 11.398483307935066 ], [ 12.246089311843548, 11.399445905589118 ], [ 12.252602271268756, 11.403328516227191 ], [ 12.255571978286525, 11.405477300687153 ], [ 12.255572002286556, 11.405477320687169 ], [ 12.259335563843706, 11.410140155855345 ], [ 12.260798402837679, 11.411952509086746 ], [ 12.263120125415185, 11.414102248547408 ], [ 12.263350666571796, 11.414319515695013 ], [ 12.26740219632461, 11.418205676335504 ], [ 12.269855001991175, 11.42000921156091 ], [ 12.270305782297498, 11.420351746793642 ], [ 12.281095658628715, 11.428550536364355 ], [ 12.293751170227495, 11.437835306672923 ], [ 12.303174002629873, 11.444528878220865 ], [ 12.311889474551663, 11.44746708021728 ], [ 12.311890874552603, 11.447467552217574 ], [ 12.322065597465837, 11.45089768654816 ], [ 12.321929751373546, 11.460235307892674 ], [ 12.322129562509303, 11.460463430047639 ], [ 12.326205840278931, 11.465178315251194 ], [ 12.326206150279177, 11.465178671251465 ], [ 12.334143069671939, 11.474787590780238 ], [ 12.346520814081998, 11.498998654230547 ], [ 12.350685497911741, 11.505044574338456 ], [ 12.373544407443262, 11.549756496718089 ], [ 12.36255630097736, 11.563680456178759 ], [ 12.362555856977053, 11.563681067179175 ], [ 12.348556922465434, 11.58295241927317 ], [ 12.348465619403441, 11.583078106358585 ], [ 12.329906408793306, 11.593625202524834 ], [ 12.32334644833611, 11.598188642625473 ], [ 12.313554042682654, 11.605638997687663 ], [ 12.299958763445261, 11.608619083712483 ], [ 12.30075484298618, 11.616162575837905 ], [ 12.30111364922999, 11.644909419370038 ], [ 12.291369859609517, 11.663127081748087 ], [ 12.282671916699712, 11.680417843496343 ], [ 12.274844400381255, 11.694021493739399 ], [ 12.241261706563421, 11.652309516398077 ], [ 12.223719518644316, 11.632855024179662 ], [ 12.192381452351583, 11.645032348453583 ], [ 12.170034682167966, 11.666088513760258 ], [ 12.188115362452947, 11.676599340901873 ], [ 12.208435044259204, 11.688411289927501 ], [ 12.208492548298295, 11.688635357079761 ], [ 12.210573017711852, 11.694269964908187 ], [ 12.210656220768385, 11.694500111064599 ], [ 12.211934289636815, 11.698112066518718 ], [ 12.213632588790688, 11.703449811145504 ], [ 12.216100142467269, 11.715705316472508 ], [ 12.215646271158903, 11.724763005626812 ], [ 12.216770970923108, 11.733742149727732 ], [ 12.219539464804143, 11.743737456519057 ], [ 12.221269772979838, 11.756019329863989 ], [ 12.229683100696263, 11.758179089331463 ], [ 12.245021915118286, 11.762266084108376 ], [ 12.258308037145582, 11.778337076027867 ], [ 12.268681279193686, 11.807152470606582 ], [ 12.269758130925368, 11.81199819489899 ], [ 12.269826271971681, 11.812318578116674 ], [ 12.269888567013993, 11.812640148335163 ], [ 12.269944997052335, 11.812962798554395 ], [ 12.269995541086701, 11.813286424774276 ], [ 12.270040184117022, 11.813610916994776 ], [ 12.270078910143354, 11.813936169215765 ], [ 12.270111707165597, 11.814262071437213 ], [ 12.270138564183867, 11.814588516659001 ], [ 12.270159472198088, 11.814915397881123 ], [ 12.270174423208232, 11.815242606103425 ], [ 12.27018341421433, 11.815570031325933 ], [ 12.270383414350249, 11.826470028731933 ], [ 12.270386434352304, 11.826816125967127 ], [ 12.270382793349825, 11.827162217202272 ], [ 12.27037249434278, 11.827508174437298 ], [ 12.270355540331309, 11.827853867672218 ], [ 12.270331937315234, 11.828199171906817 ], [ 12.270301695294677, 11.828543959141086 ], [ 12.270264823269656, 11.828888099374922 ], [ 12.269786627944711, 11.832979316154706 ], [ 12.269364821658144, 11.836588098606683 ], [ 12.269332733636361, 11.836846407782218 ], [ 12.268332735956903, 11.84444640594603 ], [ 12.268268122912957, 11.844893905250103 ], [ 12.268147366830931, 11.845575991713531 ], [ 12.267930228683383, 11.846678398462586 ], [ 12.265831677257552, 11.86216358298401 ], [ 12.264334566240336, 11.873210213489699 ], [ 12.264047213045103, 11.885988331171859 ], [ 12.263827878896052, 11.895741333798526 ], [ 12.262923730281727, 11.935941996113002 ], [ 12.266267856553895, 11.980474732370908 ], [ 12.266267900553942, 11.980474708370878 ], [ 12.314074196036074, 11.961403540412903 ], [ 12.322690085890144, 11.959078338833081 ], [ 12.350061116487495, 11.954163985494006 ], [ 12.390582881020123, 11.94892010893102 ], [ 12.457765615667654, 11.918569326309068 ], [ 12.460571007573776, 11.914348001440885 ], [ 12.491273528434704, 11.922176974760305 ], [ 12.564341731081072, 11.992111339277415 ], [ 12.585920384742792, 11.990757480357559 ], [ 12.602260865845381, 11.990466863160066 ], [ 12.697145693315122, 11.998944187920017 ] ] ] ] } },
{ "type": "Feature", "properties": { "fid": 709.0, "OBJECTID": 709.0, "lganame": "Maiduguri", "statecode": "BR", "LGA_UID": "08_21" }, "geometry": { "type": "MultiPolygon", "coordinates": [ [ [ [ 13.111329801733802, 11.886544204549523 ], [ 13.113088631928804, 11.884567240206252 ], [ 13.118223709417862, 11.887247682027521 ], [ 13.121860208888677, 11.888852498117899 ], [ 13.137618374595604, 11.896248482143108 ], [ 13.150070681056377, 11.902679674512797 ], [ 13.15404762675854, 11.898611855748925 ], [ 13.157888293368103, 11.88565380794455 ], [ 13.161903436096168, 11.876788666921072 ], [ 13.164030853541647, 11.869394368897019 ], [ 13.164886316122931, 11.867566254654889 ], [ 13.164636752953356, 11.866240434754047 ], [ 13.163816758396194, 11.864914607853223 ], [ 13.165101989269431, 11.862768972395372 ], [ 13.165529811560134, 11.862392154139343 ], [ 13.166813283432191, 11.861708297674681 ], [ 13.168453272546515, 11.86116400330485 ], [ 13.171376732532849, 11.860089365574709 ], [ 13.173116548714972, 11.859405504110043 ], [ 13.175056016032727, 11.858833291721282 ], [ 13.17561218641066, 11.858903073768658 ], [ 13.177024004369912, 11.859517155185927 ], [ 13.178293214232269, 11.859768370356619 ], [ 13.178735297532626, 11.859796283375545 ], [ 13.179462598026817, 11.858191296285042 ], [ 13.180147115491877, 11.856895669404764 ], [ 13.179217870860555, 11.856731161292942 ], [ 13.178768572555271, 11.856360669041237 ], [ 13.178390033298058, 11.855427910407457 ], [ 13.17803176605463, 11.855151100219359 ], [ 13.177451826660558, 11.855023164132433 ], [ 13.176971470334195, 11.854430396729697 ], [ 13.17655815205336, 11.853778697286884 ], [ 13.175190547124146, 11.852354218319022 ], [ 13.172195783089364, 11.849469809359221 ], [ 13.173336645864538, 11.848702178837641 ], [ 13.173431716929088, 11.848213685505755 ], [ 13.17385954121977, 11.845329232545907 ], [ 13.174501275655814, 11.843003038965321 ], [ 13.175498583333422, 11.838401775839031 ], [ 13.175998657673233, 11.836303489413297 ], [ 13.176497786012362, 11.834163320959192 ], [ 13.176556883052513, 11.833930092800699 ], [ 13.177234592513003, 11.831255456983399 ], [ 13.177459279665641, 11.829671820907436 ], [ 13.179085008770244, 11.8234744406966 ], [ 13.179746920219998, 11.820177090456184 ], [ 13.180873988985809, 11.814562438641303 ], [ 13.181675936530667, 11.810390037806371 ], [ 13.182125351836021, 11.809162690972414 ], [ 13.182626157176287, 11.808217921330481 ], [ 13.183570416817872, 11.806985817493342 ], [ 13.184059060149877, 11.806500265163436 ], [ 13.182937322387716, 11.805681784607316 ], [ 13.181826252632789, 11.804866640053433 ], [ 13.180755421905246, 11.804467337782171 ], [ 13.180073056441586, 11.807854380083484 ], [ 13.179486892043315, 11.808516380533263 ], [ 13.178758911548698, 11.809038934888349 ], [ 13.177717874841335, 11.809792717400512 ], [ 13.176691099143682, 11.810378990798824 ], [ 13.17579266853329, 11.810700045016972 ], [ 13.174994064990642, 11.81102109923512 ], [ 13.174437894612765, 11.810993181216134 ], [ 13.173667813089537, 11.810714004026465 ], [ 13.172240864119999, 11.809691548331728 ], [ 13.171400347548911, 11.809541457229784 ], [ 13.170872699190397, 11.809499580201305 ], [ 13.16996344857256, 11.809618899282384 ], [ 13.169190568047441, 11.81024947871083 ], [ 13.166755216392744, 11.808439895481342 ], [ 13.165590584601432, 11.806811341374782 ], [ 13.164616097939302, 11.806276243011212 ], [ 13.163047411873436, 11.805252574315659 ], [ 13.164174941639544, 11.803218848933852 ], [ 13.164830010084643, 11.80203729813104 ], [ 13.162738427663498, 11.801162512536678 ], [ 13.161367528732058, 11.800646844186303 ], [ 13.160512801151299, 11.799937141704106 ], [ 13.159125696208832, 11.799692123537625 ], [ 13.158136948537049, 11.799059295107611 ], [ 13.157357359007335, 11.798891781993802 ], [ 13.156520727438874, 11.798519528740883 ], [ 13.156178468206349, 11.797700571184464 ], [ 13.154961548379504, 11.797719184197092 ], [ 13.154467174043589, 11.797663345159151 ], [ 13.153516455397607, 11.79753305607062 ], [ 13.153126660132784, 11.798023966404173 ], [ 13.151712466171887, 11.798012334396276 ], [ 13.148907845266308, 11.798012334396276 ], [ 13.148675079108159, 11.797997159385943 ], [ 13.147771349494121, 11.797938241345946 ], [ 13.146402700564181, 11.797914617329866 ], [ 13.144940969570996, 11.797795961249278 ], [ 13.144413321212483, 11.797509790054846 ], [ 13.143871411844259, 11.797251538879379 ], [ 13.143251067422796, 11.796986306699125 ], [ 13.14287315716598, 11.796944427670667 ], [ 13.142246845740431, 11.796964713684474 ], [ 13.142163682683929, 11.795953296997254 ], [ 13.142116146651631, 11.795505424692976 ], [ 13.141753685405376, 11.795511241696886 ], [ 13.140672241670586, 11.795470525669259 ], [ 13.140006739218393, 11.795435626645542 ], [ 13.139971087194169, 11.794510799017132 ], [ 13.139864131121499, 11.79421415481562 ], [ 13.139228337689531, 11.794342118902534 ], [ 13.138747037362521, 11.792533167673469 ], [ 13.13754081154292, 11.792632049740632 ], [ 13.136619802917153, 11.792672765768316 ], [ 13.135367575066311, 11.792972900972245 ], [ 13.134901903749892, 11.791621797054233 ], [ 13.134290066334188, 11.789846591848061 ], [ 13.134147459237283, 11.789134635364292 ], [ 13.131523474454411, 11.790265390132618 ], [ 13.129083269796411, 11.791837354200652 ], [ 13.127463904696128, 11.792880533909454 ], [ 13.127022576396257, 11.791913695252561 ], [ 13.126639948136301, 11.791075451683014 ], [ 13.125879372619522, 11.789539861639639 ], [ 13.125071262070435, 11.788423062880838 ], [ 13.124025471359914, 11.787678529374944 ], [ 13.121806020851864, 11.787763684432775 ], [ 13.121534161667171, 11.785696021027945 ], [ 13.120638535058617, 11.782436482813239 ], [ 13.118871130857769, 11.77875102130912 ], [ 13.118461276579296, 11.778034676822415 ], [ 13.116027547925682, 11.773780954932192 ], [ 13.113698287343027, 11.769592698086456 ], [ 13.108200754607708, 11.759598795296085 ], [ 13.106167469226193, 11.756924976479354 ], [ 13.103589768474762, 11.753502219153745 ], [ 13.101141666811429, 11.755805902718976 ], [ 13.093022498294829, 11.769513734032842 ], [ 13.087674704661254, 11.775563419143282 ], [ 13.082259540981909, 11.780512804506145 ], [ 13.076242028893262, 11.787164025025334 ], [ 13.08045551775615, 11.790377307208644 ], [ 13.101868405305197, 11.807170851619048 ], [ 13.101609771129461, 11.810803841087477 ], [ 13.101581249110097, 11.81268130236316 ], [ 13.100771482559878, 11.812126874986461 ], [ 13.100603058445472, 11.812003612902686 ], [ 13.100329726259758, 11.811817495776211 ], [ 13.099890018960991, 11.811579031614201 ], [ 13.099414658638011, 11.811305672428489 ], [ 13.099198058490799, 11.811628570647883 ], [ 13.098779005206097, 11.812967456557601 ], [ 13.098522311031672, 11.813532785941675 ], [ 13.098487220007826, 11.813727230073823 ], [ 13.09760354040742, 11.813477425904068 ], [ 13.097342092229781, 11.814064855303229 ], [ 13.097199484132886, 11.814512696607494 ], [ 13.097193542128878, 11.814914007880191 ], [ 13.097241078161176, 11.815204813077742 ], [ 13.097247020165184, 11.815984169607304 ], [ 13.097322143216218, 11.816053157654153 ], [ 13.097181658120803, 11.817156108403594 ], [ 13.096989276990087, 11.818788195512525 ], [ 13.09639129758375, 11.818699089451968 ], [ 13.096216011464662, 11.820978692000836 ], [ 13.096098952385148, 11.821874620609606 ], [ 13.094543954328572, 11.823543666743603 ], [ 13.094362227205124, 11.82427816124266 ], [ 13.09421182310291, 11.824465479369962 ], [ 13.094054953996306, 11.82481443260707 ], [ 13.09396182993305, 11.82502872875267 ], [ 13.092917656223563, 11.827431574385287 ], [ 13.092538546966011, 11.828239126933966 ], [ 13.092685570065896, 11.828308162980875 ], [ 13.09322469743222, 11.828561314152864 ], [ 13.092863632186891, 11.829194726583239 ], [ 13.091836856489238, 11.831846721385148 ], [ 13.091675029379303, 11.83228547468326 ], [ 13.091695350393081, 11.833172390285881 ], [ 13.091778509449568, 11.833885436770345 ], [ 13.091937361557541, 11.835007130532517 ], [ 13.092501170940579, 11.834956965498407 ], [ 13.096137670411451, 11.834642918285056 ], [ 13.096294556518046, 11.834638521282045 ], [ 13.096695992790785, 11.837782488418213 ], [ 13.096810206868383, 11.840295198125489 ], [ 13.097381278256421, 11.842465266599959 ], [ 13.098466311993661, 11.844464013958032 ], [ 13.100179524157681, 11.847148045781694 ], [ 13.102806448942545, 11.849318115256153 ], [ 13.105090732494602, 11.852116361157414 ], [ 13.107053084827953, 11.853859517341789 ], [ 13.104668485207696, 11.855509043462575 ], [ 13.077168363522674, 11.87378017387698 ], [ 13.080397982717045, 11.907619238869017 ], [ 13.0864667818405, 11.913431440818158 ], [ 13.091980759586988, 11.912003804848098 ], [ 13.098138577770953, 11.902615233469021 ], [ 13.102416812677802, 11.896661388423695 ], [ 13.106338528342462, 11.891498182915541 ], [ 13.111329801733802, 11.886544204549523 ] ] ] ] } },
{ "type": "Feature", "properties": { "fid": 711.0, "OBJECTID": 711.0, "lganame": "Konduga", "statecode": "BR", "LGA_UID": "08_16" }, "geometry": { "type": "MultiPolygon", "coordinates": [ [ [ [ 13.002444073751064, 11.848400435632641 ], [ 13.001797797311951, 11.839928354876236 ], [ 13.025121551159316, 11.840545296295431 ], [ 13.046370117596723, 11.867760769787083 ], [ 13.04918250150763, 11.875346722941345 ], [ 13.077168363522674, 11.87378017387698 ], [ 13.104668485207696, 11.855509043462575 ], [ 13.107053084827953, 11.853859517341789 ], [ 13.105090732494602, 11.852116361157414 ], [ 13.102806448942545, 11.849318115256153 ], [ 13.100179524157681, 11.847148045781694 ], [ 13.098466311993661, 11.844464013958032 ], [ 13.097381278256421, 11.842465266599959 ], [ 13.096810206868383, 11.840295198125489 ], [ 13.096695992790785, 11.837782488418213 ], [ 13.096294556518046, 11.834638521282045 ], [ 13.096137670411451, 11.834642918285056 ], [ 13.092501170940579, 11.834956965498407 ], [ 13.091937361557541, 11.835007130532517 ], [ 13.090621263663309, 11.835202021664941 ], [ 13.090596166646264, 11.835210527670711 ], [ 13.090348716478104, 11.835242381692353 ], [ 13.087795790743542, 11.835571006915643 ], [ 13.085597253249716, 11.836152573310756 ], [ 13.082745097311829, 11.836501511547851 ], [ 13.080903079060249, 11.837199389022032 ], [ 13.080095397511457, 11.837518955239148 ], [ 13.08095160309324, 11.841986670274764 ], [ 13.077814230961508, 11.842091350345925 ], [ 13.07424903453915, 11.842300709488143 ], [ 13.07338352095104, 11.840660154373495 ], [ 13.072878141607703, 11.836778336735961 ], [ 13.072554898388034, 11.834749833357705 ], [ 13.072345739245918, 11.83288880809323 ], [ 13.072079538065054, 11.831455809119575 ], [ 13.071680235793735, 11.829315602665361 ], [ 13.07133797656121, 11.826356507654793 ], [ 13.070995719328664, 11.824923474681157 ], [ 13.070748532160735, 11.823155437479841 ], [ 13.070311200863557, 11.820922110962385 ], [ 13.07010204272143, 11.819619328077238 ], [ 13.069550626346768, 11.815934280573401 ], [ 13.05540984473879, 11.810204926680569 ], [ 13.046354247585953, 11.806575590214607 ], [ 13.03926919877199, 11.803730658281609 ], [ 13.041570179335395, 11.796114261106652 ], [ 13.046211640489048, 11.780750073667377 ], [ 13.050682577526857, 11.766397189915267 ], [ 13.063118990976818, 11.744500107037254 ], [ 13.071461549645164, 11.735424504870764 ], [ 13.073038910716889, 11.733178860344992 ], [ 13.075415708331832, 11.728338378056094 ], [ 13.075891067654823, 11.726476630791126 ], [ 13.075130493138033, 11.724521784462922 ], [ 13.075605852461024, 11.722101476818409 ], [ 13.078610916502839, 11.714758143828988 ], [ 13.080222822598046, 11.717995590028636 ], [ 13.08301278449369, 11.722997428427163 ], [ 13.085294510044037, 11.727744915652863 ], [ 13.087433627497433, 11.73172436635673 ], [ 13.092256578774425, 11.740228562134917 ], [ 13.104347666989725, 11.734818368458946 ], [ 13.120076990677092, 11.726149397568804 ], [ 13.122571202371773, 11.725381889047299 ], [ 13.149737043829703, 11.769597012089378 ], [ 13.158916787066914, 11.765912634586016 ], [ 13.158985137113348, 11.765885201567414 ], [ 13.168226880392638, 11.760407050845231 ], [ 13.189003644509512, 11.748091380477319 ], [ 13.193117456304662, 11.746994991732379 ], [ 13.195155815689589, 11.742771881863007 ], [ 13.199580354695854, 11.737377044197444 ], [ 13.202078627393348, 11.731557182243137 ], [ 13.209320405313804, 11.725803773333951 ], [ 13.209352455335534, 11.725734727287033 ], [ 13.213603087223646, 11.723255255602339 ], [ 13.222145046027549, 11.719954784359857 ], [ 13.223505352951804, 11.719067951757268 ], [ 13.23028490155815, 11.712086659013835 ], [ 13.232129363811396, 11.711356730517878 ], [ 13.244242358041618, 11.70764780799783 ], [ 13.248918223218652, 11.70944678322013 ], [ 13.255414408632475, 11.708790942774556 ], [ 13.261274143613889, 11.706576216269752 ], [ 13.26944310216436, 11.699839534692501 ], [ 13.286865770002237, 11.689062973370312 ], [ 13.313775411286031, 11.681708660373374 ], [ 13.321548793567729, 11.697794562302988 ], [ 13.304404786919179, 11.709424480204973 ], [ 13.303567009349933, 11.709992799591134 ], [ 13.293266848351436, 11.716246468840211 ], [ 13.293091282232183, 11.716353062912617 ], [ 13.290163028242546, 11.718729675527413 ], [ 13.28956816283835, 11.719354283951816 ], [ 13.288824581333131, 11.720187094517712 ], [ 13.287478890418811, 11.720275943578031 ], [ 13.2861588855219, 11.720181646513993 ], [ 13.284723947546922, 11.719689192179374 ], [ 13.283143618473161, 11.718610703446586 ], [ 13.282400036967942, 11.718670189487 ], [ 13.281919669641582, 11.719051656746217 ], [ 13.281388766280827, 11.719473257032689 ], [ 13.280793900876688, 11.720276324578322 ], [ 13.280250833507694, 11.721211958214042 ], [ 13.279855096238805, 11.721893762677269 ], [ 13.278510266325043, 11.72330327963499 ], [ 13.274594044664127, 11.727053358183014 ], [ 13.274309869471097, 11.727325478367902 ], [ 13.272835959469603, 11.728668194280203 ], [ 13.272835905469606, 11.728668244280243 ], [ 13.272006996906384, 11.729423369793324 ], [ 13.271096029287435, 11.729992725180125 ], [ 13.270586411941167, 11.730572890574365 ], [ 13.270112111618914, 11.731315032078612 ], [ 13.269853585443229, 11.731719550353432 ], [ 13.269805996410923, 11.732516668895073 ], [ 13.269863704450131, 11.733144245321455 ], [ 13.269901174475592, 11.733551734598336 ], [ 13.269871459455373, 11.733947936867537 ], [ 13.269829790427082, 11.734503519245038 ], [ 13.269726324356782, 11.735373508836119 ], [ 13.26943717916032, 11.736966260918337 ], [ 13.26894938982889, 11.737501640282119 ], [ 13.268227707338554, 11.737789955477979 ], [ 13.267385709766415, 11.737967669598731 ], [ 13.26683167038999, 11.738084607678218 ], [ 13.266406901101391, 11.738229781776852 ], [ 13.26505897118551, 11.738786549155122 ], [ 13.264226159619682, 11.739357619543171 ], [ 13.263774062312507, 11.739976278963525 ], [ 13.263619397207378, 11.74051165832725 ], [ 13.263647951226801, 11.741246911826863 ], [ 13.26350518312978, 11.742074964389474 ], [ 13.263148263887274, 11.742817355893862 ], [ 13.262548640479849, 11.743359873262477 ], [ 13.261692033897873, 11.743788175553505 ], [ 13.260592723150921, 11.743959496669902 ], [ 13.25943630536517, 11.743745345524417 ], [ 13.258108565463033, 11.743274212204312 ], [ 13.257351896948933, 11.743174275136369 ], [ 13.256140104125564, 11.743332643244003 ], [ 13.255829463914495, 11.743386414280508 ], [ 13.254910570290178, 11.743545471388586 ], [ 13.254054182708273, 11.744279517887378 ], [ 13.253811258543237, 11.744487738028852 ], [ 13.253111697067936, 11.744916041319868 ], [ 13.251501135973626, 11.745479938702999 ], [ 13.250476276277254, 11.74594220301708 ], [ 13.249985085943536, 11.746229503212305 ], [ 13.249809261824055, 11.746526206413876 ], [ 13.249528228633096, 11.74700044773607 ], [ 13.24923972843709, 11.747815775290064 ], [ 13.249199863410013, 11.747928438366614 ], [ 13.24905391531081, 11.748566578800194 ], [ 13.248838185164232, 11.749665444546849 ], [ 13.248038685621054, 11.75135962069794 ], [ 13.247334366142468, 11.751892620060119 ], [ 13.246439688534622, 11.752235263292903 ], [ 13.245316383771353, 11.752175230252135 ], [ 13.24436479912481, 11.75244465543517 ], [ 13.243641442633304, 11.752996689810288 ], [ 13.243013265206514, 11.754024616508673 ], [ 13.242935658153783, 11.75408278254821 ], [ 13.242074815568856, 11.75472797898658 ], [ 13.240767053680315, 11.755204830310618 ], [ 13.238863485386901, 11.755338080401145 ], [ 13.237778450649671, 11.756251793021931 ], [ 13.237245451287549, 11.7563469710866 ], [ 13.23652556279842, 11.756170671966856 ], [ 13.236312702653777, 11.756118542931404 ], [ 13.23593292439574, 11.755987584842444 ], [ 13.235760668278715, 11.755928185802077 ], [ 13.235664442213306, 11.755904640786071 ], [ 13.233971313062909, 11.755490364504624 ], [ 13.232943386364468, 11.755661685621021 ], [ 13.232315207937688, 11.756385043112516 ], [ 13.231248135212638, 11.757431749823695 ], [ 13.230782880896527, 11.757996156207184 ], [ 13.230259353540816, 11.758631253638669 ], [ 13.230165269476913, 11.758783823742363 ], [ 13.22955503306224, 11.759773395414697 ], [ 13.229535998049357, 11.760249286738087 ], [ 13.229688283152825, 11.76074421507434 ], [ 13.22972421017721, 11.761274140434409 ], [ 13.229758459200468, 11.76191451186952 ], [ 13.2293974849552, 11.764769274809169 ], [ 13.228831676570792, 11.766987921316627 ], [ 13.228146392105145, 11.767692240795213 ], [ 13.22715653743262, 11.767958740976269 ], [ 13.224015648298518, 11.767083099381296 ], [ 13.222131115018044, 11.767273455510633 ], [ 13.2203139997834, 11.767716035811361 ], [ 13.218178293332301, 11.769246721851403 ], [ 13.228933299639834, 11.783672688653155 ], [ 13.233397456673003, 11.790146713051968 ], [ 13.238559329180248, 11.79763258013827 ], [ 13.247395586184098, 11.81107870427428 ], [ 13.251795792173823, 11.80770778098389 ], [ 13.255538279716632, 11.805817034699203 ], [ 13.258427056679466, 11.804357593707607 ], [ 13.26413136855524, 11.802263707284908 ], [ 13.271740148725087, 11.798204280526704 ], [ 13.277554345675526, 11.783624353620326 ], [ 13.291502820152857, 11.766472106966148 ], [ 13.294569219236337, 11.762701398404147 ], [ 13.30304679899649, 11.754814130045133 ], [ 13.310867794310468, 11.747537728101179 ], [ 13.324006672237715, 11.738140456716167 ], [ 13.335569370094049, 11.725606147199699 ], [ 13.393427124405662, 11.737179505063239 ], [ 13.4209074240772, 11.759575672280391 ], [ 13.441062663771731, 11.775956642410449 ], [ 13.473006820476314, 11.787497195251717 ], [ 13.505485514544034, 11.79735756295139 ], [ 13.55069489426171, 11.772761598239583 ], [ 13.553746852335394, 11.77110346211299 ], [ 13.563189334751087, 11.741468553977427 ], [ 13.585499130909568, 11.650679786290709 ], [ 13.663110350642739, 11.615911507667306 ], [ 13.661423572496631, 11.615307280256786 ], [ 13.659968460507969, 11.613281828880588 ], [ 13.658972857831486, 11.611181345453417 ], [ 13.656981654478557, 11.609756007484975 ], [ 13.656598730218377, 11.608780771822296 ], [ 13.656598730218377, 11.607505459955803 ], [ 13.657364577738747, 11.606305160140266 ], [ 13.657441161790757, 11.604579720967934 ], [ 13.657211407634691, 11.603379409152353 ], [ 13.656445560114321, 11.601578930929008 ], [ 13.656062635854141, 11.600003502858556 ], [ 13.655986050802085, 11.598578108890081 ], [ 13.655986050802085, 11.597152706921577 ], [ 13.655832881698018, 11.59572729795309 ], [ 13.656368975062264, 11.594676992239442 ], [ 13.658360180415229, 11.593101525169004 ], [ 13.659202612987599, 11.592051209455349 ], [ 13.660198214664092, 11.590850842639782 ], [ 13.660581138924272, 11.5896504718242 ], [ 13.660504553872215, 11.586874594938081 ], [ 13.659968460507969, 11.584923960612741 ], [ 13.658896273779476, 11.582823264185436 ], [ 13.658207010311116, 11.580722550758082 ], [ 13.65797725615505, 11.578996952585612 ], [ 13.658360180415229, 11.576896211158271 ], [ 13.658896273779476, 11.574945507832865 ], [ 13.659585537247779, 11.573294902711325 ], [ 13.660427969820148, 11.571419203436903 ], [ 13.661653325652765, 11.570518862825168 ], [ 13.663721116057729, 11.569768577315358 ], [ 13.665405982202515, 11.568493086448711 ], [ 13.667376406541337, 11.566722737245868 ], [ 13.668414592246734, 11.564095212460586 ], [ 13.669279745834558, 11.561806702905642 ], [ 13.669625808069668, 11.55977245652349 ], [ 13.670231416481158, 11.557229628795767 ], [ 13.671961723656807, 11.555958205931859 ], [ 13.673865062950028, 11.554856302183168 ], [ 13.675854918302036, 11.553584868319319 ], [ 13.677671741536528, 11.552143903340209 ], [ 13.679661596888536, 11.54934671443965 ], [ 13.681340777029448, 11.547062693887767 ], [ 13.681045842829064, 11.543921783753717 ], [ 13.679661596888536, 11.542141705544225 ], [ 13.678473321081128, 11.540106972161709 ], [ 13.678104318830435, 11.537903379664442 ], [ 13.678017803771638, 11.535784193224572 ], [ 13.678473024080915, 11.534347856248644 ], [ 13.680007658123657, 11.532054383690365 ], [ 13.680007658123657, 11.529850383192809 ], [ 13.679488565770953, 11.527392053522533 ], [ 13.679402049712166, 11.525188017024959 ], [ 13.678796442300666, 11.522644875297033 ], [ 13.677758256595268, 11.520525572857082 ], [ 13.67568188718451, 11.518999664820285 ], [ 13.673692031832502, 11.516541241149923 ], [ 13.672307785891974, 11.514760988940282 ], [ 13.670231416481158, 11.514167569537108 ], [ 13.66824156112915, 11.513913247364314 ], [ 13.666424736894669, 11.513913247364314 ], [ 13.664607912660244, 11.513319824961116 ], [ 13.662271997073105, 11.512048203097095 ], [ 13.660109110603514, 11.512132978154682 ], [ 13.659070925898106, 11.511370002636284 ], [ 13.657600163898792, 11.510013596714657 ], [ 13.655264248311653, 11.508741959850624 ], [ 13.653447424077228, 11.507215988813812 ], [ 13.651630599842747, 11.505605231719414 ], [ 13.64990558867072, 11.504490389961916 ], [ 13.648602559785388, 11.502553246645732 ], [ 13.647045282727277, 11.502129357357717 ], [ 13.645747551845545, 11.502807579818523 ], [ 13.644968913316461, 11.503994465624942 ], [ 13.644622851081351, 11.505181347431403 ], [ 13.644622851081351, 11.506453000295437 ], [ 13.644449819963768, 11.508402855620261 ], [ 13.64367118143474, 11.510437474002686 ], [ 13.642113904376629, 11.512048203097095 ], [ 13.639777986789454, 11.512302528269913 ], [ 13.63830722479014, 11.511454777693871 ], [ 13.637096008967205, 11.509674494484273 ], [ 13.6350196385564, 11.508657183793048 ], [ 13.633548876557086, 11.509335391253842 ], [ 13.633202816321955, 11.510522250060262 ], [ 13.633721907674669, 11.511963428039508 ], [ 13.633462362498335, 11.513065500788286 ], [ 13.631645538263854, 11.514167569537108 ], [ 13.629223105617939, 11.51442189270989 ], [ 13.627579312501041, 11.513998021421912 ], [ 13.626195065560523, 11.512302528269913 ], [ 13.624464758384875, 11.511624327809102 ], [ 13.622820965267977, 11.511878652981864 ], [ 13.621004141033552, 11.512556853442675 ], [ 13.619100801740331, 11.513743698249073 ], [ 13.617283977505849, 11.515354408343512 ], [ 13.615640185388997, 11.517558521841067 ], [ 13.614082907330896, 11.519593075223497 ], [ 13.614169423389683, 11.521034207202661 ], [ 13.6146019996836, 11.523068733585035 ], [ 13.613719585084027, 11.525125857982744 ], [ 13.611573959626185, 11.526544349946562 ], [ 13.608632435627555, 11.528154986040875 ], [ 13.606642581275537, 11.530104692365626 ], [ 13.604912273099842, 11.531715308459979 ], [ 13.602835902689094, 11.531461001287198 ], [ 13.600748048270475, 11.530932222927902 ], [ 13.598942709043854, 11.531037154999183 ], [ 13.597039369750576, 11.531969614632771 ], [ 13.595049515398614, 11.53281730420872 ], [ 13.592886628929023, 11.531884845575178 ], [ 13.591156320753328, 11.53120669411436 ], [ 13.588906920224986, 11.529850383192809 ], [ 13.587522673284468, 11.528239756098515 ], [ 13.586051911285153, 11.526713891061718 ], [ 13.585100241638543, 11.524933703852184 ], [ 13.582850841110144, 11.52357736293061 ], [ 13.579496167830825, 11.522174275977306 ], [ 13.573066917462427, 11.521619784600546 ], [ 13.574804905643305, 11.501535910954487 ], [ 13.594032516707557, 11.434617025486261 ], [ 13.542150754456372, 11.414766557998803 ], [ 13.512226325124118, 11.376353358898825 ], [ 13.510338667841552, 11.326101402755 ], [ 13.505835218781669, 11.315506704556356 ], [ 13.4598698805504, 11.312851846752551 ], [ 13.402351387469253, 11.323572488036689 ], [ 13.355629770724136, 11.376340133889812 ], [ 13.347448350165223, 11.381891371661652 ], [ 13.249954675922879, 11.379043068726332 ], [ 13.223027104626851, 11.354584145107651 ], [ 13.192118279625731, 11.32067938907096 ], [ 13.100356352277856, 11.339973755180608 ], [ 12.903571801571957, 11.274512479702707 ], [ 12.845321876993864, 11.332168432877268 ], [ 12.829252613075596, 11.357616035167666 ], [ 12.734545768726719, 11.507595654071793 ], [ 12.734423296643513, 11.513810686294619 ], [ 12.73116635443057, 11.532034693676962 ], [ 12.743243532636427, 11.567404580709137 ], [ 12.740351302671343, 11.603571952283176 ], [ 12.74393594210693, 11.649596128554435 ], [ 12.744730620646862, 11.652024090204122 ], [ 12.744722657641432, 11.652132504277802 ], [ 12.705886171253894, 11.775943944401831 ], [ 12.704675823431501, 11.78934910751002 ], [ 12.703096361358348, 11.806732085320959 ], [ 12.702025182630507, 11.869312008841064 ], [ 12.681164840456915, 11.916694377035128 ], [ 12.696567876922529, 11.935982277140397 ], [ 12.710689391517462, 11.96515022495862 ], [ 12.737590770795691, 11.956111885817506 ], [ 12.741005553115826, 11.954972357043232 ], [ 12.762510554727498, 11.948474506628258 ], [ 12.780764909130482, 11.939891618796594 ], [ 12.825534859549521, 11.918863514508985 ], [ 12.839825407259298, 11.910099659554362 ], [ 12.84953818285868, 11.9069302804009 ], [ 12.872414857402305, 11.899953215660332 ], [ 12.924099494519567, 11.887835123426669 ], [ 12.929245541016087, 11.886996088856563 ], [ 12.939835428211381, 11.883965557797467 ], [ 12.960156625018726, 11.879227141577928 ], [ 13.003561924510564, 11.86916338674007 ], [ 13.002444073751064, 11.848400435632641 ] ] ] ] } },
{ "type": "Feature", "properties": { "fid": 712.0, "OBJECTID": 712.0, "lganame": "Abadam", "statecode": "BR", "LGA_UID": "08_01" }, "geometry": { "type": "MultiPolygon", "coordinates": [ [ [ [ 13.340606717516664, 13.719258613792817 ], [ 13.340806368652295, 13.719189343745768 ], [ 13.341076134835589, 13.719202043754422 ], [ 13.341266278964781, 13.719437559914411 ], [ 13.341556248161851, 13.719719256105805 ], [ 13.341946043426674, 13.719950154262676 ], [ 13.342326330685069, 13.72007945735055 ], [ 13.342559256843344, 13.72007945735055 ], [ 13.34287774805972, 13.71999633429408 ], [ 13.343091659205072, 13.719853177196796 ], [ 13.343291310340703, 13.719793144156029 ], [ 13.34351472949254, 13.719843941190561 ], [ 13.343809451692778, 13.720014806306608 ], [ 13.344032870844558, 13.720148726397611 ], [ 13.344322840041571, 13.720264175476075 ], [ 13.344622317245069, 13.720264175476075 ], [ 13.34497408348409, 13.72019028842584 ], [ 13.345140458597143, 13.720102547366253 ], [ 13.345416166784446, 13.719991716290963 ], [ 13.34555877488134, 13.719779290146619 ], [ 13.345716593988584, 13.719460649930113 ], [ 13.345768884024096, 13.719072740666547 ], [ 13.346054099217895, 13.718223031089224 ], [ 13.34628702637616, 13.717636545690709 ], [ 13.346467662498924, 13.717151655361249 ], [ 13.346662559631341, 13.716846866154185 ], [ 13.346800413724964, 13.71670832506004 ], [ 13.346962035834792, 13.71670832506004 ], [ 13.347109396934911, 13.716768359100797 ], [ 13.347223484012432, 13.716934608213762 ], [ 13.347242498025366, 13.717202453395771 ], [ 13.347366092109326, 13.717428734549515 ], [ 13.347475424183642, 13.717516477609138 ], [ 13.347575250251452, 13.71756727564366 ], [ 13.347675075319273, 13.71756727564366 ], [ 13.34774637936772, 13.717558039637368 ], [ 13.347822437419381, 13.71751185960602 ], [ 13.347879480458175, 13.717433352552632 ], [ 13.347931769493698, 13.717290195455405 ], [ 13.347955536509858, 13.716971552238874 ], [ 13.347922262487259, 13.716833012144775 ], [ 13.347880633458942, 13.716543364947938 ], [ 13.348183709664852, 13.715660032347785 ], [ 13.348435649836063, 13.715198227033966 ], [ 13.348630547968469, 13.714893434826877 ], [ 13.348930024171977, 13.714699476695102 ], [ 13.349167704333468, 13.714657913666883 ], [ 13.349433904514342, 13.714745657726496 ], [ 13.349780917750081, 13.714888816823759 ], [ 13.350113668976178, 13.715152046002629 ], [ 13.350394131166752, 13.715553817275577 ], [ 13.350603289308879, 13.715784719432463 ], [ 13.350821955457434, 13.715789337435638 ], [ 13.351059634618935, 13.715660032347785 ], [ 13.351116677657672, 13.715341387131275 ], [ 13.351002590580151, 13.715152046002629 ], [ 13.350859984483293, 13.714911907839451 ], [ 13.35080294044451, 13.714727184713922 ], [ 13.350850476476808, 13.714477809544519 ], [ 13.350959808551124, 13.714302323425272 ], [ 13.351111923654457, 13.714182253343665 ], [ 13.351302067783649, 13.714117600299744 ], [ 13.351468443896692, 13.714117600299744 ], [ 13.351710877061407, 13.714205344359357 ], [ 13.351958064229393, 13.714126837306026 ], [ 13.352200497394108, 13.714131455309143 ], [ 13.35240014752975, 13.71418687134684 ], [ 13.352585537655727, 13.71429308741898 ], [ 13.352775681784919, 13.714454718528827 ], [ 13.352946811901177, 13.71469024068881 ], [ 13.353070404985147, 13.714810309770428 ], [ 13.353222520088536, 13.714838018789237 ], [ 13.353331853162786, 13.714828782782945 ], [ 13.353393649204804, 13.714574788610378 ], [ 13.353541011304912, 13.71430694142839 ], [ 13.353716894424394, 13.714066802265222 ], [ 13.354030630637567, 13.713808189089548 ], [ 13.354315846831355, 13.713641937976547 ], [ 13.354762685134972, 13.713521867894997 ], [ 13.355176247415955, 13.713521867894997 ], [ 13.355632591726021, 13.713572666929508 ], [ 13.355870271887511, 13.713641937976547 ], [ 13.356122213058711, 13.713748154048744 ], [ 13.356402675249285, 13.713905169155396 ], [ 13.356545283346179, 13.71390978715857 ], [ 13.356588065375263, 13.713826662102065 ], [ 13.35665936942371, 13.7135819029358 ], [ 13.356754441488306, 13.713392561807098 ], [ 13.357248814824175, 13.713092385603147 ], [ 13.35736765490492, 13.712930753493367 ], [ 13.357762203173024, 13.712593631264269 ], [ 13.357947593299002, 13.712515124210938 ], [ 13.358099708402335, 13.712496651198421 ], [ 13.358294604534763, 13.712542832229758 ], [ 13.358389676599359, 13.712662903311355 ], [ 13.358403937609012, 13.712856863443164 ], [ 13.358508516680104, 13.712916898483911 ], [ 13.358689153802857, 13.712870717452574 ], [ 13.358779471864182, 13.712824536421181 ], [ 13.358865036922339, 13.712727556355276 ], [ 13.358831761899751, 13.712399671132516 ], [ 13.358655878780212, 13.712039457887727 ], [ 13.358575067725326, 13.711711571664978 ], [ 13.358475241657459, 13.711443721482965 ], [ 13.358266083515389, 13.711222051332356 ], [ 13.357957100305441, 13.710852600081353 ], [ 13.357800232198827, 13.710575511893069 ], [ 13.35770516013423, 13.710266095682812 ], [ 13.357747942163314, 13.709915116444392 ], [ 13.357862028240845, 13.709545664193342 ], [ 13.358004636337739, 13.709310137033299 ], [ 13.358199534470145, 13.709180827945431 ], [ 13.35836590858321, 13.709120791904638 ], [ 13.358556052712402, 13.709190064951713 ], [ 13.359036166038607, 13.709614936240428 ], [ 13.359378425271132, 13.70970268130003 ], [ 13.359986884684588, 13.709901262434926 ], [ 13.36065281513703, 13.710230360658556 ], [ 13.360994647369296, 13.710270713685986 ], [ 13.361280996563892, 13.710225589655295 ], [ 13.361626874798901, 13.709901262434926 ], [ 13.361979369038352, 13.709525531179679 ], [ 13.362284025245401, 13.708992771817691 ], [ 13.362520551406078, 13.708312611355552 ], [ 13.362691679522356, 13.708063229186109 ], [ 13.362834287619251, 13.707901592076269 ], [ 13.363138517825973, 13.707753809975884 ], [ 13.36319556086471, 13.70774919097272 ], [ 13.363361936977753, 13.707716863950736 ], [ 13.363476024055274, 13.707712245947619 ], [ 13.363718457219989, 13.707712245947619 ], [ 13.363875325326603, 13.707786136997811 ], [ 13.364017933423497, 13.707873883057459 ], [ 13.364141526507467, 13.708035519167254 ], [ 13.364265119591437, 13.708146356242594 ], [ 13.364421988698041, 13.708183302267685 ], [ 13.364583610807813, 13.70812788323002 ], [ 13.364740479914417, 13.708137120236302 ], [ 13.36489259501775, 13.708220247292786 ], [ 13.365006681095281, 13.70831722935867 ], [ 13.365158796198671, 13.708298756346096 ], [ 13.365382215350451, 13.708220247292786 ], [ 13.365558098469933, 13.708095556208036 ], [ 13.36578151662178, 13.708072465192345 ], [ 13.365971660750972, 13.708017047154726 ], [ 13.36614278986724, 13.707901592076269 ], [ 13.366527831128849, 13.707864646051178 ], [ 13.366746497277404, 13.707827701026076 ], [ 13.366922380396943, 13.707739954966428 ], [ 13.367026959467978, 13.707767663985294 ], [ 13.36711727652937, 13.707869264054295 ], [ 13.367421506736036, 13.708132501233138 ], [ 13.367782779981496, 13.708220247292786 ], [ 13.368044228159135, 13.70823872030536 ], [ 13.368420713414991, 13.708146356242594 ], [ 13.36868596259518, 13.708206392283387 ], [ 13.369009207814827, 13.708275665330461 ], [ 13.369270654992476, 13.708294138342978 ], [ 13.369603407218563, 13.708261811320995 ], [ 13.36989813041879, 13.708284902336686 ], [ 13.370297431690119, 13.708372647396345 ], [ 13.370588351887761, 13.708471938463788 ], [ 13.371639015601659, 13.708713336627795 ], [ 13.372027581865666, 13.708694033614677 ], [ 13.372387666110342, 13.708586661541744 ], [ 13.372640795282337, 13.708472362464079 ], [ 13.372933141480928, 13.708472362464079 ], [ 13.373154183631129, 13.708416943426414 ], [ 13.373313428739323, 13.708465434459356 ], [ 13.373515456876589, 13.708476980467196 ], [ 13.373741252030015, 13.708442343443664 ], [ 13.373907420142928, 13.708370595394911 ], [ 13.374074004256101, 13.708157170249933 ], [ 13.374280638396499, 13.708066489188298 ], [ 13.376819205121365, 13.708074043193449 ], [ 13.385662079129645, 13.708159402251454 ], [ 13.405565502653133, 13.708161499252867 ], [ 13.430236659415982, 13.708092227205782 ], [ 13.464747754864675, 13.708161499252867 ], [ 13.592060901367972, 13.708184590268559 ], [ 13.632087292563995, 13.708296012344249 ], [ 13.633536013548337, 13.708300045347016 ], [ 13.649817074610553, 13.685207972656997 ], [ 13.670851730902655, 13.656570657199325 ], [ 13.699981944695253, 13.615733216452213 ], [ 13.730416834374296, 13.573548845789901 ], [ 13.753804519265145, 13.540969801653944 ], [ 13.762075773885101, 13.529462093835036 ], [ 13.648260179552722, 13.396356530396019 ], [ 13.455523837597468, 13.323188103681559 ], [ 13.45988541856093, 13.234689394550799 ], [ 13.47790125480185, 13.128636797493073 ], [ 13.407780089157825, 13.099421439642583 ], [ 13.376364714812553, 13.075045977080606 ], [ 13.326255941765965, 13.01954277636878 ], [ 13.308717236849247, 13.022549536411759 ], [ 13.260399833019846, 13.026935021391466 ], [ 13.249557073652738, 13.034124109276149 ], [ 13.227419774611462, 13.042046536659029 ], [ 13.204077723751652, 13.049381890643076 ], [ 13.190127318272971, 13.056205622279492 ], [ 13.171501629617694, 13.085972895504938 ], [ 13.148880790247915, 13.09972821685102 ], [ 13.134025807154671, 13.106672956569696 ], [ 13.102030155415093, 13.109890619755902 ], [ 13.084209976307136, 13.112589021589372 ], [ 13.066114373011999, 13.147856724552128 ], [ 13.051259389918755, 13.171000559277275 ], [ 13.022143623135946, 13.230007426369639 ], [ 12.994961943667306, 13.310676910180746 ], [ 12.973954058393417, 13.347920437485982 ], [ 12.938779371493865, 13.392931337068774 ], [ 12.918337001604243, 13.406884290549158 ], [ 12.875961599812172, 13.410539348032614 ], [ 12.846456283764667, 13.423388437762981 ], [ 12.830276662771382, 13.424223852330556 ], [ 12.818906316045741, 13.421716086626645 ], [ 12.87712712560409, 13.48556381500822 ], [ 12.88782271387123, 13.491110787777131 ], [ 12.909570408647767, 13.494577581132603 ], [ 12.927735305989927, 13.496278566288368 ], [ 12.949965846094528, 13.505669692669187 ], [ 13.016109467036017, 13.533609389652895 ], [ 13.036859489134713, 13.539796143856506 ], [ 13.049100817452086, 13.538136726729022 ], [ 13.049290960581288, 13.53854342000534 ], [ 13.049633218813824, 13.538894654244018 ], [ 13.049937449020547, 13.539098000382182 ], [ 13.050450838369386, 13.539116486394732 ], [ 13.050945211705312, 13.539134972407282 ], [ 13.051477614067039, 13.539042542344475 ], [ 13.051952974390019, 13.539061028357025 ], [ 13.052257203596696, 13.53926437449519 ], [ 13.052276217609631, 13.539634092746439 ], [ 13.05231424663549, 13.540022297010182 ], [ 13.052618476842213, 13.540225642148357 ], [ 13.053112851178071, 13.540336557223725 ], [ 13.053702295578603, 13.540392015261375 ], [ 13.054120612862846, 13.540613845412111 ], [ 13.054481886108306, 13.540891132600507 ], [ 13.054824145340831, 13.541260848851721 ], [ 13.055071331508771, 13.541686023140585 ], [ 13.055413589741363, 13.542222108504859 ], [ 13.055603733870555, 13.542684251818855 ], [ 13.055869935051419, 13.543164880145412 ], [ 13.056174166258131, 13.543590050434318 ], [ 13.05655445251648, 13.543978247698078 ], [ 13.056896711749062, 13.544366444961838 ], [ 13.05729601402038, 13.544606757125109 ], [ 13.057695316291642, 13.545087381451651 ], [ 13.058018559511311, 13.545512546740554 ], [ 13.058132646588831, 13.545771343916385 ], [ 13.058322789717977, 13.545937713029446 ], [ 13.058912236118488, 13.546178023192681 ], [ 13.059406610454403, 13.54630742128063 ], [ 13.059939011816141, 13.546529246431362 ], [ 13.060262257035788, 13.546640158506705 ], [ 13.060737616358779, 13.546695614544376 ], [ 13.061212975681769, 13.546880468669997 ], [ 13.061574248927229, 13.547065321795571 ], [ 13.061726364030562, 13.547398058021656 ], [ 13.061726364030562, 13.547749279260302 ], [ 13.061422133823839, 13.548118984511518 ], [ 13.060889731462112, 13.548488689762678 ], [ 13.060566487242511, 13.548581116825517 ], [ 13.06030028606159, 13.548839910001334 ], [ 13.060167184971192, 13.549172644227383 ], [ 13.060281271048723, 13.549283555302793 ], [ 13.06045240116498, 13.549431436403268 ], [ 13.060680573319985, 13.549505377453499 ], [ 13.061003817539643, 13.549505377453499 ], [ 13.061193960668845, 13.549653257553985 ], [ 13.061612277953031, 13.549801138654459 ], [ 13.06204960825022, 13.549949019754933 ], [ 13.062467924534417, 13.549967505767484 ], [ 13.063152492999563, 13.55002075680369 ], [ 13.064160203684253, 13.550041445817726 ], [ 13.064540491942637, 13.549912049729812 ], [ 13.065072895304354, 13.549579316503696 ], [ 13.065643325691951, 13.549172644227383 ], [ 13.066137700027866, 13.54869202790087 ], [ 13.066470451253963, 13.548377778687325 ], [ 13.066850738512358, 13.54817444054919 ], [ 13.067097925680287, 13.548008074436154 ], [ 13.067421169899944, 13.547582912147277 ], [ 13.067687372080798, 13.547213204896082 ], [ 13.067744415119535, 13.546917438695118 ], [ 13.067630328042014, 13.546603188481583 ], [ 13.067250040783676, 13.54630742128063 ], [ 13.06688876753816, 13.545956198042006 ], [ 13.066603552344418, 13.545586488790775 ], [ 13.066565523318559, 13.545327691614943 ], [ 13.066565523318559, 13.54501343940143 ], [ 13.066679610396079, 13.544421901999499 ], [ 13.066736653434816, 13.543922790660361 ], [ 13.067135954706146, 13.543608535446879 ], [ 13.067573285003277, 13.543349736271011 ], [ 13.068067659339192, 13.54307245208264 ], [ 13.068676118752592, 13.542480909680705 ], [ 13.069075421023911, 13.542166652467188 ], [ 13.069379651230633, 13.541778451203413 ], [ 13.069626838398563, 13.541075990726142 ], [ 13.069816981527765, 13.540743246500028 ], [ 13.069874024566502, 13.540373529248825 ], [ 13.069721910463159, 13.539874409909714 ], [ 13.069341622204774, 13.539356802558018 ], [ 13.068923305920578, 13.539190430444989 ], [ 13.068942320933502, 13.539005570319375 ], [ 13.068980348959315, 13.538783738168661 ], [ 13.069227536127244, 13.538598878043047 ], [ 13.070273326837821, 13.538266129816918 ], [ 13.070653615096205, 13.537970352615957 ], [ 13.070824744212473, 13.537656089402446 ], [ 13.070805730199595, 13.537212423100982 ], [ 13.070938830290004, 13.536916644900032 ], [ 13.071147988432131, 13.536805727824685 ], [ 13.071357146574258, 13.536861185862335 ], [ 13.071604332742197, 13.537083020013085 ], [ 13.07187053492305, 13.537212423100982 ], [ 13.07223180816851, 13.537119992038186 ], [ 13.072364909258965, 13.536805727824685 ], [ 13.072364909258965, 13.536269629460435 ], [ 13.072612096426894, 13.535881418196652 ], [ 13.072802238556108, 13.535419261882623 ], [ 13.072764210530295, 13.534957104568605 ], [ 13.072634139441902, 13.534479210243887 ], [ 13.071984621000581, 13.534051274953129 ], [ 13.071300102535474, 13.533903383852646 ], [ 13.070748686160812, 13.533700033714524 ], [ 13.070425441941211, 13.533293333438166 ], [ 13.07031135586368, 13.533016036249762 ], [ 13.070026139669892, 13.53253538792319 ], [ 13.069664867424422, 13.532276576747336 ], [ 13.069246551140168, 13.532165657671953 ], [ 13.068847248868849, 13.532295063759875 ], [ 13.068676118752592, 13.532572360948279 ], [ 13.0684859746234, 13.532960577212066 ], [ 13.068048645326257, 13.533570628626592 ], [ 13.068105688364994, 13.533977328902893 ], [ 13.068257803468384, 13.534217652066218 ], [ 13.068390903558793, 13.534587379317429 ], [ 13.068333859520067, 13.535123481681637 ], [ 13.068390903558793, 13.535419261882623 ], [ 13.068581046687996, 13.535788987133856 ], [ 13.068828233855982, 13.536177198397638 ], [ 13.068904291907643, 13.536454490586038 ], [ 13.068733161791386, 13.536842699849785 ], [ 13.068504989636324, 13.536990588950289 ], [ 13.068143717390853, 13.537027561975378 ], [ 13.06787751521, 13.537212423100982 ], [ 13.067649343054939, 13.537230909113589 ], [ 13.067212011757817, 13.537175451075882 ], [ 13.066603552344418, 13.537193937088432 ], [ 13.066185236060164, 13.537397284226586 ], [ 13.065823961814715, 13.537711548440143 ], [ 13.065728890750108, 13.537988838628564 ], [ 13.065521866609458, 13.538075586687455 ], [ 13.065329589478779, 13.538007324641114 ], [ 13.065196488388381, 13.537840949528061 ], [ 13.065196488388381, 13.537637603389896 ], [ 13.06508240231085, 13.537323340176385 ], [ 13.064854229155799, 13.536935130912582 ], [ 13.064759157091203, 13.536694810749282 ], [ 13.064702114052466, 13.536269629460435 ], [ 13.064702114052466, 13.535862932184102 ], [ 13.064473941897404, 13.535345316832377 ], [ 13.064207739716551, 13.534753756430462 ], [ 13.064174464693963, 13.534351678157236 ], [ 13.06424576874241, 13.533912626858921 ], [ 13.064198232710112, 13.533589114639142 ], [ 13.063984320564771, 13.533358035482138 ], [ 13.063627802322515, 13.533311819450716 ], [ 13.063128673983385, 13.533242495403613 ], [ 13.062819690773438, 13.533427358529252 ], [ 13.062677082676544, 13.533635330670563 ], [ 13.062320563434298, 13.533866410827557 ], [ 13.061797668079009, 13.533958842890343 ], [ 13.06106086057838, 13.533912626858921 ], [ 13.060442893158495, 13.534051274953129 ], [ 13.060181445980845, 13.533773978764714 ], [ 13.060252750029292, 13.53354289860772 ], [ 13.060466661174644, 13.533126955325145 ], [ 13.060823181416879, 13.532572360948279 ], [ 13.061084628594529, 13.531856009461592 ], [ 13.061417379820625, 13.531509386226048 ], [ 13.061892740143605, 13.531093437943412 ], [ 13.062201723353553, 13.530631271629431 ], [ 13.062439402515054, 13.530423298488131 ], [ 13.062510706563501, 13.530145998299702 ], [ 13.06253447457965, 13.52947585484435 ], [ 13.062605778628097, 13.528990577514662 ], [ 13.062510706563501, 13.528620842263422 ], [ 13.062273027402, 13.528574625232011 ], [ 13.061750132046711, 13.528551517216329 ], [ 13.061441147836774, 13.528482191169246 ], [ 13.061203468675274, 13.528620842263422 ], [ 13.060870717449177, 13.528620842263422 ], [ 13.060751877368432, 13.528459083153507 ], [ 13.060823181416879, 13.528066237886605 ], [ 13.061013324546082, 13.527465415478389 ], [ 13.06129853973988, 13.527188112289934 ], [ 13.061655059982115, 13.527049460195769 ], [ 13.062201723353553, 13.527072569211441 ], [ 13.062605778628097, 13.526887700085865 ], [ 13.063176210015683, 13.526679721944504 ], [ 13.063627802322515, 13.526749047991643 ], [ 13.064126928661665, 13.526933917117219 ], [ 13.064317072790857, 13.527211220305674 ], [ 13.064507216920049, 13.527696500635386 ], [ 13.064816200129997, 13.52785826074529 ], [ 13.065172720372232, 13.527973803823784 ], [ 13.065600543662867, 13.52781204371388 ], [ 13.06626604711505, 13.52781204371388 ], [ 13.066931549567244, 13.527604066572565 ], [ 13.067288069809479, 13.527188112289934 ], [ 13.067906037229363, 13.526818374038726 ], [ 13.0682150214393, 13.52651796083461 ], [ 13.068524003649259, 13.526148220583423 ], [ 13.068832987859196, 13.526125112567684 ], [ 13.069094436036835, 13.526263764661905 ], [ 13.069783706505177, 13.526494851818939 ], [ 13.070165776764782, 13.526565044866629 ], [ 13.071532434693324, 13.526380174741007 ], [ 13.072792137549243, 13.52604509851335 ], [ 13.073647785130618, 13.525779348332776 ], [ 13.074253867542438, 13.525640695238565 ], [ 13.075050095083441, 13.525305618010862 ], [ 13.075798785592099, 13.524924321751826 ], [ 13.076416754011973, 13.524554579500602 ], [ 13.077058489448007, 13.524173284241499 ], [ 13.077652687851753, 13.523780431974615 ], [ 13.07796167206169, 13.523399133715543 ], [ 13.078068628134361, 13.523179597566354 ], [ 13.078258772263553, 13.522451663071763 ], [ 13.078365728336223, 13.522093471828384 ], [ 13.078543987457351, 13.521689061553616 ], [ 13.078734130586554, 13.521423306373038 ], [ 13.078959926739969, 13.521192214216001 ], [ 13.079340213998364, 13.52091490402762 ], [ 13.079946298410164, 13.520522045760686 ], [ 13.080694988918879, 13.52008297046234 ], [ 13.081003972128826, 13.519955869375963 ], [ 13.081265420306465, 13.519967423383832 ], [ 13.081431796419508, 13.520013642415222 ], [ 13.081479332451806, 13.520117634485871 ], [ 13.081503100467955, 13.520348726642908 ], [ 13.081526868484104, 13.520614483823465 ], [ 13.081598171532505, 13.520891795011892 ], [ 13.081764547645548, 13.52105355912181 ], [ 13.082025994823198, 13.521238433247447 ], [ 13.082441935105805, 13.521504189428015 ], [ 13.083048017517626, 13.521665952537887 ], [ 13.083677868945585, 13.521897043694935 ], [ 13.084462213478503, 13.522081916820525 ], [ 13.084961339817653, 13.522128135851915 ], [ 13.085424815132569, 13.522128135851915 ], [ 13.086185390649348, 13.522162798875513 ], [ 13.086910314141903, 13.522139689859785 ], [ 13.087290601400241, 13.522093471828384 ], [ 13.087635236634412, 13.522001034765594 ], [ 13.087896684812051, 13.521839270655676 ], [ 13.088134363973552, 13.521665952537887 ], [ 13.088360160126967, 13.521434861380897 ], [ 13.088372044135042, 13.521226878239588 ], [ 13.088360160126967, 13.520903349019761 ], [ 13.088158131989701, 13.520452718713557 ], [ 13.087932336836275, 13.520071415454481 ], [ 13.087754076715157, 13.519724775218947 ], [ 13.087504512545593, 13.519158594834266 ], [ 13.08744509250522, 13.518696406520235 ], [ 13.08744509250522, 13.518499977386796 ], [ 13.087492628537518, 13.518268882229734 ], [ 13.087670888658636, 13.518107115119847 ], [ 13.087884800803977, 13.518118670127706 ], [ 13.088265088062371, 13.518257327221932 ], [ 13.088633492312681, 13.518199553182626 ], [ 13.088776100409575, 13.518060896088457 ], [ 13.088894939490331, 13.517876019962841 ], [ 13.08891870650649, 13.517621814790118 ], [ 13.088764216401501, 13.517425383656644 ], [ 13.088502768223861, 13.517148069468192 ], [ 13.088395812151191, 13.516916973311197 ], [ 13.088360160126967, 13.516604993099236 ], [ 13.088372044135042, 13.516327676910805 ], [ 13.088502768223861, 13.516073469738103 ], [ 13.088704796361128, 13.516050359722385 ], [ 13.089085082619533, 13.515969475667418 ], [ 13.089477254885992, 13.516073469738103 ], [ 13.089703051039407, 13.516142798785154 ], [ 13.089869426152461, 13.516281456879369 ], [ 13.090012034249355, 13.516500999028551 ], [ 13.0901308743301, 13.516755205201264 ], [ 13.090285366435069, 13.517032521389694 ], [ 13.090582465636942, 13.517610259782259 ], [ 13.090713188725772, 13.517968458025621 ], [ 13.090784492774219, 13.518338210276852 ], [ 13.090748840749995, 13.518569305433857 ], [ 13.090475509564271, 13.518800398590884 ], [ 13.090012034249355, 13.518915946669381 ], [ 13.089738702063642, 13.519054602763617 ], [ 13.089512906910215, 13.519297251928492 ], [ 13.089405950837545, 13.519528346085508 ], [ 13.089370298813321, 13.519817213281783 ], [ 13.089434233856764, 13.519986065396495 ], [ 13.089624377985956, 13.520217157553532 ], [ 13.089885825163606, 13.520402032679158 ], [ 13.090087853300872, 13.520656234851856 ], [ 13.090313649454288, 13.520956655055954 ], [ 13.090563211623873, 13.521129974173732 ], [ 13.090777123769215, 13.521222411236522 ], [ 13.090979151906481, 13.521176192205132 ], [ 13.091335672148716, 13.521002873087355 ], [ 13.09160900333444, 13.520760225922515 ], [ 13.091704075399036, 13.520575351796879 ], [ 13.09160900333444, 13.520390477671299 ], [ 13.091418859205248, 13.52033270463204 ], [ 13.091086107979152, 13.520159384514272 ], [ 13.091019095933632, 13.520038034431821 ], [ 13.090967267898407, 13.519801190270869 ], [ 13.091074223971077, 13.51969719820022 ], [ 13.091169296035673, 13.519662534176689 ], [ 13.091406975197174, 13.519685644192407 ], [ 13.09160900333444, 13.519766526247338 ], [ 13.091906102536257, 13.519916737349376 ], [ 13.092131898689729, 13.520066948451472 ], [ 13.092226970754325, 13.520217157553532 ], [ 13.092203202738176, 13.520390477671299 ], [ 13.092120014681655, 13.520598460812607 ], [ 13.092131898689729, 13.520725561898928 ], [ 13.092191318730102, 13.521037537110942 ], [ 13.092381461859247, 13.52148816741709 ], [ 13.092500301939992, 13.521869467676197 ], [ 13.092500301939992, 13.522089003825329 ], [ 13.09244088189962, 13.522320095982366 ], [ 13.092381461859247, 13.522574295155096 ], [ 13.092428997891545, 13.522782277296415 ], [ 13.092488417931918, 13.522978704429875 ], [ 13.092642910036886, 13.523105803516216 ], [ 13.092928126230674, 13.523290675641817 ], [ 13.093320297497144, 13.523452438751747 ], [ 13.093831308844358, 13.523614201861676 ], [ 13.094092756022008, 13.523718191932289 ], [ 13.094484928288466, 13.52396083609716 ], [ 13.094793912498403, 13.524365242371971 ], [ 13.094936518595318, 13.524619439544665 ], [ 13.095067242684138, 13.524989180795899 ], [ 13.095138546732585, 13.525335814031394 ], [ 13.095138546732585, 13.525659337251227 ], [ 13.095091010700287, 13.526017523494602 ], [ 13.095055358676063, 13.526421924769352 ], [ 13.095043474667989, 13.526710783965655 ], [ 13.095102894708361, 13.526976533146183 ], [ 13.095221734789106, 13.527230728318898 ], [ 13.095518834990969, 13.527612019577987 ], [ 13.095911006257438, 13.527970202821336 ], [ 13.096219990467375, 13.528282168033286 ], [ 13.096505205661174, 13.528559470221751 ], [ 13.096826072879196, 13.52881366439442 ], [ 13.097218245145655, 13.529056302559297 ], [ 13.097622300420198, 13.529275832708436 ], [ 13.098121427759281, 13.529495362857631 ], [ 13.098668091130719, 13.529541578888995 ], [ 13.099321709574838, 13.529426036810491 ], [ 13.099583157752477, 13.529414482802679 ], [ 13.099713881841296, 13.52946069983409 ], [ 13.099785185889743, 13.529634012951817 ], [ 13.099820837913967, 13.529888205124564 ], [ 13.099820837913967, 13.530257939375758 ], [ 13.099832721922041, 13.530650779642656 ], [ 13.099832721922041, 13.530951186846778 ], [ 13.099868373946265, 13.53124004104302 ], [ 13.099965822012507, 13.531449170185169 ], [ 13.100136952128764, 13.531646745319392 ], [ 13.100350864274105, 13.531813124432404 ], [ 13.100575471426737, 13.531969103538415 ], [ 13.100735904535725, 13.532125083644416 ], [ 13.100917729659272, 13.532728206054173 ], [ 13.101067467761027, 13.533237739400363 ], [ 13.101195814848211, 13.533705675718352 ], [ 13.101263553894228, 13.534115264996615 ], [ 13.101263553894228, 13.534381006177171 ], [ 13.101239785878079, 13.534571647306734 ], [ 13.101188623843314, 13.534678729379493 ], [ 13.101067467761027, 13.534860494502993 ], [ 13.100984279704505, 13.534999142597201 ], [ 13.100841671607611, 13.535241774762028 ], [ 13.10069906351066, 13.535536399962211 ], [ 13.100574283425885, 13.53583680116634 ], [ 13.100431675328991, 13.536194972409703 ], [ 13.100277183224023, 13.536593579680527 ], [ 13.100211821179641, 13.536911310896414 ], [ 13.10021776318365, 13.537194380088749 ], [ 13.100223705187716, 13.537373464210418 ], [ 13.100265299215948, 13.537644979394884 ], [ 13.100360371280544, 13.537974261618615 ], [ 13.100485153365355, 13.538239998799213 ], [ 13.100633703466258, 13.538494181971885 ], [ 13.10069906351066, 13.538615497054309 ], [ 13.100924859664133, 13.538881233234861 ], [ 13.101126887801399, 13.539014101325165 ], [ 13.101293263914442, 13.5391354154076 ], [ 13.101536885079952, 13.539268283497847 ], [ 13.101792391253525, 13.539372266568535 ], [ 13.102226156548284, 13.5394820266431 ], [ 13.102588617794538, 13.53954557168629 ], [ 13.103325425295168, 13.53964955575691 ], [ 13.103610641488956, 13.539724654807969 ], [ 13.104175152872529, 13.539870436906995 ], [ 13.104632664183384, 13.539938397953165 ], [ 13.10496541640947, 13.539955728964969 ], [ 13.105310050643652, 13.539874852909975 ], [ 13.105720048922194, 13.539678439776537 ], [ 13.105862657019088, 13.539562902698037 ], [ 13.105951786079686, 13.539395373584227 ], [ 13.105916134055462, 13.539222068466472 ], [ 13.105880483031228, 13.538967886293733 ], [ 13.105886424035248, 13.538725257128874 ], [ 13.105927678063267, 13.538470806956013 ], [ 13.105987438103909, 13.538251552807026 ], [ 13.106106278184654, 13.538089799697161 ], [ 13.106783664644865, 13.537442787257532 ], [ 13.10718177891539, 13.537049956990586 ], [ 13.107490763125327, 13.536709118759006 ], [ 13.107669022246455, 13.536472264598103 ], [ 13.107758152306985, 13.536293180476434 ], [ 13.107781920323134, 13.536171864393964 ], [ 13.107853224371581, 13.535958117248754 ], [ 13.107912644411954, 13.535767478119226 ], [ 13.108031484492699, 13.535651939040747 ], [ 13.108162207581529, 13.535576838989698 ], [ 13.108275105658265, 13.53555950797795 ], [ 13.108512784819766, 13.535588392997568 ], [ 13.108714812957032, 13.535657716044625 ], [ 13.108970319130606, 13.535750147107478 ], [ 13.109106985223491, 13.535819471154582 ], [ 13.109279303340543, 13.536015887287988 ], [ 13.109404084425364, 13.536125649362589 ], [ 13.109582343546435, 13.536177641397899 ], [ 13.109754661663544, 13.536199016412411 ], [ 13.109932921784662, 13.536096764342972 ], [ 13.110070835878389, 13.535854537178409 ], [ 13.110158717938077, 13.535598213004221 ], [ 13.11045581713995, 13.534929818550097 ], [ 13.110550889204546, 13.534548539290995 ], [ 13.110634077261068, 13.534026876936593 ], [ 13.110681613293366, 13.533333637465546 ], [ 13.110781438361187, 13.532519770912586 ], [ 13.110866410418907, 13.531705214359135 ], [ 13.110938307467791, 13.531174874998783 ], [ 13.111066653554985, 13.530648006640774 ], [ 13.111394651777857, 13.530176597320462 ], [ 13.112221778339858, 13.529025798538555 ], [ 13.113291336066538, 13.527833399728422 ], [ 13.114389416812628, 13.526946030125487 ], [ 13.115302107432797, 13.526141847579083 ], [ 13.115972363888204, 13.525476315126866 ], [ 13.116157754014125, 13.525143547900768 ], [ 13.116485752236997, 13.524852376702938 ], [ 13.117041922614874, 13.524478013448572 ], [ 13.11812574235131, 13.523521302798542 ], [ 13.118938606903612, 13.522758706280399 ], [ 13.119537560310562, 13.52231501197889 ], [ 13.120136512717522, 13.522079298818767 ], [ 13.120778248153556, 13.521760392602062 ], [ 13.1214199825896, 13.521594007489 ], [ 13.121933370938393, 13.521538545451335 ], [ 13.122589367384137, 13.521344427319434 ], [ 13.123088494723277, 13.521219638234641 ], [ 13.12360188307207, 13.521205772225244 ], [ 13.124172314459656, 13.521344427319434 ], [ 13.124628658769723, 13.521496948423078 ], [ 13.125227612176673, 13.521732661583258 ], [ 13.125655436467355, 13.522093163828174 ], [ 13.125954911670874, 13.522412070044879 ], [ 13.126325692922762, 13.522869629355739 ], [ 13.126568126087477, 13.523368783694877 ], [ 13.126724995194081, 13.523812475996351 ], [ 13.126867602290986, 13.524325495344954 ], [ 13.126782038232818, 13.524755319636995 ], [ 13.126582387097187, 13.525254470976108 ], [ 13.126354213942136, 13.525476315126866 ], [ 13.126054737738684, 13.525531776164541 ], [ 13.125555610399545, 13.52560110321167 ], [ 13.125085004079779, 13.525767486324696 ], [ 13.124628658769723, 13.526058655522547 ], [ 13.124286400537187, 13.526335960710981 ], [ 13.124015446353098, 13.526807378031265 ], [ 13.123844316236784, 13.527334255389235 ], [ 13.123744491168964, 13.527902725775505 ], [ 13.123801534207757, 13.528346410076949 ], [ 13.123872838256204, 13.528734633340719 ], [ 13.123887099265858, 13.529122854604509 ], [ 13.124158054449993, 13.529594266924846 ], [ 13.124386225605008, 13.529940892160312 ], [ 13.124593508745818, 13.530134688292037 ], [ 13.124899613953801, 13.530384572461799 ], [ 13.125199091157299, 13.530578681593681 ], [ 13.125441524322014, 13.53070346667846 ], [ 13.125883607622427, 13.530758926716146 ], [ 13.126183084825868, 13.53070346667846 ], [ 13.126396996971209, 13.530537086565403 ], [ 13.126610908116561, 13.530273652386427 ], [ 13.126596648106897, 13.52998248718859 ], [ 13.12649682203903, 13.529566535905985 ], [ 13.126384435962677, 13.529290883718716 ], [ 13.126682212165008, 13.52915058462338 ], [ 13.126853342281265, 13.529247639689288 ], [ 13.12701021038788, 13.529497210858892 ], [ 13.127181339504148, 13.529788377056718 ], [ 13.127281164571968, 13.530176597320462 ], [ 13.127323947601042, 13.530606411612553 ], [ 13.127323947601042, 13.530966900857436 ], [ 13.127281164571968, 13.531382849140073 ], [ 13.127167079494484, 13.531687878347327 ], [ 13.126995950378159, 13.531909716498035 ], [ 13.126696473174718, 13.532034499582835 ], [ 13.126311431913109, 13.532228608714718 ], [ 13.125997694699947, 13.532478175884307 ], [ 13.125855086602996, 13.532700014035015 ], [ 13.125641175457702, 13.533088230298802 ], [ 13.125455785331724, 13.533573498628527 ], [ 13.125327438244483, 13.534155820024182 ], [ 13.125184830147589, 13.534682680382161 ], [ 13.124985179011958, 13.535209539740151 ], [ 13.124757005856907, 13.535722533088688 ], [ 13.124429007634092, 13.536235526437224 ], [ 13.124015446353098, 13.536720787766967 ], [ 13.123673187120517, 13.537206049096653 ], [ 13.123330927887991, 13.537511070303935 ], [ 13.122917364606963, 13.537746768464046 ], [ 13.122532324345343, 13.537913142577111 ], [ 13.121990413977187, 13.538065652680757 ], [ 13.121534068667074, 13.538273620822054 ], [ 13.121291635502359, 13.538453858944479 ], [ 13.121077724357008, 13.538717285123482 ], [ 13.121106246376428, 13.538939117274197 ], [ 13.121206071444249, 13.539133220406086 ], [ 13.1214199825896, 13.539368915566229 ], [ 13.121591112705858, 13.539701662792311 ], [ 13.121819284860862, 13.540131460084353 ], [ 13.12210450105465, 13.540588986395221 ], [ 13.122446760287232, 13.541171289790839 ], [ 13.122817539539142, 13.541601085082903 ], [ 13.12310275573293, 13.542044743384338 ], [ 13.123416492946092, 13.542363621600998 ], [ 13.12373023015931, 13.542529992714037 ], [ 13.123830056227121, 13.542765685874201 ], [ 13.124043967372472, 13.542987514024901 ], [ 13.124229357498393, 13.543140021128522 ], [ 13.124671441798796, 13.5434727633546 ], [ 13.125142048118562, 13.543763910552457 ], [ 13.126454040010003, 13.544013466721992 ], [ 13.126867602290986, 13.543888688637196 ], [ 13.127323947601042, 13.543736182533564 ], [ 13.127880117978918, 13.543542084401736 ], [ 13.128678721521567, 13.543223206185019 ], [ 13.129234892899433, 13.543098428100279 ], [ 13.129876628335467, 13.543001378034319 ], [ 13.130532623781164, 13.543001378034319 ], [ 13.131488096430417, 13.542959786006065 ], [ 13.132087048837377, 13.54272871484909 ], [ 13.132573971168199, 13.542372427607006 ], [ 13.133607877870702, 13.541760087190937 ], [ 13.134202077274438, 13.541575230065348 ], [ 13.134665552589297, 13.541459692986848 ], [ 13.135188447944586, 13.541459692986848 ], [ 13.135711344299864, 13.541540569041786 ], [ 13.136008442501748, 13.541644551112427 ], [ 13.136424382784355, 13.541933391308703 ], [ 13.136959162147718, 13.542245337520626 ], [ 13.137529593535305, 13.542591944756111 ], [ 13.137862344761402, 13.542857676936706 ], [ 13.138218865003637, 13.543134962125066 ], [ 13.13864668829433, 13.543493122368432 ], [ 13.138991323528501, 13.543897494643204 ], [ 13.139193351665767, 13.54411701079232 ], [ 13.139395379803034, 13.544324973933669 ], [ 13.139514218883789, 13.544636918145613 ], [ 13.139597406940311, 13.544948861357568 ], [ 13.139730183030508, 13.545120106473917 ], [ 13.140086702272754, 13.545784427925298 ], [ 13.14056000959431, 13.547259539927552 ], [ 13.140833341780024, 13.547548373123789 ], [ 13.141332469119163, 13.548230018586935 ], [ 13.141582033288728, 13.548495743767489 ], [ 13.142069275619804, 13.549165833222787 ], [ 13.142413911853964, 13.54969728158386 ], [ 13.142485215902411, 13.549893686717326 ], [ 13.142592171975082, 13.550020771803645 ], [ 13.142829852136572, 13.550159409897844 ], [ 13.143067531298072, 13.550194069921417 ], [ 13.143364631499935, 13.550147856890021 ], [ 13.143816221806787, 13.550032324811525 ], [ 13.144172742049022, 13.549859026693753 ], [ 13.144529262291258, 13.549581749505364 ], [ 13.144766941452758, 13.549512430458265 ], [ 13.145028388630408, 13.549535537473957 ], [ 13.145230416767674, 13.549685728576037 ], [ 13.145444328913015, 13.549824366670236 ], [ 13.145741428114832, 13.550020771803645 ], [ 13.146169855405958, 13.550308375999066 ], [ 13.146644610728515, 13.550529112149093 ], [ 13.146799102833484, 13.550506006133389 ], [ 13.146929826922303, 13.550448240094113 ], [ 13.147072435019197, 13.550321155007794 ], [ 13.147405186245294, 13.550032324811525 ], [ 13.147833009535987, 13.549685728576037 ], [ 13.147975617632881, 13.549512430458265 ], [ 13.148177644770158, 13.54925825928558 ], [ 13.148225538802706, 13.549094359174205 ], [ 13.148118225729775, 13.548900109042222 ], [ 13.14786866156021, 13.548645936869548 ], [ 13.147488374301815, 13.548518850783182 ], [ 13.147048667003048, 13.5483571046733 ], [ 13.14665649473659, 13.548114485508449 ], [ 13.146335627518567, 13.547860313335718 ], [ 13.146002876292528, 13.547502160092392 ], [ 13.145753312122906, 13.54715555985689 ], [ 13.145527515969491, 13.546808958621398 ], [ 13.145373024864568, 13.546462358385895 ], [ 13.145159112719227, 13.545965563048355 ], [ 13.144957084581961, 13.545826921954131 ], [ 13.144632327361251, 13.545466708709398 ], [ 13.143800447796025, 13.545062339434651 ], [ 13.143146829351963, 13.544744619218761 ], [ 13.14262544699767, 13.544116240791823 ], [ 13.142463824887898, 13.54382971359712 ], [ 13.142169101687614, 13.543469245352242 ], [ 13.141959943545544, 13.543265903214035 ], [ 13.141864872480937, 13.542970132013068 ], [ 13.141883886493815, 13.542803760900028 ], [ 13.14205501561014, 13.541860989259476 ], [ 13.142216637719912, 13.54113079976338 ], [ 13.142349738810367, 13.540890483600094 ], [ 13.142825098133358, 13.540446824298613 ], [ 13.14332508947308, 13.539949883960958 ], [ 13.14368160771528, 13.53934331454883 ], [ 13.143800447796025, 13.538823397195586 ], [ 13.143978707917199, 13.538274592822688 ], [ 13.144156104037677, 13.537775600483656 ], [ 13.144422306218587, 13.537202531094294 ], [ 13.144593435334855, 13.536869780868187 ], [ 13.144669493386516, 13.536592487679798 ], [ 13.144650478373592, 13.536435355573019 ], [ 13.144479349257324, 13.536324439497662 ], [ 13.144203640069975, 13.536232008434865 ], [ 13.143671237708247, 13.536185792403444 ], [ 13.143043763281923, 13.536121091359519 ], [ 13.14265396901709, 13.536093361340647 ], [ 13.1424162888556, 13.536010173284126 ], [ 13.142245158739286, 13.535890013202504 ], [ 13.142007479577842, 13.535621963020333 ], [ 13.141750786403406, 13.535270723781707 ], [ 13.141399020164386, 13.534845539492835 ], [ 13.141047253925365, 13.534466569235349 ], [ 13.140781051744511, 13.534198517053198 ], [ 13.140495836550713, 13.533875005833409 ], [ 13.140334214440884, 13.533505277582151 ], [ 13.140201114350475, 13.533227982393782 ], [ 13.140134563305253, 13.532959928211653 ], [ 13.140106042285879, 13.532543982929042 ], [ 13.14009653527944, 13.532128035646394 ], [ 13.140163085324616, 13.531656630326097 ], [ 13.140294672414029, 13.530966717857325 ], [ 13.140334214440884, 13.530214674346382 ], [ 13.140182099337551, 13.529604612931848 ], [ 13.140134563305253, 13.529253365693194 ], [ 13.140106042285879, 13.528874387435678 ], [ 13.140134563305253, 13.528606329253591 ], [ 13.14022012836341, 13.528181131964686 ], [ 13.140362736460304, 13.527571065550148 ], [ 13.14046731453135, 13.527071920211029 ], [ 13.140505343557209, 13.52640638975879 ], [ 13.140524357570087, 13.525944216444771 ], [ 13.140486328544284, 13.525500528143311 ], [ 13.140362736460304, 13.525167760917213 ], [ 13.140172592331112, 13.524788775659715 ], [ 13.139849348111454, 13.524326598345681 ], [ 13.139516595885368, 13.523864420031657 ], [ 13.139202858672206, 13.523513162792995 ], [ 13.138993700530079, 13.523171149560596 ], [ 13.138841586426736, 13.522829136328255 ], [ 13.138727499349216, 13.522219056913741 ], [ 13.138708485336281, 13.521581245480377 ], [ 13.138813064407373, 13.520906456021862 ], [ 13.138879615452595, 13.520250152575954 ], [ 13.138955671504277, 13.519991328400067 ], [ 13.139012714543014, 13.519797210268166 ], [ 13.139202858672206, 13.519482923054625 ], [ 13.139393002801398, 13.519177878847358 ], [ 13.139611342949763, 13.518921232672994 ], [ 13.140134563305253, 13.518105600118815 ], [ 13.140448300518415, 13.517671140823609 ], [ 13.140724008705774, 13.517486263698004 ], [ 13.141104296964158, 13.517366094616364 ], [ 13.141636699325886, 13.517227436522148 ], [ 13.142390546838101, 13.516884458289098 ], [ 13.14301524226255, 13.516506417032247 ], [ 13.143595179656586, 13.516395489956892 ], [ 13.14397546791497, 13.516395489956892 ], [ 13.144403291205663, 13.516497173025982 ], [ 13.145344502845148, 13.516756001201827 ], [ 13.145952963258594, 13.516922390314903 ], [ 13.146580437684918, 13.517107267440508 ], [ 13.147417070253368, 13.517347606603778 ], [ 13.148139616744288, 13.517578702760829 ], [ 13.148586455047905, 13.51769887184247 ], [ 13.148795613190032, 13.517717359854998 ], [ 13.149128364416129, 13.517708115848734 ], [ 13.14956569471326, 13.51765265281108 ], [ 13.150459371320494, 13.51750475171059 ], [ 13.151191423817863, 13.517329118591249 ], [ 13.152018550379864, 13.517061048409062 ], [ 13.153054833083957, 13.516765245208092 ], [ 13.153939001684705, 13.516524904044786 ], [ 13.154148159826832, 13.516450953994536 ], [ 13.154480912052918, 13.51623834485008 ], [ 13.154756620240278, 13.516192124818701 ], [ 13.155013314414646, 13.516173636806116 ], [ 13.155174936524475, 13.516229100843816 ], [ 13.155412615685975, 13.516358514931767 ], [ 13.155441137705338, 13.516524904044786 ], [ 13.155536209769934, 13.516783733220677 ], [ 13.15563128183453, 13.517070292415383 ], [ 13.155830932970218, 13.517403069641489 ], [ 13.156040091112288, 13.51772660386132 ], [ 13.156315799299648, 13.518105600118815 ], [ 13.156553479461138, 13.518364426294681 ], [ 13.156715100570977, 13.518614009464272 ], [ 13.156848201661376, 13.519020734740593 ], [ 13.156943273725972, 13.51935350996672 ], [ 13.157038345790568, 13.519750991236776 ], [ 13.156971794745346, 13.520250152575954 ], [ 13.156715100570977, 13.520610656820907 ], [ 13.156363335331946, 13.520943431046987 ], [ 13.156106641157521, 13.521119061166303 ], [ 13.155735860905622, 13.521276203273089 ], [ 13.15539360167304, 13.52141485836728 ], [ 13.155136908498662, 13.521599732492916 ], [ 13.154927750356535, 13.521830822649918 ], [ 13.154889721330676, 13.521997208762969 ], [ 13.154870707317798, 13.522403930039331 ], [ 13.154889721330676, 13.523124931529196 ], [ 13.154984793395272, 13.523716521931192 ], [ 13.155127401492166, 13.524178701245205 ], [ 13.155298529608444, 13.524613147540379 ], [ 13.15554571677643, 13.525029107823002 ], [ 13.155859453989592, 13.525250952973749 ], [ 13.156078120138147, 13.525371118055375 ], [ 13.156486929415905, 13.525592963206122 ], [ 13.156895737693674, 13.525657667250073 ], [ 13.157295039964993, 13.525713128287748 ], [ 13.15770384924275, 13.52576858932548 ], [ 13.15806512248821, 13.525861024388234 ], [ 13.158312308656207, 13.526036650507592 ], [ 13.158759146959767, 13.526411011761923 ], [ 13.159144188221376, 13.526660585931552 ], [ 13.159614793541152, 13.52697255314348 ], [ 13.159928530754314, 13.527208261303656 ], [ 13.160206615943252, 13.527430104454368 ], [ 13.160456180112817, 13.527700473638106 ], [ 13.160563136185488, 13.527894585769957 ], [ 13.160684353267868, 13.52814415793955 ], [ 13.160727135296952, 13.528372933095 ], [ 13.160677222263018, 13.528671032297552 ], [ 13.160570266190348, 13.529100849589554 ], [ 13.160441919103164, 13.529766372041763 ], [ 13.160363485049857, 13.530036740225455 ], [ 13.160256528977186, 13.530182322324379 ], [ 13.160051799838072, 13.53038901146482 ], [ 13.159771662647756, 13.530515081550448 ], [ 13.159550620497555, 13.530515081550448 ], [ 13.159450795429734, 13.530612136616412 ], [ 13.159422273410371, 13.530792381738877 ], [ 13.159493577458818, 13.530903300814259 ], [ 13.159600532531442, 13.530979558866079 ], [ 13.159757401638046, 13.531048882913183 ], [ 13.159957052773734, 13.531104342950869 ], [ 13.160121051885142, 13.531111275955539 ], [ 13.16030644201112, 13.531166734993235 ], [ 13.160434789098304, 13.531229128035648 ], [ 13.160613049219421, 13.531326182101566 ], [ 13.160791309340539, 13.531464832195809 ], [ 13.160875795397942, 13.531624652304401 ], [ 13.160933916437443, 13.531776792407754 ], [ 13.16099809048103, 13.531998630558462 ], [ 13.161119306563421, 13.532338319789289 ], [ 13.161318957699052, 13.532906780175495 ], [ 13.161440173781443, 13.533204874378043 ], [ 13.161625563907364, 13.533426710528772 ], [ 13.161789563018829, 13.533662411688908 ], [ 13.161925041110862, 13.533773330764291 ], [ 13.162067649207756, 13.533884248839684 ], [ 13.162224517314314, 13.53394664088205 ], [ 13.162345734396695, 13.533960504891468 ], [ 13.162538254527533, 13.533932775872643 ], [ 13.162787817697051, 13.533807992787843 ], [ 13.163015990852102, 13.533683209703042 ], [ 13.163343989074974, 13.53355842561831 ], [ 13.163593553244539, 13.533489101571206 ], [ 13.163914420462561, 13.533412845519365 ], [ 13.164049897554605, 13.533398980509958 ], [ 13.164377895777477, 13.533350454476988 ], [ 13.164527633879175, 13.533294995439292 ], [ 13.164784328053599, 13.533100887307398 ], [ 13.16499824019894, 13.532885982161361 ], [ 13.165433194494483, 13.532497765897631 ], [ 13.165803973746392, 13.532241265723314 ], [ 13.166060667920817, 13.532095684624437 ], [ 13.166345884114605, 13.531998630558462 ], [ 13.166852142458595, 13.531825319440713 ], [ 13.167443963860705, 13.531665873332372 ], [ 13.167976011222208, 13.531602398289237 ], [ 13.16829961144208, 13.531561886261727 ], [ 13.16869891271341, 13.531561886261727 ], [ 13.168991258912001, 13.531596548285279 ], [ 13.169183780042829, 13.531665873332372 ], [ 13.169411952197891, 13.531811455431296 ], [ 13.169640125352885, 13.531950103525503 ], [ 13.169825515478863, 13.532123414643252 ], [ 13.170032295619365, 13.532372982812831 ], [ 13.170267598779219, 13.532678010020106 ], [ 13.170431597890683, 13.532885982161361 ], [ 13.170688292065051, 13.533114752316806 ], [ 13.170838031166795, 13.533274198425147 ], [ 13.17110185534608, 13.533523763594758 ], [ 13.171308637486561, 13.533794127778435 ], [ 13.171522547631923, 13.534078355971531 ], [ 13.171707937757901, 13.5343764481741 ], [ 13.171843415849935, 13.53455669029654 ], [ 13.171978892941979, 13.53468147338134 ], [ 13.172242718121254, 13.534861713503801 ], [ 13.172470890276259, 13.534937969555642 ], [ 13.172877322552438, 13.535048887630978 ], [ 13.173262363814047, 13.535062752640385 ], [ 13.173825665196773, 13.535152873701634 ], [ 13.174267749497176, 13.535187534725196 ], [ 13.174845310889566, 13.535201399734603 ], [ 13.175415742277153, 13.535229128753429 ], [ 13.175758000509688, 13.535326181819414 ], [ 13.176007564679253, 13.535381640857054 ], [ 13.176299910877901, 13.535548017970143 ], [ 13.176627909100773, 13.535908499215054 ], [ 13.176991559347869, 13.536144198375212 ], [ 13.177291034551331, 13.536317507492925 ], [ 13.177476424677309, 13.536449220582426 ], [ 13.177611902769343, 13.536497746615396 ], [ 13.177747379861387, 13.536574001667248 ], [ 13.178068248079398, 13.536795835817941 ], [ 13.178317812248963, 13.537003804959227 ], [ 13.178617288452472, 13.537260300133539 ], [ 13.178959546685007, 13.537468269274825 ], [ 13.179130675801275, 13.537509863303114 ], [ 13.179287544907879, 13.537537592321939 ], [ 13.179472935033857, 13.537537592321939 ], [ 13.179729629208225, 13.53749599829365 ], [ 13.17998632338265, 13.537468269274825 ], [ 13.180243017557075, 13.537468269274825 ], [ 13.180535363755723, 13.537461337270145 ], [ 13.180749274901018, 13.53749599829365 ], [ 13.181120056152963, 13.537544524326677 ], [ 13.181269794254717, 13.537516795307795 ], [ 13.181526488429142, 13.537468269274825 ], [ 13.182018484763432, 13.537204842095832 ], [ 13.182674481209119, 13.536754241789708 ], [ 13.183444562732348, 13.536234319436403 ], [ 13.184200385245902, 13.535742123102011 ], [ 13.184592556512371, 13.535499490937127 ], [ 13.184877771706169, 13.535236061758155 ], [ 13.185162987899957, 13.534937969555642 ], [ 13.185341248021075, 13.534716135404892 ], [ 13.185490986122829, 13.534515096268308 ], [ 13.185804723335991, 13.534099152985675 ], [ 13.185968722447399, 13.533891180844364 ], [ 13.18606141651037, 13.533745600745476 ], [ 13.18617550358789, 13.533489101571206 ], [ 13.186303850675131, 13.533232603396925 ], [ 13.186375153723588, 13.532976104222598 ], [ 13.186496370805912, 13.532560157939997 ], [ 13.186560544849556, 13.532067954605566 ], [ 13.186603326878583, 13.531665873332372 ], [ 13.186603326878583, 13.531367777129844 ], [ 13.186553413844706, 13.5308547737813 ], [ 13.186425066757465, 13.530542811569319 ], [ 13.186253937641197, 13.530154592305564 ], [ 13.186189763597611, 13.529849562098264 ], [ 13.186004374471622, 13.529239499683797 ], [ 13.185804723335991, 13.528643302278681 ], [ 13.185647855229377, 13.528102562911272 ], [ 13.185540899156706, 13.52780446270873 ], [ 13.185269943972628, 13.527055744200027 ], [ 13.185141596885444, 13.526688315950366 ], [ 13.18510594486122, 13.526473405804325 ], [ 13.185070292836997, 13.526265426663031 ], [ 13.185070292836997, 13.525877201399226 ], [ 13.18509168385151, 13.52541964708837 ], [ 13.185120205870874, 13.525170071918808 ], [ 13.185141596885444, 13.524975956786875 ], [ 13.185198639924181, 13.52455306549956 ], [ 13.185269943972628, 13.52412324020753 ], [ 13.185341248021075, 13.523762739962592 ], [ 13.185519507142203, 13.523284383637531 ], [ 13.18559081119065, 13.523124931529196 ], [ 13.185733419287544, 13.522681239227722 ], [ 13.185982983457109, 13.522064225808492 ], [ 13.186166859582045, 13.521613465502242 ], [ 13.186403675742952, 13.521156035191439 ], [ 13.186736427969038, 13.5206383888397 ], [ 13.186888543072371, 13.520361076651284 ], [ 13.187249816317831, 13.519630823155126 ], [ 13.187573059537499, 13.519094684790844 ], [ 13.187839261718352, 13.518724933539602 ], [ 13.188019897841116, 13.518503083388907 ], [ 13.188305114034904, 13.518077869099955 ], [ 13.188618851248066, 13.517689628836195 ], [ 13.188875545422491, 13.517384581628903 ], [ 13.189084702564571, 13.517245924534677 ], [ 13.1893318897325, 13.516996341365143 ], [ 13.189569569894047, 13.516728269182977 ], [ 13.190073451236401, 13.516256831862677 ], [ 13.190282609378471, 13.516090441749611 ], [ 13.191176284985715, 13.51546185832251 ], [ 13.192146017644575, 13.51477780785774 ], [ 13.192821029103243, 13.514232415487186 ], [ 13.19323934538744, 13.513918121273605 ], [ 13.19362913965233, 13.513622313072631 ], [ 13.193971398884855, 13.513326505871646 ], [ 13.194285136098017, 13.513141625746016 ], [ 13.194446758207846, 13.513030697670672 ], [ 13.194731974401634, 13.513002965651822 ], [ 13.195017188595443, 13.513058429689522 ], [ 13.195178811705262, 13.513243309815095 ], [ 13.195523154939224, 13.513333003876085 ], [ 13.195853822163883, 13.513446677953311 ], [ 13.196196081396408, 13.513511385997276 ], [ 13.196500310603142, 13.513557606028655 ], [ 13.196766511784006, 13.513511385997276 ], [ 13.197080248997167, 13.513391213915611 ], [ 13.197574623333082, 13.513317261865382 ], [ 13.197764767462274, 13.513363481896761 ], [ 13.197945403584981, 13.513502141990955 ], [ 13.198116532701306, 13.513622313072631 ], [ 13.19838273388217, 13.51375172916056 ], [ 13.198601400030725, 13.513964340304994 ], [ 13.198924644250326, 13.514371073581401 ], [ 13.199181338424751, 13.5146483927698 ], [ 13.19945704661211, 13.514944197970806 ], [ 13.199618668721939, 13.51523076016548 ], [ 13.199742261805909, 13.51568371147323 ], [ 13.199932405935101, 13.516053466724486 ], [ 13.200036985006136, 13.516321538906652 ], [ 13.200132057070732, 13.516534148051107 ], [ 13.200208115122393, 13.516589612088751 ], [ 13.200331708206363, 13.516691294157852 ], [ 13.200331708206363, 13.516829952252067 ], [ 13.200331708206363, 13.517310631578653 ], [ 13.200246143148263, 13.517671140823609 ], [ 13.200065507025499, 13.518003918049715 ], [ 13.199789797838207, 13.518447620351196 ], [ 13.19942852459269, 13.518946784690343 ], [ 13.19904315933087, 13.519325647947767 ], [ 13.198458791933831, 13.519972841387528 ], [ 13.198049982656073, 13.520305614613619 ], [ 13.197660188391239, 13.52049973274552 ], [ 13.197127785029465, 13.520629144833435 ], [ 13.196642779699914, 13.520745951912829 ], [ 13.196388275526999, 13.520864727993512 ], [ 13.196205588402904, 13.520915700028127 ], [ 13.195996430260777, 13.521008136090927 ], [ 13.195806286131585, 13.521193010216564 ], [ 13.195397476853827, 13.521544270455252 ], [ 13.195017188595443, 13.521840066656182 ], [ 13.19471295938871, 13.522135863857216 ], [ 13.194256614078654, 13.522607290177518 ], [ 13.194123513988188, 13.52286611135338 ], [ 13.19407597795589, 13.523050983478981 ], [ 13.19407597795589, 13.523235854604593 ], [ 13.19411400598176, 13.523383752705058 ], [ 13.194180557026982, 13.523605598855795 ], [ 13.194199571039917, 13.523845932019071 ], [ 13.194190064033421, 13.524058535163533 ], [ 13.194180557026982, 13.52429886732682 ], [ 13.194142528001123, 13.524566930508968 ], [ 13.194142528001123, 13.524899697735066 ], [ 13.194161542014058, 13.525463554118176 ], [ 13.194247107072215, 13.525879511400831 ], [ 13.194408729181987, 13.526203033620618 ], [ 13.194570351291816, 13.526415633765112 ], [ 13.194741481408073, 13.526646720922088 ], [ 13.194941131543771, 13.526868564072856 ], [ 13.195121767666478, 13.527007216167021 ], [ 13.195340433815034, 13.527145868261243 ], [ 13.195616142002393, 13.52722905931779 ], [ 13.19591086520262, 13.527266033342869 ], [ 13.196416434546165, 13.527400360434171 ], [ 13.196796721804503, 13.527539010528358 ], [ 13.197070053990274, 13.527758542677532 ], [ 13.197379038200211, 13.528012736850258 ], [ 13.197664253393953, 13.528197604975844 ], [ 13.197961352595826, 13.528336256070077 ], [ 13.198199032757316, 13.528440244140711 ], [ 13.198460480934955, 13.528498016179981 ], [ 13.198745696128753, 13.528532678203533 ], [ 13.19907844835484, 13.528498016179981 ], [ 13.199399315572862, 13.528370919093618 ], [ 13.199755834815107, 13.528082061897351 ], [ 13.200100471049268, 13.527781650693214 ], [ 13.200361918226918, 13.527539010528358 ], [ 13.200647134420706, 13.527411914442041 ], [ 13.200896697590281, 13.52730792537136 ], [ 13.201146261759845, 13.52725015433208 ], [ 13.201502781002091, 13.52726170833995 ], [ 13.201835533228177, 13.527157719269326 ], [ 13.202524803696519, 13.527065284206515 ], [ 13.203356683261688, 13.527099947230056 ], [ 13.203950881665435, 13.527076839214374 ], [ 13.204497546036862, 13.527111502237915 ], [ 13.204735225198363, 13.527180828284997 ], [ 13.205067977424449, 13.527342588394902 ], [ 13.205317540594024, 13.527573673551899 ], [ 13.205424496666694, 13.527793204701084 ], [ 13.205424496666694, 13.528070507889481 ], [ 13.205317540594024, 13.528278485030796 ], [ 13.205210584521353, 13.528648221282026 ], [ 13.205079861432523, 13.529041064548949 ], [ 13.205020441392151, 13.529537895886506 ], [ 13.205067977424449, 13.529861413106346 ], [ 13.205186816505204, 13.530150268302577 ], [ 13.20541261265862, 13.530462229514569 ], [ 13.205674059836269, 13.530762637718681 ], [ 13.205947392021983, 13.531016828891381 ], [ 13.206244492223846, 13.531247911048411 ], [ 13.206494055393421, 13.531351898119055 ], [ 13.206731734554921, 13.531525210236794 ], [ 13.207040718764858, 13.531814062433057 ], [ 13.207361585982881, 13.532022035574357 ], [ 13.207587382136296, 13.532195346692106 ], [ 13.207872598330084, 13.53231088777062 ], [ 13.20843114470955, 13.532518860911921 ], [ 13.208863308003231, 13.532744923065536 ], [ 13.209583892492788, 13.53292325218672 ], [ 13.210094902840012, 13.532981022225954 ], [ 13.210629683203365, 13.532934806194589 ], [ 13.211307069663633, 13.532877036155298 ], [ 13.211687356922027, 13.532842374131747 ], [ 13.212008225140039, 13.532900144171037 ], [ 13.21222213728538, 13.532981022225954 ], [ 13.212281557325753, 13.533177441359442 ], [ 13.212210253277306, 13.533362305485014 ], [ 13.212008225140039, 13.533581830634205 ], [ 13.211794312994698, 13.533824464799068 ], [ 13.211509097800899, 13.533974666901088 ], [ 13.211318953671707, 13.533940004877536 ], [ 13.211152577558664, 13.533766694759777 ], [ 13.210962434429462, 13.533616492657757 ], [ 13.210689103243737, 13.533593384642018 ], [ 13.210403887049949, 13.533662708689121 ], [ 13.210178090896534, 13.533812910791198 ], [ 13.209987946767342, 13.533997774916827 ], [ 13.209880990694671, 13.534309732128747 ], [ 13.209750267605841, 13.53455236629361 ], [ 13.209488820428192, 13.53472567541138 ], [ 13.209286792290925, 13.534806552466307 ], [ 13.20903722812136, 13.534783445450614 ], [ 13.208936591052975, 13.534737098419157 ], [ 13.208811432967934, 13.534679459379959 ], [ 13.208502448757997, 13.534529258277928 ], [ 13.208205348556135, 13.534390610183721 ], [ 13.207908250354308, 13.534309732128747 ], [ 13.207527962095924, 13.534251963089503 ], [ 13.207135790829454, 13.53422885507382 ], [ 13.206791154595294, 13.534251963089503 ], [ 13.206446519361123, 13.534332840144486 ], [ 13.206042464086579, 13.534587027317173 ], [ 13.20565029182012, 13.534771891442801 ], [ 13.205365076626322, 13.534968307576207 ], [ 13.205079861432523, 13.53533803282744 ], [ 13.204735225198363, 13.535823297157151 ], [ 13.204663921149915, 13.536065929322035 ], [ 13.204640153133766, 13.536320114494742 ], [ 13.204687689166065, 13.536504975620346 ], [ 13.204830297262959, 13.536736052777314 ], [ 13.204925369327555, 13.536909360895095 ], [ 13.204996673376002, 13.537198207091365 ], [ 13.205079861432523, 13.537498606295458 ], [ 13.205186816505204, 13.537729682452436 ], [ 13.2052818885698, 13.537856773538806 ], [ 13.205590871779748, 13.538018526648727 ], [ 13.20588797198161, 13.538226494790024 ], [ 13.206185072183473, 13.53844601693919 ], [ 13.206292028256144, 13.538700200111862 ], [ 13.206292028256144, 13.538965936292414 ], [ 13.206161304167324, 13.539231672472965 ], [ 13.206125652143101, 13.539370315567169 ], [ 13.206125652143101, 13.539786249849783 ], [ 13.206078116110803, 13.540225290148101 ], [ 13.205983044046206, 13.540768312517059 ], [ 13.205840435949312, 13.540976277658388 ], [ 13.205721595868567, 13.541207350815341 ], [ 13.205614639795897, 13.541380654933107 ], [ 13.205602755787822, 13.54163483510581 ], [ 13.205674059836269, 13.541842800247139 ], [ 13.205804783925089, 13.541992997349155 ], [ 13.205935508013908, 13.542131640443358 ], [ 13.206090000118877, 13.54235115759252 ], [ 13.206244492223846, 13.542697764828006 ], [ 13.206446519361123, 13.543044372063548 ], [ 13.206762521575797, 13.543641551469307 ], [ 13.207052602772933, 13.544130401801453 ], [ 13.207302165942508, 13.544534774076169 ], [ 13.207551730112073, 13.544800504256727 ], [ 13.207896366346233, 13.545112447468682 ], [ 13.208181580539986, 13.54527419457861 ], [ 13.208443028717625, 13.545308854602126 ], [ 13.208680708879115, 13.545285747586433 ], [ 13.208894621024513, 13.545204873531475 ], [ 13.209132300185956, 13.545124000476562 ], [ 13.209441284395893, 13.545054680429473 ], [ 13.209762151613916, 13.545100893460869 ], [ 13.210071134823863, 13.545216427539344 ], [ 13.210296930977279, 13.545401282664955 ], [ 13.210427655066098, 13.545655457837654 ], [ 13.2103801190338, 13.545886525994661 ], [ 13.210249394944981, 13.546082934128094 ], [ 13.209916642718895, 13.546198468206569 ], [ 13.209702731573543, 13.546221575222319 ], [ 13.209298676298999, 13.546210021214449 ], [ 13.208930273048736, 13.546279342261528 ], [ 13.20856186879837, 13.546314002285101 ], [ 13.208241000580358, 13.546475749394972 ], [ 13.208074626467351, 13.546660602520603 ], [ 13.208027090435053, 13.546857009654047 ], [ 13.208038974443127, 13.547238270913113 ], [ 13.208132856506893, 13.547524793107755 ], [ 13.20821842156505, 13.54768191921454 ], [ 13.208275464603787, 13.547903742365236 ], [ 13.208294478616722, 13.548088595490867 ], [ 13.208227928571489, 13.548245719597617 ], [ 13.208075814468145, 13.548328903654124 ], [ 13.207885670338953, 13.548328903654124 ], [ 13.207571933125791, 13.548227234585056 ], [ 13.207286716932003, 13.548171778547385 ], [ 13.20699199373172, 13.54819950656622 ], [ 13.206687763525053, 13.54819950656622 ], [ 13.206526142415214, 13.548254962603892 ], [ 13.20638353431832, 13.548365873679245 ], [ 13.206355013298946, 13.548504512773434 ], [ 13.206421563344179, 13.548670880886505 ], [ 13.206526142415214, 13.548864975018375 ], [ 13.206659242505623, 13.549086798169071 ], [ 13.206839878628386, 13.54922543726326 ], [ 13.20699199373172, 13.549234680269535 ], [ 13.20717948785915, 13.549270488293871 ], [ 13.207277209925508, 13.549327105332338 ], [ 13.207438832035336, 13.549327105332338 ], [ 13.207686019203322, 13.549336348338613 ], [ 13.207885670338953, 13.549327105332338 ], [ 13.208161378526256, 13.549317863326053 ], [ 13.208370536668383, 13.549188467238139 ], [ 13.208636737849247, 13.54904982814395 ], [ 13.208902939030111, 13.548791034968133 ], [ 13.209188155223956, 13.54868012289279 ], [ 13.209530414456481, 13.54868012289279 ], [ 13.209701542572759, 13.548938916068607 ], [ 13.209967744753612, 13.549197709244424 ], [ 13.210233945934476, 13.549382561370066 ], [ 13.210490640108901, 13.549572034498794 ], [ 13.210704552254242, 13.549941736749986 ], [ 13.210799624318838, 13.550380758048277 ], [ 13.21101353546419, 13.550981523456471 ], [ 13.211227446609541, 13.551351223707627 ], [ 13.211560198835627, 13.551882668068743 ], [ 13.211702806932522, 13.552229261304262 ], [ 13.211757390969581, 13.552646366587624 ], [ 13.211722540945914, 13.553392743094776 ], [ 13.21181761301051, 13.553928803458973 ], [ 13.212083814191374, 13.554280014697611 ], [ 13.212502131475617, 13.55466819496138 ], [ 13.212958475785683, 13.555019405200028 ], [ 13.213395807082804, 13.55522273733817 ], [ 13.213833137379993, 13.55524122235073 ], [ 13.214365539741721, 13.555148798287917 ], [ 13.214935971129307, 13.555130314275345 ], [ 13.215430345465222, 13.55522273733817 ], [ 13.215734574671899, 13.55524122235073 ], [ 13.216000775852763, 13.555204253325599 ], [ 13.216152890956153, 13.555019405200028 ], [ 13.216228949007814, 13.554723648999072 ], [ 13.216152890956153, 13.554280014697611 ], [ 13.215829646736495, 13.553706985308281 ], [ 13.215411331452287, 13.553300318031972 ], [ 13.214897942103448, 13.552727286642607 ], [ 13.214707798974246, 13.552320618366309 ], [ 13.214669768948454, 13.551913949090022 ], [ 13.214783856025917, 13.551507278813688 ], [ 13.215050057206838, 13.551119092549925 ], [ 13.215677531633162, 13.550120898871683 ], [ 13.216038804878622, 13.549769681633052 ], [ 13.216381064111147, 13.549732710607941 ], [ 13.216818395408325, 13.549732710607941 ], [ 13.217103609602134, 13.549566345494895 ], [ 13.2174078398088, 13.549418464394421 ], [ 13.217788128067184, 13.549510889457224 ], [ 13.218282502403099, 13.549788166645612 ], [ 13.218738846713165, 13.550157868896804 ], [ 13.219100119958625, 13.550398176060128 ], [ 13.21923322104908, 13.55069393726103 ], [ 13.219252235062015, 13.551137577562486 ], [ 13.219347307126611, 13.551488793801127 ], [ 13.219556465268681, 13.55185849405234 ], [ 13.219841681462469, 13.552320618366309 ], [ 13.219917737514152, 13.552745771655168 ], [ 13.219955766540011, 13.553429712119907 ], [ 13.219898723501274, 13.554372438760424 ], [ 13.220126895656279, 13.554890012112082 ], [ 13.22046915488886, 13.555204253325599 ], [ 13.220659299018052, 13.555518492539136 ], [ 13.220754371082649, 13.556091517928451 ], [ 13.220716342056789, 13.556627572292655 ], [ 13.220393097837132, 13.55716362465688 ], [ 13.219955766540011, 13.557625738970899 ], [ 13.219917737514152, 13.558254212397912 ], [ 13.220069852617542, 13.558790261762113 ], [ 13.220412111850067, 13.559289341101248 ], [ 13.220775548097038, 13.559554321281269 ], [ 13.220868457160122, 13.559622061327275 ], [ 13.221400859521907, 13.559825389465459 ], [ 13.221876218844898, 13.559862357490545 ], [ 13.222522708284146, 13.559751451415195 ], [ 13.223188210736282, 13.559437217201719 ], [ 13.223397368878409, 13.559196919038413 ], [ 13.223663571059319, 13.558956621875154 ], [ 13.223739628110991, 13.55860541663651 ], [ 13.223853715188511, 13.557995430222093 ], [ 13.224062873330581, 13.557200593682012 ], [ 13.224234002446849, 13.556664541317787 ], [ 13.224557246666507, 13.556110001941022 ], [ 13.225032605989497, 13.555832731752616 ], [ 13.225526980325412, 13.555814247740045 ], [ 13.226116425725877, 13.555999093865637 ], [ 13.226724886139323, 13.556239395028911 ], [ 13.227485460656112, 13.55673848036804 ], [ 13.228074906056577, 13.557256047719704 ], [ 13.228683367470012, 13.557644223983459 ], [ 13.229158725793013, 13.558106337297431 ], [ 13.229710143167665, 13.558586932623996 ], [ 13.230308327574107, 13.559219638053889 ], [ 13.230432688658595, 13.559659029352417 ], [ 13.230603818774853, 13.559899325515687 ], [ 13.230851005942839, 13.560139622678946 ], [ 13.231269322227035, 13.560361434829645 ], [ 13.23164961048542, 13.560232043741735 ], [ 13.232086939782562, 13.559899325515687 ], [ 13.232543285092618, 13.559622061327275 ], [ 13.232980616389796, 13.559695998377549 ], [ 13.23336090364819, 13.560047200616168 ], [ 13.23372217689365, 13.560731121080835 ], [ 13.234159508190771, 13.561396553532973 ], [ 13.234482752410429, 13.561858659846962 ], [ 13.234729938578369, 13.562468638261407 ], [ 13.234920082707561, 13.563244970788901 ], [ 13.235148254862622, 13.56355920100242 ], [ 13.235528543121006, 13.564039786328919 ], [ 13.235870802353531, 13.564243111467079 ], [ 13.236270102624815, 13.564446434605259 ], [ 13.236745462947795, 13.564427950592687 ], [ 13.237106736193311, 13.564243111467079 ], [ 13.237468009438771, 13.563984334291263 ], [ 13.237981397787564, 13.563873430215892 ], [ 13.238456757110555, 13.56394736626612 ], [ 13.239027188498142, 13.564224627454507 ], [ 13.239407475756536, 13.564612790718286 ], [ 13.2396736769374, 13.565037922007093 ], [ 13.239749734989061, 13.565426085270872 ], [ 13.239502547821132, 13.565832730547129 ], [ 13.239103245549813, 13.566202408798347 ], [ 13.238646901239747, 13.56649815099928 ], [ 13.238304642007222, 13.566756924175081 ], [ 13.238057454839236, 13.567126600426263 ], [ 13.23768694758752, 13.567829917904135 ], [ 13.23723983728371, 13.568512881368179 ], [ 13.236992650115781, 13.569344645933313 ], [ 13.236726448934917, 13.570083989435659 ], [ 13.236308131650674, 13.570730912875263 ], [ 13.235851787340607, 13.57121148420174 ], [ 13.235623615185602, 13.571710537540866 ], [ 13.235604600172678, 13.57237594099297 ], [ 13.235680658224339, 13.572690158206456 ], [ 13.235775730288935, 13.573004375419941 ], [ 13.236194045573143, 13.573558873796685 ], [ 13.23640320371527, 13.573873090010181 ], [ 13.236612361857397, 13.574261239273937 ], [ 13.236631376870321, 13.574612419512562 ], [ 13.236441232741129, 13.574908150713497 ], [ 13.236060945482734, 13.575037532801389 ], [ 13.235338398991814, 13.575185398901851 ], [ 13.234710923565444, 13.575388714040002 ], [ 13.234482752410429, 13.575370230027431 ], [ 13.234330637307039, 13.575277814964636 ], [ 13.234235565242443, 13.575111465851592 ], [ 13.234178522203706, 13.574760285613024 ], [ 13.234102464152045, 13.574279722286462 ], [ 13.233950349048655, 13.573891573022763 ], [ 13.233817248958246, 13.573484940746482 ], [ 13.233589075803195, 13.573078308470201 ], [ 13.233398931674003, 13.572801058281811 ], [ 13.233170759518998, 13.572671675193874 ], [ 13.232839431293883, 13.572655156182691 ], [ 13.232215520869943, 13.572943958378914 ], [ 13.231651032486411, 13.573088359477026 ], [ 13.230908282981716, 13.573463801732089 ], [ 13.230165534477067, 13.574099164163783 ], [ 13.229155394790723, 13.574763404615112 ], [ 13.228204676144742, 13.575023324791744 ], [ 13.227521346680476, 13.575456524086064 ], [ 13.22701627733727, 13.575947482419679 ], [ 13.226956857296898, 13.57646731877287 ], [ 13.226659758095082, 13.576842756027929 ], [ 13.226362657893219, 13.577189313263432 ], [ 13.226154687751887, 13.577772681659781 ], [ 13.226154687751887, 13.578442689115036 ], [ 13.226368599897228, 13.578927865444712 ], [ 13.226725120139463, 13.579389936758616 ], [ 13.227390622591656, 13.579782697025507 ], [ 13.228127430092286, 13.579898214103991 ], [ 13.22850771835067, 13.580083042229546 ], [ 13.228840468576777, 13.580475801496448 ], [ 13.22924452485131, 13.581030282873201 ], [ 13.229886260287344, 13.582393378799338 ], [ 13.229886260287344, 13.58276303105049 ], [ 13.229696116158095, 13.583987498882493 ], [ 13.229434668980502, 13.58458817929062 ], [ 13.229101916754416, 13.584842312463252 ], [ 13.228816700560628, 13.585281268761548 ], [ 13.228222502156882, 13.585928152201063 ], [ 13.226962950301072, 13.587121246011691 ], [ 13.226339693877605, 13.587835867497233 ], [ 13.226273527832632, 13.588261533786465 ], [ 13.22632106386493, 13.589047024320166 ], [ 13.226671599103099, 13.589452391595614 ], [ 13.227200479462454, 13.589716998775373 ], [ 13.227699606801593, 13.589763203806797 ], [ 13.228198734140733, 13.589855613869588 ], [ 13.228555254382968, 13.589485973618423 ], [ 13.229149452786714, 13.589185640414371 ], [ 13.229292060883608, 13.588815998163227 ], [ 13.229501219025678, 13.588215328755098 ], [ 13.22957727607735, 13.587457560240239 ], [ 13.229768299207194, 13.587084211986564 ], [ 13.230014607374528, 13.586773716775554 ], [ 13.230547009736256, 13.58657041163741 ], [ 13.231345614278894, 13.586644340687656 ], [ 13.231725900537242, 13.586903091863462 ], [ 13.231992101718163, 13.587365148177412 ], [ 13.232296331924829, 13.588104435679725 ], [ 13.232904793338264, 13.588621936031359 ], [ 13.233760439919649, 13.588917650232247 ], [ 13.234216785229705, 13.588899168219712 ], [ 13.235034402785232, 13.588825239169466 ], [ 13.235623849185743, 13.588603454018767 ], [ 13.236422452728334, 13.588233810767633 ], [ 13.237068941167593, 13.588159882717378 ], [ 13.237563314503518, 13.588381667868077 ], [ 13.238076702852311, 13.588381667868077 ], [ 13.23859009220115, 13.588252292780169 ], [ 13.239160522588747, 13.588233810767633 ], [ 13.23946475279547, 13.588326221830414 ], [ 13.239921098105526, 13.588511042955986 ], [ 13.240320400376845, 13.588788275144395 ], [ 13.240624629583522, 13.589083989345283 ], [ 13.241042945867775, 13.589619967709439 ], [ 13.241347176074498, 13.589897198897859 ], [ 13.241860565423281, 13.58993416292293 ], [ 13.242335923746282, 13.58976782480994 ], [ 13.242659168965929, 13.58963845072202 ], [ 13.242811284069262, 13.589287291483402 ], [ 13.242735226017601, 13.588621936031359 ], [ 13.242735226017601, 13.587919613554163 ], [ 13.242811284069262, 13.587143362026723 ], [ 13.243096499263061, 13.586773716775554 ], [ 13.243495800534333, 13.58638558851186 ], [ 13.243952145844446, 13.585905049185328 ], [ 13.244066232921966, 13.585461471883946 ], [ 13.243933131831511, 13.584925482519793 ], [ 13.243800030741056, 13.584481905218411 ], [ 13.243800030741056, 13.58407529094211 ], [ 13.243990174870248, 13.583631710640702 ], [ 13.244370463128632, 13.583317508427228 ], [ 13.244788779412886, 13.583077235264 ], [ 13.245454281865079, 13.582799996075607 ], [ 13.24625288640766, 13.582652135975138 ], [ 13.246671201691868, 13.58276303105049 ], [ 13.247336706144097, 13.58276303105049 ], [ 13.247888122518759, 13.582726066025373 ], [ 13.248439539893411, 13.582541239899797 ], [ 13.249067014319735, 13.582134622623528 ], [ 13.249751531784852, 13.581580143246754 ], [ 13.250436049249913, 13.580951730819777 ], [ 13.250740279456636, 13.58054511054354 ], [ 13.251063523676294, 13.580360284417964 ], [ 13.251424796921754, 13.580101525242128 ], [ 13.251748041141354, 13.580175456292352 ], [ 13.251900156244744, 13.580471180493305 ], [ 13.25199522830934, 13.580970213832359 ], [ 13.252280443503139, 13.581838900422611 ], [ 13.252774817838997, 13.583040270238882 ], [ 13.253136091084457, 13.583335990439821 ], [ 13.253326235213706, 13.583798052753764 ], [ 13.25344032129118, 13.584278598080232 ], [ 13.253345249226584, 13.584999412570028 ], [ 13.253193134123251, 13.585646296009543 ], [ 13.252983975981124, 13.586311660461604 ], [ 13.252622702735664, 13.58708791498907 ], [ 13.252584673709805, 13.587383631189994 ], [ 13.252660730761477, 13.587901131541571 ], [ 13.252888903916528, 13.588529524968578 ], [ 13.253288206187847, 13.588991578282503 ], [ 13.253763564510848, 13.589342737521122 ], [ 13.253972723652964, 13.58976782480994 ], [ 13.2543149818855, 13.590525587324805 ], [ 13.25463822710509, 13.590858261550807 ], [ 13.25515161545394, 13.591080044701528 ], [ 13.255563550733825, 13.591794321186853 ], [ 13.255900305962655, 13.592316020541318 ], [ 13.256114218107996, 13.592419981611954 ], [ 13.256280594221039, 13.592558594706134 ], [ 13.256470738350231, 13.592801168870949 ], [ 13.25662522945521, 13.593147702106421 ], [ 13.256779720560132, 13.59354044037326 ], [ 13.256957980681307, 13.593759909522362 ], [ 13.257219428858946, 13.593875420600853 ], [ 13.257623484133433, 13.593886971608697 ], [ 13.258193915521019, 13.593771460530206 ], [ 13.258716810876308, 13.59380611355374 ], [ 13.259215938215448, 13.593956277655764 ], [ 13.259453618376938, 13.594187299812745 ], [ 13.259738833570736, 13.594441422985426 ], [ 13.260047816780684, 13.594591586087461 ], [ 13.260606365160186, 13.594741750189485 ], [ 13.261153027531634, 13.594741750189485 ], [ 13.261973023088785, 13.59497277034643 ], [ 13.262495919444063, 13.595122933448465 ], [ 13.262614757524773, 13.595226891519133 ], [ 13.262650409548996, 13.595411707644701 ], [ 13.262436499403691, 13.59567738082518 ], [ 13.262127515193754, 13.595908399982136 ], [ 13.261699691903061, 13.596162522154827 ], [ 13.261473895749646, 13.596532152405985 ], [ 13.260951000394357, 13.597051943759141 ], [ 13.260606365160186, 13.597444675025997 ], [ 13.260558829127888, 13.597918261347786 ], [ 13.260499409087515, 13.59820703154395 ], [ 13.260392453014845, 13.598403396677384 ], [ 13.260226076901802, 13.598518904755849 ], [ 13.259988397740301, 13.598565108787284 ], [ 13.259501154409236, 13.598599760810828 ], [ 13.25916840218315, 13.598669065857905 ], [ 13.258966375045873, 13.598796125944261 ], [ 13.258883186989351, 13.598980939069804 ], [ 13.258978259053947, 13.59928126027387 ], [ 13.259002027070096, 13.599546928454345 ], [ 13.258883186989351, 13.60081751231769 ], [ 13.258788114924755, 13.60109472950603 ], [ 13.258716810876308, 13.601348844678682 ], [ 13.258360290634073, 13.601706916921955 ], [ 13.258146380488768, 13.601880177039675 ], [ 13.258075076440321, 13.602053437157451 ], [ 13.258015656399891, 13.602261349298715 ], [ 13.258051308424172, 13.602411508400735 ], [ 13.258146380488768, 13.602607868534108 ], [ 13.25817014750487, 13.602896634730314 ], [ 13.258063192432246, 13.603139197895132 ], [ 13.257911105328901, 13.60321978994989 ], [ 13.257623484133433, 13.603324008020707 ], [ 13.257195660842797, 13.603474166122737 ], [ 13.25712435679435, 13.603624323224778 ], [ 13.257100588778201, 13.603959290452337 ], [ 13.256969864689381, 13.604213402625021 ], [ 13.256791604568207, 13.604305806687819 ], [ 13.256458854342156, 13.604305806687819 ], [ 13.256054798067623, 13.604190301609322 ], [ 13.255864653938431, 13.604051694515135 ], [ 13.255674509809239, 13.603762930318965 ], [ 13.255615090768856, 13.603347109036406 ], [ 13.255591322752707, 13.602723374612594 ], [ 13.255591322752707, 13.602238248283015 ], [ 13.255591322752707, 13.601995684118208 ], [ 13.255722045841537, 13.601221786592362 ], [ 13.255840885922282, 13.600702005239214 ], [ 13.255840885922282, 13.600551845137147 ], [ 13.255793349889984, 13.600413236042982 ], [ 13.255591322752707, 13.600274626948817 ], [ 13.254973355332822, 13.600367033011594 ], [ 13.254533648034055, 13.600413236042982 ], [ 13.254260315848342, 13.600286177956662 ], [ 13.25417712779182, 13.600101365831108 ], [ 13.254117707751448, 13.599905002697653 ], [ 13.254105823743373, 13.599581581477935 ], [ 13.254117707751448, 13.599154201187503 ], [ 13.254189011799895, 13.598634413834361 ], [ 13.254200895807969, 13.598276337591074 ], [ 13.254117707751448, 13.59789515933204 ], [ 13.253844376565723, 13.597386919986718 ], [ 13.253416553275031, 13.597040392751296 ], [ 13.253060033032796, 13.59680937359434 ], [ 13.25270351379055, 13.596763170562951 ], [ 13.25233510954024, 13.596936434680686 ], [ 13.251883519233445, 13.597040392751296 ], [ 13.251479462958855, 13.597675692182975 ], [ 13.251408158910408, 13.597971202383746 ], [ 13.251402216906399, 13.598098262470046 ], [ 13.25149134696693, 13.598167566517134 ], [ 13.251651781075964, 13.59817334152109 ], [ 13.251865693221305, 13.598248422572112 ], [ 13.25198453330205, 13.598288850599545 ], [ 13.25213308340301, 13.598387032666267 ], [ 13.252198444447401, 13.598462113717289 ], [ 13.252263806491783, 13.5986064988154 ], [ 13.252251922483708, 13.598797087944888 ], [ 13.252174676431252, 13.598970351062633 ], [ 13.252038011338414, 13.599085859141098 ], [ 13.251830041197081, 13.599195591215675 ], [ 13.251693375104253, 13.599276447270597 ], [ 13.251170479748964, 13.599622970506061 ], [ 13.250932799587474, 13.599692275553139 ], [ 13.250564396337154, 13.599651847525649 ], [ 13.250005848957642, 13.599692275553139 ], [ 13.249768168796152, 13.599738478584527 ], [ 13.249548314646745, 13.599934841717925 ], [ 13.249308655483901, 13.600281364953389 ], [ 13.249213583419305, 13.60074339526733 ], [ 13.248987787265889, 13.601101466510613 ], [ 13.24896401924974, 13.601586596840207 ], [ 13.248655036039793, 13.602164131232655 ], [ 13.248262863773334, 13.602545303491638 ], [ 13.247846925490762, 13.603365397048833 ], [ 13.247644897353496, 13.603885174402023 ], [ 13.247680549377719, 13.604451151786577 ], [ 13.248060836636114, 13.60517883628097 ], [ 13.248441123894452, 13.605467598477162 ], [ 13.24909474333856, 13.605617754579214 ], [ 13.249522566629253, 13.605663956610613 ], [ 13.250116766032988, 13.605733259657711 ], [ 13.250710965436724, 13.605675506618468 ], [ 13.250924876582076, 13.60558310255567 ], [ 13.251269512816236, 13.605467598477162 ], [ 13.251459656945428, 13.605432947453664 ], [ 13.251614148050407, 13.60556000153997 ], [ 13.251828060195749, 13.605617754579214 ], [ 13.252244000478356, 13.605640855594913 ], [ 13.252481678639867, 13.605733259657711 ], [ 13.252481678639867, 13.605987370830348 ], [ 13.252315303526814, 13.606333885065794 ], [ 13.25227965150259, 13.606680398301251 ], [ 13.252350955551037, 13.606830554403246 ], [ 13.252386607575261, 13.607026910536661 ], [ 13.252422259599484, 13.607188616646511 ], [ 13.252303419518739, 13.607431175811371 ], [ 13.251970668292643, 13.607488927850568 ], [ 13.25154284500195, 13.607477377842713 ], [ 13.251245744800087, 13.607592881921221 ], [ 13.251008064638597, 13.607904742133087 ], [ 13.250889224557852, 13.608124200282248 ], [ 13.250901108565927, 13.608343657431305 ], [ 13.25106748467897, 13.608690166666747 ], [ 13.251031832654746, 13.608909623815862 ], [ 13.250901108565927, 13.608978925862971 ], [ 13.250532706315596, 13.609140629972842 ], [ 13.250164302065286, 13.609221483027795 ], [ 13.249712710758445, 13.609209932019951 ], [ 13.248999671273964, 13.609036676902178 ], [ 13.248655036039793, 13.608978925862971 ], [ 13.248381703854079, 13.608990475870826 ], [ 13.248060836636114, 13.609186832004241 ], [ 13.247716201401943, 13.609475590200418 ], [ 13.247442869216229, 13.609764347396606 ], [ 13.246432729529886, 13.61024945872623 ], [ 13.246218819384524, 13.610376511812547 ], [ 13.245862299142289, 13.610861623142171 ], [ 13.245553314932351, 13.611277431424696 ], [ 13.245458242867755, 13.611543085605206 ], [ 13.245363171803149, 13.611889591840622 ], [ 13.245161143665882, 13.612189897044686 ], [ 13.244887812480158, 13.612524852272259 ], [ 13.244609004290737, 13.612652036358668 ], [ 13.244186657003752, 13.612582602311477 ], [ 13.243794484737293, 13.612467101232994 ], [ 13.243473617519271, 13.612374699170232 ], [ 13.242938838155908, 13.612363149162377 ], [ 13.242748695026762, 13.612536402280114 ], [ 13.242606086929868, 13.612732754413514 ], [ 13.242582318913719, 13.613033057617542 ], [ 13.242748695026762, 13.613287160790208 ], [ 13.243010142204355, 13.613564363978583 ], [ 13.24323593835777, 13.613887767198321 ], [ 13.243437966495037, 13.614211169418013 ], [ 13.243509269543495, 13.614546120645628 ], [ 13.243461733511197, 13.614881072873175 ], [ 13.243342894430441, 13.615204474092934 ], [ 13.243259706373919, 13.615666474406851 ], [ 13.243247822365845, 13.61602452365014 ], [ 13.243295358398143, 13.61627862382278 ], [ 13.243509269543495, 13.616544273003285 ], [ 13.243711296680772, 13.616844572207299 ], [ 13.243937092834187, 13.617179520434888 ], [ 13.244127236963379, 13.617468267631068 ], [ 13.244745204383264, 13.61795336496067 ], [ 13.245018535568988, 13.61824211215685 ], [ 13.245422591843521, 13.618530859353029 ], [ 13.245909835174587, 13.618692557462907 ], [ 13.24631389144912, 13.618912003612024 ], [ 13.246694177707525, 13.618992852666963 ], [ 13.246931857869015, 13.618923553619879 ], [ 13.247062581957834, 13.618750305502147 ], [ 13.247240841078963, 13.618334511219643 ], [ 13.24731214512741, 13.618103513062692 ], [ 13.247526057272751, 13.617837865882223 ], [ 13.247763737434241, 13.617710816795864 ], [ 13.248227211749111, 13.61764151674879 ], [ 13.248512427942899, 13.617502917654633 ], [ 13.248690688064016, 13.617514467662488 ], [ 13.248892716201283, 13.617699266788009 ], [ 13.249177931395081, 13.61795336496067 ], [ 13.249249235443529, 13.61826521217256 ], [ 13.24946314658888, 13.618438460290292 ], [ 13.249677058734221, 13.618438460290292 ], [ 13.249784014806892, 13.618380710251017 ], [ 13.24996227392802, 13.618219012141196 ], [ 13.250116766032988, 13.618091963054837 ], [ 13.250390098218702, 13.617999563992043 ], [ 13.250734733452873, 13.618080413046982 ], [ 13.250901108565927, 13.618184362117631 ], [ 13.251156872739671, 13.618358158235708 ], [ 13.251471540953503, 13.618473109313811 ], [ 13.251519076985801, 13.618611708407968 ], [ 13.251471540953503, 13.618808054541375 ], [ 13.251210092775864, 13.619004402674818 ], [ 13.251055600670895, 13.619258498847444 ], [ 13.251103136703193, 13.619466395988695 ], [ 13.251245744800087, 13.619674293129947 ], [ 13.251459656945428, 13.619835990239835 ], [ 13.251732988131153, 13.619859090255545 ], [ 13.252086103371084, 13.619790210208748 ], [ 13.252291535510665, 13.619604994082863 ], [ 13.252517330664091, 13.619281598863154 ], [ 13.252564866696389, 13.618958202643398 ], [ 13.252755010825581, 13.618692557462907 ], [ 13.252945154954773, 13.618542408360895 ], [ 13.253230371148561, 13.618473109313811 ], [ 13.25338486225354, 13.618530859353029 ], [ 13.253598774398881, 13.618842704564941 ], [ 13.253872105584549, 13.619108350745421 ], [ 13.254288044867167, 13.619085251729757 ], [ 13.254537609036731, 13.61881960454923 ], [ 13.2546921011417, 13.618565508376605 ], [ 13.25506050439202, 13.618299861196078 ], [ 13.255430031643129, 13.618321352210728 ], [ 13.255630935779607, 13.618403810266727 ], [ 13.255880499949171, 13.618715656478628 ], [ 13.256011223038001, 13.618981302659108 ], [ 13.256094411094523, 13.619200749808215 ], [ 13.256260787207566, 13.619570344059355 ], [ 13.256343975264087, 13.61992838830264 ], [ 13.256189483159119, 13.620101635420326 ], [ 13.255999339029927, 13.620367279600828 ], [ 13.255975571013778, 13.620667573804838 ], [ 13.256118179110672, 13.620990967024568 ], [ 13.25616571514297, 13.621325910252153 ], [ 13.256189483159119, 13.621730149526798 ], [ 13.256320207247938, 13.62199579270731 ], [ 13.256486583360982, 13.622099740777969 ], [ 13.256724262522482, 13.622296084911341 ], [ 13.256854985611312, 13.622353833950569 ], [ 13.257223389861622, 13.622319184927051 ], [ 13.257425417998888, 13.622157488817209 ], [ 13.257484838039261, 13.62201889272302 ], [ 13.257484838039261, 13.621845646605323 ], [ 13.257591794111931, 13.621660852479749 ], [ 13.257888893313805, 13.6215800044248 ], [ 13.258138457483369, 13.621637752464039 ], [ 13.258447440693317, 13.621822547589602 ], [ 13.258542511757867, 13.621810997581747 ], [ 13.258685119854761, 13.621649302471894 ], [ 13.258697003862835, 13.621510705377716 ], [ 13.258732655887059, 13.62127971122078 ], [ 13.25887526398401, 13.621083365087372 ], [ 13.259065408113202, 13.620887019953955 ], [ 13.259005988072829, 13.620748422859776 ], [ 13.258921621015475, 13.620562650733575 ], [ 13.259386276331213, 13.620032337373232 ], [ 13.25981409862186, 13.620113185428181 ], [ 13.260479602074042, 13.620055436388952 ], [ 13.260776702275905, 13.619905289286919 ], [ 13.261240176590832, 13.619512595020126 ], [ 13.261584812824992, 13.619270048855299 ], [ 13.261958961079188, 13.61918313579622 ], [ 13.262245725274056, 13.619169020786671 ], [ 13.262531680468328, 13.619194252803823 ], [ 13.262592797509853, 13.619228742827261 ], [ 13.262679040568457, 13.61927741186031 ], [ 13.262755760620621, 13.619290968869507 ], [ 13.262783619639549, 13.619295891872866 ], [ 13.262964256762245, 13.6193744309262 ], [ 13.263140139881784, 13.619536128036088 ], [ 13.263221175936849, 13.619726805165669 ], [ 13.263224188938864, 13.619733894170452 ], [ 13.263230457943109, 13.619748645180493 ], [ 13.263258978962483, 13.619984261340562 ], [ 13.263297007988342, 13.620843563924439 ], [ 13.263230457943109, 13.621157717137862 ], [ 13.263210023929275, 13.621225983184274 ], [ 13.263209499928905, 13.621227732185446 ], [ 13.263208884928474, 13.621229786186859 ], [ 13.263154399891448, 13.621411811310509 ], [ 13.262781955638388, 13.621865483618762 ], [ 13.262268568289585, 13.622198114844764 ], [ 13.261541267795394, 13.622641623146137 ], [ 13.26091379436906, 13.623403898664037 ], [ 13.260543013117115, 13.623972140050171 ], [ 13.260500231088088, 13.624110736144303 ], [ 13.260457449059004, 13.624387926332645 ], [ 13.260400405020221, 13.624526521426844 ], [ 13.260186493874926, 13.624568099455075 ], [ 13.259944059710165, 13.62449880240797 ], [ 13.259801451613271, 13.624193893200811 ], [ 13.259444933371071, 13.6240968761349 ], [ 13.2592025002063, 13.624235471229099 ], [ 13.258936298025446, 13.62461429748646 ], [ 13.258746154896244, 13.625214873894549 ], [ 13.25884122596085, 13.625422766035797 ], [ 13.259055138106191, 13.625445865051461 ], [ 13.259673104526087, 13.626046440459561 ], [ 13.259696872542236, 13.626323627647878 ], [ 13.258960066041595, 13.627363079354154 ], [ 13.259126442154638, 13.627945169749637 ], [ 13.259055138106191, 13.628268552969359 ], [ 13.259043254098117, 13.628730528283256 ], [ 13.258829341952776, 13.62896151544021 ], [ 13.258532242750903, 13.629423488754071 ], [ 13.258128187476359, 13.629931659099384 ], [ 13.257961811363316, 13.630335885373995 ], [ 13.257926159339092, 13.630867151735004 ], [ 13.258080651444061, 13.631075037876258 ], [ 13.258532242750903, 13.631086587884113 ], [ 13.258781805920478, 13.631121234907653 ], [ 13.259376006324203, 13.631109685899787 ], [ 13.259589918469544, 13.631317573041031 ], [ 13.259815712622981, 13.631733345323539 ], [ 13.260100928816769, 13.632126017590338 ], [ 13.260326724970184, 13.632229960660936 ], [ 13.260671360204356, 13.632322354723726 ], [ 13.260909040365846, 13.632460944817922 ], [ 13.261146719527346, 13.632576436896386 ], [ 13.26128932762424, 13.632460944817922 ], [ 13.261503238769592, 13.632391649770796 ], [ 13.261705266906858, 13.632380099762941 ], [ 13.261883527027976, 13.632495591841462 ], [ 13.261824106987603, 13.63285361708472 ], [ 13.261752802939156, 13.633061502225928 ], [ 13.261586426826113, 13.633338681414273 ], [ 13.261431934721145, 13.633488819516288 ], [ 13.261360631672687, 13.633696703657563 ], [ 13.261764686947231, 13.633765998704632 ], [ 13.262049903141019, 13.633950784830176 ], [ 13.261978599092572, 13.634193315994935 ], [ 13.261705266906858, 13.634539789230359 ], [ 13.261764686947231, 13.634886261465795 ], [ 13.2619191790522, 13.635024849559954 ], [ 13.262251930278296, 13.635024849559954 ], [ 13.26239453837519, 13.635198085677644 ], [ 13.262335118334818, 13.635348223779658 ], [ 13.262323234326743, 13.635533007905224 ], [ 13.262240046270222, 13.635833283109264 ], [ 13.262085555165243, 13.636168204336798 ], [ 13.262144975205615, 13.636468477540802 ], [ 13.262251930278296, 13.636514673572208 ], [ 13.26239453837519, 13.636514673572208 ], [ 13.262608449520485, 13.636468477540802 ], [ 13.262869897698124, 13.636491575556533 ], [ 13.263190764916146, 13.636549320595748 ], [ 13.263523517142232, 13.636745653729179 ], [ 13.263773081311797, 13.637045926933183 ], [ 13.264070179513681, 13.637288455097973 ], [ 13.264379163723618, 13.637369298152919 ], [ 13.264688147933555, 13.637415494184268 ], [ 13.264913943086981, 13.637392396168593 ], [ 13.265234811304992, 13.637507885247032 ], [ 13.265555678523015, 13.637646473341192 ], [ 13.265745821652217, 13.637646473341192 ], [ 13.266173645942899, 13.637646473341192 ], [ 13.266684657290114, 13.637727315396148 ], [ 13.26701740851621, 13.637704217380474 ], [ 13.267362044750371, 13.637554081278438 ], [ 13.267575955895666, 13.637530983262764 ], [ 13.267730448000691, 13.637658021349068 ], [ 13.268063200226777, 13.638119977662939 ], [ 13.26843160347704, 13.638339406812008 ], [ 13.268859426767733, 13.63850109192191 ], [ 13.269263482042277, 13.63846644489837 ], [ 13.27003594156713, 13.638247015749243 ], [ 13.270855937124281, 13.637958292553094 ], [ 13.271675931681443, 13.637819706458913 ], [ 13.272175059020583, 13.637750413411823 ], [ 13.273173313698862, 13.638039135608039 ], [ 13.273375341836129, 13.638720521070979 ], [ 13.273529833941097, 13.638766716102396 ], [ 13.27368432504602, 13.638685874047439 ], [ 13.274040845288255, 13.638558835961135 ], [ 13.274349829498249, 13.638524189937584 ], [ 13.274753883772746, 13.638581933976809 ], [ 13.27513417203113, 13.638732070078845 ], [ 13.275336199168407, 13.638870656172969 ], [ 13.275645183378344, 13.639159378369186 ], [ 13.275930398572143, 13.639563587643806 ], [ 13.276108658693261, 13.639829210824303 ], [ 13.276096774685186, 13.640083284996933 ], [ 13.276037354644814, 13.640256517114608 ], [ 13.275835326507547, 13.640406651216608 ], [ 13.27550257528145, 13.640383554200923 ], [ 13.275039099966534, 13.640314261153833 ], [ 13.274635043692001, 13.640325810161698 ], [ 13.274373596514351, 13.640348907177383 ], [ 13.274124033344776, 13.64046439525589 ], [ 13.273755629094467, 13.64049904227943 ], [ 13.273410993860352, 13.640452846248024 ], [ 13.273018821593837, 13.640475944263699 ], [ 13.27274549040817, 13.64064917638143 ], [ 13.272388971165924, 13.641007187624666 ], [ 13.272305783109402, 13.641295906820858 ], [ 13.272044334931763, 13.641446040922858 ], [ 13.271604627632996, 13.641457589930667 ], [ 13.270998544221186, 13.641295906820858 ], [ 13.270677677003164, 13.641249711789442 ], [ 13.270249852712482, 13.641353650860083 ], [ 13.269251598034202, 13.64201192930733 ], [ 13.268835658751584, 13.642462327613373 ], [ 13.268776238711212, 13.642924275927214 ], [ 13.268928488814652, 13.643997386656338 ], [ 13.269073338913074, 13.645441872637832 ], [ 13.269337911092862, 13.646040596044656 ], [ 13.269869566454076, 13.646596726422501 ], [ 13.270428112833599, 13.646908534634349 ], [ 13.271188688350378, 13.647208794838377 ], [ 13.271889842826795, 13.647324279916859 ], [ 13.272436507198222, 13.647462861010979 ], [ 13.272555347278967, 13.647405118971733 ], [ 13.273315921795756, 13.647335827924678 ], [ 13.273601136989498, 13.647382021956048 ], [ 13.273779397110616, 13.647612991113022 ], [ 13.273838817150988, 13.647924799324869 ], [ 13.273886353183286, 13.648201960513177 ], [ 13.273743745086392, 13.64844447767797 ], [ 13.27345852989265, 13.648559961756405 ], [ 13.273256501755384, 13.648479122701474 ], [ 13.273042589610043, 13.64849067070935 ], [ 13.272923749529241, 13.648640799811346 ], [ 13.272959401553464, 13.648814025929028 ], [ 13.273102009650415, 13.648941059015385 ], [ 13.273315921795756, 13.648975704038889 ], [ 13.273470413900725, 13.649114284133077 ], [ 13.273601136989498, 13.649322155274319 ], [ 13.27392200520751, 13.6493683483057 ], [ 13.274124033344776, 13.649310606266454 ], [ 13.274219105409429, 13.649195123188008 ], [ 13.274373596514351, 13.649137381148762 ], [ 13.274623159683927, 13.649114284133077 ], [ 13.274837071829268, 13.649148929156581 ], [ 13.275003447942311, 13.649241316219388 ], [ 13.275122288023056, 13.649426090344889 ], [ 13.27526489611995, 13.649610864470446 ], [ 13.275371851192631, 13.649911119674471 ], [ 13.275680835402568, 13.65026911791773 ], [ 13.276061122660963, 13.650453891043242 ], [ 13.276358221862836, 13.650673309192314 ], [ 13.276714742105071, 13.651285367608182 ], [ 13.277279237488642, 13.652067109139352 ], [ 13.277463432613786, 13.652359354337932 ], [ 13.277665460751052, 13.65261341451054 ], [ 13.277924229926839, 13.652853190673454 ], [ 13.27808140003367, 13.653098438840118 ], [ 13.278093284041745, 13.653352498012737 ], [ 13.278271544162862, 13.653583462169649 ], [ 13.278366616227459, 13.653860617357964 ], [ 13.278521108332427, 13.654218608601184 ], [ 13.278746904485843, 13.654449571758107 ], [ 13.279032118679595, 13.654622792875841 ], [ 13.279269798841085, 13.654738273954308 ], [ 13.279852114236746, 13.654969236111242 ], [ 13.280434429632408, 13.65518864926031 ], [ 13.280885545938929, 13.655301821337218 ], [ 13.281113718093991, 13.655311059343489 ], [ 13.282045422727037, 13.655726788625941 ], [ 13.282254580869107, 13.655893080738906 ], [ 13.282587333095194, 13.65607784886447 ], [ 13.282825012256694, 13.656225663964904 ], [ 13.283062692418184, 13.656382717071608 ], [ 13.283338400605544, 13.656669108266215 ], [ 13.283718687863939, 13.657066358536099 ], [ 13.283956368025429, 13.657241887655402 ], [ 13.284888071658486, 13.658091817232844 ], [ 13.285468011052501, 13.658470589490207 ], [ 13.286047949446527, 13.658756976684799 ], [ 13.286361686659689, 13.658969458829176 ], [ 13.286637394847048, 13.659228131004966 ], [ 13.286675423872907, 13.659431374143026 ], [ 13.286684930879346, 13.659625378274825 ], [ 13.286608873827674, 13.659819382406681 ], [ 13.286447250717856, 13.660013385538491 ], [ 13.286209571556356, 13.660151959632628 ], [ 13.286095485478825, 13.660253579701703 ], [ 13.286083745470876, 13.660472323850286 ], [ 13.286181049536992, 13.660697017002974 ], [ 13.286390207679119, 13.660844828103393 ], [ 13.286570844801815, 13.66104807024152 ], [ 13.286675423872907, 13.661149690310538 ], [ 13.286875075008538, 13.661269787392143 ], [ 13.287198319228139, 13.661279025398414 ], [ 13.287844807667398, 13.661112737285464 ], [ 13.288358196016247, 13.660872543122252 ], [ 13.288795527313368, 13.660447583833502 ], [ 13.289432511746213, 13.660143692627003 ], [ 13.28977476797877, 13.659930241482016 ], [ 13.290145548230669, 13.659579186243491 ], [ 13.290326185353422, 13.659172700967304 ], [ 13.290554356508437, 13.658766215691116 ], [ 13.29109626687665, 13.65833201439608 ], [ 13.291410004089812, 13.657870097082196 ], [ 13.291704727290039, 13.657555992868822 ], [ 13.292151677593722, 13.657172510608234 ], [ 13.292493823826192, 13.657029404511036 ], [ 13.292702981968318, 13.656983213479634 ], [ 13.292940662129809, 13.657158742598881 ], [ 13.292988197162117, 13.65742665578091 ], [ 13.293073762220274, 13.657759237006871 ], [ 13.293206863310672, 13.657916289113587 ], [ 13.293549121543265, 13.658110294245432 ], [ 13.293976944833901, 13.658276584358418 ], [ 13.294271668034185, 13.658562972553 ], [ 13.294442797150452, 13.659052602885652 ], [ 13.294471319169816, 13.659680808312487 ], [ 13.294528362208609, 13.659865573438026 ], [ 13.294965692505741, 13.660041099557304 ], [ 13.295526616886832, 13.660244341695432 ], [ 13.295764297048322, 13.660484536858633 ], [ 13.295887890132349, 13.660752446040647 ], [ 13.295982962196945, 13.661094261272865 ], [ 13.296000418208791, 13.661429117500404 ], [ 13.296020991222747, 13.661731697705989 ], [ 13.296116063287343, 13.661897984819007 ], [ 13.296401278481142, 13.662184369013573 ], [ 13.296772058733097, 13.662479991214411 ], [ 13.297012114896177, 13.662686117354497 ], [ 13.297214143033443, 13.662882428487876 ], [ 13.297273563073816, 13.663124929652611 ], [ 13.297321099106114, 13.66351755091938 ], [ 13.297297331089965, 13.663875528162635 ], [ 13.297130954976922, 13.664141124343075 ], [ 13.297130954976922, 13.664464457562758 ], [ 13.297071534936549, 13.664776242774622 ], [ 13.296917042831581, 13.664995647923718 ], [ 13.296346612443983, 13.665526836284641 ], [ 13.296025744225972, 13.665573027315986 ], [ 13.295586036927205, 13.665584574323873 ], [ 13.295324588749565, 13.665307432135535 ], [ 13.295086908588075, 13.664880171845255 ], [ 13.294777926378174, 13.66492636187661 ], [ 13.294587782248982, 13.664868623837378 ], [ 13.29439763811979, 13.66470695772756 ], [ 13.294183726974438, 13.66471850473539 ], [ 13.293874742764501, 13.664972551908022 ], [ 13.293456018479958, 13.665181920050259 ], [ 13.293197356304233, 13.665249694096303 ], [ 13.292935908126594, 13.665203504064948 ], [ 13.292817068045849, 13.665053385962949 ], [ 13.292626923916657, 13.664961004900135 ], [ 13.292531851852061, 13.66513421901783 ], [ 13.292460548803604, 13.665792430465046 ], [ 13.292496199827838, 13.666138856700456 ], [ 13.2927933000297, 13.666173498723992 ], [ 13.293137936263861, 13.666439091904465 ], [ 13.293256776344606, 13.666716233092757 ], [ 13.293494454506117, 13.667051110320301 ], [ 13.293696482643384, 13.6672012284223 ], [ 13.29379155470798, 13.667443724587031 ], [ 13.293862858756427, 13.667790148822405 ], [ 13.293601410578788, 13.668586922363772 ], [ 13.293411267449585, 13.668921796591349 ], [ 13.293233008328457, 13.668967985622714 ], [ 13.292983444158892, 13.669095007709018 ], [ 13.292817068045849, 13.669349049881646 ], [ 13.293244892336531, 13.670041892352401 ], [ 13.293518222522266, 13.670145818423009 ], [ 13.293993582845246, 13.670099629391586 ], [ 13.294445174152088, 13.669730114140521 ], [ 13.294789810386249, 13.669683924109165 ], [ 13.295229516684969, 13.669649282085629 ], [ 13.295681108991801, 13.669499165983609 ], [ 13.296061396250195, 13.669256670818868 ], [ 13.296406032484356, 13.668817869520694 ], [ 13.296750667718527, 13.668367521214748 ], [ 13.296952694855804, 13.667894075893059 ], [ 13.297190375017294, 13.66759384168904 ], [ 13.297356751130337, 13.667524556641979 ], [ 13.29741617117071, 13.667316702500727 ], [ 13.297392403154561, 13.667074205336007 ], [ 13.297214143033443, 13.666900993218292 ], [ 13.297095302952698, 13.666554567982928 ], [ 13.297071534936549, 13.666219688755348 ], [ 13.297130954976922, 13.666104213676931 ], [ 13.297273563073816, 13.665884810527814 ], [ 13.297428055178784, 13.665884810527814 ], [ 13.297594431291827, 13.665780883457217 ], [ 13.2976538513322, 13.665607669339522 ], [ 13.297641967324125, 13.665295885127705 ], [ 13.297748922396806, 13.665099575994304 ], [ 13.297903413501786, 13.664914813868791 ], [ 13.298057905606754, 13.664799337790328 ], [ 13.298236165727872, 13.664799337790328 ], [ 13.298378773824766, 13.664961004900135 ], [ 13.298568917953958, 13.664949456892316 ], [ 13.298794713107384, 13.665007194931547 ], [ 13.298866017155831, 13.66512267101001 ], [ 13.298842249139682, 13.665376718182642 ], [ 13.298663989018564, 13.66575778844151 ], [ 13.298485729897436, 13.666023380621994 ], [ 13.298355005808617, 13.666242783771054 ], [ 13.298307469776319, 13.666566114990758 ], [ 13.29839065783284, 13.666900993218292 ], [ 13.298628336994341, 13.667224323437949 ], [ 13.298913553188129, 13.667559198665515 ], [ 13.299270073430364, 13.667998002963657 ], [ 13.299424564535343, 13.66843680526182 ], [ 13.299270073430364, 13.668644659403014 ], [ 13.299139349341544, 13.668667754418721 ], [ 13.298842249139682, 13.669649282085629 ], [ 13.298949205212352, 13.670353669564236 ], [ 13.29888978517198, 13.670642352760353 ], [ 13.298663989018564, 13.670780920854497 ], [ 13.298466539884373, 13.67074327082895 ], [ 13.298176745687499, 13.670838657893739 ], [ 13.298069789614829, 13.67102341401926 ], [ 13.297737038388732, 13.67117352912129 ], [ 13.297380519146486, 13.671161982113404 ], [ 13.296988346880028, 13.671312097215434 ], [ 13.296726899702378, 13.671519948356661 ], [ 13.296477335532813, 13.671681610466521 ], [ 13.296322844427834, 13.67180862855281 ], [ 13.296275308395536, 13.671958743654784 ], [ 13.296204004347089, 13.672339802913712 ], [ 13.296025744225972, 13.67264003111768 ], [ 13.295883137129067, 13.672963353337366 ], [ 13.295740529032173, 13.673575353753222 ], [ 13.295722623020026, 13.673962766016416 ], [ 13.295764297048322, 13.674187353169032 ], [ 13.295883137129067, 13.674360560286743 ], [ 13.296097048274419, 13.674591503443651 ], [ 13.296239656371313, 13.674672333498563 ], [ 13.296406032484356, 13.674787803577033 ], [ 13.296703131686229, 13.674776256569146 ], [ 13.296964578863879, 13.674822444600522 ], [ 13.297107186960773, 13.674764708561327 ], [ 13.297142838984996, 13.67462614446714 ], [ 13.297142838984996, 13.674406749318109 ], [ 13.297190375017294, 13.674268183223944 ], [ 13.297356751130337, 13.674048787074867 ], [ 13.29752312724338, 13.67400259904349 ], [ 13.2976538513322, 13.67401414605132 ], [ 13.297808342437179, 13.674106523114119 ], [ 13.297867762477551, 13.674268183223944 ], [ 13.297796458429104, 13.674429843333769 ], [ 13.297701386364508, 13.674614597459311 ], [ 13.297725154380657, 13.674972556702528 ], [ 13.297867762477551, 13.675238140882982 ], [ 13.298081673622903, 13.675215046867322 ], [ 13.298188629695574, 13.675099575788863 ], [ 13.298640221002415, 13.674822444600522 ], [ 13.298901669180054, 13.674579956435764 ], [ 13.298984857236576, 13.67431437225531 ], [ 13.299079929301172, 13.674048787074867 ], [ 13.29936514549496, 13.673840937933676 ], [ 13.299567171632248, 13.673794749902299 ], [ 13.299804851793738, 13.673817843917959 ], [ 13.299911807866408, 13.673944863004294 ], [ 13.300137604019824, 13.674210447184748 ], [ 13.30023267608442, 13.674476031365145 ], [ 13.300352393165724, 13.674775726568782 ], [ 13.300529775286293, 13.67505338675744 ], [ 13.300826875488156, 13.675122669804523 ], [ 13.301052670641525, 13.675076480773157 ], [ 13.301292103804258, 13.675078859774771 ], [ 13.301397305875696, 13.675226593875152 ], [ 13.301634986037186, 13.675330516945735 ], [ 13.301932086239049, 13.675272781906529 ], [ 13.302098461352102, 13.675122669804523 ], [ 13.302086577344028, 13.674961009694698 ], [ 13.302003390287496, 13.674857085624069 ], [ 13.301789478142155, 13.674753161553497 ], [ 13.301741942109857, 13.674603050451481 ], [ 13.301753826117931, 13.674464484357316 ], [ 13.301872666198676, 13.674337466271027 ], [ 13.302086577344028, 13.674268183223944 ], [ 13.30227672147322, 13.674083429098403 ], [ 13.302359908529752, 13.673875579957212 ], [ 13.302324256505528, 13.673656183808134 ], [ 13.302157881392475, 13.673379051619804 ], [ 13.302122229368251, 13.67322893751782 ], [ 13.3021459973844, 13.673113466439361 ], [ 13.302241069448996, 13.673021089376618 ], [ 13.30251440063472, 13.672743956188299 ], [ 13.302704544763913, 13.672674672141227 ], [ 13.302954107933488, 13.672524558039242 ], [ 13.303049179998084, 13.672362896929371 ], [ 13.303049179998084, 13.672108857756768 ], [ 13.303072948014233, 13.671866365592052 ], [ 13.303310628175723, 13.671646968442928 ], [ 13.303536424329138, 13.671670062458645 ], [ 13.303631496393734, 13.671762439521387 ], [ 13.303702800442181, 13.672235877843093 ], [ 13.303524540321064, 13.672755503196129 ], [ 13.303690916434107, 13.673252032533526 ], [ 13.303679032426032, 13.673506070706139 ], [ 13.303477004288766, 13.673864032949325 ], [ 13.303310628175723, 13.674268183223944 ], [ 13.302918456909254, 13.67462614446714 ], [ 13.302716428771987, 13.675030292741781 ], [ 13.302624126709304, 13.675457859032292 ], [ 13.302633240715465, 13.675700024196829 ], [ 13.302716428771987, 13.67590787133804 ], [ 13.302894688893105, 13.676034889424329 ], [ 13.303037295990009, 13.675988700392963 ], [ 13.303168020078829, 13.675861683306664 ], [ 13.303370048216095, 13.675757759236035 ], [ 13.303578603357778, 13.675731420218142 ], [ 13.303952362611767, 13.675642289157565 ], [ 13.30424946281363, 13.675619194141916 ], [ 13.304475258967045, 13.675665383173282 ], [ 13.304719275132811, 13.675762792239482 ], [ 13.304903082257738, 13.675954059369417 ], [ 13.305033806346557, 13.676254282573439 ], [ 13.305105110395004, 13.676358205644021 ], [ 13.305235834483824, 13.676473675722491 ], [ 13.305544817693772, 13.676542957769527 ], [ 13.305806264871364, 13.676635334832326 ], [ 13.30596075697639, 13.676843180973549 ], [ 13.30596075697639, 13.677166497193241 ], [ 13.305770612847141, 13.677478266405046 ], [ 13.305449745629176, 13.677651470522733 ], [ 13.305259602499973, 13.677882409679626 ], [ 13.305164530435377, 13.678182630883612 ], [ 13.305021922338483, 13.678332740985638 ], [ 13.304653519088163, 13.678459757071948 ], [ 13.304332650870151, 13.678413570040561 ], [ 13.30411873872481, 13.678344287993468 ], [ 13.303952362611767, 13.678240364922885 ], [ 13.303809754514873, 13.678078707813029 ], [ 13.303595844369511, 13.677813127632589 ], [ 13.303524540321064, 13.677559095459969 ], [ 13.303548308337213, 13.677339702310917 ], [ 13.303560192345287, 13.677085668138318 ], [ 13.303690916434107, 13.676947104044132 ], [ 13.30361961238566, 13.676716163887249 ], [ 13.303477004288766, 13.676681522863703 ], [ 13.303358164208021, 13.676739257902909 ], [ 13.303036468989433, 13.676988481072271 ], [ 13.302856659867302, 13.676988673072401 ], [ 13.302609472699316, 13.677228851235611 ], [ 13.302542922654084, 13.677755392593326 ], [ 13.302552429660579, 13.678050994794205 ], [ 13.302913702906039, 13.678697624233564 ], [ 13.303046803996494, 13.678983988428115 ], [ 13.303274976151499, 13.679168737553653 ], [ 13.303531670325924, 13.679224162591311 ], [ 13.303750336474479, 13.679242637603863 ], [ 13.303892942571395, 13.6791502625411 ], [ 13.304073579694091, 13.678937800396739 ], [ 13.304206680784546, 13.678854662340257 ], [ 13.304387316907309, 13.678845425333975 ], [ 13.304529925004204, 13.678937800396739 ], [ 13.304605983055865, 13.679187212566205 ], [ 13.30458696804294, 13.679621375861188 ], [ 13.304786619178572, 13.679852313018102 ], [ 13.305043313352996, 13.679963163093419 ], [ 13.305196719457228, 13.680110085193235 ], [ 13.305290499520936, 13.680240288281709 ], [ 13.30530951453386, 13.680434275413518 ], [ 13.305195428456329, 13.680461987432352 ], [ 13.305128878411153, 13.680711398601829 ], [ 13.304976763307764, 13.680868434708486 ], [ 13.3047105621269, 13.681053183834024 ], [ 13.304310808855291, 13.681660843246902 ], [ 13.304007029648915, 13.681921503424007 ], [ 13.303911957584319, 13.682013877486781 ], [ 13.303915497586729, 13.682252180648675 ], [ 13.303978507629495, 13.682364897725279 ], [ 13.304121115726389, 13.682392609744113 ], [ 13.304282737836218, 13.682420321762947 ], [ 13.304425345933112, 13.682337185706444 ], [ 13.304634504075239, 13.682198624612283 ], [ 13.305062328365921, 13.682069300524461 ], [ 13.305395078592028, 13.682124725562119 ], [ 13.305547193695361, 13.682226336631118 ], [ 13.305756351837488, 13.682540407844556 ], [ 13.306070090050639, 13.682762105995153 ], [ 13.306383827263801, 13.682919141101877 ], [ 13.306716579489887, 13.683057701195992 ], [ 13.307287009877484, 13.683187025283871 ], [ 13.308285264555764, 13.683270161340374 ], [ 13.308665551814158, 13.683233211315269 ], [ 13.309017318053179, 13.683251686327822 ], [ 13.309274012227547, 13.683196262290153 ], [ 13.309530707401962, 13.683094651221097 ], [ 13.30982542860221, 13.683076176208544 ], [ 13.309949022686226, 13.683150075258766 ], [ 13.309949022686226, 13.683344060390596 ], [ 13.3100631087637, 13.683824401716947 ], [ 13.310291281918751, 13.684341692068415 ], [ 13.310509947067317, 13.684720422325768 ], [ 13.311156435506575, 13.685967454173067 ], [ 13.311764895920021, 13.687094395938743 ], [ 13.311936025036289, 13.687547019246267 ], [ 13.311964547055652, 13.688138197647959 ], [ 13.311917011023354, 13.688489209886484 ], [ 13.311745881907086, 13.688904882168913 ], [ 13.311546230771455, 13.689108099306964 ], [ 13.311346579635767, 13.689126573319527 ], [ 13.311127914487201, 13.68904343926306 ], [ 13.310937771357999, 13.688803273099836 ], [ 13.310861713306338, 13.688646241993183 ], [ 13.310852206299899, 13.688516921905318 ], [ 13.310757134235303, 13.688239806717036 ], [ 13.310595512125474, 13.688101249622889 ], [ 13.310291281918751, 13.687990403547531 ], [ 13.310025079737898, 13.688082774610336 ], [ 13.309768385563473, 13.688322941773492 ], [ 13.309302534246967, 13.688507684899037 ], [ 13.309055347078981, 13.688692428024524 ], [ 13.308532451723693, 13.689662325683571 ], [ 13.307923992310293, 13.690484427242097 ], [ 13.307572226071272, 13.691010939599892 ], [ 13.307496168019611, 13.691269576775596 ], [ 13.307572226071272, 13.691500502932513 ], [ 13.307752862194036, 13.691546687963864 ], [ 13.3080190633749, 13.691565161976428 ], [ 13.30846590067847, 13.691712955076866 ], [ 13.308751116872259, 13.691712955076866 ], [ 13.308931753995012, 13.691666770045458 ], [ 13.309026826059608, 13.691537450957583 ], [ 13.309026826059608, 13.691315761807004 ], [ 13.309169433156512, 13.6911956807254 ], [ 13.309302534246967, 13.691204917731682 ], [ 13.309445142343861, 13.691251102763033 ], [ 13.30957824243427, 13.691398895863472 ], [ 13.30965155148408, 13.691564853976217 ], [ 13.309627771467945, 13.691765314112445 ], [ 13.309540214408457, 13.691823799152189 ], [ 13.309274012227547, 13.691869984183541 ], [ 13.309131405130643, 13.692027013290215 ], [ 13.30909337610484, 13.69211938435302 ], [ 13.309076738093552, 13.692308742481657 ], [ 13.309114767119354, 13.692595088676228 ], [ 13.309162303151652, 13.692779828801747 ], [ 13.309285896235622, 13.692936857908421 ], [ 13.309492614376097, 13.693058427991048 ], [ 13.309642353477841, 13.693127706038126 ], [ 13.309763568560186, 13.693224694104003 ], [ 13.309794210581003, 13.693348944188415 ], [ 13.309784959574756, 13.69344638125466 ], [ 13.309699395516589, 13.693508730296969 ], [ 13.309506875385807, 13.693605718362903 ], [ 13.309392789308276, 13.693716562438226 ], [ 13.309200268177449, 13.693938248588836 ], [ 13.309050530075694, 13.694069874678291 ], [ 13.30882235792069, 13.694125295715935 ], [ 13.308686879828656, 13.694076802682957 ], [ 13.308530010722052, 13.69397981461708 ], [ 13.308458707673594, 13.69387589854648 ], [ 13.308337490591214, 13.693716562438226 ], [ 13.308159231470142, 13.693571080339382 ], [ 13.307964198337629, 13.69344729925524 ], [ 13.307681495145516, 13.693404815226415 ], [ 13.307503235024399, 13.693543369320537 ], [ 13.307382017942018, 13.693709634433503 ], [ 13.307324974903281, 13.693952103598235 ], [ 13.307324974903281, 13.694222283781812 ], [ 13.307389148946868, 13.694291560828901 ], [ 13.307560278063136, 13.694374693885379 ], [ 13.307712393166526, 13.694439351929304 ], [ 13.307819349239196, 13.694404713905783 ], [ 13.307876392277933, 13.694335436858694 ], [ 13.30795482733123, 13.69429386983046 ], [ 13.308083174418471, 13.694203809769249 ], [ 13.308211520505665, 13.69418995475985 ], [ 13.30835412760257, 13.694183026755127 ], [ 13.30846821468009, 13.694252303802216 ], [ 13.308575170752761, 13.694328508853971 ], [ 13.308617952781788, 13.694501700971671 ], [ 13.30868355282638, 13.694744863136918 ], [ 13.308769116884491, 13.695049681344017 ], [ 13.308925985991095, 13.695215945456994 ], [ 13.30918268016552, 13.695229800466393 ], [ 13.309396592310861, 13.695174379428749 ], [ 13.309539200407755, 13.695021970325172 ], [ 13.309738850543397, 13.694911127249839 ], [ 13.309938501679028, 13.694841850202806 ], [ 13.310050593755193, 13.69493957326921 ], [ 13.310038326746906, 13.695132813400505 ], [ 13.309909979659665, 13.695506906654657 ], [ 13.309539200407755, 13.695784012842921 ], [ 13.309263441220367, 13.696020576003662 ], [ 13.309239723204257, 13.696227382144173 ], [ 13.309396592310861, 13.696338224219517 ], [ 13.309539200407755, 13.696379790247761 ], [ 13.309852936620928, 13.696504487332447 ], [ 13.310138151814726, 13.696643040426636 ], [ 13.310451890027878, 13.696795446530189 ], [ 13.310808409270123, 13.697072551718463 ], [ 13.311050843434828, 13.69718339379375 ], [ 13.311293275599553, 13.697432787963237 ], [ 13.311549969773978, 13.697529774029078 ], [ 13.311706838880582, 13.697446642972636 ], [ 13.311849446977476, 13.697308090878494 ], [ 13.311992054074324, 13.697127972756107 ], [ 13.312191705210012, 13.696961709643119 ], [ 13.312362835326269, 13.696850867567832 ], [ 13.31257674647162, 13.696864723577221 ], [ 13.312747875587888, 13.697072551718463 ], [ 13.312904744694492, 13.697488208000891 ], [ 13.313090134820413, 13.697529774029078 ], [ 13.313247002927028, 13.697446642972636 ], [ 13.313318306975475, 13.697238814831394 ], [ 13.313346828994838, 13.697072551718463 ], [ 13.313432394052995, 13.696878578586677 ], [ 13.313589262159553, 13.696629184417191 ], [ 13.313731870256447, 13.696365935238305 ], [ 13.313931521392135, 13.696130395078285 ], [ 13.31417395355686, 13.695853288890021 ], [ 13.314530473799095, 13.695645459748789 ], [ 13.314858472021967, 13.695437629607568 ], [ 13.315172209235129, 13.695202089447548 ], [ 13.31538612138047, 13.694952693278083 ], [ 13.315680843580708, 13.694776615158446 ], [ 13.316004087800309, 13.694536454995273 ], [ 13.316215622944071, 13.694246646798376 ], [ 13.316479448123346, 13.693945291593593 ], [ 13.316536491162083, 13.693848303527716 ], [ 13.316728521292532, 13.693780902481933 ], [ 13.316821706355881, 13.693612762367707 ], [ 13.316840721368806, 13.693280231141728 ], [ 13.316688606265416, 13.692984647940932 ], [ 13.316403390071628, 13.692947699915806 ], [ 13.316175217916623, 13.692836855840483 ], [ 13.316156202903699, 13.692559746652194 ], [ 13.316251274968295, 13.692282637463904 ], [ 13.316460433110421, 13.692153319376075 ], [ 13.316572380186471, 13.692117064351407 ], [ 13.316732577295284, 13.692133690362709 ], [ 13.316859735381684, 13.692024001288189 ], [ 13.316935793433402, 13.69187620818775 ], [ 13.316897764407543, 13.691525200949286 ], [ 13.316574520187942, 13.691118770673143 ], [ 13.31623226095536, 13.690749289422058 ], [ 13.316061130839103, 13.690453703221237 ], [ 13.316099159864905, 13.690250487083176 ], [ 13.316308318007032, 13.690121167995301 ], [ 13.316669591252492, 13.690121167995301 ], [ 13.317125935562558, 13.690084218970185 ], [ 13.317487209808064, 13.69021353905805 ], [ 13.317848483053524, 13.690250487083176 ], [ 13.318285814350645, 13.690047270945115 ], [ 13.318531790517795, 13.689891928839529 ], [ 13.31866610060905, 13.689807106781927 ], [ 13.319122445919106, 13.689751683744248 ], [ 13.319597806242086, 13.689788631769375 ], [ 13.319997107513416, 13.689899477844676 ], [ 13.320149222616749, 13.690102693982737 ], [ 13.319940064474622, 13.690638444346746 ], [ 13.31975101834621, 13.691150108694444 ], [ 13.319673863293758, 13.69135893483633 ], [ 13.319293576035363, 13.691617572012035 ], [ 13.318875258751177, 13.69145130489909 ], [ 13.318597785562645, 13.691482305920147 ], [ 13.318342857389439, 13.691709942074795 ], [ 13.318456943466913, 13.691950104238003 ], [ 13.318685114621985, 13.692485850601997 ], [ 13.318913287776979, 13.692670590727516 ], [ 13.319198503970767, 13.692578220664757 ], [ 13.319387966099498, 13.692662588722101 ], [ 13.319615893254365, 13.692764086791044 ], [ 13.31965484928088, 13.69278143380285 ], [ 13.319842811408591, 13.6928867918744 ], [ 13.320107628588516, 13.693109347025654 ], [ 13.320510495862209, 13.69370513143042 ], [ 13.321004870198124, 13.694000712631293 ], [ 13.321304478401714, 13.694128793718278 ], [ 13.321480228521125, 13.69420392576933 ], [ 13.321589259595214, 13.694197091764693 ], [ 13.322069674921636, 13.69416697774426 ], [ 13.322163538985365, 13.694037783656483 ], [ 13.322297847076641, 13.693852921530834 ], [ 13.322545034244627, 13.69370513143042 ], [ 13.322849264451293, 13.693464970267257 ], [ 13.322716164360884, 13.693113966028761 ], [ 13.322624721298723, 13.692740820775214 ], [ 13.322621092296288, 13.692726012765149 ], [ 13.322621092296288, 13.692448902576871 ], [ 13.322738517376081, 13.692201712408917 ], [ 13.323033217576324, 13.692152117375258 ], [ 13.323362652800142, 13.691765364112484 ], [ 13.323420518839441, 13.690977150576884 ], [ 13.323647867993941, 13.690287435108303 ], [ 13.323838012123133, 13.689991848907425 ], [ 13.324104213303997, 13.689696260706626 ], [ 13.324408442510673, 13.689068137279833 ], [ 13.324750701743255, 13.688772549078976 ], [ 13.325169018027452, 13.688772549078976 ], [ 13.325492263247099, 13.688883395154278 ], [ 13.325834522479624, 13.689160509342571 ], [ 13.326005650595903, 13.689529992593634 ], [ 13.326404952867222, 13.68991795185724 ], [ 13.326804255138541, 13.690324384133362 ], [ 13.326709183073945, 13.690749289422058 ], [ 13.326385938854287, 13.690878607509944 ], [ 13.325910578531307, 13.691044874622946 ], [ 13.325568320298771, 13.6913958828614 ], [ 13.325302119117907, 13.691839260162681 ], [ 13.325283105104972, 13.692301111476468 ], [ 13.325473249234165, 13.692578220664757 ], [ 13.325929593544231, 13.692744486777713 ], [ 13.326081708647621, 13.69263364270239 ], [ 13.32621480873803, 13.692430428564364 ], [ 13.32632889581555, 13.692245689438835 ], [ 13.32657608198349, 13.692190267401145 ], [ 13.3268422841644, 13.692504324614561 ], [ 13.327070456319404, 13.692966173928369 ], [ 13.32731764348739, 13.693243283116658 ], [ 13.327602858681132, 13.693298705154291 ], [ 13.327945117913714, 13.693557340330017 ], [ 13.327974841933894, 13.69393181458446 ], [ 13.328002160952451, 13.69420392576933 ], [ 13.328078218004123, 13.694684246095676 ], [ 13.328268362133315, 13.694998300309067 ], [ 13.328610621365897, 13.69520151244717 ], [ 13.328952879598432, 13.69507219635932 ], [ 13.329333166856827, 13.694887458233779 ], [ 13.329732469128146, 13.694684246095676 ], [ 13.330087791369522, 13.694402178904056 ], [ 13.330438368607759, 13.694032701652986 ], [ 13.330575034700587, 13.693842189523593 ], [ 13.330693874781332, 13.693697862425495 ], [ 13.330812714862077, 13.693640132386292 ], [ 13.331151408092239, 13.693351477190163 ], [ 13.331430682281962, 13.693212922095995 ], [ 13.331763433508058, 13.693178284072474 ], [ 13.33234574890372, 13.693080141005794 ], [ 13.332832992234785, 13.693062820994044 ], [ 13.333445017650604, 13.692976224935194 ], [ 13.33451457637733, 13.693132099041065 ], [ 13.334983993696312, 13.693293746150914 ], [ 13.335376164962724, 13.693536216315692 ], [ 13.335655439152504, 13.693859508535354 ], [ 13.335893119313994, 13.694292489829536 ], [ 13.335976307370515, 13.694812067182568 ], [ 13.33598819137859, 13.695320095527734 ], [ 13.335833699273621, 13.695649159751326 ], [ 13.33561978712828, 13.695966676967032 ], [ 13.335328628930426, 13.696180279112184 ], [ 13.335019645720536, 13.696295740190635 ], [ 13.334770081550971, 13.696492023324026 ], [ 13.3343838532885, 13.697063551712347 ], [ 13.334270955211821, 13.697484980998695 ], [ 13.334045159058405, 13.697900637281066 ], [ 13.333985739018033, 13.698252788520335 ], [ 13.333985739018033, 13.698576074740004 ], [ 13.334104579098778, 13.698974410010692 ], [ 13.334217477175457, 13.699338107257802 ], [ 13.334364838275576, 13.699707574508807 ], [ 13.334436142324023, 13.699920019653177 ], [ 13.334545475398329, 13.700257158882209 ], [ 13.334583503424199, 13.700414182988936 ], [ 13.33464530046615, 13.700529641067362 ], [ 13.334692836498448, 13.700663573158351 ], [ 13.334721357517822, 13.700857543290169 ], [ 13.334978051692246, 13.701670368842429 ], [ 13.335039848734255, 13.701989032058975 ], [ 13.335101644776216, 13.702141437162538 ], [ 13.335515208057245, 13.703032768768139 ], [ 13.335577005099196, 13.703157461852868 ], [ 13.335852713286556, 13.703591581147805 ], [ 13.335933524341442, 13.703743984251389 ], [ 13.336014335396328, 13.704155010530656 ], [ 13.33599532138345, 13.70437206867814 ], [ 13.335971553367301, 13.704552180800476 ], [ 13.335909756325293, 13.70471843891346 ], [ 13.335828945270407, 13.70488007802328 ], [ 13.335733873205811, 13.704986298095491 ], [ 13.335672077163792, 13.705097136170764 ], [ 13.335567498092757, 13.705346521340232 ], [ 13.33549619404431, 13.705651324547318 ], [ 13.335524715063684, 13.705812962657149 ], [ 13.335610280121841, 13.705937655741877 ], [ 13.335681584170288, 13.705969982763804 ], [ 13.335795670247762, 13.706099293851707 ], [ 13.335900249318854, 13.706274785970948 ], [ 13.335933524341442, 13.70649646112156 ], [ 13.335881235305919, 13.70665809923139 ], [ 13.335705352186437, 13.706902865397694 ], [ 13.335538976073394, 13.707027556482387 ], [ 13.335329817931267, 13.707323121683203 ], [ 13.335272774892474, 13.70743857676166 ], [ 13.335220484856961, 13.707614068880901 ], [ 13.335206223847308, 13.70775261497505 ], [ 13.335225238860176, 13.7079281060943 ], [ 13.335277527895755, 13.708140543238642 ], [ 13.335377353963565, 13.708468434461395 ], [ 13.335553237083047, 13.709082651878759 ], [ 13.335557990086272, 13.709322797041921 ], [ 13.33549619404431, 13.7095537051988 ], [ 13.335439151005573, 13.709729195318062 ], [ 13.335329817931267, 13.709863122409047 ], [ 13.335068369753628, 13.709992430496868 ], [ 13.335011326714834, 13.710061701543964 ], [ 13.334982804695471, 13.710200246638124 ], [ 13.334982804695471, 13.710458862813823 ], [ 13.335011326714834, 13.710588170901701 ], [ 13.335044601737479, 13.710694387973831 ], [ 13.335082630763281, 13.710754424014624 ], [ 13.335163441818224, 13.710892968108794 ], [ 13.335229991863457, 13.710989949174689 ], [ 13.335282281898969, 13.711096166246818 ], [ 13.335311212918612, 13.711198960316665 ], [ 13.335295054907647, 13.711317803397435 ], [ 13.335243474872584, 13.711392921448464 ], [ 13.335175735826567, 13.711431021474368 ], [ 13.33510799678055, 13.711431021474368 ], [ 13.335004606710299, 13.711399849453187 ], [ 13.334919041652142, 13.711334040408474 ], [ 13.334872693620639, 13.711237060342569 ], [ 13.334826346589182, 13.711088125241361 ], [ 13.334705129506801, 13.710925336130742 ], [ 13.334544696397813, 13.7108041100484 ], [ 13.334202438165278, 13.710682882966012 ], [ 13.33401348203688, 13.710637856935421 ], [ 13.333838787918182, 13.710620538923649 ], [ 13.333610614763131, 13.710669028956602 ], [ 13.33340383362264, 13.71075908301782 ], [ 13.333129314436121, 13.71098421717079 ], [ 13.333011662356171, 13.71128208637316 ], [ 13.332997401346518, 13.711514146530817 ], [ 13.332961749322294, 13.711618054601445 ], [ 13.3327941852084, 13.711815479735549 ], [ 13.332626621094562, 13.711919386806187 ], [ 13.332423404956501, 13.712016367872081 ], [ 13.332223753820813, 13.712051003895624 ], [ 13.332063319711835, 13.712134129952062 ], [ 13.331892190595568, 13.712220719010929 ], [ 13.331770973513187, 13.712335017088549 ], [ 13.331692540459926, 13.712480488187396 ], [ 13.331681844452646, 13.71260517727211 ], [ 13.33171749647687, 13.712712547345063 ], [ 13.331799494532561, 13.712833773427462 ], [ 13.331881494588288, 13.712892653467463 ], [ 13.332041928697265, 13.712941142500426 ], [ 13.33222018881844, 13.712982705528646 ], [ 13.332348535905624, 13.713051977575731 ], [ 13.332459056980724, 13.713155884646312 ], [ 13.332594534072769, 13.713297890742808 ], [ 13.332737142169663, 13.713481459867523 ], [ 13.332829837232623, 13.713640783975791 ], [ 13.332890445273847, 13.713807035088735 ], [ 13.33292253229564, 13.714042557248774 ], [ 13.3329047062835, 13.714222662371128 ], [ 13.332829837232623, 13.714357740462901 ], [ 13.332758533184176, 13.714430474512312 ], [ 13.332697925143009, 13.714551698594732 ], [ 13.332662273118785, 13.714641750655915 ], [ 13.332362795915287, 13.714894589827679 ], [ 13.332109667743339, 13.71523055305596 ], [ 13.331945668631874, 13.715763938418377 ], [ 13.331860103573774, 13.716366590827818 ], [ 13.331952798636735, 13.716716407065519 ], [ 13.332141753765143, 13.716875728173761 ], [ 13.332523230024321, 13.71702119627264 ], [ 13.333090096409478, 13.717028123277316 ], [ 13.333582092743768, 13.716993488253763 ], [ 13.335043823736953, 13.71681684913375 ], [ 13.335667733160847, 13.716657527025518 ], [ 13.336166860499986, 13.716730261074929 ], [ 13.336587553785819, 13.716979634244353 ], [ 13.336676682846416, 13.717526867616186 ], [ 13.336680248848836, 13.718912265557492 ], [ 13.336884652987692, 13.719789680153667 ], [ 13.337218593214573, 13.720405022571754 ], [ 13.337688010533554, 13.720971874956888 ], [ 13.338353513985737, 13.721308985185942 ], [ 13.338876409341026, 13.721438287273827 ], [ 13.339342261657521, 13.721429051267535 ], [ 13.339974490087116, 13.721336692204773 ], [ 13.340388052368098, 13.72113350306671 ], [ 13.340630485532813, 13.720680944759238 ], [ 13.340673267561897, 13.719992870291719 ], [ 13.340606717516664, 13.719258613792817 ] ] ] ] } },
{ "type": "Feature", "properties": { "fid": 763.0, "OBJECTID": 763.0, "lganame": "Biu", "statecode": "BR", "LGA_UID": "08_05" }, "geometry": { "type": "MultiPolygon", "coordinates": [ [ [ [ 12.153084876651405, 11.11953762940459 ], [ 12.314477089309833, 11.021992587127329 ], [ 12.331460403849178, 10.995788566322915 ], [ 12.379686250616373, 10.933904227275434 ], [ 12.436635847310924, 10.832408341313737 ], [ 12.441480360602554, 10.80348507566174 ], [ 12.452495774087026, 10.737719607977226 ], [ 12.437356189800369, 10.727805888241278 ], [ 12.404732890634364, 10.715743642045538 ], [ 12.407906997791031, 10.671233586803055 ], [ 12.417615200387331, 10.657908605749356 ], [ 12.425915951027264, 10.648734746516141 ], [ 12.432337314390281, 10.64715285744137 ], [ 12.46200764154986, 10.639843629475081 ], [ 12.464738219405206, 10.639350930140324 ], [ 12.450737295892225, 10.623454010339117 ], [ 12.448891239637931, 10.622555702728732 ], [ 12.438799171780829, 10.617644767391994 ], [ 12.43851003458434, 10.617504068296398 ], [ 12.439886953519931, 10.610890455802746 ], [ 12.446359087917415, 10.596994404361055 ], [ 12.440157581703772, 10.583248136021098 ], [ 12.436338842109137, 10.581475935816968 ], [ 12.435970207858645, 10.581376359749299 ], [ 12.435805862747031, 10.581242201658142 ], [ 12.435718210687469, 10.581120625575579 ], [ 12.435656257645348, 10.580890113418945 ], [ 12.435658634646984, 10.580766285334789 ], [ 12.435653880643713, 10.580039667841106 ], [ 12.435729938695431, 10.579785001668085 ], [ 12.435694286671207, 10.579556034512507 ], [ 12.435641996635638, 10.579359778379114 ], [ 12.435632489629199, 10.579158848242628 ], [ 12.435670518655058, 10.578850443033048 ], [ 12.435872545792336, 10.578612129871146 ], [ 12.436034168902154, 10.578359798699694 ], [ 12.436186284005487, 10.578294379655233 ], [ 12.43633839910882, 10.57798597444571 ], [ 12.436509528225088, 10.57774298828059 ], [ 12.436718686367215, 10.577406545051986 ], [ 12.436861294464109, 10.577154212880544 ], [ 12.437041930586872, 10.576705620575751 ], [ 12.437184538683766, 10.576135535188428 ], [ 12.437270102741877, 10.575705633896291 ], [ 12.437346160793538, 10.575415916699455 ], [ 12.437422217845267, 10.575051434451836 ], [ 12.437526796916302, 10.574799100280359 ], [ 12.437593347961524, 10.574528074096236 ], [ 12.434764829039693, 10.574285799931602 ], [ 12.429520311476267, 10.573885821659815 ], [ 12.425014987415125, 10.573542218426383 ], [ 12.424369508976554, 10.574189352866085 ], [ 12.423124042130326, 10.574177796858237 ], [ 12.423110498121105, 10.574177670858148 ], [ 12.421838912257101, 10.57416587385012 ], [ 12.421053426723404, 10.574158585845169 ], [ 12.420018119019971, 10.574148980838629 ], [ 12.418649593090151, 10.574372431990469 ], [ 12.418197830783186, 10.574398824008426 ], [ 12.41677015481315, 10.574648667178167 ], [ 12.415386432872936, 10.574074789788256 ], [ 12.414450180236827, 10.574148980838629 ], [ 12.413593573654794, 10.574827127299443 ], [ 12.412701276048551, 10.575648040857175 ], [ 12.411773287417986, 10.576825873657469 ], [ 12.410702528690479, 10.577860940360722 ], [ 12.40970315601146, 10.578289242651749 ], [ 12.408739474356651, 10.578432009748781 ], [ 12.407347489410881, 10.578075090506275 ], [ 12.405955504465112, 10.577646788215247 ], [ 12.404849054713281, 10.577575405166726 ], [ 12.404063833179805, 10.57836062670026 ], [ 12.403528453816023, 10.579467076452033 ], [ 12.402814616331, 10.580609217228073 ], [ 12.401458323409486, 10.581180287616064 ], [ 12.400101338487445, 10.581285814687817 ], [ 12.399138348833162, 10.581073211543355 ], [ 12.398031899081388, 10.580966136470579 ], [ 12.396889758305349, 10.580859061397803 ], [ 12.395569157408033, 10.580502142155296 ], [ 12.394177172462264, 10.580573525203818 ], [ 12.392927954613469, 10.580537833179562 ], [ 12.39185719788594, 10.580751985325094 ], [ 12.391143360400918, 10.580787677349349 ], [ 12.390643673061447, 10.580395066082588 ], [ 12.389858450527925, 10.579716918621784 ], [ 12.389108921018646, 10.579181541258038 ], [ 12.388502157606354, 10.578503393797291 ], [ 12.38746709190309, 10.578217858603239 ], [ 12.386360643151306, 10.577504021118216 ], [ 12.385738358728474, 10.577284035968773 ], [ 12.385254194399522, 10.577611096190992 ], [ 12.38454035491452, 10.577504021118216 ], [ 12.383719441356732, 10.577361253021252 ], [ 12.382934218823209, 10.576754489608959 ], [ 12.382898526798954, 10.575826500978451 ], [ 12.382363149435207, 10.575076970469183 ], [ 12.381185314634934, 10.575219737566158 ], [ 12.379757638664898, 10.575826500978451 ], [ 12.378294269670562, 10.576254804269468 ], [ 12.376902285724782, 10.576076344148191 ], [ 12.375296148633481, 10.576040652123936 ], [ 12.373797088614936, 10.576040652123936 ], [ 12.372440795693421, 10.57575511692994 ], [ 12.370442049335338, 10.574113288814374 ], [ 12.354036001188206, 10.582479692498964 ], [ 12.348818220643011, 10.587529155929872 ], [ 12.346659671176383, 10.589618075349165 ], [ 12.332706778696036, 10.596229570841388 ], [ 12.331764246055627, 10.605370107051954 ], [ 12.333667814348985, 10.610890455802746 ], [ 12.336332811159764, 10.623263653209733 ], [ 12.318439264001938, 10.624215437856435 ], [ 12.315239342827738, 10.659752035001873 ], [ 12.283984669591632, 10.640966843238232 ], [ 12.263541977701777, 10.625665117841436 ], [ 12.26060836470856, 10.623935087665984 ], [ 12.259810198166235, 10.594860359911081 ], [ 12.248331678367094, 10.58338184011194 ], [ 12.22653540455758, 10.564321193161106 ], [ 12.223703443633383, 10.563319339480415 ], [ 12.220189437245779, 10.561489643237223 ], [ 12.210909538940541, 10.559645560984279 ], [ 12.206804969151676, 10.559913250166119 ], [ 12.203235777726547, 10.5613409271362 ], [ 12.199755816362085, 10.564910117561283 ], [ 12.188878876971728, 10.583380828111274 ], [ 12.187739480197536, 10.583656313298434 ], [ 12.181487110949377, 10.583659844300826 ], [ 12.165789572283643, 10.592490529300846 ], [ 12.158799632534283, 10.596422733972588 ], [ 12.156334931859647, 10.595618209425993 ], [ 12.154193418404589, 10.59476160284396 ], [ 12.151159605343253, 10.594368991577198 ], [ 12.144413832759824, 10.593441001946644 ], [ 12.137491738056553, 10.593988431318621 ], [ 12.131572828034962, 10.59749813570329 ], [ 12.126694932720682, 10.598925812673315 ], [ 12.122382159790334, 10.598509407390395 ], [ 12.118634509243975, 10.596308405894945 ], [ 12.112996843413441, 10.593520282000554 ], [ 12.107538151704546, 10.591464677603824 ], [ 12.107367021588232, 10.592123515051469 ], [ 12.1071816324623, 10.592600119375334 ], [ 12.107067546384769, 10.592824402527697 ], [ 12.106839373229718, 10.592824402527697 ], [ 12.106590505060637, 10.593138779741309 ], [ 12.106596940065003, 10.593357076889617 ], [ 12.106354506900288, 10.59355332602297 ], [ 12.1060692907065, 10.593791627184885 ], [ 12.105669989435171, 10.59390376926109 ], [ 12.105313469192936, 10.593763591165839 ], [ 12.104999731979774, 10.593875733242044 ], [ 12.104700255776322, 10.594043946356351 ], [ 12.104557647679428, 10.593819662203941 ], [ 12.104158346408099, 10.594057963365856 ], [ 12.103744783127127, 10.594534564689695 ], [ 12.103345480855808, 10.594730811823013 ], [ 12.102832092506958, 10.594702776803956 ], [ 12.102301592146546, 10.594691562796356 ], [ 12.101826231823566, 10.594803703872572 ], [ 12.101436437558675, 10.594869119917007 ], [ 12.101122700345513, 10.594897154936064 ], [ 12.101018121274478, 10.59517750812654 ], [ 12.100761427100053, 10.595252269177365 ], [ 12.100438182880453, 10.595420481291626 ], [ 12.100048387615573, 10.595616728425 ], [ 12.099829723466996, 10.595859699590051 ], [ 12.099601550312002, 10.59594380464722 ], [ 12.09949697124091, 10.596083981742424 ], [ 12.099724550395536, 10.596300170889322 ], [ 12.099677608363663, 10.596691411155177 ], [ 12.099554014279704, 10.597046522396454 ], [ 12.099487464234471, 10.5974857386949 ], [ 12.099506478247406, 10.597822159923453 ], [ 12.099429143194811, 10.598067645090282 ], [ 12.099278306092344, 10.598265114224432 ], [ 12.099183234027748, 10.59849873938316 ], [ 12.099088161963152, 10.598751052554576 ], [ 12.098879003821025, 10.59901271273236 ], [ 12.098631816653096, 10.599246336891099 ], [ 12.098527237582005, 10.599470617043494 ], [ 12.098460686536839, 10.59961079113873 ], [ 12.098506168567724, 10.599705736203248 ], [ 12.098669845678899, 10.599807035272079 ], [ 12.098802945769364, 10.599909830341915 ], [ 12.098802945769364, 10.600040659430817 ], [ 12.098983582892117, 10.600068694449874 ], [ 12.099192741034187, 10.600162143513387 ], [ 12.099392392169875, 10.600405111678469 ], [ 12.099544507273208, 10.600648080843541 ], [ 12.099592043305506, 10.600834978970511 ], [ 12.099487464234471, 10.601171396199106 ], [ 12.099420914189238, 10.601348950319732 ], [ 12.099154712008385, 10.601405019357856 ], [ 12.099069147950217, 10.601573227472159 ], [ 12.099021611917919, 10.601842360654985 ], [ 12.099012103911491, 10.602019913775621 ], [ 12.099097668969591, 10.602225500915324 ], [ 12.099269854086629, 10.602307462970998 ], [ 12.099316334118157, 10.602440433061361 ], [ 12.099164219014824, 10.602599296169274 ], [ 12.099154712008385, 10.60273946926452 ], [ 12.099164219014824, 10.602851608340757 ], [ 12.099278306092344, 10.60293571139789 ], [ 12.09941140618281, 10.6028235733217 ], [ 12.099544507273208, 10.602617986181997 ], [ 12.099725144395961, 10.60247781308675 ], [ 12.099962822557416, 10.602515192112151 ], [ 12.100124445667234, 10.602580606156607 ], [ 12.100333603809361, 10.602720780251843 ], [ 12.100504732925629, 10.602982436429613 ], [ 12.100514239932124, 10.603216056588337 ], [ 12.100276560770624, 10.603402953715374 ], [ 12.100067401628507, 10.603440333740764 ], [ 12.099934301538042, 10.603318850658184 ], [ 12.09985824448637, 10.603468367759774 ], [ 12.099791694441194, 10.603739368943934 ], [ 12.0995371332682, 10.604058736160937 ], [ 12.09941140618281, 10.604234645280428 ], [ 12.099164219014824, 10.604281369312162 ], [ 12.098907524840399, 10.604272024305828 ], [ 12.098812452775803, 10.604094472185182 ], [ 12.098726888717692, 10.603879541039191 ], [ 12.098679352685394, 10.603720678931211 ], [ 12.098508222569137, 10.603692643912154 ], [ 12.098356108465737, 10.603664609893144 ], [ 12.098242022388263, 10.603589850842354 ], [ 12.098118429304293, 10.603645919880421 ], [ 12.098165965336591, 10.603860851026468 ], [ 12.098184979349469, 10.604103817191572 ], [ 12.098289558420561, 10.604328093343952 ], [ 12.098394137491596, 10.60464581655981 ], [ 12.098508222569137, 10.604860746705867 ], [ 12.098460686536839, 10.605159780909048 ], [ 12.098143681321403, 10.605568862186999 ], [ 12.09150743381241, 10.614132467005561 ], [ 12.085200736527327, 10.622541078718825 ], [ 12.087142853846899, 10.63146541378245 ], [ 12.087513635098787, 10.632852993725237 ], [ 12.087813111302296, 10.633637884258576 ], [ 12.088169630544542, 10.634492851839468 ], [ 12.088778090957931, 10.635959840836222 ], [ 12.088925452058049, 10.636609238277458 ], [ 12.088944467070974, 10.637384774804389 ], [ 12.088730554925633, 10.638202357359887 ], [ 12.08851135277672, 10.638918249846313 ], [ 12.088683018893335, 10.639767437423302 ], [ 12.088326498651099, 10.639954310550252 ], [ 12.087779836279651, 10.640117826661367 ], [ 12.087233171908224, 10.640211263724836 ], [ 12.086472597391491, 10.640117826661367 ], [ 12.085759557907011, 10.640234622740707 ], [ 12.08502275140637, 10.640374778835962 ], [ 12.084428552002635, 10.640795246121627 ], [ 12.084095799776549, 10.641309149470828 ], [ 12.084238407873443, 10.641659536708914 ], [ 12.084214639857294, 10.64212672102633 ], [ 12.08383435159891, 10.642523826296156 ], [ 12.083382761292057, 10.643177880740552 ], [ 12.082859865936769, 10.644065525343649 ], [ 12.082360737597639, 10.644836371867427 ], [ 12.081885379274695, 10.645163397089618 ], [ 12.081505091016254, 10.645233473137239 ], [ 12.081077267725618, 10.645069961026138 ], [ 12.080839587564128, 10.644742935803947 ], [ 12.080720748483373, 10.64432247351823 ], [ 12.080221621144233, 10.644182320422999 ], [ 12.079722492805104, 10.644229038454739 ], [ 12.079532348675912, 10.64450934564519 ], [ 12.079175830433655, 10.64453270466106 ], [ 12.078748006142973, 10.64453270466106 ], [ 12.078474079956834, 10.644634316730105 ], [ 12.078257620809779, 10.645160724087816 ], [ 12.078355239876089, 10.64612344674191 ], [ 12.078058140674216, 10.646824212218064 ], [ 12.077404522230154, 10.647291386535471 ], [ 12.076899451886959, 10.647787760872745 ], [ 12.076305253483213, 10.648430125309176 ], [ 12.075562503978574, 10.649189280824999 ], [ 12.075116853675752, 10.649598057102764 ], [ 12.074558019296092, 10.650045637406834 ], [ 12.074053831953506, 10.650277984564752 ], [ 12.073519051590154, 10.650803551921797 ], [ 12.073554703614377, 10.651539344421735 ], [ 12.073019925251003, 10.652205058874074 ], [ 12.072556448936098, 10.652345208969336 ], [ 12.071736454378936, 10.652170020850292 ], [ 12.070845154773338, 10.651679493517008 ], [ 12.070417332482691, 10.650978741040831 ], [ 12.070167768313127, 10.650242947540903 ], [ 12.069312120731752, 10.650277984564752 ], [ 12.06899125251374, 10.650943703017049 ], [ 12.068278214029249, 10.650978741040831 ], [ 12.067315611375193, 10.650943703017049 ], [ 12.066531267842265, 10.650733476874223 ], [ 12.065925185430444, 10.651224005207496 ], [ 12.065461709115539, 10.65202987075503 ], [ 12.064926929752176, 10.652555434112173 ], [ 12.064392151388859, 10.653291221612108 ], [ 12.063179983565249, 10.653431370707324 ], [ 12.06228868495964, 10.653396333683474 ], [ 12.061361734329807, 10.652625509159748 ], [ 12.060363478651539, 10.652835734302585 ], [ 12.059507832070153, 10.653045959445421 ], [ 12.058580881440378, 10.652870772326423 ], [ 12.058188710173908, 10.653536483778737 ], [ 12.057689581834779, 10.654902939707142 ], [ 12.05679828322917, 10.65511316384999 ], [ 12.055835679575125, 10.65486790268335 ], [ 12.054837425896835, 10.654797827635775 ], [ 12.053946127291283, 10.654973014754773 ], [ 12.053197435782579, 10.654762790611926 ], [ 12.052199181104299, 10.654377381350059 ], [ 12.051450489595595, 10.65413211918343 ], [ 12.050024410626634, 10.654552567469125 ], [ 12.049204416069472, 10.654727753588134 ], [ 12.047992249245908, 10.65511316384999 ], [ 12.047421817858321, 10.655954057421354 ], [ 12.046352259131595, 10.6562693906356 ], [ 12.045068789259517, 10.6562693906356 ], [ 12.044355749775036, 10.656479612778469 ], [ 12.043678362314779, 10.656724872945063 ], [ 12.043000974854522, 10.657530724492631 ], [ 12.042394892442758, 10.657460650444989 ], [ 12.041467940812936, 10.657705908611661 ], [ 12.040291426013539, 10.658616868230581 ], [ 12.039578386529058, 10.658897163421045 ], [ 12.03890100006879, 10.658336573040174 ], [ 12.037760137293617, 10.658371610063966 ], [ 12.036334059324702, 10.658721979302015 ], [ 12.035641498854147, 10.659410705769972 ], [ 12.034836677307283, 10.659072346540086 ], [ 12.033838421629014, 10.659142420587671 ], [ 12.032305386587382, 10.659212493635323 ], [ 12.031877564296735, 10.659808119040008 ], [ 12.031235828860702, 10.660754107682749 ], [ 12.030629745448891, 10.661069436897037 ], [ 12.029595838746388, 10.661034400873234 ], [ 12.029061059383025, 10.66047381549231 ], [ 12.028134107753203, 10.659983302159048 ], [ 12.027064549026477, 10.660123449254229 ], [ 12.026351509541996, 10.660684034635153 ], [ 12.02603064332402, 10.661419803135061 ], [ 12.025103691694198, 10.661419803135061 ], [ 12.024360828189458, 10.66067625562988 ], [ 12.022976581248884, 10.655319812990399 ], [ 12.021332788132042, 10.65370435889281 ], [ 12.019515963897561, 10.650728499870809 ], [ 12.017643840625567, 10.647860298922012 ], [ 12.016055347546285, 10.647072406386712 ], [ 12.012681246253692, 10.646052092693424 ], [ 12.009134113843629, 10.645371882231245 ], [ 12.008441990373342, 10.643841402191356 ], [ 12.004635312786888, 10.641205558400429 ], [ 12.000742119141648, 10.641375612515958 ], [ 11.998494735614656, 10.640756701095484 ], [ 11.995927794870511, 10.639728891397112 ], [ 11.991649559963662, 10.638514202571798 ], [ 11.9879417564444, 10.636271689048101 ], [ 11.984804384312724, 10.634683230968847 ], [ 11.980906435664224, 10.632907886762553 ], [ 11.979480357695252, 10.628983404096061 ], [ 11.978624712113913, 10.624311334921629 ], [ 11.978434566984731, 10.620573628382033 ], [ 11.979100071436903, 10.617489986286841 ], [ 11.980431077341223, 10.61337841549323 ], [ 11.981381795987204, 10.611042269905909 ], [ 11.982427587697771, 10.607491295493162 ], [ 11.983568450472944, 10.604500969461412 ], [ 11.984614240183475, 10.601136817175586 ], [ 11.986813134677561, 10.595882484605568 ], [ 11.987773435330041, 10.591615899706596 ], [ 11.986726618618775, 10.587973644231852 ], [ 11.983871610678932, 10.584656971978347 ], [ 11.979718869857322, 10.581935574129261 ], [ 11.97686386091749, 10.58304114488044 ], [ 11.973703262770016, 10.583087785912141 ], [ 11.970823517813358, 10.584495266868487 ], [ 11.967779742745279, 10.583891581458261 ], [ 11.961648619579421, 10.583193603984057 ], [ 11.958955168749355, 10.583636451284917 ], [ 11.955085743120264, 10.58278975170964 ], [ 11.951365580592608, 10.58236453242074 ], [ 11.948770117829099, 10.581258958669537 ], [ 11.947472386947368, 10.578622574878239 ], [ 11.946347686183174, 10.580153380918375 ], [ 11.944098284654842, 10.579898246745017 ], [ 11.943492677243341, 10.576921669722537 ], [ 11.942108431302813, 10.575390847682456 ], [ 11.940551153244712, 10.573774971584498 ], [ 11.936740139655285, 10.572538935744717 ], [ 11.930774909602235, 10.569437577637473 ], [ 11.927314293250902, 10.571223570850975 ], [ 11.923115481397986, 10.572163876489867 ], [ 11.922642462076567, 10.574455342046804 ], [ 11.920306544489449, 10.575475893740247 ], [ 11.916499865903006, 10.574370295989013 ], [ 11.913644857963163, 10.576921669722537 ], [ 11.907934840083442, 10.576241306260272 ], [ 11.904387707673322, 10.576836624664793 ], [ 11.902090616112559, 10.580517569165806 ], [ 11.907285865642507, 10.590488820940777 ], [ 11.897466473970667, 10.599032694745972 ], [ 11.889420539503874, 10.608386879101715 ], [ 11.880048407135916, 10.623426671320544 ], [ 11.870072843358003, 10.652266568915877 ], [ 11.866945757233282, 10.653966648070991 ], [ 11.866044935621233, 10.654456390403766 ], [ 11.864971648891981, 10.655039895800201 ], [ 11.864203489370084, 10.654660201542242 ], [ 11.863696896025829, 10.654409798372114 ], [ 11.861944974835524, 10.653954862063017 ], [ 11.861088370253469, 10.653840647985362 ], [ 11.859889121438641, 10.654797190635293 ], [ 11.859323830054564, 10.655879773370884 ], [ 11.85791011609399, 10.656354982693756 ], [ 11.855748859625521, 10.657081474187351 ], [ 11.854321181655507, 10.65658178684788 ], [ 11.852893504685426, 10.655511029120362 ], [ 11.851679979860933, 10.654511656441287 ], [ 11.850609223133404, 10.655511029120362 ], [ 11.849110162114869, 10.656367634702349 ], [ 11.846326193223263, 10.656224867605374 ], [ 11.844470212962221, 10.656082099508353 ], [ 11.843399456234692, 10.65772392762392 ], [ 11.843185304089161, 10.659294371690919 ], [ 11.843042536992186, 10.661578655242977 ], [ 11.842919488908592, 10.663340218439885 ], [ 11.841971780264657, 10.664505392231604 ], [ 11.840733908423601, 10.664231540045535 ], [ 11.839042748274494, 10.664921225514092 ], [ 11.817231650454914, 10.724715423141447 ], [ 11.79133125585679, 10.741256500380359 ], [ 11.771184428167999, 10.740340351757879 ], [ 11.738176744740827, 10.737952172135238 ], [ 11.742013503347721, 10.751873933594425 ], [ 11.745443306678112, 10.758228835912234 ], [ 11.748684352880218, 10.764233998992495 ], [ 11.75216676324635, 10.770253051082136 ], [ 11.755656627617554, 10.783349250980393 ], [ 11.757670243985729, 10.79286565344637 ], [ 11.757670244985718, 10.792865700446384 ], [ 11.757589554930917, 10.794201896354252 ], [ 11.757492940865234, 10.794777671745464 ], [ 11.75738996879528, 10.795352344135949 ], [ 11.757385370792178, 10.79537722015283 ], [ 11.757380742788996, 10.795402091169763 ], [ 11.757371380782672, 10.79545181120352 ], [ 11.757361880776216, 10.795501505237269 ], [ 11.75735223876967, 10.795551172271018 ], [ 11.75734736576635, 10.79557599728787 ], [ 11.75655459322769, 10.799600861022611 ], [ 11.756047366883081, 10.802175996772291 ], [ 11.756042497879719, 10.802200645789014 ], [ 11.756037593876442, 10.802225287805754 ], [ 11.756012557859378, 10.802348393889417 ], [ 11.756007446855904, 10.802372993906147 ], [ 11.756002302852437, 10.802397586922837 ], [ 11.755991908845374, 10.802446750956278 ], [ 11.755986660841813, 10.802471321972973 ], [ 11.755976060834598, 10.802520442006312 ], [ 11.755959904823612, 10.802594066056372 ], [ 11.755954448819921, 10.802618593073021 ], [ 11.755921001797219, 10.802765583172857 ], [ 11.755909578789442, 10.802814517206116 ], [ 11.755892186777601, 10.802887858255986 ], [ 11.755880420769643, 10.802936712289181 ], [ 11.755831991736727, 10.80313179142172 ], [ 11.755825785732497, 10.803156137438236 ], [ 11.755813266723976, 10.803204813471325 ], [ 11.755787823706726, 10.803302040537403 ], [ 11.755774905697933, 10.803350570570331 ], [ 11.755774897697904, 10.803350600570354 ], [ 11.755728589666433, 10.80352027168567 ], [ 11.755715064657295, 10.803568629718541 ], [ 11.755701381647953, 10.803617019751414 ], [ 11.755687585638611, 10.8036652997842 ], [ 11.75565246661472, 10.803785957866182 ], [ 11.755638198605027, 10.803834095898878 ], [ 11.75563818660504, 10.803834136898899 ], [ 11.75563100760013, 10.803858169915259 ], [ 11.755630995600143, 10.80385821091528 ], [ 11.75561651859033, 10.803906314947938 ], [ 11.755601905580363, 10.803954376980585 ], [ 11.755587159570382, 10.804002399013257 ], [ 11.75558714557036, 10.804002444013292 ], [ 11.755557253550023, 10.804098346078433 ], [ 11.755542087539766, 10.804146298110993 ], [ 11.755534458534555, 10.804170241127281 ], [ 11.755526797529342, 10.804194173143571 ], [ 11.755526787529334, 10.804194216143571 ], [ 11.754487562823215, 10.806743781875866 ], [ 11.753059870853178, 10.809599174816015 ], [ 11.752287563328423, 10.811143781865496 ], [ 11.752230819289878, 10.811256502942058 ], [ 11.752207898274321, 10.811301481972635 ], [ 11.752196387266508, 10.811323948987877 ], [ 11.752173272250786, 10.811368834018367 ], [ 11.752161666242898, 10.811391252033616 ], [ 11.752138360227093, 10.811436038064073 ], [ 11.752114925211117, 10.811480759094422 ], [ 11.752067673179056, 10.811570010155094 ], [ 11.752031901154737, 10.81163677720042 ], [ 11.752007892138408, 10.811681206230617 ], [ 11.75189829206397, 10.81188031136594 ], [ 11.751873590047182, 10.811924370395843 ], [ 11.751836300021807, 10.811990332440644 ], [ 11.751773479979136, 10.812100000515159 ], [ 11.751748195961966, 10.812143638544853 ], [ 11.751735483953325, 10.812165469559659 ], [ 11.751722737944647, 10.812187289574467 ], [ 11.751684315918567, 10.812252640618908 ], [ 11.751658547901059, 10.81229611664844 ], [ 11.751632655883441, 10.812339519677948 ], [ 11.75152786481226, 10.812512395795409 ], [ 11.751501360794236, 10.812555428824624 ], [ 11.751474736776174, 10.812598385853789 ], [ 11.751447992758017, 10.812641264882927 ], [ 11.751407643730602, 10.812705448926579 ], [ 11.751394131721383, 10.812726809941068 ], [ 11.751312412665868, 10.812854587027914 ], [ 11.751243477619028, 10.812960548099909 ], [ 11.749676718554497, 10.815011798493629 ], [ 11.746002397057964, 10.818180619646682 ], [ 11.742002396340183, 10.820780619413256 ], [ 11.738225634774039, 10.822647087681446 ], [ 11.73372563371646, 10.824247088768573 ], [ 11.729245071672153, 10.825219934429583 ], [ 11.725833241353996, 10.825187934407836 ], [ 11.716796655214068, 10.824188400728701 ], [ 11.646881166709761, 10.834308420604771 ], [ 11.633808780827678, 10.833141203811692 ], [ 11.632858062181697, 10.85298328329344 ], [ 11.632145021697227, 10.857184966148282 ], [ 11.635144410735165, 10.864988648450549 ], [ 11.63731963921316, 10.870648063295846 ], [ 11.639542118723227, 10.873413977175119 ], [ 11.640177578154976, 10.874204818712485 ], [ 11.640248962203486, 10.875703878731031 ], [ 11.641890790319053, 10.875989414925016 ], [ 11.64311525715101, 10.876643092369193 ], [ 11.64396092072559, 10.877631243040582 ], [ 11.645459981744125, 10.877845394186068 ], [ 11.646673507568664, 10.878345080525605 ], [ 11.648243950635674, 10.878059546331599 ], [ 11.649029173169197, 10.877131555701055 ], [ 11.650314082042257, 10.877131555701055 ], [ 11.65102792052727, 10.878130930380109 ], [ 11.650813769381784, 10.880415211932132 ], [ 11.652669748642836, 10.880415211932132 ], [ 11.654525728903877, 10.880058292689625 ], [ 11.655741862730167, 10.879551636345411 ], [ 11.657024161601441, 10.880201060786646 ], [ 11.658309072474481, 10.880557980029153 ], [ 11.659654144388412, 10.879619061391224 ], [ 11.66237795123908, 10.878202313428574 ], [ 11.664227279495606, 10.878618704711528 ], [ 11.668576819450948, 10.87770841109301 ], [ 11.67222891793233, 10.878202313428574 ], [ 11.674182955260051, 10.877085856670021 ], [ 11.676828812057749, 10.876792039470388 ], [ 11.686973227950432, 10.884010391374886 ], [ 11.689611473743014, 10.884010391374886 ], [ 11.692392326632444, 10.883590263089445 ], [ 11.698096640508254, 10.88688124932554 ], [ 11.704371385771651, 10.89150257246547 ], [ 11.706362286124374, 10.894584902559814 ], [ 11.706124339962685, 10.897202310338173 ], [ 11.706243314043547, 10.899343824793277 ], [ 11.707789963094399, 10.900176636359106 ], [ 11.710407369872826, 10.900890473844129 ], [ 11.712191966085356, 10.901723286410004 ], [ 11.714690399782967, 10.900414581520806 ], [ 11.717069861399693, 10.89958177095491 ], [ 11.717783698884716, 10.897440256499863 ], [ 11.718255713205394, 10.897025610218122 ], [ 11.71922561386441, 10.896173587639225 ], [ 11.71982361727072, 10.895440575141208 ], [ 11.722138112843311, 10.896030424541948 ], [ 11.723196972562732, 10.897422410487763 ], [ 11.72410767318155, 10.898668630334498 ], [ 11.72432721733071, 10.898969058538626 ], [ 11.725873868381598, 10.899207005700305 ], [ 11.726495568804012, 10.899254828732808 ], [ 11.728967167483347, 10.899444951861994 ], [ 11.731763033383004, 10.900158790347007 ], [ 11.733395426492109, 10.900948657883646 ], [ 11.733607114635959, 10.901051087953249 ], [ 11.733785573757189, 10.902597737004157 ], [ 11.733597486629435, 10.90457999035101 ], [ 11.734677873363466, 10.906047956348402 ], [ 11.73723579310149, 10.906404874590919 ], [ 11.73723579310149, 10.90795152464176 ], [ 11.73772650043486, 10.90942364564205 ], [ 11.7378901445461, 10.909914579975577 ], [ 11.738663470071515, 10.911044823743566 ], [ 11.739615253718227, 10.910687904501003 ], [ 11.739612904716637, 10.910658544481066 ], [ 11.739496281637344, 10.909200742490555 ], [ 11.740210119122366, 10.908724850167232 ], [ 11.741518823011575, 10.908427416965139 ], [ 11.742708552819977, 10.908070497722633 ], [ 11.743243932183702, 10.908724850167232 ], [ 11.743184445143299, 10.909914579975577 ], [ 11.742292146537011, 10.910806877581877 ], [ 11.741327785881765, 10.911781157243865 ], [ 11.741399849930758, 10.912829419956097 ], [ 11.7419522663061, 10.914829915315352 ], [ 11.742827525900793, 10.915506312774937 ], [ 11.74496904135583, 10.915625285855754 ], [ 11.746039800083395, 10.916101179179122 ], [ 11.746515692406717, 10.917469369108687 ], [ 11.747824395295936, 10.917588342189561 ], [ 11.748835665983052, 10.916696043583272 ], [ 11.749906422710581, 10.915982206098249 ], [ 11.752047938165617, 10.916398611381169 ], [ 11.752702289610227, 10.917112449866181 ], [ 11.754189451620675, 10.91824269363417 ], [ 11.75502226418655, 10.919016018159596 ], [ 11.756271481035355, 10.918480639795803 ], [ 11.756925833479954, 10.917588342189561 ], [ 11.757699157005391, 10.916577070502456 ], [ 11.758829401773312, 10.915982206098249 ], [ 11.760249228738019, 10.915328697654218 ], [ 11.761744240753785, 10.915982206098249 ], [ 11.762874484521774, 10.917112449866181 ], [ 11.763212295751259, 10.918100008537181 ], [ 11.763588323006786, 10.919551396523332 ], [ 11.763766783128062, 10.921335992735919 ], [ 11.764718566774718, 10.922823155746357 ], [ 11.766265217825605, 10.921990345180518 ], [ 11.767157516431894, 10.920384208089217 ], [ 11.767866115913364, 10.920030395848812 ], [ 11.768287759199836, 10.920741128331713 ], [ 11.769180056806078, 10.922763668705954 ], [ 11.770488759695297, 10.923715454352646 ], [ 11.771719653531648, 10.924035344569972 ], [ 11.773225141554519, 10.923953399514289 ], [ 11.774414871362922, 10.92353699423137 ], [ 11.775842549332936, 10.923715454352646 ], [ 11.775247681928761, 10.925678508686417 ], [ 11.774831276645841, 10.92783787015361 ], [ 11.775545115130853, 10.929479698269176 ], [ 11.775759266276339, 10.931335677530228 ], [ 11.776758639955403, 10.93319165679128 ], [ 11.778686005264944, 10.934476565664283 ], [ 11.779756760992484, 10.934476565664283 ], [ 11.782397962787059, 10.9349048689553 ], [ 11.783325952417556, 10.936618081119377 ], [ 11.788828282156146, 10.934060684381734 ], [ 11.789893264879765, 10.933619960082297 ], [ 11.792962769965357, 10.934762101858325 ], [ 11.7953898196144, 10.935261788197806 ], [ 11.797745486214978, 10.936760849216341 ], [ 11.798959011039472, 10.938188525186433 ], [ 11.800147105846747, 10.937698555853501 ], [ 11.799958384718536, 10.936403929973835 ], [ 11.800957759397534, 10.935119021100832 ], [ 11.800743608252048, 10.933477192985265 ], [ 11.801885749028088, 10.932620587403278 ], [ 11.803384809046634, 10.932763353500263 ], [ 11.803955879434625, 10.934476565664283 ], [ 11.805240788307685, 10.936475314022346 ], [ 11.806454314132225, 10.937688838846896 ], [ 11.808238910344755, 10.937760221895417 ], [ 11.810451807848324, 10.938188525186433 ], [ 11.811950867866869, 10.939616202156458 ], [ 11.813521312933915, 10.939473434059437 ], [ 11.815734212437462, 10.938688211525914 ], [ 11.816804969164991, 10.938973747719956 ], [ 11.817590190698525, 10.940187272544449 ], [ 11.818446797280558, 10.94154356546602 ], [ 11.818589565377522, 10.942542939145028 ], [ 11.81780434184401, 10.944042000163563 ], [ 11.818589565377522, 10.945041372842581 ], [ 11.81966032310504, 10.944541685503054 ], [ 11.821587685414613, 10.942614323193538 ], [ 11.823515048724175, 10.941043879126482 ], [ 11.825870716324744, 10.939402051010916 ], [ 11.828940220410345, 10.938402677331908 ], [ 11.831654530254582, 10.938393128325401 ], [ 11.83322369932074, 10.938387607321658 ], [ 11.834151239950984, 10.939259282913952 ], [ 11.835791728065601, 10.938378573315561 ], [ 11.835864453114993, 10.937117768458904 ], [ 11.839797266787173, 10.937370257630448 ], [ 11.841360852849562, 10.938358980302212 ], [ 11.845715212808159, 10.93834366129181 ], [ 11.846715327487686, 10.938340143289452 ], [ 11.846643411438833, 10.936546697070867 ], [ 11.846786178535808, 10.935333172246317 ], [ 11.849141844136398, 10.934690717809815 ], [ 11.849610337454692, 10.93466892779503 ], [ 11.852211350221978, 10.934547949712794 ], [ 11.854852550016517, 10.934976253003811 ], [ 11.854495631774, 10.936261161876871 ], [ 11.854478880762656, 10.938312830270888 ], [ 11.85596366477148, 10.938712578542493 ], [ 11.857757424990268, 10.938535792422385 ], [ 11.859332983060767, 10.938084402115635 ], [ 11.861103302263643, 10.938427044348487 ], [ 11.862017014884429, 10.93991182835731 ], [ 11.862337696102315, 10.941521770451175 ], [ 11.862017014884429, 10.942253216948188 ], [ 11.862175385992032, 10.943013848465 ], [ 11.862873621466463, 10.943509572801815 ], [ 11.864072868281312, 10.942652967219772 ], [ 11.865329224134939, 10.94213900287059 ], [ 11.866642686027376, 10.941510826443732 ], [ 11.868869861540645, 10.941910574715394 ], [ 11.869098290695831, 10.942538753142173 ], [ 11.869840681200287, 10.943623786879414 ], [ 11.870811501859919, 10.944537499500257 ], [ 11.871725215480694, 10.944594606539056 ], [ 11.872581821062738, 10.94385221503461 ], [ 11.873666855799968, 10.943509572801815 ], [ 11.87463767545961, 10.944537499500257 ], [ 11.875949031350615, 10.946494694830051 ], [ 11.877150386166875, 10.947164425285109 ], [ 11.876636421817636, 10.948534994216345 ], [ 11.875894030313248, 10.950533741574418 ], [ 11.876179344507079, 10.952411170850041 ], [ 11.877493029399659, 10.952589595971233 ], [ 11.878072061793091, 10.953730101746203 ], [ 11.879353347663653, 10.954622960352822 ], [ 11.880428332394047, 10.954402745203197 ], [ 11.881224294934896, 10.955926720238665 ], [ 11.882212927606645, 10.956615643706755 ], [ 11.883283684334174, 10.957757785482784 ], [ 11.884354443061682, 10.957757785482784 ], [ 11.885496583837721, 10.956758411803776 ], [ 11.886281806371244, 10.956615643706755 ], [ 11.887281180050252, 10.954902431542735 ], [ 11.888423320826291, 10.955116583688209 ], [ 11.890350684135853, 10.955759038124768 ], [ 11.890350684135853, 10.957400866240278 ], [ 11.891635593008857, 10.958043320676836 ], [ 11.893206037075913, 10.958828543210302 ], [ 11.894205409754932, 10.958685775113338 ], [ 11.894501686956232, 10.959978765991877 ], [ 11.894776482142959, 10.962040815392925 ], [ 11.896275541161515, 10.963754026556956 ], [ 11.896989379646527, 10.965752773915028 ], [ 11.898702592810594, 10.96646661340003 ], [ 11.899573611402388, 10.968891394047546 ], [ 11.901769521894437, 10.958679840109312 ], [ 11.907947829092279, 10.939309531948084 ], [ 11.907972623109117, 10.939313239950593 ], [ 11.908022195142792, 10.939320759955706 ], [ 11.908047256159819, 10.939324614958309 ], [ 11.908072313176888, 10.939328505960987 ], [ 11.908122410210922, 10.939336392966311 ], [ 11.908172485244904, 10.939344420971793 ], [ 11.908197514261929, 10.939348487974542 ], [ 11.908247553295951, 10.939356727980169 ], [ 11.908272566312917, 10.93936090098299 ], [ 11.908297571329911, 10.939365108985839 ], [ 11.908372550380875, 10.93937794499459 ], [ 11.908422508414787, 10.939386678000517 ], [ 11.908447476431775, 10.939391097003522 ], [ 11.908547288499562, 10.939409127015722 ], [ 11.908597155533471, 10.939418353022006 ], [ 11.908622079550412, 10.939423019025185 ], [ 11.908646997567359, 10.939427720028391 ], [ 11.908696813601182, 10.93943722603484 ], [ 11.908746601635016, 10.93944687404138 ], [ 11.908771484651936, 10.939451750044725 ], [ 11.908796360668816, 10.939456661048041 ], [ 11.908945474770121, 10.939486866068592 ], [ 11.908970301787008, 10.939492022072045 ], [ 11.908995121803855, 10.939497214075573 ], [ 11.909019934820719, 10.939502440079139 ], [ 11.909044739837555, 10.939507702082722 ], [ 11.909168652921778, 10.939534534100972 ], [ 11.909193412938578, 10.939540005104675 ], [ 11.909391208072975, 10.939585030135277 ], [ 11.90941589608974, 10.939590815139184 ], [ 11.909440576106533, 10.939596635143175 ], [ 11.909465248123297, 10.939602489147148 ], [ 11.90956385419031, 10.939626254163272 ], [ 11.909588484207006, 10.939632282167395 ], [ 11.909637718240504, 10.939644443175609 ], [ 11.909686917273916, 10.939656742184013 ], [ 11.909883364407392, 10.939707325218365 ], [ 11.909907880424043, 10.939713804222777 ], [ 11.909932386440687, 10.93972031722717 ], [ 11.909981372473965, 10.939733447236108 ], [ 11.91000585049062, 10.939740064240596 ], [ 11.910030318507211, 10.939746715245121 ], [ 11.910103670557078, 10.93976687525884 ], [ 11.910127801573481, 10.939773581263353 ], [ 11.910224232638996, 10.939800743281808 ], [ 11.910272387671682, 10.939814524291194 ], [ 11.910296449688076, 10.939821465295893 ], [ 11.910344544720715, 10.939835447305427 ], [ 11.910440613786022, 10.939863813324678 ], [ 11.91570432436248, 10.941433691391353 ], [ 11.919362003847652, 10.942325808997509 ], [ 11.919658390049051, 10.942400772048416 ], [ 11.920324730501818, 10.942589125176426 ], [ 11.925882598278122, 10.944276335322797 ], [ 11.931104323826048, 10.945833691380926 ], [ 11.934762004311267, 10.946725808987082 ], [ 11.934908776410964, 10.946762276011896 ], [ 11.934933199427576, 10.946768471016071 ], [ 11.93495761244418, 10.946774700020285 ], [ 11.934982016460765, 10.946780963024594 ], [ 11.935030799493859, 10.946793590033167 ], [ 11.935055176510446, 10.946799955037477 ], [ 11.935103905543542, 10.946812787046213 ], [ 11.93512825556013, 10.946819254050581 ], [ 11.935176930593173, 10.946832291059422 ], [ 11.935201254609694, 10.946838860063906 ], [ 11.935225569626198, 10.946845464068417 ], [ 11.93524987464275, 10.946852101072921 ], [ 11.935298456675753, 10.946865478081975 ], [ 11.935322734692249, 10.946872217086593 ], [ 11.935347002708738, 10.946878990091193 ], [ 11.935371260725219, 10.946885797095774 ], [ 11.935516607823956, 10.946927352124021 ], [ 11.935540796840428, 10.946934396128825 ], [ 11.935564977856814, 10.94694147413361 ], [ 11.935613309889675, 10.946955732143294 ], [ 11.935661600922458, 10.946970125153086 ], [ 11.935685730938872, 10.946977371158027 ], [ 11.935709851955266, 10.946984652162939 ], [ 11.935733960971675, 10.946991967167946 ], [ 11.935974491135084, 10.947066963218901 ], [ 11.93599848715138, 10.947074647224099 ], [ 11.936022471167689, 10.947082365229335 ], [ 11.936046444183944, 10.947090117234609 ], [ 11.936094357216518, 10.947105720245247 ], [ 11.93611829823277, 10.947113573250533 ], [ 11.936166146265293, 10.947129377261319 ], [ 11.936190052281518, 10.947137329266695 ], [ 11.936213948297791, 10.94714531527211 ], [ 11.93623783331401, 10.947153334277573 ], [ 11.936285570346456, 10.947169473288568 ], [ 11.936309410362639, 10.947177589294029 ], [ 11.936428436443521, 10.947218669321956 ], [ 11.9364759634758, 10.94723533333331 ], [ 11.936499708491965, 10.947243715338971 ], [ 11.936523426508074, 10.947252124344686 ], [ 11.936570829540244, 10.947269042356197 ], [ 11.936594512556383, 10.947277550361946 ], [ 11.936618184572467, 10.94728609236779 ], [ 11.936641844588507, 10.947294667373626 ], [ 11.936665491604572, 10.947303276379444 ], [ 11.936948306796751, 10.947409154451407 ], [ 11.936971792812699, 10.94741819145753 ], [ 11.93699526682866, 10.947427262463691 ], [ 11.93704217686053, 10.947445502476114 ], [ 11.937065612876438, 10.947454671482319 ], [ 11.937240967995592, 10.947524484529765 ], [ 11.937415579114258, 10.947596138578433 ], [ 11.937438804130011, 10.947605831585008 ], [ 11.937462014145808, 10.947615556591643 ], [ 11.937485211161516, 10.94762531359828 ], [ 11.93769336230298, 10.947714591658951 ], [ 11.937716419318633, 10.947724673665789 ], [ 11.937785507365561, 10.947755111686433 ], [ 11.937808508381181, 10.947765322693385 ], [ 11.937831496396825, 10.94777556570034 ], [ 11.937854468412411, 10.947785840707354 ], [ 11.937900369443639, 10.94780648772138 ], [ 11.937946212474799, 10.947827263735462 ], [ 11.938106200583491, 10.947900988785591 ], [ 11.941004921553031, 10.949253723704715 ], [ 11.944002983590053, 10.950607687624654 ], [ 11.944026001605721, 10.950618107631726 ], [ 11.944049005621309, 10.950628559638801 ], [ 11.944186720714924, 10.950691947681889 ], [ 11.944209620730476, 10.950702624689143 ], [ 11.944392281854562, 10.950789192747948 ], [ 11.944415046870063, 10.950800157755396 ], [ 11.944437794885516, 10.950811153762913 ], [ 11.944573961977994, 10.9508778008082 ], [ 11.944641835024129, 10.950911551831098 ], [ 11.944687005054845, 10.950934211846516 ], [ 11.944709565070127, 10.950945588854211 ], [ 11.944732110085454, 10.950956996861976 ], [ 11.944889475192383, 10.951037738916853 ], [ 11.944934290222818, 10.95106109093274 ], [ 11.944956673238039, 10.951072813940698 ], [ 11.945023724283601, 10.951108169964698 ], [ 11.945046041298781, 10.951120017972755 ], [ 11.945090625329044, 10.951143807988899 ], [ 11.945112880344197, 10.951155742997003 ], [ 11.945179543389486, 10.951191737021475 ], [ 11.945201727404537, 10.951203795029699 ], [ 11.945223895419588, 10.951215884037879 ], [ 11.94537859052474, 10.95130137909598 ], [ 11.945400618539679, 10.951313715104334 ], [ 11.945422624554624, 10.951326079112732 ], [ 11.945598044673829, 10.951426100180697 ], [ 11.945772331792227, 10.951528082250036 ], [ 11.945794036807001, 10.951540967258779 ], [ 11.945815719821724, 10.951553880267511 ], [ 11.94583738283643, 10.951566822276334 ], [ 11.945923850895213, 10.951618895311697 ], [ 11.945966972924509, 10.951645111329526 ], [ 11.946010016953721, 10.951671447347394 ], [ 11.946031510968339, 10.95168466035642 ], [ 11.946052984982941, 10.951697902365368 ], [ 11.946074440997506, 10.951711174374395 ], [ 11.94611729702666, 10.951737809392512 ], [ 11.946138695041157, 10.951751171401611 ], [ 11.946160073055694, 10.951764562410688 ], [ 11.946181432070205, 10.951777983419788 ], [ 11.946245396113682, 10.9518184254473 ], [ 11.946287940142611, 10.95184553446569 ], [ 11.946309179157026, 10.951859130474929 ], [ 11.946415087228957, 10.951927557521458 ], [ 11.946457315257646, 10.951955136540164 ], [ 11.9466254473719, 10.952066637615928 ], [ 11.946646371386123, 10.952080704625473 ], [ 11.94666727440034, 10.952094799635063 ], [ 11.946688156414496, 10.952108924644676 ], [ 11.946729860442872, 10.952137261663893 ], [ 11.94675068145699, 10.952151474673599 ], [ 11.946771484471128, 10.952165716683226 ], [ 11.946813028499378, 10.952194287702639 ], [ 11.946833766513464, 10.952208615712379 ], [ 11.946854483527545, 10.952222971722165 ], [ 11.94687518054161, 10.952237356731928 ], [ 11.946978362611674, 10.952309715781098 ], [ 11.947019487639636, 10.952338859800875 ], [ 11.947040017653592, 10.952353473810831 ], [ 11.947060528667521, 10.952368116820764 ], [ 11.947081017681455, 10.952382787830743 ], [ 11.947101485695327, 10.952397488840745 ], [ 11.947121932709251, 10.952412216850746 ], [ 11.947142353723109, 10.952426970860756 ], [ 11.947162753736961, 10.952441752870811 ], [ 11.947365601874822, 10.952591150972296 ], [ 11.947405918902177, 10.952621372992837 ], [ 11.947426043915868, 10.952636526003118 ], [ 11.947446148929544, 10.952651708013434 ], [ 11.947486293956786, 10.952682156034143 ], [ 11.959586295178212, 10.961882155285139 ], [ 11.959689152248075, 10.961960947338639 ], [ 11.960319646676453, 10.962470621684929 ], [ 11.967168859330172, 10.968273420627668 ], [ 11.97559566105582, 10.974689283986947 ], [ 11.975615673069399, 10.974704543997348 ], [ 11.975635664082972, 10.974719832007736 ], [ 11.975735297150663, 10.974796691059964 ], [ 11.975774996177677, 10.97482762608098 ], [ 11.975794812191111, 10.974843134091486 ], [ 11.975834378217996, 10.974874232112597 ], [ 11.97587385424481, 10.974905439133806 ], [ 11.975893558258235, 10.974921082144476 ], [ 11.975913240271609, 10.974936753155077 ], [ 11.975932900284931, 10.974952451165791 ], [ 11.975972153311602, 10.974983930187136 ], [ 11.976011316338202, 10.975015515208611 ], [ 11.976030864351515, 10.975031349219364 ], [ 11.976069891378017, 10.975063096240945 ], [ 11.976089369391275, 10.975079009251772 ], [ 11.976108825404481, 10.975094949262598 ], [ 11.976167060444027, 10.975142932295171 ], [ 11.976186425457172, 10.975158979306116 ], [ 11.976205766470343, 10.975175052317013 ], [ 11.976225085483463, 10.975191152327966 ], [ 11.976244381496599, 10.975207279338917 ], [ 11.976302132535807, 10.975255821371888 ], [ 11.976321337548882, 10.975272055382902 ], [ 11.976340519561916, 10.975288315393982 ], [ 11.976359672574915, 10.975304598405046 ], [ 11.97637880358792, 10.975320908416109 ], [ 11.9766254217555, 10.975535356561807 ], [ 11.976644226768258, 10.975552033573138 ], [ 11.976663007781042, 10.975568737584524 ], [ 11.976700495806483, 10.975602222607279 ], [ 11.976719204819176, 10.975619003618647 ], [ 11.976756550844584, 10.975652642641535 ], [ 11.976775187857243, 10.975669500652941 ], [ 11.976812390882515, 10.975703293675906 ], [ 11.976830953895103, 10.975720228687464 ], [ 11.976849493907707, 10.975737189698975 ], [ 11.976868008920292, 10.975754174710517 ], [ 11.976886500932892, 10.975771185722067 ], [ 11.976923413957934, 10.975805285745253 ], [ 11.976941831970464, 10.975822373756841 ], [ 11.976978595995433, 10.975856624780135 ], [ 11.976996941007883, 10.975873788791773 ], [ 11.977015262020359, 10.975890976803441 ], [ 11.977033558032758, 10.975908190815176 ], [ 11.977070078057579, 10.975942694838579 ], [ 11.980057165087203, 10.978772566761336 ], [ 11.98595499409447, 10.983109204707887 ], [ 11.985975325108313, 10.983124185718054 ], [ 11.98607666917718, 10.983199515769286 ], [ 11.986096873190888, 10.983214664779553 ], [ 11.986117053204566, 10.983229840789875 ], [ 11.986137213218285, 10.983245045800174 ], [ 11.986157352231999, 10.983260278810519 ], [ 11.986197565259317, 10.983290827831297 ], [ 11.986217638272933, 10.983306142841684 ], [ 11.98625771930017, 10.983336857862582 ], [ 11.986277726313745, 10.983352255873058 ], [ 11.986297711327325, 10.983367680883532 ], [ 11.986357537368008, 10.9834141249151 ], [ 11.986377433381506, 10.983429660925651 ], [ 11.98639730539503, 10.983445221936222 ], [ 11.986417157408482, 10.983460810946781 ], [ 11.98643698642195, 10.983476426957395 ], [ 11.986555498502469, 10.983570706021453 ], [ 11.986594826529199, 10.983602353042954 ], [ 11.986634059555854, 10.983634104064549 ], [ 11.986673203582484, 10.983665963086196 ], [ 11.986692738595764, 10.983681932097056 ], [ 11.986712252608982, 10.983697928107915 ], [ 11.9867512136355, 10.983730003129722 ], [ 11.986790081661866, 10.983762184151544 ], [ 11.986809482675085, 10.98377831516251 ], [ 11.986828857688238, 10.983794471173496 ], [ 11.986906132740728, 10.983859367217576 ], [ 11.986925393753836, 10.98387565722868 ], [ 11.986944622766885, 10.983891966239753 ], [ 11.98696382777996, 10.983908301250835 ], [ 11.987002170805965, 10.983941053273099 ], [ 11.987040421831978, 10.983973912295426 ], [ 11.987059512844951, 10.983990382306615 ], [ 11.987078579857894, 10.984006878317814 ], [ 11.987116646883749, 10.984039950340275 ], [ 11.987154620909564, 10.984073129362855 ], [ 11.987173572922472, 10.984089758374125 ], [ 11.987211405948131, 10.984123096396786 ], [ 11.987249146973795, 10.98415653941953 ], [ 11.987267981986577, 10.984173301430928 ], [ 11.987286793999374, 10.98419008844229 ], [ 11.987324346024877, 10.984223743465179 ], [ 11.98734308703763, 10.984240609476615 ], [ 11.987361804050352, 10.984257502488106 ], [ 11.987380498063033, 10.984274421499606 ], [ 11.987417814088417, 10.984308336522645 ], [ 11.987436436101063, 10.984325333534173 ], [ 11.987455035113669, 10.984342357545756 ], [ 11.987473610126301, 10.98435940655736 ], [ 11.98751068915152, 10.984393582580594 ], [ 11.987547672176618, 10.984427862603866 ], [ 11.987566126189165, 10.984445041615515 ], [ 11.987584557201671, 10.984462246627231 ], [ 11.987602964214204, 10.98447947663891 ], [ 11.987639706239179, 10.984514014662409 ], [ 11.987658033251591, 10.984531313674154 ], [ 11.987676331264026, 10.984548636685929 ], [ 11.987694606276477, 10.984565984697724 ], [ 11.987731082301252, 10.984600758721342 ], [ 11.987749283313633, 10.984618183733176 ], [ 11.987767460325983, 10.984635634745018 ], [ 11.987785613338303, 10.984653110756938 ], [ 11.987821841362916, 10.984688135780686 ], [ 11.987839914375172, 10.984705682792651 ], [ 11.987857963387455, 10.984723254804578 ], [ 11.988054865521235, 10.984918207937028 ], [ 11.988072612533301, 10.984936076949168 ], [ 11.988125702569391, 10.984989833985708 ], [ 11.988160956593333, 10.985025782010098 ], [ 11.988213648629142, 10.985079889046858 ], [ 11.988248649652917, 10.985116084071478 ], [ 11.988300960688434, 10.985170560108486 ], [ 11.988353041723826, 10.985225255145679 ], [ 11.988370350735579, 10.985243536158066 ], [ 11.988422124770807, 10.985298523195411 ], [ 11.988439330782455, 10.98531690020792 ], [ 11.988559049863795, 10.98544621629577 ], [ 11.988576042875366, 10.985464779308415 ], [ 11.98859300888688, 10.985483365321045 ], [ 11.988626861909893, 10.985520609346338 ], [ 11.988660608932832, 10.985557945371681 ], [ 11.988677441944276, 10.985576647384391 ], [ 11.988727782978458, 10.985632895422611 ], [ 11.988761207001176, 10.985670509448198 ], [ 11.988777878012513, 10.985689348460994 ], [ 11.988794522023795, 10.985708210473774 ], [ 11.988844294057628, 10.985764936512339 ], [ 11.988926715113621, 10.985859945576919 ], [ 11.98894311912477, 10.985879016589877 ], [ 11.98897584014702, 10.985917221615807 ], [ 11.989008453169163, 10.985955516641809 ], [ 11.989040956191275, 10.985993901667939 ], [ 11.989057163202233, 10.986013123680948 ], [ 11.989073345213228, 10.986032368694055 ], [ 11.989089498224246, 10.986051636707145 ], [ 11.989105623235162, 10.986070926720231 ], [ 11.989121722246125, 10.986090239733358 ], [ 11.989137794257033, 10.986109575746525 ], [ 11.989153838267953, 10.986128933759687 ], [ 11.989233652322184, 10.986226062825665 ], [ 11.989265384343753, 10.986265070852141 ], [ 11.989297008365213, 10.986304168878746 ], [ 11.99369882735607, 10.99175859458478 ], [ 11.998881637877503, 10.997738759647973 ], [ 11.998881921877739, 10.997739087648199 ], [ 11.999992156632061, 10.999020127518634 ], [ 12.000492339971913, 10.99962332492845 ], [ 12.003807199224241, 11.003802932768338 ], [ 12.009966401409088, 11.008695776092793 ], [ 12.012887818394063, 11.011016507669581 ], [ 12.016986724179105, 11.015622228798975 ], [ 12.019609118960886, 11.019851897672822 ], [ 12.023158035372205, 11.024314295704812 ], [ 12.028348264898739, 11.032782779458785 ], [ 12.031286722895288, 11.037522226679016 ], [ 12.03166303115097, 11.03815796611093 ], [ 12.034757674253626, 11.043639906835665 ], [ 12.035277067606501, 11.044390143345424 ], [ 12.036396503367143, 11.045213256904674 ], [ 12.042539034540653, 11.049259287653797 ], [ 12.056694860158871, 11.048520276151635 ], [ 12.06648346180981, 11.046007620444414 ], [ 12.094343327739239, 11.038469523322647 ], [ 12.12600772725375, 11.037815015877925 ], [ 12.126158432356135, 11.037831733889277 ], [ 12.126183535373173, 11.037834643891244 ], [ 12.126505313591792, 11.037875114918734 ], [ 12.126826311809907, 11.037921381950184 ], [ 12.127146423027398, 11.037973427985548 ], [ 12.127465544244274, 11.038031238024814 ], [ 12.127783570460338, 11.038094792068023 ], [ 12.128100398675599, 11.038164070115101 ], [ 12.128125032692367, 11.038169708118915 ], [ 12.128248086775955, 11.038198416138414 ], [ 12.128272672792662, 11.038204262142415 ], [ 12.128370934859447, 11.038227989158543 ], [ 12.132870936916959, 11.039327988905939 ], [ 12.132993686000361, 11.039358451926603 ], [ 12.133018210017042, 11.039364647930825 ], [ 12.133116218083615, 11.039389777947918 ], [ 12.133140697100259, 11.039396145952253 ], [ 12.133165168116875, 11.039402548956559 ], [ 12.133189630133472, 11.039408985960961 ], [ 12.133214083150108, 11.039415457965333 ], [ 12.133238526166735, 11.039421963969744 ], [ 12.133262961183334, 11.039428503974193 ], [ 12.133287386199925, 11.03943507897867 ], [ 12.133311802216497, 11.039441687983185 ], [ 12.133336208233118, 11.039448331987671 ], [ 12.133482450332451, 11.039488913015248 ], [ 12.133506790348974, 11.039495796019935 ], [ 12.133555440382054, 11.039509665029357 ], [ 12.133579751398543, 11.039516651034091 ], [ 12.133725407497536, 11.039559285063092 ], [ 12.13374964751398, 11.039566510067971 ], [ 12.133870697596251, 11.039603146092873 ], [ 12.133894876612658, 11.039610575097925 ], [ 12.133943203645515, 11.039625536108076 ], [ 12.133991487678315, 11.039640632118335 ], [ 12.134112010760191, 11.039678966144379 ], [ 12.13416014379294, 11.039694537154958 ], [ 12.134352233923437, 11.039758173198209 ], [ 12.134376193939715, 11.039766279203718 ], [ 12.134424080972224, 11.039782593214795 ], [ 12.134448006988521, 11.039790800220374 ], [ 12.134519716037232, 11.039815624237235 ], [ 12.134543595053458, 11.039823966242921 ], [ 12.134734204182962, 11.039891907289075 ], [ 12.134757977199115, 11.039900551294977 ], [ 12.134876653279775, 11.039944268324632 ], [ 12.134900351295869, 11.039953112330636 ], [ 12.135018655376257, 11.039997830361074 ], [ 12.135065888408349, 11.040015949373355 ], [ 12.135089485424373, 11.040025059379559 ], [ 12.135113069440365, 11.040034202385755 ], [ 12.135160200472399, 11.040052587398236 ], [ 12.135183745488405, 11.040061829404522 ], [ 12.135207277504378, 11.040071105410846 ], [ 12.135230796520375, 11.040080413417172 ], [ 12.135277796552316, 11.040099129429848 ], [ 12.135301276568271, 11.040108537436254 ], [ 12.135371637616061, 11.040136957455559 ], [ 12.135395064632007, 11.040146497462047 ], [ 12.135488636695584, 11.040184984488235 ], [ 12.135558672743173, 11.040214194508053 ], [ 12.135581990759022, 11.040223996514726 ], [ 12.135605294774848, 11.04023383252138 ], [ 12.135744827869644, 11.040293530561939 ], [ 12.135768033885427, 11.040303595568787 ], [ 12.135814403916925, 11.040323821582547 ], [ 12.13583756793264, 11.040333983589449 ], [ 12.135883851964081, 11.040354405603296 ], [ 12.135906971979807, 11.040364664610308 ], [ 12.135930077995511, 11.040374956617313 ], [ 12.135976247026861, 11.04039563863131 ], [ 12.136206207183136, 11.040500990702924 ], [ 12.142270699303651, 11.043331097625867 ], [ 12.14670620631739, 11.045400992032228 ], [ 12.146729059332927, 11.04541170203953 ], [ 12.146751896348405, 11.045422443046789 ], [ 12.14679752737942, 11.045444021061485 ], [ 12.14711523959528, 11.045598602166535 ], [ 12.147137817610655, 11.045609879174151 ], [ 12.147160379625973, 11.045621188181826 ], [ 12.147182926641278, 11.045632528189572 ], [ 12.147205456656593, 11.045643899197273 ], [ 12.147317873732959, 11.045701224236211 ], [ 12.147340301748216, 11.04571277924407 ], [ 12.147362713763414, 11.045724365251942 ], [ 12.147385105778653, 11.045735980259849 ], [ 12.147519119869685, 11.045806324307648 ], [ 12.147541397884822, 11.045818157315693 ], [ 12.147674720975431, 11.045889801364353 ], [ 12.147696878990473, 11.045901848372523 ], [ 12.147719021005514, 11.045913925380773 ], [ 12.147939431155294, 11.046036345463961 ], [ 12.147983308185133, 11.046061196480821 ], [ 12.148005220199991, 11.046073667489281 ], [ 12.148092695259436, 11.046123856523366 ], [ 12.148114520274248, 11.046136479531981 ], [ 12.14813632828907, 11.046149133540553 ], [ 12.148223381348203, 11.04620005157517 ], [ 12.148245100362999, 11.04621285658385 ], [ 12.148331797421861, 11.046264378618844 ], [ 12.148353418436557, 11.046277329627685 ], [ 12.148375022451262, 11.046290310636493 ], [ 12.148418174480582, 11.046316363654171 ], [ 12.148439721495208, 11.046329433663061 ], [ 12.148547178568208, 11.046395232707766 ], [ 12.148568613582768, 11.046408480716764 ], [ 12.148590027597322, 11.046421757725795 ], [ 12.148718122684386, 11.046502043780379 ], [ 12.148739404698858, 11.046515527789495 ], [ 12.148760666713258, 11.046529040798703 ], [ 12.148781907727709, 11.046542581807898 ], [ 12.148993269871312, 11.046679610900981 ], [ 12.149014296885639, 11.04669347291042 ], [ 12.149035302899904, 11.046707363919836 ], [ 12.149119134956834, 11.046763219957825 ], [ 12.149140042971055, 11.046777255967356 ], [ 12.149160928985225, 11.046791319976876 ], [ 12.14928583307011, 11.046876312034669 ], [ 12.149306579084225, 11.046890578044327 ], [ 12.149327304098279, 11.046904872054029 ], [ 12.149368694126395, 11.046933546073546 ], [ 12.149389357140478, 11.046947925083316 ], [ 12.149451226182464, 11.046991235112728 ], [ 12.149553926252281, 11.04706398516214 ], [ 12.149615294293937, 11.047107973192055 ], [ 12.149635708307812, 11.047122692202038 ], [ 12.149656102321671, 11.047137440212055 ], [ 12.149676473335546, 11.047152215222127 ], [ 12.149717154363202, 11.047181850242225 ], [ 12.149737462376947, 11.047196709252319 ], [ 12.149757750390734, 11.047211597262447 ], [ 12.1497780134045, 11.047226510272594 ], [ 12.149999523555039, 11.047392417385311 ], [ 12.150019529568624, 11.047407666395657 ], [ 12.150039515582193, 11.047422942406058 ], [ 12.150059476595743, 11.047438244416469 ], [ 12.150218392703721, 11.047561658500285 ], [ 12.150238156717194, 11.047577208510859 ], [ 12.150257898730558, 11.047592784521441 ], [ 12.15033664578408, 11.04765536456398 ], [ 12.150375885810774, 11.047686816585326 ], [ 12.150395468824058, 11.04770258159607 ], [ 12.150551339929962, 11.047829684682426 ], [ 12.150570768943169, 11.047845726693311 ], [ 12.150706138035162, 11.047958781770149 ], [ 12.150744610061281, 11.04799132879225 ], [ 12.150782989087361, 11.04802398381446 ], [ 12.150802144100396, 11.048040351825534 ], [ 12.15082127611339, 11.048056746836721 ], [ 12.151084588292292, 11.04828723099331 ], [ 12.151343334468095, 11.048522829153399 ], [ 12.151597414640719, 11.048763450316869 ], [ 12.151846733810146, 11.049009003483718 ], [ 12.152091193976219, 11.04925939365387 ], [ 12.152330702138954, 11.049514524827202 ], [ 12.152565166298245, 11.049774299003673 ], [ 12.152794495454089, 11.050038617183304 ], [ 12.15301860260638, 11.050307377365925 ], [ 12.153034533617188, 11.050326897379136 ], [ 12.153066315638796, 11.050366003405713 ], [ 12.153082164649561, 11.050385589419022 ], [ 12.153097985660281, 11.050405198432372 ], [ 12.153129545681736, 11.050444483459046 ], [ 12.153176677713759, 11.050503577499228 ], [ 12.153192332724416, 11.050523318512603 ], [ 12.157696509784785, 11.056202495371338 ], [ 12.159898598280961, 11.058883300192861 ], [ 12.159914680291934, 11.058902960206183 ], [ 12.160058182389434, 11.059080904327118 ], [ 12.160199441485418, 11.059260633449242 ], [ 12.160230517506534, 11.059300802476514 ], [ 12.160261478527559, 11.059341054503875 ], [ 12.160276917538056, 11.059361212517558 ], [ 12.160292327548518, 11.059381391531247 ], [ 12.16030258255546, 11.05939485754044 ], [ 12.160307708558946, 11.059401592544987 ], [ 12.16031282656246, 11.059408331549548 ], [ 12.160323061569386, 11.059421813558743 ], [ 12.160338385579792, 11.059442055572504 ], [ 12.160353680590219, 11.059462317586224 ], [ 12.160414576631581, 11.059543576641488 ], [ 12.160429728641873, 11.059563942655302 ], [ 12.160444850652141, 11.059584328669132 ], [ 12.160534984713365, 11.059707082752539 ], [ 12.160549905723542, 11.059727612766494 ], [ 12.160564797733628, 11.059748163780455 ], [ 12.160594494753809, 11.059789324808435 ], [ 12.160624073773931, 11.059830566836467 ], [ 12.160668224803885, 11.059892580878568 ], [ 12.160682883813877, 11.059913292892645 ], [ 12.1606926368205, 11.059927112902074 ], [ 12.160697512823788, 11.059934023906749 ], [ 12.160702379827114, 11.059940939911428 ], [ 12.160712112833721, 11.059954774920868 ], [ 12.160726682843631, 11.059975545934947 ], [ 12.160741223853506, 11.059996336949098 ], [ 12.160755735863347, 11.060017146963219 ], [ 12.160770218873211, 11.060037977977402 ], [ 12.160799095892855, 11.060079698005723 ], [ 12.160813488902591, 11.060100586019928 ], [ 12.16087076894155, 11.060184339076841 ], [ 12.160885015951237, 11.060205326091079 ], [ 12.160899230960865, 11.060226331105355 ], [ 12.160941702989703, 11.060289466148276 ], [ 12.160955799999329, 11.06031054916258 ], [ 12.160969868008863, 11.060331652176899 ], [ 12.160997912027938, 11.060373914205627 ], [ 12.1610118900374, 11.060395074220025 ], [ 12.161025838046896, 11.060416252234404 ], [ 12.16105364406576, 11.06045866626323 ], [ 12.16106750307523, 11.060479902277677 ], [ 12.161081331084574, 11.060501156292105 ], [ 12.161258352204868, 11.060779158480955 ], [ 12.161271757213967, 11.060800671495599 ], [ 12.161298475232115, 11.060843752524875 ], [ 12.161311789241211, 11.060865321539552 ], [ 12.161325071250189, 11.060886905554185 ], [ 12.161417195312822, 11.061038511657216 ], [ 12.161430235321689, 11.061060242671942 ], [ 12.161443244330485, 11.061081992686752 ], [ 12.161456220339289, 11.061103757701517 ], [ 12.161469167348116, 11.061125540716318 ], [ 12.161482082356883, 11.061147340731168 ], [ 12.161494967365627, 11.061169159745987 ], [ 12.161647165469049, 11.061432328924752 ], [ 12.161659646477517, 11.061454370939771 ], [ 12.161672097486019, 11.061476429954723 ], [ 12.161684516494461, 11.06149850696977 ], [ 12.161696903502843, 11.06152059998476 ], [ 12.161709259511269, 11.061542708999752 ], [ 12.161721584519626, 11.061564835014792 ], [ 12.161758373544615, 11.061631318059995 ], [ 12.161770573552928, 11.061653511075065 ], [ 12.161782743561162, 11.061675721090182 ], [ 12.161794880569403, 11.061697948105234 ], [ 12.161819059585866, 11.061742451135501 ], [ 12.16184311560221, 11.061787019165763 ], [ 12.161867042618439, 11.061831651196087 ], [ 12.161902698642677, 11.06189872524169 ], [ 12.161926311658704, 11.061943521272099 ], [ 12.161984787698429, 11.062055789348392 ], [ 12.162007955714216, 11.062100808379 ], [ 12.162042468737639, 11.062168453424931 ], [ 12.162053909745396, 11.062191033440286 ], [ 12.162133100799224, 11.062349523547994 ], [ 12.1621442848068, 11.062372226563411 ], [ 12.16215543681443, 11.062394944578841 ], [ 12.162166555821955, 11.062417674594258 ], [ 12.16221071085198, 11.062508747656182 ], [ 12.162221669859377, 11.062531554671637 ], [ 12.162275983896336, 11.062645819749264 ], [ 12.162286749903615, 11.062668717764836 ], [ 12.162308185918164, 11.062714559796007 ], [ 12.162318855925434, 11.062737503811604 ], [ 12.162329493932646, 11.062760462827157 ], [ 12.162340099939854, 11.062783435842789 ], [ 12.162361208954223, 11.06282941887406 ], [ 12.162371713961363, 11.062852428889698 ], [ 12.162423753996734, 11.062967699967999 ], [ 12.162434065003708, 11.062990797983673 ], [ 12.162495247045285, 11.06312968807805 ], [ 12.162505329052124, 11.063152883093835 ], [ 12.16251537705898, 11.063176091109597 ], [ 12.162565129092741, 11.063292340188582 ], [ 12.162574981099453, 11.063315630204386 ], [ 12.162584800106117, 11.063338933220223 ], [ 12.162594585112799, 11.063362247236057 ], [ 12.162604337119433, 11.063385576251903 ], [ 12.162633397139132, 11.063455642299516 ], [ 12.162652606152221, 11.063502421331293 ], [ 12.162700052184448, 11.063619602410938 ], [ 12.162709427190805, 11.063643040426882 ], [ 12.162783245240973, 11.06383101455458 ], [ 12.162854943289688, 11.064019808682872 ], [ 12.162863756295678, 11.064043463698908 ], [ 12.162889995313492, 11.064114504747181 ], [ 12.162898674319422, 11.064138209763314 ], [ 12.162915933331135, 11.064185655795541 ], [ 12.162924513336975, 11.064209396811691 ], [ 12.162950051354301, 11.06428069186012 ], [ 12.162958497360023, 11.064304480876274 ], [ 12.162966909365764, 11.064328281892472 ], [ 12.16299194638276, 11.064399755940997 ], [ 12.163000224388384, 11.06442360295722 ], [ 12.163008469394015, 11.064447462973419 ], [ 12.163108693462107, 11.064746667176735 ], [ 12.163203640526604, 11.065047587381173 ], [ 12.16539908001829, 11.071272977611045 ], [ 12.165425574036306, 11.071342659658399 ], [ 12.165434341042271, 11.071365911674206 ], [ 12.165520232100619, 11.071599090832592 ], [ 12.16560287815679, 11.07183343899186 ], [ 12.165682263210726, 11.072068912151849 ], [ 12.165690022215983, 11.072092520167871 ], [ 12.165697748221248, 11.072116138183901 ], [ 12.165713101231688, 11.072163406216021 ], [ 12.167572912495302, 11.0790787969147 ], [ 12.16759203250831, 11.079255634034894 ], [ 12.167599690513498, 11.079331478086431 ], [ 12.167604617516872, 11.079382058120757 ], [ 12.16761404052329, 11.079483260189534 ], [ 12.167618538526312, 11.079533880223948 ], [ 12.167625015530746, 11.079609834275516 ], [ 12.167629154533529, 11.079660485309944 ], [ 12.1676311695349, 11.079685814327149 ], [ 12.167635093537569, 11.079736482361568 ], [ 12.16763887454016, 11.079787161396041 ], [ 12.167640711541367, 11.079812504413269 ], [ 12.167650977548362, 11.079964616516577 ], [ 12.167652562549449, 11.079989976533852 ], [ 12.167655625551504, 11.080040703568272 ], [ 12.167657103552528, 11.080066070585531 ], [ 12.167658545553479, 11.080091439602768 ], [ 12.167659951554469, 11.080116810619984 ], [ 12.167661321555386, 11.080142183637236 ], [ 12.167662655556285, 11.080167558654466 ], [ 12.167677455566377, 11.080519591893676 ], [ 12.167685347571705, 11.080871848133029 ], [ 12.167686327572369, 11.081224190372438 ], [ 12.167680395568368, 11.081576483611798 ], [ 12.167667554559614, 11.081928593851046 ], [ 12.167647808546235, 11.082280384090041 ], [ 12.167621166528136, 11.082631719328788 ], [ 12.167587636505345, 11.082982463567078 ], [ 12.167547234477865, 11.083332483804895 ], [ 12.167499972445739, 11.083681644042144 ], [ 12.167445871409029, 11.084029809278718 ], [ 12.167384950367591, 11.084376846514488 ], [ 12.167317233321626, 11.084722621749449 ], [ 12.167242747271018, 11.085067002983408 ], [ 12.167161519215824, 11.085409856216359 ], [ 12.167130583194762, 11.085533081300127 ], [ 12.167117964186218, 11.085582309333574 ], [ 12.167111603181866, 11.085606910350293 ], [ 12.167092349168797, 11.085680538400311 ], [ 12.167085862164413, 11.085705063416981 ], [ 12.167079340159944, 11.085729579433632 ], [ 12.1670394881329, 11.085876476533429 ], [ 12.167012232114359, 11.085974219599848 ], [ 12.166991429100221, 11.086047425649554 ], [ 12.166927172056546, 11.086266508798417 ], [ 12.1669198620516, 11.086290800814936 ], [ 12.166905138041614, 11.086339353847961 ], [ 12.166897725036563, 11.08636361486441 ], [ 12.166882797026403, 11.086412104897363 ], [ 12.166806113974303, 11.086653917061653 ], [ 12.166750416936452, 11.086822532176257 ], [ 12.166742324930965, 11.086846575192567 ], [ 12.166726038919933, 11.086894626225217 ], [ 12.16669306289748, 11.08699059129043 ], [ 12.166651085868978, 11.087110284371761 ], [ 12.166634058857426, 11.087158078404229 ], [ 12.166625495851576, 11.087181957420455 ], [ 12.166608267839877, 11.087229678452843 ], [ 12.166538015792185, 11.087420074582212 ], [ 12.166520118779999, 11.087467549614473 ], [ 12.166502088767743, 11.087514973646705 ], [ 12.166483924755426, 11.087562347678897 ], [ 12.166391112692338, 11.087798438839286 ], [ 12.166381642685906, 11.0878219938553 ], [ 12.166372129679473, 11.087845555871354 ], [ 12.166267789608526, 11.088098000042862 ], [ 12.166159658535094, 11.088348843213282 ], [ 12.166047763459062, 11.08859803038257 ], [ 12.165932127380472, 11.088845502550726 ], [ 12.16591020336557, 11.088891350581889 ], [ 12.165809957297483, 11.08909689872155 ], [ 12.165798659289806, 11.089119658737047 ], [ 12.165787329282125, 11.089142402752486 ], [ 12.165664497198634, 11.08938401191665 ], [ 12.165538068112767, 11.08962375807954 ], [ 12.165408071024387, 11.089861588241149 ], [ 12.165383302007569, 11.089905963271292 ], [ 12.165370870999141, 11.089928125286349 ], [ 12.158191346120987, 11.101442937110107 ], [ 12.153730349089926, 11.111238595765826 ], [ 12.15308644065243, 11.116747585508904 ], [ 12.153060363634722, 11.119552442414658 ], [ 12.153084876651405, 11.11953762940459 ] ] ] ] } }
]
}
