{
"type": "FeatureCollection",
"name": "Delta",
"crs": { "type": "name", "properties": { "name": "urn:ogc:def:crs:OGC:1.3:CRS84" } },
"features": [
{ "type": "Feature", "properties": { "fid": 21.0, "OBJECTID": 21.0, "lganame": "Aniocha North", "statecode": "DE", "LGA_UID": "10_01" }, "geometry": { "type": "MultiPolygon", "coordinates": [ [ [ [ 6.581527233039822, 6.291166781753532 ], [ 6.566888809093712, 6.290431023253632 ], [ 6.556675911154514, 6.293119907080609 ], [ 6.548491954593885, 6.298600196804159 ], [ 6.534181117870332, 6.305416107435292 ], [ 6.517187119323751, 6.303886890396257 ], [ 6.507008076407544, 6.298947811040364 ], [ 6.498208046428317, 6.289859771865451 ], [ 6.48464107521022, 6.282118796605857 ], [ 6.475821972218057, 6.277191162257736 ], [ 6.46294498446872, 6.267374991588099 ], [ 6.447338103864581, 6.25961685231681 ], [ 6.431725979256896, 6.253245830988021 ], [ 6.419509887956622, 6.247595787149066 ], [ 6.39913082111002, 6.242571830735528 ], [ 6.388936996183816, 6.241099833735404 ], [ 6.375341891946562, 6.239600181716469 ], [ 6.371198177131078, 6.25412893258806 ], [ 6.373191833485691, 6.264547824667204 ], [ 6.377909183690917, 6.274295807290514 ], [ 6.383993148824686, 6.282668113979071 ], [ 6.389379978484783, 6.294501781019505 ], [ 6.391353129825461, 6.30977487639683 ], [ 6.38790416748202, 6.320841788916312 ], [ 6.38309192721232, 6.332591056899389 ], [ 6.378266810933894, 6.347114085767089 ], [ 6.374145031133367, 6.356789112340834 ], [ 6.368660927407177, 6.366452216906453 ], [ 6.36385822314395, 6.376121044475951 ], [ 6.362289429078032, 6.384438992127627 ], [ 6.365606785332034, 6.384541035196946 ], [ 6.370153904421556, 6.383304119356524 ], [ 6.379920959057813, 6.38548088083553 ], [ 6.385685920974822, 6.387722015358293 ], [ 6.39142703987568, 6.388796806088521 ], [ 6.397776127189559, 6.391611099000727 ], [ 6.401229857536237, 6.392722129755612 ], [ 6.406398773048238, 6.393805981492051 ], [ 6.410437106792131, 6.395491122636997 ], [ 6.412735939354036, 6.396037102007995 ], [ 6.415059089932527, 6.397748947171124 ], [ 6.41910982068481, 6.400015830711368 ], [ 6.423731803825206, 6.402275085246401 ], [ 6.428949833370609, 6.405688762565831 ], [ 6.431262015941627, 6.406817913333043 ], [ 6.433647155562255, 6.411443233475723 ], [ 6.436604022571316, 6.416059016611939 ], [ 6.440121173961018, 6.420083046346065 ], [ 6.441873074151374, 6.421802997514703 ], [ 6.445375918531397, 6.425244807853232 ], [ 6.448867797903972, 6.428103923795902 ], [ 6.46208190888234, 6.437876701436039 ], [ 6.466182708668612, 6.440909863496927 ], [ 6.48050785140191, 6.447825909196069 ], [ 6.490446568154766, 6.455711364553849 ], [ 6.492447852514545, 6.456245898917018 ], [ 6.502198219139473, 6.46395683315626 ], [ 6.509625912186266, 6.475808144208656 ], [ 6.520029068254701, 6.483035564119348 ], [ 6.523318768489901, 6.487541199180725 ], [ 6.526188850439951, 6.488078116545523 ], [ 6.529631137778836, 6.488606929904847 ], [ 6.535428523717883, 6.490363598098384 ], [ 6.540155887929927, 6.492012024218411 ], [ 6.55171108178115, 6.493494987226029 ], [ 6.565308094019656, 6.49430179577422 ], [ 6.575504779947835, 6.495079994302955 ], [ 6.574267387107056, 6.491602420940126 ], [ 6.570803164753329, 6.481864929323933 ], [ 6.571531773248353, 6.470775126788965 ], [ 6.571571827275591, 6.461760997664271 ], [ 6.570931910840784, 6.452740191535042 ], [ 6.574409008203304, 6.435431003774283 ], [ 6.577855109544771, 6.425057887726268 ], [ 6.579260826499876, 6.414668082666878 ], [ 6.576590060685248, 6.403550148112743 ], [ 6.574593067328351, 6.393824099504343 ], [ 6.574637890358815, 6.383421898436552 ], [ 6.572659016014256, 6.369535923001649 ], [ 6.572732925064486, 6.352892875693499 ], [ 6.569382190787849, 6.341770172136137 ], [ 6.566042899518948, 6.327871798692854 ], [ 6.566765785010091, 6.318170071101008 ], [ 6.573599814653505, 6.31059789695604 ], [ 6.581527233039822, 6.291166781753532 ] ] ] ] } },
{ "type": "Feature", "properties": { "fid": 27.0, "OBJECTID": 27.0, "lganame": "Bomadi", "statecode": "DE", "LGA_UID": "10_03" }, "geometry": { "type": "MultiPolygon", "coordinates": [ [ [ [ 5.927133083409728, 5.176925181678712 ], [ 5.935315131969048, 5.172138214426184 ], [ 5.94614887233007, 5.182631015555557 ], [ 5.954277991853417, 5.189632893313046 ], [ 5.965157986245856, 5.189723969374882 ], [ 5.969274998043204, 5.181436061743682 ], [ 5.972727776389206, 5.169675826753121 ], [ 5.973460196886833, 5.157893180747351 ], [ 5.984343529281546, 5.159445285801951 ], [ 5.986904144021366, 5.154372215355068 ], [ 5.986829280970483, 5.150907040000618 ], [ 5.9867539409193, 5.147442340646535 ], [ 5.986678599868128, 5.143977165292085 ], [ 5.984460831361275, 5.138500213570751 ], [ 5.98300170936983, 5.135772704717567 ], [ 5.98088931993459, 5.13055753717407 ], [ 5.978296757173041, 5.133312225045756 ], [ 5.974926471883123, 5.137524604907867 ], [ 5.972455502204184, 5.140614033007012 ], [ 5.964244842625419, 5.14910745577788 ], [ 5.960538864107377, 5.157218456288945 ], [ 5.946052074264287, 5.164227962051541 ], [ 5.933200835532489, 5.164695263369083 ], [ 5.927826404880818, 5.16072320867022 ], [ 5.927592753722081, 5.154881953701363 ], [ 5.926891804245827, 5.139927863540777 ], [ 5.921751498753224, 5.135020733206602 ], [ 5.917545318895293, 5.134086131571621 ], [ 5.916377068101554, 5.131515979825281 ], [ 5.915909766784011, 5.117496490299743 ], [ 5.914507865831467, 5.108150004949209 ], [ 5.909367561338911, 5.104878901726693 ], [ 5.896516322607113, 5.10441160240913 ], [ 5.885300635986539, 5.099972248392817 ], [ 5.882730484240255, 5.101841449662857 ], [ 5.881353321304516, 5.109508990872598 ], [ 5.881239414227139, 5.110143185303514 ], [ 5.880369185635857, 5.114669800379147 ], [ 5.877397059616442, 5.127300261960897 ], [ 5.875911235606907, 5.145131588076481 ], [ 5.878635406457818, 5.165935040211423 ], [ 5.87987375329925, 5.175841330942319 ], [ 5.879626274131112, 5.180794716307901 ], [ 5.878635406457818, 5.185500144504999 ], [ 5.877017498358555, 5.189892292489276 ], [ 5.882597923150172, 5.192682266384907 ], [ 5.889232634658185, 5.195372105212527 ], [ 5.896440982555873, 5.197474002640661 ], [ 5.90597009703049, 5.195473194281249 ], [ 5.927133083409728, 5.176925181678712 ] ] ], [ [ [ 5.81285619676396, 5.209954262120448 ], [ 5.809195518276681, 5.206293105632824 ], [ 5.807075976836586, 5.206690787903028 ], [ 5.803105831139021, 5.207435131408829 ], [ 5.799300193553279, 5.207435131408829 ], [ 5.794352531191578, 5.207054138149942 ], [ 5.792830467157444, 5.203629016822731 ], [ 5.793591498674516, 5.19906234671987 ], [ 5.796636104743186, 5.192211628065138 ], [ 5.797555923368122, 5.189452171190226 ], [ 5.793591498674516, 5.186122416927788 ], [ 5.786741257020083, 5.185741900669257 ], [ 5.784961223810626, 5.186837196413478 ], [ 5.774721145852993, 5.195766926480815 ], [ 5.767887115209589, 5.203339099625737 ], [ 5.767160891716173, 5.213735103689316 ], [ 5.771881103923306, 5.222788810840882 ], [ 5.781363964366449, 5.23119020454925 ], [ 5.791536808278465, 5.237515925847276 ], [ 5.803079128120885, 5.241773128739851 ], [ 5.814606189952997, 5.249496936987839 ], [ 5.826149939796437, 5.253060818409324 ], [ 5.839036941552536, 5.260796069665048 ], [ 5.849632262751584, 5.264167308955678 ], [ 5.849976062985149, 5.247711181774491 ], [ 5.850696087474375, 5.238701819653045 ], [ 5.847342014195476, 5.228271007565809 ], [ 5.837861060753596, 5.21917820038766 ], [ 5.831093788155556, 5.211493015165956 ], [ 5.820899963229351, 5.210021019165765 ], [ 5.81285619676396, 5.209954262120448 ] ] ], [ [ [ 5.825238228177, 5.305757999214563 ], [ 5.808300971668928, 5.291053772223734 ], [ 5.803715228553131, 5.29059028590882 ], [ 5.800233841187662, 5.291394711455382 ], [ 5.795353412871634, 5.292243958032429 ], [ 5.790458201545562, 5.292400360138686 ], [ 5.78554821020947, 5.291863440773852 ], [ 5.781337261348312, 5.291304111393856 ], [ 5.777081490456737, 5.288666247601554 ], [ 5.772840499575182, 5.286721230279966 ], [ 5.769299030168895, 5.2847537989432 ], [ 5.76434373880204, 5.282137871165787 ], [ 5.760102748920474, 5.280192851844276 ], [ 5.755147456553573, 5.277576923066874 ], [ 5.749477862701383, 5.274290561833936 ], [ 5.744492531314052, 5.27028846711471 ], [ 5.742336272849002, 5.268263816739022 ], [ 5.741071223989422, 5.273865222544941 ], [ 5.741845607515586, 5.277307986884125 ], [ 5.743349551537449, 5.282114029149625 ], [ 5.746222019489153, 5.285490036443434 ], [ 5.751222133886529, 5.290184497633106 ], [ 5.754064559817834, 5.292174338985092 ], [ 5.757651329254827, 5.296220778734494 ], [ 5.763365746137538, 5.301586151379979 ], [ 5.765493869583509, 5.302905560276486 ], [ 5.769050598000092, 5.305565834084007 ], [ 5.774080753417877, 5.311646461215503 ], [ 5.776953220369592, 5.315022468509369 ], [ 5.782638073232192, 5.31900167521303 ], [ 5.786909103134121, 5.322332859476433 ], [ 5.791164875025743, 5.324971199269044 ], [ 5.794721603442383, 5.327631474076554 ], [ 5.798278331858967, 5.330291747884075 ], [ 5.801135539800327, 5.332974910707208 ], [ 5.803263664246288, 5.334293841603312 ], [ 5.805391311691949, 5.335612774499509 ], [ 5.809190750273444, 5.336875439357414 ], [ 5.808112143540598, 5.334047794436174 ], [ 5.802742003891865, 5.318052768568293 ], [ 5.810253142995293, 5.31118106789927 ], [ 5.825238228177, 5.305757999214563 ] ] ], [ [ [ 5.849763869841013, 5.284266948612412 ], [ 5.845350265842171, 5.283931255384346 ], [ 5.823122024739121, 5.286935329425432 ], [ 5.83737182642119, 5.293677330006346 ], [ 5.841612816302757, 5.295622349327857 ], [ 5.846553325659556, 5.297545432634536 ], [ 5.848500728982742, 5.290548324880319 ], [ 5.84842538793157, 5.287083625526236 ], [ 5.849763869841013, 5.284266948612412 ] ] ] ] } },
{ "type": "Feature", "properties": { "fid": 30.0, "OBJECTID": 30.0, "lganame": "Ughelli South", "statecode": "DE", "LGA_UID": "10_20" }, "geometry": { "type": "MultiPolygon", "coordinates": [ [ [ [ 5.85337495829458, 5.555644989001053 ], [ 5.864266871695122, 5.552961826177977 ], [ 5.873786926163518, 5.553040981231732 ], [ 5.88398504309265, 5.553819179760467 ], [ 5.893517016569206, 5.551125049929965 ], [ 5.907129764818421, 5.548463821121743 ], [ 5.917338847754991, 5.546469211766521 ], [ 5.933051109430778, 5.538415909294713 ], [ 5.918674783662709, 5.525936596815598 ], [ 5.916757107359729, 5.524271964684544 ], [ 5.906599998458489, 5.514479160030817 ], [ 5.908686160875902, 5.504094123974653 ], [ 5.918898105814435, 5.501404762147331 ], [ 5.936563014816954, 5.505020141603836 ], [ 5.951518058978195, 5.506530761630245 ], [ 5.965126991224793, 5.504563808293767 ], [ 5.968494470512837, 5.495223549947525 ], [ 5.965629163566007, 5.493509062782607 ], [ 5.959347387297839, 5.49179585061853 ], [ 5.96871294466132, 5.482201864099864 ], [ 5.987800981630699, 5.474541189894808 ], [ 5.992681594946873, 5.476446890189663 ], [ 5.992703959962057, 5.476455623195591 ], [ 5.992920938109478, 5.476268213068238 ], [ 5.993936355799406, 5.47539116647232 ], [ 5.992845439058215, 5.472875566763094 ], [ 5.995237826683706, 5.461819172250785 ], [ 5.991199969940169, 5.452075957630768 ], [ 5.987173080204116, 5.440254210598425 ], [ 5.981091976072264, 5.431188107438459 ], [ 5.984538078413721, 5.420814037389732 ], [ 5.989354133685993, 5.408370971935256 ], [ 5.99416303595342, 5.397315979423922 ], [ 5.997193693012605, 5.39569654732361 ], [ 6.004386901900091, 5.391852855711988 ], [ 6.01328277594439, 5.379445076281456 ], [ 6.018772124674172, 5.368393897772705 ], [ 6.020861149093548, 5.357316017245807 ], [ 6.021911875807461, 5.352084240691056 ], [ 6.022946834510662, 5.346930981189701 ], [ 6.025715828392094, 5.335858821666648 ], [ 6.028476238267672, 5.32686710355722 ], [ 6.026184081710255, 5.316720008662742 ], [ 6.018115997228335, 5.299803734168904 ], [ 6.010110854789218, 5.287067889515527 ], [ 6.00465250008051, 5.267054080917092 ], [ 6.005380153574947, 5.259776591972354 ], [ 6.006835936564073, 5.245948791577007 ], [ 6.013021945767207, 5.233940601417999 ], [ 6.02830505415136, 5.22120475776461 ], [ 6.043224335288301, 5.212107657583545 ], [ 6.05232143446932, 5.209196567605602 ], [ 6.054586411008302, 5.209498881811044 ], [ 6.071164131272042, 5.207942962753862 ], [ 6.062648296485975, 5.205967903411874 ], [ 6.049129009300259, 5.199478626002758 ], [ 6.029661655073085, 5.192989825593884 ], [ 6.020469188827235, 5.191367626491683 ], [ 6.011816977948456, 5.190015792573206 ], [ 6.002083302334881, 5.189204216021778 ], [ 5.993701457639816, 5.186770916368459 ], [ 5.989916325068009, 5.185959815817341 ], [ 5.988394260033829, 5.184133529576457 ], [ 5.985648155167951, 5.169783114826032 ], [ 5.984343529281546, 5.159445285801951 ], [ 5.973460196886833, 5.157893180747351 ], [ 5.972727776389206, 5.169675826753121 ], [ 5.969274998043204, 5.181436061743682 ], [ 5.965157986245856, 5.189723969374882 ], [ 5.954277991853417, 5.189632893313046 ], [ 5.94614887233007, 5.182631015555557 ], [ 5.935315131969048, 5.172138214426184 ], [ 5.927133083409728, 5.176925181678712 ], [ 5.90597009703049, 5.195473194281249 ], [ 5.896440982555873, 5.197474002640661 ], [ 5.889232634658185, 5.195372105212527 ], [ 5.882597923150172, 5.192682266384907 ], [ 5.877017498358555, 5.189892292489276 ], [ 5.869719982400227, 5.188472270524414 ], [ 5.866004943876021, 5.186491013178284 ], [ 5.858327388659518, 5.182775973654088 ], [ 5.852383613620987, 5.179803847634616 ], [ 5.849164009433423, 5.177822590288486 ], [ 5.846191883414008, 5.176584721447398 ], [ 5.841486454216863, 5.174602985100876 ], [ 5.83727645935636, 5.174850941269369 ], [ 5.833065987495559, 5.179308891298319 ], [ 5.829846382308006, 5.186491013178284 ], [ 5.829187392860263, 5.188467978521487 ], [ 5.828360558298471, 5.190948963207234 ], [ 5.822664261428088, 5.19392061222635 ], [ 5.817958832230943, 5.194663524731084 ], [ 5.809786319678153, 5.195158958067736 ], [ 5.804585457144412, 5.195158958067736 ], [ 5.802856921969919, 5.193862438186784 ], [ 5.797555923368122, 5.189452171190226 ], [ 5.796636104743186, 5.192211628065138 ], [ 5.793591498674516, 5.19906234671987 ], [ 5.792830467157444, 5.203629016822731 ], [ 5.794352531191578, 5.207054138149942 ], [ 5.799300193553279, 5.207435131408829 ], [ 5.803105831139021, 5.207435131408829 ], [ 5.807075976836586, 5.206690787903028 ], [ 5.809195518276681, 5.206293105632824 ], [ 5.81285619676396, 5.209954262120448 ], [ 5.820899963229351, 5.210021019165765 ], [ 5.831093788155556, 5.211493015165956 ], [ 5.837861060753596, 5.21917820038766 ], [ 5.847342014195476, 5.228271007565809 ], [ 5.850696087474375, 5.238701819653045 ], [ 5.849976062985149, 5.247711181774491 ], [ 5.849632262751584, 5.264167308955678 ], [ 5.85300493204312, 5.272374152531825 ], [ 5.853080273094349, 5.275839328886264 ], [ 5.8510875697404, 5.280756950227556 ], [ 5.849763869841013, 5.284266948612412 ], [ 5.84842538793157, 5.287083625526236 ], [ 5.848500728982742, 5.290548324880319 ], [ 5.846553325659556, 5.297545432634536 ], [ 5.841612816302757, 5.295622349327857 ], [ 5.83737182642119, 5.293677330006346 ], [ 5.823122024739121, 5.286935329425432 ], [ 5.820247172785798, 5.28732395168953 ], [ 5.81692695552988, 5.286701679266685 ], [ 5.811986446173023, 5.284778594960073 ], [ 5.808444976766737, 5.282811164623297 ], [ 5.801361560953922, 5.278876304949733 ], [ 5.79640626858702, 5.276260376172331 ], [ 5.792165278705454, 5.274315356850764 ], [ 5.784398079428001, 5.2710957526632 ], [ 5.778028965100475, 5.267831802445528 ], [ 5.770261764823033, 5.264612198257907 ], [ 5.761080264584677, 5.260744094629729 ], [ 5.754726410267494, 5.258172988882791 ], [ 5.748372554950379, 5.255601883135853 ], [ 5.742763042138961, 5.255087375786275 ], [ 5.738567352288158, 5.255221366877322 ], [ 5.737913131843698, 5.25732231130479 ], [ 5.73728895241959, 5.260809897674449 ], [ 5.738762856421033, 5.264230250998423 ], [ 5.742336272849002, 5.268263816739022 ], [ 5.744492531314052, 5.27028846711471 ], [ 5.749477862701383, 5.274290561833936 ], [ 5.755147456553573, 5.277576923066874 ], [ 5.760102748920474, 5.280192851844276 ], [ 5.76434373880204, 5.282137871165787 ], [ 5.769299030168895, 5.2847537989432 ], [ 5.772840499575182, 5.286721230279966 ], [ 5.777081490456737, 5.288666247601554 ], [ 5.781337261348312, 5.291304111393856 ], [ 5.78554821020947, 5.291863440773852 ], [ 5.790458201545562, 5.292400360138686 ], [ 5.795353412871634, 5.292243958032429 ], [ 5.800233841187662, 5.291394711455382 ], [ 5.803715228553131, 5.29059028590882 ], [ 5.808300971668928, 5.291053772223734 ], [ 5.825238228177, 5.305757999214563 ], [ 5.810253142995293, 5.31118106789927 ], [ 5.802742003891865, 5.318052768568293 ], [ 5.808112143540598, 5.334047794436174 ], [ 5.809190750273444, 5.336875439357414 ], [ 5.811635970934901, 5.337687968909506 ], [ 5.813351154100246, 5.339459419113098 ], [ 5.814880848139637, 5.341039181186488 ], [ 5.828485012382998, 5.340458869792201 ], [ 5.838006972852725, 5.33984518137521 ], [ 5.848896980251993, 5.33785486202288 ], [ 5.861816883030428, 5.33796215109578 ], [ 5.873377799885532, 5.338057995160909 ], [ 5.884943961744227, 5.336768150284513 ], [ 5.897854804516498, 5.338954925770338 ], [ 5.907371997983034, 5.339727879295481 ], [ 5.913880825405442, 5.340888977084433 ], [ 5.914843559059591, 5.346181869680663 ], [ 5.915437698463279, 5.356682776815546 ], [ 5.914843559059591, 5.367381573084913 ], [ 5.914645194924788, 5.372532844584953 ], [ 5.914051055521099, 5.375901221873619 ], [ 5.913852692386342, 5.379071236027471 ], [ 5.911646365887236, 5.379584312376096 ], [ 5.904517174043292, 5.370217800011972 ], [ 5.895699024051794, 5.365290164663861 ], [ 5.88210391981454, 5.363790034644637 ], [ 5.871221066420162, 5.364393234054432 ], [ 5.86102104248971, 5.364307879996488 ], [ 5.850131989091096, 5.366298199348819 ], [ 5.839947224171055, 5.362744807934405 ], [ 5.820942879258496, 5.354266167173591 ], [ 5.810732841321226, 5.356260776528813 ], [ 5.801221847858983, 5.354102135062135 ], [ 5.792416095875865, 5.346399783828758 ], [ 5.77813911417536, 5.345588207277331 ], [ 5.762532233571221, 5.337830067006053 ], [ 5.757129191900106, 5.329463005321031 ], [ 5.748987198367956, 5.325233936447546 ], [ 5.739450931888541, 5.328621863749504 ], [ 5.731266975327912, 5.334102154473101 ], [ 5.729866982376677, 5.343104838589966 ], [ 5.730483054795286, 5.357674122489129 ], [ 5.728390217373317, 5.369444847486818 ], [ 5.726304053955857, 5.379829883542925 ], [ 5.722864150618591, 5.388816832649127 ], [ 5.715360164520007, 5.39430189137596 ], [ 5.713044166946361, 5.397101402278111 ], [ 5.71057748827036, 5.400083065304045 ], [ 5.712158680344714, 5.40324258845078 ], [ 5.713149071017654, 5.406214714470195 ], [ 5.715527057633381, 5.407601357412318 ], [ 5.718894957921691, 5.408195971816383 ], [ 5.723253726883286, 5.40839385995082 ], [ 5.729197501921817, 5.409780978893309 ], [ 5.73276376734492, 5.41215848850868 ], [ 5.735380173122621, 5.41452550911697 ], [ 5.743144989398502, 5.416030884139786 ], [ 5.754006862778624, 5.420282841028836 ], [ 5.772325039224938, 5.430143832728902 ], [ 5.788486958206192, 5.442311763996429 ], [ 5.802921772013974, 5.431091785372985 ], [ 5.809755801657388, 5.423521042229027 ], [ 5.814552783916724, 5.415238856601661 ], [ 5.827495097710425, 5.410491943376371 ], [ 5.841104030957013, 5.408524990039894 ], [ 5.854682922183258, 5.413492203414876 ], [ 5.865530013553325, 5.421210765659282 ], [ 5.873650074070554, 5.430294036830958 ], [ 5.881754874577382, 5.442843914357979 ], [ 5.885099887850174, 5.455354213858186 ], [ 5.890500068519316, 5.464415073014607 ], [ 5.891139983954133, 5.473434925143181 ], [ 5.890418053463577, 5.48313808373598 ], [ 5.879521847060118, 5.486515045030501 ], [ 5.867250918722618, 5.493347167672596 ], [ 5.861776829003247, 5.500929831824635 ], [ 5.8583250046579, 5.512691020815851 ], [ 5.850102901071352, 5.526492119193051 ], [ 5.842593192968877, 5.533363818862028 ], [ 5.83576202432738, 5.540242194535551 ], [ 5.835227488964222, 5.542902470343108 ], [ 5.828752040564439, 5.541523457406129 ], [ 5.824541091703281, 5.540964603026396 ], [ 5.819704533417109, 5.539459229003569 ], [ 5.82097816528244, 5.542456150039868 ], [ 5.822701454453352, 5.54507827782146 ], [ 5.823451041962642, 5.546951294094072 ], [ 5.826110362769555, 5.549685954952167 ], [ 5.828545570424183, 5.550660132614041 ], [ 5.831617354511309, 5.551372051097758 ], [ 5.83446455044583, 5.553057671243096 ], [ 5.834914206751364, 5.557477951246426 ], [ 5.835775852336781, 5.561336516868153 ], [ 5.838884830449217, 5.56320953414081 ], [ 5.841132640976468, 5.561411380919026 ], [ 5.840270996391041, 5.558976650264754 ], [ 5.842069148612779, 5.557665348373803 ], [ 5.845965385260115, 5.557028769941269 ], [ 5.850398064271872, 5.556378365499313 ], [ 5.85337495829458, 5.555644989001053 ] ] ] ] } },
{ "type": "Feature", "properties": { "fid": 90.0, "OBJECTID": 90.0, "lganame": "Ndokwa West", "statecode": "DE", "LGA_UID": "10_12" }, "geometry": { "type": "MultiPolygon", "coordinates": [ [ [ [ 6.479153156481459, 5.985262870906183 ], [ 6.475131034748586, 5.972054004931408 ], [ 6.469742775087525, 5.960218905889974 ], [ 6.463006972510868, 5.94560098595781 ], [ 6.45897912977415, 5.933777808924503 ], [ 6.454936028027021, 5.925422192247254 ], [ 6.447514056984176, 5.912183762252369 ], [ 6.442805766785114, 5.900355816215836 ], [ 6.449660778442762, 5.887929915773043 ], [ 6.46192884377831, 5.881791114601981 ], [ 6.471470833261662, 5.877016068357591 ], [ 6.477623940442413, 5.869439125209396 ], [ 6.476984978008261, 5.860417843079858 ], [ 6.472947121264724, 5.850676060460785 ], [ 6.466876030139701, 5.83952999088757 ], [ 6.461472988468586, 5.831162930202538 ], [ 6.453359126955604, 5.82069301608874 ], [ 6.443194866049453, 5.812286854377135 ], [ 6.438471793840336, 5.803925990696314 ], [ 6.436487198491932, 5.791427135203946 ], [ 6.436552047535997, 5.776864052309008 ], [ 6.437953949488531, 5.767167090720363 ], [ 6.436648845601781, 5.754673004231222 ], [ 6.438742161024038, 5.742901802233234 ], [ 6.444214820742502, 5.735319138081195 ], [ 6.44952774035238, 5.72717428154715 ], [ 6.460330962692638, 5.721097946418524 ], [ 6.473159313408928, 5.714345931830849 ], [ 6.475184916785224, 5.702867508031829 ], [ 6.470458507573824, 5.691389561233109 ], [ 6.460070132515398, 5.686906815187285 ], [ 6.44952774035238, 5.686663151021719 ], [ 6.434673786259793, 5.683962345186671 ], [ 6.429947376048403, 5.677210330598996 ], [ 6.426571368754594, 5.670458794011608 ], [ 6.41799783692926, 5.666446209285255 ], [ 6.405072212146933, 5.667726040154832 ], [ 6.391480922912251, 5.665532111664163 ], [ 6.375199794850005, 5.656382084447159 ], [ 6.364359856484782, 5.647275925259976 ], [ 6.353500843106588, 5.642331122900202 ], [ 6.340583801330069, 5.641530991356547 ], [ 6.325638771175647, 5.637938022915307 ], [ 6.312063216951685, 5.632277012068869 ], [ 6.303232192951384, 5.630124091606092 ], [ 6.29032421118103, 5.627243041648569 ], [ 6.277421951414567, 5.622973918747903 ], [ 6.26518821710232, 5.621485232736404 ], [ 6.248194217555692, 5.619956969698023 ], [ 6.236637114703171, 5.61916685116114 ], [ 6.220993042073758, 5.619729995543764 ], [ 6.211462974598533, 5.621732234904186 ], [ 6.202573775558733, 5.63275289539223 ], [ 6.190961837668965, 5.644445896337061 ], [ 6.184795856479468, 5.654797077370233 ], [ 6.179989815214014, 5.665159225410832 ], [ 6.177217960330665, 5.676925182405228 ], [ 6.174417973428206, 5.694931983640004 ], [ 6.173686027930898, 5.706716060646727 ], [ 6.16817808218849, 5.721926211981327 ], [ 6.166832447274203, 5.726475716072514 ], [ 6.168686866534188, 5.727625369853627 ], [ 6.172957897436163, 5.730956554117029 ], [ 6.179311751753289, 5.733527659863967 ], [ 6.187094212041131, 5.737440108522264 ], [ 6.190650940457715, 5.74010086133012 ], [ 6.19352340740943, 5.743476390623641 ], [ 6.196440697391608, 5.748930931329767 ], [ 6.199358463374097, 5.754385948036202 ], [ 6.198749064960055, 5.758566379876584 ], [ 6.198854446031646, 5.763417244172501 ], [ 6.198944569092873, 5.767575263997685 ], [ 6.19836568769955, 5.773141383779603 ], [ 6.197786331305906, 5.77870750356152 ], [ 6.198636054883252, 5.785615444255143 ], [ 6.202087402228301, 5.783424853766746 ], [ 6.206223488038574, 5.780519008792339 ], [ 6.211742877788708, 5.776875496316791 ], [ 6.217961311013823, 5.77320957182593 ], [ 6.222826481319487, 5.771667479778159 ], [ 6.231293201072219, 5.774864673950503 ], [ 6.235473632912658, 5.774037838388722 ], [ 6.243052006061816, 5.773168563798095 ], [ 6.24876069994059, 5.77361393010068 ], [ 6.253685951287082, 5.774843692936258 ], [ 6.26140832853406, 5.775984286711207 ], [ 6.265634060405262, 5.77723646156204 ], [ 6.274710177572047, 5.776253222893956 ], [ 6.287207127063141, 5.771693706795986 ], [ 6.294125079763546, 5.768005848290272 ], [ 6.296907424654023, 5.76722335775861 ], [ 6.299779891605738, 5.770599365052419 ], [ 6.304780006003057, 5.775293827242081 ], [ 6.312577724301264, 5.779899597371525 ], [ 6.321774005549685, 5.784460545470438 ], [ 6.327428341391567, 5.787054062232642 ], [ 6.335895061144299, 5.790251255404996 ], [ 6.348587989768532, 5.794700623428128 ], [ 6.357024669500845, 5.796512126658911 ], [ 6.366890430204194, 5.799664496800801 ], [ 6.374627590461216, 5.801497936046587 ], [ 6.374732970532818, 5.806349277342804 ], [ 6.375492096048617, 5.809098721210944 ], [ 6.377026081090889, 5.815291405418577 ], [ 6.37646198270761, 5.82155036867124 ], [ 6.373860358939908, 5.83064842185297 ], [ 6.370543956686561, 5.839076041579119 ], [ 6.36789751088844, 5.846095562348523 ], [ 6.36523532907961, 5.852421760646905 ], [ 6.36188936180622, 5.859463215431219 ], [ 6.34766960114456, 5.881414413346022 ], [ 6.344323634871103, 5.888455868130393 ], [ 6.338180064696871, 5.895586966975657 ], [ 6.336871623807838, 5.899789332830949 ], [ 6.333525180534082, 5.906830787615263 ], [ 6.32878065131041, 5.913917065430098 ], [ 6.32126855920626, 5.922478676247295 ], [ 6.311658858676935, 5.931106567109509 ], [ 6.302718162602162, 5.938326836015392 ], [ 6.297913074337316, 5.942641257946832 ], [ 6.28617525136201, 5.949950217912885 ], [ 6.271000862051721, 5.960143088838493 ], [ 6.264052868330907, 5.962445259402728 ], [ 6.256405830135122, 5.964769362981826 ], [ 6.248743533928916, 5.966401100090536 ], [ 6.243769645549378, 5.967384814758873 ], [ 6.245960236037831, 5.971532821577284 ], [ 6.24794387838557, 5.984033108070605 ], [ 6.250625134207382, 5.993070126210853 ], [ 6.256639957294169, 6.016697884264829 ], [ 6.270244121537587, 6.01611804987084 ], [ 6.283148766305658, 6.019692898299809 ], [ 6.293352127238393, 6.019083976886066 ], [ 6.299509048421726, 6.010814190267126 ], [ 6.309711933354095, 6.010204791853084 ], [ 6.319196223798201, 6.018606185561396 ], [ 6.328075885831538, 6.009665012486323 ], [ 6.337645054333336, 5.998649120001517 ], [ 6.34583616289882, 5.991782188335776 ], [ 6.360808849072043, 5.989132880535692 ], [ 6.366206168739268, 5.998886108162537 ], [ 6.374277115223094, 6.019063949872418 ], [ 6.383068085196157, 6.030232906461208 ], [ 6.393972873605435, 6.024775981753521 ], [ 6.400844097274103, 6.008882998954959 ], [ 6.403610229153571, 5.998504161903043 ], [ 6.411818980731027, 5.9874768264105 ], [ 6.430191994214624, 5.984856128629815 ], [ 6.444475173919386, 5.984281063239109 ], [ 6.456026076767671, 5.986457824718116 ], [ 6.479153156481459, 5.985262870906183 ] ] ] ] } },
{ "type": "Feature", "properties": { "fid": 134.0, "OBJECTID": 134.0, "lganame": "Warri South-West", "statecode": "DE", "LGA_UID": "10_25" }, "geometry": { "type": "MultiPolygon", "coordinates": [ [ [ [ 5.51055526736468, 5.596110344495344 ], [ 5.524103164569851, 5.585497856284633 ], [ 5.534339904525211, 5.577261924688742 ], [ 5.542537212094942, 5.569007874080512 ], [ 5.545306205976317, 5.557936191557815 ], [ 5.550103188235653, 5.549654006930439 ], [ 5.558982849268943, 5.540711879854712 ], [ 5.567848206292524, 5.535237789135294 ], [ 5.580278738738514, 5.521580289855649 ], [ 5.566468538355139, 5.516695608536736 ], [ 5.555563190945463, 5.518741924927156 ], [ 5.540691559840866, 5.518741924927156 ], [ 5.524332764725841, 5.513388138289486 ], [ 5.509758566823393, 5.500895967801625 ], [ 5.500538154558512, 5.480670549059425 ], [ 5.495481801122992, 5.457173372094189 ], [ 5.491020311091631, 5.432783895522675 ], [ 5.47229741837026, 5.399435055863705 ], [ 5.431049455344237, 5.385542119424144 ], [ 5.379444122280802, 5.389999390452658 ], [ 5.354906702608787, 5.389825148334239 ], [ 5.318025056549459, 5.403863967872951 ], [ 5.260153710228622, 5.428466452589191 ], [ 5.239800752399731, 5.440225939579193 ], [ 5.208338821022835, 5.467497710109114 ], [ 5.176634026480883, 5.510247249155384 ], [ 5.157122446223696, 5.537135159424452 ], [ 5.159739853002122, 5.547128895214769 ], [ 5.170447427277395, 5.557122631005029 ], [ 5.179608351501827, 5.570495202091081 ], [ 5.195788687495565, 5.580488937881341 ], [ 5.207448046417596, 5.598810788330184 ], [ 5.210217607299342, 5.599250400628875 ], [ 5.214059117909471, 5.601242467982388 ], [ 5.216486167558571, 5.600785611671995 ], [ 5.219143267363904, 5.60066717159151 ], [ 5.219861196851753, 5.601212460962017 ], [ 5.225476724667203, 5.601735943317692 ], [ 5.231422997707455, 5.602092861560209 ], [ 5.233087698838517, 5.601616211236319 ], [ 5.246233259770293, 5.602142032593576 ], [ 5.287338448699359, 5.599941032098116 ], [ 5.326599556375413, 5.588043727014451 ], [ 5.348609570330211, 5.585069400993518 ], [ 5.376568237326808, 5.586556564004013 ], [ 5.387273630600589, 5.585654357390979 ], [ 5.393581382886453, 5.588281673176141 ], [ 5.40286128119169, 5.613266014151804 ], [ 5.402147442706678, 5.629922241468932 ], [ 5.407858148586797, 5.636822677157454 ], [ 5.417851885377104, 5.639915977259193 ], [ 5.435697842502577, 5.635157055025729 ], [ 5.466868781681796, 5.631111971277278 ], [ 5.480431709897175, 5.62183207297204 ], [ 5.494470530435876, 5.607793253433329 ], [ 5.51055526736468, 5.596110344495344 ] ] ] ] } },
{ "type": "Feature", "properties": { "fid": 148.0, "OBJECTID": 148.0, "lganame": "Ethiope East", "statecode": "DE", "LGA_UID": "10_05" }, "geometry": { "type": "MultiPolygon", "coordinates": [ [ [ [ 5.991903782418376, 5.754439831072773 ], [ 6.001463889914021, 5.745503902001246 ], [ 6.007615089093463, 5.738621235324786 ], [ 6.014458178743041, 5.728969096766605 ], [ 6.020611762924091, 5.721392154618457 ], [ 6.026089190645735, 5.713116168995327 ], [ 6.032283782854677, 5.706308842370049 ], [ 6.035983086368219, 5.704705715280795 ], [ 6.039714335903398, 5.700560093464048 ], [ 6.040129185185265, 5.697036266069745 ], [ 6.041172027893822, 5.685502052232835 ], [ 6.044614792233062, 5.675821780655497 ], [ 6.054209231751997, 5.659257889401147 ], [ 6.057663918099308, 5.646803855939197 ], [ 6.059088230067061, 5.632253170052707 ], [ 6.058454036636135, 5.621844768980679 ], [ 6.050336838120927, 5.612069130338568 ], [ 6.040855884679047, 5.602974892159466 ], [ 6.028649807385591, 5.595244883907299 ], [ 6.017790794007396, 5.590301036548169 ], [ 6.004209994779899, 5.586027144644277 ], [ 5.991306782012771, 5.58175802174361 ], [ 5.985916138350035, 5.570618153174621 ], [ 5.979833126216931, 5.562244892485353 ], [ 5.971007824220578, 5.558703899079433 ], [ 5.958748816891159, 5.562763213837513 ], [ 5.951642036062424, 5.569075108126185 ], [ 5.937603950524192, 5.577149867612604 ], [ 5.930765151877551, 5.586109160700005 ], [ 5.924602031690029, 5.595766068261412 ], [ 5.91503906219242, 5.605394839803694 ], [ 5.908166884523098, 5.612124920376516 ], [ 5.918334007431156, 5.629001140843116 ], [ 5.910789013304736, 5.643500804694952 ], [ 5.903944015653849, 5.653847217724831 ], [ 5.899827002856512, 5.662134171355433 ], [ 5.889581202894988, 5.672451019365269 ], [ 5.878664017477263, 5.680682181957934 ], [ 5.869799137454038, 5.686155795676996 ], [ 5.859580039510604, 5.690231800446441 ], [ 5.850031853023097, 5.696393966633366 ], [ 5.854743004224076, 5.707529068199108 ], [ 5.858107089509815, 5.715878009871858 ], [ 5.860095023860538, 5.727684020893491 ], [ 5.864126204599529, 5.738812923455043 ], [ 5.868165970344364, 5.747861861603383 ], [ 5.878351212264761, 5.751414776017384 ], [ 5.887896060750052, 5.753002644096284 ], [ 5.890539168545899, 5.763305187096364 ], [ 5.906148911152002, 5.770370006896599 ], [ 5.917080878579725, 5.758672236948485 ], [ 5.924606799693265, 5.748332023922842 ], [ 5.940937041788857, 5.746387004601274 ], [ 5.958599090789392, 5.750695228528514 ], [ 5.969620228277734, 5.748805046244229 ], [ 5.981730937506427, 5.748114108774757 ], [ 5.991903782418376, 5.754439831072773 ] ] ], [ [ [ 6.162654877435727, 5.740603923671927 ], [ 6.146348000355999, 5.737695216695613 ], [ 6.136820792882702, 5.739002227583683 ], [ 6.126612185946385, 5.740997790939559 ], [ 6.116405010011135, 5.742300033824392 ], [ 6.103476048226469, 5.744273186165003 ], [ 6.091908932367176, 5.745563984042064 ], [ 6.078306198124778, 5.746143818436053 ], [ 6.066047191795349, 5.750203133194134 ], [ 6.051740170074424, 5.756324768353522 ], [ 6.048964024188138, 5.768784999819673 ], [ 6.061857223948437, 5.775133133132897 ], [ 6.073625564944507, 5.786473273837998 ], [ 6.075937270515169, 5.786094188580421 ], [ 6.08068370774015, 5.788235188035173 ], [ 6.093735217608071, 5.794122219035103 ], [ 6.101854801124944, 5.803205013206423 ], [ 6.107929230252239, 5.813658237308914 ], [ 6.111967086995776, 5.823400020927977 ], [ 6.120879173051094, 5.83972501802009 ], [ 6.123527049850225, 5.823495864993106 ], [ 6.126978874195572, 5.811736107002901 ], [ 6.130418776532792, 5.802749156896709 ], [ 6.135921001271299, 5.788926124504599 ], [ 6.140738009544236, 5.775788783578378 ], [ 6.144177913881492, 5.76680278847283 ], [ 6.154451846862173, 5.750245094222635 ], [ 6.162654877435727, 5.740603923671927 ] ] ] ] } },
{ "type": "Feature", "properties": { "fid": 149.0, "OBJECTID": 149.0, "lganame": "Sapele", "statecode": "DE", "LGA_UID": "10_17" }, "geometry": { "type": "MultiPolygon", "coordinates": [ [ [ [ 5.77945089306661, 5.817859173163242 ], [ 5.764597892974734, 5.793464183588014 ], [ 5.758523940847738, 5.783010960485512 ], [ 5.752456187724988, 5.771172047441553 ], [ 5.746366977587684, 5.764185904694784 ], [ 5.741640091375984, 5.756517887484733 ], [ 5.732871056417821, 5.740495204598062 ], [ 5.725430012361983, 5.731418133430623 ], [ 5.716627121380839, 5.723022937726512 ], [ 5.700327873306264, 5.718032837335954 ], [ 5.688099860997909, 5.715157986382621 ], [ 5.67315483084343, 5.711565017941382 ], [ 5.660918235529266, 5.710770130401272 ], [ 5.648705006230955, 5.704426765091284 ], [ 5.639845848211564, 5.70851516686912 ], [ 5.630282878713956, 5.718142986410783 ], [ 5.62275981860239, 5.727789878965382 ], [ 5.613196850104828, 5.737419127508019 ], [ 5.609756946767561, 5.746406077614211 ], [ 5.613788127506552, 5.757534981175809 ], [ 5.617126941775155, 5.771431922618092 ], [ 5.614364146897969, 5.781117916199321 ], [ 5.602136134589557, 5.778242111245333 ], [ 5.599063872502143, 5.776744366227661 ], [ 5.596148967521572, 5.77719306853254 ], [ 5.591889380627379, 5.779659271208232 ], [ 5.587629317732876, 5.781004429122163 ], [ 5.581799506771802, 5.784367561407294 ], [ 5.577988148182158, 5.785937309473866 ], [ 5.575521945506466, 5.789524554911225 ], [ 5.569916247697677, 5.799389838614218 ], [ 5.568795203935963, 5.803425789356425 ], [ 5.567450047022021, 5.807909966403258 ], [ 5.563862800584673, 5.816430092192263 ], [ 5.561396598908971, 5.819120407020193 ], [ 5.559161663390455, 5.826144694792902 ], [ 5.558257579776182, 5.828985690723187 ], [ 5.55579137810048, 5.828312874266032 ], [ 5.552427768815107, 5.83010673548489 ], [ 5.549513339834846, 5.830330848637175 ], [ 5.55018568029169, 5.83279705031282 ], [ 5.548616409225474, 5.835039615836536 ], [ 5.546598433854342, 5.837281704359953 ], [ 5.547719478616045, 5.842662811016169 ], [ 5.547719478616045, 5.844904899539529 ], [ 5.548840523377748, 5.848940372281447 ], [ 5.552169799639785, 5.851336001909203 ], [ 5.564401149950413, 5.853518009391735 ], [ 5.565721988847883, 5.86254405952451 ], [ 5.556167126355831, 5.870092868653614 ], [ 5.565653800801556, 5.877799987890228 ], [ 5.562211037462362, 5.88747978246721 ], [ 5.556734084741038, 5.895755768090339 ], [ 5.548554897183635, 5.899848937871468 ], [ 5.53835487425323, 5.899764060813766 ], [ 5.530823231135798, 5.91148996378098 ], [ 5.523303032026206, 5.920444011864845 ], [ 5.515114784462639, 5.926617146059186 ], [ 5.517111777819537, 5.936341762666586 ], [ 5.530035018600245, 5.935756207268753 ], [ 5.541590214451503, 5.937239170276371 ], [ 5.549727916980657, 5.942161082620544 ], [ 5.557851790500479, 5.950551033321119 ], [ 5.563938140635855, 5.958230018538643 ], [ 5.570820332311996, 5.948819637144709 ], [ 5.575654029596251, 5.939153193576828 ], [ 5.583109855662144, 5.928568840385253 ], [ 5.591300964227571, 5.921701907719523 ], [ 5.601522923172922, 5.916934013479931 ], [ 5.612507819636676, 5.917403220798747 ], [ 5.616248608178353, 5.923158168708994 ], [ 5.620361804973072, 5.929486275008628 ], [ 5.622174263204556, 5.940965651808312 ], [ 5.632444859182954, 5.950027942965733 ], [ 5.64029931951967, 5.95123624778671 ], [ 5.647634982503916, 5.946443080529946 ], [ 5.655835152075554, 5.937496185450982 ], [ 5.664731026119853, 5.925086975019497 ], [ 5.673611164153499, 5.916145801944424 ], [ 5.681134224265065, 5.906499863390422 ], [ 5.692031859669498, 5.902430057625168 ], [ 5.701564789146687, 5.899734973794011 ], [ 5.711096763623232, 5.897040843963453 ], [ 5.722465038347423, 5.901694775125577 ], [ 5.727298259631368, 5.904111861767888 ], [ 5.726694107220851, 5.895653248020665 ], [ 5.721336841580865, 5.888111114896162 ], [ 5.722056866070091, 5.879100799774051 ], [ 5.718697070787243, 5.870058059629969 ], [ 5.724881648989367, 5.865445137495669 ], [ 5.733339786736281, 5.866653442316647 ], [ 5.74240255389401, 5.869674683369453 ], [ 5.747235775177955, 5.86786174813767 ], [ 5.753881453693396, 5.858195304569733 ], [ 5.765964507903277, 5.860007762801217 ], [ 5.7744231216505, 5.854570389106811 ], [ 5.778664111532066, 5.842123984650073 ], [ 5.768381118545221, 5.834632873560167 ], [ 5.77945089306661, 5.817859173163242 ] ] ] ] } },
{ "type": "Feature", "properties": { "fid": 162.0, "OBJECTID": 162.0, "lganame": "Ethiope West", "statecode": "DE", "LGA_UID": "10_06" }, "geometry": { "type": "MultiPolygon", "coordinates": [ [ [ [ 5.764177321688976, 5.997814178434226 ], [ 5.795056819670151, 5.979569912038073 ], [ 5.812038898208641, 5.983871936961123 ], [ 5.822996139653583, 5.966627121244073 ], [ 5.830506801756712, 5.959753989574097 ], [ 5.835303783016059, 5.951471805946767 ], [ 5.833310126661445, 5.941052913867622 ], [ 5.921317101458044, 5.877292155545149 ], [ 5.910546780140123, 5.852237224521502 ], [ 5.90650415439336, 5.843882083844619 ], [ 5.906404018325304, 5.825979232680425 ], [ 5.902400969605424, 5.811059951543484 ], [ 5.897670746391441, 5.803782462598804 ], [ 5.894185115023163, 5.798591687071905 ], [ 5.890886783782094, 5.796221256461308 ], [ 5.887267590323006, 5.79473066344849 ], [ 5.883918762047642, 5.790017605246192 ], [ 5.874068737355003, 5.784947871801592 ], [ 5.872178078070419, 5.782295226999224 ], [ 5.869558334290389, 5.781524658475632 ], [ 5.867395400820783, 5.780888557043454 ], [ 5.864863396100418, 5.783701896954994 ], [ 5.863738060335777, 5.785389900101904 ], [ 5.862190723284471, 5.788765907395771 ], [ 5.859799384659652, 5.788765907395771 ], [ 5.857548714130417, 5.788625240300178 ], [ 5.853217602187669, 5.787916659818734 ], [ 5.849812507874049, 5.78735923843999 ], [ 5.846858500866915, 5.789187907682447 ], [ 5.843623160668642, 5.791719913402858 ], [ 5.841794491426185, 5.790875911829403 ], [ 5.840669154661555, 5.788343906108992 ], [ 5.840528487565962, 5.785530567197497 ], [ 5.840950488852741, 5.782857895381539 ], [ 5.839262485705774, 5.781451225425769 ], [ 5.834901809742917, 5.780466556756721 ], [ 5.832510471118098, 5.782435894094817 ], [ 5.830822467971188, 5.783842564050587 ], [ 5.828290462250834, 5.782717228285946 ], [ 5.82674312619946, 5.780466556756721 ], [ 5.82674312619946, 5.776668549176179 ], [ 5.82843112934637, 5.773292541882313 ], [ 5.822663784427732, 5.77174520483095 ], [ 5.820413112898507, 5.773433207977916 ], [ 5.819569111325052, 5.775402546315945 ], [ 5.815349579458086, 5.777653216845181 ], [ 5.813661575311187, 5.778919219705358 ], [ 5.812664031633403, 5.782110690873822 ], [ 5.812958240833325, 5.785249233006311 ], [ 5.812536239546546, 5.788906574491307 ], [ 5.808316230679281, 5.791157246020532 ], [ 5.805080891480998, 5.78904724058691 ], [ 5.803392887334098, 5.786655902962082 ], [ 5.801282882900466, 5.78764057163113 ], [ 5.799172878466777, 5.790172577351484 ], [ 5.797203541128738, 5.79073524473381 ], [ 5.79621887245969, 5.79692459093917 ], [ 5.797062874033145, 5.800581455423867 ], [ 5.796359538555237, 5.802691459857499 ], [ 5.795796871172968, 5.804942131386724 ], [ 5.793800830816735, 5.807201861922124 ], [ 5.792006968597889, 5.811782360034329 ], [ 5.789640902990243, 5.812538146547865 ], [ 5.785604954248015, 5.810282230015048 ], [ 5.77945089306661, 5.817859173163242 ], [ 5.768381118545221, 5.834632873560167 ], [ 5.778664111532066, 5.842123984650073 ], [ 5.7744231216505, 5.854570389106811 ], [ 5.765964507903277, 5.860007762801217 ], [ 5.753881453693396, 5.858195304569733 ], [ 5.747235775177955, 5.86786174813767 ], [ 5.74240255389401, 5.869674683369453 ], [ 5.733339786736281, 5.866653442316647 ], [ 5.724881648989367, 5.865445137495669 ], [ 5.718697070787243, 5.870058059629969 ], [ 5.722056866070091, 5.879100799774051 ], [ 5.721336841580865, 5.888111114896162 ], [ 5.726694107220851, 5.895653248020665 ], [ 5.727298259631368, 5.904111861767888 ], [ 5.722465038347423, 5.901694775125577 ], [ 5.711096763623232, 5.897040843963453 ], [ 5.701564789146687, 5.899734973794011 ], [ 5.692031859669498, 5.902430057625168 ], [ 5.681134224265065, 5.906499863390422 ], [ 5.673611164153499, 5.916145801944424 ], [ 5.664731026119853, 5.925086975019497 ], [ 5.655835152075554, 5.937496185450982 ], [ 5.647634982503916, 5.946443080529946 ], [ 5.64029931951967, 5.95123624778671 ], [ 5.632444859182954, 5.950027942965733 ], [ 5.622174263204556, 5.940965651808312 ], [ 5.620361804973072, 5.929486275008628 ], [ 5.616248608178353, 5.923158168708994 ], [ 5.612507819636676, 5.917403220798747 ], [ 5.601522923172922, 5.916934013479931 ], [ 5.591300964227571, 5.921701907719523 ], [ 5.583109855662144, 5.928568840385253 ], [ 5.575654029596251, 5.939153193576828 ], [ 5.570820332311996, 5.948819637144709 ], [ 5.563938140635855, 5.958230018538643 ], [ 5.56933498430277, 5.967982769165189 ], [ 5.572011948121599, 5.977714061777135 ], [ 5.571273803620102, 5.990883826725394 ], [ 5.578019142203232, 6.003423214245288 ], [ 5.583425998876919, 6.011096001458611 ], [ 5.593595027786307, 6.018115997228335 ], [ 5.605134009626511, 6.023066043591655 ], [ 5.61600780501476, 6.024542808595072 ], [ 5.626190185933183, 6.028789043480174 ], [ 5.63706684132336, 6.0295729640128 ], [ 5.657452106174162, 6.033209801483906 ], [ 5.66760730707415, 6.049861430797876 ], [ 5.668930053972929, 6.052030087271362 ], [ 5.673977852402629, 6.048922062159647 ], [ 5.698933125358565, 6.033555983719111 ], [ 5.745285033852554, 6.008975983018161 ], [ 5.756934642767874, 6.00209331534171 ], [ 5.764177321688976, 5.997814178434226 ] ] ] ] } },
{ "type": "Feature", "properties": { "fid": 165.0, "OBJECTID": 165.0, "lganame": "Udu", "statecode": "DE", "LGA_UID": "10_18" }, "geometry": { "type": "MultiPolygon", "coordinates": [ [ [ [ 5.819704533417109, 5.539459229003569 ], [ 5.824541091703281, 5.540964603026396 ], [ 5.828752040564439, 5.541523457406129 ], [ 5.835227488964222, 5.542902470343108 ], [ 5.83576202432738, 5.540242194535551 ], [ 5.842593192968877, 5.533363818862028 ], [ 5.850102901071352, 5.526492119193051 ], [ 5.8583250046579, 5.512691020815851 ], [ 5.861776829003247, 5.500929831824635 ], [ 5.867250918722618, 5.493347167672596 ], [ 5.879521847060118, 5.486515045030501 ], [ 5.890418053463577, 5.48313808373598 ], [ 5.891139983954133, 5.473434925143181 ], [ 5.890500068519316, 5.464415073014607 ], [ 5.885099887850174, 5.455354213858186 ], [ 5.881754874577382, 5.442843914357979 ], [ 5.873650074070554, 5.430294036830958 ], [ 5.865530013553325, 5.421210765659282 ], [ 5.854682922183258, 5.413492203414876 ], [ 5.841104030957013, 5.408524990039894 ], [ 5.827495097710425, 5.410491943376371 ], [ 5.814552783916724, 5.415238856601661 ], [ 5.809755801657388, 5.423521042229027 ], [ 5.802921772013974, 5.431091785372985 ], [ 5.788486958206192, 5.442311763996429 ], [ 5.788516045225947, 5.459404944610469 ], [ 5.782364845046516, 5.466289043287873 ], [ 5.772832869569982, 5.468983173118431 ], [ 5.758528232850665, 5.474411963807029 ], [ 5.75916481028321, 5.48412609140729 ], [ 5.755722999944624, 5.493805884984283 ], [ 5.766609192341321, 5.492509842103686 ], [ 5.776144027819782, 5.489120959801085 ], [ 5.784968852815837, 5.492661953207005 ], [ 5.783565997862638, 5.502358912795671 ], [ 5.782839775369212, 5.512755870859905 ], [ 5.779304503967182, 5.520216464929035 ], [ 5.785493374172233, 5.515164852496696 ], [ 5.78756093957702, 5.513711928509508 ], [ 5.789613723971797, 5.51156568505121 ], [ 5.793050289306791, 5.508682251092068 ], [ 5.795817375186857, 5.507206917089661 ], [ 5.79928398054227, 5.505709648072298 ], [ 5.802051067422383, 5.50423431406989 ], [ 5.805532454787851, 5.503429412523019 ], [ 5.807660580233801, 5.504748821419469 ], [ 5.809103966214479, 5.506783008801619 ], [ 5.809149265245253, 5.508862019214234 ], [ 5.807810783335867, 5.511678696128001 ], [ 5.806472301426425, 5.514495373041825 ], [ 5.804434776042001, 5.517334460970858 ], [ 5.801012992717062, 5.520910740400723 ], [ 5.798275947857348, 5.523772240345011 ], [ 5.795508861977282, 5.525247097347119 ], [ 5.792132853683427, 5.530902863189908 ], [ 5.790094852298694, 5.533741951118941 ], [ 5.785989284509185, 5.538033485034873 ], [ 5.784635543589332, 5.540157318477895 ], [ 5.785470486156669, 5.546371936700439 ], [ 5.787628173622693, 5.549077033538424 ], [ 5.789726257048244, 5.54900980049274 ], [ 5.793921946899047, 5.548875809401693 ], [ 5.79668903377916, 5.547400951399595 ], [ 5.800140858124507, 5.545210360911199 ], [ 5.803576946459145, 5.542326926952057 ], [ 5.807727814279474, 5.540113926448385 ], [ 5.811209201644886, 5.539309501901869 ], [ 5.814690590010343, 5.53850460135493 ], [ 5.819704533417109, 5.539459229003569 ] ] ] ] } },
{ "type": "Feature", "properties": { "fid": 168.0, "OBJECTID": 168.0, "lganame": "Warri South", "statecode": "DE", "LGA_UID": "10_24" }, "geometry": { "type": "MultiPolygon", "coordinates": [ [ [ [ 5.520845890356668, 5.86078405432869 ], [ 5.520888805385823, 5.851075171731964 ], [ 5.533791065152343, 5.855342864631666 ], [ 5.543312072621404, 5.85542201968542 ], [ 5.552169799639785, 5.851336001909203 ], [ 5.548840523377748, 5.848940372281447 ], [ 5.547719478616045, 5.844904899539529 ], [ 5.547719478616045, 5.842662811016169 ], [ 5.546598433854342, 5.837281704359953 ], [ 5.548616409225474, 5.835039615836536 ], [ 5.55018568029169, 5.83279705031282 ], [ 5.549513339834846, 5.830330848637175 ], [ 5.552427768815107, 5.83010673548489 ], [ 5.55579137810048, 5.828312874266032 ], [ 5.558257579776182, 5.828985690723187 ], [ 5.559161663390455, 5.826144694792902 ], [ 5.561396598908971, 5.819120407020193 ], [ 5.563862800584673, 5.816430092192263 ], [ 5.567450047022021, 5.807909966403258 ], [ 5.568795203935963, 5.803425789356425 ], [ 5.569916247697677, 5.799389838614218 ], [ 5.575521945506466, 5.789524554911225 ], [ 5.577988148182158, 5.785937309473866 ], [ 5.581799506771802, 5.784367561407294 ], [ 5.587629317732876, 5.781004429122163 ], [ 5.591889380627379, 5.779659271208232 ], [ 5.596148967521572, 5.77719306853254 ], [ 5.599063872502143, 5.776744366227661 ], [ 5.602136134589557, 5.778242111245333 ], [ 5.614364146897969, 5.781117916199321 ], [ 5.617126941775155, 5.771431922618092 ], [ 5.613788127506552, 5.757534981175809 ], [ 5.609756946767561, 5.746406077614211 ], [ 5.613196850104828, 5.737419127508019 ], [ 5.62275981860239, 5.727789878965382 ], [ 5.630282878713956, 5.718142986410783 ], [ 5.639845848211564, 5.70851516686912 ], [ 5.648705006230955, 5.704426765091284 ], [ 5.658959866198643, 5.692029952668236 ], [ 5.667157172768327, 5.683775902059949 ], [ 5.676036834801664, 5.674835204985186 ], [ 5.685587883291134, 5.667980194327527 ], [ 5.692416190930658, 5.661795139125047 ], [ 5.696485995695866, 5.647008896078489 ], [ 5.680222033645293, 5.651290893987948 ], [ 5.670769215222549, 5.635955810568475 ], [ 5.662661075713459, 5.624100207513152 ], [ 5.655903816122191, 5.614335059878158 ], [ 5.664768219145117, 5.608860016158133 ], [ 5.67499589909437, 5.602705001976119 ], [ 5.682500839193608, 5.597218990248621 ], [ 5.692055224685362, 5.589670181119573 ], [ 5.701601982171951, 5.583508014932647 ], [ 5.705931187113435, 5.581848620805147 ], [ 5.710457802189069, 5.58011388762651 ], [ 5.720688820140538, 5.57326507597304 ], [ 5.732283115018333, 5.56573295585531 ], [ 5.743187904427657, 5.560276031147623 ], [ 5.752051830450227, 5.554801941428252 ], [ 5.759572982560542, 5.545848846344995 ], [ 5.765731811745184, 5.536884785254358 ], [ 5.771885871926543, 5.529307842106164 ], [ 5.778037071105985, 5.52242517542976 ], [ 5.779304503967182, 5.520216464929035 ], [ 5.782839775369212, 5.512755870859905 ], [ 5.783565997862638, 5.502358912795671 ], [ 5.784968852815837, 5.492661953207005 ], [ 5.776144027819782, 5.489120959801085 ], [ 5.766609192341321, 5.492509842103686 ], [ 5.755722999944624, 5.493805884984283 ], [ 5.75916481028321, 5.48412609140729 ], [ 5.758528232850665, 5.474411963807029 ], [ 5.772832869569982, 5.468983173118431 ], [ 5.782364845046516, 5.466289043287873 ], [ 5.788516045225947, 5.459404944610469 ], [ 5.788486958206192, 5.442311763996429 ], [ 5.772325039224938, 5.430143832728902 ], [ 5.754006862778624, 5.420282841028836 ], [ 5.743144989398502, 5.416030884139786 ], [ 5.735380173122621, 5.41452550911697 ], [ 5.73276376734492, 5.41215848850868 ], [ 5.729197501921817, 5.409780978893309 ], [ 5.723253726883286, 5.40839385995082 ], [ 5.718894957921691, 5.408195971816383 ], [ 5.715527057633381, 5.407601357412318 ], [ 5.713149071017654, 5.406214714470195 ], [ 5.712158680344714, 5.40324258845078 ], [ 5.71057748827036, 5.400083065304045 ], [ 5.70852279687432, 5.402566909991663 ], [ 5.707799911383177, 5.412270068584519 ], [ 5.699615001821883, 5.417749882307817 ], [ 5.688078879983664, 5.412106037473052 ], [ 5.681315899388494, 5.403728007780614 ], [ 5.671839236949552, 5.393939972130056 ], [ 5.657570839254845, 5.391047001164452 ], [ 5.645349025950736, 5.386785030268641 ], [ 5.635158062026449, 5.384620189797715 ], [ 5.624278068633998, 5.384529113735823 ], [ 5.608644009011357, 5.383011817704926 ], [ 5.595732212238431, 5.380824089218436 ], [ 5.580068110595391, 5.386240958898952 ], [ 5.565774917883857, 5.388895987702938 ], [ 5.556919097866739, 5.39229106900973 ], [ 5.548069953854167, 5.394297123372723 ], [ 5.539887905294847, 5.399084090625252 ], [ 5.526882133458002, 5.407116060082615 ], [ 5.525016860190647, 5.417109196872502 ], [ 5.514458002016397, 5.426478325238349 ], [ 5.507319619166196, 5.443729416959684 ], [ 5.508509349974588, 5.468118891531162 ], [ 5.519514357451953, 5.501133913963315 ], [ 5.531114229333525, 5.505297969792593 ], [ 5.55282681108622, 5.506487700600985 ], [ 5.568888172999152, 5.503810806782155 ], [ 5.584949533912095, 5.505892836196779 ], [ 5.593575080772723, 5.509462026621861 ], [ 5.605787821070749, 5.516760162580624 ], [ 5.628969562821624, 5.531174609374546 ], [ 5.633851636138786, 5.533415916897411 ], [ 5.630846485096924, 5.53810934708639 ], [ 5.625635465556286, 5.540536396735433 ], [ 5.621852122985672, 5.541678537511473 ], [ 5.617140789784571, 5.542463761044985 ], [ 5.611529415971859, 5.541897536660315 ], [ 5.611308169821541, 5.538460847325211 ], [ 5.611598727018986, 5.534197808428701 ], [ 5.611313191824991, 5.530271696761076 ], [ 5.608452816881481, 5.522661225590127 ], [ 5.600743362643243, 5.518283017615317 ], [ 5.580278738738514, 5.521580289855649 ], [ 5.567848206292524, 5.535237789135294 ], [ 5.558982849268943, 5.540711879854712 ], [ 5.550103188235653, 5.549654006930439 ], [ 5.545306205976317, 5.557936191557815 ], [ 5.542537212094942, 5.569007874080512 ], [ 5.534339904525211, 5.577261924688742 ], [ 5.524103164569851, 5.585497856284633 ], [ 5.51055526736468, 5.596110344495344 ], [ 5.507499695288573, 5.606666564667819 ], [ 5.503610610646149, 5.616388321273291 ], [ 5.501111029947765, 5.620554924104283 ], [ 5.497776985682435, 5.62416648855816 ], [ 5.485734765500297, 5.631196813334952 ], [ 5.500741004696351, 5.640089035376775 ], [ 5.510900973599576, 5.649188994559779 ], [ 5.520405769057618, 5.652735232969292 ], [ 5.525128841266735, 5.661097049650778 ], [ 5.527116775617458, 5.672902106671756 ], [ 5.529773235422397, 5.687488078582192 ], [ 5.532450199241282, 5.69721794119323 ], [ 5.528326988439744, 5.706892966766929 ], [ 5.521474837784012, 5.718625068738334 ], [ 5.51529598158578, 5.731750010656128 ], [ 5.511178969788489, 5.74003696428673 ], [ 5.507052897984977, 5.75040483533121 ], [ 5.509050846342518, 5.760129928938966 ], [ 5.520597935188221, 5.763000010889016 ], [ 5.529457092207565, 5.758913994112788 ], [ 5.540368079621089, 5.752068996461901 ], [ 5.549190043615226, 5.756303787339277 ], [ 5.544393063355869, 5.764585017965942 ], [ 5.537556170710559, 5.772850989582309 ], [ 5.525297165381119, 5.776908875339473 ], [ 5.521176814581509, 5.785890102441783 ], [ 5.525220871329282, 5.794246197119321 ], [ 5.517035960767998, 5.79972600884264 ], [ 5.508204936767754, 5.797572136379188 ], [ 5.497300148358477, 5.803029060086885 ], [ 5.485727787495591, 5.805706023905771 ], [ 5.485682011464462, 5.81610822697354 ], [ 5.490402221671616, 5.825161934125106 ], [ 5.49313306752714, 5.829592228135311 ], [ 5.495129107883315, 5.832829952335203 ], [ 5.500523089548324, 5.843276978433437 ], [ 5.501842976445118, 5.852303981566877 ], [ 5.501111030947754, 5.864087104572945 ], [ 5.514682770169145, 5.870440959890118 ], [ 5.520845890356668, 5.86078405432869 ] ] ] ] } },
{ "type": "Feature", "properties": { "fid": 183.0, "OBJECTID": 183.0, "lganame": "Patani", "statecode": "DE", "LGA_UID": "10_16" }, "geometry": { "type": "MultiPolygon", "coordinates": [ [ [ [ 6.233532905594018, 5.238167763290164 ], [ 6.213285445836846, 5.238669394631017 ], [ 6.202086926227935, 5.231778144948748 ], [ 6.195784091945484, 5.223075867035959 ], [ 6.194151401836109, 5.216709136710051 ], [ 6.195891380018395, 5.211076735883125 ], [ 6.198081969506745, 5.20377492892186 ], [ 6.200667858263785, 5.190462111876457 ], [ 6.202291012366629, 5.179281235279575 ], [ 6.200734138308803, 5.169549941667583 ], [ 6.190907000631739, 5.158570766207788 ], [ 6.178827763424465, 5.161139964953406 ], [ 6.16590642864503, 5.161139964953406 ], [ 6.154707432035821, 5.151664256515119 ], [ 6.150269032020105, 5.14116621038221 ], [ 6.143735885581179, 5.134776115040438 ], [ 6.129725933062048, 5.129266739297066 ], [ 6.12068271591761, 5.133677483293923 ], [ 6.10905122801455, 5.142188072076465 ], [ 6.097852707405707, 5.149941444344563 ], [ 6.085792542211379, 5.150802611929691 ], [ 6.069569588188642, 5.14134406950302 ], [ 6.066751003273566, 5.133347034069402 ], [ 6.063354014965455, 5.123184204164261 ], [ 6.063728333219785, 5.111771584409894 ], [ 6.062267780227387, 5.103009701456642 ], [ 6.054965973266178, 5.09716796948743 ], [ 6.044443130116406, 5.095670700470123 ], [ 6.027214527410365, 5.095670700470123 ], [ 6.019461632142622, 5.098254681225797 ], [ 6.013582230147847, 5.100392817678596 ], [ 6.004523276992757, 5.103686809916667 ], [ 6.000202179056771, 5.107390881433446 ], [ 5.995820999079967, 5.113232136402303 ], [ 5.992170333599518, 5.117613316379106 ], [ 5.985598564134307, 5.124185084844328 ], [ 5.98088931993459, 5.13055753717407 ], [ 5.98300170936983, 5.135772704717567 ], [ 5.984460831361275, 5.138500213570751 ], [ 5.986678599868128, 5.143977165292085 ], [ 5.9867539409193, 5.147442340646535 ], [ 5.986829280970483, 5.150907040000618 ], [ 5.986904144021366, 5.154372215355068 ], [ 5.984343529281546, 5.159445285801951 ], [ 5.985648155167951, 5.169783114826032 ], [ 5.988394260033829, 5.184133529576457 ], [ 5.989916325068009, 5.185959815817341 ], [ 5.993701457639816, 5.186770916368459 ], [ 6.002083302334881, 5.189204216021778 ], [ 6.011816977948456, 5.190015792573206 ], [ 6.020469188827235, 5.191367626491683 ], [ 6.029661655073085, 5.192989825593884 ], [ 6.049129009300259, 5.199478626002758 ], [ 6.062648296485975, 5.205967903411874 ], [ 6.071164131272042, 5.207942962753862 ], [ 6.07999181727007, 5.210790156688404 ], [ 6.089502810732313, 5.212950230156025 ], [ 6.101737022044915, 5.214437962166869 ], [ 6.111935138974047, 5.21521711269628 ], [ 6.124158859279476, 5.218785763121048 ], [ 6.134345055200527, 5.222338199534761 ], [ 6.145215987586823, 5.224508762009521 ], [ 6.15472984305103, 5.225975990006418 ], [ 6.161487102642297, 5.235740184640747 ], [ 6.175773144348966, 5.234471797778951 ], [ 6.187352180216408, 5.230408192017933 ], [ 6.190820693573073, 5.236243724982899 ], [ 6.196979999758014, 5.246605873023498 ], [ 6.200258731985798, 5.247425555580435 ], [ 6.201003075491542, 5.249482631978083 ], [ 6.203145980947511, 5.251494408345025 ], [ 6.207356929808668, 5.252053737725021 ], [ 6.212936400599688, 5.251182079132775 ], [ 6.218515873390629, 5.250310420540529 ], [ 6.219668865174071, 5.241329670438574 ], [ 6.22000837340471, 5.238683700640763 ], [ 6.233532905594018, 5.238167763290164 ] ] ] ] } },
{ "type": "Feature", "properties": { "fid": 185.0, "OBJECTID": 185.0, "lganame": "Uvwie", "statecode": "DE", "LGA_UID": "10_22" }, "geometry": { "type": "MultiPolygon", "coordinates": [ [ [ [ 5.833924770079079, 5.586434363920944 ], [ 5.83672237397991, 5.58634519586036 ], [ 5.840233803365777, 5.586926460255313 ], [ 5.846067429329423, 5.587218761453926 ], [ 5.846075668335061, 5.579933486503933 ], [ 5.846888526887312, 5.574417658756204 ], [ 5.847408166240427, 5.570891535360374 ], [ 5.84812200372545, 5.561492663974263 ], [ 5.850398064271872, 5.556378365499313 ], [ 5.845965385260115, 5.557028769941269 ], [ 5.842069148612779, 5.557665348373803 ], [ 5.840270996391041, 5.558976650264754 ], [ 5.841132640976468, 5.561411380919026 ], [ 5.838884830449217, 5.56320953414081 ], [ 5.835775852336781, 5.561336516868153 ], [ 5.834914206751364, 5.557477951246426 ], [ 5.83446455044583, 5.553057671243096 ], [ 5.831617354511309, 5.551372051097758 ], [ 5.828545570424183, 5.550660132614041 ], [ 5.826110362769555, 5.549685954952167 ], [ 5.823451041962642, 5.546951294094072 ], [ 5.822701454453352, 5.54507827782146 ], [ 5.82097816528244, 5.542456150039868 ], [ 5.819704533417109, 5.539459229003569 ], [ 5.814690590010343, 5.53850460135493 ], [ 5.811209201644886, 5.539309501901869 ], [ 5.807727814279474, 5.540113926448385 ], [ 5.803576946459145, 5.542326926952057 ], [ 5.800140858124507, 5.545210360911199 ], [ 5.79668903377916, 5.547400951399595 ], [ 5.793921946899047, 5.548875809401693 ], [ 5.789726257048244, 5.54900980049274 ], [ 5.787628173622693, 5.549077033538424 ], [ 5.785470486156669, 5.546371936700439 ], [ 5.784635543589332, 5.540157318477895 ], [ 5.785989284509185, 5.538033485034873 ], [ 5.790094852298694, 5.533741951118941 ], [ 5.792132853683427, 5.530902863189908 ], [ 5.795508861977282, 5.525247097347119 ], [ 5.798275947857348, 5.523772240345011 ], [ 5.801012992717062, 5.520910740400723 ], [ 5.804434776042001, 5.517334460970858 ], [ 5.806472301426425, 5.514495373041825 ], [ 5.807810783335867, 5.511678696128001 ], [ 5.809149265245253, 5.508862019214234 ], [ 5.809103966214479, 5.506783008801619 ], [ 5.807660580233801, 5.504748821419469 ], [ 5.805532454787851, 5.503429412523019 ], [ 5.802051067422383, 5.50423431406989 ], [ 5.79928398054227, 5.505709648072298 ], [ 5.795817375186857, 5.507206917089661 ], [ 5.793050289306791, 5.508682251092068 ], [ 5.789613723971797, 5.51156568505121 ], [ 5.78756093957702, 5.513711928509508 ], [ 5.785493374172233, 5.515164852496696 ], [ 5.779304503967182, 5.520216464929035 ], [ 5.778037071105985, 5.52242517542976 ], [ 5.771885871926543, 5.529307842106164 ], [ 5.768127963373217, 5.533934619249862 ], [ 5.765731811745184, 5.536884785254358 ], [ 5.762701478686211, 5.541295379251153 ], [ 5.759572982560542, 5.545848846344995 ], [ 5.752051830450227, 5.554801941428252 ], [ 5.743187904427657, 5.560276031147623 ], [ 5.732283115018333, 5.56573295585531 ], [ 5.730490928800634, 5.566897231646408 ], [ 5.720688820140538, 5.57326507597304 ], [ 5.710457802189069, 5.58011388762651 ], [ 5.705931187113435, 5.581848620805147 ], [ 5.758331775717181, 5.617972374349563 ], [ 5.763956546538964, 5.619179726169932 ], [ 5.770340442876488, 5.623136996858705 ], [ 5.777363776648542, 5.624300002648909 ], [ 5.784311295369037, 5.621997833084663 ], [ 5.791154385018615, 5.6148447992245 ], [ 5.797267437172138, 5.606328011437768 ], [ 5.802772044912274, 5.601991653491439 ], [ 5.811028003521812, 5.595486641071545 ], [ 5.815148830321675, 5.591887950626415 ], [ 5.818600177666724, 5.589697361138008 ], [ 5.823450564962343, 5.587461947619147 ], [ 5.82834529928806, 5.587306022513246 ], [ 5.833924770079079, 5.586434363920944 ] ] ] ] } },
{ "type": "Feature", "properties": { "fid": 188.0, "OBJECTID": 188.0, "lganame": "Warri North", "statecode": "DE", "LGA_UID": "10_23" }, "geometry": { "type": "MultiPolygon", "coordinates": [ [ [ [ 5.142962932602984, 6.143306732289545 ], [ 5.145542145355421, 6.1416416171582 ], [ 5.154594897506342, 6.144187926888321 ], [ 5.157862185726344, 6.14670705759994 ], [ 5.161456108168238, 6.142713546886512 ], [ 5.16462612232209, 6.146552086494637 ], [ 5.162909031155436, 6.147930622431261 ], [ 5.164650917338918, 6.155093193297944 ], [ 5.16425180406776, 6.159086704011315 ], [ 5.168694496086346, 6.163574696060721 ], [ 5.17292404196013, 6.160578728025087 ], [ 5.176631451479125, 6.159486294282829 ], [ 5.179445267391031, 6.15899228994715 ], [ 5.181912422067342, 6.156877517510281 ], [ 5.182441235426609, 6.154410361833982 ], [ 5.180150031869857, 6.149651526600564 ], [ 5.18402719450421, 6.147360325043792 ], [ 5.190371989815219, 6.151237964678501 ], [ 5.193720818090583, 6.15176630003748 ], [ 5.195835589527462, 6.150885105438704 ], [ 5.198831557563096, 6.147007941804361 ], [ 5.203388213659139, 6.145109652514577 ], [ 5.206057549472803, 6.147184371924254 ], [ 5.205528736113479, 6.151237964678501 ], [ 5.209378718729397, 6.15349578921257 ], [ 5.217764854427344, 6.149901866770676 ], [ 5.222557067683454, 6.148703574956471 ], [ 5.222956656954977, 6.144710064243043 ], [ 5.218563556970025, 6.141515255072363 ], [ 5.217365742156176, 6.13632345154474 ], [ 5.221758366140762, 6.131531239288677 ], [ 5.225352763582976, 6.125940323489942 ], [ 5.230544090110243, 6.118752002605788 ], [ 5.233738899280979, 6.112362385264362 ], [ 5.231342792652924, 6.10118055266679 ], [ 5.23254108446713, 6.094790936325353 ], [ 5.23254108446713, 6.089200019526629 ], [ 5.232940196738298, 6.081212997099783 ], [ 5.233738899280979, 6.073625564944507 ], [ 5.232984065768107, 6.071512221508556 ], [ 5.232940196738298, 6.065638541517671 ], [ 5.238930701808556, 6.062443733346981 ], [ 5.245213032077118, 6.063759804241158 ], [ 5.248787402505741, 6.064228057559319 ], [ 5.256502150747508, 6.065238953246194 ], [ 5.270169735034017, 6.054296016810952 ], [ 5.268269061742615, 6.052536010615142 ], [ 5.26502180053626, 6.043814181689072 ], [ 5.262348174719648, 6.033390044606335 ], [ 5.258985043434564, 6.025040149932977 ], [ 5.254957198697809, 6.013216971899681 ], [ 5.251615047426981, 6.000012874928132 ], [ 5.247795581831838, 5.986599921814673 ], [ 5.249100207718243, 5.97007322258554 ], [ 5.253449439673375, 5.957025527720248 ], [ 5.256058693446221, 5.950067042992259 ], [ 5.263452530469976, 5.943108082264018 ], [ 5.268236636720587, 5.939194201604721 ], [ 5.269696711712641, 5.918911456823537 ], [ 5.275195122448508, 5.909184456214462 ], [ 5.291287422382482, 5.912229061283142 ], [ 5.304334641247465, 5.919622421306599 ], [ 5.315147876594551, 5.934660911524531 ], [ 5.326080799022975, 5.941803455377567 ], [ 5.334778785932826, 5.949197292401323 ], [ 5.341302872365645, 5.956155777129311 ], [ 5.350001335275863, 5.960939884379854 ], [ 5.358699322185714, 5.969638348290061 ], [ 5.345217228025263, 5.975292206131599 ], [ 5.339998245479194, 5.982685566155055 ], [ 5.336518764115056, 5.984425545337274 ], [ 5.326950549613912, 5.982685566155055 ], [ 5.326080799022975, 5.990079403178811 ], [ 5.326950549613912, 5.994428635133886 ], [ 5.323036193954295, 6.005301475521492 ], [ 5.32738542590937, 6.018349171386774 ], [ 5.334343909637369, 6.021393299455099 ], [ 5.338249683291167, 6.018789767686144 ], [ 5.342172622956582, 6.016174315909097 ], [ 5.356524943708337, 6.017479419795848 ], [ 5.365658282914012, 6.019653797273236 ], [ 5.377835751188002, 6.019218921977711 ], [ 5.388225079247093, 6.017794132009669 ], [ 5.392153262916111, 6.019183635953766 ], [ 5.399711132051323, 6.021856784770023 ], [ 5.41117000583705, 6.020219802657778 ], [ 5.415844440013132, 6.010351657952867 ], [ 5.415374278693662, 6.008137703448597 ], [ 5.425902842847336, 6.005814551870117 ], [ 5.431141376406686, 6.00876092887205 ], [ 5.431468486628944, 6.01301717776397 ], [ 5.431141376406686, 6.017928123100717 ], [ 5.427212237737024, 6.023493766882268 ], [ 5.427539824959581, 6.030696391776132 ], [ 5.433464526985176, 6.034986972691399 ], [ 5.437034130410552, 6.037571907447727 ], [ 5.442483902113395, 6.040644168535209 ], [ 5.444632052572956, 6.039225577571301 ], [ 5.452094554643395, 6.034297943223237 ], [ 5.45306015029945, 6.027536868629397 ], [ 5.453403949533083, 6.02513074899457 ], [ 5.456191063426786, 6.022396564136784 ], [ 5.458463191970566, 6.023046016578064 ], [ 5.465517997763982, 6.027750014774199 ], [ 5.473677635308093, 6.027351855503696 ], [ 5.47894096388427, 6.027095318329373 ], [ 5.48417949744362, 6.027750014774199 ], [ 5.489745140225182, 6.030041695331306 ], [ 5.490273475584161, 6.033595084745684 ], [ 5.491382122337427, 6.038554192115157 ], [ 5.49432849933936, 6.041828156339648 ], [ 5.497275352341603, 6.042482852784474 ], [ 5.500876426788352, 6.036589621780308 ], [ 5.505787373125145, 6.035934925335482 ], [ 5.512989998018952, 6.035280227890667 ], [ 5.516591549466057, 6.030369281553874 ], [ 5.518883228023128, 6.027422427551642 ], [ 5.515282153576379, 6.021856784770023 ], [ 5.519210815245742, 6.016291141988461 ], [ 5.523467064137662, 6.012690066541666 ], [ 5.528378010474398, 6.012034893096541 ], [ 5.53263378136603, 6.011707782874282 ], [ 5.534598350700833, 6.009743213539423 ], [ 5.532306671143772, 6.004177569757871 ], [ 5.536596775058683, 5.989902020058253 ], [ 5.54632759067033, 5.985361575973286 ], [ 5.56107997869384, 5.989411830725203 ], [ 5.571273803620102, 5.990883826725394 ], [ 5.572011948121599, 5.977714061777135 ], [ 5.56933498430277, 5.967982769165189 ], [ 5.563938140635855, 5.958230018538643 ], [ 5.557851790500479, 5.950551033321119 ], [ 5.549727916980657, 5.942161082620544 ], [ 5.541590214451503, 5.937239170276371 ], [ 5.530035018600245, 5.935756207268753 ], [ 5.517111777819537, 5.936341762666586 ], [ 5.515114784462639, 5.926617146059186 ], [ 5.523303032026206, 5.920444011864845 ], [ 5.530823231135798, 5.91148996378098 ], [ 5.53835487425323, 5.899764060813766 ], [ 5.548554897183635, 5.899848937871468 ], [ 5.556734084741038, 5.895755768090339 ], [ 5.562211037462362, 5.88747978246721 ], [ 5.565653800801556, 5.877799987890228 ], [ 5.556167126355831, 5.870092868653614 ], [ 5.565721988847883, 5.86254405952451 ], [ 5.564401149950413, 5.853518009391735 ], [ 5.552169799639785, 5.851336001909203 ], [ 5.543312072621404, 5.85542201968542 ], [ 5.533791065152343, 5.855342864631666 ], [ 5.520888805385823, 5.851075171731964 ], [ 5.520845890356668, 5.86078405432869 ], [ 5.514682770169145, 5.870440959890118 ], [ 5.501111030947754, 5.864087104572945 ], [ 5.501842976445118, 5.852303981566877 ], [ 5.500523089548324, 5.843276978433437 ], [ 5.495129107883315, 5.832829952335203 ], [ 5.49313306752714, 5.829592228135311 ], [ 5.490402221671616, 5.825161934125106 ], [ 5.485682011464462, 5.81610822697354 ], [ 5.485727787495591, 5.805706023905771 ], [ 5.497300148358477, 5.803029060086885 ], [ 5.508204936767754, 5.797572136379188 ], [ 5.517035960767998, 5.79972600884264 ], [ 5.525220871329282, 5.794246197119321 ], [ 5.521176814581509, 5.785890102441783 ], [ 5.525297165381119, 5.776908875339473 ], [ 5.537556170710559, 5.772850989582309 ], [ 5.544393063355869, 5.764585017965942 ], [ 5.549190043615226, 5.756303787339277 ], [ 5.540368079621089, 5.752068996461901 ], [ 5.529457092207565, 5.758913994112788 ], [ 5.520597935188221, 5.763000010889016 ], [ 5.509050846342518, 5.760129928938966 ], [ 5.507052897984977, 5.75040483533121 ], [ 5.511178969788489, 5.74003696428673 ], [ 5.51529598158578, 5.731750010656128 ], [ 5.521474837784012, 5.718625068738334 ], [ 5.528326988439744, 5.706892966766929 ], [ 5.532450199241282, 5.69721794119323 ], [ 5.529773235422397, 5.687488078582192 ], [ 5.527116775617458, 5.672902106671756 ], [ 5.525128841266735, 5.661097049650778 ], [ 5.520405769057618, 5.652735232969292 ], [ 5.510900973599576, 5.649188994559779 ], [ 5.500741004696351, 5.640089035376775 ], [ 5.485734765500297, 5.631196813334952 ], [ 5.449721336030905, 5.652221678620378 ], [ 5.444999694822741, 5.654443740130148 ], [ 5.439443588047652, 5.653332710375253 ], [ 5.412792048939195, 5.647005226076033 ], [ 5.399243034733274, 5.637283655470696 ], [ 5.387807707963475, 5.608041551602014 ], [ 5.373530942263073, 5.598523708135133 ], [ 5.35122349510624, 5.596144246518406 ], [ 5.301254814154845, 5.61399020364388 ], [ 5.247196434424723, 5.622020885100312 ], [ 5.228160746490857, 5.619343991281539 ], [ 5.205258433929828, 5.60595952318738 ], [ 5.191279101431519, 5.595846814316303 ], [ 5.181166391560453, 5.58841099826401 ], [ 5.171351114891422, 5.586923835253515 ], [ 5.142221450099157, 5.604166030968827 ], [ 5.088054657295402, 5.69249916098704 ], [ 5.08527755740846, 5.702776908970236 ], [ 5.083333015087248, 5.727499961768387 ], [ 5.083888054464353, 5.741110802016351 ], [ 5.009237227742631, 5.844676927384683 ], [ 4.999996662464127, 5.857496739095097 ], [ 4.976784030692215, 5.88773874864313 ], [ 4.99424972655936, 5.914254866659576 ], [ 5.012680054081898, 5.942235469671118 ], [ 5.016400813609948, 5.948643208024862 ], [ 5.018467426014126, 5.95319080411474 ], [ 5.026321888350878, 5.971586703613866 ], [ 5.031282901721625, 5.982541561057189 ], [ 5.039689541433575, 6.000184536044742 ], [ 5.041731833821189, 6.005086422375371 ], [ 5.052999020476705, 6.027666091717208 ], [ 5.062687874059861, 6.048982143200419 ], [ 5.075929642057019, 6.078048705949811 ], [ 5.087879181176163, 6.101302146749447 ], [ 5.101120949173321, 6.124878882768712 ], [ 5.119040489348777, 6.149993419832867 ], [ 5.126955985727022, 6.163946629313386 ], [ 5.135050774227011, 6.169816971302055 ], [ 5.133102416903228, 6.164677619810107 ], [ 5.138293743430495, 6.159885405554007 ], [ 5.141374587523785, 6.155823230793942 ], [ 5.143491744962262, 6.151237964678501 ], [ 5.142962932602984, 6.143306732289545 ] ] ] ] } },
{ "type": "Feature", "properties": { "fid": 198.0, "OBJECTID": 198.0, "lganame": "Aniocha South", "statecode": "DE", "LGA_UID": "10_02" }, "geometry": { "type": "MultiPolygon", "coordinates": [ [ [ [ 6.581527233039822, 6.291166781753532 ], [ 6.594122886597972, 6.283030033224975 ], [ 6.601648807711456, 6.272689819199286 ], [ 6.607806205895145, 6.264420032580347 ], [ 6.615320206000547, 6.256854057439625 ], [ 6.626245975424069, 6.246541977433083 ], [ 6.634452820000263, 6.236208916412238 ], [ 6.629747867803474, 6.223687171904317 ], [ 6.625040053604721, 6.21185779586682 ], [ 6.616249083631658, 6.200689793278684 ], [ 6.610161781495663, 6.193010807061171 ], [ 6.608201981164029, 6.174963950799167 ], [ 6.606887817271115, 6.164550780723914 ], [ 6.608967780684395, 6.155552863610239 ], [ 6.610366820634965, 6.14654922549272 ], [ 6.610406875662193, 6.137534142367372 ], [ 6.619986057170763, 6.124437809469043 ], [ 6.631574154044358, 6.118292809293791 ], [ 6.641133784539647, 6.109356880222265 ], [ 6.645172596283828, 6.101227282698574 ], [ 6.646623135269408, 6.098307132714467 ], [ 6.637837887300236, 6.085752010183853 ], [ 6.629046917327173, 6.074583053595063 ], [ 6.616117000541919, 6.076554774934777 ], [ 6.605230808145279, 6.077851771816029 ], [ 6.593660831284012, 6.079835892164112 ], [ 6.581424235969848, 6.079041003624013 ], [ 6.572596072971521, 6.076192855688873 ], [ 6.567190170298431, 6.068520069475539 ], [ 6.56450986947732, 6.059483051335349 ], [ 6.567965030824951, 6.047029017873399 ], [ 6.572084903624216, 6.038046836770434 ], [ 6.572807789115359, 6.028345108178542 ], [ 6.571490765220517, 6.018624782574022 ], [ 6.569506167872078, 6.006125927081655 ], [ 6.566829205053182, 5.996395111470008 ], [ 6.551870822889668, 5.995576858914092 ], [ 6.536911010725191, 5.995451926829162 ], [ 6.527388096254811, 5.996067047247152 ], [ 6.516522883872426, 5.992508887829501 ], [ 6.504289149560179, 5.991020202818049 ], [ 6.488647937932683, 5.990890025729584 ], [ 6.479153156481459, 5.985262870906183 ], [ 6.456026076767671, 5.986457824718116 ], [ 6.444475173919386, 5.984281063239109 ], [ 6.430191994214624, 5.984856128629815 ], [ 6.411818980731027, 5.9874768264105 ], [ 6.403610229153571, 5.998504161903043 ], [ 6.400844097274103, 6.008882998954959 ], [ 6.393972873605435, 6.024775981753521 ], [ 6.383068085196157, 6.030232906461208 ], [ 6.374277115223094, 6.019063949872418 ], [ 6.366206168739268, 5.998886108162537 ], [ 6.360808849072043, 5.989132880535692 ], [ 6.34583616289882, 5.991782188335776 ], [ 6.337645054333336, 5.998649120001517 ], [ 6.328075885831538, 6.009665012486323 ], [ 6.319196223798201, 6.018606185561396 ], [ 6.323217868530719, 6.031816005536882 ], [ 6.325212001885632, 6.042233943615372 ], [ 6.327185154226299, 6.057507991993361 ], [ 6.330525875496164, 6.0707120899649 ], [ 6.332522868853061, 6.080437182572666 ], [ 6.335867882125797, 6.092947006072507 ], [ 6.34465885209886, 6.104115962661297 ], [ 6.348011017376507, 6.115240097219612 ], [ 6.347280978880462, 6.126328944753936 ], [ 6.345199108465977, 6.136021137339355 ], [ 6.343791961509851, 6.146410942398745 ], [ 6.34375190748267, 6.155426978524702 ], [ 6.353943825407555, 6.157590865994962 ], [ 6.36613798069294, 6.168095112132107 ], [ 6.376980782060116, 6.176506995847603 ], [ 6.385787964044198, 6.184208870080681 ], [ 6.389819144783189, 6.195337771642244 ], [ 6.385693072979677, 6.205706119687022 ], [ 6.382933140104456, 6.21469783779645 ], [ 6.379480838758752, 6.226459025787676 ], [ 6.375341891946562, 6.239600181716469 ], [ 6.388936996183816, 6.241099833735404 ], [ 6.39913082111002, 6.242571830735528 ], [ 6.419509887956622, 6.247595787149066 ], [ 6.431725979256896, 6.253245830988021 ], [ 6.447338103864581, 6.25961685231681 ], [ 6.46294498446872, 6.267374991588099 ], [ 6.475821972218057, 6.277191162257736 ], [ 6.48464107521022, 6.282118796605857 ], [ 6.498208046428317, 6.289859771865451 ], [ 6.507008076407544, 6.298947811040364 ], [ 6.517187119323751, 6.303886890396257 ], [ 6.534181117870332, 6.305416107435292 ], [ 6.548491954593885, 6.298600196804159 ], [ 6.556675911154514, 6.293119907080609 ], [ 6.566888809093712, 6.290431023253632 ], [ 6.581527233039822, 6.291166781753532 ] ] ] ] } },
{ "type": "Feature", "properties": { "fid": 207.0, "OBJECTID": 207.0, "lganame": "Burutu", "statecode": "DE", "LGA_UID": "10_04" }, "geometry": { "type": "MultiPolygon", "coordinates": [ [ [ [ 5.722864150618591, 5.388816832649127 ], [ 5.726304053955857, 5.379829883542925 ], [ 5.728390217373317, 5.369444847486818 ], [ 5.730483054795286, 5.357674122489129 ], [ 5.729866982376677, 5.343104838589966 ], [ 5.731266975327912, 5.334102154473101 ], [ 5.739450931888541, 5.328621863749504 ], [ 5.748987198367956, 5.325233936447546 ], [ 5.757129191900106, 5.329463005321031 ], [ 5.762532233571221, 5.337830067006053 ], [ 5.77813911417536, 5.345588207277331 ], [ 5.792416095875865, 5.346399783828758 ], [ 5.801221847858983, 5.354102135062135 ], [ 5.810732841321226, 5.356260776528813 ], [ 5.820942879258496, 5.354266167173591 ], [ 5.839947224171055, 5.362744807934405 ], [ 5.850131989091096, 5.366298199348819 ], [ 5.86102104248971, 5.364307879996488 ], [ 5.871221066420162, 5.364393234054432 ], [ 5.88210391981454, 5.363790034644637 ], [ 5.895699024051794, 5.365290164663861 ], [ 5.904517174043292, 5.370217800011972 ], [ 5.911646365887236, 5.379584312376096 ], [ 5.913852692386342, 5.379071236027471 ], [ 5.914051055521099, 5.375901221873619 ], [ 5.914645194924788, 5.372532844584953 ], [ 5.914843559059591, 5.367381573084913 ], [ 5.915437698463279, 5.356682776815546 ], [ 5.914843559059591, 5.346181869680663 ], [ 5.913880825405442, 5.340888977084433 ], [ 5.907371997983034, 5.339727879295481 ], [ 5.897854804516498, 5.338954925770338 ], [ 5.884943961744227, 5.336768150284513 ], [ 5.873377799885532, 5.338057995160909 ], [ 5.861816883030428, 5.33796215109578 ], [ 5.848896980251993, 5.33785486202288 ], [ 5.838006972852725, 5.33984518137521 ], [ 5.828485012382998, 5.340458869792201 ], [ 5.814880848139637, 5.341039181186488 ], [ 5.813351154100246, 5.339459419113098 ], [ 5.811635970934901, 5.337687968909506 ], [ 5.809190750273444, 5.336875439357414 ], [ 5.805391311691949, 5.335612774499509 ], [ 5.803263664246288, 5.334293841603312 ], [ 5.801135539800327, 5.332974910707208 ], [ 5.798278331858967, 5.330291747884075 ], [ 5.794721603442383, 5.327631474076554 ], [ 5.791164875025743, 5.324971199269044 ], [ 5.786909103134121, 5.322332859476433 ], [ 5.782638073232192, 5.31900167521303 ], [ 5.776953220369592, 5.315022468509369 ], [ 5.774080753417877, 5.311646461215503 ], [ 5.769050598000092, 5.305565834084007 ], [ 5.765493869583509, 5.302905560276486 ], [ 5.763365746137538, 5.301586151379979 ], [ 5.757651329254827, 5.296220778734494 ], [ 5.754064559817834, 5.292174338985092 ], [ 5.751222133886529, 5.290184497633106 ], [ 5.746222019489153, 5.285490036443434 ], [ 5.743349551537449, 5.282114029149625 ], [ 5.741845607515586, 5.277307986884125 ], [ 5.741071223989422, 5.273865222544941 ], [ 5.742336272849002, 5.268263816739022 ], [ 5.738762856421033, 5.264230250998423 ], [ 5.73728895241959, 5.260809897674449 ], [ 5.737913131843698, 5.25732231130479 ], [ 5.738567352288158, 5.255221366877322 ], [ 5.742763042138961, 5.255087375786275 ], [ 5.748372554950379, 5.255601883135853 ], [ 5.754726410267494, 5.258172988882791 ], [ 5.761080264584677, 5.260744094629729 ], [ 5.770261764823033, 5.264612198257907 ], [ 5.778028965100475, 5.267831802445528 ], [ 5.784398079428001, 5.2710957526632 ], [ 5.792165278705454, 5.274315356850764 ], [ 5.79640626858702, 5.276260376172331 ], [ 5.801361560953922, 5.278876304949733 ], [ 5.808444976766737, 5.282811164623297 ], [ 5.811986446173023, 5.284778594960073 ], [ 5.81692695552988, 5.286701679266685 ], [ 5.820247172785798, 5.28732395168953 ], [ 5.823122024739121, 5.286935329425432 ], [ 5.845350265842171, 5.283931255384346 ], [ 5.849763869841013, 5.284266948612412 ], [ 5.8510875697404, 5.280756950227556 ], [ 5.853080273094349, 5.275839328886264 ], [ 5.85300493204312, 5.272374152531825 ], [ 5.849632262751584, 5.264167308955678 ], [ 5.839036941552536, 5.260796069665048 ], [ 5.826149939796437, 5.253060818409324 ], [ 5.814606189952997, 5.249496936987839 ], [ 5.803079128120885, 5.241773128739851 ], [ 5.791536808278465, 5.237515925847276 ], [ 5.781363964366449, 5.23119020454925 ], [ 5.771881103923306, 5.222788810840882 ], [ 5.767160891716173, 5.213735103689316 ], [ 5.767887115209589, 5.203339099625737 ], [ 5.774721145852993, 5.195766926480815 ], [ 5.784961223810626, 5.186837196413478 ], [ 5.786741257020083, 5.185741900669257 ], [ 5.793591498674516, 5.186122416927788 ], [ 5.797555923368122, 5.189452171190226 ], [ 5.802856921969919, 5.193862438186784 ], [ 5.804585457144412, 5.195158958067736 ], [ 5.809786319678153, 5.195158958067736 ], [ 5.817958832230943, 5.194663524731084 ], [ 5.822664261428088, 5.19392061222635 ], [ 5.828360558298471, 5.190948963207234 ], [ 5.829187392860263, 5.188467978521487 ], [ 5.829846382308006, 5.186491013178284 ], [ 5.833065987495559, 5.179308891298319 ], [ 5.83727645935636, 5.174850941269369 ], [ 5.841486454216863, 5.174602985100876 ], [ 5.846191883414008, 5.176584721447398 ], [ 5.849164009433423, 5.177822590288486 ], [ 5.852383613620987, 5.179803847634616 ], [ 5.858327388659518, 5.182775973654088 ], [ 5.866004943876021, 5.186491013178284 ], [ 5.869719982400227, 5.188472270524414 ], [ 5.877017498358555, 5.189892292489276 ], [ 5.878635406457818, 5.185500144504999 ], [ 5.879626274131112, 5.180794716307901 ], [ 5.87987375329925, 5.175841330942319 ], [ 5.878635406457818, 5.165935040211423 ], [ 5.875911235606907, 5.145131588076481 ], [ 5.877397059616442, 5.127300261960897 ], [ 5.880369185635857, 5.114669800379147 ], [ 5.881239414227139, 5.110143185303514 ], [ 5.881353321304516, 5.109508990872598 ], [ 5.880772745910065, 5.109508990872598 ], [ 5.877645015784935, 5.105258464984558 ], [ 5.877892493953084, 5.100305079618977 ], [ 5.878387928289669, 5.097085953431701 ], [ 5.877645015784935, 5.091389655561329 ], [ 5.874425410597325, 5.086188793027588 ], [ 5.871701240746404, 5.081235408661996 ], [ 5.870214938736524, 5.076034546128255 ], [ 5.86947202723178, 5.071081637763029 ], [ 5.86773872405405, 5.068109511743614 ], [ 5.865062146235459, 5.069528997708062 ], [ 5.863081931890008, 5.074440002044867 ], [ 5.857383251018007, 5.077362537030581 ], [ 5.853145599138713, 5.075462817739833 ], [ 5.851976395344309, 5.070202827165929 ], [ 5.84832382186255, 5.066549777683804 ], [ 5.84087133379893, 5.06757259437876 ], [ 5.839994907203447, 5.070786952562798 ], [ 5.839510917874577, 5.074536324110284 ], [ 5.840579032600317, 5.080577374214897 ], [ 5.840140820302565, 5.083061217902582 ], [ 5.835319042026413, 5.082476615505357 ], [ 5.830643176849378, 5.080285072016295 ], [ 5.825529099374592, 5.077508450129756 ], [ 5.822606564388877, 5.075755118938446 ], [ 5.820268630800342, 5.07517051654122 ], [ 5.817346095814628, 5.077362537030581 ], [ 5.815300465424741, 5.081892490108487 ], [ 5.814131259630301, 5.08452224689529 ], [ 5.809017181155525, 5.086421967186027 ], [ 5.805510520772941, 5.083645821299797 ], [ 5.803610802482126, 5.081892490108487 ], [ 5.797473907312394, 5.083061217902582 ], [ 5.791336536142353, 5.085837363788812 ], [ 5.789144992653291, 5.084376334796161 ], [ 5.789875507149645, 5.07867765392416 ], [ 5.788122176958382, 5.072540759754418 ], [ 5.784176826277701, 5.069325923570091 ], [ 5.780443191740858, 5.064958571602688 ], [ 5.779018878773115, 5.058013915884089 ], [ 5.775635719474394, 5.05747985752123 ], [ 5.773499012022626, 5.061219215061953 ], [ 5.769225597119032, 5.063355922513779 ], [ 5.764239787731412, 5.064246178118651 ], [ 5.75836372373891, 5.061040877940798 ], [ 5.751953602383537, 5.053740500980552 ], [ 5.748570442084826, 5.053206443617682 ], [ 5.743050575334337, 5.055699348311464 ], [ 5.736462115857762, 5.056589602916347 ], [ 5.730586051865259, 5.054452896464568 ], [ 5.72844934541348, 5.050713538923844 ], [ 5.72453212675191, 5.041098118390607 ], [ 5.719368458243423, 5.030948639494511 ], [ 5.710287094073067, 5.023826121655134 ], [ 5.702096461507949, 5.022935867050251 ], [ 5.691234589127816, 5.024182319897136 ], [ 5.682153701957759, 5.02792167743786 ], [ 5.67556524348123, 5.029880046768483 ], [ 5.66666221643203, 5.028277873679883 ], [ 5.663456917254166, 5.02400445877629 ], [ 5.663456917254166, 5.018840313267503 ], [ 5.663635254375322, 5.01510095572678 ], [ 5.661808968134494, 5.012883663220236 ], [ 5.656670569643154, 5.011776447467923 ], [ 5.647893428679538, 5.011776447467923 ], [ 5.642328738898584, 5.015602112067256 ], [ 5.632938861518596, 5.018383979957434 ], [ 5.625288010320219, 5.026035309156157 ], [ 5.619723319539276, 5.034729481063437 ], [ 5.611029147631996, 5.038902759898974 ], [ 5.599204539597679, 5.042380810262159 ], [ 5.590857982926593, 5.043424128971026 ], [ 5.5856413843822, 5.047945023042757 ], [ 5.584598063673297, 5.055248260004987 ], [ 5.569295883276197, 5.056291579713843 ], [ 5.550863742752426, 5.05559635224148 ], [ 5.544603825499109, 5.058030604895464 ], [ 5.533127307701307, 5.062899590203699 ], [ 5.524085044557523, 5.068811893220811 ], [ 5.516781806595304, 5.080636024254773 ], [ 5.511565208050911, 5.088287354453485 ], [ 5.502870560143265, 5.092460632289033 ], [ 5.493828296999482, 5.091764926816325 ], [ 5.486848226256882, 5.090648223057599 ], [ 5.473213057992439, 5.09689979830523 ], [ 5.468967555107781, 5.107516489518787 ], [ 5.468253716622769, 5.119413794602451 ], [ 5.463732740550995, 5.125243474563433 ], [ 5.45718922310499, 5.127860882341849 ], [ 5.448385218123065, 5.133690561302842 ], [ 5.447671378638063, 5.138687428697949 ], [ 5.443864242051291, 5.146777597194841 ], [ 5.431599978718282, 5.151686851530485 ], [ 5.421632891946103, 5.152543839112752 ], [ 5.412436370697492, 5.149528586064037 ], [ 5.397209343351449, 5.142141216044649 ], [ 5.388012822102837, 5.13897519989348 ], [ 5.372635030654351, 5.14560875740068 ], [ 5.3603845133307, 5.158553159195776 ], [ 5.352651265076361, 5.167922286561691 ], [ 5.345744302383366, 5.231360538665001 ], [ 5.330396778955446, 5.300483880631077 ], [ 5.320034225914583, 5.354806975541067 ], [ 5.322128152337314, 5.367973327486936 ], [ 5.352394895902137, 5.361469467067877 ], [ 5.379235216138909, 5.362262620606828 ], [ 5.431821303868674, 5.366069758193589 ], [ 5.467054625808032, 5.371677065003496 ], [ 5.512750219856059, 5.398744981394827 ], [ 5.519365640350941, 5.405360607889861 ], [ 5.526882133458002, 5.407116060082615 ], [ 5.539887905294847, 5.399084090625252 ], [ 5.548069953854167, 5.394297123372723 ], [ 5.556919097866739, 5.39229106900973 ], [ 5.565774917883857, 5.388895987702938 ], [ 5.580068110595391, 5.386240958898952 ], [ 5.595732212238431, 5.380824089218436 ], [ 5.608644009011357, 5.383011817704926 ], [ 5.624278068633998, 5.384529113735823 ], [ 5.635158062026449, 5.384620189797715 ], [ 5.645349025950736, 5.386785030268641 ], [ 5.657570839254845, 5.391047001164452 ], [ 5.671839236949552, 5.393939972130056 ], [ 5.681315899388494, 5.403728007780614 ], [ 5.688078879983664, 5.412106037473052 ], [ 5.699615001821883, 5.417749882307817 ], [ 5.707799911383177, 5.412270068584519 ], [ 5.70852279687432, 5.402566909991663 ], [ 5.71057748827036, 5.400083065304045 ], [ 5.713044166946361, 5.397101402278111 ], [ 5.715360164520007, 5.39430189137596 ], [ 5.722864150618591, 5.388816832649127 ] ] ] ] } },
{ "type": "Feature", "properties": { "fid": 227.0, "OBJECTID": 227.0, "lganame": "Okpe", "statecode": "DE", "LGA_UID": "10_13" }, "geometry": { "type": "MultiPolygon", "coordinates": [ [ [ [ 5.77945089306661, 5.817859173163242 ], [ 5.785604954248015, 5.810282230015048 ], [ 5.789640902990243, 5.812538146547865 ], [ 5.792006968597889, 5.811782360034329 ], [ 5.793800830816735, 5.807201861922124 ], [ 5.795796871172968, 5.804942131386724 ], [ 5.796359538555237, 5.802691459857499 ], [ 5.797062874033145, 5.800581455423867 ], [ 5.79621887245969, 5.79692459093917 ], [ 5.797203541128738, 5.79073524473381 ], [ 5.799172878466777, 5.790172577351484 ], [ 5.801282882900466, 5.78764057163113 ], [ 5.803392887334098, 5.786655902962082 ], [ 5.805080891480998, 5.78904724058691 ], [ 5.808316230679281, 5.791157246020532 ], [ 5.812536239546546, 5.788906574491307 ], [ 5.812958240833325, 5.785249233006311 ], [ 5.812664031633403, 5.782110690873822 ], [ 5.813661575311187, 5.778919219705358 ], [ 5.815349579458086, 5.777653216845181 ], [ 5.819569111325052, 5.775402546315945 ], [ 5.820413112898507, 5.773433207977916 ], [ 5.822663784427732, 5.77174520483095 ], [ 5.82843112934637, 5.773292541882313 ], [ 5.82674312619946, 5.776668549176179 ], [ 5.82674312619946, 5.780466556756721 ], [ 5.828290462250834, 5.782717228285946 ], [ 5.830822467971188, 5.783842564050587 ], [ 5.832510471118098, 5.782435894094817 ], [ 5.834901809742917, 5.780466556756721 ], [ 5.839262485705774, 5.781451225425769 ], [ 5.840950488852741, 5.782857895381539 ], [ 5.840528487565962, 5.785530567197497 ], [ 5.840669154661555, 5.788343906108992 ], [ 5.841794491426185, 5.790875911829403 ], [ 5.843623160668642, 5.791719913402858 ], [ 5.846858500866915, 5.789187907682447 ], [ 5.849812507874049, 5.78735923843999 ], [ 5.853217602187669, 5.787916659818734 ], [ 5.857548714130417, 5.788625240300178 ], [ 5.859799384659652, 5.788765907395771 ], [ 5.862190723284471, 5.788765907395771 ], [ 5.863738060335777, 5.785389900101904 ], [ 5.864863396100418, 5.783701896954994 ], [ 5.867395400820783, 5.780888557043454 ], [ 5.869558334290389, 5.781524658475632 ], [ 5.872178078070419, 5.782295226999224 ], [ 5.874068737355003, 5.784947871801592 ], [ 5.883918762047642, 5.790017605246192 ], [ 5.887267590323006, 5.79473066344849 ], [ 5.890886783782094, 5.796221256461308 ], [ 5.894185115023163, 5.798591687071905 ], [ 5.902640819768408, 5.794611931367854 ], [ 5.906779765580609, 5.78147077643905 ], [ 5.906148911152002, 5.770370006896599 ], [ 5.890539168545899, 5.763305187096364 ], [ 5.887896060750052, 5.753002644096284 ], [ 5.878351212264761, 5.751414776017384 ], [ 5.868165970344364, 5.747861861603383 ], [ 5.864126204599529, 5.738812923455043 ], [ 5.860095023860538, 5.727684020893491 ], [ 5.858107089509815, 5.715878009871858 ], [ 5.854743004224076, 5.707529068199108 ], [ 5.850031853023097, 5.696393966633366 ], [ 5.859580039510604, 5.690231800446441 ], [ 5.869799137454038, 5.686155795676996 ], [ 5.878664017477263, 5.680682181957934 ], [ 5.889581202894988, 5.672451019365269 ], [ 5.899827002856512, 5.662134171355433 ], [ 5.903944015653849, 5.653847217724831 ], [ 5.910789013304736, 5.643500804694952 ], [ 5.918334007431156, 5.629001140843116 ], [ 5.908166884523098, 5.612124920376516 ], [ 5.905779838901196, 5.608413695854892 ], [ 5.902298449535749, 5.609218121401454 ], [ 5.898801804159973, 5.609329700477247 ], [ 5.894636154329589, 5.610849856510129 ], [ 5.890410423458434, 5.609597682659341 ], [ 5.886903677075736, 5.606305281422351 ], [ 5.882386243006351, 5.608843938147231 ], [ 5.878698077500417, 5.609319830470554 ], [ 5.872749426458597, 5.614673617108224 ], [ 5.866741287376328, 5.618897160977895 ], [ 5.861209039617449, 5.620919703352115 ], [ 5.858056254475287, 5.615208996472006 ], [ 5.853016376050903, 5.595533848103628 ], [ 5.846067429329423, 5.587218761453926 ], [ 5.840233803365777, 5.586926460255313 ], [ 5.83672237397991, 5.58634519586036 ], [ 5.833924770079079, 5.586434363920944 ], [ 5.82834529928806, 5.587306022513246 ], [ 5.823450564962343, 5.587461947619147 ], [ 5.818600177666724, 5.589697361138008 ], [ 5.815148830321675, 5.591887950626415 ], [ 5.811028003521812, 5.595486641071545 ], [ 5.802772044912274, 5.601991653491439 ], [ 5.797267437172138, 5.606328011437768 ], [ 5.791154385018615, 5.6148447992245 ], [ 5.784311295369037, 5.621997833084663 ], [ 5.777363776648542, 5.624300002648909 ], [ 5.770340442876488, 5.623136996858705 ], [ 5.763956546538964, 5.619179726169932 ], [ 5.758331775717181, 5.617972374349563 ], [ 5.705931187113435, 5.581848620805147 ], [ 5.701601982171951, 5.583508014932647 ], [ 5.692055224685362, 5.589670181119573 ], [ 5.682500839193608, 5.597218990248621 ], [ 5.67499589909437, 5.602705001976119 ], [ 5.664768219145117, 5.608860016158133 ], [ 5.655903816122191, 5.614335059878158 ], [ 5.662661075713459, 5.624100207513152 ], [ 5.670769215222549, 5.635955810568475 ], [ 5.680222033645293, 5.651290893987948 ], [ 5.696485995695866, 5.647008896078489 ], [ 5.692416190930658, 5.661795139125047 ], [ 5.685587883291134, 5.667980194327527 ], [ 5.676036834801664, 5.674835204985186 ], [ 5.667157172768327, 5.683775902059949 ], [ 5.658959866198643, 5.692029952668236 ], [ 5.648705006230955, 5.704426765091284 ], [ 5.660918235529266, 5.710770130401272 ], [ 5.67315483084343, 5.711565017941382 ], [ 5.688099860997909, 5.715157986382621 ], [ 5.700327873306264, 5.718032837335954 ], [ 5.716627121380839, 5.723022937726512 ], [ 5.725430012361983, 5.731418133430623 ], [ 5.732871056417821, 5.740495204598062 ], [ 5.741640091375984, 5.756517887484733 ], [ 5.746366977587684, 5.764185904694784 ], [ 5.752456187724988, 5.771172047441553 ], [ 5.758523940847738, 5.783010960485512 ], [ 5.764597892974734, 5.793464183588014 ], [ 5.77945089306661, 5.817859173163242 ] ] ] ] } },
{ "type": "Feature", "properties": { "fid": 232.0, "OBJECTID": 232.0, "lganame": "Ughelli North", "statecode": "DE", "LGA_UID": "10_19" }, "geometry": { "type": "MultiPolygon", "coordinates": [ [ [ [ 6.136820792882702, 5.739002227583683 ], [ 6.146348000355999, 5.737695216695613 ], [ 6.162654877435727, 5.740603923671927 ], [ 6.166832447274203, 5.726475716072514 ], [ 6.16817808218849, 5.721926211981327 ], [ 6.173686027930898, 5.706716060646727 ], [ 6.174417973428206, 5.694931983640004 ], [ 6.177026033200264, 5.678159468243848 ], [ 6.177217960330665, 5.676925182405228 ], [ 6.179989815214014, 5.665159225410832 ], [ 6.184795856479468, 5.654797077370233 ], [ 6.190961837668965, 5.644445896337061 ], [ 6.202573775558733, 5.63275289539223 ], [ 6.211462974598533, 5.621732234904186 ], [ 6.194493771068778, 5.614655018095561 ], [ 6.181620121321714, 5.604146003955179 ], [ 6.174163818255522, 5.598536015143452 ], [ 6.1633019448754, 5.594285011255124 ], [ 6.146978854784606, 5.594842910634156 ], [ 6.136096001390229, 5.595446110044008 ], [ 6.133070116334295, 5.594734358560402 ], [ 6.123867989081873, 5.592569828089722 ], [ 6.115060806097802, 5.584867953856644 ], [ 6.112383842278916, 5.575138092245709 ], [ 6.115850924634628, 5.559909820898781 ], [ 6.116582870131992, 5.548127173893022 ], [ 6.11118888946703, 5.537680148794777 ], [ 6.102376938479722, 5.531364917503879 ], [ 6.086754798865172, 5.527073859588313 ], [ 6.077941894877256, 5.520759106297703 ], [ 6.072535992204166, 5.513085842084081 ], [ 6.069171905918438, 5.504735947410722 ], [ 6.062437057342436, 5.490117073477904 ], [ 6.057713985133319, 5.481756209797084 ], [ 6.056510988315949, 5.47374993135719 ], [ 6.055731772786487, 5.468564033833616 ], [ 6.056478977294205, 5.45331287447118 ], [ 6.061984062034639, 5.438796042607692 ], [ 6.062680962508125, 5.437877902983814 ], [ 6.070876122076356, 5.427081107647894 ], [ 6.080441951575892, 5.416758059633878 ], [ 6.087976932695597, 5.404337883194955 ], [ 6.088019847724752, 5.394629001598219 ], [ 6.092174052547307, 5.378020763313714 ], [ 6.094558965167778, 5.370052016899308 ], [ 6.096314907360863, 5.364184855912868 ], [ 6.094324112008167, 5.353073120362978 ], [ 6.094364166035405, 5.344058990238295 ], [ 6.093729972604478, 5.333651066166624 ], [ 6.094473839109924, 5.319094181275887 ], [ 6.09927511237214, 5.310119152177776 ], [ 6.106126785027527, 5.298387051206362 ], [ 6.117763995934467, 5.281146049491895 ], [ 6.126649856971994, 5.270818233474643 ], [ 6.136225224478039, 5.258415222047404 ], [ 6.144433975055506, 5.247386931554161 ], [ 6.151268004698863, 5.239816189410192 ], [ 6.161487102642297, 5.235740184640747 ], [ 6.15472984305103, 5.225975990006418 ], [ 6.145215987586823, 5.224508762009521 ], [ 6.134345055200527, 5.222338199534761 ], [ 6.124158859279476, 5.218785763121048 ], [ 6.111935138974047, 5.21521711269628 ], [ 6.101737022044915, 5.214437962166869 ], [ 6.089502810732313, 5.212950230156025 ], [ 6.07999181727007, 5.210790156688404 ], [ 6.071164131272042, 5.207942962753862 ], [ 6.054586411008302, 5.209498881811044 ], [ 6.05232143446932, 5.209196567605602 ], [ 6.043224335288301, 5.212107657583545 ], [ 6.02830505415136, 5.22120475776461 ], [ 6.013021945767207, 5.233940601417999 ], [ 6.006835936564073, 5.245948791577007 ], [ 6.005380153574947, 5.259776591972354 ], [ 6.00465250008051, 5.267054080917092 ], [ 6.010110854789218, 5.287067889515527 ], [ 6.018115997228335, 5.299803734168904 ], [ 6.026184081710255, 5.316720008662742 ], [ 6.028476238267672, 5.32686710355722 ], [ 6.025715828392094, 5.335858821666648 ], [ 6.022946834510662, 5.346930981189701 ], [ 6.021911875807461, 5.352084240691056 ], [ 6.020861149093548, 5.357316017245807 ], [ 6.018772124674172, 5.368393897772705 ], [ 6.01328277594439, 5.379445076281456 ], [ 6.004386901900091, 5.391852855711988 ], [ 5.997193693012605, 5.39569654732361 ], [ 5.99416303595342, 5.397315979423922 ], [ 5.989354133685993, 5.408370971935256 ], [ 5.984538078413721, 5.420814037389732 ], [ 5.981091976072264, 5.431188107438459 ], [ 5.987173080204116, 5.440254210598425 ], [ 5.991199969940169, 5.452075957630768 ], [ 5.995237826683706, 5.461819172250785 ], [ 5.992845439058215, 5.472875566763094 ], [ 5.993936355799406, 5.47539116647232 ], [ 5.992920938109478, 5.476268213068238 ], [ 5.992703959962057, 5.476455623195591 ], [ 5.992681594946873, 5.476446890189663 ], [ 5.987800981630699, 5.474541189894808 ], [ 5.96871294466132, 5.482201864099864 ], [ 5.959347387297839, 5.49179585061853 ], [ 5.965629163566007, 5.493509062782607 ], [ 5.968494470512837, 5.495223549947525 ], [ 5.965126991224793, 5.504563808293767 ], [ 5.951518058978195, 5.506530761630245 ], [ 5.936563014816954, 5.505020141603836 ], [ 5.918898105814435, 5.501404762147331 ], [ 5.908686160875902, 5.504094123974653 ], [ 5.906599998458489, 5.514479160030817 ], [ 5.916757107359729, 5.524271964684544 ], [ 5.918674783662709, 5.525936596815598 ], [ 5.933051109430778, 5.538415909294713 ], [ 5.917338847754991, 5.546469211766521 ], [ 5.907129764818421, 5.548463821121743 ], [ 5.893517016569206, 5.551125049929965 ], [ 5.88398504309265, 5.553819179760467 ], [ 5.873786926163518, 5.553040981231732 ], [ 5.864266871695122, 5.552961826177977 ], [ 5.85337495829458, 5.555644989001053 ], [ 5.850398064271872, 5.556378365499313 ], [ 5.84812200372545, 5.561492663974263 ], [ 5.847408166240427, 5.570891535360374 ], [ 5.846888526887312, 5.574417658756204 ], [ 5.846075668335061, 5.579933486503933 ], [ 5.846067429329423, 5.587218761453926 ], [ 5.853016376050903, 5.595533848103628 ], [ 5.858056254475287, 5.615208996472006 ], [ 5.861209039617449, 5.620919703352115 ], [ 5.866741287376328, 5.618897160977895 ], [ 5.872749426458597, 5.614673617108224 ], [ 5.878698077500417, 5.609319830470554 ], [ 5.882386243006351, 5.608843938147231 ], [ 5.886903677075736, 5.606305281422351 ], [ 5.890410423458434, 5.609597682659341 ], [ 5.894636154329589, 5.610849856510129 ], [ 5.898801804159973, 5.609329700477247 ], [ 5.902298449535749, 5.609218121401454 ], [ 5.905779838901196, 5.608413695854892 ], [ 5.908166884523098, 5.612124920376516 ], [ 5.91503906219242, 5.605394839803694 ], [ 5.924602031690029, 5.595766068261412 ], [ 5.930765151877551, 5.586109160700005 ], [ 5.937603950524192, 5.577149867612604 ], [ 5.951642036062424, 5.569075108126185 ], [ 5.954647443104477, 5.566405853312517 ], [ 5.958748816891159, 5.562763213837513 ], [ 5.971007824220578, 5.558703899079433 ], [ 5.979833126216931, 5.562244892485353 ], [ 5.985916138350035, 5.570618153174621 ], [ 5.991306782012771, 5.58175802174361 ], [ 6.004209994779899, 5.586027144644277 ], [ 6.017790794007396, 5.590301036548169 ], [ 6.028649807385591, 5.595244883907299 ], [ 6.035945428342586, 5.599865140046575 ], [ 6.040855884679047, 5.602974892159466 ], [ 6.050336838120927, 5.612069130338568 ], [ 6.058454036636135, 5.621844768980679 ], [ 6.058997225005214, 5.630759596037876 ], [ 6.059088230067061, 5.632253170052707 ], [ 6.057663918099308, 5.646803855939197 ], [ 6.054209231751997, 5.659257889401147 ], [ 6.044614792233062, 5.675821780655497 ], [ 6.041172027893822, 5.685502052232835 ], [ 6.040129185185265, 5.697036266069745 ], [ 6.039714335903398, 5.700560093464048 ], [ 6.035983086368219, 5.704705715280795 ], [ 6.032283782854677, 5.706308842370049 ], [ 6.026089190645735, 5.713116168995327 ], [ 6.020611762924091, 5.721392154618457 ], [ 6.014458178743041, 5.728969096766605 ], [ 6.007615089093463, 5.738621235324786 ], [ 6.001463889914021, 5.745503902001246 ], [ 5.991903782418376, 5.754439831072773 ], [ 6.004464625952892, 5.760642052286926 ], [ 6.007824898236038, 5.76175355904212 ], [ 6.015662192561081, 5.764347075804324 ], [ 6.019802570374281, 5.764380931827304 ], [ 6.024969577885031, 5.764423369856161 ], [ 6.027222157415565, 5.764449595873941 ], [ 6.031224728135101, 5.764495849905359 ], [ 6.039780139948107, 5.764610766983481 ], [ 6.04436445206295, 5.766866683516241 ], [ 6.048964024188138, 5.768784999819673 ], [ 6.051740170074424, 5.756324768353522 ], [ 6.066047191795349, 5.750203133194134 ], [ 6.078306198124778, 5.746143818436053 ], [ 6.091908932367176, 5.745563984042064 ], [ 6.103476048226469, 5.744273186165003 ], [ 6.116405010011135, 5.742300033824392 ], [ 6.126612185946385, 5.740997790939559 ], [ 6.136820792882702, 5.739002227583683 ] ] ] ] } },
{ "type": "Feature", "properties": { "fid": 243.0, "OBJECTID": 243.0, "lganame": "Isoko South", "statecode": "DE", "LGA_UID": "10_10" }, "geometry": { "type": "MultiPolygon", "coordinates": [ [ [ [ 6.347042083718179, 5.448467255178798 ], [ 6.350014209737594, 5.443455218773352 ], [ 6.354885578047458, 5.438340187297911 ], [ 6.358295441364305, 5.433955669318834 ], [ 6.346024990027104, 5.413990497753446 ], [ 6.343072891021279, 5.411384105982563 ], [ 6.340869903524435, 5.406599997731973 ], [ 6.337967395552369, 5.401838303496618 ], [ 6.336463450530459, 5.397031784230819 ], [ 6.334260464033662, 5.392247676980219 ], [ 6.331342697051184, 5.38679313727414 ], [ 6.329109668533931, 5.380622864081715 ], [ 6.328320502997713, 5.376487255271797 ], [ 6.328929424411456, 5.372307301431704 ], [ 6.329478263784381, 5.365355014707916 ], [ 6.330087662198423, 5.361174582867534 ], [ 6.331380844077103, 5.356278895541152 ], [ 6.331959724470437, 5.350712775759234 ], [ 6.33183956138879, 5.345168590992216 ], [ 6.333847522753103, 5.340943813121669 ], [ 6.334471703177201, 5.337456702752377 ], [ 6.335750103045825, 5.331867694954894 ], [ 6.337697506368954, 5.324871063200987 ], [ 6.338832378140069, 5.31991100283085 ], [ 6.333600997585563, 5.317730904349617 ], [ 6.330088139198779, 5.313632487564917 ], [ 6.32745361340875, 5.310412407377044 ], [ 6.32540321401558, 5.306539535745571 ], [ 6.321877002619658, 5.305264949879586 ], [ 6.315567970333007, 5.304772853545217 ], [ 6.310642718986514, 5.303543090709638 ], [ 6.306432247125713, 5.302983761329585 ], [ 6.302890300719127, 5.301016330992809 ], [ 6.300047873787832, 5.299026488640834 ], [ 6.297190665846472, 5.296343802818058 ], [ 6.295017719370037, 5.292945861509338 ], [ 6.292909621937724, 5.289627552254672 ], [ 6.289982318948717, 5.286700249265721 ], [ 6.288518428954092, 5.284943581072127 ], [ 6.286762237760854, 5.282309055282099 ], [ 6.285005568567271, 5.279088974094236 ], [ 6.283542155572945, 5.274990559309515 ], [ 6.283542155572945, 5.27059936532595 ], [ 6.283834456771558, 5.266500949541239 ], [ 6.285265445743846, 5.262743949988533 ], [ 6.287155628028131, 5.259274482631213 ], [ 6.290751934471643, 5.251054764046273 ], [ 6.292275428506798, 5.245395184200902 ], [ 6.293005943003152, 5.238823890736001 ], [ 6.290450096266568, 5.23407745351102 ], [ 6.284712791368349, 5.231664657871647 ], [ 6.278995991484067, 5.228888034985061 ], [ 6.272560596111475, 5.228236197542174 ], [ 6.259417534181409, 5.227870941293986 ], [ 6.244461060019205, 5.233656883225251 ], [ 6.238560200009829, 5.235210419280804 ], [ 6.233532905594018, 5.238167763290164 ], [ 6.22000837340471, 5.238683700640763 ], [ 6.219668865174071, 5.241329670438574 ], [ 6.218515873390629, 5.250310420540529 ], [ 6.212936400599688, 5.251182079132775 ], [ 6.207356929808668, 5.252053737725021 ], [ 6.203145980947511, 5.251494408345025 ], [ 6.201003075491542, 5.249482631978083 ], [ 6.200258731985798, 5.247425555580435 ], [ 6.196979999758014, 5.246605873023498 ], [ 6.190820693573073, 5.236243724982899 ], [ 6.187352180216408, 5.230408192017933 ], [ 6.175773144348966, 5.234471797778951 ], [ 6.161487102642297, 5.235740184640747 ], [ 6.151268004698863, 5.239816189410192 ], [ 6.144433975055506, 5.247386931554161 ], [ 6.136225224478039, 5.258415222047404 ], [ 6.126649856971994, 5.270818233474643 ], [ 6.117763995934467, 5.281146049491895 ], [ 6.106126785027527, 5.298387051206362 ], [ 6.09927511237214, 5.310119152177776 ], [ 6.094473839109924, 5.319094181275887 ], [ 6.093729972604478, 5.333651066166624 ], [ 6.094364166035405, 5.344058990238295 ], [ 6.094324112008167, 5.353073120362978 ], [ 6.096314907360863, 5.364184855912868 ], [ 6.092174052547307, 5.378020763313714 ], [ 6.088019847724752, 5.394629001598219 ], [ 6.087976932695597, 5.404337883194955 ], [ 6.095433234761799, 5.409947872006683 ], [ 6.106264114120847, 5.421133994607146 ], [ 6.11437797463384, 5.43160295472029 ], [ 6.125895977459777, 5.441408157382455 ], [ 6.132647038046798, 5.452559947959571 ], [ 6.137366772253642, 5.461615086112147 ], [ 6.142755031914703, 5.473447800151916 ], [ 6.151548861889694, 5.483923912269915 ], [ 6.161713122795845, 5.49233007398152 ], [ 6.171866893694869, 5.502817154106992 ], [ 6.179975033203959, 5.51467418716328 ], [ 6.184689045406913, 5.525115013257334 ], [ 6.190085888073838, 5.534869193884845 ], [ 6.19344377535532, 5.544604778499718 ], [ 6.200953960458151, 5.537733077830751 ], [ 6.208467959563563, 5.530168055690638 ], [ 6.21802520805727, 5.521924973089881 ], [ 6.226210116618518, 5.516445160366573 ], [ 6.23644399557196, 5.508902073241416 ], [ 6.245964050040413, 5.508981228295227 ], [ 6.253410816100143, 5.516672133520785 ], [ 6.264936923931543, 5.524395942768763 ], [ 6.275774002294838, 5.534194946426737 ], [ 6.281175136964691, 5.543254851582503 ], [ 6.285901070175726, 5.55092287079259 ], [ 6.299529076435306, 5.544795035629022 ], [ 6.310428142840692, 5.540725230863757 ], [ 6.322010039710051, 5.535965918630041 ], [ 6.330191135268763, 5.531179905378167 ], [ 6.330528259497783, 5.52626943604173 ], [ 6.325900555353485, 5.517744064249143 ], [ 6.322247027871072, 5.507757664463838 ], [ 6.319080352719482, 5.496797085016624 ], [ 6.318593502388694, 5.493387221699834 ], [ 6.321759700539985, 5.482913493583396 ], [ 6.335155963642137, 5.467325210991874 ], [ 6.340514660283077, 5.457338810206636 ], [ 6.344104289722054, 5.450263500399274 ], [ 6.347042083718179, 5.448467255178798 ] ], [ [ 6.305325508373699, 5.413281918272048 ], [ 6.308182716315059, 5.415964603094778 ], [ 6.311115265307592, 5.422112465271937 ], [ 6.313318252804436, 5.426896571522548 ], [ 6.314093113330898, 5.430338859861422 ], [ 6.313513755937265, 5.435905456643638 ], [ 6.312190533038176, 5.439414978028196 ], [ 6.307430743804105, 5.445807934371942 ], [ 6.301956654084734, 5.451530457260105 ], [ 6.297166823830253, 5.456537723662279 ], [ 6.290947913604839, 5.46020364815314 ], [ 6.285413741844593, 5.463153839157656 ], [ 6.279164790598713, 5.465433597706635 ], [ 6.275472164089763, 5.46656036447223 ], [ 6.270828723934756, 5.467091083832827 ], [ 6.266848564230429, 5.466958522742743 ], [ 6.263266562796616, 5.465498923750999 ], [ 6.260215281723447, 5.464039802759601 ], [ 6.257562159920781, 5.461784363227139 ], [ 6.255704402658523, 5.460059643055274 ], [ 6.252653121585297, 5.454885959540036 ], [ 6.25278568267538, 5.451038360925736 ], [ 6.25623512301911, 5.446925640131326 ], [ 6.259817123452933, 5.443874359058157 ], [ 6.262509823282471, 5.439612865162644 ], [ 6.267314433546971, 5.43529892023156 ], [ 6.269367694942048, 5.433153151773581 ], [ 6.272819042287097, 5.430962563285163 ], [ 6.275556087146811, 5.428101063340932 ], [ 6.279661654936319, 5.423809528425011 ], [ 6.283082962260949, 5.42023277299478 ], [ 6.287218571070923, 5.41732692702044 ], [ 6.291369437891206, 5.415113925516778 ], [ 6.294836044246608, 5.41361665749946 ], [ 6.302513123462859, 5.41267824186184 ], [ 6.305325508373699, 5.413281918272048 ] ] ] ] } },
{ "type": "Feature", "properties": { "fid": 255.0, "OBJECTID": 255.0, "lganame": "Isoko North", "statecode": "DE", "LGA_UID": "10_09" }, "geometry": { "type": "MultiPolygon", "coordinates": [ [ [ [ 6.347042083718179, 5.448467255178798 ], [ 6.344104289722054, 5.450263500399274 ], [ 6.340514660283077, 5.457338810206636 ], [ 6.335155963642137, 5.467325210991874 ], [ 6.321759700539985, 5.482913493583396 ], [ 6.318593502388694, 5.493387221699834 ], [ 6.319080352719482, 5.496797085016624 ], [ 6.322247027871072, 5.507757664463838 ], [ 6.325900555353485, 5.517744064249143 ], [ 6.330528259497783, 5.52626943604173 ], [ 6.330191135268763, 5.531179905378167 ], [ 6.322010039710051, 5.535965918630041 ], [ 6.310428142840692, 5.540725230863757 ], [ 6.299529076435306, 5.544795035629022 ], [ 6.285901070175726, 5.55092287079259 ], [ 6.281175136964691, 5.543254851582503 ], [ 6.275774002294838, 5.534194946426737 ], [ 6.264936923931543, 5.524395942768763 ], [ 6.253410816100143, 5.516672133520785 ], [ 6.245964050040413, 5.508981228295227 ], [ 6.23644399557196, 5.508902073241416 ], [ 6.226210116618518, 5.516445160366573 ], [ 6.21802520805727, 5.521924973089881 ], [ 6.208467959563563, 5.530168055690638 ], [ 6.200953960458151, 5.537733077830751 ], [ 6.19344377535532, 5.544604778499718 ], [ 6.190085888073838, 5.534869193884845 ], [ 6.184689045406913, 5.525115013257334 ], [ 6.179975033203959, 5.51467418716328 ], [ 6.171866893694869, 5.502817154106992 ], [ 6.161713122795845, 5.49233007398152 ], [ 6.151548861889694, 5.483923912269915 ], [ 6.142755031914703, 5.473447800151916 ], [ 6.137366772253642, 5.461615086112147 ], [ 6.132647038046798, 5.452559947959571 ], [ 6.125895977459777, 5.441408157382455 ], [ 6.11437797463384, 5.43160295472029 ], [ 6.106264114120847, 5.421133994607146 ], [ 6.095433234761799, 5.409947872006683 ], [ 6.087976932695597, 5.404337883194955 ], [ 6.080441951575892, 5.416758059633878 ], [ 6.070876122076356, 5.427081107647894 ], [ 6.061984062034639, 5.438796042607692 ], [ 6.056478977294205, 5.45331287447118 ], [ 6.055731772786487, 5.468564033833616 ], [ 6.057713985133319, 5.481756209797084 ], [ 6.062437057342436, 5.490117073477904 ], [ 6.069171905918438, 5.504735947410722 ], [ 6.072535992204166, 5.513085842084081 ], [ 6.077941894877256, 5.520759106297703 ], [ 6.086754798865172, 5.527073859588313 ], [ 6.102376938479722, 5.531364917503879 ], [ 6.11118888946703, 5.537680148794777 ], [ 6.116582870131992, 5.548127173893022 ], [ 6.115850924634628, 5.559909820898781 ], [ 6.112383842278916, 5.575138092245709 ], [ 6.115060806097802, 5.584867953856644 ], [ 6.123867989081873, 5.592569828089722 ], [ 6.136096001390229, 5.595446110044008 ], [ 6.146978854784606, 5.594842910634156 ], [ 6.1633019448754, 5.594285011255124 ], [ 6.174163818255522, 5.598536015143452 ], [ 6.181620121321714, 5.604146003955179 ], [ 6.194493771068778, 5.614655018095561 ], [ 6.211462974598533, 5.621732234904186 ], [ 6.220993042073758, 5.619729995543764 ], [ 6.236637114703171, 5.61916685116114 ], [ 6.248194217555692, 5.619956969698023 ], [ 6.26518821710232, 5.621485232736404 ], [ 6.277421951414567, 5.622973918747903 ], [ 6.29032421118103, 5.627243041648569 ], [ 6.303232192951384, 5.630124091606092 ], [ 6.312063216951685, 5.632277012068869 ], [ 6.325638771175647, 5.637938022915307 ], [ 6.327727794595035, 5.626860142388409 ], [ 6.335233211694572, 5.621375083661519 ], [ 6.349628925475827, 5.595141887837315 ], [ 6.355794906665324, 5.584791182804508 ], [ 6.364031792261869, 5.567523003071585 ], [ 6.368165016070236, 5.555768013084617 ], [ 6.374354839275895, 5.539869785282519 ], [ 6.377810000623526, 5.527416228820925 ], [ 6.38331508636395, 5.512897967956462 ], [ 6.384736061329477, 5.499041079541314 ], [ 6.384105205900823, 5.487939834998542 ], [ 6.384204387968225, 5.465530395772419 ], [ 6.385983467177027, 5.462580203767914 ], [ 6.388769627070076, 5.461784363227139 ], [ 6.400046348732076, 5.461784363227139 ], [ 6.407475470779843, 5.462315082587736 ], [ 6.416496753909371, 5.462580203767914 ], [ 6.422671318104676, 5.462580203767914 ], [ 6.424797057549029, 5.463218212201411 ], [ 6.430253506256406, 5.463218212201411 ], [ 6.445107460348993, 5.461096286759641 ], [ 6.449351311232476, 5.457761765494013 ], [ 6.453898430322056, 5.454427242228348 ], [ 6.455717563558039, 5.451395988168713 ], [ 6.455414295352, 5.444120407225341 ], [ 6.45268631049845, 5.437451362694048 ], [ 6.445410727555043, 5.430782318162699 ], [ 6.431972980424746, 5.428005219275803 ], [ 6.421772957494284, 5.427919865217802 ], [ 6.410205840635001, 5.429211140095163 ], [ 6.39249515460142, 5.435997962706494 ], [ 6.387166022980523, 5.439205169885668 ], [ 6.382266997651868, 5.442153930889219 ], [ 6.373417853639239, 5.444160938252878 ], [ 6.366652012042209, 5.436477184032128 ], [ 6.347042083718179, 5.448467255178798 ] ] ], [ [ [ 6.305325508373699, 5.413281918272048 ], [ 6.302513123462859, 5.41267824186184 ], [ 6.294836044246608, 5.41361665749946 ], [ 6.291369437891206, 5.415113925516778 ], [ 6.287218571070923, 5.41732692702044 ], [ 6.283082962260949, 5.42023277299478 ], [ 6.279661654936319, 5.423809528425011 ], [ 6.275556087146811, 5.428101063340932 ], [ 6.272819042287097, 5.430962563285163 ], [ 6.269367694942048, 5.433153151773581 ], [ 6.267314433546971, 5.43529892023156 ], [ 6.262509823282471, 5.439612865162644 ], [ 6.259817123452933, 5.443874359058157 ], [ 6.25623512301911, 5.446925640131326 ], [ 6.25278568267538, 5.451038360925736 ], [ 6.252653121585297, 5.454885959540036 ], [ 6.255704402658523, 5.460059643055274 ], [ 6.257562159920781, 5.461784363227139 ], [ 6.260215281723447, 5.464039802759601 ], [ 6.263266562796616, 5.465498923750999 ], [ 6.266848564230429, 5.466958522742743 ], [ 6.270828723934756, 5.467091083832827 ], [ 6.275472164089763, 5.46656036447223 ], [ 6.279164790598713, 5.465433597706635 ], [ 6.285413741844593, 5.463153839157656 ], [ 6.290947913604839, 5.46020364815314 ], [ 6.297166823830253, 5.456537723662279 ], [ 6.301956654084734, 5.451530457260105 ], [ 6.307430743804105, 5.445807934371942 ], [ 6.312190533038176, 5.439414978028196 ], [ 6.313513755937265, 5.435905456643638 ], [ 6.314093113330898, 5.430338859861422 ], [ 6.313318252804436, 5.426896571522548 ], [ 6.311115265307592, 5.422112465271937 ], [ 6.308182716315059, 5.415964603094778 ], [ 6.305325508373699, 5.413281918272048 ] ] ] ] } },
{ "type": "Feature", "properties": { "fid": 256.0, "OBJECTID": 256.0, "lganame": "Ika South", "statecode": "DE", "LGA_UID": "10_08" }, "geometry": { "type": "MultiPolygon", "coordinates": [ [ [ [ 6.197598934178586, 6.282746315032227 ], [ 6.212637901396818, 6.279160975596142 ], [ 6.223472117758206, 6.289653777725505 ], [ 6.236330986495204, 6.303630829222243 ], [ 6.246644019502412, 6.312650204350518 ], [ 6.254680156962593, 6.306557178210596 ], [ 6.262197018069912, 6.298297881598785 ], [ 6.273789882946744, 6.290765762481044 ], [ 6.280618190586267, 6.284582138279575 ], [ 6.284070014931615, 6.272820950288406 ], [ 6.281414986127629, 6.258235931378579 ], [ 6.274651050531872, 6.249857902686074 ], [ 6.267220020482853, 6.238699913104767 ], [ 6.259102820967598, 6.228923798462347 ], [ 6.250969887441613, 6.222614765175649 ], [ 6.248200892560249, 6.23368787769931 ], [ 6.24610614813696, 6.246152878168687 ], [ 6.241989136339612, 6.254440783799964 ], [ 6.229093074577349, 6.248785018957108 ], [ 6.217555045737811, 6.243834971593799 ], [ 6.208725928738829, 6.240987777659257 ], [ 6.191729069190274, 6.240152836091966 ], [ 6.184975146601289, 6.229693889985583 ], [ 6.181623936324286, 6.218571186428221 ], [ 6.176898003113251, 6.210903168218181 ], [ 6.168767928589261, 6.203900814460383 ], [ 6.162014008000313, 6.193441868354057 ], [ 6.153229237031439, 6.180885791822789 ], [ 6.162112236067003, 6.171251774276925 ], [ 6.172983170453335, 6.173422812752051 ], [ 6.181831837465552, 6.171415806388381 ], [ 6.192721843864831, 6.16942596403635 ], [ 6.195490836746217, 6.158352851512689 ], [ 6.201663016939904, 6.146615981538048 ], [ 6.210546016975513, 6.13698100999153 ], [ 6.217380046618928, 6.129408835846618 ], [ 6.220139980494139, 6.120417117737134 ], [ 6.229016780525512, 6.112168789132795 ], [ 6.236527919628998, 6.105297089463818 ], [ 6.244044780736317, 6.097036838851352 ], [ 6.254951954147259, 6.090887069672874 ], [ 6.265138149068321, 6.094439030086278 ], [ 6.280048847199396, 6.105659007709733 ], [ 6.290907859577601, 6.11060380906946 ], [ 6.30178213096616, 6.112081051073176 ], [ 6.317399978577726, 6.117064953459533 ], [ 6.328269004962749, 6.119929790406047 ], [ 6.338462829888954, 6.121401787406171 ], [ 6.347280978880462, 6.126328944753936 ], [ 6.348011017376507, 6.115240097219612 ], [ 6.34465885209886, 6.104115962661297 ], [ 6.335867882125797, 6.092947006072507 ], [ 6.332522868853061, 6.080437182572666 ], [ 6.330525875496164, 6.0707120899649 ], [ 6.327185154226299, 6.057507991993361 ], [ 6.325212001885632, 6.042233943615372 ], [ 6.323217868530719, 6.031816005536882 ], [ 6.319196223798201, 6.018606185561396 ], [ 6.309711933354095, 6.010204791853084 ], [ 6.299509048421726, 6.010814190267126 ], [ 6.293352127238393, 6.019083976886066 ], [ 6.283148766305658, 6.019692898299809 ], [ 6.270244121537587, 6.01611804987084 ], [ 6.256639957294169, 6.016697884264829 ], [ 6.240956782638193, 6.02627706477341 ], [ 6.232762814070782, 6.033836841909931 ], [ 6.243274393212914, 6.053020788944536 ], [ 6.244851976284792, 6.053682279393968 ], [ 6.244363233952697, 6.054031393631192 ], [ 6.240929195619458, 6.055820747846951 ], [ 6.233885991833915, 6.055497140627097 ], [ 6.227794571695085, 6.054126571695861 ], [ 6.220484866728498, 6.053136716023289 ], [ 6.210957505255067, 6.052936840887469 ], [ 6.202629391596531, 6.053745858437196 ], [ 6.195523070768104, 6.054463880925027 ], [ 6.19322204620471, 6.056393147235895 ], [ 6.185698986093144, 6.06603908478985 ], [ 6.176817894058843, 6.074979781864613 ], [ 6.16930389395344, 6.08254623400569 ], [ 6.163812160222051, 6.094288825984222 ], [ 6.156969069572483, 6.103940963542357 ], [ 6.148083209534946, 6.11427020956063 ], [ 6.141240119885424, 6.123920918117847 ], [ 6.134387016229027, 6.135653019089261 ], [ 6.130246162415517, 6.149487972489453 ], [ 6.125415802133546, 6.165399075300286 ], [ 6.121271133317407, 6.179926872171222 ], [ 6.119191169904184, 6.188924789284897 ], [ 6.115742206560753, 6.199992179804667 ], [ 6.115022182071527, 6.209001063925768 ], [ 6.114303111582956, 6.218009949046916 ], [ 6.112161160127641, 6.240878104584738 ], [ 6.10348816723473, 6.248207711564874 ], [ 6.095097064533377, 6.255299091383108 ], [ 6.084858893577007, 6.263535022979056 ], [ 6.076632022987269, 6.27872276329839 ], [ 6.086105824424237, 6.289205074420636 ], [ 6.086041927380847, 6.303767204314909 ], [ 6.088016986722778, 6.318346977221211 ], [ 6.094778061316617, 6.32741785038445 ], [ 6.100863934451695, 6.335096835601917 ], [ 6.106954097589664, 6.342082977348696 ], [ 6.11304283072667, 6.34906816509482 ], [ 6.117772101939977, 6.351524352763647 ], [ 6.12246228112673, 6.353960129418681 ], [ 6.12661313994704, 6.356115817883335 ], [ 6.140926837672566, 6.348607062781525 ], [ 6.150475025160063, 6.342443942593945 ], [ 6.158658980720702, 6.336965083871348 ], [ 6.167523860743984, 6.331490993151931 ], [ 6.180000184221058, 6.321585916421895 ], [ 6.180490016553847, 6.321197033157659 ], [ 6.18870306013423, 6.309475899193728 ], [ 6.193511009400993, 6.298419951681694 ], [ 6.197598934178586, 6.282746315032227 ] ] ] ] } },
{ "type": "Feature", "properties": { "fid": 258.0, "OBJECTID": 258.0, "lganame": "Ukwuani", "statecode": "DE", "LGA_UID": "10_21" }, "geometry": { "type": "MultiPolygon", "coordinates": [ [ [ [ 6.166832447274203, 5.726475716072514 ], [ 6.162654877435727, 5.740603923671927 ], [ 6.154451846862173, 5.750245094222635 ], [ 6.144177913881492, 5.76680278847283 ], [ 6.140738009544236, 5.775788783578378 ], [ 6.135921001271299, 5.788926124504599 ], [ 6.130418776532792, 5.802749156896709 ], [ 6.126978874195572, 5.811736107002901 ], [ 6.123527049850225, 5.823495864993106 ], [ 6.120879173051094, 5.83972501802009 ], [ 6.130944728890199, 5.845688343071856 ], [ 6.1328101161576, 5.84679365182285 ], [ 6.142442225702155, 5.852087021419493 ], [ 6.151937008153425, 5.857713223242229 ], [ 6.160744190137507, 5.86541509647526 ], [ 6.16886997165858, 5.873110770704102 ], [ 6.179709911023849, 5.882215976890677 ], [ 6.191916943317949, 5.889945984142855 ], [ 6.198935509086709, 5.895133494667505 ], [ 6.201406001765292, 5.896959781908379 ], [ 6.203830242412437, 5.90057420736423 ], [ 6.207487105897144, 5.906025887068381 ], [ 6.217640876796111, 5.916512012193209 ], [ 6.223714827923118, 5.92696523729569 ], [ 6.22911500859226, 5.93602609645211 ], [ 6.233819961789038, 5.948546885959388 ], [ 6.243769645549378, 5.967384814758873 ], [ 6.248743533928916, 5.966401100090536 ], [ 6.256405830135122, 5.964769362981826 ], [ 6.264052868330907, 5.962445259402728 ], [ 6.271000862051721, 5.960143088838493 ], [ 6.28617525136201, 5.949950217912885 ], [ 6.297913074337316, 5.942641257946832 ], [ 6.302718162602162, 5.938326836015392 ], [ 6.311658858676935, 5.931106567109509 ], [ 6.32126855920626, 5.922478676247295 ], [ 6.32878065131041, 5.913917065430098 ], [ 6.333525180534082, 5.906830787615263 ], [ 6.336871623807838, 5.899789332830949 ], [ 6.338180064696871, 5.895586966975657 ], [ 6.344323634871103, 5.888455868130393 ], [ 6.34766960114456, 5.881414413346022 ], [ 6.36188936180622, 5.859463215431219 ], [ 6.36523532907961, 5.852421760646905 ], [ 6.36789751088844, 5.846095562348523 ], [ 6.370543956686561, 5.839076041579119 ], [ 6.373860358939908, 5.83064842185297 ], [ 6.37646198270761, 5.82155036867124 ], [ 6.377026081090889, 5.815291405418577 ], [ 6.375492096048617, 5.809098721210944 ], [ 6.374732970532818, 5.806349277342804 ], [ 6.374627590461216, 5.801497936046587 ], [ 6.366890430204194, 5.799664496800801 ], [ 6.357024669500845, 5.796512126658911 ], [ 6.348587989768532, 5.794700623428128 ], [ 6.335895061144299, 5.790251255404996 ], [ 6.327428341391567, 5.787054062232642 ], [ 6.321774005549685, 5.784460545470438 ], [ 6.312577724301264, 5.779899597371525 ], [ 6.304780006003057, 5.775293827242081 ], [ 6.299779891605738, 5.770599365052419 ], [ 6.296907424654023, 5.76722335775861 ], [ 6.294125079763546, 5.768005848290272 ], [ 6.287207127063141, 5.771693706795986 ], [ 6.274710177572047, 5.776253222893956 ], [ 6.265634060405262, 5.77723646156204 ], [ 6.26140832853406, 5.775984286711207 ], [ 6.253685951287082, 5.774843692936258 ], [ 6.24876069994059, 5.77361393010068 ], [ 6.243052006061816, 5.773168563798095 ], [ 6.235473632912658, 5.774037838388722 ], [ 6.231293201072219, 5.774864673950503 ], [ 6.222826481319487, 5.771667479778159 ], [ 6.217961311013823, 5.77320957182593 ], [ 6.211742877788708, 5.776875496316791 ], [ 6.206223488038574, 5.780519008792339 ], [ 6.202087402228301, 5.783424853766746 ], [ 6.198636054883252, 5.785615444255143 ], [ 6.197786331305906, 5.77870750356152 ], [ 6.19836568769955, 5.773141383779603 ], [ 6.198944569092873, 5.767575263997685 ], [ 6.198854446031646, 5.763417244172501 ], [ 6.198749064960055, 5.758566379876584 ], [ 6.199358463374097, 5.754385948036202 ], [ 6.196440697391608, 5.748930931329767 ], [ 6.19352340740943, 5.743476390623641 ], [ 6.190650940457715, 5.74010086133012 ], [ 6.187094212041131, 5.737440108522264 ], [ 6.179311751753289, 5.733527659863967 ], [ 6.172957897436163, 5.730956554117029 ], [ 6.168686866534188, 5.727625369853627 ], [ 6.166832447274203, 5.726475716072514 ] ] ] ] } },
{ "type": "Feature", "properties": { "fid": 261.0, "OBJECTID": 261.0, "lganame": "Ika North East", "statecode": "DE", "LGA_UID": "10_07" }, "geometry": { "type": "MultiPolygon", "coordinates": [ [ [ [ 6.375341891946562, 6.239600181716469 ], [ 6.379480838758752, 6.226459025787676 ], [ 6.382933140104456, 6.21469783779645 ], [ 6.385693072979677, 6.205706119687022 ], [ 6.389819144783189, 6.195337771642244 ], [ 6.385787964044198, 6.184208870080681 ], [ 6.376980782060116, 6.176506995847603 ], [ 6.36613798069294, 6.168095112132107 ], [ 6.353943825407555, 6.157590865994962 ], [ 6.34375190748267, 6.155426978524702 ], [ 6.343791961509851, 6.146410942398745 ], [ 6.345199108465977, 6.136021137339355 ], [ 6.347280978880462, 6.126328944753936 ], [ 6.338462829888954, 6.121401787406171 ], [ 6.328269004962749, 6.119929790406047 ], [ 6.317399978577726, 6.117064953459533 ], [ 6.30178213096616, 6.112081051073176 ], [ 6.290907859577601, 6.11060380906946 ], [ 6.280048847199396, 6.105659007709733 ], [ 6.265138149068321, 6.094439030086278 ], [ 6.254951954147259, 6.090887069672874 ], [ 6.244044780736317, 6.097036838851352 ], [ 6.236527919628998, 6.105297089463818 ], [ 6.229016780525512, 6.112168789132795 ], [ 6.220139980494139, 6.120417117737134 ], [ 6.217380046618928, 6.129408835846618 ], [ 6.210546016975513, 6.13698100999153 ], [ 6.201663016939904, 6.146615981538048 ], [ 6.195490836746217, 6.158352851512689 ], [ 6.192721843864831, 6.16942596403635 ], [ 6.181831837465552, 6.171415806388381 ], [ 6.172983170453335, 6.173422812752051 ], [ 6.162112236067003, 6.171251774276925 ], [ 6.153229237031439, 6.180885791822789 ], [ 6.162014008000313, 6.193441868354057 ], [ 6.168767928589261, 6.203900814460383 ], [ 6.176898003113251, 6.210903168218181 ], [ 6.181623936324286, 6.218571186428221 ], [ 6.184975146601289, 6.229693889985583 ], [ 6.191729069190274, 6.240152836091966 ], [ 6.208725928738829, 6.240987777659257 ], [ 6.217555045737811, 6.243834971593799 ], [ 6.229093074577349, 6.248785018957108 ], [ 6.241989136339612, 6.254440783799964 ], [ 6.24610614813696, 6.246152878168687 ], [ 6.248200892560249, 6.23368787769931 ], [ 6.250969887441613, 6.222614765175649 ], [ 6.259102820967598, 6.228923798462347 ], [ 6.267220020482853, 6.238699913104767 ], [ 6.274651050531872, 6.249857902686074 ], [ 6.281414986127629, 6.258235931378579 ], [ 6.284070014931615, 6.272820950288406 ], [ 6.280618190586267, 6.284582138279575 ], [ 6.273789882946744, 6.290765762481044 ], [ 6.262197018069912, 6.298297881598785 ], [ 6.254680156962593, 6.306557178210596 ], [ 6.246644019502412, 6.312650204350518 ], [ 6.253943920462348, 6.319034099688054 ], [ 6.261365890505203, 6.33227205268264 ], [ 6.270836829940265, 6.343445778274656 ], [ 6.281655788291232, 6.357406138760041 ], [ 6.29031801217684, 6.361868381791965 ], [ 6.298853396976199, 6.363378047817662 ], [ 6.304602622882555, 6.365047454951991 ], [ 6.307765484031563, 6.365965842575974 ], [ 6.312781334439592, 6.367324829499353 ], [ 6.319386958927794, 6.371263027175189 ], [ 6.322375297958274, 6.373044968385898 ], [ 6.324658870509836, 6.373845576929909 ], [ 6.331655502263686, 6.376447677697911 ], [ 6.336294651415812, 6.378173350870384 ], [ 6.34158611301109, 6.378413677033677 ], [ 6.349565983433024, 6.378776073279937 ], [ 6.357560157864725, 6.384293556028808 ], [ 6.362289429078032, 6.384438992127627 ], [ 6.36385822314395, 6.376121044475951 ], [ 6.368660927407177, 6.366452216906453 ], [ 6.374145031133367, 6.356789112340834 ], [ 6.378266810933894, 6.347114085767089 ], [ 6.38309192721232, 6.332591056899389 ], [ 6.38790416748202, 6.320841788916312 ], [ 6.391353129825461, 6.30977487639683 ], [ 6.389379978484783, 6.294501781019505 ], [ 6.383993148824686, 6.282668113979071 ], [ 6.377909183690917, 6.274295807290514 ], [ 6.373191833485691, 6.264547824667204 ], [ 6.371198177131078, 6.25412893258806 ], [ 6.375341891946562, 6.239600181716469 ] ] ] ] } },
{ "type": "Feature", "properties": { "fid": 268.0, "OBJECTID": 268.0, "lganame": "Ndokwa East", "statecode": "DE", "LGA_UID": "10_11" }, "geometry": { "type": "MultiPolygon", "coordinates": [ [ [ [ 6.719857216028515, 5.992121219566116 ], [ 6.716506003751533, 5.98099708600779 ], [ 6.715875149322926, 5.969895840465028 ], [ 6.71321296651405, 5.95669794149768 ], [ 6.708522797327305, 5.940709113634 ], [ 6.703824997135371, 5.92679977418328 ], [ 6.697762012015858, 5.913572788196177 ], [ 6.68831586759768, 5.896851062834514 ], [ 6.679429053559488, 5.888180732943454 ], [ 6.674054145907519, 5.873847961205001 ], [ 6.660915851980633, 5.856529236437723 ], [ 6.657929896951828, 5.840404510481733 ], [ 6.650763512082619, 5.817113399656535 ], [ 6.651957511893897, 5.79860019707769 ], [ 6.654832839847529, 5.779374123014463 ], [ 6.654868125871474, 5.771530150684839 ], [ 6.643630028235748, 5.747325420238894 ], [ 6.63362026243459, 5.73003578249137 ], [ 6.618292809020261, 5.71690607057036 ], [ 6.61345291073178, 5.702041149470347 ], [ 6.614049435137133, 5.690699576764302 ], [ 6.606566906053104, 5.680008887500435 ], [ 6.60645008097373, 5.670234202859035 ], [ 6.608761310544082, 5.666173458099934 ], [ 6.612325190965578, 5.659912108845617 ], [ 6.617293835341513, 5.651000022790299 ], [ 6.621345997094807, 5.64256477405894 ], [ 6.617601394550491, 5.63151931755408 ], [ 6.613107204496941, 5.626679420265589 ], [ 6.608144760125185, 5.621254920579929 ], [ 6.603773594155143, 5.61492586127963 ], [ 6.602045058980707, 5.607666016346855 ], [ 6.601007938276041, 5.596949577065573 ], [ 6.59616804098755, 5.587615489723476 ], [ 6.593402386108437, 5.580010413556181 ], [ 6.591673850933944, 5.574479102797909 ], [ 6.587871552350464, 5.567911148335327 ], [ 6.584760189236476, 5.561688423107285 ], [ 6.579228878478204, 5.559268475463 ], [ 6.56885814743174, 5.553391457469843 ], [ 6.555376053271289, 5.552354812765543 ], [ 6.542584895580319, 5.549243449651499 ], [ 6.530831336594304, 5.531958579907212 ], [ 6.533251286238567, 5.50983381287449 ], [ 6.536935805742019, 5.491936206713888 ], [ 6.537696838259137, 5.478425025533681 ], [ 6.538163661576277, 5.475804328753043 ], [ 6.536655902551843, 5.469583987526619 ], [ 6.534836769315859, 5.458974361317871 ], [ 6.524530411313151, 5.438663959517896 ], [ 6.517558097575773, 5.434420108634413 ], [ 6.512404442074114, 5.428660392720985 ], [ 6.508820533639039, 5.425673961691814 ], [ 6.505941390682779, 5.425829410797462 ], [ 6.499718666454726, 5.426520824267243 ], [ 6.494187354696464, 5.425137997327681 ], [ 6.489347935408318, 5.422718524683773 ], [ 6.483125210180276, 5.420644283274385 ], [ 6.476556777717292, 5.404050826999935 ], [ 6.485476970778166, 5.379205227118518 ], [ 6.495871066840493, 5.369657515631275 ], [ 6.500541210013637, 5.351987838625575 ], [ 6.502585888402848, 5.338941096760948 ], [ 6.493019103902668, 5.328299521530482 ], [ 6.493532181251283, 5.326040744995737 ], [ 6.490166663964601, 5.324021338623652 ], [ 6.473052979336671, 5.321882248170255 ], [ 6.450234889832814, 5.32758665104609 ], [ 6.434547424173957, 5.323307991138961 ], [ 6.425990582359987, 5.311185836902553 ], [ 6.408876895732021, 5.304768561542289 ], [ 6.393188953072809, 5.306907653995722 ], [ 6.380353928352008, 5.309046745449109 ], [ 6.362527370239718, 5.31403827684062 ], [ 6.347552776065186, 5.320456028201193 ], [ 6.338832378140069, 5.31991100283085 ], [ 6.337697506368954, 5.324871063200987 ], [ 6.335750103045825, 5.331867694954894 ], [ 6.334471703177201, 5.337456702752377 ], [ 6.333847522753103, 5.340943813121669 ], [ 6.33183956138879, 5.345168590992216 ], [ 6.331959724470437, 5.350712775759234 ], [ 6.331380844077103, 5.356278895541152 ], [ 6.330087662198423, 5.361174582867534 ], [ 6.329478263784381, 5.365355014707916 ], [ 6.328929424411456, 5.372307301431704 ], [ 6.328320502997713, 5.376487255271797 ], [ 6.329109668533931, 5.380622864081715 ], [ 6.331342697051184, 5.38679313727414 ], [ 6.334260464033662, 5.392247676980219 ], [ 6.336463450530459, 5.397031784230819 ], [ 6.337967395552369, 5.401838303496618 ], [ 6.340869903524435, 5.406599997731973 ], [ 6.343072891021279, 5.411384105982563 ], [ 6.346024990027104, 5.413990497753446 ], [ 6.358295441364305, 5.433955669318834 ], [ 6.354885578047458, 5.438340187297911 ], [ 6.350014209737594, 5.443455218773352 ], [ 6.347042083718179, 5.448467255178798 ], [ 6.366652012042209, 5.436477184032128 ], [ 6.373417853639239, 5.444160938252878 ], [ 6.382266997651868, 5.442153930889219 ], [ 6.387166022980523, 5.439205169885668 ], [ 6.39249515460142, 5.435997962706494 ], [ 6.410205840635001, 5.429211140095163 ], [ 6.421772957494284, 5.427919865217802 ], [ 6.431972980424746, 5.428005219275803 ], [ 6.445410727555043, 5.430782318162699 ], [ 6.45268631049845, 5.437451362694048 ], [ 6.455414295352, 5.444120407225341 ], [ 6.455717563558039, 5.451395988168713 ], [ 6.453898430322056, 5.454427242228348 ], [ 6.449351311232476, 5.457761765494013 ], [ 6.445107460348993, 5.461096286759641 ], [ 6.430253506256406, 5.463218212201411 ], [ 6.424797057549029, 5.463218212201411 ], [ 6.422671318104676, 5.462580203767914 ], [ 6.416496753909371, 5.462580203767914 ], [ 6.407475470779843, 5.462315082587736 ], [ 6.400046348732076, 5.461784363227139 ], [ 6.388769627070076, 5.461784363227139 ], [ 6.385983467177027, 5.462580203767914 ], [ 6.384204387968225, 5.465530395772419 ], [ 6.384105205900823, 5.487939834998542 ], [ 6.384736061329477, 5.499041079541314 ], [ 6.38331508636395, 5.512897967956462 ], [ 6.377810000623526, 5.527416228820925 ], [ 6.374354839275895, 5.539869785282519 ], [ 6.368165016070236, 5.555768013084617 ], [ 6.364031792261869, 5.567523003071585 ], [ 6.355794906665324, 5.584791182804508 ], [ 6.349628925475827, 5.595141887837315 ], [ 6.335233211694572, 5.621375083661519 ], [ 6.327727794595035, 5.626860142388409 ], [ 6.325638771175647, 5.637938022915307 ], [ 6.340583801330069, 5.641530991356547 ], [ 6.353500843106588, 5.642331122900202 ], [ 6.364359856484782, 5.647275925259976 ], [ 6.375199794850005, 5.656382084447159 ], [ 6.391480922912251, 5.665532111664163 ], [ 6.405072212146933, 5.667726040154832 ], [ 6.41799783692926, 5.666446209285255 ], [ 6.426571368754594, 5.670458794011608 ], [ 6.429947376048403, 5.677210330598996 ], [ 6.434673786259793, 5.683962345186671 ], [ 6.44952774035238, 5.686663151021719 ], [ 6.460070132515398, 5.686906815187285 ], [ 6.470458507573824, 5.691389561233109 ], [ 6.475184916785224, 5.702867508031829 ], [ 6.473159313408928, 5.714345931830849 ], [ 6.460330962692638, 5.721097946418524 ], [ 6.44952774035238, 5.72717428154715 ], [ 6.444214820742502, 5.735319138081195 ], [ 6.438742161024038, 5.742901802233234 ], [ 6.436648845601781, 5.754673004231222 ], [ 6.437953949488531, 5.767167090720363 ], [ 6.436552047535997, 5.776864052309008 ], [ 6.436487198491932, 5.791427135203946 ], [ 6.438471793840336, 5.803925990696314 ], [ 6.443194866049453, 5.812286854377135 ], [ 6.453359126955604, 5.82069301608874 ], [ 6.461472988468586, 5.831162930202538 ], [ 6.466876030139701, 5.83952999088757 ], [ 6.472947121264724, 5.850676060460785 ], [ 6.476984978008261, 5.860417843079858 ], [ 6.477623940442413, 5.869439125209396 ], [ 6.471470833261662, 5.877016068357591 ], [ 6.46192884377831, 5.881791114601981 ], [ 6.449660778442762, 5.887929915773043 ], [ 6.442805766785114, 5.900355816215836 ], [ 6.447514056984176, 5.912183762252369 ], [ 6.454936028027021, 5.925422192247254 ], [ 6.45897912977415, 5.933777808924503 ], [ 6.463006972510868, 5.94560098595781 ], [ 6.469742775087525, 5.960218905889974 ], [ 6.475131034748586, 5.972054004931408 ], [ 6.479153156481459, 5.985262870906183 ], [ 6.488647937932683, 5.990890025729584 ], [ 6.504289149560179, 5.991020202818049 ], [ 6.516522883872426, 5.992508887829501 ], [ 6.527388096254811, 5.996067047247152 ], [ 6.536911010725191, 5.995451926829162 ], [ 6.551870822889668, 5.995576858914092 ], [ 6.566829205053182, 5.996395111470008 ], [ 6.583160877149794, 5.993756770677408 ], [ 6.596765041393155, 5.993175983282811 ], [ 6.607642173783688, 5.993960856816045 ], [ 6.617149830243704, 5.996813773754468 ], [ 6.624592781300805, 6.005198002451209 ], [ 6.632717132820915, 6.013586998151084 ], [ 6.643623829231501, 6.007435798971642 ], [ 6.658599854407043, 6.004094123701122 ], [ 6.671523094187762, 6.00350809130299 ], [ 6.68307685903801, 6.004991055310597 ], [ 6.699407101133659, 6.00304603598903 ], [ 6.706234931772826, 5.99686098078655 ], [ 6.719857216028515, 5.992121219566116 ] ] ] ] } },
{ "type": "Feature", "properties": { "fid": 555.0, "OBJECTID": 555.0, "lganame": "Oshimili South", "statecode": "DE", "LGA_UID": "10_15" }, "geometry": { "type": "MultiPolygon", "coordinates": [ [ [ [ 6.762889385266874, 6.185385703880229 ], [ 6.767301083264385, 6.18183612846849 ], [ 6.769402026691921, 6.167984009056624 ], [ 6.766045094411027, 6.158246994440788 ], [ 6.764783858554097, 6.155804633781315 ], [ 6.760651111746085, 6.147799969342543 ], [ 6.757986068935281, 6.135294913845939 ], [ 6.756189345714517, 6.125429153142591 ], [ 6.755804062452739, 6.123312472704413 ], [ 6.755330086130698, 6.120709895936102 ], [ 6.749240874993347, 6.113724232189668 ], [ 6.737713814161225, 6.105999946941381 ], [ 6.722111224560024, 6.097548008198657 ], [ 6.71331596358408, 6.087072849081267 ], [ 6.709276198839234, 6.078023910932984 ], [ 6.716826915969591, 6.062137127138612 ], [ 6.725058078562256, 6.046256065348189 ], [ 6.726493834537791, 6.028930186576076 ], [ 6.724527836202014, 6.012269974256242 ], [ 6.719857216028515, 5.992121219566116 ], [ 6.706234931772826, 5.99686098078655 ], [ 6.699407101133659, 6.00304603598903 ], [ 6.68307685903801, 6.004991055310597 ], [ 6.671523094187762, 6.00350809130299 ], [ 6.658599854407043, 6.004094123701122 ], [ 6.643623829231501, 6.007435798971642 ], [ 6.632717132820915, 6.013586998151084 ], [ 6.624592781300805, 6.005198002451209 ], [ 6.617149830243704, 5.996813773754468 ], [ 6.607642173783688, 5.993960856816045 ], [ 6.596765041393155, 5.993175983282811 ], [ 6.583160877149794, 5.993756770677408 ], [ 6.566829205053182, 5.996395111470008 ], [ 6.569506167872078, 6.006125927081655 ], [ 6.571490765220517, 6.018624782574022 ], [ 6.572807789115359, 6.028345108178542 ], [ 6.572084903624216, 6.038046836770434 ], [ 6.567965030824951, 6.047029017873399 ], [ 6.56450986947732, 6.059483051335349 ], [ 6.567190170298431, 6.068520069475539 ], [ 6.572596072971521, 6.076192855688873 ], [ 6.581424235969848, 6.079041003624013 ], [ 6.593660831284012, 6.079835892164112 ], [ 6.605230808145279, 6.077851771816029 ], [ 6.616117000541919, 6.076554774934777 ], [ 6.629046917327173, 6.074583053595063 ], [ 6.637837887300236, 6.085752010183853 ], [ 6.646623135269408, 6.098307132714467 ], [ 6.645172596283828, 6.101227282698574 ], [ 6.647067069571051, 6.10209655828919 ], [ 6.649195194017011, 6.103415489185352 ], [ 6.653450965908632, 6.106053828977963 ], [ 6.656263350819472, 6.106657505388171 ], [ 6.663271426581161, 6.107127189707285 ], [ 6.670279503342783, 6.107597351026754 ], [ 6.688491820717218, 6.108403205574291 ], [ 6.692063332143903, 6.111756324852536 ], [ 6.694920540085207, 6.114439486675622 ], [ 6.699920654482582, 6.119133948865283 ], [ 6.713244914535778, 6.152689456664689 ], [ 6.714019299061931, 6.156132221003872 ], [ 6.709259509827859, 6.162525177347618 ], [ 6.706507682958147, 6.164693355820759 ], [ 6.703071116623164, 6.167576789779957 ], [ 6.698965072833289, 6.171868800696132 ], [ 6.693490982113929, 6.177591323584352 ], [ 6.690114974820062, 6.183246613426832 ], [ 6.687438011001177, 6.188879967254422 ], [ 6.705814838487413, 6.261802196801682 ], [ 6.725022315537956, 6.265763283493072 ], [ 6.726152897306122, 6.259857178480104 ], [ 6.731006144603725, 6.239092827371735 ], [ 6.735824107877306, 6.225955963445813 ], [ 6.742698192547891, 6.209370136176574 ], [ 6.75365209599056, 6.192818164930259 ], [ 6.762889385266874, 6.185385703880229 ] ] ] ] } },
{ "type": "Feature", "properties": { "fid": 556.0, "OBJECTID": 556.0, "lganame": "Oshimili North", "statecode": "DE", "LGA_UID": "10_14" }, "geometry": { "type": "MultiPolygon", "coordinates": [ [ [ [ 6.725022315537956, 6.265763283493072 ], [ 6.705814838487413, 6.261802196801682 ], [ 6.687438011001177, 6.188879967254422 ], [ 6.690114974820062, 6.183246613426832 ], [ 6.693490982113929, 6.177591323584352 ], [ 6.698965072833289, 6.171868800696132 ], [ 6.703071116623164, 6.167576789779957 ], [ 6.706507682958147, 6.164693355820759 ], [ 6.709259509827859, 6.162525177347618 ], [ 6.714019299061931, 6.156132221003872 ], [ 6.713244914535778, 6.152689456664689 ], [ 6.699920654482582, 6.119133948865283 ], [ 6.694920540085207, 6.114439486675622 ], [ 6.692063332143903, 6.111756324852536 ], [ 6.688491820717218, 6.108403205574291 ], [ 6.670279503342783, 6.107597351026754 ], [ 6.663271426581161, 6.107127189707285 ], [ 6.656263350819472, 6.106657505388171 ], [ 6.653450965908632, 6.106053828977963 ], [ 6.649195194017011, 6.103415489185352 ], [ 6.647067069571051, 6.10209655828919 ], [ 6.645172596283828, 6.101227282698574 ], [ 6.641133784539647, 6.109356880222265 ], [ 6.631574154044358, 6.118292809293791 ], [ 6.619986057170763, 6.124437809469043 ], [ 6.610406875662193, 6.137534142367372 ], [ 6.610366820634965, 6.14654922549272 ], [ 6.608967780684395, 6.155552863610239 ], [ 6.606887817271115, 6.164550780723914 ], [ 6.608201981164029, 6.174963950799167 ], [ 6.610161781495663, 6.193010807061171 ], [ 6.616249083631658, 6.200689793278684 ], [ 6.625040053604721, 6.21185779586682 ], [ 6.629747867803474, 6.223687171904317 ], [ 6.634452820000263, 6.236208916412238 ], [ 6.626245975424069, 6.246541977433083 ], [ 6.615320206000547, 6.256854057439625 ], [ 6.607806205895145, 6.264420032580347 ], [ 6.601648807711456, 6.272689819199286 ], [ 6.594122886597972, 6.283030033224975 ], [ 6.581527233039822, 6.291166781753532 ], [ 6.573599814653505, 6.31059789695604 ], [ 6.566765785010091, 6.318170071101008 ], [ 6.566042899518948, 6.327871798692854 ], [ 6.569382190787849, 6.341770172136137 ], [ 6.572732925064486, 6.352892875693499 ], [ 6.572659016014256, 6.369535923001649 ], [ 6.574637890358815, 6.383421898436552 ], [ 6.574593067328351, 6.393824099504343 ], [ 6.576590060685248, 6.403550148112743 ], [ 6.579260826499876, 6.414668082666878 ], [ 6.577855109544771, 6.425057887726268 ], [ 6.574409008203304, 6.435431003774283 ], [ 6.570931910840784, 6.452740191535042 ], [ 6.571571827275591, 6.461760997664271 ], [ 6.571531773248353, 6.470775126788965 ], [ 6.570803164753329, 6.481864929323933 ], [ 6.574267387107056, 6.491602420940126 ], [ 6.575504779947835, 6.495079994302955 ], [ 6.585692882870148, 6.497939110245625 ], [ 6.59724998472268, 6.498727797781498 ], [ 6.608807086575212, 6.499517918318361 ], [ 6.618899822432752, 6.496518612280454 ], [ 6.622426032828628, 6.495471000568671 ], [ 6.632654189778179, 6.489315033385935 ], [ 6.646256924020577, 6.488733767990993 ], [ 6.649354458125231, 6.490977763515673 ], [ 6.656365394888837, 6.496057509967159 ], [ 6.659813881231912, 6.498556136664831 ], [ 6.66892099441975, 6.50123405548436 ], [ 6.671113490909477, 6.484836578343049 ], [ 6.673863887778225, 6.468333244129838 ], [ 6.681765079146714, 6.455741881574568 ], [ 6.685224056496907, 6.442595004641873 ], [ 6.688670157838374, 6.432221888593858 ], [ 6.692131042189885, 6.418381214189765 ], [ 6.694902897073234, 6.406614780195014 ], [ 6.697680949960784, 6.393462181258428 ], [ 6.699773788382799, 6.381690025259843 ], [ 6.70731210650473, 6.36857700335014 ], [ 6.712820053247128, 6.353365898014886 ], [ 6.71492385867657, 6.338819981131621 ], [ 6.717024803104039, 6.324967860719767 ], [ 6.718441010066272, 6.312497139246489 ], [ 6.719175815565563, 6.300021171769686 ], [ 6.721268176987223, 6.288249015771044 ], [ 6.723369122414681, 6.274396896359178 ], [ 6.725022315537956, 6.265763283493072 ] ] ] ] } }
]
}
