{
"type": "FeatureCollection",
"name": "Edo",
"crs": { "type": "name", "properties": { "name": "urn:ogc:def:crs:OGC:1.3:CRS84" } },
"features": [
{ "type": "Feature", "properties": { "fid": 10.0, "OBJECTID": 10.0, "lganame": "Oredo", "statecode": "ED", "LGA_UID": "12_12" }, "geometry": { "type": "MultiPolygon", "coordinates": [ [ [ [ 5.462244986540099, 6.099954127833541 ], [ 5.464033126755055, 6.108284950493896 ], [ 5.46582317397133, 6.115692138526754 ], [ 5.468516826801533, 6.124032021193329 ], [ 5.470304012015845, 6.132362842853695 ], [ 5.472091198230146, 6.140694140514427 ], [ 5.476563931269197, 6.160136222724418 ], [ 5.478351116483509, 6.16846704538483 ], [ 5.480128764691301, 6.179568767927947 ], [ 5.485517979353006, 6.196248055260696 ], [ 5.488214016184884, 6.203663826299362 ], [ 5.49091100701736, 6.211080074338383 ], [ 5.495416164078392, 6.220359801643497 ], [ 5.499020099527058, 6.227785109688682 ], [ 5.503532886593291, 6.23429393811108 ], [ 5.507143021046204, 6.239871024900481 ], [ 5.515263080563443, 6.252881049740154 ], [ 5.519779204631902, 6.258465766534698 ], [ 5.526996135535512, 6.270544051741354 ], [ 5.528797149759214, 6.274256229263585 ], [ 5.52878808975305, 6.277204037266472 ], [ 5.536030768674095, 6.280790805703532 ], [ 5.542373179983485, 6.282699108000145 ], [ 5.545990944441542, 6.285503863905831 ], [ 5.551420212130495, 6.289250851451754 ], [ 5.558637142034058, 6.301329135658364 ], [ 5.560441017259734, 6.304117202552732 ], [ 5.569474220397353, 6.315288067142831 ], [ 5.572185993239884, 6.318085194043306 ], [ 5.576711178314497, 6.320899009955156 ], [ 5.581239223391094, 6.322790146240095 ], [ 5.586665154077764, 6.32745981241294 ], [ 5.588467121302131, 6.331171988935182 ], [ 5.590271949528415, 6.333961009830205 ], [ 5.591166973136581, 6.337664127346272 ], [ 5.5920619957447, 6.341368197863005 ], [ 5.592954159350882, 6.345994949006695 ], [ 5.596570014807696, 6.349724769540956 ], [ 5.600187778265763, 6.35253000344693 ], [ 5.605619906956633, 6.355352879364943 ], [ 5.611061095653668, 6.355403900399608 ], [ 5.617411136968258, 6.354540824813228 ], [ 5.622851848664936, 6.354591845847892 ], [ 5.628293037361971, 6.354643821883201 ], [ 5.632823944440531, 6.355609893539565 ], [ 5.637354850519046, 6.35657692019663 ], [ 5.639160155745685, 6.359364986091009 ], [ 5.641864776583304, 6.36400985724697 ], [ 5.644565105418053, 6.370501994658071 ], [ 5.646389960657984, 6.36682510415983 ], [ 5.64821577089856, 6.363146781660532 ], [ 5.649134158522543, 6.359459877155473 ], [ 5.648239135914423, 6.355757235639715 ], [ 5.641911982615397, 6.349229813204602 ], [ 5.637392997544964, 6.344567776036968 ], [ 5.636500834938772, 6.339941024893335 ], [ 5.634705066718652, 6.334381104115607 ], [ 5.633814812113769, 6.328829765343755 ], [ 5.631114960279319, 6.322338103932964 ], [ 5.629313946055618, 6.318625927410721 ], [ 5.628425121451698, 6.313075065639168 ], [ 5.628438950461089, 6.30845594350069 ], [ 5.629368782092911, 6.301074982485659 ], [ 5.628482819490898, 6.294600010086242 ], [ 5.627591132885073, 6.289971827941599 ], [ 5.628527163521028, 6.280743121671151 ], [ 5.631279945391441, 6.270606994784146 ], [ 5.631299973405021, 6.264141083390825 ], [ 5.632225037033606, 6.258606910630647 ], [ 5.630432128815357, 6.252123833225653 ], [ 5.629553795218612, 6.242877006942877 ], [ 5.627758979999101, 6.237318039165814 ], [ 5.624148845546188, 6.23174095237647 ], [ 5.621446132709821, 6.226171969592599 ], [ 5.617829800252707, 6.222443104059039 ], [ 5.615109921404667, 6.222416878041201 ], [ 5.606956958865112, 6.219569206106314 ], [ 5.600609778552496, 6.219509125065542 ], [ 5.593358993625941, 6.218515873390629 ], [ 5.590638160777246, 6.218491077373812 ], [ 5.583390235852619, 6.216574192071391 ], [ 5.578862189776032, 6.214684009787106 ], [ 5.576147078931228, 6.212810992514449 ], [ 5.570724010246522, 6.20721721571374 ], [ 5.568017960407872, 6.20257186855747 ], [ 5.564420222963406, 6.193299770257511 ], [ 5.560824870520548, 6.183104992330641 ], [ 5.558123111684779, 6.17753601054676 ], [ 5.553612231619866, 6.170103073496421 ], [ 5.547290802324767, 6.161728858806555 ], [ 5.541888236653961, 6.149669169612537 ], [ 5.539187907819212, 6.143177032201436 ], [ 5.53739499960102, 6.136693000795844 ], [ 5.534698008768544, 6.129277228757189 ], [ 5.531097889322439, 6.120928764084795 ], [ 5.526584148255552, 6.11441993666233 ], [ 5.52568578664517, 6.111639976773517 ], [ 5.522077084193199, 6.106062888984127 ], [ 5.520284175975007, 6.099579810579201 ], [ 5.514861107290301, 6.093986033778492 ], [ 5.511241912831224, 6.091179847871786 ], [ 5.507615089366993, 6.091145991848805 ], [ 5.504890918516026, 6.092042923458223 ], [ 5.497622012577153, 6.096593856550385 ], [ 5.4921789168788, 6.097465992142929 ], [ 5.484927176951601, 6.096474171469026 ], [ 5.479492187258813, 6.09457397517798 ], [ 5.4767689704085, 6.095471858788017 ], [ 5.470416069091982, 6.097259998002983 ], [ 5.466783046623505, 6.099072933234766 ], [ 5.462244986540099, 6.099954127833541 ] ] ] ] } },
{ "type": "Feature", "properties": { "fid": 14.0, "OBJECTID": 14.0, "lganame": "Esan North-East", "statecode": "ED", "LGA_UID": "12_04" }, "geometry": { "type": "MultiPolygon", "coordinates": [ [ [ [ 6.487065791857674, 6.922283172567461 ], [ 6.488883972093049, 6.920760154532616 ], [ 6.492527007568356, 6.916174889417164 ], [ 6.496164799040059, 6.912515162930561 ], [ 6.501617907745185, 6.9088721284553 ], [ 6.505257130217842, 6.905210017967022 ], [ 6.508902072694411, 6.899703026225325 ], [ 6.512543201168398, 6.895118237110182 ], [ 6.516184806642684, 6.890532969994695 ], [ 6.518919944501079, 6.885941028874697 ], [ 6.521652222357545, 6.882270813380956 ], [ 6.522571086981884, 6.878584861876504 ], [ 6.522580146988048, 6.875813006993155 ], [ 6.523498057611732, 6.87212705648875 ], [ 6.52532577485357, 6.867526054362543 ], [ 6.527153969095707, 6.862924099235727 ], [ 6.52808189372621, 6.856465815847628 ], [ 6.525371074884333, 6.853669166947441 ], [ 6.523573874663214, 6.848108768169425 ], [ 6.522687912061258, 6.841633796769997 ], [ 6.52271509207975, 6.833321095121903 ], [ 6.523633002703377, 6.829634189616797 ], [ 6.524550915327097, 6.825948238112403 ], [ 6.526391982577991, 6.817650795474663 ], [ 6.527313232203937, 6.813041210342703 ], [ 6.528234004829585, 6.808431149210378 ], [ 6.529156208456186, 6.803821087078063 ], [ 6.530076981081777, 6.799210071945083 ], [ 6.530869960620578, 6.793375968981081 ], [ 6.526467799629529, 6.793632984155693 ], [ 6.517399788468197, 6.793547153097393 ], [ 6.508337975311122, 6.791614055783953 ], [ 6.497465133923583, 6.788740157831228 ], [ 6.491119861612276, 6.787755966162536 ], [ 6.482964993071391, 6.785830974854605 ], [ 6.472088813681523, 6.783881186529811 ], [ 6.463025092523196, 6.782870769843271 ], [ 6.455772876595631, 6.781877995168713 ], [ 6.446713924440473, 6.77902078622742 ], [ 6.436745166667208, 6.777079104908125 ], [ 6.431306838972091, 6.77610397324554 ], [ 6.430427074374336, 6.767782210591292 ], [ 6.429543017773653, 6.760383128564001 ], [ 6.428662777175589, 6.752059936908779 ], [ 6.430509090430064, 6.741917133017182 ], [ 6.432340144674185, 6.736391068262492 ], [ 6.434171199918296, 6.730865001507823 ], [ 6.434188842930268, 6.725323199742434 ], [ 6.4351129525582, 6.719789027982188 ], [ 6.429689883873493, 6.71419477518117 ], [ 6.419714928095971, 6.714099884116706 ], [ 6.407927036086619, 6.713988781041223 ], [ 6.397047996694823, 6.712962151343675 ], [ 6.383458138461151, 6.709137916745249 ], [ 6.373497962693705, 6.704424857542961 ], [ 6.365359783164195, 6.69695806546963 ], [ 6.353619099186915, 6.682065964351125 ], [ 6.350906849344085, 6.67926883745065 ], [ 6.347293853889255, 6.67461586028918 ], [ 6.342772006816858, 6.670877933749409 ], [ 6.337339878125988, 6.668055057831396 ], [ 6.339166164366873, 6.6643772133325 ], [ 6.328289985976994, 6.662425995006743 ], [ 6.321023941040039, 6.666052818470973 ], [ 6.31013584064209, 6.667798041656795 ], [ 6.301978111099345, 6.666796206976073 ], [ 6.291101932709466, 6.66484594265097 ], [ 6.284758091399112, 6.663862227982577 ], [ 6.282042979554319, 6.661989211709965 ], [ 6.277521133481969, 6.658250809169886 ], [ 6.273900032021572, 6.656369208891419 ], [ 6.26938104595115, 6.651707171723785 ], [ 6.264313220507802, 6.648426056494429 ], [ 6.263032912637868, 6.651647090682957 ], [ 6.262112141012267, 6.656257152815272 ], [ 6.261196136389856, 6.659019946692467 ], [ 6.259370804149682, 6.662697792191409 ], [ 6.257538794904917, 6.668222903945434 ], [ 6.255713939664986, 6.671901226444675 ], [ 6.252071857190344, 6.676486014559828 ], [ 6.250240802946223, 6.682011127313899 ], [ 6.249326229324822, 6.68477296819043 ], [ 6.248401164696304, 6.690308093951273 ], [ 6.249299049306387, 6.693088054840132 ], [ 6.24927902229274, 6.699553013232787 ], [ 6.247449875049938, 6.704154968359603 ], [ 6.245625018810017, 6.707832812858499 ], [ 6.24109077472923, 6.707789897829343 ], [ 6.241961956321177, 6.71888399136725 ], [ 6.241044043697457, 6.722569941871711 ], [ 6.239215851455299, 6.727171897998517 ], [ 6.238286017823555, 6.734552860013537 ], [ 6.240085125045937, 6.739190102164343 ], [ 6.244606018117679, 6.742928027704068 ], [ 6.251852989041652, 6.745768069633755 ], [ 6.258193970350078, 6.747674941929347 ], [ 6.265445232276932, 6.74866819360426 ], [ 6.274501801430461, 6.752449036173118 ], [ 6.285375117818376, 6.755322933125797 ], [ 6.296249866207233, 6.757273197450957 ], [ 6.304410933752308, 6.757349967503103 ], [ 6.314389228532093, 6.756521224940002 ], [ 6.324360847307332, 6.757538794631387 ], [ 6.336154938320874, 6.755804062452739 ], [ 6.347035884713932, 6.755907058522723 ], [ 6.3579120641038, 6.757856845847471 ], [ 6.366066932644685, 6.759781837155458 ], [ 6.375123977798523, 6.763563155724682 ], [ 6.377831935638426, 6.767282963252114 ], [ 6.377822875632262, 6.770054817135417 ], [ 6.377802848618671, 6.776521205529036 ], [ 6.378692150222889, 6.782073021301244 ], [ 6.380487919443055, 6.787631989078307 ], [ 6.378615856171052, 6.80608987761957 ], [ 6.379269122614915, 6.813684939780046 ], [ 6.383130074238238, 6.812599182042334 ], [ 6.391294002785287, 6.81175279646726 ], [ 6.394013881633271, 6.811779022485098 ], [ 6.398548125714115, 6.811820983513599 ], [ 6.406685829243315, 6.819289206587882 ], [ 6.412099837921858, 6.827653885271275 ], [ 6.416615962990363, 6.83324003206684 ], [ 6.424746036514364, 6.843479156023818 ], [ 6.429246901572469, 6.853682994956841 ], [ 6.437373161093888, 6.864844798540787 ], [ 6.445498942614961, 6.876008034125675 ], [ 6.451819896909797, 6.884380816814598 ], [ 6.45543003136271, 6.889957904603932 ], [ 6.459939957426968, 6.897390841654271 ], [ 6.464454174494165, 6.90390110007769 ], [ 6.472586155019485, 6.913216114406794 ], [ 6.478009223704191, 6.918808937206848 ], [ 6.481624126160341, 6.922539233741418 ], [ 6.483428955386614, 6.925326823635487 ], [ 6.487065791857674, 6.922283172567461 ] ] ] ] } },
{ "type": "Feature", "properties": { "fid": 19.0, "OBJECTID": 19.0, "lganame": "Etsako East", "statecode": "ED", "LGA_UID": "12_08" }, "geometry": { "type": "MultiPolygon", "coordinates": [ [ [ [ 6.485763072972588, 7.341996192742727 ], [ 6.488789082028575, 7.3389091486452 ], [ 6.492205143349622, 7.336550236042456 ], [ 6.494472026889866, 7.334198952444865 ], [ 6.497326850829609, 7.33301019663719 ], [ 6.499551773341352, 7.327163218664396 ], [ 6.499508858312197, 7.323666096288264 ], [ 6.498898982897799, 7.320755959310986 ], [ 6.498295784487937, 7.318428992729935 ], [ 6.499925136595039, 7.310838222572329 ], [ 6.499845981541228, 7.304427147216302 ], [ 6.499228954121975, 7.300933837842763 ], [ 6.499760151482917, 7.297431946463405 ], [ 6.499695778439161, 7.292187213899865 ], [ 6.501359939569909, 7.287509917721877 ], [ 6.503621101106262, 7.284576892729035 ], [ 6.505873202636451, 7.28106117234023 ], [ 6.508111954157584, 7.27638006215966 ], [ 6.50806903812844, 7.272881984782885 ], [ 6.508032799103773, 7.269968032802979 ], [ 6.511441231419667, 7.267024993803318 ], [ 6.514884948759516, 7.266996860784218 ], [ 6.525847912208349, 7.271571158892243 ], [ 6.529881000948649, 7.272704123662038 ], [ 6.537356853028086, 7.273808956412722 ], [ 6.544260024718483, 7.274919033166952 ], [ 6.556313037907955, 7.274819851099551 ], [ 6.56952190388273, 7.275294781422247 ], [ 6.632309913544248, 7.292852879352154 ], [ 6.637670040186208, 7.294764995651349 ], [ 6.669155120578864, 7.240518092793138 ], [ 6.674722195361426, 7.233437060981885 ], [ 6.678113936665909, 7.231635093757575 ], [ 6.683232784143968, 7.230389117910988 ], [ 6.685318469561082, 7.223532200252009 ], [ 6.690157412848919, 7.219573020561938 ], [ 6.693305015987562, 7.216998099812372 ], [ 6.697583674894702, 7.204161644090618 ], [ 6.700792789075138, 7.178488254646766 ], [ 6.70343017586714, 7.170575619270494 ], [ 6.707211018436055, 7.159233092563795 ], [ 6.711490154343494, 7.148535728295428 ], [ 6.71576881425068, 7.135699271573685 ], [ 6.71576881425068, 7.122821330823683 ], [ 6.71576881425068, 7.120723248398178 ], [ 6.711490154343494, 7.104677200495644 ], [ 6.690095424806771, 7.068306922783734 ], [ 6.683835505553475, 7.051613808441516 ], [ 6.677258968085027, 7.034075736525267 ], [ 6.677258968085027, 7.008402348081404 ], [ 6.678328513811721, 6.993426322905862 ], [ 6.679260254444785, 6.972002506349384 ], [ 6.660261630536127, 6.97931003631453 ], [ 6.655547142332864, 6.981461047776065 ], [ 6.650104045634521, 6.98233318336861 ], [ 6.641936779085256, 6.984103202571248 ], [ 6.630145073073322, 6.984914780122665 ], [ 6.622890949144505, 6.984847069076693 ], [ 6.616539954829307, 6.985710143663084 ], [ 6.611095905130355, 6.98658180225533 ], [ 6.602930068582054, 6.988352776458669 ], [ 6.594759941030816, 6.991045952288516 ], [ 6.591129779564312, 6.991936206893399 ], [ 6.58386707262963, 6.994637965729112 ], [ 6.577513218312447, 6.996426104944078 ], [ 6.571156978993713, 6.999136924785944 ], [ 6.561172962210037, 7.001813888604829 ], [ 6.556632996125359, 7.003619193831469 ], [ 6.551180840420841, 7.007262230306708 ], [ 6.544820786099478, 7.010897159776505 ], [ 6.541187762631012, 7.012710094008298 ], [ 6.537549019158689, 7.016370773495566 ], [ 6.532100201456444, 7.019091129343906 ], [ 6.528458117981813, 7.02367496545844 ], [ 6.527536869355913, 7.028285979591374 ], [ 6.529329776574116, 7.0347690579963 ], [ 6.529308795559814, 7.04123497038961 ], [ 6.532002926390362, 7.049574852056196 ], [ 6.532886981991055, 7.056972980082833 ], [ 6.534678936208593, 7.06345701248847 ], [ 6.536469936425476, 7.070864200521271 ], [ 6.53644895641122, 7.077331065915189 ], [ 6.53643512740183, 7.081949234053013 ], [ 6.535466193743503, 7.101339817228052 ], [ 6.531813145261424, 7.109619140853454 ], [ 6.528168200784876, 7.11512803959647 ], [ 6.523615836691761, 7.120626926332704 ], [ 6.5199651722113, 7.127983093330897 ], [ 6.516324042737324, 7.132566929445375 ], [ 6.510861874026034, 7.138981818803984 ], [ 6.507215022548166, 7.145413876174302 ], [ 6.50538301530338, 7.150938987928328 ], [ 6.499030112986873, 7.152727127143294 ], [ 6.492677211670411, 7.154513836357296 ], [ 6.48632907935712, 7.154454231316777 ], [ 6.479976177040612, 7.15624093953079 ], [ 6.474532127341661, 7.157114029123989 ], [ 6.468177795024189, 7.15890121533829 ], [ 6.460008144473306, 7.161594868168493 ], [ 6.450027942692202, 7.163348198359813 ], [ 6.440954207527056, 7.165110110556952 ], [ 6.431891918369672, 7.163177013243512 ], [ 6.424636841440133, 7.16310787219652 ], [ 6.414650916655205, 7.166707992642614 ], [ 6.408298016338676, 7.16849613185758 ], [ 6.401944160021571, 7.170282841071582 ], [ 6.39468097708658, 7.172986030908248 ], [ 6.388321876765872, 7.17662000737738 ], [ 6.376522063748439, 7.180203914812466 ], [ 6.365640163354669, 7.180100917742493 ], [ 6.358374119417761, 7.183728218207079 ], [ 6.351117134486969, 7.184583186787961 ], [ 6.346581936405528, 7.184539794758507 ], [ 6.33660221062479, 7.186293124949827 ], [ 6.329339026689752, 7.18899488378554 ], [ 6.317546843677519, 7.189806938337256 ], [ 6.310289859746774, 7.190661906918194 ], [ 6.303032874815983, 7.191517830499777 ], [ 6.292149067420951, 7.192337990057013 ], [ 6.283073902254785, 7.194099903254141 ], [ 6.273087978469846, 7.197700976700901 ], [ 6.264008999301097, 7.201310158153206 ], [ 6.25673294135737, 7.207706928499476 ], [ 6.26033401480413, 7.216054916171572 ], [ 6.262113094012932, 7.227158069715642 ], [ 6.265652180417533, 7.254905223568528 ], [ 6.267418860617909, 7.269701957622203 ], [ 6.268280983203681, 7.283566952042804 ], [ 6.269141196788155, 7.298356056091279 ], [ 6.270891189977192, 7.318696021911364 ], [ 6.269941807332145, 7.331620215692737 ], [ 6.267199039468551, 7.338984012696073 ], [ 6.266272067838713, 7.345441818083884 ], [ 6.266251086824468, 7.351908207477493 ], [ 6.26804399504266, 7.358391761882729 ], [ 6.270755767885191, 7.361188888783261 ], [ 6.276193141579654, 7.362164021445835 ], [ 6.280733108664322, 7.36036014622016 ], [ 6.285270213747083, 7.359478950621451 ], [ 6.290710926443808, 7.359529971656116 ], [ 6.295241832522322, 7.360496998313181 ], [ 6.304329871697234, 7.354115962977517 ], [ 6.310692787020514, 7.34955787688051 ], [ 6.315240860110748, 7.344982146771542 ], [ 6.320700168820053, 7.339490891040498 ], [ 6.323429107674258, 7.336744785174631 ], [ 6.327969073758936, 7.334940909949012 ], [ 6.333424091465361, 7.330372809845187 ], [ 6.337059974935812, 7.327637195986483 ], [ 6.34069299740429, 7.32582282975369 ], [ 6.345221043480876, 7.32771396603863 ], [ 6.348834037935717, 7.3323669432001 ], [ 6.350642204164274, 7.334230900466594 ], [ 6.352446079389949, 7.33701992036157 ], [ 6.358773231688929, 7.343545913795708 ], [ 6.364192963371408, 7.35006380122428 ], [ 6.368719101446686, 7.352879047137094 ], [ 6.372327804898646, 7.35845518092583 ], [ 6.375935078349585, 7.364955902342786 ], [ 6.376830100957704, 7.368659018858864 ], [ 6.381350040028792, 7.373322010027152 ], [ 6.384064197872931, 7.375195026299764 ], [ 6.387681961331054, 7.377999783205496 ], [ 6.391305922793379, 7.378958224856717 ], [ 6.3940238946401, 7.379908084502063 ], [ 6.39855480171866, 7.380875111159128 ], [ 6.402173996177737, 7.383679867064814 ], [ 6.405792235636113, 7.38648605297152 ], [ 6.413041114561395, 7.388401985273276 ], [ 6.417564868635111, 7.391215801185126 ], [ 6.421184063094188, 7.394021988091822 ], [ 6.422992229322745, 7.39588594435827 ], [ 6.428423882013249, 7.398708820276283 ], [ 6.432164191554648, 7.402327060734706 ], [ 6.432106017515139, 7.397664069566417 ], [ 6.422241210812444, 7.388999938679547 ], [ 6.423353194567994, 7.386075973692869 ], [ 6.426746844873833, 7.381968020901695 ], [ 6.432457923754214, 7.379590988286623 ], [ 6.434144019899861, 7.376661777296363 ], [ 6.434676170261412, 7.373159884917015 ], [ 6.434604168212502, 7.367331981957193 ], [ 6.435657977928486, 7.359745025802226 ], [ 6.438507079864337, 7.357973098598279 ], [ 6.442511081584883, 7.356773852783476 ], [ 6.450531960034652, 7.355543136947233 ], [ 6.455152988174461, 7.357837199505923 ], [ 6.459781170319104, 7.360713959460554 ], [ 6.463261126683562, 7.363599777421371 ], [ 6.466869831135512, 7.365318774589298 ], [ 6.470372199515168, 7.363700867490024 ], [ 6.47298193028837, 7.360606194387344 ], [ 6.475794792199565, 7.355919838203192 ], [ 6.477480888345212, 7.352992058213886 ], [ 6.480867862646505, 7.348299980025843 ], [ 6.485763072972588, 7.341996192742727 ] ] ] ] } },
{ "type": "Feature", "properties": { "fid": 38.0, "OBJECTID": 38.0, "lganame": "Owan West", "statecode": "ED", "LGA_UID": "12_17" }, "geometry": { "type": "MultiPolygon", "coordinates": [ [ [ [ 6.046033859197223, 6.776315212389079 ], [ 6.043105125207262, 6.77550601983927 ], [ 6.035034179723482, 6.773274899323326 ], [ 6.027781962795927, 6.772283076649444 ], [ 6.024158001333603, 6.771325110998532 ], [ 6.013270854936309, 6.773068905183379 ], [ 6.002375125533149, 6.777585983252493 ], [ 5.996020794215724, 6.779373169466851 ], [ 5.991481781131654, 6.781177997693135 ], [ 5.982417106972662, 6.780168056006914 ], [ 5.973337172803269, 6.783777237459162 ], [ 5.966982841485788, 6.785563945673175 ], [ 5.957907200319312, 6.788249016497559 ], [ 5.950645924385583, 6.79002904870697 ], [ 5.938855171374371, 6.790841103258742 ], [ 5.93159818644358, 6.791696071839681 ], [ 5.923437118898505, 6.791617869786535 ], [ 5.914365767734921, 6.792457104356743 ], [ 5.902575015723698, 6.79326915690848 ], [ 5.892593860941986, 6.795022011099491 ], [ 5.884432793396911, 6.794943810046334 ], [ 5.869912147530783, 6.798501968463938 ], [ 5.858118056517299, 6.800238131643596 ], [ 5.847229958119328, 6.801981925828386 ], [ 5.83815717695478, 6.803743839025572 ], [ 5.830898762023025, 6.804598807606453 ], [ 5.815472125541362, 6.808147907017883 ], [ 5.801857948291172, 6.811715126441641 ], [ 5.797325134211349, 6.811672211412485 ], [ 5.792798996136014, 6.808856964499682 ], [ 5.790995120910395, 6.806068896605325 ], [ 5.787382126455554, 6.801414967443179 ], [ 5.782863140385075, 6.79675388327621 ], [ 5.777440070700379, 6.791160107475491 ], [ 5.772913932625045, 6.788345813563296 ], [ 5.765668868702392, 6.785505771633666 ], [ 5.7575187681648, 6.781733990070904 ], [ 5.751592636138241, 6.781640053007038 ], [ 5.757921219438231, 6.78443908690889 ], [ 5.767152308710308, 6.791876792962455 ], [ 5.770835400212832, 6.796514034113216 ], [ 5.778134823172422, 6.817791938570565 ], [ 5.777176856521521, 6.823326588331099 ], [ 5.775301456247291, 6.827009677833587 ], [ 5.773421763970134, 6.831616401963629 ], [ 5.771552085699739, 6.834375857838552 ], [ 5.769666672418737, 6.83990573859586 ], [ 5.771480082650839, 6.84730243662159 ], [ 5.774225711516351, 6.853781223023589 ], [ 5.778835772648677, 6.858423710177931 ], [ 5.782503605140789, 6.865830898210788 ], [ 5.785634518268125, 6.869615077781987 ], [ 5.787108421269579, 6.871396541992397 ], [ 5.787062168238151, 6.879706382638517 ], [ 5.78794336283687, 6.888021946288575 ], [ 5.78790759981257, 6.894484996679921 ], [ 5.789725780047945, 6.900958538078385 ], [ 5.793403624546841, 6.90651941285671 ], [ 5.797993659665565, 6.914855002520369 ], [ 5.799103260419486, 6.918805122204276 ], [ 5.79981183990094, 6.921328544918822 ], [ 5.798848629246493, 6.927786827306932 ], [ 5.797895907599127, 6.93239831944021 ], [ 5.796005726314888, 6.938851356824784 ], [ 5.795052527667224, 6.943462848958063 ], [ 5.7931723593897, 6.94806909608775 ], [ 5.792204379732027, 6.955450535103125 ], [ 5.788464546190994, 6.960970401853615 ], [ 5.785642147273279, 6.968341350861806 ], [ 5.788356781117784, 6.980360031027942 ], [ 5.78924274371974, 6.987751961050435 ], [ 5.789217471702557, 6.992368698187249 ], [ 5.791040896941468, 6.997919082958504 ], [ 5.793781280803444, 7.005321025987769 ], [ 5.793755530785972, 7.00996542014343 ], [ 5.793735026772026, 7.013630866633946 ], [ 5.7940092089583, 7.015619754985266 ], [ 5.792581080987986, 7.021655083085989 ], [ 5.796177864431797, 7.024290561876683 ], [ 5.79736661923954, 7.027501583058438 ], [ 5.798359870914396, 7.030014514765867 ], [ 5.799312114561417, 7.032424450403255 ], [ 5.801023959724489, 7.036755562346059 ], [ 5.802832126953092, 7.045075416998998 ], [ 5.804257869921798, 7.048537254351174 ], [ 5.809593200546885, 7.051245213191123 ], [ 5.810224055975539, 7.05590295835583 ], [ 5.811988831174631, 7.059385776722252 ], [ 5.81318712198879, 7.06345701248847 ], [ 5.814392089807541, 7.068109988649951 ], [ 5.815583228616845, 7.071598053019898 ], [ 5.821990012969991, 7.079123020132783 ], [ 5.823740959159636, 7.081440925707682 ], [ 5.829487801064374, 7.081976891071804 ], [ 5.835264205989176, 7.084845066020648 ], [ 5.838154792953162, 7.086569786192513 ], [ 5.841046809918168, 7.088294983364676 ], [ 5.846249104452852, 7.091166973316035 ], [ 5.849707126802457, 7.092305183089422 ], [ 5.852578162753161, 7.093998909240213 ], [ 5.855378150655611, 7.092129229969885 ], [ 5.861740111978293, 7.087570189872224 ], [ 5.869006156915248, 7.083943844408282 ], [ 5.877170086462229, 7.083096980832863 ], [ 5.881700992540743, 7.084064007489928 ], [ 5.884425163391711, 7.083166121879856 ], [ 5.887145042239752, 7.083191871897327 ], [ 5.891682148322502, 7.082311153298974 ], [ 5.898036002639628, 7.080523014084008 ], [ 5.906197071184693, 7.080601215137108 ], [ 5.914362906733004, 7.07883119593447 ], [ 5.923439979900422, 7.076145172109477 ], [ 5.929793835217595, 7.074357985895119 ], [ 5.935243129920138, 7.071638107047136 ], [ 5.941596985237254, 7.06984996783217 ], [ 5.949769019789812, 7.0662331583747 ], [ 5.955222130494917, 7.062589168898796 ], [ 5.9624910354338, 7.05803918780731 ], [ 5.969754219368781, 7.055335998970577 ], [ 5.976113795689855, 7.051702022501502 ], [ 5.981563091392388, 7.048982142653472 ], [ 5.98429298424719, 7.046236037787594 ], [ 5.987032890108821, 7.039795876411802 ], [ 5.99158191719971, 7.035220146302834 ], [ 5.992517947835665, 7.025990963032029 ], [ 5.985292911926592, 7.016685008709089 ], [ 5.975377083189244, 6.998115063091689 ], [ 5.969085216914266, 6.980504036125808 ], [ 5.972817898450444, 6.947281836552861 ], [ 5.977372168544832, 6.940858841188742 ], [ 5.981924056637638, 6.935359001451843 ], [ 5.988297938968401, 6.927105903844279 ], [ 5.991937160441068, 6.923445225357 ], [ 5.996489047533828, 6.917944907619813 ], [ 5.998316764775723, 6.913342953492986 ], [ 6.001058101638307, 6.906902790117215 ], [ 6.001074790649625, 6.901360989351815 ], [ 6.002912044897982, 6.893988132342315 ], [ 6.005677222776796, 6.880156993944695 ], [ 6.007507801020608, 6.87463188219067 ], [ 6.009333134260828, 6.870954036691728 ], [ 6.013907909369152, 6.858064174933645 ], [ 6.015737056611954, 6.853463172807494 ], [ 6.019381046087915, 6.847953796064132 ], [ 6.023906231162528, 6.850769042976992 ], [ 6.030251026473536, 6.851751803644731 ], [ 6.037498951398163, 6.853669166947441 ], [ 6.04203319547895, 6.853712081976596 ], [ 6.044764996335118, 6.850041866482854 ], [ 6.045724868987293, 6.833423138191222 ], [ 6.04482698437721, 6.830643177302363 ], [ 6.043941020775264, 6.824168204902946 ], [ 6.043052197171335, 6.818616867131084 ], [ 6.043084145193063, 6.808455944227205 ], [ 6.04770612733347, 6.780786037426822 ], [ 6.046033859197223, 6.776315212389079 ] ] ] ] } },
{ "type": "Feature", "properties": { "fid": 40.0, "OBJECTID": 40.0, "lganame": "Orhionmwon", "statecode": "ED", "LGA_UID": "12_13" }, "geometry": { "type": "MultiPolygon", "coordinates": [ [ [ [ 6.215703011479434, 6.421175957088678 ], [ 6.224782943648847, 6.417566775636374 ], [ 6.226607799888711, 6.413888931137478 ], [ 6.232069015599393, 6.407474040778823 ], [ 6.234800816455504, 6.403804779285736 ], [ 6.238442897930099, 6.399219990170593 ], [ 6.242994785022915, 6.393721104434348 ], [ 6.24572992288131, 6.389128208313707 ], [ 6.249388344367048, 6.385036603533649 ], [ 6.253921032446783, 6.37996721308923 ], [ 6.263022899631096, 6.368968009615799 ], [ 6.269393920959885, 6.361638068635443 ], [ 6.276096820514169, 6.3577981000264 ], [ 6.279860020071112, 6.358500003503309 ], [ 6.28161621126435, 6.360329150746111 ], [ 6.29031801217684, 6.361868381791965 ], [ 6.281655788291232, 6.357406138760041 ], [ 6.270836829940265, 6.343445778274656 ], [ 6.261365890505203, 6.33227205268264 ], [ 6.253943920462348, 6.319034099688054 ], [ 6.246644019502412, 6.312650204350518 ], [ 6.236330986495204, 6.303630829222243 ], [ 6.223472117758206, 6.289653777725505 ], [ 6.212637901396818, 6.279160975596142 ], [ 6.197598934178586, 6.282746315032227 ], [ 6.193511009400993, 6.298419951681694 ], [ 6.18870306013423, 6.309475899193728 ], [ 6.180490016553847, 6.321197033157659 ], [ 6.180000184221058, 6.321585916421895 ], [ 6.167523860743984, 6.331490993151931 ], [ 6.158658980720702, 6.336965083871348 ], [ 6.150475025160063, 6.342443942593945 ], [ 6.140926837672566, 6.348607062781525 ], [ 6.12661313994704, 6.356115817883335 ], [ 6.12246228112673, 6.353960129418681 ], [ 6.117772101939977, 6.351524352763647 ], [ 6.11304283072667, 6.34906816509482 ], [ 6.106954097589664, 6.342082977348696 ], [ 6.100863934451695, 6.335096835601917 ], [ 6.094778061316617, 6.32741785038445 ], [ 6.088016986722778, 6.318346977221211 ], [ 6.086041927380847, 6.303767204314909 ], [ 6.086105824424237, 6.289205074420636 ], [ 6.076632022987269, 6.27872276329839 ], [ 6.084858893577007, 6.263535022979056 ], [ 6.095097064533377, 6.255299091383108 ], [ 6.10348816723473, 6.248207711564874 ], [ 6.112161160127641, 6.240878104584738 ], [ 6.114303111582956, 6.218009949046916 ], [ 6.115022182071527, 6.209001063925768 ], [ 6.115742206560753, 6.199992179804667 ], [ 6.119191169904184, 6.188924789284897 ], [ 6.121271133317407, 6.179926872171222 ], [ 6.125415802133546, 6.165399075300286 ], [ 6.130246162415517, 6.149487972489453 ], [ 6.134387016229027, 6.135653019089261 ], [ 6.141240119885424, 6.123920918117847 ], [ 6.148083209534946, 6.11427020956063 ], [ 6.156969069572483, 6.103940963542357 ], [ 6.163812160222051, 6.094288825984222 ], [ 6.16930389395344, 6.08254623400569 ], [ 6.176817894058843, 6.074979781864613 ], [ 6.185698986093144, 6.06603908478985 ], [ 6.19322204620471, 6.056393147235895 ], [ 6.195523070768104, 6.054463880925027 ], [ 6.202629391596531, 6.053745858437196 ], [ 6.210957505255067, 6.052936840887469 ], [ 6.220484866728498, 6.053136716023289 ], [ 6.227794571695085, 6.054126571695861 ], [ 6.233885991833915, 6.055497140627097 ], [ 6.240929195619458, 6.055820747846951 ], [ 6.244363233952697, 6.054031393631192 ], [ 6.244851976284792, 6.053682279393968 ], [ 6.243274393212914, 6.053020788944536 ], [ 6.232762814070782, 6.033836841909931 ], [ 6.240956782638193, 6.02627706477341 ], [ 6.256639957294169, 6.016697884264829 ], [ 6.250625134207382, 5.993070126210853 ], [ 6.24794387838557, 5.984033108070605 ], [ 6.245960236037831, 5.971532821577284 ], [ 6.243769645549378, 5.967384814758873 ], [ 6.233819961789038, 5.948546885959388 ], [ 6.22911500859226, 5.93602609645211 ], [ 6.223714827923118, 5.92696523729569 ], [ 6.217640876796111, 5.916512012193209 ], [ 6.207487105897144, 5.906025887068381 ], [ 6.203830242412437, 5.90057420736423 ], [ 6.201406001765292, 5.896959781908379 ], [ 6.198935509086709, 5.895133494667505 ], [ 6.191916943317949, 5.889945984142855 ], [ 6.179709911023849, 5.882215976890677 ], [ 6.16886997165858, 5.873110770704102 ], [ 6.160744190137507, 5.86541509647526 ], [ 6.151937008153425, 5.857713223242229 ], [ 6.142442225702155, 5.852087021419493 ], [ 6.1328101161576, 5.84679365182285 ], [ 6.130944728890199, 5.845688343071856 ], [ 6.120879173051094, 5.83972501802009 ], [ 6.111967086995776, 5.823400020927977 ], [ 6.107929230252239, 5.813658237308914 ], [ 6.101854801124944, 5.803205013206423 ], [ 6.100496133201773, 5.801685169173766 ], [ 6.093735217608071, 5.794122219035103 ], [ 6.08068370774015, 5.788235188035173 ], [ 6.075937270515169, 5.786094188580421 ], [ 6.073625564944507, 5.786473273837998 ], [ 6.061857223948437, 5.775133133132897 ], [ 6.048964024188138, 5.768784999819673 ], [ 6.04436445206295, 5.766866683516241 ], [ 6.039780139948107, 5.764610766983481 ], [ 6.031224728135101, 5.764495849905359 ], [ 6.027222157415565, 5.764449595873941 ], [ 6.024969577885031, 5.764423369856161 ], [ 6.019802570374281, 5.764380931827304 ], [ 6.015662192561081, 5.764347075804324 ], [ 6.007824898236038, 5.76175355904212 ], [ 6.004464625952892, 5.760642052286926 ], [ 5.991903782418376, 5.754439831072773 ], [ 5.981730937506427, 5.748114108774757 ], [ 5.969620228277734, 5.748805046244229 ], [ 5.958599090789392, 5.750695228528514 ], [ 5.940937041788857, 5.746387004601274 ], [ 5.924606799693265, 5.748332023922842 ], [ 5.917080878579725, 5.758672236948485 ], [ 5.906148911152002, 5.770370006896599 ], [ 5.906779765580609, 5.78147077643905 ], [ 5.902640819768408, 5.794611931367854 ], [ 5.894185115023163, 5.798591687071905 ], [ 5.897670746391441, 5.803782462598804 ], [ 5.902400969605424, 5.811059951543484 ], [ 5.906404018325304, 5.825979232680425 ], [ 5.90650415439336, 5.843882083844619 ], [ 5.910546780140123, 5.852237224521502 ], [ 5.921317101458044, 5.877292155545149 ], [ 5.833310126661445, 5.941052913867622 ], [ 5.835303783016059, 5.951471805946767 ], [ 5.830506801756712, 5.959753989574097 ], [ 5.822996139653583, 5.966627121244073 ], [ 5.812038898208641, 5.983871936961123 ], [ 5.795056819670151, 5.979569912038073 ], [ 5.785003285839196, 5.985509754073917 ], [ 5.764177321688976, 5.997814178434226 ], [ 5.761786938064802, 6.008563994738211 ], [ 5.759040833198981, 6.016851902369467 ], [ 5.756297112334721, 6.024216175373112 ], [ 5.754471779094501, 6.027894019872065 ], [ 5.752639770849726, 6.033420085626744 ], [ 5.749897002986131, 6.040783881630091 ], [ 5.747152805121573, 6.048148154633793 ], [ 5.742598057026839, 6.054572104998556 ], [ 5.738945006544782, 6.062850951623659 ], [ 5.737108231296759, 6.07022380763317 ], [ 5.73435783442801, 6.0794358248923 ], [ 5.727054119465492, 6.095070838515539 ], [ 5.730671882923559, 6.097877026422225 ], [ 5.733356952747954, 6.108986854970851 ], [ 5.743272781485302, 6.127556800588252 ], [ 5.744156837085995, 6.134955882615543 ], [ 5.74414205607593, 6.139575004754022 ], [ 5.745028018677885, 6.146049023152841 ], [ 5.747734069516525, 6.150693893308812 ], [ 5.754048823807125, 6.160914898253509 ], [ 5.755834103020106, 6.170169829541805 ], [ 5.754911900393552, 6.17477989167412 ], [ 5.754898071384162, 6.179399013812599 ], [ 5.753941058733915, 6.195095062477321 ], [ 5.755747794961508, 6.196959018743769 ], [ 5.768382071545886, 6.216477871005907 ], [ 5.784675120616271, 6.225871086388167 ], [ 5.793743133777525, 6.225955963445813 ], [ 5.801900864320316, 6.22695684412588 ], [ 5.816398144170535, 6.230790137730423 ], [ 5.819116116017312, 6.231739998375815 ], [ 5.823635101087746, 6.236401080542805 ], [ 5.825405121290373, 6.25027513496957 ], [ 5.82754611974508, 6.252757071655935 ], [ 5.832633018201363, 6.258656978664646 ], [ 5.839887142130237, 6.258726119711639 ], [ 5.848053931679146, 6.256956099508955 ], [ 5.852593898763871, 6.255150795282361 ], [ 5.863481045161166, 6.253407001097514 ], [ 5.872554779326322, 6.251645087900386 ], [ 5.88161993048567, 6.252655028586616 ], [ 5.889783859032718, 6.251808167011177 ], [ 5.901576042044951, 6.25099611345945 ], [ 5.912459850439973, 6.250174998901514 ], [ 5.919712067367527, 6.251167773576071 ], [ 5.936941147073867, 6.251330852686863 ], [ 5.950541973314955, 6.251460074774684 ], [ 5.962055217137674, 6.264072821344428 ], [ 5.963101623848672, 6.287747868430529 ], [ 5.963349661017219, 6.289157764388506 ], [ 5.966718405306096, 6.308306411399087 ], [ 5.974628911680895, 6.3158213925052 ], [ 5.978139818066438, 6.319156753771381 ], [ 5.98366016781722, 6.324486746392893 ], [ 5.991845513378792, 6.323154248487526 ], [ 5.999269432422977, 6.329245667626367 ], [ 6.012070932120992, 6.333861822762799 ], [ 6.024348951463367, 6.342570649680056 ], [ 6.040111340173155, 6.336197840349996 ], [ 6.051437573868782, 6.342289260488826 ], [ 6.061145775465036, 6.345715683816934 ], [ 6.073709329001417, 6.351902282020433 ], [ 6.081323604174941, 6.352568532473128 ], [ 6.087129489119775, 6.360087627582004 ], [ 6.092163588540188, 6.365841779491689 ], [ 6.102649523664923, 6.374715364520853 ], [ 6.113737812198906, 6.381901337403406 ], [ 6.116576859127861, 6.382402826744112 ], [ 6.120125531539031, 6.381714110276164 ], [ 6.120843795027042, 6.381351793029978 ], [ 6.125160189959843, 6.379174452550615 ], [ 6.128872149481936, 6.378674766211077 ], [ 6.132234760766664, 6.376561289775054 ], [ 6.133611217701912, 6.379693913903566 ], [ 6.135276839833637, 6.381502305132244 ], [ 6.135990679318638, 6.382834803037667 ], [ 6.136181035447976, 6.384167300943034 ], [ 6.137227998159346, 6.384738372331014 ], [ 6.137275588191699, 6.385642566945364 ], [ 6.137894246612063, 6.386546761559714 ], [ 6.138703264161734, 6.387831671432764 ], [ 6.137085231062372, 6.38964006166151 ], [ 6.135467196962963, 6.392661976714749 ], [ 6.132397691877372, 6.398979446007161 ], [ 6.132540459974393, 6.400264354880221 ], [ 6.132754612119925, 6.402905556674796 ], [ 6.133432757580692, 6.403155399844536 ], [ 6.13288261820685, 6.405396537367267 ], [ 6.136849879902456, 6.408420086421643 ], [ 6.142282008593327, 6.411242962339657 ], [ 6.147714138284186, 6.414064884257016 ], [ 6.1522388463585, 6.416880131169819 ], [ 6.157677174053617, 6.417854785832048 ], [ 6.168554783444449, 6.418881892529953 ], [ 6.173998833143401, 6.418010234937697 ], [ 6.181252956072228, 6.418077945983725 ], [ 6.188508034001757, 6.418147087030661 ], [ 6.195762156930584, 6.418216228077654 ], [ 6.203011035855866, 6.420132160379467 ], [ 6.215703011479434, 6.421175957088678 ] ] ] ] } },
{ "type": "Feature", "properties": { "fid": 190.0, "OBJECTID": 190.0, "lganame": "Ovia South-West", "statecode": "ED", "LGA_UID": "12_15" }, "geometry": { "type": "MultiPolygon", "coordinates": [ [ [ [ 5.459748744844035, 6.885982989903198 ], [ 5.461596012099164, 6.875928879071864 ], [ 5.458896160264771, 6.86943721766113 ], [ 5.456190109426132, 6.864791869504813 ], [ 5.45440292421182, 6.856462001845046 ], [ 5.454414845219901, 6.852766991334477 ], [ 5.447193146313111, 6.842535973383008 ], [ 5.443592071866362, 6.834187983710933 ], [ 5.439997196423803, 6.823991775783043 ], [ 5.436396121977054, 6.815643787111014 ], [ 5.435503960370852, 6.811017035967325 ], [ 5.432797908532223, 6.806373118812019 ], [ 5.430107116703937, 6.797109126517569 ], [ 5.428317070487708, 6.789701939484758 ], [ 5.425611018649079, 6.78505706832874 ], [ 5.422912120815283, 6.77856492991765 ], [ 5.422928809826658, 6.77302312915225 ], [ 5.415707110919811, 6.762793064201446 ], [ 5.412092209463651, 6.759062766666887 ], [ 5.405762196162698, 6.753459929860014 ], [ 5.399425982857565, 6.74970483830856 ], [ 5.394908904788394, 6.744120120514026 ], [ 5.392200946948492, 6.74039888398562 ], [ 5.386784077267976, 6.732956885929127 ], [ 5.382287979213118, 6.720905780740964 ], [ 5.381394862606271, 6.716279029597331 ], [ 5.384157181483147, 6.703372001827574 ], [ 5.38690090234735, 6.696006774823275 ], [ 5.391455173441784, 6.689583778459166 ], [ 5.396918774154017, 6.682244778472636 ], [ 5.402380942865307, 6.675829887114048 ], [ 5.405116080723701, 6.671236991993396 ], [ 5.409669875817826, 6.664813994629242 ], [ 5.412419795686276, 6.6556019783701 ], [ 5.414257049934577, 6.64822912236059 ], [ 5.417920113423463, 6.637177943851839 ], [ 5.420660019285094, 6.630737782476047 ], [ 5.423404217149653, 6.623373985472711 ], [ 5.425240993397665, 6.6160011294632 ], [ 5.427990913266115, 6.606789112204069 ], [ 5.43075180114198, 6.59388208443437 ], [ 5.433486938000385, 6.589289188313671 ], [ 5.438038826093191, 6.583788871576473 ], [ 5.442582130180142, 6.581060885722934 ], [ 5.44712209726481, 6.57925605849664 ], [ 5.451662064349534, 6.577452183271021 ], [ 5.459835051902701, 6.573833941812552 ], [ 5.463468075371168, 6.572021007580759 ], [ 5.467101096839599, 6.570208073348965 ], [ 5.471661090937914, 6.561936854729083 ], [ 5.472579001561598, 6.558249950223967 ], [ 5.477146148664758, 6.54813194334929 ], [ 5.480786800138389, 6.543547153234101 ], [ 5.486242770845479, 6.538980007130988 ], [ 5.493508815782434, 6.535354136667365 ], [ 5.496246814642745, 6.529837131918839 ], [ 5.494441986416462, 6.527049065024471 ], [ 5.489954948367767, 6.512226104952958 ], [ 5.486324786901207, 6.513114928556888 ], [ 5.480886936206446, 6.512138843893638 ], [ 5.479994773600254, 6.507512092750005 ], [ 5.479100226992443, 6.503808022233272 ], [ 5.478210926388215, 6.498257160461719 ], [ 5.475504874549586, 6.493612766306057 ], [ 5.472802161713219, 6.488045215523186 ], [ 5.471005917492789, 6.48248481774516 ], [ 5.470114230886907, 6.47785806660147 ], [ 5.466498852430448, 6.474127769066911 ], [ 5.466509819437874, 6.470433234556651 ], [ 5.466522217446311, 6.466738224046082 ], [ 5.469263077308597, 6.460298060670254 ], [ 5.466555119468637, 6.456576824141905 ], [ 5.463842868625818, 6.453780174241672 ], [ 5.460225105167694, 6.450973988335022 ], [ 5.456614970714782, 6.445396899545642 ], [ 5.452097892645668, 6.439812182751098 ], [ 5.449389934805708, 6.436090946222691 ], [ 5.448501110201789, 6.430540085451128 ], [ 5.44489383675085, 6.424038887033873 ], [ 5.442205905924538, 6.413852215112513 ], [ 5.440423964713773, 6.403673172196306 ], [ 5.438022614082172, 6.399510860368252 ], [ 5.435166836141775, 6.398797034883216 ], [ 5.434690951818425, 6.394751549134526 ], [ 5.435880660626822, 6.39118194570915 ], [ 5.440402030698863, 6.389516353577449 ], [ 5.442543983154223, 6.388564109930428 ], [ 5.442306041992538, 6.38166332224165 ], [ 5.44194889074987, 6.377617836492959 ], [ 5.442662716234906, 6.374048233067583 ], [ 5.445994377498607, 6.370240688480521 ], [ 5.445994377498607, 6.36762285170181 ], [ 5.445280552013571, 6.363815784115104 ], [ 5.449326037762319, 6.36286354146813 ], [ 5.451229572055695, 6.360008239528042 ], [ 5.450753688732334, 6.355724811617677 ], [ 5.449563979923994, 6.353582859162316 ], [ 5.452419280864035, 6.353344917000641 ], [ 5.454561234319385, 6.352631091515661 ], [ 5.458844662229751, 6.352393150353976 ], [ 5.460034370038102, 6.350727081221976 ], [ 5.461700439170102, 6.3488235469286 ], [ 5.464079856786839, 6.34929943125195 ], [ 5.467649460212215, 6.3488235469286 ], [ 5.468363284697205, 6.345491885664899 ], [ 5.465983868080514, 6.342160225401187 ], [ 5.470029353829261, 6.33644914552076 ], [ 5.471457004799277, 6.334069728904069 ], [ 5.471457004799277, 6.330738067640368 ], [ 5.471457004799277, 6.322409152981265 ], [ 5.46860122685888, 6.318363667232518 ], [ 5.46788740237389, 6.314794063807142 ], [ 5.46741151805054, 6.312652588352137 ], [ 5.466935634727179, 6.309082984926761 ], [ 5.466935634727179, 6.30575132366306 ], [ 5.466697692565504, 6.302657603560988 ], [ 5.463603973463478, 6.299802302620947 ], [ 5.458844662229751, 6.297184466842282 ], [ 5.454561234319385, 6.291949272285194 ], [ 5.450039864247344, 6.28314447430273 ], [ 5.444328785366906, 6.281240463009055 ], [ 5.44194889074987, 6.280764579685695 ], [ 5.436475754031164, 6.27981281303903 ], [ 5.434571742737432, 6.277194977260365 ], [ 5.431240559474077, 6.278147220907329 ], [ 5.430288314827067, 6.280526637524076 ], [ 5.428146839372062, 6.281716347332406 ], [ 5.424577235946686, 6.282192706656076 ], [ 5.421245574682928, 6.283620357626091 ], [ 5.415772437964222, 6.285048007596117 ], [ 5.4131546021855, 6.28314447430273 ], [ 5.410537243407134, 6.284810066434432 ], [ 5.406015873335093, 6.282668590979426 ], [ 5.403635978718057, 6.281716347332406 ], [ 5.401256561101377, 6.282668590979426 ], [ 5.399352550807691, 6.281240463009055 ], [ 5.397686957676001, 6.27695703509869 ], [ 5.39554500622063, 6.27695703509869 ], [ 5.393641471927253, 6.276005268451968 ], [ 5.393165587603903, 6.272197722864917 ], [ 5.389833927340192, 6.267914294954551 ], [ 5.385550499429826, 6.266724586146211 ], [ 5.382238865179716, 6.263615608033774 ], [ 5.377459525932409, 6.262441158235788 ], [ 5.374603747992012, 6.260775566104144 ], [ 5.370796204404996, 6.257205962678768 ], [ 5.366512775494584, 6.252208710283355 ], [ 5.357470036350492, 6.246021271079258 ], [ 5.352710724116719, 6.241261958845541 ], [ 5.351853370534229, 6.238689899097949 ], [ 5.350093365338353, 6.234360695156454 ], [ 5.352472781955044, 6.229601382922738 ], [ 5.354614735410451, 6.223890305042346 ], [ 5.356756209865466, 6.219368934970248 ], [ 5.357945918673806, 6.212943553604532 ], [ 5.361753464260858, 6.207470416885769 ], [ 5.363419533392857, 6.205566882592393 ], [ 5.366512775494584, 6.202949046813728 ], [ 5.36841678578827, 6.200093268873331 ], [ 5.368654727949945, 6.197713852256641 ], [ 5.36841678578827, 6.194620132154625 ], [ 5.367465019141605, 6.191288470890925 ], [ 5.366989135818244, 6.189146996435852 ], [ 5.36556100784793, 6.187480927303852 ], [ 5.364847183362883, 6.185101508687183 ], [ 5.36326360728691, 6.18383455282634 ], [ 5.361135005840652, 6.177105904254518 ], [ 5.356565951736172, 6.17101383211525 ], [ 5.351235390114311, 6.16358900107042 ], [ 5.344191551328379, 6.157687664060745 ], [ 5.339622498223889, 6.156545162284488 ], [ 5.332007408049833, 6.149501324498488 ], [ 5.330484390014988, 6.144742012264771 ], [ 5.327629089074946, 6.142647742841802 ], [ 5.320585251289003, 6.144742012264771 ], [ 5.314302921020442, 6.145693778911436 ], [ 5.306687831846375, 6.14436149600624 ], [ 5.295074939955953, 6.14436149600624 ], [ 5.286888599393706, 6.144742012264771 ], [ 5.282129288159979, 6.13903093338439 ], [ 5.281684874858001, 6.132423877895178 ], [ 5.281558513772154, 6.125895023459123 ], [ 5.281558513772154, 6.122467995130648 ], [ 5.282890796677407, 6.119612694190607 ], [ 5.282890796677407, 6.114282130568711 ], [ 5.280606270125134, 6.108380317558726 ], [ 5.277560711055855, 6.105144024359788 ], [ 5.271087645657701, 6.098481177832696 ], [ 5.269134045330304, 6.08703994805893 ], [ 5.273943423598041, 6.080776214803052 ], [ 5.281558513772154, 6.078301430121542 ], [ 5.289934635463339, 6.077730178733361 ], [ 5.291267395368891, 6.072399616111511 ], [ 5.290505885851474, 6.065355778325568 ], [ 5.286127566876587, 6.061548232738517 ], [ 5.277560711055855, 6.059073448057006 ], [ 5.272039413304356, 6.056027411987372 ], [ 5.270169735034017, 6.054296016810952 ], [ 5.256502150747508, 6.065238953246194 ], [ 5.248787402505741, 6.064228057559319 ], [ 5.245213032077118, 6.063759804241158 ], [ 5.238930701808556, 6.062443733346981 ], [ 5.232940196738298, 6.065638541517671 ], [ 5.232984065768107, 6.071512221508556 ], [ 5.233738899280979, 6.073625564944507 ], [ 5.232940196738298, 6.081212997099783 ], [ 5.23254108446713, 6.089200019526629 ], [ 5.23254108446713, 6.094790936325353 ], [ 5.231342792652924, 6.10118055266679 ], [ 5.233738899280979, 6.112362385264362 ], [ 5.230544090110243, 6.118752002605788 ], [ 5.225352763582976, 6.125940323489942 ], [ 5.221758366140762, 6.131531239288677 ], [ 5.217365742156176, 6.13632345154474 ], [ 5.218563556970025, 6.141515255072363 ], [ 5.222956656954977, 6.144710064243043 ], [ 5.222557067683454, 6.148703574956471 ], [ 5.217764854427344, 6.149901866770676 ], [ 5.209378718729397, 6.15349578921257 ], [ 5.205528736113479, 6.151237964678501 ], [ 5.206057549472803, 6.147184371924254 ], [ 5.203388213659139, 6.145109652514577 ], [ 5.198831557563096, 6.147007941804361 ], [ 5.195835589527462, 6.150885105438704 ], [ 5.193720818090583, 6.15176630003748 ], [ 5.190371989815219, 6.151237964678501 ], [ 5.18402719450421, 6.147360325043792 ], [ 5.180150031869857, 6.149651526600564 ], [ 5.182441235426609, 6.154410361833982 ], [ 5.181912422067342, 6.156877517510281 ], [ 5.179445267391031, 6.15899228994715 ], [ 5.176631451479125, 6.159486294282829 ], [ 5.17292404196013, 6.160578728025087 ], [ 5.168694496086346, 6.163574696060721 ], [ 5.16425180406776, 6.159086704011315 ], [ 5.164650917338918, 6.155093193297944 ], [ 5.162909031155436, 6.147930622431261 ], [ 5.16462612232209, 6.146552086494637 ], [ 5.161456108168238, 6.142713546886512 ], [ 5.157862185726344, 6.14670705759994 ], [ 5.154594897506342, 6.144187926888321 ], [ 5.145542145355421, 6.1416416171582 ], [ 5.142962932602984, 6.143306732289545 ], [ 5.143491744962262, 6.151237964678501 ], [ 5.141374587523785, 6.155823230793942 ], [ 5.138293743430495, 6.159885405554007 ], [ 5.133102416903228, 6.164677619810107 ], [ 5.135050774227011, 6.169816971302055 ], [ 5.133446217136793, 6.172210692928445 ], [ 5.137675762010588, 6.173091887527164 ], [ 5.13714694965131, 6.176264285682691 ], [ 5.13203620917875, 6.18084621379586 ], [ 5.135737418693566, 6.182256221753903 ], [ 5.135913371813103, 6.186662196747591 ], [ 5.133265018013674, 6.188217639804407 ], [ 5.131330966699579, 6.188953400304342 ], [ 5.128687381903433, 6.189658641783524 ], [ 5.128687381903433, 6.193888186657318 ], [ 5.127111911832969, 6.197025298788787 ], [ 5.122395038628042, 6.201276301677183 ], [ 5.122467994677606, 6.205872058799798 ], [ 5.119923591948805, 6.207008838572165 ], [ 5.117625237387188, 6.206946372529728 ], [ 5.115489959936383, 6.206108569960463 ], [ 5.113859652828637, 6.199817180685784 ], [ 5.112825871126233, 6.195474147734899 ], [ 5.109939575165129, 6.195427894703471 ], [ 5.104825496690353, 6.200029372829931 ], [ 5.10315608955608, 6.202176094288518 ], [ 5.099816799287225, 6.202176094288518 ], [ 5.098225594206042, 6.198143481548584 ], [ 5.095841407586136, 6.197087764831281 ], [ 5.092422962263413, 6.198280333641549 ], [ 5.089201927074896, 6.201057433528433 ], [ 5.088472365579207, 6.204339980758789 ], [ 5.086137771992924, 6.207841873138193 ], [ 5.087235927739073, 6.214525699679541 ], [ 5.085182667343986, 6.216088294741212 ], [ 5.081807613050785, 6.218033314062779 ], [ 5.075622558848352, 6.213434218937891 ], [ 5.074545860116814, 6.217686175826884 ], [ 5.077929974416122, 6.220148087499638 ], [ 5.078811169014841, 6.222615719176304 ], [ 5.075851440003873, 6.226736545976223 ], [ 5.073736190566649, 6.228851795413448 ], [ 5.072933674021385, 6.231186389999664 ], [ 5.073347569302598, 6.23477602043863 ], [ 5.073347569302598, 6.239534854672058 ], [ 5.069470405668255, 6.242530822707693 ], [ 5.066298007512785, 6.245526790743327 ], [ 5.063478469597044, 6.248346805659367 ], [ 5.060573100622946, 6.248004913427053 ], [ 5.057486056525477, 6.247641563180196 ], [ 5.05344819978194, 6.246833323631051 ], [ 5.049714088244741, 6.251429557753966 ], [ 5.049030303780171, 6.260269164760075 ], [ 5.047968864058987, 6.26491355891568 ], [ 5.041041851352361, 6.274275303276568 ], [ 5.037746906113625, 6.277426720417793 ], [ 5.035061359288932, 6.278010367814375 ], [ 5.029640197605488, 6.279189109615288 ], [ 5.021533012097052, 6.285357474806403 ], [ 5.015618801078631, 6.292353152559599 ], [ 5.013073444349175, 6.298575400787342 ], [ 5.012897015229271, 6.302100182182244 ], [ 5.015364646905937, 6.308973788852541 ], [ 5.019684314840958, 6.315898417557491 ], [ 5.021523476090579, 6.318678856446695 ], [ 5.03013610794244, 6.323132992473063 ], [ 5.03530120845187, 6.328475952103361 ], [ 5.034945011209857, 6.332928658128765 ], [ 5.031738758031395, 6.337559700275335 ], [ 5.028711318974388, 6.341834068179594 ], [ 5.027820587369149, 6.345218182478902 ], [ 5.028176784611162, 6.350917339351213 ], [ 5.028355121732375, 6.35804176319192 ], [ 5.028709887973378, 6.360269546705581 ], [ 5.029245377337247, 6.36356306094342 ], [ 5.032392979475901, 6.364906787856398 ], [ 5.039219379114115, 6.36409711830629 ], [ 5.043849945260376, 6.366590977000726 ], [ 5.047234057559706, 6.37211227375218 ], [ 5.048124790164934, 6.375318049930343 ], [ 5.048082829136376, 6.377921103699009 ], [ 5.049193381890973, 6.382441997770741 ], [ 5.052824974358487, 6.384150981931896 ], [ 5.057386398457766, 6.381373405044712 ], [ 5.06255102196684, 6.37781143162448 ], [ 5.066113472387372, 6.376564502777285 ], [ 5.071278571896812, 6.376564502777285 ], [ 5.075731276922227, 6.377276897261311 ], [ 5.079293251342392, 6.381195544923855 ], [ 5.083274841047739, 6.38550281485044 ], [ 5.086036204923914, 6.389211655370389 ], [ 5.091582297692241, 6.392238140426741 ], [ 5.098885058654105, 6.397403239936182 ], [ 5.103693484921223, 6.402212143203656 ], [ 5.106899738099742, 6.409514427165163 ], [ 5.109570979914736, 6.41254186622217 ], [ 5.109749317035892, 6.414679526674661 ], [ 5.10850238818864, 6.417172909368787 ], [ 5.107255936341744, 6.419132232700065 ], [ 5.103871822042379, 6.422159671757015 ], [ 5.103693484921223, 6.424831389572319 ], [ 5.104406357405594, 6.427859305629681 ], [ 5.104584216526462, 6.43177747729186 ], [ 5.107612132583768, 6.433380604381114 ], [ 5.107789992704625, 6.435873985075261 ], [ 5.10511875188962, 6.437298775043359 ], [ 5.10280323031634, 6.438723564011411 ], [ 5.102981091437186, 6.442285538431634 ], [ 5.106009007494492, 6.446025847972976 ], [ 5.110461711519918, 6.449053764030339 ], [ 5.114023684940094, 6.45332813293453 ], [ 5.117407799239459, 6.459027766807196 ], [ 5.123463631354127, 6.462768078348518 ], [ 5.128806590984425, 6.468467236220874 ], [ 5.133615494251842, 6.472563744004219 ], [ 5.13575267770392, 6.477016449029634 ], [ 5.139492989245298, 6.480044365086997 ], [ 5.143589497028699, 6.486455917443323 ], [ 5.145370483238764, 6.488771439016602 ], [ 5.147329806570042, 6.489305496379473 ], [ 5.148576260416974, 6.492155552315978 ], [ 5.151069641111121, 6.493936538526043 ], [ 5.153385161684412, 6.498033047309434 ], [ 5.153741359926414, 6.501060486366441 ], [ 5.152138709837459, 6.503554344060888 ], [ 5.150179385506192, 6.504622935786927 ], [ 5.150179385506192, 6.508897304691175 ], [ 5.150357245627049, 6.511746882627335 ], [ 5.153028965442388, 6.515487194168713 ], [ 5.154809951652453, 6.518871307468032 ], [ 5.154809951652453, 6.529023170365747 ], [ 5.155166148894466, 6.533119678149149 ], [ 5.157125473225733, 6.536147594206454 ], [ 5.160331249403953, 6.539175510263817 ], [ 5.161221981009135, 6.543806076410078 ], [ 5.162290572735174, 6.546477795225371 ], [ 5.160687446645966, 6.549861907524701 ], [ 5.162290572735174, 6.552176952097682 ], [ 5.164249897066441, 6.554492473670962 ], [ 5.16193437649315, 6.559301375938389 ], [ 5.162112235614018, 6.561973094753682 ], [ 5.15458345449855, 6.56780004471284 ], [ 5.147155762451803, 6.569605349939422 ], [ 5.140639782024493, 6.574186325051983 ], [ 5.138774871757391, 6.576022625299686 ], [ 5.136910439490578, 6.577858924547343 ], [ 5.133171081949854, 6.583378315297523 ], [ 5.132228374309364, 6.586143494176326 ], [ 5.128054142473161, 6.588160991547113 ], [ 5.127551079131365, 6.593504429177756 ], [ 5.125671386854208, 6.598110676307499 ], [ 5.123801230583524, 6.600870609182721 ], [ 5.120984076669401, 6.607318400563713 ], [ 5.119108677395104, 6.61100149206618 ], [ 5.117228985117947, 6.615607738195934 ], [ 5.114416599207061, 6.621132373949649 ], [ 5.112531184926013, 6.626662253706911 ], [ 5.111583710282275, 6.630350113212671 ], [ 5.111542702254383, 6.637736797231582 ], [ 5.112433909859931, 6.64420556962682 ], [ 5.112397670835321, 6.650668621018156 ], [ 5.112367152814556, 6.656208514782236 ], [ 5.113263130423377, 6.661753653549908 ], [ 5.114149570025631, 6.669145583572345 ], [ 5.115957737254234, 6.677465916225628 ], [ 5.117775917489553, 6.683939456624103 ], [ 5.119599341728531, 6.6894898413953 ], [ 5.122350215597578, 6.69504547117009 ], [ 5.122329711583689, 6.698738574679396 ], [ 5.126022816092984, 6.701529025575383 ], [ 5.131524562831146, 6.712639809124653 ], [ 5.135191917322913, 6.720046997157453 ], [ 5.137937546188482, 6.726525783559509 ], [ 5.140693665061121, 6.731158256707033 ], [ 5.145293713186618, 6.737647057115908 ], [ 5.15081071893519, 6.745987891783102 ], [ 5.156352996700889, 6.749711990313472 ], [ 5.166505813599258, 6.758078574998137 ], [ 5.172970294991558, 6.762731075159309 ], [ 5.180367470017586, 6.76646518669645 ], [ 5.185914992786877, 6.769266128599554 ], [ 5.19053554492632, 6.772061825499122 ], [ 5.197015762329329, 6.773944854778563 ], [ 5.201615810454825, 6.78043365518738 ], [ 5.202527523074309, 6.783208847073013 ], [ 5.202496529053235, 6.788748740837093 ], [ 5.204325199295738, 6.793375491980726 ], [ 5.205232142911996, 6.797074318493912 ], [ 5.206138610527887, 6.800772667006754 ], [ 5.207045078143778, 6.804471015519653 ], [ 5.208868504382735, 6.81002140029085 ], [ 5.211624622255385, 6.814653397438065 ], [ 5.213458537501424, 6.818356990954499 ], [ 5.215297221750745, 6.821137427843667 ], [ 5.218970299246394, 6.827620983248949 ], [ 5.223565102368354, 6.835033417285331 ], [ 5.226325989244231, 6.8387422558053 ], [ 5.232769965622651, 6.847088337476123 ], [ 5.236447811121536, 6.852648735254149 ], [ 5.243793488112601, 6.865616798065332 ], [ 5.254822253606108, 6.883221626026966 ], [ 5.272408008554805, 6.888858794857185 ], [ 5.459748744844035, 6.885982989903198 ] ] ] ] } },
{ "type": "Feature", "properties": { "fid": 203.0, "OBJECTID": 203.0, "lganame": "Etsako Central", "statecode": "ED", "LGA_UID": "12_07" }, "geometry": { "type": "MultiPolygon", "coordinates": [ [ [ [ 6.414650916655205, 7.166707992642614 ], [ 6.424636841440133, 7.16310787219652 ], [ 6.431891918369672, 7.163177013243512 ], [ 6.440954207527056, 7.165110110556952 ], [ 6.450027942692202, 7.163348198359813 ], [ 6.460008144473306, 7.161594868168493 ], [ 6.468177795024189, 7.15890121533829 ], [ 6.474532127341661, 7.157114029123989 ], [ 6.479976177040612, 7.15624093953079 ], [ 6.48632907935712, 7.154454231316777 ], [ 6.492677211670411, 7.154513836357296 ], [ 6.499030112986873, 7.152727127143294 ], [ 6.50538301530338, 7.150938987928328 ], [ 6.507215022548166, 7.145413876174302 ], [ 6.510861874026034, 7.138981818803984 ], [ 6.516324042737324, 7.132566929445375 ], [ 6.5199651722113, 7.127983093330897 ], [ 6.523615836691761, 7.120626926332704 ], [ 6.528168200784876, 7.11512803959647 ], [ 6.531813145261424, 7.109619140853454 ], [ 6.535466193743503, 7.101339817228052 ], [ 6.53643512740183, 7.081949234053013 ], [ 6.53644895641122, 7.077331065915189 ], [ 6.536469936425476, 7.070864200521271 ], [ 6.534678936208593, 7.06345701248847 ], [ 6.532886981991055, 7.056972980082833 ], [ 6.532002926390362, 7.049574852056196 ], [ 6.529308795559814, 7.04123497038961 ], [ 6.529329776574116, 7.0347690579963 ], [ 6.527536869355913, 7.028285979591374 ], [ 6.528458117981813, 7.02367496545844 ], [ 6.532100201456444, 7.019091129343906 ], [ 6.537549019158689, 7.016370773495566 ], [ 6.541187762631012, 7.012710094008298 ], [ 6.544820786099478, 7.010897159776505 ], [ 6.551180840420841, 7.007262230306708 ], [ 6.556632996125359, 7.003619193831469 ], [ 6.561172962210037, 7.001813888604829 ], [ 6.571156978993713, 6.999136924785944 ], [ 6.577513218312447, 6.996426104944078 ], [ 6.58386707262963, 6.994637965729112 ], [ 6.591129779564312, 6.991936206893399 ], [ 6.594759941030816, 6.991045952288516 ], [ 6.602930068582054, 6.988352776458669 ], [ 6.611095905130355, 6.98658180225533 ], [ 6.616539954829307, 6.985710143663084 ], [ 6.622890949144505, 6.984847069076693 ], [ 6.630145073073322, 6.984914780122665 ], [ 6.641936779085256, 6.984103202571248 ], [ 6.650104045634521, 6.98233318336861 ], [ 6.655547142332864, 6.981461047776065 ], [ 6.660261630536127, 6.97931003631453 ], [ 6.679260254444785, 6.972002506349384 ], [ 6.67939853653877, 6.968822479188702 ], [ 6.672980309177888, 6.935661315657285 ], [ 6.652655602368213, 6.90784835775969 ], [ 6.646236897006986, 6.885384560496561 ], [ 6.634469986011936, 6.866129398413591 ], [ 6.628012271624186, 6.853751952003734 ], [ 6.628012348624281, 6.85375194000369 ], [ 6.621633530290126, 6.841525554696432 ], [ 6.614145279202262, 6.83082866742842 ], [ 6.610790252922641, 6.822104930501041 ], [ 6.613770007947267, 6.814801215538523 ], [ 6.615943909424345, 6.809521197950971 ], [ 6.617597102547563, 6.806581019953285 ], [ 6.620317936396248, 6.800127982568767 ], [ 6.623661040667741, 6.795996188761364 ], [ 6.623610019633077, 6.793598175132047 ], [ 6.616251944633632, 6.790788174222769 ], [ 6.60627508185479, 6.791617869786535 ], [ 6.593578815228284, 6.791497230704579 ], [ 6.581793785220896, 6.790462017001175 ], [ 6.569096087593437, 6.791265010546795 ], [ 6.560028076432161, 6.791180134489082 ], [ 6.548240185422799, 6.791068077412945 ], [ 6.54007196387289, 6.792839049616248 ], [ 6.530869960620578, 6.793375968981081 ], [ 6.530076981081777, 6.799210071945083 ], [ 6.529156208456186, 6.803821087078063 ], [ 6.528234004829585, 6.808431149210378 ], [ 6.527313232203937, 6.813041210342703 ], [ 6.526391982577991, 6.817650795474663 ], [ 6.524550915327097, 6.825948238112403 ], [ 6.523633002703377, 6.829634189616797 ], [ 6.52271509207975, 6.833321095121903 ], [ 6.522687912061258, 6.841633796769997 ], [ 6.523573874663214, 6.848108768169425 ], [ 6.525371074884333, 6.853669166947441 ], [ 6.52808189372621, 6.856465815847628 ], [ 6.527153969095707, 6.862924099235727 ], [ 6.52532577485357, 6.867526054362543 ], [ 6.523498057611732, 6.87212705648875 ], [ 6.522580146988048, 6.875813006993155 ], [ 6.522571086981884, 6.878584861876504 ], [ 6.521652222357545, 6.882270813380956 ], [ 6.518919944501079, 6.885941028874697 ], [ 6.516184806642684, 6.890532969994695 ], [ 6.512543201168398, 6.895118237110182 ], [ 6.508902072694411, 6.899703026225325 ], [ 6.505257130217842, 6.905210017967022 ], [ 6.501617907745185, 6.9088721284553 ], [ 6.496164799040059, 6.912515162930561 ], [ 6.492527007568356, 6.916174889417164 ], [ 6.488883972093049, 6.920760154532616 ], [ 6.487065791857674, 6.922283172567461 ], [ 6.488870144083648, 6.925378798670806 ], [ 6.487954140461284, 6.92814207054829 ], [ 6.485221862604817, 6.931810856041068 ], [ 6.480677127516913, 6.935462951522481 ], [ 6.477039814045497, 6.938199997382185 ], [ 6.472495078957593, 6.941852092863599 ], [ 6.467951774870642, 6.944581031717803 ], [ 6.463408946784, 6.947309016571353 ], [ 6.459770203311621, 6.950969219058265 ], [ 6.45431804660717, 6.95461320853417 ], [ 6.447053908671478, 6.957314968369928 ], [ 6.438899994131305, 6.955390930062606 ], [ 6.431644917201822, 6.95532178901567 ], [ 6.424394131275278, 6.954329014341113 ], [ 6.415338039122048, 6.950549125772852 ], [ 6.409005164819177, 6.945869922593545 ], [ 6.404476165741926, 6.943978786308605 ], [ 6.397233008820535, 6.940216063752018 ], [ 6.392704963743938, 6.938324928467068 ], [ 6.37820005388852, 6.937263965746183 ], [ 6.375471115034372, 6.940010070612061 ], [ 6.371826171557814, 6.945518017354459 ], [ 6.368175030076998, 6.95287323035194 ], [ 6.367249966448469, 6.958406925111831 ], [ 6.366309165809241, 6.969483851638074 ], [ 6.36719179240896, 6.976881980664757 ], [ 6.374416828318033, 6.986188888988409 ], [ 6.378935814388456, 6.990849972155388 ], [ 6.383460999463125, 6.993665218068202 ], [ 6.38978910376278, 7.000191211502283 ], [ 6.394308089833203, 7.004852771669619 ], [ 6.397918224286116, 7.010429859459009 ], [ 6.400622845123792, 7.015075206615279 ], [ 6.401508807725747, 7.021549225014098 ], [ 6.400585175098172, 7.027082919773932 ], [ 6.398754119854061, 7.032608985528668 ], [ 6.396018981995667, 7.03720188064932 ], [ 6.39419698675772, 7.039956092520697 ], [ 6.390561104287315, 7.042693138380343 ], [ 6.381465912107558, 7.050920962970793 ], [ 6.372381209934929, 7.056376933677882 ], [ 6.377803801619336, 7.061972141479544 ], [ 6.383230209306305, 7.066641807652388 ], [ 6.388656138992985, 7.071311950825532 ], [ 6.393184185069572, 7.073203087110471 ], [ 6.400417804984443, 7.079738139550727 ], [ 6.407658099903927, 7.084424972735178 ], [ 6.413081168588633, 7.090019225536196 ], [ 6.417596816656783, 7.095604897331441 ], [ 6.420300007493495, 7.101172924114621 ], [ 6.421185970095451, 7.107647895514049 ], [ 6.421143055066295, 7.121503829928542 ], [ 6.42203092566956, 7.127055167700405 ], [ 6.422014235658196, 7.132597923466449 ], [ 6.41926717779171, 7.140885830097659 ], [ 6.417429923543409, 7.148259163107525 ], [ 6.415596008297314, 7.154707909489161 ], [ 6.414666175665559, 7.16208982450479 ], [ 6.414650916655205, 7.166707992642614 ] ] ] ] } },
{ "type": "Feature", "properties": { "fid": 209.0, "OBJECTID": 209.0, "lganame": "Ovia North-East", "statecode": "ED", "LGA_UID": "12_14" }, "geometry": { "type": "MultiPolygon", "coordinates": [ [ [ [ 5.537059784373241, 6.884796619097131 ], [ 5.547441483427122, 6.88379287741509 ], [ 5.555240153725947, 6.883038997902872 ], [ 5.56175136615002, 6.879381657417866 ], [ 5.565518855709854, 6.876023293136029 ], [ 5.567853451296116, 6.872621058824393 ], [ 5.570152282858032, 6.869271277548364 ], [ 5.572089195174101, 6.85450839951767 ], [ 5.571213244578928, 6.845269680240392 ], [ 5.566607952449829, 6.83970403745883 ], [ 5.563836574566835, 6.837841988193645 ], [ 5.559206009420564, 6.836893081548908 ], [ 5.553647994644166, 6.835938930900625 ], [ 5.549027442504723, 6.833143234001056 ], [ 5.546266555628847, 6.829434395481087 ], [ 5.543510913756506, 6.824802399333862 ], [ 5.543556689787579, 6.816492557687695 ], [ 5.543577670801881, 6.81279897717809 ], [ 5.544519901442072, 6.810034275299586 ], [ 5.545835018335595, 6.80429220239813 ], [ 5.547423840415149, 6.802810192391178 ], [ 5.549863815073024, 6.797205924583352 ], [ 5.551097392911174, 6.794373511658875 ], [ 5.555774689089162, 6.787012576657446 ], [ 5.559535026644141, 6.77779960639765 ], [ 5.561419963924834, 6.772269725640342 ], [ 5.561877728235913, 6.76714277315682 ], [ 5.56321620914531, 6.762380122920831 ], [ 5.561532974001636, 6.75195646283845 ], [ 5.562521934673612, 6.740881920313825 ], [ 5.561655998085257, 6.729796409781727 ], [ 5.564489365010388, 6.720578670518705 ], [ 5.571025848451598, 6.712304591896896 ], [ 5.573838234362483, 6.706779957143169 ], [ 5.57663488426266, 6.704025745271792 ], [ 5.58219814304266, 6.7040562632925 ], [ 5.585875987541556, 6.709617138070882 ], [ 5.58955907804409, 6.714253902221344 ], [ 5.59601354642956, 6.720753192637289 ], [ 5.605238913697804, 6.729115009318775 ], [ 5.612620830713468, 6.735619067737957 ], [ 5.620002269728786, 6.742123604157484 ], [ 5.629253387014501, 6.745868205701754 ], [ 5.636665821050883, 6.746832848357201 ], [ 5.640374659570853, 6.746853352371147 ], [ 5.649687289898338, 6.739518166387199 ], [ 5.654348850065674, 6.734927177267878 ], [ 5.659932612859564, 6.73126459077929 ], [ 5.667370795913484, 6.727612019297567 ], [ 5.702557563821244, 6.736117363076517 ], [ 5.711441993857761, 6.751975059851077 ], [ 5.714492797930632, 6.757421016551348 ], [ 5.719102859062957, 6.762063502705701 ], [ 5.723659515159, 6.766651153822806 ], [ 5.726479530075096, 6.769490718752138 ], [ 5.743122578383236, 6.77789354346146 ], [ 5.751592636138241, 6.781640053007038 ], [ 5.7575187681648, 6.781733990070904 ], [ 5.765668868702392, 6.785505771633666 ], [ 5.772913932625045, 6.788345813563296 ], [ 5.777440070700379, 6.791160107475491 ], [ 5.782863140385075, 6.79675388327621 ], [ 5.787382126455554, 6.801414967443179 ], [ 5.790995120910395, 6.806068896605325 ], [ 5.792798996136014, 6.808856964499682 ], [ 5.797325134211349, 6.811672211412485 ], [ 5.801857948291172, 6.811715126441641 ], [ 5.815472125541362, 6.808147907017883 ], [ 5.830898762023025, 6.804598807606453 ], [ 5.83815717695478, 6.803743839025572 ], [ 5.847229958119328, 6.801981925828386 ], [ 5.858118056517299, 6.800238131643596 ], [ 5.869912147530783, 6.798501968463938 ], [ 5.862713813639857, 6.78088188249194 ], [ 5.859107018189206, 6.774381161074984 ], [ 5.85278320289251, 6.766931057012982 ], [ 5.849225998475561, 6.74472713492645 ], [ 5.846526145641121, 6.738234996515359 ], [ 5.843841075816727, 6.727124213966135 ], [ 5.839322089746304, 6.722462176798501 ], [ 5.83571815529757, 6.715036868753316 ], [ 5.833024025467068, 6.706697941087441 ], [ 5.831233978250793, 6.699291229054893 ], [ 5.828539848420291, 6.690950871388054 ], [ 5.824028969355311, 6.683517933337669 ], [ 5.821330069521537, 6.677025794926578 ], [ 5.819544792308534, 6.667770862638292 ], [ 5.813230038017991, 6.657549857693596 ], [ 5.80783605635304, 6.642717837615976 ], [ 5.806036949130601, 6.638082027466112 ], [ 5.802444934690016, 6.626963138911378 ], [ 5.799763202867894, 6.614927768733878 ], [ 5.798882008269175, 6.606606007079677 ], [ 5.794374943206833, 6.598248005400762 ], [ 5.787147045295796, 6.589866160705697 ], [ 5.779020785774378, 6.578703880121452 ], [ 5.772706032483825, 6.568481922176147 ], [ 5.768188953414665, 6.562897205381603 ], [ 5.760054110887438, 6.554505824680007 ], [ 5.752814769968609, 6.54981803949488 ], [ 5.745574951049491, 6.545131207310419 ], [ 5.736526965901817, 6.538578986858511 ], [ 5.726571083137287, 6.532940865027626 ], [ 5.721144199449952, 6.528271197854849 ], [ 5.715717792762973, 6.523601054681706 ], [ 5.70848083484583, 6.517990111869324 ], [ 5.702150821544876, 6.512386799062142 ], [ 5.69491481762833, 6.50677585624976 ], [ 5.686773777096903, 6.50023221980365 ], [ 5.678637027568357, 6.492764949730031 ], [ 5.667792797200207, 6.480652808500395 ], [ 5.661466121901526, 6.474125862065648 ], [ 5.65423822399049, 6.465744019370561 ], [ 5.65062522853566, 6.461091042209091 ], [ 5.647916793695401, 6.457369803680649 ], [ 5.644300938238587, 6.453639984146434 ], [ 5.642501831016205, 6.449005126997292 ], [ 5.640699862791848, 6.445291996474396 ], [ 5.638906955573646, 6.438808918069412 ], [ 5.638922214583999, 6.434189795930934 ], [ 5.638930797589808, 6.431418896048228 ], [ 5.640752791827765, 6.428665161177207 ], [ 5.64348792968616, 6.424071789056256 ], [ 5.645318984930327, 6.418547153302484 ], [ 5.644422054320898, 6.415767193413672 ], [ 5.641833781562298, 6.414109230287124 ], [ 5.637178898399497, 6.412003039856074 ], [ 5.632641792316747, 6.41288423545484 ], [ 5.629012107850542, 6.413773060058759 ], [ 5.624484061773956, 6.411881923773819 ], [ 5.619046211079194, 6.410906792111234 ], [ 5.612698077765913, 6.410847187070715 ], [ 5.60726404207378, 6.408947944780266 ], [ 5.600015163148498, 6.407032013478499 ], [ 5.592765808222907, 6.405116081176743 ], [ 5.58642482791447, 6.40320777888013 ], [ 5.580080031603472, 6.402224064211737 ], [ 5.574645041910685, 6.400324820921298 ], [ 5.568317889611649, 6.393798828487206 ], [ 5.563805102545473, 6.387290001064741 ], [ 5.562007904324332, 6.381730080287014 ], [ 5.557507038266237, 6.371525764353692 ], [ 5.552085875582804, 6.365007876925063 ], [ 5.548473835128561, 6.360353946762928 ], [ 5.544860839673731, 6.355700969601457 ], [ 5.539434909987051, 6.35103082742836 ], [ 5.534008980300371, 6.346361160255526 ], [ 5.527677058998165, 6.341681957076219 ], [ 5.525872230771824, 6.338892937181186 ], [ 5.524981976166941, 6.333343029410287 ], [ 5.525904178793553, 6.328732014277364 ], [ 5.527738094039591, 6.322282790895372 ], [ 5.528676986677567, 6.31212997399706 ], [ 5.528697013691158, 6.30566406160375 ], [ 5.528715133703486, 6.300120830837386 ], [ 5.529633999327814, 6.296434879332935 ], [ 5.529660225345594, 6.288121222684197 ], [ 5.528773784743294, 6.28164577528446 ], [ 5.52878808975305, 6.277204037266472 ], [ 5.528797149759214, 6.274256229263585 ], [ 5.526996135535512, 6.270544051741354 ], [ 5.519779204631902, 6.258465766534698 ], [ 5.515263080563443, 6.252881049740154 ], [ 5.507143021046204, 6.239871024900481 ], [ 5.503532886593291, 6.23429393811108 ], [ 5.499020099527058, 6.227785109688682 ], [ 5.495416164078392, 6.220359801643497 ], [ 5.49091100701736, 6.211080074338383 ], [ 5.488214016184884, 6.203663826299362 ], [ 5.485517979353006, 6.196248055260696 ], [ 5.480128764691301, 6.179568767927947 ], [ 5.478351116483509, 6.16846704538483 ], [ 5.476563931269197, 6.160136222724418 ], [ 5.472091198230146, 6.140694140514427 ], [ 5.470304012015845, 6.132362842853695 ], [ 5.468516826801533, 6.124032021193329 ], [ 5.46582317397133, 6.115692138526754 ], [ 5.464033126755055, 6.108284950493896 ], [ 5.462244986540099, 6.099954127833541 ], [ 5.46045494132386, 6.092545985800029 ], [ 5.458668232109915, 6.084216118140262 ], [ 5.455959797269657, 6.080494880611866 ], [ 5.45416402804949, 6.074934958834149 ], [ 5.450569152606931, 6.064739226906624 ], [ 5.44877576838843, 6.058256148501698 ], [ 5.446580409896796, 6.051459311883548 ], [ 5.445184230948144, 6.047135829945944 ], [ 5.443721293954127, 6.043619155556542 ], [ 5.442483902113395, 6.040644168535209 ], [ 5.437034130410552, 6.037571907447727 ], [ 5.433464526985176, 6.034986972691399 ], [ 5.427539824959581, 6.030696391776132 ], [ 5.427212237737024, 6.023493766882268 ], [ 5.431141376406686, 6.017928123100717 ], [ 5.431468486628944, 6.01301717776397 ], [ 5.431141376406686, 6.00876092887205 ], [ 5.425902842847336, 6.005814551870117 ], [ 5.415374278693662, 6.008137703448597 ], [ 5.415844440013132, 6.010351657952867 ], [ 5.41117000583705, 6.020219802657778 ], [ 5.399711132051323, 6.021856784770023 ], [ 5.392153262916111, 6.019183635953766 ], [ 5.388225079247093, 6.017794132009669 ], [ 5.377835751188002, 6.019218921977711 ], [ 5.365658282914012, 6.019653797273236 ], [ 5.356524943708337, 6.017479419795848 ], [ 5.342172622956582, 6.016174315909097 ], [ 5.338249683291167, 6.018789767686144 ], [ 5.334343909637369, 6.021393299455099 ], [ 5.32738542590937, 6.018349171386774 ], [ 5.323036193954295, 6.005301475521492 ], [ 5.326950549613912, 5.994428635133886 ], [ 5.326080799022975, 5.990079403178811 ], [ 5.326950549613912, 5.982685566155055 ], [ 5.336518764115056, 5.984425545337274 ], [ 5.339998245479194, 5.982685566155055 ], [ 5.345217228025263, 5.975292206131599 ], [ 5.358699322185714, 5.969638348290061 ], [ 5.350001335275863, 5.960939884379854 ], [ 5.341302872365645, 5.956155777129311 ], [ 5.334778785932826, 5.949197292401323 ], [ 5.326080799022975, 5.941803455377567 ], [ 5.315147876594551, 5.934660911524531 ], [ 5.304334641247465, 5.919622421306599 ], [ 5.291287422382482, 5.912229061283142 ], [ 5.275195122448508, 5.909184456214462 ], [ 5.269696711712641, 5.918911456823537 ], [ 5.268236636720587, 5.939194201604721 ], [ 5.263452530469976, 5.943108082264018 ], [ 5.256058693446221, 5.950067042992259 ], [ 5.253449439673375, 5.957025527720248 ], [ 5.249100207718243, 5.97007322258554 ], [ 5.247795581831838, 5.986599921814673 ], [ 5.251615047426981, 6.000012874928132 ], [ 5.254957198697809, 6.013216971899681 ], [ 5.258985043434564, 6.025040149932977 ], [ 5.262348174719648, 6.033390044606335 ], [ 5.26502180053626, 6.043814181689072 ], [ 5.268269061742615, 6.052536010615142 ], [ 5.270169735034017, 6.054296016810952 ], [ 5.272039413304356, 6.056027411987372 ], [ 5.277560711055855, 6.059073448057006 ], [ 5.286127566876587, 6.061548232738517 ], [ 5.290505885851474, 6.065355778325568 ], [ 5.291267395368891, 6.072399616111511 ], [ 5.289934635463339, 6.077730178733361 ], [ 5.281558513772154, 6.078301430121542 ], [ 5.273943423598041, 6.080776214803052 ], [ 5.269134045330304, 6.08703994805893 ], [ 5.271087645657701, 6.098481177832696 ], [ 5.277560711055855, 6.105144024359788 ], [ 5.280606270125134, 6.108380317558726 ], [ 5.282890796677407, 6.114282130568711 ], [ 5.282890796677407, 6.119612694190607 ], [ 5.281558513772154, 6.122467995130648 ], [ 5.281558513772154, 6.125895023459123 ], [ 5.281684874858001, 6.132423877895178 ], [ 5.282129288159979, 6.13903093338439 ], [ 5.286888599393706, 6.144742012264771 ], [ 5.295074939955953, 6.14436149600624 ], [ 5.306687831846375, 6.14436149600624 ], [ 5.314302921020442, 6.145693778911436 ], [ 5.320585251289003, 6.144742012264771 ], [ 5.327629089074946, 6.142647742841802 ], [ 5.330484390014988, 6.144742012264771 ], [ 5.332007408049833, 6.149501324498488 ], [ 5.339622498223889, 6.156545162284488 ], [ 5.344191551328379, 6.157687664060745 ], [ 5.351235390114311, 6.16358900107042 ], [ 5.356565951736172, 6.17101383211525 ], [ 5.361135005840652, 6.177105904254518 ], [ 5.36326360728691, 6.18383455282634 ], [ 5.364847183362883, 6.185101508687183 ], [ 5.36556100784793, 6.187480927303852 ], [ 5.366989135818244, 6.189146996435852 ], [ 5.367465019141605, 6.191288470890925 ], [ 5.36841678578827, 6.194620132154625 ], [ 5.368654727949945, 6.197713852256641 ], [ 5.36841678578827, 6.200093268873331 ], [ 5.366512775494584, 6.202949046813728 ], [ 5.363419533392857, 6.205566882592393 ], [ 5.361753464260858, 6.207470416885769 ], [ 5.357945918673806, 6.212943553604532 ], [ 5.356756209865466, 6.219368934970248 ], [ 5.354614735410451, 6.223890305042346 ], [ 5.352472781955044, 6.229601382922738 ], [ 5.350093365338353, 6.234360695156454 ], [ 5.351853370534229, 6.238689899097949 ], [ 5.352710724116719, 6.241261958845541 ], [ 5.357470036350492, 6.246021271079258 ], [ 5.366512775494584, 6.252208710283355 ], [ 5.370796204404996, 6.257205962678768 ], [ 5.374603747992012, 6.260775566104144 ], [ 5.377459525932409, 6.262441158235788 ], [ 5.382238865179716, 6.263615608033774 ], [ 5.385550499429826, 6.266724586146211 ], [ 5.389833927340192, 6.267914294954551 ], [ 5.393165587603903, 6.272197722864917 ], [ 5.393641471927253, 6.276005268451968 ], [ 5.39554500622063, 6.27695703509869 ], [ 5.397686957676001, 6.27695703509869 ], [ 5.399352550807691, 6.281240463009055 ], [ 5.401256561101377, 6.282668590979426 ], [ 5.403635978718057, 6.281716347332406 ], [ 5.406015873335093, 6.282668590979426 ], [ 5.410537243407134, 6.284810066434432 ], [ 5.4131546021855, 6.28314447430273 ], [ 5.415772437964222, 6.285048007596117 ], [ 5.421245574682928, 6.283620357626091 ], [ 5.424577235946686, 6.282192706656076 ], [ 5.428146839372062, 6.281716347332406 ], [ 5.430288314827067, 6.280526637524076 ], [ 5.431240559474077, 6.278147220907329 ], [ 5.434571742737432, 6.277194977260365 ], [ 5.436475754031164, 6.27981281303903 ], [ 5.44194889074987, 6.280764579685695 ], [ 5.444328785366906, 6.281240463009055 ], [ 5.450039864247344, 6.28314447430273 ], [ 5.454561234319385, 6.291949272285194 ], [ 5.458844662229751, 6.297184466842282 ], [ 5.463603973463478, 6.299802302620947 ], [ 5.466697692565504, 6.302657603560988 ], [ 5.466935634727179, 6.30575132366306 ], [ 5.466935634727179, 6.309082984926761 ], [ 5.46741151805054, 6.312652588352137 ], [ 5.46788740237389, 6.314794063807142 ], [ 5.46860122685888, 6.318363667232518 ], [ 5.471457004799277, 6.322409152981265 ], [ 5.471457004799277, 6.330738067640368 ], [ 5.471457004799277, 6.334069728904069 ], [ 5.470029353829261, 6.33644914552076 ], [ 5.465983868080514, 6.342160225401187 ], [ 5.468363284697205, 6.345491885664899 ], [ 5.467649460212215, 6.3488235469286 ], [ 5.464079856786839, 6.34929943125195 ], [ 5.461700439170102, 6.3488235469286 ], [ 5.460034370038102, 6.350727081221976 ], [ 5.458844662229751, 6.352393150353976 ], [ 5.454561234319385, 6.352631091515661 ], [ 5.452419280864035, 6.353344917000641 ], [ 5.449563979923994, 6.353582859162316 ], [ 5.450753688732334, 6.355724811617677 ], [ 5.451229572055695, 6.360008239528042 ], [ 5.449326037762319, 6.36286354146813 ], [ 5.445280552013571, 6.363815784115104 ], [ 5.445994377498607, 6.36762285170181 ], [ 5.445994377498607, 6.370240688480521 ], [ 5.442662716234906, 6.374048233067583 ], [ 5.44194889074987, 6.377617836492959 ], [ 5.442306041992538, 6.38166332224165 ], [ 5.442543983154223, 6.388564109930428 ], [ 5.440402030698863, 6.389516353577449 ], [ 5.435880660626822, 6.39118194570915 ], [ 5.434690951818425, 6.394751549134526 ], [ 5.435166836141775, 6.398797034883216 ], [ 5.438022614082172, 6.399510860368252 ], [ 5.440423964713773, 6.403673172196306 ], [ 5.442205905924538, 6.413852215112513 ], [ 5.44489383675085, 6.424038887033873 ], [ 5.448501110201789, 6.430540085451128 ], [ 5.449389934805708, 6.436090946222691 ], [ 5.452097892645668, 6.439812182751098 ], [ 5.456614970714782, 6.445396899545642 ], [ 5.460225105167694, 6.450973988335022 ], [ 5.463842868625818, 6.453780174241672 ], [ 5.466555119468637, 6.456576824141905 ], [ 5.469263077308597, 6.460298060670254 ], [ 5.466522217446311, 6.466738224046082 ], [ 5.466509819437874, 6.470433234556651 ], [ 5.466498852430448, 6.474127769066911 ], [ 5.470114230886907, 6.47785806660147 ], [ 5.471005917492789, 6.48248481774516 ], [ 5.472802161713219, 6.488045215523186 ], [ 5.475504874549586, 6.493612766306057 ], [ 5.478210926388215, 6.498257160461719 ], [ 5.479100226992443, 6.503808022233272 ], [ 5.479994773600254, 6.507512092750005 ], [ 5.480886936206446, 6.512138843893638 ], [ 5.486324786901207, 6.513114928556888 ], [ 5.489954948367767, 6.512226104952958 ], [ 5.494441986416462, 6.527049065024471 ], [ 5.496246814642745, 6.529837131918839 ], [ 5.493508815782434, 6.535354136667365 ], [ 5.486242770845479, 6.538980007130988 ], [ 5.480786800138389, 6.543547153234101 ], [ 5.477146148664758, 6.54813194334929 ], [ 5.472579001561598, 6.558249950223967 ], [ 5.471661090937914, 6.561936854729083 ], [ 5.467101096839599, 6.570208073348965 ], [ 5.463468075371168, 6.572021007580759 ], [ 5.459835051902701, 6.573833941812552 ], [ 5.451662064349534, 6.577452183271021 ], [ 5.44712209726481, 6.57925605849664 ], [ 5.442582130180142, 6.581060885722934 ], [ 5.438038826093191, 6.583788871576473 ], [ 5.433486938000385, 6.589289188313671 ], [ 5.43075180114198, 6.59388208443437 ], [ 5.427990913266115, 6.606789112204069 ], [ 5.425240993397665, 6.6160011294632 ], [ 5.423404217149653, 6.623373985472711 ], [ 5.420660019285094, 6.630737782476047 ], [ 5.417920113423463, 6.637177943851839 ], [ 5.414257049934577, 6.64822912236059 ], [ 5.412419795686276, 6.6556019783701 ], [ 5.409669875817826, 6.664813994629242 ], [ 5.405116080723701, 6.671236991993396 ], [ 5.402380942865307, 6.675829887114048 ], [ 5.396918774154017, 6.682244778472636 ], [ 5.391455173441784, 6.689583778459166 ], [ 5.38690090234735, 6.696006774823275 ], [ 5.384157181483147, 6.703372001827574 ], [ 5.381394862606271, 6.716279029597331 ], [ 5.382287979213118, 6.720905780740964 ], [ 5.386784077267976, 6.732956885929127 ], [ 5.392200946948492, 6.74039888398562 ], [ 5.394908904788394, 6.744120120514026 ], [ 5.399425982857565, 6.74970483830856 ], [ 5.405762196162698, 6.753459929860014 ], [ 5.412092209463651, 6.759062766666887 ], [ 5.415707110919811, 6.762793064201446 ], [ 5.422928809826658, 6.77302312915225 ], [ 5.422912120815283, 6.77856492991765 ], [ 5.425611018649079, 6.78505706832874 ], [ 5.428317070487708, 6.789701939484758 ], [ 5.430107116703937, 6.797109126517569 ], [ 5.432797908532223, 6.806373118812019 ], [ 5.435503960370852, 6.811017035967325 ], [ 5.436396121977054, 6.815643787111014 ], [ 5.439997196423803, 6.823991775783043 ], [ 5.443592071866362, 6.834187983710933 ], [ 5.447193146313111, 6.842535973383008 ], [ 5.454414845219901, 6.852766991334477 ], [ 5.45440292421182, 6.856462001845046 ], [ 5.456190109426132, 6.864791869504813 ], [ 5.458896160264771, 6.86943721766113 ], [ 5.461596012099164, 6.875928879071864 ], [ 5.459748744844035, 6.885982989903198 ], [ 5.537059784373241, 6.884796619097131 ] ] ] ] } },
{ "type": "Feature", "properties": { "fid": 226.0, "OBJECTID": 226.0, "lganame": "Uhunmwonde", "statecode": "ED", "LGA_UID": "12_18" }, "geometry": { "type": "MultiPolygon", "coordinates": [ [ [ [ 5.869912147530783, 6.798501968463938 ], [ 5.884432793396911, 6.794943810046334 ], [ 5.892593860941986, 6.795022011099491 ], [ 5.902575015723698, 6.79326915690848 ], [ 5.914365767734921, 6.792457104356743 ], [ 5.923437118898505, 6.791617869786535 ], [ 5.93159818644358, 6.791696071839681 ], [ 5.938855171374371, 6.790841103258742 ], [ 5.950645924385583, 6.79002904870697 ], [ 5.957907200319312, 6.788249016497559 ], [ 5.966982841485788, 6.785563945673175 ], [ 5.973337172803269, 6.783777237459162 ], [ 5.982417106972662, 6.780168056006914 ], [ 5.991481781131654, 6.781177997693135 ], [ 5.996020794215724, 6.779373169466851 ], [ 6.002375125533149, 6.777585983252493 ], [ 6.013270854936309, 6.773068905183379 ], [ 6.017819881027151, 6.768494129075009 ], [ 6.024201870363413, 6.757469176584095 ], [ 6.025117873985778, 6.754705905706601 ], [ 6.026937008221807, 6.752875805463134 ], [ 6.033306121549344, 6.746469021109988 ], [ 6.037854194639522, 6.74189281500071 ], [ 6.042406081732338, 6.736393929264466 ], [ 6.047863960440679, 6.730903148533741 ], [ 6.052412986531522, 6.726326942424407 ], [ 6.056055069006163, 6.721743107309919 ], [ 6.056551428343425, 6.721243676970573 ], [ 6.060603142096397, 6.717166901200585 ], [ 6.065155029189157, 6.711667061463686 ], [ 6.070615767899483, 6.705252171105087 ], [ 6.072443962141676, 6.700651168978936 ], [ 6.074849857776371, 6.69823061433425 ], [ 6.079721928086713, 6.693328857003735 ], [ 6.084824449553594, 6.683690833455159 ], [ 6.095049352500951, 6.68151482397667 ], [ 6.095656827913729, 6.675235415710119 ], [ 6.08849440304715, 6.671990090505062 ], [ 6.08886718730048, 6.669396876743122 ], [ 6.08888101630987, 6.664779185605596 ], [ 6.088899136322141, 6.659235953839243 ], [ 6.08893680634776, 6.64722680967958 ], [ 6.087755945545439, 6.642339442358832 ], [ 6.087147236131841, 6.639820098647078 ], [ 6.086259841528886, 6.633345127247651 ], [ 6.087204933171051, 6.621345043094152 ], [ 6.086318969569049, 6.614870070694678 ], [ 6.084537983358985, 6.604691981779183 ], [ 6.081838130524545, 6.598198891367417 ], [ 6.079137801689797, 6.591707229956626 ], [ 6.078255177090114, 6.584309100929943 ], [ 6.075558186257638, 6.576892852890978 ], [ 6.072848797416725, 6.573172092362881 ], [ 6.072866917429053, 6.567628859596539 ], [ 6.072882175439418, 6.563011169459003 ], [ 6.072907925456889, 6.554697036809955 ], [ 6.072926044469227, 6.549153805043602 ], [ 6.076584815955187, 6.53902721416307 ], [ 6.079331874821662, 6.530738830531448 ], [ 6.081133943046098, 6.516734581016237 ], [ 6.081573056344439, 6.513322140697653 ], [ 6.084428409284499, 6.510752322951589 ], [ 6.090298176272768, 6.504053116399803 ], [ 6.092132091518806, 6.497603893017867 ], [ 6.094867229377201, 6.493010997897159 ], [ 6.096693038617786, 6.489333153398263 ], [ 6.09761095024146, 6.485647201893812 ], [ 6.099440098484251, 6.481044768766708 ], [ 6.103988170574439, 6.476469039657729 ], [ 6.104908943200087, 6.471858977525358 ], [ 6.105617259681367, 6.463530209866349 ], [ 6.105696202734975, 6.463417533789823 ], [ 6.106042912970565, 6.462922672453601 ], [ 6.110883446259493, 6.456013739759271 ], [ 6.113167728811561, 6.45220660217251 ], [ 6.116774082261884, 6.447953224282571 ], [ 6.119514942124169, 6.441512107906135 ], [ 6.122259139988728, 6.434147834902433 ], [ 6.125904083465286, 6.42863893515937 ], [ 6.128654003333736, 6.419427871900893 ], [ 6.130490779581748, 6.412055015891383 ], [ 6.130502223589531, 6.408360004380825 ], [ 6.131688118395289, 6.404486178748755 ], [ 6.13288261820685, 6.405396537367267 ], [ 6.133432757580692, 6.403155399844536 ], [ 6.132754612119925, 6.402905556674796 ], [ 6.132540459974393, 6.400264354880221 ], [ 6.132397691877372, 6.398979446007161 ], [ 6.135467196962963, 6.392661976714749 ], [ 6.137085231062372, 6.38964006166151 ], [ 6.138703264161734, 6.387831671432764 ], [ 6.137894246612063, 6.386546761559714 ], [ 6.137275588191699, 6.385642566945364 ], [ 6.137227998159346, 6.384738372331014 ], [ 6.136181035447976, 6.384167300943034 ], [ 6.135990679318638, 6.382834803037667 ], [ 6.135276839833637, 6.381502305132244 ], [ 6.133611217701912, 6.379693913903566 ], [ 6.132234760766664, 6.376561289775054 ], [ 6.128872149481936, 6.378674766211077 ], [ 6.125160189959843, 6.379174452550615 ], [ 6.120843795027042, 6.381351793029978 ], [ 6.120125531539031, 6.381714110276164 ], [ 6.116576859127861, 6.382402826744112 ], [ 6.113737812198906, 6.381901337403406 ], [ 6.102649523664923, 6.374715364520853 ], [ 6.092163588540188, 6.365841779491689 ], [ 6.087129489119775, 6.360087627582004 ], [ 6.081323604174941, 6.352568532473128 ], [ 6.073709329001417, 6.351902282020433 ], [ 6.061145775465036, 6.345715683816934 ], [ 6.051437573868782, 6.342289260488826 ], [ 6.040111340173155, 6.336197840349996 ], [ 6.024348951463367, 6.342570649680056 ], [ 6.012070932120992, 6.333861822762799 ], [ 5.999269432422977, 6.329245667626367 ], [ 5.991845513378792, 6.323154248487526 ], [ 5.98366016781722, 6.324486746392893 ], [ 5.978139818066438, 6.319156753771381 ], [ 5.974628911680895, 6.3158213925052 ], [ 5.966718405306096, 6.308306411399087 ], [ 5.963349661017219, 6.289157764388506 ], [ 5.963101623848672, 6.287747868430529 ], [ 5.962055217137674, 6.264072821344428 ], [ 5.950541973314955, 6.251460074774684 ], [ 5.936941147073867, 6.251330852686863 ], [ 5.919712067367527, 6.251167773576071 ], [ 5.912459850439973, 6.250174998901514 ], [ 5.901576042044951, 6.25099611345945 ], [ 5.889783859032718, 6.251808167011177 ], [ 5.88161993048567, 6.252655028586616 ], [ 5.872554779326322, 6.251645087900386 ], [ 5.863481045161166, 6.253407001097514 ], [ 5.852593898763871, 6.255150795282361 ], [ 5.848053931679146, 6.256956099508955 ], [ 5.839887142130237, 6.258726119711639 ], [ 5.832633018201363, 6.258656978664646 ], [ 5.82754611974508, 6.252757071655935 ], [ 5.824112892412359, 6.256442070159721 ], [ 5.821498870636276, 6.260200023713082 ], [ 5.817100047647443, 6.2649230959222 ], [ 5.812753200693976, 6.27149486538741 ], [ 5.810166835936684, 6.2761778825693 ], [ 5.806726932599418, 6.282730103021208 ], [ 5.802247046555522, 6.284678936345358 ], [ 5.796032906333323, 6.289443015582322 ], [ 5.791605949325401, 6.293241024162853 ], [ 5.780138968534118, 6.30459594687801 ], [ 5.767631054035633, 6.31134891546634 ], [ 5.7632040980277, 6.315147877047536 ], [ 5.762084476266978, 6.308355279432305 ], [ 5.763226617043017, 6.302168681228807 ], [ 5.76370250936634, 6.297695294189339 ], [ 5.764559114948383, 6.282276386712908 ], [ 5.756278591322143, 6.283513705553617 ], [ 5.689939218247673, 6.323203115520698 ], [ 5.705179402602653, 6.341013933622321 ], [ 5.702677265902537, 6.341540828980328 ], [ 5.703646721561256, 6.346331001235001 ], [ 5.705474147802931, 6.362320979099479 ], [ 5.705947500124523, 6.370208100458399 ], [ 5.704995344477595, 6.37099123399048 ], [ 5.703631254550771, 6.372092235738592 ], [ 5.701799070305867, 6.374447902339114 ], [ 5.700942463723834, 6.374781026565472 ], [ 5.699419608689141, 6.374590670436135 ], [ 5.697635013476599, 6.376827362955851 ], [ 5.685129959979975, 6.369317279853135 ], [ 5.680003207496611, 6.371104759067634 ], [ 5.671785405912999, 6.377270967257289 ], [ 5.650310770321994, 6.377746858580622 ], [ 5.644565105418053, 6.370501994658071 ], [ 5.644549847407689, 6.375121116796549 ], [ 5.644536018398298, 6.379740237935039 ], [ 5.644524097390217, 6.383434772445298 ], [ 5.644508839379853, 6.388053893583788 ], [ 5.642674923133768, 6.394503116965723 ], [ 5.641750812505904, 6.400036811725613 ], [ 5.64082717887834, 6.405570984485792 ], [ 5.639904976251728, 6.410181045618117 ], [ 5.641833781562298, 6.414109230287124 ], [ 5.644422054320898, 6.415767193413672 ], [ 5.645318984930327, 6.418547153302484 ], [ 5.64348792968616, 6.424071789056256 ], [ 5.640752791827765, 6.428665161177207 ], [ 5.638930797589808, 6.431418896048228 ], [ 5.638922214583999, 6.434189795930934 ], [ 5.638906955573646, 6.438808918069412 ], [ 5.640699862791848, 6.445291996474396 ], [ 5.642501831016205, 6.449005126997292 ], [ 5.644300938238587, 6.453639984146434 ], [ 5.647916793695401, 6.457369803680649 ], [ 5.65062522853566, 6.461091042209091 ], [ 5.65423822399049, 6.465744019370561 ], [ 5.661466121901526, 6.474125862065648 ], [ 5.667792797200207, 6.480652808500395 ], [ 5.678637027568357, 6.492764949730031 ], [ 5.686773777096903, 6.50023221980365 ], [ 5.69491481762833, 6.50677585624976 ], [ 5.702150821544876, 6.512386799062142 ], [ 5.70848083484583, 6.517990111869324 ], [ 5.715717792762973, 6.523601054681706 ], [ 5.721144199449952, 6.528271197854849 ], [ 5.726571083137287, 6.532940865027626 ], [ 5.736526965901817, 6.538578986858511 ], [ 5.745574951049491, 6.545131207310419 ], [ 5.752814769968609, 6.54981803949488 ], [ 5.754468468092227, 6.550888880222487 ], [ 5.760054110887438, 6.554505824680007 ], [ 5.768188953414665, 6.562897205381603 ], [ 5.772706032483825, 6.568481922176147 ], [ 5.779020785774378, 6.578703880121452 ], [ 5.787147045295796, 6.589866160705697 ], [ 5.794374943206833, 6.598248005400762 ], [ 5.798882008269175, 6.606606007079677 ], [ 5.799763202867894, 6.614927768733878 ], [ 5.802444934690016, 6.626963138911378 ], [ 5.806036949130601, 6.638082027466112 ], [ 5.80783605635304, 6.642717837615976 ], [ 5.813230038017991, 6.657549857693596 ], [ 5.819544792308534, 6.667770862638292 ], [ 5.821330069521537, 6.677025794926578 ], [ 5.8229124105967, 6.680832078512765 ], [ 5.824028969355311, 6.683517933337669 ], [ 5.828539848420291, 6.690950871388054 ], [ 5.831233978250793, 6.699291229054893 ], [ 5.833024025467068, 6.706697941087441 ], [ 5.83571815529757, 6.715036868753316 ], [ 5.839322089746304, 6.722462176798501 ], [ 5.843841075816727, 6.727124213966135 ], [ 5.846526145641121, 6.738234996515359 ], [ 5.849225998475561, 6.74472713492645 ], [ 5.85278320289251, 6.766931057012982 ], [ 5.859107018189206, 6.774381161074984 ], [ 5.862713813639857, 6.78088188249194 ], [ 5.869912147530783, 6.798501968463938 ] ] ] ] } },
{ "type": "Feature", "properties": { "fid": 233.0, "OBJECTID": 233.0, "lganame": "Owan East", "statecode": "ED", "LGA_UID": "12_16" }, "geometry": { "type": "MultiPolygon", "coordinates": [ [ [ [ 6.180317879436927, 7.112758159986242 ], [ 6.185437201915249, 7.099873066231453 ], [ 6.18816900277136, 7.096203803738376 ], [ 6.192724227866449, 7.089779854373603 ], [ 6.197275161958601, 7.084280013636715 ], [ 6.202735900668927, 7.077866077278713 ], [ 6.20729684776785, 7.069594859658821 ], [ 6.21368312810705, 7.057645797539976 ], [ 6.215521812356315, 7.049349784903256 ], [ 6.21826410321961, 7.04290914452713 ], [ 6.219188212847484, 7.037374972766941 ], [ 6.21926689090094, 7.012434005820694 ], [ 6.21571588548818, 6.988380909477769 ], [ 6.215847968577918, 6.946812153233736 ], [ 6.214962005975963, 6.940337180834319 ], [ 6.213157176749689, 6.937549113939951 ], [ 6.210460185917213, 6.93013286590093 ], [ 6.207763195084738, 6.922717093862275 ], [ 6.203255177021731, 6.914361000184726 ], [ 6.198750972961307, 6.905079841878603 ], [ 6.193338871284084, 6.89579105356728 ], [ 6.187931060609685, 6.885578155628139 ], [ 6.1843328481649, 6.876306057328179 ], [ 6.17892694549181, 6.865169047761071 ], [ 6.178034781885628, 6.860541820617129 ], [ 6.177152157285946, 6.853143214590091 ], [ 6.174451828451197, 6.84665107717899 ], [ 6.170851231004747, 6.838303088506962 ], [ 6.169964790402446, 6.831828117107477 ], [ 6.167360782633182, 6.823766231629804 ], [ 6.158199787408705, 6.82432699201081 ], [ 6.150035857861724, 6.825172900585585 ], [ 6.141874790316649, 6.825096129533449 ], [ 6.134628773393331, 6.822256087603762 ], [ 6.124660014620019, 6.820312977283493 ], [ 6.113788128233068, 6.817440033331479 ], [ 6.107449054925951, 6.814608097407302 ], [ 6.101112842620807, 6.810853003855868 ], [ 6.097495079162684, 6.808046817949219 ], [ 6.09297180208938, 6.804308891409448 ], [ 6.085731983170263, 6.799622059224987 ], [ 6.078489780249527, 6.795857905667447 ], [ 6.067635058874203, 6.787440776948358 ], [ 6.056774139494735, 6.780871868485121 ], [ 6.050435066187617, 6.778039931560954 ], [ 6.046033859197223, 6.776315212389079 ], [ 6.04770612733347, 6.780786037426822 ], [ 6.043084145193063, 6.808455944227205 ], [ 6.043052197171335, 6.818616867131084 ], [ 6.043941020775264, 6.824168204902946 ], [ 6.04482698437721, 6.830643177302363 ], [ 6.045724868987293, 6.833423138191222 ], [ 6.044764996335118, 6.850041866482854 ], [ 6.04203319547895, 6.853712081976596 ], [ 6.037498951398163, 6.853669166947441 ], [ 6.030251026473536, 6.851751803644731 ], [ 6.023906231162528, 6.850769042976992 ], [ 6.019381046087915, 6.847953796064132 ], [ 6.015737056611954, 6.853463172807494 ], [ 6.013907909369152, 6.858064174933645 ], [ 6.009333134260828, 6.870954036691728 ], [ 6.007507801020608, 6.87463188219067 ], [ 6.005677222776796, 6.880156993944695 ], [ 6.002912044897982, 6.893988132342315 ], [ 6.001074790649625, 6.901360989351815 ], [ 6.001058101638307, 6.906902790117215 ], [ 5.998316764775723, 6.913342953492986 ], [ 5.996489047533828, 6.917944907619813 ], [ 5.991937160441068, 6.923445225357 ], [ 5.988297938968401, 6.927105903844279 ], [ 5.981924056637638, 6.935359001451843 ], [ 5.977372168544832, 6.940858841188742 ], [ 5.972817898450444, 6.947281836552861 ], [ 5.969085216914266, 6.980504036125808 ], [ 5.975377083189244, 6.998115063091689 ], [ 5.985292911926592, 7.016685008709089 ], [ 5.992517947835665, 7.025990963032029 ], [ 5.99158191719971, 7.035220146302834 ], [ 5.987032890108821, 7.039795876411802 ], [ 5.98429298424719, 7.046236037787594 ], [ 5.981563091392388, 7.048982142653472 ], [ 5.976113795689855, 7.051702022501502 ], [ 5.969754219368781, 7.055335998970577 ], [ 5.9624910354338, 7.05803918780731 ], [ 5.955222130494917, 7.062589168898796 ], [ 5.949769019789812, 7.0662331583747 ], [ 5.941596985237254, 7.06984996783217 ], [ 5.935243129920138, 7.071638107047136 ], [ 5.929793835217595, 7.074357985895119 ], [ 5.923439979900422, 7.076145172109477 ], [ 5.914362906733004, 7.07883119593447 ], [ 5.906197071184693, 7.080601215137108 ], [ 5.898036002639628, 7.080523014084008 ], [ 5.891682148322502, 7.082311153298974 ], [ 5.887145042239752, 7.083191871897327 ], [ 5.884425163391711, 7.083166121879856 ], [ 5.881700992540743, 7.084064007489928 ], [ 5.877170086462229, 7.083096980832863 ], [ 5.869006156915248, 7.083943844408282 ], [ 5.861740111978293, 7.087570189872224 ], [ 5.855378150655611, 7.092129229969885 ], [ 5.852578162753161, 7.093998909240213 ], [ 5.854922771346196, 7.096343039832959 ], [ 5.853237152200904, 7.099270820822255 ], [ 5.850976943665216, 7.102203845815097 ], [ 5.848143100739776, 7.105142116811521 ], [ 5.845868111194022, 7.106908798011887 ], [ 5.843033791268226, 7.10984706900831 ], [ 5.841958045537297, 7.115684985974895 ], [ 5.842559813946195, 7.118010997555302 ], [ 5.844311237136196, 7.120328903130201 ], [ 5.84662198970625, 7.121476172909752 ], [ 5.850654125445885, 7.122609137679547 ], [ 5.854692936190077, 7.124323844844582 ], [ 5.857576847149517, 7.125466823621196 ], [ 5.860455036105122, 7.126026154001238 ], [ 5.862779139684278, 7.128338813572554 ], [ 5.865139008287656, 7.133565903124122 ], [ 5.866331100097625, 7.137053013493471 ], [ 5.867528914911532, 7.141123772259334 ], [ 5.867571830940676, 7.144620894635466 ], [ 5.868175030350528, 7.146947861216574 ], [ 5.871696948743477, 7.153330802553455 ], [ 5.872910022567737, 7.158567905111852 ], [ 5.872960090601737, 7.162648200884178 ], [ 5.874718188796294, 7.165547847854384 ], [ 5.877064228390282, 7.169610022614449 ], [ 5.87882184958454, 7.172510146584898 ], [ 5.882308959953832, 7.175979136941919 ], [ 5.886943817103031, 7.179438114292168 ], [ 5.889834881067372, 7.181162834464033 ], [ 5.893875121812528, 7.182878970630043 ], [ 5.893909930836173, 7.185792922609949 ], [ 5.89046526049566, 7.189054965826358 ], [ 5.883665084875304, 7.192872047419883 ], [ 5.884325027323655, 7.199862003169244 ], [ 5.888974190482543, 7.204486847311614 ], [ 5.893616198636607, 7.208528996058021 ], [ 5.895940781216041, 7.210842132629693 ], [ 5.899414061575953, 7.213146210195191 ], [ 5.90348100733928, 7.217193126944892 ], [ 5.904098987759141, 7.220685005317478 ], [ 5.901270865837603, 7.224205970709818 ], [ 5.897339821166611, 7.231233120484433 ], [ 5.898544787985315, 7.235887050646568 ], [ 5.898660183063726, 7.245212077982444 ], [ 5.89812898570284, 7.248713970361848 ], [ 5.895890236181685, 7.253396033543083 ], [ 5.896522044611004, 7.25805377970778 ], [ 5.900001048974786, 7.260940074668895 ], [ 5.902900218944637, 7.263247967237021 ], [ 5.904650211133685, 7.265564918811265 ], [ 5.905289172567848, 7.270805836372233 ], [ 5.907061099771795, 7.27487182613487 ], [ 5.909392834356083, 7.277768135102804 ], [ 5.914653777930653, 7.272829055746911 ], [ 5.920110225638041, 7.268260955643086 ], [ 5.925564766344166, 7.263693809539916 ], [ 5.931923865664828, 7.260058880070176 ], [ 5.941007136836504, 7.255526065990352 ], [ 5.949176788387376, 7.252831936159794 ], [ 5.962319851317488, 7.248752594388066 ], [ 5.967329978721637, 7.247460841510417 ], [ 5.971877097811216, 7.243809223029302 ], [ 5.976428031903311, 7.238308907292094 ], [ 5.980072021379272, 7.232800960549696 ], [ 5.987348080322988, 7.226404190203368 ], [ 5.991885185405749, 7.22552299460466 ], [ 5.997323036100511, 7.226498127267234 ], [ 6.002754210790727, 7.229321003185248 ], [ 6.005465983633258, 7.232118130085723 ], [ 6.010003089716008, 7.231236935487004 ], [ 6.012732028570213, 7.228491782621802 ], [ 6.019067763875057, 7.232246876173235 ], [ 6.021769999711069, 7.237814902956416 ], [ 6.0244817725536, 7.240612029856948 ], [ 6.033549785714911, 7.240697860915247 ], [ 6.040811061648583, 7.238918780706456 ], [ 6.046242237338788, 7.241742133624825 ], [ 6.0553021434946, 7.24459886556582 ], [ 6.063457012035428, 7.24652385687375 ], [ 6.066176890883469, 7.246550082891588 ], [ 6.070720195970409, 7.243821144037383 ], [ 6.075263023057062, 7.241093159183833 ], [ 6.080727099769661, 7.233755112198025 ], [ 6.082551956009581, 7.230075835698131 ], [ 6.085285186866656, 7.226408005205997 ], [ 6.08892917634256, 7.220899105462934 ], [ 6.09348392543734, 7.214476109098825 ], [ 6.097127913913255, 7.208967209355762 ], [ 6.100776196392076, 7.202536105986155 ], [ 6.105319023478728, 7.199807167131951 ], [ 6.114401816650059, 7.195273876051829 ], [ 6.12439107943726, 7.190750121978112 ], [ 6.131649017368716, 7.189895153397231 ], [ 6.138001918685177, 7.188107014182265 ], [ 6.143447876385494, 7.1863107679618 ], [ 6.148898125088635, 7.183590889113759 ], [ 6.152536868561015, 7.179931163627145 ], [ 6.156181812037573, 7.174423217884794 ], [ 6.161640166746281, 7.168931961153703 ], [ 6.164381026608567, 7.162490844777267 ], [ 6.165306091237085, 7.156957150017377 ], [ 6.166224002860758, 7.153271197512936 ], [ 6.167149067489333, 7.147737025752747 ], [ 6.168976783731182, 7.143135070625931 ], [ 6.171718120593766, 7.136693954249495 ], [ 6.174464226459634, 7.128407000618893 ], [ 6.176296233704363, 7.122880935864202 ], [ 6.180317879436927, 7.112758159986242 ] ] ] ] } },
{ "type": "Feature", "properties": { "fid": 240.0, "OBJECTID": 240.0, "lganame": "Akoko-Edo", "statecode": "ED", "LGA_UID": "12_01" }, "geometry": { "type": "MultiPolygon", "coordinates": [ [ [ [ 6.125701427327613, 7.575399876329584 ], [ 6.128798962432199, 7.567436217918612 ], [ 6.129910946187749, 7.564511775931635 ], [ 6.130442141548713, 7.561010837552885 ], [ 6.132105826679094, 7.556334019375186 ], [ 6.133570670674374, 7.552076817482657 ], [ 6.138349055921083, 7.550453186379457 ], [ 6.142948151045914, 7.550999164750408 ], [ 6.146391869385752, 7.550971030731318 ], [ 6.149836062725967, 7.550942897712218 ], [ 6.153279781065805, 7.550914763693072 ], [ 6.155569076621248, 7.550312996284219 ], [ 6.160735130131343, 7.550271034255672 ], [ 6.164177895470573, 7.550241947235918 ], [ 6.165878772626229, 7.548480034038789 ], [ 6.166984081377223, 7.54497289665585 ], [ 6.165800094572774, 7.542068004682108 ], [ 6.164601802758568, 7.537998198916853 ], [ 6.16225576416457, 7.533936977157452 ], [ 6.15991687757537, 7.53045797279367 ], [ 6.158284187466052, 7.528297901325971 ], [ 6.155834197801369, 7.525245190251781 ], [ 6.154077052607477, 7.522345066281332 ], [ 6.150588989237519, 7.518876075924311 ], [ 6.146535873483629, 7.515995025966731 ], [ 6.142488955733938, 7.513696194404815 ], [ 6.137860774589285, 7.510818958449875 ], [ 6.135550976019886, 7.50967216467069 ], [ 6.13149690626534, 7.50679111471311 ], [ 6.128605843300988, 7.505064963540292 ], [ 6.125720978340894, 7.503922938764333 ], [ 6.122255801986455, 7.502202987595695 ], [ 6.118216991242264, 7.500486851429685 ], [ 6.114750861887217, 7.498765945260402 ], [ 6.112432957312308, 7.497035980085002 ], [ 6.110102176728617, 7.494141102118022 ], [ 6.108335971528561, 7.490657805751312 ], [ 6.108881949899569, 7.488321781164075 ], [ 6.108257771475451, 7.484245777394619 ], [ 6.108796119841259, 7.481328011412131 ], [ 6.108738898802358, 7.476665020243843 ], [ 6.109794139519352, 7.469078064088876 ], [ 6.109148026080334, 7.463253975131693 ], [ 6.109663963430876, 7.458587169960822 ], [ 6.110196113792483, 7.455084800581119 ], [ 6.112411976298063, 7.448655128212465 ], [ 6.11869811956916, 7.446270942592491 ], [ 6.127882003809191, 7.446197032542273 ], [ 6.133061886328676, 7.447319984305295 ], [ 6.138235091843626, 7.44786119467301 ], [ 6.142848014977915, 7.449572085835484 ], [ 6.147432804093057, 7.448952198414304 ], [ 6.154314040768497, 7.448313235980152 ], [ 6.159472942273737, 7.447688102555389 ], [ 6.163475989993628, 7.446488856740586 ], [ 6.16689920431952, 7.444713115534057 ], [ 6.170909882044612, 7.444097042115459 ], [ 6.17317008958031, 7.441164017122617 ], [ 6.174274921331005, 7.437656878739688 ], [ 6.17595386547174, 7.434145927354166 ], [ 6.179922104167986, 7.430033206559756 ], [ 6.182785034113238, 7.429427147147976 ], [ 6.18627214448253, 7.432896136504951 ], [ 6.186306952506186, 7.435811043485501 ], [ 6.186916827920584, 7.438720226462181 ], [ 6.18980884588558, 7.440444945634056 ], [ 6.193274021239972, 7.442165851803281 ], [ 6.200786114344112, 7.446185111534191 ], [ 6.208865165833458, 7.449615954865294 ], [ 6.218708991521851, 7.456531047563772 ], [ 6.221047878111051, 7.460009097926957 ], [ 6.223393916705049, 7.464070796686656 ], [ 6.225323200015907, 7.46839570962527 ], [ 6.226923943103543, 7.471036911419844 ], [ 6.233273983418087, 7.473898888364431 ], [ 6.23788690555233, 7.47561120952787 ], [ 6.244790077242726, 7.476719856281136 ], [ 6.252840041712318, 7.477819920028594 ], [ 6.255716800666903, 7.478380203409245 ], [ 6.259168148011952, 7.478933810785406 ], [ 6.263773918141339, 7.480062961552619 ], [ 6.267814158886495, 7.481779098718619 ], [ 6.270139217466294, 7.484090805289327 ], [ 6.271889209655342, 7.486409186864591 ], [ 6.273073196459791, 7.489314078838333 ], [ 6.274837970658893, 7.49279594420409 ], [ 6.276596068853394, 7.495697021175204 ], [ 6.284101008952689, 7.499133109509899 ], [ 6.290988921632675, 7.499076843471641 ], [ 6.295000076358065, 7.498460770053043 ], [ 6.298429011687858, 7.497266769241776 ], [ 6.358232975321869, 7.41225576448079 ], [ 6.36279010841821, 7.409305096475975 ], [ 6.367911815898196, 7.405766010071318 ], [ 6.375302791919978, 7.399876118069415 ], [ 6.37814378685033, 7.397521019469252 ], [ 6.422245025815016, 7.416828155587552 ], [ 6.426575183757166, 7.414612770082272 ], [ 6.427671908502361, 7.410523891304081 ], [ 6.432164191554648, 7.402327060734706 ], [ 6.428423882013249, 7.398708820276283 ], [ 6.422992229322745, 7.39588594435827 ], [ 6.421184063094188, 7.394021988091822 ], [ 6.417564868635111, 7.391215801185126 ], [ 6.413041114561395, 7.388401985273276 ], [ 6.405792235636113, 7.38648605297152 ], [ 6.402173996177737, 7.383679867064814 ], [ 6.39855480171866, 7.380875111159128 ], [ 6.3940238946401, 7.379908084502063 ], [ 6.391305922793379, 7.378958224856717 ], [ 6.387681961331054, 7.377999783205496 ], [ 6.384064197872931, 7.375195026299764 ], [ 6.381350040028792, 7.373322010027152 ], [ 6.376830100957704, 7.368659018858864 ], [ 6.375935078349585, 7.364955902342786 ], [ 6.372327804898646, 7.35845518092583 ], [ 6.368719101446686, 7.352879047137094 ], [ 6.364192963371408, 7.35006380122428 ], [ 6.358773231688929, 7.343545913795708 ], [ 6.352446079389949, 7.33701992036157 ], [ 6.350642204164274, 7.334230900466594 ], [ 6.348834037935717, 7.3323669432001 ], [ 6.345221043480876, 7.32771396603863 ], [ 6.34069299740429, 7.32582282975369 ], [ 6.337059974935812, 7.327637195986483 ], [ 6.333424091465361, 7.330372809845187 ], [ 6.327969073758936, 7.334940909949012 ], [ 6.323429107674258, 7.336744785174631 ], [ 6.320700168820053, 7.339490891040498 ], [ 6.315240860110748, 7.344982146771542 ], [ 6.310692787020514, 7.34955787688051 ], [ 6.304329871697234, 7.354115962977517 ], [ 6.295241832522322, 7.360496998313181 ], [ 6.290710926443808, 7.359529971656116 ], [ 6.285270213747083, 7.359478950621451 ], [ 6.280733108664322, 7.36036014622016 ], [ 6.276193141579654, 7.362164021445835 ], [ 6.270755767885191, 7.361188888783261 ], [ 6.26804399504266, 7.358391761882729 ], [ 6.266251086824468, 7.351908207477493 ], [ 6.266272067838713, 7.345441818083884 ], [ 6.267199039468551, 7.338984012696073 ], [ 6.269941807332145, 7.331620215692737 ], [ 6.270891189977192, 7.318696021911364 ], [ 6.269141196788155, 7.298356056091279 ], [ 6.268280983203681, 7.283566952042804 ], [ 6.267418860617909, 7.269701957622203 ], [ 6.265652180417533, 7.254905223568528 ], [ 6.262113094012932, 7.227158069715642 ], [ 6.26033401480413, 7.216054916171572 ], [ 6.25673294135737, 7.207706928499476 ], [ 6.254031180521622, 7.20213890071625 ], [ 6.249507904448251, 7.198400974176536 ], [ 6.244995117382075, 7.191892146754071 ], [ 6.237775803476893, 7.180737972175336 ], [ 6.229671000970029, 7.163108826197174 ], [ 6.226067065521306, 7.155684948153009 ], [ 6.218843936613553, 7.145454884202138 ], [ 6.211626052709335, 7.134301185623713 ], [ 6.198979855116818, 7.118476867871834 ], [ 6.184488773270857, 7.112796783012527 ], [ 6.180317879436927, 7.112758159986242 ], [ 6.176296233704363, 7.122880935864202 ], [ 6.174464226459634, 7.128407000618893 ], [ 6.171718120593766, 7.136693954249495 ], [ 6.168976783731182, 7.143135070625931 ], [ 6.167149067489333, 7.147737025752747 ], [ 6.166224002860758, 7.153271197512936 ], [ 6.165306091237085, 7.156957150017377 ], [ 6.164381026608567, 7.162490844777267 ], [ 6.161640166746281, 7.168931961153703 ], [ 6.156181812037573, 7.174423217884794 ], [ 6.152536868561015, 7.179931163627145 ], [ 6.148898125088635, 7.183590889113759 ], [ 6.143447876385494, 7.1863107679618 ], [ 6.138001918685177, 7.188107014182265 ], [ 6.131649017368716, 7.189895153397231 ], [ 6.12439107943726, 7.190750121978112 ], [ 6.114401816650059, 7.195273876051829 ], [ 6.105319023478728, 7.199807167131951 ], [ 6.100776196392076, 7.202536105986155 ], [ 6.097127913913255, 7.208967209355762 ], [ 6.09348392543734, 7.214476109098825 ], [ 6.08892917634256, 7.220899105462934 ], [ 6.085285186866656, 7.226408005205997 ], [ 6.082551956009581, 7.230075835698131 ], [ 6.080727099769661, 7.233755112198025 ], [ 6.075263023057062, 7.241093159183833 ], [ 6.070720195970409, 7.243821144037383 ], [ 6.066176890883469, 7.246550082891588 ], [ 6.063457012035428, 7.24652385687375 ], [ 6.0553021434946, 7.24459886556582 ], [ 6.046242237338788, 7.241742133624825 ], [ 6.040811061648583, 7.238918780706456 ], [ 6.033549785714911, 7.240697860915247 ], [ 6.0244817725536, 7.240612029856948 ], [ 6.021769999711069, 7.237814902956416 ], [ 6.019067763875057, 7.232246876173235 ], [ 6.012732028570213, 7.228491782621802 ], [ 6.010003089716008, 7.231236935487004 ], [ 6.005465983633258, 7.232118130085723 ], [ 6.002754210790727, 7.229321003185248 ], [ 5.997323036100511, 7.226498127267234 ], [ 5.991885185405749, 7.22552299460466 ], [ 5.987348080322988, 7.226404190203368 ], [ 5.980072021379272, 7.232800960549696 ], [ 5.976428031903311, 7.238308907292094 ], [ 5.971877097811216, 7.243809223029302 ], [ 5.967329978721637, 7.247460841510417 ], [ 5.962319851317488, 7.248752594388066 ], [ 5.949176788387376, 7.252831936159794 ], [ 5.941007136836504, 7.255526065990352 ], [ 5.931923865664828, 7.260058880070176 ], [ 5.925564766344166, 7.263693809539916 ], [ 5.920110225638041, 7.268260955643086 ], [ 5.914653777930653, 7.272829055746911 ], [ 5.909392834356083, 7.277768135102804 ], [ 5.912299156330789, 7.280659199067145 ], [ 5.914071082534747, 7.284725188829782 ], [ 5.916991233518843, 7.28878116558559 ], [ 5.921632766672531, 7.292823792332399 ], [ 5.923961163254546, 7.296279906680638 ], [ 5.924582004676381, 7.299211978672872 ], [ 5.924044132310939, 7.302131175656314 ], [ 5.922924994550556, 7.304471016246112 ], [ 5.9212241173949, 7.306233883443895 ], [ 5.919545174254097, 7.309745788830071 ], [ 5.917866230113361, 7.313257217215948 ], [ 5.916747093352967, 7.315598010806411 ], [ 5.916209220987469, 7.318517207789853 ], [ 5.917385100786419, 7.320837975366715 ], [ 5.918569087590924, 7.323742867340457 ], [ 5.918024063220571, 7.326079844928302 ], [ 5.917542933893685, 7.333662033080032 ], [ 5.919308186093076, 7.337144852446443 ], [ 5.923339843832423, 7.33827686321564 ], [ 5.927371978572069, 7.339409827985435 ], [ 5.933119774477404, 7.339945793349557 ], [ 5.93715190921705, 7.341079235119707 ], [ 5.940609931566598, 7.342216968892728 ], [ 5.945209979692152, 7.342761993263025 ], [ 5.950448036251146, 7.344475269427164 ], [ 5.95499610934138, 7.345014094793271 ], [ 5.957695007175118, 7.344322205323124 ], [ 5.964760779975961, 7.345518112135721 ], [ 5.968785762710752, 7.34606695150859 ], [ 5.971662997665703, 7.346627234889297 ], [ 5.975113869010443, 7.347181797266103 ], [ 5.978566170356089, 7.347735881642564 ], [ 5.980875968925488, 7.348884106422759 ], [ 5.986694812879136, 7.355247973746714 ], [ 5.986731051903746, 7.358161925726563 ], [ 5.987339973317489, 7.361072062703897 ], [ 5.986794948947193, 7.363408089291113 ], [ 5.98109102207161, 7.366368771302746 ], [ 5.978241920135815, 7.368141173507013 ], [ 5.975996016609827, 7.372240067292012 ], [ 5.974884986854931, 7.37516403227869 ], [ 5.974919795878577, 7.378077984258596 ], [ 5.974970817913231, 7.38215780303068 ], [ 5.97731685550724, 7.38621902479008 ], [ 5.978499889311081, 7.389123916763822 ], [ 5.979677200110984, 7.391446114341647 ], [ 5.97855806435058, 7.393786906932064 ], [ 5.975708961414739, 7.395558834136011 ], [ 5.974051952288903, 7.400818824709916 ], [ 5.974661826703311, 7.403728007686595 ], [ 5.970127105622169, 7.408429145880802 ], [ 5.969007968861774, 7.4107689864706 ], [ 5.968483924505676, 7.41485405024622 ], [ 5.971411228494674, 7.419494152398954 ], [ 5.972601891303668, 7.422980784767958 ], [ 5.973793983113637, 7.426468849137905 ], [ 5.974402904527381, 7.429378986115239 ], [ 5.97558689133183, 7.432283878088981 ], [ 5.977336883520877, 7.434600829663225 ], [ 5.97966194210062, 7.436913967234887 ], [ 5.981406212285776, 7.438648224413214 ], [ 5.98487091063987, 7.440369128582518 ], [ 5.987182140210223, 7.441515923361692 ], [ 5.987216949233925, 7.444429874341608 ], [ 5.98725986526307, 7.44792699771773 ], [ 5.986714839892727, 7.45026397730561 ], [ 5.984490871381638, 7.456110001277693 ], [ 5.978772163496046, 7.457905769497813 ], [ 5.975343227166263, 7.459099770309081 ], [ 5.971339226445707, 7.460299015123951 ], [ 5.966173171935623, 7.460340023151787 ], [ 5.963303088985583, 7.460363865168006 ], [ 5.957714081188101, 7.472651004516536 ], [ 5.956608772437107, 7.476157187898821 ], [ 5.954929829296304, 7.479669094284986 ], [ 5.953258038160413, 7.48376321806677 ], [ 5.948134898679484, 7.487301826471082 ], [ 5.948815823142127, 7.496039867408172 ], [ 5.951171874742954, 7.501221656928919 ], [ 5.952970981965393, 7.507081984910769 ], [ 5.953028202004248, 7.511744022078403 ], [ 5.954218863813253, 7.515233040449004 ], [ 5.959945201704045, 7.514019965624811 ], [ 5.96280002564373, 7.512831210817069 ], [ 5.965109825213176, 7.513978003596264 ], [ 5.967428206788384, 7.515707015771056 ], [ 5.969185828982575, 7.518608092742227 ], [ 5.970964909191423, 7.523255824900104 ], [ 5.973297118776031, 7.526152133868038 ], [ 5.975643158370076, 7.53021287862714 ], [ 5.979086875709925, 7.530185222608338 ], [ 5.982531071050062, 7.530157088589192 ], [ 5.987115860165204, 7.529537201168012 ], [ 5.989405154720657, 7.528934955758814 ], [ 5.994548798215533, 7.527143954541941 ], [ 6.002026081296037, 7.528248787292625 ], [ 6.004125594722552, 7.529235839963292 ], [ 6.012996196749668, 7.533405780796556 ], [ 6.017077922523015, 7.538619041338734 ], [ 6.021168232302216, 7.544414997276817 ], [ 6.02349901188586, 7.547309875243741 ], [ 6.022953986515517, 7.549645900830967 ], [ 6.024734019724974, 7.554296016990463 ], [ 6.025364876153617, 7.558952808154572 ], [ 6.026548861958076, 7.561859131129268 ], [ 6.028888225547576, 7.565337181492453 ], [ 6.032956123311521, 7.569384098242097 ], [ 6.035861969285918, 7.572275162206438 ], [ 6.040482998425659, 7.574569224765185 ], [ 6.043387890399401, 7.57745981172917 ], [ 6.048503875875497, 7.58012390053932 ], [ 6.098731041002509, 7.588197231024765 ], [ 6.118761062611952, 7.591416836212318 ], [ 6.122677803273177, 7.58322477264619 ], [ 6.123775959019326, 7.579134940867334 ], [ 6.125701427327613, 7.575399876329584 ] ] ] ] } },
{ "type": "Feature", "properties": { "fid": 248.0, "OBJECTID": 248.0, "lganame": "Esan West", "statecode": "ED", "LGA_UID": "12_06" }, "geometry": { "type": "MultiPolygon", "coordinates": [ [ [ [ 6.246152878168687, 6.82700681683167 ], [ 6.241637230100537, 6.821421146036471 ], [ 6.23712301303334, 6.814911841613707 ], [ 6.230653840637842, 6.804833775766099 ], [ 6.216320037898697, 6.798087120182061 ], [ 6.209095000989635, 6.78878116585912 ], [ 6.209168934039837, 6.7883388615586 ], [ 6.210020064618163, 6.783246994098931 ], [ 6.211853980864191, 6.776796817716331 ], [ 6.219755909233186, 6.768205939879238 ], [ 6.220541131766709, 6.764137062114628 ], [ 6.214901808935053, 6.756142072682394 ], [ 6.210124968689399, 6.749990939502993 ], [ 6.205607890620286, 6.744406222708449 ], [ 6.200181960933605, 6.739736079535305 ], [ 6.195656775858993, 6.736920833622435 ], [ 6.183896064868122, 6.728496074898203 ], [ 6.178469181180787, 6.723824977724462 ], [ 6.173950195110365, 6.719163894557425 ], [ 6.170341014658106, 6.713586806768092 ], [ 6.169469198065713, 6.709525067008315 ], [ 6.16855287644313, 6.705255985107669 ], [ 6.170392989693426, 6.696959019470285 ], [ 6.172226905939453, 6.69050979608835 ], [ 6.174967765801739, 6.684069156712212 ], [ 6.17860984827638, 6.679484843597379 ], [ 6.18226098975714, 6.672130107600196 ], [ 6.184000378939004, 6.667315675329007 ], [ 6.185919762243145, 6.662003039719309 ], [ 6.193212986198546, 6.650062083606031 ], [ 6.194146155832584, 6.64175701096309 ], [ 6.191454887003999, 6.63249301866864 ], [ 6.184224129091035, 6.625034808601185 ], [ 6.180607795633875, 6.621304989066914 ], [ 6.176088809563453, 6.61664295189928 ], [ 6.170662879876772, 6.611972808726136 ], [ 6.164336204578092, 6.605446815292055 ], [ 6.156188965042418, 6.60075092310143 ], [ 6.148043155507764, 6.596055030910748 ], [ 6.140799998586374, 6.592290878353197 ], [ 6.135371207897776, 6.588543891807319 ], [ 6.13629579452595, 6.583011150048037 ], [ 6.139935016998663, 6.579349994560459 ], [ 6.142122213484754, 6.578417124926659 ], [ 6.142832687967484, 6.578114097720743 ], [ 6.153520818229538, 6.576600336692195 ], [ 6.160867404221221, 6.575916242227379 ], [ 6.169873238340244, 6.575015067615084 ], [ 6.182557105958381, 6.57882976520699 ], [ 6.194327830956013, 6.584484100048883 ], [ 6.207902908179619, 6.592926978785385 ], [ 6.207019805579591, 6.585527896758094 ], [ 6.207941055205538, 6.580916881625114 ], [ 6.208875178840231, 6.572611808982174 ], [ 6.212540150330426, 6.560637950846512 ], [ 6.212565899347908, 6.552323818197465 ], [ 6.213488101974519, 6.547714233065449 ], [ 6.21440887460011, 6.543104171933123 ], [ 6.215344906236112, 6.533874988662376 ], [ 6.223053226473553, 6.52396642192997 ], [ 6.222874766352334, 6.513496792816341 ], [ 6.222966933414909, 6.507403709676339 ], [ 6.223373375691096, 6.505576443434791 ], [ 6.223053576473831, 6.503642417120716 ], [ 6.223113299514409, 6.497727500101803 ], [ 6.206813404439345, 6.496186214054603 ], [ 6.199437075427511, 6.495769808771684 ], [ 6.196708959573868, 6.49635794317129 ], [ 6.190985202684828, 6.494844913143254 ], [ 6.183728217754094, 6.495699882724182 ], [ 6.175566196208365, 6.495623111671989 ], [ 6.169219016895738, 6.495563029631171 ], [ 6.162866115579277, 6.497350215845472 ], [ 6.129343032801899, 6.487793922352409 ], [ 6.119379997032468, 6.484004973778042 ], [ 6.113947868341597, 6.481183051860626 ], [ 6.115452012363619, 6.472860323205737 ], [ 6.114880940975581, 6.466483367872911 ], [ 6.106042912970565, 6.462922672453601 ], [ 6.105696202734975, 6.463417533789823 ], [ 6.105617259681367, 6.463530209866349 ], [ 6.104908943200087, 6.471858977525358 ], [ 6.103988170574439, 6.476469039657729 ], [ 6.099440098484251, 6.481044768766708 ], [ 6.09761095024146, 6.485647201893812 ], [ 6.096693038617786, 6.489333153398263 ], [ 6.094867229377201, 6.493010997897159 ], [ 6.092132091518806, 6.497603893017867 ], [ 6.090298176272768, 6.504053116399803 ], [ 6.084428409284499, 6.510752322951589 ], [ 6.081573056344439, 6.513322140697653 ], [ 6.081133943046098, 6.516734581016237 ], [ 6.079331874821662, 6.530738830531448 ], [ 6.076584815955187, 6.53902721416307 ], [ 6.072926044469227, 6.549153805043602 ], [ 6.072907925456889, 6.554697036809955 ], [ 6.072882175439418, 6.563011169459003 ], [ 6.072866917429053, 6.567628859596539 ], [ 6.072848797416725, 6.573172092362881 ], [ 6.075558186257638, 6.576892852890978 ], [ 6.078255177090114, 6.584309100929943 ], [ 6.079137801689797, 6.591707229956626 ], [ 6.081838130524545, 6.598198891367417 ], [ 6.084537983358985, 6.604691981779183 ], [ 6.086318969569049, 6.614870070694678 ], [ 6.087204933171051, 6.621345043094152 ], [ 6.086259841528886, 6.633345127247651 ], [ 6.087147236131841, 6.639820098647078 ], [ 6.087755945545439, 6.642339442358832 ], [ 6.08893680634776, 6.64722680967958 ], [ 6.088899136322141, 6.659235953839243 ], [ 6.08888101630987, 6.664779185605596 ], [ 6.08886718730048, 6.669396876743122 ], [ 6.08849440304715, 6.671990090505062 ], [ 6.095656827913729, 6.675235415710119 ], [ 6.095049352500951, 6.68151482397667 ], [ 6.084824449553594, 6.683690833455159 ], [ 6.079721928086713, 6.693328857003735 ], [ 6.074849857776371, 6.69823061433425 ], [ 6.072443962141676, 6.700651168978936 ], [ 6.070615767899483, 6.705252171105087 ], [ 6.065155029189157, 6.711667061463686 ], [ 6.060603142096397, 6.717166901200585 ], [ 6.056551428343425, 6.721243676970573 ], [ 6.056055069006163, 6.721743107309919 ], [ 6.052412986531522, 6.726326942424407 ], [ 6.047863960440679, 6.730903148533741 ], [ 6.042406081732338, 6.736393929264466 ], [ 6.037854194639522, 6.74189281500071 ], [ 6.033306121549344, 6.746469021109988 ], [ 6.026937008221807, 6.752875805463134 ], [ 6.025117873985778, 6.754705905706601 ], [ 6.024201870363413, 6.757469176584095 ], [ 6.017819881027151, 6.768494129075009 ], [ 6.013270854936309, 6.773068905183379 ], [ 6.024158001333603, 6.771325110998532 ], [ 6.027781962795927, 6.772283076649444 ], [ 6.035034179723482, 6.773274899323326 ], [ 6.037388726323286, 6.773925785765584 ], [ 6.043105125207262, 6.77550601983927 ], [ 6.046033859197223, 6.776315212389079 ], [ 6.050435066187617, 6.778039931560954 ], [ 6.056774139494735, 6.780871868485121 ], [ 6.067635058874203, 6.787440776948358 ], [ 6.078489780249527, 6.795857905667447 ], [ 6.085731983170263, 6.799622059224987 ], [ 6.09297180208938, 6.804308891409448 ], [ 6.097495079162684, 6.808046817949219 ], [ 6.101112842620807, 6.810853003855868 ], [ 6.107449054925951, 6.814608097407302 ], [ 6.113788128233068, 6.817440033331479 ], [ 6.124660014620019, 6.820312977283493 ], [ 6.134628773393331, 6.822256087603762 ], [ 6.141874790316649, 6.825096129533449 ], [ 6.150035857861724, 6.825172900585585 ], [ 6.158199787408705, 6.82432699201081 ], [ 6.167360782633182, 6.823766231629804 ], [ 6.171802043650814, 6.824454784097668 ], [ 6.179963112195878, 6.824532986150814 ], [ 6.185403823892557, 6.824584007185479 ], [ 6.18812084173868, 6.825532912830226 ], [ 6.195370196664271, 6.827449799132637 ], [ 6.199894904738585, 6.830264091044796 ], [ 6.214397906592694, 6.832249165393591 ], [ 6.221642970515347, 6.835089207323279 ], [ 6.228891850440618, 6.837005137625056 ], [ 6.235228061745772, 6.840760231176432 ], [ 6.241571903056126, 6.841743945844826 ], [ 6.247934818379463, 6.837184905747165 ], [ 6.250658035229719, 6.836287022137128 ], [ 6.247052192779734, 6.829786776720482 ], [ 6.246152878168687, 6.82700681683167 ] ] ] ] } },
{ "type": "Feature", "properties": { "fid": 262.0, "OBJECTID": 262.0, "lganame": "Etsako West", "statecode": "ED", "LGA_UID": "12_09" }, "geometry": { "type": "MultiPolygon", "coordinates": [ [ [ [ 6.414650916655205, 7.166707992642614 ], [ 6.414666175665559, 7.16208982450479 ], [ 6.415596008297314, 7.154707909489161 ], [ 6.417429923543409, 7.148259163107525 ], [ 6.41926717779171, 7.140885830097659 ], [ 6.422014235658196, 7.132597923466449 ], [ 6.42203092566956, 7.127055167700405 ], [ 6.421143055066295, 7.121503829928542 ], [ 6.421185970095451, 7.107647895514049 ], [ 6.420300007493495, 7.101172924114621 ], [ 6.417596816656783, 7.095604897331441 ], [ 6.413081168588633, 7.090019225536196 ], [ 6.407658099903927, 7.084424972735178 ], [ 6.400417804984443, 7.079738139550727 ], [ 6.393184185069572, 7.073203087110471 ], [ 6.388656138992985, 7.071311950825532 ], [ 6.383230209306305, 7.066641807652388 ], [ 6.377803801619336, 7.061972141479544 ], [ 6.372381209934929, 7.056376933677882 ], [ 6.381465912107558, 7.050920962970793 ], [ 6.390561104287315, 7.042693138380343 ], [ 6.39419698675772, 7.039956092520697 ], [ 6.396018981995667, 7.03720188064932 ], [ 6.398754119854061, 7.032608985528668 ], [ 6.400585175098172, 7.027082919773932 ], [ 6.401508807725747, 7.021549225014098 ], [ 6.400622845123792, 7.015075206615279 ], [ 6.397918224286116, 7.010429859459009 ], [ 6.394308089833203, 7.004852771669619 ], [ 6.38978910376278, 7.000191211502283 ], [ 6.383460999463125, 6.993665218068202 ], [ 6.378935814388456, 6.990849972155388 ], [ 6.374416828318033, 6.986188888988409 ], [ 6.36719179240896, 6.976881980664757 ], [ 6.366309165809241, 6.969483851638074 ], [ 6.367249966448469, 6.958406925111831 ], [ 6.368175030076998, 6.95287323035194 ], [ 6.371826171557814, 6.945518017354459 ], [ 6.375471115034372, 6.940010070612061 ], [ 6.37820005388852, 6.937263965746183 ], [ 6.392704963743938, 6.938324928467068 ], [ 6.397233008820535, 6.940216063752018 ], [ 6.404476165741926, 6.943978786308605 ], [ 6.409005164819177, 6.945869922593545 ], [ 6.415338039122048, 6.950549125772852 ], [ 6.424394131275278, 6.954329014341113 ], [ 6.431644917201822, 6.95532178901567 ], [ 6.438899994131305, 6.955390930062606 ], [ 6.447053908671478, 6.957314968369928 ], [ 6.45431804660717, 6.95461320853417 ], [ 6.459770203311621, 6.950969219058265 ], [ 6.463408946784, 6.947309016571353 ], [ 6.467951774870642, 6.944581031717803 ], [ 6.472495078957593, 6.941852092863599 ], [ 6.477039814045497, 6.938199997382185 ], [ 6.480677127516913, 6.935462951522481 ], [ 6.485221862604817, 6.931810856041068 ], [ 6.487954140461284, 6.92814207054829 ], [ 6.488870144083648, 6.925378798670806 ], [ 6.487065791857674, 6.922283172567461 ], [ 6.483428955386614, 6.925326823635487 ], [ 6.481624126160341, 6.922539233741418 ], [ 6.478009223704191, 6.918808937206848 ], [ 6.472586155019485, 6.913216114406794 ], [ 6.464454174494165, 6.90390110007769 ], [ 6.459939957426968, 6.897390841654271 ], [ 6.45543003136271, 6.889957904603932 ], [ 6.451819896909797, 6.884380816814598 ], [ 6.445498942614961, 6.876008034125675 ], [ 6.437373161093888, 6.864844798540787 ], [ 6.429246901572469, 6.853682994956841 ], [ 6.424746036514364, 6.843479156023818 ], [ 6.416615962990363, 6.83324003206684 ], [ 6.412099837921858, 6.827653885271275 ], [ 6.406685829243315, 6.819289206587882 ], [ 6.398548125714115, 6.811820983513599 ], [ 6.394013881633271, 6.811779022485098 ], [ 6.391294002785287, 6.81175279646726 ], [ 6.383130074238238, 6.812599182042334 ], [ 6.379269122614915, 6.813684939780046 ], [ 6.376776217921133, 6.81438684525699 ], [ 6.369519233990331, 6.815241813837872 ], [ 6.358632087593037, 6.816987038023683 ], [ 6.348650931811278, 6.818738937213993 ], [ 6.339580058648096, 6.819577216783557 ], [ 6.331412792098774, 6.82134818998685 ], [ 6.322336196931701, 6.824032783810935 ], [ 6.313264846768107, 6.824871063380499 ], [ 6.303277968982513, 6.828472136827259 ], [ 6.301474093756838, 6.825683116932282 ], [ 6.299668788530255, 6.822895050037914 ], [ 6.293342113231574, 6.816368102603121 ], [ 6.288832188167305, 6.808935164552793 ], [ 6.285219192712418, 6.804282188391312 ], [ 6.280700206641995, 6.799620152223724 ], [ 6.273457049720605, 6.795855998666127 ], [ 6.271655083496228, 6.792143822143885 ], [ 6.266205787793695, 6.794864177992224 ], [ 6.266188144781722, 6.800405978757624 ], [ 6.264362811541503, 6.804083824256566 ], [ 6.262535095299654, 6.808685780383371 ], [ 6.26252603529349, 6.811458111267029 ], [ 6.260694981049369, 6.816983223021111 ], [ 6.258869170808794, 6.820661067520007 ], [ 6.256127833946209, 6.827101230895778 ], [ 6.254305839708252, 6.82985496476681 ], [ 6.25248289146964, 6.832610129638852 ], [ 6.250658035229719, 6.836287022137128 ], [ 6.247934818379463, 6.837184905747165 ], [ 6.241571903056126, 6.841743945844826 ], [ 6.235228061745772, 6.840760231176432 ], [ 6.228891850440618, 6.837005137625056 ], [ 6.221642970515347, 6.835089207323279 ], [ 6.214397906592694, 6.832249165393591 ], [ 6.199894904738585, 6.830264091044796 ], [ 6.195370196664271, 6.827449799132637 ], [ 6.18812084173868, 6.825532912830226 ], [ 6.185403823892557, 6.824584007185479 ], [ 6.179963112195878, 6.824532986150814 ], [ 6.171802043650814, 6.824454784097668 ], [ 6.167360782633182, 6.823766231629804 ], [ 6.169964790402446, 6.831828117107477 ], [ 6.170851231004747, 6.838303088506962 ], [ 6.174451828451197, 6.84665107717899 ], [ 6.177152157285946, 6.853143214590091 ], [ 6.178034781885628, 6.860541820617129 ], [ 6.17892694549181, 6.865169047761071 ], [ 6.1843328481649, 6.876306057328179 ], [ 6.187931060609685, 6.885578155628139 ], [ 6.193338871284084, 6.89579105356728 ], [ 6.198750972961307, 6.905079841878603 ], [ 6.203255177021731, 6.914361000184726 ], [ 6.207763195084738, 6.922717093862275 ], [ 6.210460185917213, 6.93013286590093 ], [ 6.213157176749689, 6.937549113939951 ], [ 6.214962005975963, 6.940337180834319 ], [ 6.215847968577918, 6.946812153233736 ], [ 6.21571588548818, 6.988380909477769 ], [ 6.21926689090094, 7.012434005820694 ], [ 6.219188212847484, 7.037374972766941 ], [ 6.21826410321961, 7.04290914452713 ], [ 6.215521812356315, 7.049349784903256 ], [ 6.21368312810705, 7.057645797539976 ], [ 6.20729684776785, 7.069594859658821 ], [ 6.202735900668927, 7.077866077278713 ], [ 6.197275161958601, 7.084280013636715 ], [ 6.192724227866449, 7.089779854373603 ], [ 6.18816900277136, 7.096203803738376 ], [ 6.185437201915249, 7.099873066231453 ], [ 6.180317879436927, 7.112758159986242 ], [ 6.184488773270857, 7.112796783012527 ], [ 6.198979855116818, 7.118476867871834 ], [ 6.211626052709335, 7.134301185623713 ], [ 6.218843936613553, 7.145454884202138 ], [ 6.226067065521306, 7.155684948153009 ], [ 6.229671000970029, 7.163108826197174 ], [ 6.237775803476893, 7.180737972175336 ], [ 6.244995117382075, 7.191892146754071 ], [ 6.249507904448251, 7.198400974176536 ], [ 6.254031180521622, 7.20213890071625 ], [ 6.25673294135737, 7.207706928499476 ], [ 6.264008999301097, 7.201310158153206 ], [ 6.273087978469846, 7.197700976700901 ], [ 6.283073902254785, 7.194099903254141 ], [ 6.292149067420951, 7.192337990057013 ], [ 6.303032874815983, 7.191517830499777 ], [ 6.310289859746774, 7.190661906918194 ], [ 6.317546843677519, 7.189806938337256 ], [ 6.329339026689752, 7.18899488378554 ], [ 6.33660221062479, 7.186293124949827 ], [ 6.346581936405528, 7.184539794758507 ], [ 6.351117134486969, 7.184583186787961 ], [ 6.358374119417761, 7.183728218207079 ], [ 6.365640163354669, 7.180100917742493 ], [ 6.376522063748439, 7.180203914812466 ], [ 6.388321876765872, 7.17662000737738 ], [ 6.39468097708658, 7.172986030908248 ], [ 6.401944160021571, 7.170282841071582 ], [ 6.408298016338676, 7.16849613185758 ], [ 6.414650916655205, 7.166707992642614 ] ] ] ] } },
{ "type": "Feature", "properties": { "fid": 264.0, "OBJECTID": 264.0, "lganame": "Esan South-East", "statecode": "ED", "LGA_UID": "12_05" }, "geometry": { "type": "MultiPolygon", "coordinates": [ [ [ [ 6.530869960620578, 6.793375968981081 ], [ 6.54007196387289, 6.792839049616248 ], [ 6.548240185422799, 6.791068077412945 ], [ 6.560028076432161, 6.791180134489082 ], [ 6.569096087593437, 6.791265010546795 ], [ 6.581793785220896, 6.790462017001175 ], [ 6.593578815228284, 6.791497230704579 ], [ 6.60627508185479, 6.791617869786535 ], [ 6.616251944633632, 6.790788174222769 ], [ 6.623610019633077, 6.793598175132047 ], [ 6.623548984591594, 6.790752888198824 ], [ 6.627364159183855, 6.781950951218278 ], [ 6.629514216644736, 6.775506972839935 ], [ 6.631689072122413, 6.769058228458334 ], [ 6.628021716630599, 6.748887538753252 ], [ 6.62618780138456, 6.731467723917319 ], [ 6.621603489269717, 6.722299098687699 ], [ 6.61793613377796, 6.70487928385171 ], [ 6.628021716630599, 6.674623489294333 ], [ 6.652776241450169, 6.634282111884261 ], [ 6.660110950433761, 6.608610630441717 ], [ 6.6619448656798, 6.572853565146431 ], [ 6.6619448656798, 6.552682877441441 ], [ 6.664700984552439, 6.532356261630468 ], [ 6.66892099441975, 6.50123405548436 ], [ 6.659813881231912, 6.498556136664831 ], [ 6.656365394888837, 6.496057509967159 ], [ 6.649354458125231, 6.490977763515673 ], [ 6.646256924020577, 6.488733767990993 ], [ 6.632654189778179, 6.489315033385935 ], [ 6.622426032828628, 6.495471000568671 ], [ 6.618899822432752, 6.496518612280454 ], [ 6.608807086575212, 6.499517918318361 ], [ 6.59724998472268, 6.498727797781498 ], [ 6.585692882870148, 6.497939110245625 ], [ 6.575504779947835, 6.495079994302955 ], [ 6.565308094019656, 6.49430179577422 ], [ 6.55171108178115, 6.493494987226029 ], [ 6.540155887929927, 6.492012024218411 ], [ 6.535428523717883, 6.490363598098384 ], [ 6.529631137778836, 6.488606929904847 ], [ 6.526188850439951, 6.488078116545523 ], [ 6.523318768489901, 6.487541199180725 ], [ 6.520029068254701, 6.483035564119348 ], [ 6.509625912186266, 6.475808144208656 ], [ 6.502198219139473, 6.46395683315626 ], [ 6.492447852514545, 6.456245898917018 ], [ 6.490446568154766, 6.455711364553849 ], [ 6.48050785140191, 6.447825909196069 ], [ 6.466182708668612, 6.440909863496927 ], [ 6.46208190888234, 6.437876701436039 ], [ 6.448867797903972, 6.428103923795902 ], [ 6.445375918531397, 6.425244807853232 ], [ 6.441873074151374, 6.421802997514703 ], [ 6.440121173961018, 6.420083046346065 ], [ 6.436604022571316, 6.416059016611939 ], [ 6.433647155562255, 6.411443233475723 ], [ 6.431262015941627, 6.406817913333043 ], [ 6.428949833370609, 6.405688762565831 ], [ 6.423731803825206, 6.402275085246401 ], [ 6.41910982068481, 6.400015830711368 ], [ 6.415059089932527, 6.397748947171124 ], [ 6.412735939354036, 6.396037102007995 ], [ 6.410437106792131, 6.395491122636997 ], [ 6.406398773048238, 6.393805981492051 ], [ 6.401229857536237, 6.392722129755612 ], [ 6.397776127189559, 6.391611099000727 ], [ 6.39142703987568, 6.388796806088521 ], [ 6.385685920974822, 6.387722015358293 ], [ 6.379920959057813, 6.38548088083553 ], [ 6.370153904421556, 6.383304119356524 ], [ 6.365606785332034, 6.384541035196946 ], [ 6.362289429078032, 6.384438992127627 ], [ 6.357560157864725, 6.384293556028808 ], [ 6.349565983433024, 6.378776073279937 ], [ 6.34158611301109, 6.378413677033677 ], [ 6.336294651415812, 6.378173350870384 ], [ 6.331655502263686, 6.376447677697911 ], [ 6.324658870509836, 6.373845576929909 ], [ 6.322375297958274, 6.373044968385898 ], [ 6.319386958927794, 6.371263027175189 ], [ 6.312781334439592, 6.367324829499353 ], [ 6.307765484031563, 6.365965842575974 ], [ 6.304602622882555, 6.365047454951991 ], [ 6.298853396976199, 6.363378047817662 ], [ 6.29031801217684, 6.361868381791965 ], [ 6.28161621126435, 6.360329150746111 ], [ 6.282981873192284, 6.366384982860779 ], [ 6.284783840416594, 6.370098114383666 ], [ 6.286582946639044, 6.374733924533473 ], [ 6.288383960862745, 6.378446102055705 ], [ 6.291996956317575, 6.383099079217175 ], [ 6.295607089770499, 6.388676167006565 ], [ 6.298312186608484, 6.393321037162536 ], [ 6.302804946661126, 6.406295775978265 ], [ 6.306408882109793, 6.41372108502344 ], [ 6.303674221251754, 6.418313980144092 ], [ 6.296411037316773, 6.421016215980103 ], [ 6.290960788613575, 6.423736094828143 ], [ 6.285513877912649, 6.42553186404831 ], [ 6.280960082818581, 6.431954861412407 ], [ 6.28276205104288, 6.435667991935304 ], [ 6.285464763879247, 6.441236018718541 ], [ 6.288166999715315, 6.446804046501711 ], [ 6.290862082546482, 6.455143929168287 ], [ 6.29446506499454, 6.462567806212462 ], [ 6.29535198159715, 6.46904277761189 ], [ 6.297132968807261, 6.479221820528096 ], [ 6.293497086336856, 6.481957912387145 ], [ 6.284401894157099, 6.490187167978547 ], [ 6.278028010826347, 6.498439788585813 ], [ 6.273474215732278, 6.504864215950874 ], [ 6.270720958861546, 6.514998912836916 ], [ 6.261614798674316, 6.526922225938279 ], [ 6.267941951973341, 6.533449173373015 ], [ 6.274271965274295, 6.539052010179887 ], [ 6.278789043343409, 6.544637202974741 ], [ 6.281490803179167, 6.550205230757967 ], [ 6.285089015623953, 6.559476852057628 ], [ 6.288699150076866, 6.565053939846962 ], [ 6.293218136147345, 6.569715023013941 ], [ 6.295929908989876, 6.572513102915138 ], [ 6.302268982296937, 6.575344085838651 ], [ 6.318582058380912, 6.578269957826649 ], [ 6.324923991689957, 6.580177784122895 ], [ 6.329445838762354, 6.583916186662975 ], [ 6.334867001445787, 6.590434074091604 ], [ 6.338451861881538, 6.603400229901467 ], [ 6.34205579833025, 6.610825061946286 ], [ 6.346560955391283, 6.620104790251446 ], [ 6.350166797841268, 6.626605987668711 ], [ 6.349230766205267, 6.635835170939515 ], [ 6.348309993579676, 6.640445232071841 ], [ 6.346478939335555, 6.645970820826221 ], [ 6.343735218471295, 6.653335093829867 ], [ 6.33918285437818, 6.658833980566101 ], [ 6.339166164366873, 6.6643772133325 ], [ 6.337339878125988, 6.668055057831396 ], [ 6.342772006816858, 6.670877933749409 ], [ 6.347293853889255, 6.67461586028918 ], [ 6.350906849344085, 6.67926883745065 ], [ 6.353619099186915, 6.682065964351125 ], [ 6.365359783164195, 6.69695806546963 ], [ 6.373497962693705, 6.704424857542961 ], [ 6.383458138461151, 6.709137916745249 ], [ 6.397047996694823, 6.712962151343675 ], [ 6.407927036086619, 6.713988781041223 ], [ 6.419714928095971, 6.714099884116706 ], [ 6.429689883873493, 6.71419477518117 ], [ 6.4351129525582, 6.719789027982188 ], [ 6.434188842930268, 6.725323199742434 ], [ 6.434171199918296, 6.730865001507823 ], [ 6.432340144674185, 6.736391068262492 ], [ 6.430509090430064, 6.741917133017182 ], [ 6.428662777175589, 6.752059936908779 ], [ 6.429543017773653, 6.760383128564001 ], [ 6.430427074374336, 6.767782210591292 ], [ 6.431306838972091, 6.77610397324554 ], [ 6.436745166667208, 6.777079104908125 ], [ 6.446713924440473, 6.77902078622742 ], [ 6.455772876595631, 6.781877995168713 ], [ 6.463025092523196, 6.782870769843271 ], [ 6.472088813681523, 6.783881186529811 ], [ 6.482964993071391, 6.785830974854605 ], [ 6.491119861612276, 6.787755966162536 ], [ 6.497465133923583, 6.788740157831228 ], [ 6.508337975311122, 6.791614055783953 ], [ 6.517399788468197, 6.793547153097393 ], [ 6.526467799629529, 6.793632984155693 ], [ 6.530869960620578, 6.793375968981081 ] ] ] ] } },
{ "type": "Feature", "properties": { "fid": 623.0, "OBJECTID": 623.0, "lganame": "Iguegben", "statecode": "ED", "LGA_UID": "12_10" }, "geometry": { "type": "MultiPolygon", "coordinates": [ [ [ [ 6.321023941040039, 6.666052818470973 ], [ 6.328289985976994, 6.662425995006743 ], [ 6.339166164366873, 6.6643772133325 ], [ 6.33918285437818, 6.658833980566101 ], [ 6.343735218471295, 6.653335093829867 ], [ 6.346478939335555, 6.645970820826221 ], [ 6.348309993579676, 6.640445232071841 ], [ 6.349230766205267, 6.635835170939515 ], [ 6.350166797841268, 6.626605987668711 ], [ 6.346560955391283, 6.620104790251446 ], [ 6.34205579833025, 6.610825061946286 ], [ 6.338451861881538, 6.603400229901467 ], [ 6.334867001445787, 6.590434074091604 ], [ 6.329445838762354, 6.583916186662975 ], [ 6.324923991689957, 6.580177784122895 ], [ 6.318582058380912, 6.578269957826649 ], [ 6.302268982296937, 6.575344085838651 ], [ 6.295929908989876, 6.572513102915138 ], [ 6.293218136147345, 6.569715023013941 ], [ 6.288699150076866, 6.565053939846962 ], [ 6.285089015623953, 6.559476852057628 ], [ 6.281490803179167, 6.550205230757967 ], [ 6.278789043343409, 6.544637202974741 ], [ 6.274271965274295, 6.539052010179887 ], [ 6.267941951973341, 6.533449173373015 ], [ 6.261614798674316, 6.526922225938279 ], [ 6.270720958861546, 6.514998912836916 ], [ 6.273474215732278, 6.504864215950874 ], [ 6.278028010826347, 6.498439788585813 ], [ 6.284401894157099, 6.490187167978547 ], [ 6.293497086336856, 6.481957912387145 ], [ 6.297132968807261, 6.479221820528096 ], [ 6.29535198159715, 6.46904277761189 ], [ 6.29446506499454, 6.462567806212462 ], [ 6.290862082546482, 6.455143929168287 ], [ 6.288166999715315, 6.446804046501711 ], [ 6.285464763879247, 6.441236018718541 ], [ 6.28276205104288, 6.435667991935304 ], [ 6.280960082818581, 6.431954861412407 ], [ 6.285513877912649, 6.42553186404831 ], [ 6.290960788613575, 6.423736094828143 ], [ 6.296411037316773, 6.421016215980103 ], [ 6.303674221251754, 6.418313980144092 ], [ 6.306408882109793, 6.41372108502344 ], [ 6.302804946661126, 6.406295775978265 ], [ 6.298312186608484, 6.393321037162536 ], [ 6.295607089770499, 6.388676167006565 ], [ 6.291996956317575, 6.383099079217175 ], [ 6.288383960862745, 6.378446102055705 ], [ 6.286582946639044, 6.374733924533473 ], [ 6.284783840416594, 6.370098114383666 ], [ 6.282981873192284, 6.366384982860779 ], [ 6.28161621126435, 6.360329150746111 ], [ 6.279860020071112, 6.358500003503309 ], [ 6.276096820514169, 6.3577981000264 ], [ 6.269393920959885, 6.361638068635443 ], [ 6.263022899631096, 6.368968009615799 ], [ 6.253921032446783, 6.37996721308923 ], [ 6.249388344367048, 6.385036603533649 ], [ 6.24572992288131, 6.389128208313707 ], [ 6.242994785022915, 6.393721104434348 ], [ 6.238442897930099, 6.399219990170593 ], [ 6.234800816455504, 6.403804779285736 ], [ 6.232069015599393, 6.407474040778823 ], [ 6.226607799888711, 6.413888931137478 ], [ 6.224782943648847, 6.417566775636374 ], [ 6.215703011479434, 6.421175957088678 ], [ 6.203011035855866, 6.420132160379467 ], [ 6.195762156930584, 6.418216228077654 ], [ 6.188508034001757, 6.418147087030661 ], [ 6.181252956072228, 6.418077945983725 ], [ 6.173998833143401, 6.418010234937697 ], [ 6.168554783444449, 6.418881892529953 ], [ 6.157677174053617, 6.417854785832048 ], [ 6.1522388463585, 6.416880131169819 ], [ 6.147714138284186, 6.414064884257016 ], [ 6.142282008593327, 6.411242962339657 ], [ 6.136849879902456, 6.408420086421643 ], [ 6.13288261820685, 6.405396537367267 ], [ 6.131688118395289, 6.404486178748755 ], [ 6.130502223589531, 6.408360004380825 ], [ 6.130490779581748, 6.412055015891383 ], [ 6.128654003333736, 6.419427871900893 ], [ 6.125904083465286, 6.42863893515937 ], [ 6.122259139988728, 6.434147834902433 ], [ 6.119514942124169, 6.441512107906135 ], [ 6.116774082261884, 6.447953224282571 ], [ 6.113167728811561, 6.45220660217251 ], [ 6.110883446259493, 6.456013739759271 ], [ 6.106042912970565, 6.462922672453601 ], [ 6.114880940975581, 6.466483367872911 ], [ 6.115452012363619, 6.472860323205737 ], [ 6.113947868341597, 6.481183051860626 ], [ 6.119379997032468, 6.484004973778042 ], [ 6.129343032801899, 6.487793922352409 ], [ 6.162866115579277, 6.497350215845472 ], [ 6.169219016895738, 6.495563029631171 ], [ 6.175566196208365, 6.495623111671989 ], [ 6.183728217754094, 6.495699882724182 ], [ 6.190985202684828, 6.494844913143254 ], [ 6.196708959573868, 6.49635794317129 ], [ 6.199437075427511, 6.495769808771684 ], [ 6.206813404439345, 6.496186214054603 ], [ 6.223113299514409, 6.497727500101803 ], [ 6.223053576473831, 6.503642417120716 ], [ 6.223373375691096, 6.505576443434791 ], [ 6.222966933414909, 6.507403709676339 ], [ 6.222874766352334, 6.513496792816341 ], [ 6.223053226473553, 6.52396642192997 ], [ 6.215344906236112, 6.533874988662376 ], [ 6.21440887460011, 6.543104171933123 ], [ 6.213488101974519, 6.547714233065449 ], [ 6.212565899347908, 6.552323818197465 ], [ 6.212540150330426, 6.560637950846512 ], [ 6.208875178840231, 6.572611808982174 ], [ 6.207941055205538, 6.580916881625114 ], [ 6.207019805579591, 6.585527896758094 ], [ 6.207902908179619, 6.592926978785385 ], [ 6.208796023786476, 6.597554206929374 ], [ 6.210586071002695, 6.604960917961876 ], [ 6.214194775454644, 6.610538005751266 ], [ 6.217795848901403, 6.618885994423351 ], [ 6.224123001200439, 6.625411986857443 ], [ 6.232268809735103, 6.630108833048723 ], [ 6.235890865196154, 6.631989956326834 ], [ 6.244946957349327, 6.635770797895759 ], [ 6.252186775268456, 6.640459061081231 ], [ 6.257616042957352, 6.644206046627119 ], [ 6.262141228032021, 6.647019862538968 ], [ 6.264313220507802, 6.648426056494429 ], [ 6.26938104595115, 6.651707171723785 ], [ 6.273900032021572, 6.656369208891419 ], [ 6.277521133481969, 6.658250809169886 ], [ 6.282042979554319, 6.661989211709965 ], [ 6.284758091399112, 6.663862227982577 ], [ 6.291101932709466, 6.66484594265097 ], [ 6.301978111099345, 6.666796206976073 ], [ 6.31013584064209, 6.667798041656795 ], [ 6.321023941040039, 6.666052818470973 ] ] ] ] } },
{ "type": "Feature", "properties": { "fid": 728.0, "OBJECTID": 728.0, "lganame": "Esan Central", "statecode": "ED", "LGA_UID": "12_03" }, "geometry": { "type": "MultiPolygon", "coordinates": [ [ [ [ 6.266205787793695, 6.794864177992224 ], [ 6.271655083496228, 6.792143822143885 ], [ 6.273457049720605, 6.795855998666127 ], [ 6.280700206641995, 6.799620152223724 ], [ 6.285219192712418, 6.804282188391312 ], [ 6.288832188167305, 6.808935164552793 ], [ 6.293342113231574, 6.816368102603121 ], [ 6.299668788530255, 6.822895050037914 ], [ 6.301474093756838, 6.825683116932282 ], [ 6.303277968982513, 6.828472136827259 ], [ 6.313264846768107, 6.824871063380499 ], [ 6.322336196931701, 6.824032783810935 ], [ 6.331412792098774, 6.82134818998685 ], [ 6.339580058648096, 6.819577216783557 ], [ 6.348650931811278, 6.818738937213993 ], [ 6.358632087593037, 6.816987038023683 ], [ 6.369519233990331, 6.815241813837872 ], [ 6.376776217921133, 6.81438684525699 ], [ 6.379269122614915, 6.813684939780046 ], [ 6.378615856171052, 6.80608987761957 ], [ 6.380487919443055, 6.787631989078307 ], [ 6.378692150222889, 6.782073021301244 ], [ 6.377802848618671, 6.776521205529036 ], [ 6.377822875632262, 6.770054817135417 ], [ 6.377831935638426, 6.767282963252114 ], [ 6.375123977798523, 6.763563155724682 ], [ 6.366066932644685, 6.759781837155458 ], [ 6.3579120641038, 6.757856845847471 ], [ 6.347035884713932, 6.755907058522723 ], [ 6.336154938320874, 6.755804062452739 ], [ 6.324360847307332, 6.757538794631387 ], [ 6.314389228532093, 6.756521224940002 ], [ 6.304410933752308, 6.757349967503103 ], [ 6.296249866207233, 6.757273197450957 ], [ 6.285375117818376, 6.755322933125797 ], [ 6.274501801430461, 6.752449036173118 ], [ 6.265445232276932, 6.74866819360426 ], [ 6.258193970350078, 6.747674941929347 ], [ 6.251852989041652, 6.745768069633755 ], [ 6.244606018117679, 6.742928027704068 ], [ 6.240085125045937, 6.739190102164343 ], [ 6.238286017823555, 6.734552860013537 ], [ 6.239215851455299, 6.727171897998517 ], [ 6.241044043697457, 6.722569941871711 ], [ 6.241961956321177, 6.71888399136725 ], [ 6.24109077472923, 6.707789897829343 ], [ 6.245625018810017, 6.707832812858499 ], [ 6.247449875049938, 6.704154968359603 ], [ 6.24927902229274, 6.699553013232787 ], [ 6.249299049306387, 6.693088054840132 ], [ 6.248401164696304, 6.690308093951273 ], [ 6.249326229324822, 6.68477296819043 ], [ 6.250240802946223, 6.682011127313899 ], [ 6.252071857190344, 6.676486014559828 ], [ 6.255713939664986, 6.671901226444675 ], [ 6.257538794904917, 6.668222903945434 ], [ 6.259370804149682, 6.662697792191409 ], [ 6.261196136389856, 6.659019946692467 ], [ 6.262112141012267, 6.656257152815272 ], [ 6.263032912637868, 6.651647090682957 ], [ 6.264313220507802, 6.648426056494429 ], [ 6.262141228032021, 6.647019862538968 ], [ 6.257616042957352, 6.644206046627119 ], [ 6.252186775268456, 6.640459061081231 ], [ 6.244946957349327, 6.635770797895759 ], [ 6.235890865196154, 6.631989956326834 ], [ 6.232268809735103, 6.630108833048723 ], [ 6.224123001200439, 6.625411986857443 ], [ 6.217795848901403, 6.618885994423351 ], [ 6.214194775454644, 6.610538005751266 ], [ 6.210586071002695, 6.604960917961876 ], [ 6.208796023786476, 6.597554206929374 ], [ 6.207902908179619, 6.592926978785385 ], [ 6.194327830956013, 6.584484100048883 ], [ 6.182557105958381, 6.57882976520699 ], [ 6.169873238340244, 6.575015067615084 ], [ 6.160867404221221, 6.575916242227379 ], [ 6.153520818229538, 6.576600336692195 ], [ 6.142832687967484, 6.578114097720743 ], [ 6.142122213484754, 6.578417124926659 ], [ 6.139935016998663, 6.579349994560459 ], [ 6.13629579452595, 6.583011150048037 ], [ 6.135371207897776, 6.588543891807319 ], [ 6.140799998586374, 6.592290878353197 ], [ 6.148043155507764, 6.596055030910748 ], [ 6.156188965042418, 6.60075092310143 ], [ 6.164336204578092, 6.605446815292055 ], [ 6.170662879876772, 6.611972808726136 ], [ 6.176088809563453, 6.61664295189928 ], [ 6.180607795633875, 6.621304989066914 ], [ 6.184224129091035, 6.625034808601185 ], [ 6.191454887003999, 6.63249301866864 ], [ 6.194146155832584, 6.64175701096309 ], [ 6.193212986198546, 6.650062083606031 ], [ 6.185919762243145, 6.662003039719309 ], [ 6.184000378939004, 6.667315675329007 ], [ 6.18226098975714, 6.672130107600196 ], [ 6.17860984827638, 6.679484843597379 ], [ 6.174967765801739, 6.684069156712212 ], [ 6.172226905939453, 6.69050979608835 ], [ 6.170392989693426, 6.696959019470285 ], [ 6.16855287644313, 6.705255985107669 ], [ 6.169469198065713, 6.709525067008315 ], [ 6.170341014658106, 6.713586806768092 ], [ 6.173950195110365, 6.719163894557425 ], [ 6.178469181180787, 6.723824977724462 ], [ 6.183896064868122, 6.728496074898203 ], [ 6.195656775858993, 6.736920833622435 ], [ 6.200181960933605, 6.739736079535305 ], [ 6.205607890620286, 6.744406222708449 ], [ 6.210124968689399, 6.749990939502993 ], [ 6.214901808935053, 6.756142072682394 ], [ 6.220541131766709, 6.764137062114628 ], [ 6.219755909233186, 6.768205939879238 ], [ 6.211853980864191, 6.776796817716331 ], [ 6.210020064618163, 6.783246994098931 ], [ 6.209168934039837, 6.7883388615586 ], [ 6.209095000989635, 6.78878116585912 ], [ 6.216320037898697, 6.798087120182061 ], [ 6.230653840637842, 6.804833775766099 ], [ 6.23712301303334, 6.814911841613707 ], [ 6.241637230100537, 6.821421146036471 ], [ 6.246152878168687, 6.82700681683167 ], [ 6.247052192779734, 6.829786776720482 ], [ 6.250658035229719, 6.836287022137128 ], [ 6.25248289146964, 6.832610129638852 ], [ 6.254305839708252, 6.82985496476681 ], [ 6.256127833946209, 6.827101230895778 ], [ 6.258869170808794, 6.820661067520007 ], [ 6.260694981049369, 6.816983223021111 ], [ 6.26252603529349, 6.811458111267029 ], [ 6.262535095299654, 6.808685780383371 ], [ 6.264362811541503, 6.804083824256566 ], [ 6.266188144781722, 6.800405978757624 ], [ 6.266205787793695, 6.794864177992224 ] ] ] ] } },
{ "type": "Feature", "properties": { "fid": 739.0, "OBJECTID": 739.0, "lganame": "Ikpoba-Okha", "statecode": "ED", "LGA_UID": "12_11" }, "geometry": { "type": "MultiPolygon", "coordinates": [ [ [ [ 5.680003207496611, 6.371104759067634 ], [ 5.685129959979975, 6.369317279853135 ], [ 5.697635013476599, 6.376827362955851 ], [ 5.699419608689141, 6.374590670436135 ], [ 5.700942463723834, 6.374781026565472 ], [ 5.701799070305867, 6.374447902339114 ], [ 5.703631254550771, 6.372092235738592 ], [ 5.704995344477595, 6.37099123399048 ], [ 5.705947500124523, 6.370208100458399 ], [ 5.705474147802931, 6.362320979099479 ], [ 5.703646721561256, 6.346331001235001 ], [ 5.702677265902537, 6.341540828980328 ], [ 5.705179402602653, 6.341013933622321 ], [ 5.689939218247673, 6.323203115520698 ], [ 5.756278591322143, 6.283513705553617 ], [ 5.764559114948383, 6.282276386712908 ], [ 5.76370250936634, 6.297695294189339 ], [ 5.763226617043017, 6.302168681228807 ], [ 5.762084476266978, 6.308355279432305 ], [ 5.7632040980277, 6.315147877047536 ], [ 5.767631054035633, 6.31134891546634 ], [ 5.780138968534118, 6.30459594687801 ], [ 5.791605949325401, 6.293241024162853 ], [ 5.796032906333323, 6.289443015582322 ], [ 5.802247046555522, 6.284678936345358 ], [ 5.806726932599418, 6.282730103021208 ], [ 5.810166835936684, 6.2761778825693 ], [ 5.812753200693976, 6.27149486538741 ], [ 5.817100047647443, 6.2649230959222 ], [ 5.821498870636276, 6.260200023713082 ], [ 5.824112892412359, 6.256442070159721 ], [ 5.82754611974508, 6.252757071655935 ], [ 5.825405121290373, 6.25027513496957 ], [ 5.823635101087746, 6.236401080542805 ], [ 5.819116116017312, 6.231739998375815 ], [ 5.816398144170535, 6.230790137730423 ], [ 5.801900864320316, 6.22695684412588 ], [ 5.793743133777525, 6.225955963445813 ], [ 5.784675120616271, 6.225871086388167 ], [ 5.768382071545886, 6.216477871005907 ], [ 5.755747794961508, 6.196959018743769 ], [ 5.753941058733915, 6.195095062477321 ], [ 5.754898071384162, 6.179399013812599 ], [ 5.754911900393552, 6.17477989167412 ], [ 5.755834103020106, 6.170169829541805 ], [ 5.754048823807125, 6.160914898253509 ], [ 5.747734069516525, 6.150693893308812 ], [ 5.745028018677885, 6.146049023152841 ], [ 5.74414205607593, 6.139575004754022 ], [ 5.744156837085995, 6.134955882615543 ], [ 5.743272781485302, 6.127556800588252 ], [ 5.733356952747954, 6.108986854970851 ], [ 5.730671882923559, 6.097877026422225 ], [ 5.727054119465492, 6.095070838515539 ], [ 5.73435783442801, 6.0794358248923 ], [ 5.737108231296759, 6.07022380763317 ], [ 5.738945006544782, 6.062850951623659 ], [ 5.742598057026839, 6.054572104998556 ], [ 5.747152805121573, 6.048148154633793 ], [ 5.749897002986131, 6.040783881630091 ], [ 5.752639770849726, 6.033420085626744 ], [ 5.754471779094501, 6.027894019872065 ], [ 5.756297112334721, 6.024216175373112 ], [ 5.759040833198981, 6.016851902369467 ], [ 5.761786938064802, 6.008563994738211 ], [ 5.764177321688976, 5.997814178434226 ], [ 5.756934642767874, 6.00209331534171 ], [ 5.745285033852554, 6.008975983018161 ], [ 5.698933125358565, 6.033555983719111 ], [ 5.673977852402629, 6.048922062159647 ], [ 5.668930053972929, 6.052030087271362 ], [ 5.66760730707415, 6.049861430797876 ], [ 5.657452106174162, 6.033209801483906 ], [ 5.63706684132336, 6.0295729640128 ], [ 5.626190185933183, 6.028789043480174 ], [ 5.61600780501476, 6.024542808595072 ], [ 5.605134009626511, 6.023066043591655 ], [ 5.593595027786307, 6.018115997228335 ], [ 5.583425998876919, 6.011096001458611 ], [ 5.578019142203232, 6.003423214245288 ], [ 5.571273803620102, 5.990883826725394 ], [ 5.56107997869384, 5.989411830725203 ], [ 5.54632759067033, 5.985361575973286 ], [ 5.536596775058683, 5.989902020058253 ], [ 5.532306671143772, 6.004177569757871 ], [ 5.534598350700833, 6.009743213539423 ], [ 5.53263378136603, 6.011707782874282 ], [ 5.528378010474398, 6.012034893096541 ], [ 5.523467064137662, 6.012690066541666 ], [ 5.519210815245742, 6.016291141988461 ], [ 5.515282153576379, 6.021856784770023 ], [ 5.518883228023128, 6.027422427551642 ], [ 5.516591549466057, 6.030369281553874 ], [ 5.512989998018952, 6.035280227890667 ], [ 5.505787373125145, 6.035934925335482 ], [ 5.500876426788352, 6.036589621780308 ], [ 5.497275352341603, 6.042482852784474 ], [ 5.49432849933936, 6.041828156339648 ], [ 5.491382122337427, 6.038554192115157 ], [ 5.490273475584161, 6.033595084745684 ], [ 5.489745140225182, 6.030041695331306 ], [ 5.48417949744362, 6.027750014774199 ], [ 5.47894096388427, 6.027095318329373 ], [ 5.473677635308093, 6.027351855503696 ], [ 5.465517997763982, 6.027750014774199 ], [ 5.458463191970566, 6.023046016578064 ], [ 5.456191063426786, 6.022396564136784 ], [ 5.453403949533083, 6.02513074899457 ], [ 5.45306015029945, 6.027536868629397 ], [ 5.452094554643395, 6.034297943223237 ], [ 5.444632052572956, 6.039225577571301 ], [ 5.442483902113395, 6.040644168535209 ], [ 5.443721293954127, 6.043619155556542 ], [ 5.445184230948144, 6.047135829945944 ], [ 5.446580409896796, 6.051459311883548 ], [ 5.44877576838843, 6.058256148501698 ], [ 5.450569152606931, 6.064739226906624 ], [ 5.45416402804949, 6.074934958834149 ], [ 5.455959797269657, 6.080494880611866 ], [ 5.458668232109915, 6.084216118140262 ], [ 5.46045494132386, 6.092545985800029 ], [ 5.462244986540099, 6.099954127833541 ], [ 5.466783046623505, 6.099072933234766 ], [ 5.470416069091982, 6.097259998002983 ], [ 5.4767689704085, 6.095471858788017 ], [ 5.479492187258813, 6.09457397517798 ], [ 5.484927176951601, 6.096474171469026 ], [ 5.4921789168788, 6.097465992142929 ], [ 5.497622012577153, 6.096593856550385 ], [ 5.504890918516026, 6.092042923458223 ], [ 5.507615089366993, 6.091145991848805 ], [ 5.511241912831224, 6.091179847871786 ], [ 5.514861107290301, 6.093986033778492 ], [ 5.520284175975007, 6.099579810579201 ], [ 5.522077084193199, 6.106062888984127 ], [ 5.52568578664517, 6.111639976773517 ], [ 5.526584148255552, 6.11441993666233 ], [ 5.531097889322439, 6.120928764084795 ], [ 5.534698008768544, 6.129277228757189 ], [ 5.53739499960102, 6.136693000795844 ], [ 5.539187907819212, 6.143177032201436 ], [ 5.541888236653961, 6.149669169612537 ], [ 5.547290802324767, 6.161728858806555 ], [ 5.553612231619866, 6.170103073496421 ], [ 5.558123111684779, 6.17753601054676 ], [ 5.560824870520548, 6.183104992330641 ], [ 5.564420222963406, 6.193299770257511 ], [ 5.568017960407872, 6.20257186855747 ], [ 5.570724010246522, 6.20721721571374 ], [ 5.576147078931228, 6.212810992514449 ], [ 5.578862189776032, 6.214684009787106 ], [ 5.583390235852619, 6.216574192071391 ], [ 5.590638160777246, 6.218491077373812 ], [ 5.593358993625941, 6.218515873390629 ], [ 5.600609778552496, 6.219509125065542 ], [ 5.606956958865112, 6.219569206106314 ], [ 5.615109921404667, 6.222416878041201 ], [ 5.617829800252707, 6.222443104059039 ], [ 5.621446132709821, 6.226171969592599 ], [ 5.624148845546188, 6.23174095237647 ], [ 5.627758979999101, 6.237318039165814 ], [ 5.629553795218612, 6.242877006942877 ], [ 5.630432128815357, 6.252123833225653 ], [ 5.632225037033606, 6.258606910630647 ], [ 5.631299973405021, 6.264141083390825 ], [ 5.631279945391441, 6.270606994784146 ], [ 5.628527163521028, 6.280743121671151 ], [ 5.627591132885073, 6.289971827941599 ], [ 5.628482819490898, 6.294600010086242 ], [ 5.629368782092911, 6.301074982485659 ], [ 5.628438950461089, 6.30845594350069 ], [ 5.628425121451698, 6.313075065639168 ], [ 5.629313946055618, 6.318625927410721 ], [ 5.631114960279319, 6.322338103932964 ], [ 5.633814812113769, 6.328829765343755 ], [ 5.634705066718652, 6.334381104115607 ], [ 5.636500834938772, 6.339941024893335 ], [ 5.637392997544964, 6.344567776036968 ], [ 5.641911982615397, 6.349229813204602 ], [ 5.648239135914423, 6.355757235639715 ], [ 5.649134158522543, 6.359459877155473 ], [ 5.64821577089856, 6.363146781660532 ], [ 5.646389960657984, 6.36682510415983 ], [ 5.644565105418053, 6.370501994658071 ], [ 5.650310770321994, 6.377746858580622 ], [ 5.671785405912999, 6.377270967257289 ], [ 5.680003207496611, 6.371104759067634 ] ] ] ] } },
{ "type": "Feature", "properties": { "fid": 751.0, "OBJECTID": 751.0, "lganame": "Egor", "statecode": "ED", "LGA_UID": "12_02" }, "geometry": { "type": "MultiPolygon", "coordinates": [ [ [ [ 5.644565105418053, 6.370501994658071 ], [ 5.641864776583304, 6.36400985724697 ], [ 5.639160155745685, 6.359364986091009 ], [ 5.637354850519046, 6.35657692019663 ], [ 5.632823944440531, 6.355609893539565 ], [ 5.628293037361971, 6.354643821883201 ], [ 5.622851848664936, 6.354591845847892 ], [ 5.617411136968258, 6.354540824813228 ], [ 5.611061095653668, 6.355403900399608 ], [ 5.605619906956633, 6.355352879364943 ], [ 5.600187778265763, 6.35253000344693 ], [ 5.596570014807696, 6.349724769540956 ], [ 5.592954159350882, 6.345994949006695 ], [ 5.5920619957447, 6.341368197863005 ], [ 5.591166973136581, 6.337664127346272 ], [ 5.590271949528415, 6.333961009830205 ], [ 5.588467121302131, 6.331171988935182 ], [ 5.586665154077764, 6.32745981241294 ], [ 5.581239223391094, 6.322790146240095 ], [ 5.576711178314497, 6.320899009955156 ], [ 5.572185993239884, 6.318085194043306 ], [ 5.569474220397353, 6.315288067142831 ], [ 5.560441017259734, 6.304117202552732 ], [ 5.558637142034058, 6.301329135658364 ], [ 5.551420212130495, 6.289250851451754 ], [ 5.545990944441542, 6.285503863905831 ], [ 5.542373179983485, 6.282699108000145 ], [ 5.536030768674095, 6.280790805703532 ], [ 5.52878808975305, 6.277204037266472 ], [ 5.528773784743294, 6.28164577528446 ], [ 5.529660225345594, 6.288121222684197 ], [ 5.529633999327814, 6.296434879332935 ], [ 5.528715133703486, 6.300120830837386 ], [ 5.528697013691158, 6.30566406160375 ], [ 5.528676986677567, 6.31212997399706 ], [ 5.527738094039591, 6.322282790895372 ], [ 5.525904178793553, 6.328732014277364 ], [ 5.524981976166941, 6.333343029410287 ], [ 5.525872230771824, 6.338892937181186 ], [ 5.527677058998165, 6.341681957076219 ], [ 5.534008980300371, 6.346361160255526 ], [ 5.539434909987051, 6.35103082742836 ], [ 5.544860839673731, 6.355700969601457 ], [ 5.548473835128561, 6.360353946762928 ], [ 5.552085875582804, 6.365007876925063 ], [ 5.557507038266237, 6.371525764353692 ], [ 5.562007904324332, 6.381730080287014 ], [ 5.563805102545473, 6.387290001064741 ], [ 5.568317889611649, 6.393798828487206 ], [ 5.574645041910685, 6.400324820921298 ], [ 5.580080031603472, 6.402224064211737 ], [ 5.58642482791447, 6.40320777888013 ], [ 5.592765808222907, 6.405116081176743 ], [ 5.600015163148498, 6.407032013478499 ], [ 5.60726404207378, 6.408947944780266 ], [ 5.612698077765913, 6.410847187070715 ], [ 5.619046211079194, 6.410906792111234 ], [ 5.624484061773956, 6.411881923773819 ], [ 5.629012107850542, 6.413773060058759 ], [ 5.632641792316747, 6.41288423545484 ], [ 5.637178898399497, 6.412003039856074 ], [ 5.641833781562298, 6.414109230287124 ], [ 5.639904976251728, 6.410181045618117 ], [ 5.64082717887834, 6.405570984485792 ], [ 5.641750812505904, 6.400036811725613 ], [ 5.642674923133768, 6.394503116965723 ], [ 5.644508839379853, 6.388053893583788 ], [ 5.644524097390217, 6.383434772445298 ], [ 5.644536018398298, 6.379740237935039 ], [ 5.644549847407689, 6.375121116796549 ], [ 5.644565105418053, 6.370501994658071 ] ] ] ] } }
]
}
