{
"type": "FeatureCollection",
"name": "Jigawa",
"crs": { "type": "name", "properties": { "name": "urn:ogc:def:crs:OGC:1.3:CRS84" } },
"features": [
{ "type": "Feature", "properties": { "fid": 29.0, "OBJECTID": 29.0, "lganame": "Kazaure", "statecode": "JI", "LGA_UID": "17_17" }, "geometry": { "type": "MultiPolygon", "coordinates": [ [ [ [ 8.546410427085618, 12.713437902384953 ], [ 8.540595260134467, 12.690478931785378 ], [ 8.552051422918396, 12.685516791413875 ], [ 8.552811998435175, 12.683383504964354 ], [ 8.553958015213823, 12.676443909249258 ], [ 8.546398536077504, 12.675185781394418 ], [ 8.542888018692281, 12.678446061609634 ], [ 8.537062121733868, 12.679749496495219 ], [ 8.524135714951001, 12.675447956572555 ], [ 8.525121164620543, 12.666719689642093 ], [ 8.523242455344075, 12.656806374906466 ], [ 8.525386133800566, 12.653572435709179 ], [ 8.528352376815974, 12.651587304360362 ], [ 8.531961566268251, 12.648267639104802 ], [ 8.536585603410117, 12.646856320145901 ], [ 8.542966433745562, 12.645137881978258 ], [ 8.542945652731419, 12.645032942906994 ], [ 8.549041583873361, 12.659894935005013 ], [ 8.567614109492524, 12.668012366520429 ], [ 8.585291384503364, 12.667315392046874 ], [ 8.588283997536735, 12.679079305039863 ], [ 8.594768642942711, 12.695545768228044 ], [ 8.604665628667249, 12.695441226157016 ], [ 8.623384186385636, 12.68506290510544 ], [ 8.625040205510857, 12.688614499518621 ], [ 8.628552384897205, 12.701346212169199 ], [ 8.645377686329198, 12.698038011921426 ], [ 8.657473038547437, 12.7124734067296 ], [ 8.65911758666482, 12.716662585575932 ], [ 8.668633008130087, 12.719465191480197 ], [ 8.676728708630719, 12.715904374060756 ], [ 8.677415986097742, 12.713576499479075 ], [ 8.678081489549868, 12.712556346785959 ], [ 8.680248662022393, 12.7104413343489 ], [ 8.682115626290908, 12.709195706502555 ], [ 8.683581139286673, 12.708047621722471 ], [ 8.683880875490331, 12.705136931744789 ], [ 8.684213626716371, 12.70323567245299 ], [ 8.684559197951216, 12.700881408853377 ], [ 8.685544632620747, 12.69957222796387 ], [ 8.686733032428208, 12.69683620510483 ], [ 8.687446070912699, 12.694703012655452 ], [ 8.688016502300286, 12.688210581244164 ], [ 8.701111221197493, 12.687008151427165 ], [ 8.699281819954535, 12.683369858955132 ], [ 8.69811368416083, 12.675193264399468 ], [ 8.688742450793541, 12.668596704917434 ], [ 8.683235757051989, 12.663157559221816 ], [ 8.673139122191799, 12.661487886087343 ], [ 8.657713930711111, 12.6594101316756 ], [ 8.657210590369118, 12.647262635421953 ], [ 8.656849300123611, 12.645101403953504 ], [ 8.655718342355215, 12.645133364975209 ], [ 8.654458183498946, 12.645194942017042 ], [ 8.65270374730693, 12.641437237463833 ], [ 8.648525592468047, 12.636747867277677 ], [ 8.648323576330768, 12.632947823695702 ], [ 8.647794975971635, 12.618468563857732 ], [ 8.644367962643116, 12.612484215791653 ], [ 8.640747477183197, 12.592996530550693 ], [ 8.632333615466337, 12.593721411043191 ], [ 8.624523727159897, 12.594428002523273 ], [ 8.611224822123916, 12.594588038632025 ], [ 8.599816194372295, 12.597148870371996 ], [ 8.55601863961391, 12.602577516060535 ], [ 8.54303174578996, 12.601566967373913 ], [ 8.531974069276771, 12.600740378812247 ], [ 8.507720358797485, 12.59526786809397 ], [ 8.495969472813329, 12.594377140488746 ], [ 8.494372265728089, 12.597104984342195 ], [ 8.493288445991709, 12.601057522027759 ], [ 8.492432799410324, 12.601892556595089 ], [ 8.488667951852278, 12.600500829649491 ], [ 8.481833102208327, 12.596992188265517 ], [ 8.458427349305225, 12.586906936413072 ], [ 8.456683196120139, 12.588133920246776 ], [ 8.453902343230709, 12.590847912090794 ], [ 8.4519994689378, 12.593187063680148 ], [ 8.45093134721202, 12.595185601038054 ], [ 8.449838020469201, 12.596762924109782 ], [ 8.448911068839379, 12.59847941127606 ], [ 8.437442029046679, 12.596993644266547 ], [ 8.431965876325876, 12.597183464395528 ], [ 8.422412650834929, 12.595326516133809 ], [ 8.413205037578791, 12.592465662189966 ], [ 8.404557846703426, 12.589170631951163 ], [ 8.398762402765726, 12.586845084371078 ], [ 8.39321944099953, 12.597949272915855 ], [ 8.386463115408901, 12.609995912100942 ], [ 8.380295381218218, 12.606573884775855 ], [ 8.370820999780847, 12.602071659716785 ], [ 8.360381955688013, 12.608562597127104 ], [ 8.356255072883982, 12.614924151449486 ], [ 8.355338954261526, 12.618624178963444 ], [ 8.353130307760864, 12.621450026883508 ], [ 8.358904149683895, 12.623042573965563 ], [ 8.355530376391584, 12.634395709679495 ], [ 8.352278918182378, 12.643635413957441 ], [ 8.344135585649326, 12.652910523259436 ], [ 8.345863671823508, 12.66671379263812 ], [ 8.346767235437426, 12.671709321032324 ], [ 8.359567715134745, 12.672737799731124 ], [ 8.375520786974107, 12.675458413579634 ], [ 8.383451991363017, 12.675515094618163 ], [ 8.383250534226136, 12.690004000462693 ], [ 8.388669631908158, 12.703985610962548 ], [ 8.402709187447329, 12.705925831280808 ], [ 8.40957695611371, 12.705564370035233 ], [ 8.422671329010711, 12.706278430520399 ], [ 8.445658345629283, 12.714830545331154 ], [ 8.454879262894451, 12.716642881562564 ], [ 8.456997667333837, 12.716929528757305 ], [ 8.464949903737022, 12.719045341194942 ], [ 8.468081068864478, 12.721147623623324 ], [ 8.466386083712791, 12.726568369306449 ], [ 8.469526920846874, 12.739088319813163 ], [ 8.482912747941896, 12.744984233819196 ], [ 8.488815932952832, 12.748004054870989 ], [ 8.49165988988517, 12.749750090057375 ], [ 8.497525945870905, 12.749040865575466 ], [ 8.513534158747689, 12.741634704543344 ], [ 8.519276289649213, 12.739063601796374 ], [ 8.536421412298523, 12.725582559636678 ], [ 8.53934628628582, 12.72516241235121 ], [ 8.546410427085618, 12.713437902384953 ] ] ] ] } },
{ "type": "Feature", "properties": { "fid": 475.0, "OBJECTID": 475.0, "lganame": "Roni", "statecode": "JI", "LGA_UID": "17_24" }, "geometry": { "type": "MultiPolygon", "coordinates": [ [ [ [ 8.25268349051197, 12.692949590464082 ], [ 8.252551206422083, 12.691358654383123 ], [ 8.252966979704581, 12.689782195311977 ], [ 8.253282292918811, 12.688362591347413 ], [ 8.25348987505987, 12.687046066452922 ], [ 8.254457739717452, 12.685670993518613 ], [ 8.258308639333961, 12.681138752439153 ], [ 8.261517078513975, 12.672995255906073 ], [ 8.26303664954645, 12.672573152619236 ], [ 8.269032332620213, 12.672791177767408 ], [ 8.283726334604125, 12.672614141647102 ], [ 8.283691761580599, 12.661896735365133 ], [ 8.282964714086631, 12.654958173650698 ], [ 8.282860843016067, 12.650985028951141 ], [ 8.296399999215282, 12.648800001466498 ], [ 8.305076109110246, 12.64678023009418 ], [ 8.308600000504612, 12.645900000496113 ], [ 8.310699998931455, 12.645700000360193 ], [ 8.314560046554163, 12.64861019433755 ], [ 8.318509114237372, 12.649264514782146 ], [ 8.323262709467201, 12.649322491821522 ], [ 8.324448713273057, 12.649441032902075 ], [ 8.329715595851667, 12.643995697202229 ], [ 8.344135584649337, 12.652910523259436 ], [ 8.352278918182378, 12.643635413957441 ], [ 8.355530376391584, 12.634395709679495 ], [ 8.358904149683895, 12.623042573965563 ], [ 8.353130307760864, 12.621450026883508 ], [ 8.355338954261526, 12.618624178963444 ], [ 8.356255072883982, 12.614924151449486 ], [ 8.360381955688013, 12.608562597127104 ], [ 8.370820999780847, 12.602071659716785 ], [ 8.380295381218218, 12.606573884775855 ], [ 8.386463115408901, 12.609995912100942 ], [ 8.39321944099953, 12.597949272915855 ], [ 8.398762402765726, 12.586845084371078 ], [ 8.404557846703426, 12.589170631951163 ], [ 8.413205037578791, 12.592465662189966 ], [ 8.422412650834929, 12.595326516133809 ], [ 8.431965876325876, 12.597183464395528 ], [ 8.437442029046679, 12.596993644266547 ], [ 8.448911068839379, 12.59847941127606 ], [ 8.449838020469201, 12.596762924109782 ], [ 8.45093134721202, 12.595185601038054 ], [ 8.4519994689378, 12.593187063680148 ], [ 8.453902343230709, 12.590847912090794 ], [ 8.456683196120139, 12.588133920246776 ], [ 8.458427349305225, 12.586906936413072 ], [ 8.451573874648602, 12.574270284827094 ], [ 8.432799913892609, 12.542808560450283 ], [ 8.428470311950832, 12.53555239252006 ], [ 8.410248848570177, 12.504695642554395 ], [ 8.409459601033973, 12.499368080934573 ], [ 8.407974103024628, 12.495887361569544 ], [ 8.405656726450047, 12.492000504928626 ], [ 8.403695868117779, 12.488693728681824 ], [ 8.402150950068062, 12.487069331578141 ], [ 8.40024951177611, 12.485270881356143 ], [ 8.398942272887894, 12.484226613646626 ], [ 8.397872714161224, 12.483240356976523 ], [ 8.397278514757488, 12.481557910833374 ], [ 8.397207210709041, 12.477786871271121 ], [ 8.397302282773637, 12.474816413252825 ], [ 8.396161419998464, 12.472588546739132 ], [ 8.393974766512713, 12.47166026410838 ], [ 8.39163362192204, 12.471230931816649 ], [ 8.389078565185969, 12.470882823580155 ], [ 8.387414806055517, 12.470302644185949 ], [ 8.387295966974818, 12.468678132082175 ], [ 8.387355387015191, 12.467691816412014 ], [ 8.386761186611466, 12.466589458663009 ], [ 8.386642346530721, 12.465255019756341 ], [ 8.385988728086602, 12.464210672046761 ], [ 8.385572788803984, 12.463108300297733 ], [ 8.385097429480993, 12.459104908577615 ], [ 8.384681490198375, 12.457190222276665 ], [ 8.384622070158002, 12.455913756409359 ], [ 8.384859749319503, 12.453883002029556 ], [ 8.384859749319503, 12.45156212045265 ], [ 8.384859749319503, 12.450343648624767 ], [ 8.383849610633149, 12.447964713008389 ], [ 8.381294552897145, 12.444947493958296 ], [ 8.379511955685928, 12.442394436223651 ], [ 8.376881896898908, 12.43561572861779 ], [ 8.372603126991692, 12.435933672833869 ], [ 8.371564734286153, 12.434962624174091 ], [ 8.367167490298471, 12.435659329647422 ], [ 8.366824847065629, 12.433774797366993 ], [ 8.366036769530183, 12.433946118483391 ], [ 8.365774077351659, 12.432712604645303 ], [ 8.36561397924288, 12.431705142960766 ], [ 8.358240190232777, 12.437914423179677 ], [ 8.354679423813366, 12.479670207550782 ], [ 8.345304688443719, 12.488761311727728 ], [ 8.34503451126011, 12.489007516895015 ], [ 8.344914893178839, 12.489123318973725 ], [ 8.335419945727494, 12.499163742795702 ], [ 8.328709694168197, 12.501596162448436 ], [ 8.320409608528678, 12.504604852492662 ], [ 8.311143808232998, 12.507679211581546 ], [ 8.307639937852286, 12.516817238790452 ], [ 8.305413982339815, 12.522886459914162 ], [ 8.302868947610591, 12.528184268513769 ], [ 8.300039529688149, 12.527191023838952 ], [ 8.29904127400988, 12.529534428431134 ], [ 8.297087994682727, 12.533612464202008 ], [ 8.2983282345254, 12.534313979678643 ], [ 8.300413469942214, 12.535484259473776 ], [ 8.30124893950989, 12.536081365879511 ], [ 8.300838134230787, 12.538083899240121 ], [ 8.299575003372524, 12.545241648103456 ], [ 8.298396439571775, 12.553138097468718 ], [ 8.29683972451403, 12.562154125594702 ], [ 8.296148579044427, 12.565609834942677 ], [ 8.294625725009723, 12.576650534444354 ], [ 8.290057159905587, 12.588795302696155 ], [ 8.288612585924056, 12.599858145212806 ], [ 8.278800274257094, 12.604603955437369 ], [ 8.256289884962314, 12.596212443735737 ], [ 8.246199607106462, 12.594415679514896 ], [ 8.240167971008248, 12.604882327626513 ], [ 8.237013231864751, 12.608953932392978 ], [ 8.230492203433982, 12.612514461812168 ], [ 8.226713094866284, 12.613558208521397 ], [ 8.219939223263736, 12.616271932365237 ], [ 8.208245380318317, 12.619611858634528 ], [ 8.203539322120776, 12.621629711005596 ], [ 8.196765448518249, 12.62288216185658 ], [ 8.19039513618992, 12.624009391622451 ], [ 8.190983020589385, 12.625550392669481 ], [ 8.191194868733305, 12.626291525173087 ], [ 8.191240554764363, 12.627193816786132 ], [ 8.190395370190117, 12.628724285826024 ], [ 8.188956272212295, 12.62888418593468 ], [ 8.18812250864579, 12.628758550849284 ], [ 8.187757024397456, 12.630151962796049 ], [ 8.187128845970619, 12.629786477547725 ], [ 8.186454982512771, 12.629717948501138 ], [ 8.18591817614805, 12.629855005594266 ], [ 8.185268903706913, 12.629936396649555 ], [ 8.183460518478171, 12.635248842259159 ], [ 8.182134731577378, 12.651782658493062 ], [ 8.153242574946546, 12.655401583951971 ], [ 8.158454514487801, 12.663168699229345 ], [ 8.159230758015212, 12.665606388885635 ], [ 8.160432934832045, 12.667056628871023 ], [ 8.16002351555386, 12.683965512359805 ], [ 8.172699372166505, 12.684830853947801 ], [ 8.180045016157521, 12.681975840007908 ], [ 8.185275792711593, 12.679579530379783 ], [ 8.189416212524804, 12.678514798656295 ], [ 8.204996674110987, 12.678488702638617 ], [ 8.207145011570674, 12.678624156730621 ], [ 8.208299998355471, 12.678699999782168 ], [ 8.209700000306668, 12.67909999905396 ], [ 8.212266070050191, 12.680255712839198 ], [ 8.214100000296298, 12.681100000412869 ], [ 8.215846647483033, 12.681699255820035 ], [ 8.21954499999589, 12.681951301991262 ], [ 8.222448902968949, 12.689318445996889 ], [ 8.225681347165278, 12.691451683446303 ], [ 8.23416011292619, 12.692721617309189 ], [ 8.2396093786287, 12.691312559351786 ], [ 8.240973189555348, 12.691726579633098 ], [ 8.242556607631229, 12.692471920139553 ], [ 8.244125293697039, 12.693306656706682 ], [ 8.245123549375307, 12.693167533612154 ], [ 8.246407019247386, 12.692935663454648 ], [ 8.247642954087155, 12.693167533612154 ], [ 8.249401784282156, 12.692889289423135 ], [ 8.250637718121936, 12.693538526864245 ], [ 8.252318780264147, 12.693652369941617 ], [ 8.25268349051197, 12.692949590464082 ] ] ] ] } },
{ "type": "Feature", "properties": { "fid": 477.0, "OBJECTID": 477.0, "lganame": "Gwiwa", "statecode": "JI", "LGA_UID": "17_12" }, "geometry": { "type": "MultiPolygon", "coordinates": [ [ [ [ 8.346843347489141, 12.829898303514312 ], [ 8.35000119163476, 12.826866759454504 ], [ 8.352394484260856, 12.82546574050258 ], [ 8.360830316992633, 12.824051432541637 ], [ 8.361660703556822, 12.82414112460259 ], [ 8.364513250495008, 12.82444923381189 ], [ 8.367781346715503, 12.825028611205596 ], [ 8.370633502653448, 12.825492110520486 ], [ 8.372727054075881, 12.825309306396264 ], [ 8.374614639358413, 12.82514448628433 ], [ 8.377170563095035, 12.825189590314949 ], [ 8.3839997507352, 12.825236538346871 ], [ 8.390081405867363, 12.825280190376532 ], [ 8.394147010629752, 12.826088740925854 ], [ 8.394937331166773, 12.826248848034652 ], [ 8.398377832504423, 12.825942682826621 ], [ 8.396150000990701, 12.812609994767683 ], [ 8.395363124456026, 12.807746869463415 ], [ 8.395114888287367, 12.803325499459334 ], [ 8.394599999937554, 12.799800001063943 ], [ 8.394297322731916, 12.7977677486831 ], [ 8.394092958593035, 12.796395593750788 ], [ 8.393927152480387, 12.795282310994367 ], [ 8.393700000326021, 12.794000000123106 ], [ 8.39364261828706, 12.792487374095344 ], [ 8.393700000326021, 12.791799999628267 ], [ 8.394797995072054, 12.786902101300427 ], [ 8.395958332860459, 12.782466679286756 ], [ 8.396299999092605, 12.781100001358141 ], [ 8.396400001160544, 12.780900002222268 ], [ 8.396499999228524, 12.780299998814598 ], [ 8.396600001296463, 12.779899998542817 ], [ 8.39693362652315, 12.778632311681463 ], [ 8.39763243799797, 12.776105361964539 ], [ 8.397799999111783, 12.775100000281441 ], [ 8.39832389646773, 12.77343751615183 ], [ 8.398352813487406, 12.770803442362137 ], [ 8.398200002383589, 12.769400001408542 ], [ 8.398100000315651, 12.76839999872908 ], [ 8.398181851371248, 12.766994308773974 ], [ 8.398800000791255, 12.762600000788268 ], [ 8.399136954020207, 12.759746363849331 ], [ 8.399531302288153, 12.757724671475728 ], [ 8.400366694855734, 12.750931331859931 ], [ 8.40061388202372, 12.748631684297436 ], [ 8.400632897036587, 12.747593126591823 ], [ 8.401236294446619, 12.745342656062689 ], [ 8.400199997742504, 12.740200001568496 ], [ 8.401000001286036, 12.734999999035381 ], [ 8.402071541014095, 12.72978359249106 ], [ 8.402875565560407, 12.725802513786107 ], [ 8.403065937689746, 12.725203124378822 ], [ 8.403499997984682, 12.723200001017801 ], [ 8.403499997984682, 12.722199999338386 ], [ 8.403200000780828, 12.720199997979478 ], [ 8.402724592457844, 12.718162537595106 ], [ 8.402500000305224, 12.717199999941101 ], [ 8.40256128234688, 12.715484144775246 ], [ 8.402600002373163, 12.714400001038655 ], [ 8.402700000441087, 12.713899999698924 ], [ 8.40274243146996, 12.71323131524457 ], [ 8.402769449488289, 12.712805520955271 ], [ 8.402799870509, 12.711866519317255 ], [ 8.402886422567803, 12.710252983220926 ], [ 8.402899998577027, 12.709399997641356 ], [ 8.403000000644965, 12.708900001301629 ], [ 8.402899998577027, 12.707500000350421 ], [ 8.402709187447329, 12.705925831280808 ], [ 8.388669631908158, 12.703985610962548 ], [ 8.383250534226136, 12.690004000462693 ], [ 8.383451991363017, 12.675515094618163 ], [ 8.375520786974107, 12.675458413579634 ], [ 8.359567715134745, 12.672737799731124 ], [ 8.346767235437426, 12.671709321032324 ], [ 8.345863671823508, 12.66671379263812 ], [ 8.344135584649337, 12.652910523259436 ], [ 8.329715595851667, 12.643995697202229 ], [ 8.324448713273057, 12.649441032902075 ], [ 8.323262709467201, 12.649322491821522 ], [ 8.318509114237372, 12.649264514782146 ], [ 8.314560046554163, 12.64861019433755 ], [ 8.310699998931455, 12.645700000360193 ], [ 8.308600000504612, 12.645900000496113 ], [ 8.305076109110246, 12.64678023009418 ], [ 8.296399999215282, 12.648800001466498 ], [ 8.282860843016067, 12.650985028951141 ], [ 8.282964714086631, 12.654958173650698 ], [ 8.283691761580599, 12.661896735365133 ], [ 8.283726334604125, 12.672614141647102 ], [ 8.269032332620213, 12.672791177767408 ], [ 8.26303664954645, 12.672573152619236 ], [ 8.261517078513975, 12.672995255906073 ], [ 8.258308639333961, 12.681138752439153 ], [ 8.254457739717452, 12.685670993518613 ], [ 8.25348987505987, 12.687046066452922 ], [ 8.253282292918811, 12.688362591347413 ], [ 8.252966979704581, 12.689782195311977 ], [ 8.252551206422083, 12.691358654383123 ], [ 8.25268349051197, 12.692949590464082 ], [ 8.252318780264147, 12.693652369941617 ], [ 8.250637718121936, 12.693538526864245 ], [ 8.249401784282156, 12.692889289423135 ], [ 8.247642954087155, 12.693167533612154 ], [ 8.246407019247386, 12.692935663454648 ], [ 8.245123549375307, 12.693167533612154 ], [ 8.244125293697039, 12.693306656706682 ], [ 8.242556607631229, 12.692471920139553 ], [ 8.240973189555348, 12.691726579633098 ], [ 8.2396093786287, 12.691312559351786 ], [ 8.23416011292619, 12.692721617309189 ], [ 8.225681347165278, 12.691451683446303 ], [ 8.222448902968949, 12.689318445996889 ], [ 8.21954499999589, 12.681951301991262 ], [ 8.215846647483033, 12.681699255820035 ], [ 8.214100000296298, 12.681100000412869 ], [ 8.212266070050191, 12.680255712839198 ], [ 8.209700000306668, 12.67909999905396 ], [ 8.208299998355471, 12.678699999782168 ], [ 8.207145011570674, 12.678624156730621 ], [ 8.204996674110987, 12.678488702638617 ], [ 8.189416212524804, 12.678514798656295 ], [ 8.185275792711593, 12.679579530379783 ], [ 8.180045016157521, 12.681975840007908 ], [ 8.172699372166505, 12.684830853947801 ], [ 8.16002351555386, 12.683965512359805 ], [ 8.158280775369747, 12.686316719957347 ], [ 8.156085558878203, 12.687961196074696 ], [ 8.15389010238647, 12.690600001867665 ], [ 8.152732475599919, 12.69282638338035 ], [ 8.14333146021238, 12.715329468670177 ], [ 8.144535414030429, 12.721262380701319 ], [ 8.153918398405722, 12.723994496557623 ], [ 8.159183374983002, 12.726720353409746 ], [ 8.163330514800805, 12.727054804636964 ], [ 8.166788755150492, 12.728950089924751 ], [ 8.174328883273688, 12.730587550037285 ], [ 8.176660410857835, 12.730325488859251 ], [ 8.177843506661702, 12.730456958948594 ], [ 8.179007498452563, 12.730586306036457 ], [ 8.181212478950727, 12.731509803663926 ], [ 8.183196604298871, 12.731948343961903 ], [ 8.185127750611002, 12.732469973316313 ], [ 8.184898266455093, 12.73506674608069 ], [ 8.1805134894758, 12.743311065682349 ], [ 8.179178140568524, 12.74849453320428 ], [ 8.180072999176502, 12.750004302230082 ], [ 8.181963564461057, 12.750326361448913 ], [ 8.18088189272612, 12.753650259707342 ], [ 8.180168854241685, 12.756107495376909 ], [ 8.172108300764876, 12.751146484006142 ], [ 8.16714400539189, 12.756687800771203 ], [ 8.162865770485041, 12.763920261685314 ], [ 8.161485569547267, 12.769789852673455 ], [ 8.154943229102059, 12.785761514525404 ], [ 8.152468590420654, 12.794556002500883 ], [ 8.152371404354597, 12.795902030415448 ], [ 8.152304577309167, 12.796827571044275 ], [ 8.127918636740105, 12.796827571044275 ], [ 8.127836427684258, 12.801113419956323 ], [ 8.141625530053261, 12.811018202686171 ], [ 8.152061002143682, 12.818632779859911 ], [ 8.168246992141292, 12.814391606978234 ], [ 8.178882608367701, 12.811285219867557 ], [ 8.180955266775982, 12.812005963357308 ], [ 8.182284353679051, 12.812468136671328 ], [ 8.187890755488354, 12.814417682995952 ], [ 8.192468933599002, 12.815703329869507 ], [ 8.200746591223265, 12.816431035363905 ], [ 8.210958039161483, 12.81752034810404 ], [ 8.23011727917924, 12.82615535397116 ], [ 8.242117851333091, 12.826141564961745 ], [ 8.245017770303434, 12.827897030154531 ], [ 8.253811694278511, 12.829270160087503 ], [ 8.260585565881058, 12.830104444654353 ], [ 8.276914162975572, 12.829131111993036 ], [ 8.288608005920992, 12.829061587945773 ], [ 8.292329121449313, 12.829145269002652 ], [ 8.300301847866365, 12.831008251268429 ], [ 8.325614739065315, 12.834206307441377 ], [ 8.337479200126666, 12.836011287667759 ], [ 8.338193511611962, 12.835304579187607 ], [ 8.346843347489141, 12.829898303514312 ] ] ] ] } },
{ "type": "Feature", "properties": { "fid": 506.0, "OBJECTID": 506.0, "lganame": "Yankwashi", "statecode": "JI", "LGA_UID": "17_27" }, "geometry": { "type": "MultiPolygon", "coordinates": [ [ [ [ 8.563190273486725, 12.834138749395493 ], [ 8.563938892995338, 12.8252742773725 ], [ 8.57403483485507, 12.820465467105123 ], [ 8.583995739623049, 12.813590271433782 ], [ 8.585350513543574, 12.812582109748746 ], [ 8.589058318062825, 12.808618954055987 ], [ 8.587099100731621, 12.802715978045171 ], [ 8.588195489476561, 12.794441789423274 ], [ 8.593052075776427, 12.777338585802454 ], [ 8.593680164203136, 12.771893926103076 ], [ 8.594412672700855, 12.766215766245011 ], [ 8.600843980070636, 12.748182204992077 ], [ 8.60382689509737, 12.737272795579599 ], [ 8.636273392143266, 12.737315142608395 ], [ 8.651846301724333, 12.733124862761315 ], [ 8.651025613166723, 12.727596056004757 ], [ 8.663894335910413, 12.725770017764034 ], [ 8.668633008130087, 12.719465191480197 ], [ 8.65911758666482, 12.716662585575932 ], [ 8.657473038547437, 12.7124734067296 ], [ 8.645377686329198, 12.698038011921426 ], [ 8.628552384897205, 12.701346212169199 ], [ 8.625040205510857, 12.688614499518621 ], [ 8.623384186385636, 12.68506290510544 ], [ 8.604665628667249, 12.695441226157016 ], [ 8.594768642942711, 12.695545768228044 ], [ 8.588283997536735, 12.679079305039863 ], [ 8.585291384503364, 12.667315392046874 ], [ 8.567614109492524, 12.668012366520429 ], [ 8.549041583873361, 12.659894935005013 ], [ 8.542945652731419, 12.645032942906994 ], [ 8.542966433745562, 12.645137881978258 ], [ 8.536585603410117, 12.646856320145901 ], [ 8.531961566268251, 12.648267639104802 ], [ 8.528352376815974, 12.651587304360362 ], [ 8.525386133800566, 12.653572435709179 ], [ 8.523242455344075, 12.656806374906466 ], [ 8.525121164620543, 12.666719689642093 ], [ 8.524135714951001, 12.675447956572555 ], [ 8.537062121733868, 12.679749496495219 ], [ 8.542888018692281, 12.678446061609634 ], [ 8.546398536077504, 12.675185781394418 ], [ 8.553958015213823, 12.676443909249258 ], [ 8.552811998435175, 12.683383504964354 ], [ 8.552051422918396, 12.685516791413875 ], [ 8.540595260134467, 12.690478931785378 ], [ 8.546410427085618, 12.713437902384953 ], [ 8.53934628628582, 12.72516241235121 ], [ 8.536421412298523, 12.725582559636678 ], [ 8.519276289649213, 12.739063601796374 ], [ 8.513534158747689, 12.741634704543344 ], [ 8.497525945870905, 12.749040865575466 ], [ 8.49165988988517, 12.749750090057375 ], [ 8.488815932952832, 12.748004054870989 ], [ 8.482912747941896, 12.744984233819196 ], [ 8.469526920846874, 12.739088319813163 ], [ 8.466386083712791, 12.726568369306449 ], [ 8.468081068864478, 12.721147623623324 ], [ 8.464949903737022, 12.719045341194942 ], [ 8.456997667333837, 12.716929528757305 ], [ 8.454879262894451, 12.716642881562564 ], [ 8.445658345629283, 12.714830545331154 ], [ 8.422671329010711, 12.706278430520399 ], [ 8.40957695611371, 12.705564370035233 ], [ 8.402709187447329, 12.705925831280808 ], [ 8.402899998577027, 12.707500000350421 ], [ 8.403000000644965, 12.708900001301629 ], [ 8.402899998577027, 12.709399997641356 ], [ 8.402886422567803, 12.710252983220926 ], [ 8.402799870509, 12.711866519317255 ], [ 8.402769449488289, 12.712805520955271 ], [ 8.402700000441087, 12.713899999698924 ], [ 8.402600002373163, 12.714400001038655 ], [ 8.40256128234688, 12.715484144775246 ], [ 8.402500000305224, 12.717199999941101 ], [ 8.402724592457844, 12.718162537595106 ], [ 8.403200000780828, 12.720199997979478 ], [ 8.403499997984682, 12.722199999338386 ], [ 8.403499997984682, 12.723200001017801 ], [ 8.403065937689746, 12.725203124378822 ], [ 8.402875565560407, 12.725802513786107 ], [ 8.402071541014095, 12.72978359249106 ], [ 8.401000001286036, 12.734999999035381 ], [ 8.400199997742504, 12.740200001568496 ], [ 8.401236294446619, 12.745342656062689 ], [ 8.400632897036587, 12.747593126591823 ], [ 8.40061388202372, 12.748631684297436 ], [ 8.400366694855734, 12.750931331859931 ], [ 8.399531302288153, 12.757724671475728 ], [ 8.399136954020207, 12.759746363849331 ], [ 8.398800000791255, 12.762600000788268 ], [ 8.398181851371248, 12.766994308773974 ], [ 8.398100000315651, 12.76839999872908 ], [ 8.398200002383589, 12.769400001408542 ], [ 8.398352813487406, 12.770803442362137 ], [ 8.39832389646773, 12.77343751615183 ], [ 8.397799999111783, 12.775100000281441 ], [ 8.39763243799797, 12.776105361964539 ], [ 8.39693362652315, 12.778632311681463 ], [ 8.396600001296463, 12.779899998542817 ], [ 8.396499999228524, 12.780299998814598 ], [ 8.396400001160544, 12.780900002222268 ], [ 8.396299999092605, 12.781100001358141 ], [ 8.395958332860459, 12.782466679286756 ], [ 8.394797995072054, 12.786902101300427 ], [ 8.393700000326021, 12.791799999628267 ], [ 8.39364261828706, 12.792487374095344 ], [ 8.393700000326021, 12.794000000123106 ], [ 8.393927152480387, 12.795282310994367 ], [ 8.394092958593035, 12.796395593750788 ], [ 8.394297322731916, 12.7977677486831 ], [ 8.394599999937554, 12.799800001063943 ], [ 8.395114888287367, 12.803325499459334 ], [ 8.395363124456026, 12.807746869463415 ], [ 8.396150000990701, 12.812609994767683 ], [ 8.398377832504423, 12.825942682826621 ], [ 8.401312465498336, 12.825215773332729 ], [ 8.407543375731962, 12.824292457705383 ], [ 8.416278105666777, 12.822844010721212 ], [ 8.4229034291684, 12.820932048422151 ], [ 8.435351536626285, 12.815188293519554 ], [ 8.444071388551038, 12.816090095132267 ], [ 8.452301049142704, 12.818958089080922 ], [ 8.456311894867895, 12.820985944458755 ], [ 8.459164050805782, 12.821883989068965 ], [ 8.461984397722063, 12.82324486399358 ], [ 8.467066902175418, 12.826837663434731 ], [ 8.469829929052764, 12.828112277300761 ], [ 8.47880233914907, 12.830661485032863 ], [ 8.485254776533225, 12.832024177958715 ], [ 8.498859405776898, 12.833621025043726 ], [ 8.502112606987282, 12.83382183018017 ], [ 8.52786859748727, 12.83193494489808 ], [ 8.552150601985772, 12.83181927281953 ], [ 8.563190273486725, 12.834138749395493 ] ] ] ] } },
{ "type": "Feature", "properties": { "fid": 519.0, "OBJECTID": 519.0, "lganame": "Birnin Kudu", "statecode": "JI", "LGA_UID": "17_03" }, "geometry": { "type": "MultiPolygon", "coordinates": [ [ [ [ 9.661440848696373, 11.680999755891719 ], [ 9.665976058777801, 11.676072279543746 ], [ 9.672761293388078, 11.676723662986319 ], [ 9.680252825478192, 11.677442850474961 ], [ 9.692530456820293, 11.681104329962807 ], [ 9.696377199433982, 11.68139605716101 ], [ 9.69712338094098, 11.681452646199432 ], [ 9.694767508340249, 11.657306546793279 ], [ 9.683871658937051, 11.655381341485224 ], [ 9.679577029019072, 11.654622514969617 ], [ 9.678920693573104, 11.654735869046647 ], [ 9.672598099277195, 11.655827825788606 ], [ 9.670991963185884, 11.653150931969776 ], [ 9.667779690003329, 11.647856632372509 ], [ 9.6641458435343, 11.643238013234395 ], [ 9.664195060567749, 11.641880035311715 ], [ 9.6630611417973, 11.63840961495373 ], [ 9.659597397443804, 11.633769988801305 ], [ 9.657291411876997, 11.630279541429729 ], [ 9.654998779319271, 11.625650406284421 ], [ 9.652681350744672, 11.623319625700788 ], [ 9.650524522279227, 11.622409416082348 ], [ 9.62719471542772, 11.61045604996059 ], [ 9.624104879328343, 11.606265323113178 ], [ 9.614543870832051, 11.5939560047496 ], [ 9.609998686743836, 11.59253878078664 ], [ 9.610749613254029, 11.588253776875206 ], [ 9.612605592515081, 11.582757222140572 ], [ 9.613775032309661, 11.578818956464659 ], [ 9.61577448966824, 11.576254362722182 ], [ 9.618178684301768, 11.576475762872576 ], [ 9.622446874201785, 11.577833685795213 ], [ 9.62448265658503, 11.575947493513638 ], [ 9.630750486843681, 11.572429674123441 ], [ 9.629616539073254, 11.563839281286675 ], [ 9.62895362762282, 11.556586237358601 ], [ 9.628440240274017, 11.551891714168903 ], [ 9.629381450913513, 11.539987391080444 ], [ 9.634429769343626, 11.540155061194355 ], [ 9.63739709935976, 11.539925533038399 ], [ 9.640402799402011, 11.538477695054667 ], [ 9.641144359905866, 11.536800979915427 ], [ 9.643781216697448, 11.529978361279802 ], [ 9.644107292919045, 11.528870973527376 ], [ 9.645099574593246, 11.525501067237656 ], [ 9.647190932014212, 11.521318841396067 ], [ 9.648103621634334, 11.51897129380103 ], [ 9.647647277324268, 11.517406251737611 ], [ 9.646221199355352, 11.515617620522335 ], [ 9.644493359181354, 11.513759766260023 ], [ 9.642228179642245, 11.512375700319581 ], [ 9.64017462724695, 11.510307557914416 ], [ 9.638300001973221, 11.507599998074738 ], [ 9.638349246006726, 11.504438423926615 ], [ 9.639661237898167, 11.501755351103554 ], [ 9.641600705215922, 11.499910722850245 ], [ 9.643654257611217, 11.497507099217103 ], [ 9.645365551773978, 11.495271150697874 ], [ 9.646620412626589, 11.491646115234857 ], [ 9.648217708711854, 11.48861910217812 ], [ 9.648400000835693, 11.486400000670358 ], [ 9.647989535556803, 11.484370652291489 ], [ 9.647305018091743, 11.48219050181018 ], [ 9.646288138400791, 11.48025193949303 ], [ 9.64665274464852, 11.475453605232758 ], [ 9.64883939913426, 11.473916273188252 ], [ 9.64959999865107, 11.471799998750328 ], [ 9.65107358765232, 11.470422304814235 ], [ 9.654800002184231, 11.469400000119663 ], [ 9.658694630830439, 11.469882584447532 ], [ 9.658960808011273, 11.470484557856537 ], [ 9.664256336609355, 11.482460691993765 ], [ 9.670933661146307, 11.481685669467197 ], [ 9.671370881443352, 11.481634922432704 ], [ 9.682568466051578, 11.486193099529771 ], [ 9.685503726045965, 11.489068355483369 ], [ 9.696536301542096, 11.491737670297027 ], [ 9.702519340607296, 11.492294379675286 ], [ 9.703148196034533, 11.483415188642311 ], [ 9.703445628236636, 11.480738294823482 ], [ 9.703029222953717, 11.478775240489654 ], [ 9.69773492235646, 11.47708780534316 ], [ 9.689775624948538, 11.474339528475809 ], [ 9.685528287062652, 11.472804775433019 ], [ 9.680531418667499, 11.470948796171967 ], [ 9.676248388757415, 11.469521119201943 ], [ 9.673143192647558, 11.468414670450159 ], [ 9.671320178408905, 11.467599829896528 ], [ 9.669323668052357, 11.467264403668594 ], [ 9.667374046727673, 11.466764689329068 ], [ 9.659883029637911, 11.465223884282182 ], [ 9.656730366495822, 11.463946702414376 ], [ 9.655161680429956, 11.463014948781279 ], [ 9.653999998640643, 11.462200001227586 ], [ 9.652309523492079, 11.461943428053246 ], [ 9.650645765361617, 11.462222956243181 ], [ 9.648897032173409, 11.461066139457159 ], [ 9.647377042140647, 11.445327434763442 ], [ 9.64126096898508, 11.422402986187365 ], [ 9.644826165407494, 11.399966876943097 ], [ 9.641118360888186, 11.388664277263501 ], [ 9.632452465000142, 11.383306498623142 ], [ 9.631998558691691, 11.38302586743248 ], [ 9.598972854252281, 11.383089815475898 ], [ 9.596026203250176, 11.385046721805566 ], [ 9.601199998765537, 11.403400000275724 ], [ 9.607031746727955, 11.40999154175438 ], [ 9.60306983003602, 11.412580159513254 ], [ 9.598294415791315, 11.41570029663319 ], [ 9.591764099354293, 11.406337677271779 ], [ 9.59025133432641, 11.402196588458082 ], [ 9.587029680137448, 11.398093771670403 ], [ 9.581099952108502, 11.393061202251033 ], [ 9.582486518050587, 11.384164618206228 ], [ 9.588932180430106, 11.384140581189854 ], [ 9.593748185702395, 11.381584354453025 ], [ 9.594698304347958, 11.377173375455982 ], [ 9.599618036690686, 11.368857662805851 ], [ 9.603988169659942, 11.36475248201657 ], [ 9.609535336429019, 11.364987896176501 ], [ 9.610780301274929, 11.365345431419428 ], [ 9.611126552510143, 11.365020171198466 ], [ 9.61667371927922, 11.365255585358398 ], [ 9.622320989116247, 11.366877394460346 ], [ 9.624168416371504, 11.368226905377298 ], [ 9.625630303364801, 11.368322610442306 ], [ 9.626420283901552, 11.368912715843237 ], [ 9.62640437389075, 11.369860222487034 ], [ 9.628139389069588, 11.37112760934815 ], [ 9.633074749422917, 11.373443271921531 ], [ 9.633378115629057, 11.373484447949522 ], [ 9.636886442012781, 11.373379712878375 ], [ 9.641118360888186, 11.371552251636672 ], [ 9.644168725960753, 11.366452927171963 ], [ 9.645852111104546, 11.35619668220329 ], [ 9.646091214267017, 11.349863515900211 ], [ 9.64482535240694, 11.349170284429192 ], [ 9.64213384657819, 11.347696313427718 ], [ 9.641058772847714, 11.343713538721602 ], [ 9.641991239481285, 11.342697704031366 ], [ 9.641826271369155, 11.341446367181163 ], [ 9.640743420633441, 11.338153436943742 ], [ 9.64163472023904, 11.335531712162435 ], [ 9.641955587457062, 11.332210825906031 ], [ 9.644778864375326, 11.329098708791491 ], [ 9.648156056669961, 11.324896000935951 ], [ 9.651436036898588, 11.319931950563102 ], [ 9.654858625224051, 11.316226336045361 ], [ 9.658352516597972, 11.310842622387327 ], [ 9.660705547196756, 11.305668567871805 ], [ 9.661760844913772, 11.300871995612795 ], [ 9.661974756059124, 11.29003396624887 ], [ 9.661499998736531, 11.284899997760533 ], [ 9.658699999834084, 11.282000001790152 ], [ 9.653400000232978, 11.274500000694275 ], [ 9.647999997563943, 11.269099999025229 ], [ 9.634040383079025, 11.250219103196514 ], [ 9.633525565729258, 11.24389936090256 ], [ 9.630727002827769, 11.241192496063377 ], [ 9.628295380175587, 11.238931719527272 ], [ 9.625923426563929, 11.236726420028901 ], [ 9.62505886897651, 11.237077873267651 ], [ 9.61821365432553, 11.239860535158357 ], [ 9.615426483431747, 11.240250246423159 ], [ 9.614067755508586, 11.240440227552256 ], [ 9.603357735231612, 11.243403612565714 ], [ 9.600655862395797, 11.244859410554852 ], [ 9.598959869243458, 11.245773230175757 ], [ 9.596720813722129, 11.24697965599546 ], [ 9.595624084976976, 11.247570586396989 ], [ 9.594582039268971, 11.251101747796213 ], [ 9.593536247558404, 11.257162593914302 ], [ 9.594819718430415, 11.262057799240381 ], [ 9.596984764901492, 11.268864562865247 ], [ 9.598432161884944, 11.292949027229497 ], [ 9.601640838065066, 11.298263154840186 ], [ 9.607273847892429, 11.302598291785728 ], [ 9.609642382501761, 11.309130170223796 ], [ 9.609396988334993, 11.315467894530002 ], [ 9.592555394891917, 11.315904444826629 ], [ 9.590893344762662, 11.315882712811856 ], [ 9.559104189163406, 11.31546705352946 ], [ 9.55903305011509, 11.316929709523265 ], [ 9.544867384490146, 11.316570202278967 ], [ 9.541703398340417, 11.31645241419892 ], [ 9.540933977817588, 11.31675235740272 ], [ 9.538735629323924, 11.317162193681213 ], [ 9.537878244741364, 11.3173220357898 ], [ 9.52774242385459, 11.316632118321024 ], [ 9.525555200368444, 11.316483240219895 ], [ 9.520261226771424, 11.315387934475666 ], [ 9.516278360065257, 11.314371033784766 ], [ 9.514460907830426, 11.313868334443157 ], [ 9.511793671018154, 11.313130586941895 ], [ 9.511744089984461, 11.311988017165618 ], [ 9.510959748451512, 11.311358746738051 ], [ 9.511351918717992, 11.309680688597894 ], [ 9.511423222766439, 11.307897741386455 ], [ 9.510139751894371, 11.306044862127521 ], [ 9.508322014659313, 11.305065908462325 ], [ 9.508000634440975, 11.302793553918377 ], [ 9.507501507101836, 11.301954501348291 ], [ 9.507858027344071, 11.30080079856441 ], [ 9.507953760409123, 11.299784306873732 ], [ 9.507715418247187, 11.297654316426531 ], [ 9.506824118641589, 11.297374627236479 ], [ 9.505968473060193, 11.297129898070182 ], [ 9.505219780551499, 11.295381833882459 ], [ 9.504970218381914, 11.293843527837282 ], [ 9.504685002188126, 11.292654832029598 ], [ 9.505611952817958, 11.291116511984399 ], [ 9.505754561914841, 11.289857880129205 ], [ 9.505112825478818, 11.289333448772879 ], [ 9.504649350163902, 11.287725185680131 ], [ 9.50422152587322, 11.287200751323837 ], [ 9.504114570800539, 11.286221801658655 ], [ 9.503472835364505, 11.285382700088519 ], [ 9.502189365492484, 11.284823297708442 ], [ 9.501690237153355, 11.283459749781969 ], [ 9.501191109814215, 11.282236047950505 ], [ 9.499729380821009, 11.281117230190318 ], [ 9.499636490757894, 11.280877070027145 ], [ 9.499337207554561, 11.280103296501409 ], [ 9.497519398319469, 11.278085663130526 ], [ 9.489818136086797, 11.281956343760498 ], [ 9.483721650944517, 11.284193969280864 ], [ 9.478766027577421, 11.286501501848704 ], [ 9.478504263399543, 11.286505576851482 ], [ 9.475315779233142, 11.286139864603001 ], [ 9.475338585248608, 11.284565219533079 ], [ 9.473912507279692, 11.283935890105511 ], [ 9.472700340456072, 11.28232759501276 ], [ 9.471202958438653, 11.281768186632632 ], [ 9.466734002402234, 11.283614966887455 ], [ 9.465561956605882, 11.282059905830863 ], [ 9.464064574588463, 11.281500498450782 ], [ 9.452877439987333, 11.286123541591905 ], [ 9.449090752414463, 11.287374236441678 ], [ 9.447735977493949, 11.288493030201835 ], [ 9.446452506621881, 11.290031364247056 ], [ 9.445240339798261, 11.291289995102261 ], [ 9.443885565877792, 11.291499766244783 ], [ 9.440962104891412, 11.293247855432526 ], [ 9.436184742645423, 11.294646318382718 ], [ 9.432476939126161, 11.294856085525225 ], [ 9.426239155887856, 11.295044016652923 ], [ 9.421177720448838, 11.298837616230514 ], [ 9.411639492968106, 11.299995817017475 ], [ 9.408192546626026, 11.304492819072948 ], [ 9.40785539639694, 11.304899721349443 ], [ 9.405102709526659, 11.308221891606706 ], [ 9.397972317681877, 11.31661212830744 ], [ 9.391990758617681, 11.32091324622985 ], [ 9.384986486858622, 11.325949757651927 ], [ 9.383711533992368, 11.32686652827482 ], [ 9.379569986178353, 11.331267927265401 ], [ 9.363818791476149, 11.338563667222502 ], [ 9.351360459011289, 11.343197370370888 ], [ 9.3461443154672, 11.34674613278213 ], [ 9.345896733298957, 11.346470288594674 ], [ 9.344613263426936, 11.344722525407178 ], [ 9.344042831039303, 11.343114572314619 ], [ 9.344185439136197, 11.341646433317123 ], [ 9.342616753070388, 11.340737580699567 ], [ 9.341689802440555, 11.341786256412092 ], [ 9.340976762956075, 11.34297474921965 ], [ 9.339408076890209, 11.344023415932156 ], [ 9.337766823775098, 11.344852391495408 ], [ 9.337474879576689, 11.344454836225282 ], [ 9.336904448189159, 11.342846883132722 ], [ 9.337047056286053, 11.341378744135227 ], [ 9.335478370220187, 11.340469891517671 ], [ 9.334551418590365, 11.341518567230196 ], [ 9.333838380105874, 11.342707060037753 ], [ 9.332269694040008, 11.34375572675026 ], [ 9.330124218582284, 11.34483937848654 ], [ 9.329853352398231, 11.344722525407178 ], [ 9.330889613102329, 11.342955822206761 ], [ 9.331079757231521, 11.341231340035051 ], [ 9.330461789811636, 11.33987971111668 ], [ 9.329130782907271, 11.339646670958359 ], [ 9.327989921132144, 11.340485614528347 ], [ 9.327153172563612, 11.341899883489305 ], [ 9.326421234066288, 11.342955822206761 ], [ 9.325422980387998, 11.343375289491746 ], [ 9.324757475935826, 11.343748148745135 ], [ 9.323426470031507, 11.343515111586782 ], [ 9.323160966851106, 11.343694460708662 ], [ 9.323751230252128, 11.342688133024865 ], [ 9.32394137438132, 11.340963650853155 ], [ 9.323323406961435, 11.339612021934784 ], [ 9.32199240005707, 11.339378981776463 ], [ 9.320851538281943, 11.340217926346497 ], [ 9.320014789713412, 11.341632194307408 ], [ 9.319282851216087, 11.342688133024865 ], [ 9.318284596537808, 11.343107600309907 ], [ 9.317619093085625, 11.343480459563239 ], [ 9.316784537518572, 11.343334343463937 ], [ 9.316288087181306, 11.343247423404875 ], [ 9.315013725315396, 11.344108264989814 ], [ 9.314876445222126, 11.34542317788322 ], [ 9.314828335189475, 11.345883996196335 ], [ 9.314386250889072, 11.346345404509805 ], [ 9.313644690385217, 11.34624753044335 ], [ 9.313637980380634, 11.346239841438091 ], [ 9.313026361965115, 11.345539027961934 ], [ 9.312806965816037, 11.345287635791124 ], [ 9.311730985084921, 11.344719582405162 ], [ 9.30851843290219, 11.342172555674551 ], [ 9.304621204254204, 11.338552541214938 ], [ 9.303756677666797, 11.337749509669322 ], [ 9.297703328553837, 11.338206365979715 ], [ 9.294334012264528, 11.339405614794543 ], [ 9.293248977527298, 11.341918325501808 ], [ 9.292563693061652, 11.345744499101556 ], [ 9.291021802014029, 11.348200102770022 ], [ 9.29024399848555, 11.348495131970481 ], [ 9.289365696888808, 11.348828280196813 ], [ 9.287123237365165, 11.349394847581777 ], [ 9.266535428376699, 11.343412624517157 ], [ 9.262799096838023, 11.342496784894877 ], [ 9.254176083979075, 11.340383130458747 ], [ 9.238161634098049, 11.337231638317462 ], [ 9.230289681749412, 11.335162217911375 ], [ 9.21141477992478, 11.328817787600656 ], [ 9.202416408810848, 11.327630813794144 ], [ 9.194971658752479, 11.326648778126867 ], [ 9.199597148895293, 11.337433893454886 ], [ 9.208422660891813, 11.357957840399934 ], [ 9.216158125147672, 11.366522911219477 ], [ 9.222144503215134, 11.373720265109739 ], [ 9.222237734278508, 11.373755063133387 ], [ 9.224570896863781, 11.384719547583245 ], [ 9.224428288766887, 11.387305871340516 ], [ 9.224856113057569, 11.392408546807587 ], [ 9.226710015317167, 11.393946321852411 ], [ 9.229063043915971, 11.396602457657139 ], [ 9.229776083400452, 11.399118776366834 ], [ 9.231202162369414, 11.402054451361494 ], [ 9.232485632241435, 11.405689054831043 ], [ 9.232271720096094, 11.409491359414517 ], [ 9.232057808950742, 11.412496822456603 ], [ 9.233412582871267, 11.413405443073998 ], [ 9.233840407161949, 11.415921611783574 ], [ 9.233840407161949, 11.419695823347979 ], [ 9.232200417047636, 11.421163558345256 ], [ 9.231273466417861, 11.423539874959829 ], [ 9.227885782116061, 11.425675100410615 ], [ 9.227637480947351, 11.426161859741342 ], [ 9.228001655194817, 11.427265178490984 ], [ 9.228630683622214, 11.42898504865957 ], [ 9.22876311071218, 11.429569153056434 ], [ 9.228597576599725, 11.430623782773011 ], [ 9.229704779352005, 11.433044943418111 ], [ 9.229419564158206, 11.436958702077277 ], [ 9.229989994545804, 11.441291729021373 ], [ 9.22995809352409, 11.445678847002227 ], [ 9.22997109653295, 11.445704014019327 ], [ 9.22998406754175, 11.445729196036439 ], [ 9.230022791568047, 11.445804840087817 ], [ 9.230048446585499, 11.44585534612213 ], [ 9.230073974602874, 11.445905916156505 ], [ 9.230099375620114, 11.445956547190917 ], [ 9.230112027628707, 11.445981886208131 ], [ 9.230124647637297, 11.446007239225366 ], [ 9.230149791654355, 11.446057993259842 ], [ 9.230174806671357, 11.446108808294355 ], [ 9.23018726667982, 11.446134238311629 ], [ 9.230199693688292, 11.446159683328915 ], [ 9.230224451705112, 11.446210618363523 ], [ 9.230249081721809, 11.446261613398178 ], [ 9.230273581738459, 11.446312668432881 ], [ 9.230297953755041, 11.446363783467632 ], [ 9.230322194771475, 11.446414955502405 ], [ 9.230346307787897, 11.446466187537169 ], [ 9.23037029080416, 11.446517477572058 ], [ 9.230382233812293, 11.446543143589508 ], [ 9.230406021828458, 11.446594521624377 ], [ 9.230417867836479, 11.446620232641862 ], [ 9.230429680844509, 11.446645957659314 ], [ 9.230441460852546, 11.446671695676798 ], [ 9.230464923868453, 11.44672321671186 ], [ 9.230476606876437, 11.446748998729333 ], [ 9.230488256884314, 11.446774794746887 ], [ 9.230511458900082, 11.446826428781947 ], [ 9.230523011907962, 11.44685226679951 ], [ 9.230534530915747, 11.446878117817107 ], [ 9.230614251969939, 11.447059472940282 ], [ 9.230625508977596, 11.447085434957955 ], [ 9.230670211007975, 11.44718942302859 ], [ 9.230692365023003, 11.447241497063999 ], [ 9.230703393030524, 11.44726755508168 ], [ 9.230725349045429, 11.447319710117142 ], [ 9.23073627705287, 11.447345807134866 ], [ 9.230758035067652, 11.447398042170335 ], [ 9.230779661082352, 11.447450329205878 ], [ 9.230790425089651, 11.447476492223643 ], [ 9.230811852104182, 11.447528858259204 ], [ 9.230822516111459, 11.447555060277011 ], [ 9.230854310133054, 11.447633745330506 ], [ 9.230864842140193, 11.447659999348332 ], [ 9.230885805154458, 11.447712544384046 ], [ 9.230896237161517, 11.447738836401925 ], [ 9.230917000175623, 11.447791456437642 ], [ 9.230937631189647, 11.447844127473445 ], [ 9.230968327210519, 11.447923226527166 ], [ 9.230988625224313, 11.447976022563068 ], [ 9.230998724231142, 11.448002439580989 ], [ 9.231018822244835, 11.448055310616951 ], [ 9.231038785258363, 11.44810822965286 ], [ 9.231058616271866, 11.448161198688865 ], [ 9.231068480278566, 11.448187699706864 ], [ 9.231088109291875, 11.448240737742935 ], [ 9.231097873298552, 11.448267274760951 ], [ 9.231117301311713, 11.448320384797057 ], [ 9.231126964318321, 11.448346955815111 ], [ 9.231146190331344, 11.448400133851237 ], [ 9.231165281344317, 11.448453358887377 ], [ 9.231184229357211, 11.448506608923537 ], [ 9.231184239357219, 11.448506636923582 ], [ 9.231193667363641, 11.448533289941679 ], [ 9.231212409376383, 11.448586598977897 ], [ 9.23121242137637, 11.448586631977946 ], [ 9.231221748382723, 11.448613318996081 ], [ 9.231240299395324, 11.448666726032343 ], [ 9.231258718407844, 11.448720183068701 ], [ 9.231286090426408, 11.448800448123222 ], [ 9.231304169438715, 11.448854013159632 ], [ 9.231322112450925, 11.448907620196053 ], [ 9.231339920462972, 11.448961273232499 ], [ 9.231357593475025, 11.449014969268944 ], [ 9.23136637948096, 11.449041833287197 ], [ 9.231375130486924, 11.449068707305457 ], [ 9.231392531498727, 11.449122487342038 ], [ 9.231401179504644, 11.449149393360301 ], [ 9.231409794510455, 11.449176309378572 ], [ 9.231426923522122, 11.449230174415163 ], [ 9.231435436527875, 11.449257121433504 ], [ 9.231452360539379, 11.449311048470122 ], [ 9.23146077154513, 11.449338026488476 ], [ 9.231469148550786, 11.449365014506782 ], [ 9.231485799562108, 11.44941902154352 ], [ 9.231494073567717, 11.449446040561838 ], [ 9.231510520578922, 11.449500108598613 ], [ 9.231518692584473, 11.449527157616956 ], [ 9.234889130874535, 11.452436463593699 ], [ 9.237438821606929, 11.453549448349918 ], [ 9.241668011480442, 11.454846017230921 ], [ 9.247731793600508, 11.457251117865042 ], [ 9.250114056219161, 11.464005949454645 ], [ 9.252517093851907, 11.472166274999211 ], [ 9.260469134254947, 11.476081169659153 ], [ 9.266087781072542, 11.4820870177399 ], [ 9.271000893410758, 11.487593758481466 ], [ 9.276225833960893, 11.492134974566966 ], [ 9.284237399404333, 11.502553683645999 ], [ 9.28953647300483, 11.505919662933024 ], [ 9.289559299020311, 11.505934665943244 ], [ 9.289695857113088, 11.506025270004784 ], [ 9.289718550128555, 11.506040468015101 ], [ 9.289763878159306, 11.506070945035844 ], [ 9.289809129190076, 11.506101532056618 ], [ 9.28985430222076, 11.50613222807749 ], [ 9.289876859236074, 11.50614761708789 ], [ 9.28994441528198, 11.506193950119382 ], [ 9.289989355312514, 11.50622497414048 ], [ 9.290034215342985, 11.506256106161629 ], [ 9.290078997373428, 11.506287349182855 ], [ 9.290101358388654, 11.506303010193506 ], [ 9.290168324434148, 11.506350159225519 ], [ 9.290793644859036, 11.506325184208549 ], [ 9.293193497489597, 11.503975987612421 ], [ 9.298590074156323, 11.498693320023051 ], [ 9.303298051355171, 11.50134011382147 ], [ 9.330505706841507, 11.516636082214347 ], [ 9.343201733467822, 11.531744047479492 ], [ 9.352839623016337, 11.548121380607142 ], [ 9.360311527093131, 11.560817456233508 ], [ 9.367388771901801, 11.560981261344807 ], [ 9.370589748076725, 11.561055348395143 ], [ 9.370620491097611, 11.561158529465274 ], [ 9.377728130926926, 11.561323036577051 ], [ 9.420423354936304, 11.55791446926105 ], [ 9.436100088587921, 11.582274643812639 ], [ 9.464425955834031, 11.593599874507618 ], [ 9.480959505067801, 11.613607518101844 ], [ 9.504351488961504, 11.636901241928854 ], [ 9.524208841453685, 11.648587829869371 ], [ 9.524655236756985, 11.654051048581323 ], [ 9.523443069933364, 11.657333226811431 ], [ 9.52401350232094, 11.661593017705741 ], [ 9.526437834968135, 11.667179529501539 ], [ 9.536686210931464, 11.683394650518949 ], [ 9.552900000947943, 11.691300000890237 ], [ 9.599066861316146, 11.714061844355854 ], [ 9.639735106948308, 11.732978133208576 ], [ 9.640389455392949, 11.732798622086648 ], [ 9.643756436680633, 11.731874939459033 ], [ 9.643863231753187, 11.731845641439122 ], [ 9.658252073529752, 11.727898257757033 ], [ 9.661245433563579, 11.727077070199073 ], [ 9.664431285728199, 11.726806684015401 ], [ 9.664402007708361, 11.720843314963531 ], [ 9.665748595623256, 11.716739655175331 ], [ 9.665821074672522, 11.709830284480745 ], [ 9.663516045106348, 11.70635032711624 ], [ 9.661211013540196, 11.702870368751803 ], [ 9.660088538777529, 11.698249816612361 ], [ 9.661295890597899, 11.694809914275083 ], [ 9.662503242418211, 11.691370009937827 ], [ 9.661393165663981, 11.685600281017571 ], [ 9.661440848696373, 11.680999755891719 ] ] ] ] } },
{ "type": "Feature", "properties": { "fid": 526.0, "OBJECTID": 526.0, "lganame": "Kiyawa", "statecode": "JI", "LGA_UID": "17_19" }, "geometry": { "type": "MultiPolygon", "coordinates": [ [ [ [ 9.600542957319135, 11.930849526652935 ], [ 9.614824111022472, 11.92988099999485 ], [ 9.617003513503278, 11.930461214389084 ], [ 9.618862261766196, 11.930767828597425 ], [ 9.620074428589817, 11.931116645834379 ], [ 9.621500506558789, 11.931570109142513 ], [ 9.622978434562981, 11.931926591384695 ], [ 9.624138752351371, 11.932128215521743 ], [ 9.62520831107804, 11.932546794806115 ], [ 9.626149771717735, 11.93306875316074 ], [ 9.633723729863902, 11.937376126087429 ], [ 9.636176608530491, 11.935093875536722 ], [ 9.640645456566858, 11.933719293602792 ], [ 9.646747482712897, 11.931842361327483 ], [ 9.651706603082403, 11.930814609629181 ], [ 9.657400000950815, 11.933999999793514 ], [ 9.66425140060602, 11.936409178430438 ], [ 9.672970233530066, 11.936712440636484 ], [ 9.677291704466256, 11.931805773302642 ], [ 9.698428888828005, 11.93870278098882 ], [ 9.716873336360152, 11.94524197743192 ], [ 9.72640533583666, 11.948772345830605 ], [ 9.737886207637416, 11.955756948576322 ], [ 9.754361224831371, 11.947519387979298 ], [ 9.774550438548999, 11.949827450547502 ], [ 9.783215297436357, 11.953795609243684 ], [ 9.789126890453019, 11.959796905321298 ], [ 9.791147167825727, 11.961947709782635 ], [ 9.794237004925094, 11.96386598208602 ], [ 9.799257989336638, 11.963807853046546 ], [ 9.802828493762604, 11.963766114018199 ], [ 9.807462101910971, 11.964211754320957 ], [ 9.809998981634635, 11.964455739486766 ], [ 9.819941434390046, 11.960417847743201 ], [ 9.823649237909365, 11.961143309236093 ], [ 9.834000474942513, 11.962886213420347 ], [ 9.851336239721377, 11.961255677312465 ], [ 9.862506959311361, 11.964745362683516 ], [ 9.878252766009894, 11.963475821820964 ], [ 9.887910464571803, 11.959913583400578 ], [ 9.891316593886131, 11.955858447645312 ], [ 9.894777211237454, 11.950018314677209 ], [ 9.896717891556079, 11.941129511637655 ], [ 9.896717902556077, 11.941129478637663 ], [ 9.898742128931417, 11.938050688545729 ], [ 9.897256630922129, 11.937294935032241 ], [ 9.896246492235775, 11.937120529913784 ], [ 9.894879833307186, 11.936539179518775 ], [ 9.893394335297842, 11.93613223424228 ], [ 9.891552317046319, 11.935434609768265 ], [ 9.890944166633062, 11.935695473945486 ], [ 9.888763882151693, 11.936630699580917 ], [ 9.882717116043182, 11.933210661257192 ], [ 9.880194784329376, 11.930584622472907 ], [ 9.873014236450558, 11.923108842393503 ], [ 9.87301415245048, 11.923108774393427 ], [ 9.870489550735158, 11.921075360011798 ], [ 9.86985415230339, 11.920563583664091 ], [ 9.860047040639927, 11.912664546297094 ], [ 9.855895452819141, 11.909180297929709 ], [ 9.847490349108284, 11.902126267136794 ], [ 9.841764061217532, 11.897320446871447 ], [ 9.834326889164288, 11.891078757630567 ], [ 9.833508327608115, 11.890391751163747 ], [ 9.828102602935189, 11.889252495389655 ], [ 9.820551915804856, 11.887661177308473 ], [ 9.816191010841806, 11.886742109684008 ], [ 9.814158302460669, 11.885641324936046 ], [ 9.812222712145569, 11.884593134223849 ], [ 9.808661937726185, 11.882015775472667 ], [ 9.80624898708669, 11.881538557148417 ], [ 9.805582862634083, 11.881646247221568 ], [ 9.804798520101144, 11.882448671766781 ], [ 9.803999915558563, 11.882406806738345 ], [ 9.803315398093446, 11.882267254643523 ], [ 9.802602358608965, 11.881967217439694 ], [ 9.801939233158407, 11.881395052050891 ], [ 9.80116201963034, 11.880808930652677 ], [ 9.800857285423263, 11.880543340472229 ], [ 9.800705675320273, 11.880411205382416 ], [ 9.800199416976284, 11.880139076197565 ], [ 9.799785853695312, 11.880104188173846 ], [ 9.799653521605364, 11.880136562195844 ], [ 9.799129858249557, 11.880264674282898 ], [ 9.798637860915278, 11.880320495320802 ], [ 9.797931952435647, 11.880173964221228 ], [ 9.797033522825188, 11.880020456116938 ], [ 9.796562916505479, 11.879832058988939 ], [ 9.796021007137256, 11.879671571879896 ], [ 9.795514749793256, 11.879615750841936 ], [ 9.794523625119837, 11.879545973794563 ], [ 9.793874759678999, 11.879336643652323 ], [ 9.792962069058831, 11.879085447481657 ], [ 9.79227042058892, 11.878869139334654 ], [ 9.791580500120119, 11.878644639182141 ], [ 9.790929907678105, 11.87851327609286 ], [ 9.790259651222698, 11.878457454054967 ], [ 9.789903130980463, 11.878289988941162 ], [ 9.789610784781814, 11.87792017068989 ], [ 9.789503828709144, 11.87757128445287 ], [ 9.789603654776954, 11.876964222040385 ], [ 9.789575132757591, 11.876594400789088 ], [ 9.789548620739595, 11.876529538745046 ], [ 9.78946104668006, 11.87631529059945 ], [ 9.788943729328594, 11.87634029061644 ], [ 9.78888348528767, 11.876343201618397 ], [ 9.78837009693882, 11.876482756713244 ], [ 9.788013576696585, 11.87658044477962 ], [ 9.787798686550559, 11.876434705680595 ], [ 9.78761487142566, 11.876303581591515 ], [ 9.787364712255737, 11.876273423571035 ], [ 9.787210363150848, 11.876084161442407 ], [ 9.787225401161038, 11.875802684251141 ], [ 9.787243495173357, 11.875464003021023 ], [ 9.787300538212094, 11.874905779641779 ], [ 9.787257756183067, 11.874626668452095 ], [ 9.787058105047379, 11.874494089362031 ], [ 9.786772888853591, 11.874522000380978 ], [ 9.786509064674362, 11.874696446499513 ], [ 9.78617393644663, 11.874647601466336 ], [ 9.785952894296429, 11.874522000380978 ], [ 9.785874460243178, 11.874305688234017 ], [ 9.785717591136574, 11.874082398082294 ], [ 9.785503679991223, 11.874033554049106 ], [ 9.785339679879826, 11.87416613213918 ], [ 9.785254115821658, 11.874403378300428 ], [ 9.785025942666607, 11.874556890404733 ], [ 9.784712206453435, 11.874612712442627 ], [ 9.784640902404988, 11.874773200551658 ], [ 9.784512555317804, 11.874849956603839 ], [ 9.784334295196686, 11.874849956603839 ], [ 9.78388508089148, 11.874654579471098 ], [ 9.783330086514354, 11.874583973423114 ], [ 9.783172041406999, 11.874563867409449 ], [ 9.783130416378697, 11.874521503380663 ], [ 9.782993782285871, 11.874382444286198 ], [ 9.782801261155043, 11.874131243115471 ], [ 9.782637262043636, 11.874110310101287 ], [ 9.782565957995189, 11.874263822205592 ], [ 9.782592011012866, 11.874353055266226 ], [ 9.782651523053346, 11.874556890404733 ], [ 9.782501784951592, 11.874619690447389 ], [ 9.782302133815904, 11.874619690447389 ], [ 9.78216665572387, 11.874347555262489 ], [ 9.782195304743368, 11.874228939181876 ], [ 9.782259350786831, 11.873963775001698 ], [ 9.782145264709357, 11.873663728797851 ], [ 9.78218091673358, 11.873454393655607 ], [ 9.782043343640112, 11.873185098472618 ], [ 9.781753093442887, 11.872979901333224 ], [ 9.781532051292686, 11.872979901333224 ], [ 9.781382313190932, 11.873154347451759 ], [ 9.781196923065011, 11.873140391442234 ], [ 9.781125619016564, 11.872993857342692 ], [ 9.781125619016564, 11.872756610181511 ], [ 9.780853764831818, 11.872662754117755 ], [ 9.780712055735535, 11.872393760934983 ], [ 9.780526665609557, 11.872212336811685 ], [ 9.780277102440039, 11.872240248830678 ], [ 9.780248581420608, 11.872407716944451 ], [ 9.780384057512663, 11.872596119072455 ], [ 9.780327015473915, 11.872770566190979 ], [ 9.780034669275267, 11.872791499205221 ], [ 9.779717233059614, 11.872811026218471 ], [ 9.779549801945848, 11.872700787143572 ], [ 9.77936441181987, 11.872644964105632 ], [ 9.778927400522946, 11.872513898016564 ], [ 9.778765459412909, 11.872303048873334 ], [ 9.778594330296642, 11.872372827920742 ], [ 9.778430331185234, 11.872337938897033 ], [ 9.778209289035033, 11.872296070868572 ], [ 9.778038158918775, 11.87244260596816 ], [ 9.777814912767099, 11.872551653042251 ], [ 9.777603204623233, 11.872449583972866 ], [ 9.777382163473021, 11.872226292821153 ], [ 9.777211034356753, 11.872142557764278 ], [ 9.776947209177536, 11.872100690735806 ], [ 9.7759981935327, 11.871885323589481 ], [ 9.775618392274623, 11.871704739466793 ], [ 9.775342871087446, 11.871472682309104 ], [ 9.775077183906888, 11.871408271265352 ], [ 9.77488331877521, 11.871260394164892 ], [ 9.774722526665926, 11.87113774408158 ], [ 9.774615570593255, 11.87100516399147 ], [ 9.774472963496351, 11.870823737868193 ], [ 9.774216269321983, 11.870781870839778 ], [ 9.773938184133044, 11.870684179773377 ], [ 9.773724819988047, 11.870670245763904 ], [ 9.773538881861725, 11.870684179773377 ], [ 9.773382012755121, 11.870740003811306 ], [ 9.773303578701814, 11.870830715872955 ], [ 9.773059660536092, 11.870848604885111 ], [ 9.772854364396608, 11.870698135782845 ], [ 9.77267610527548, 11.870565555692792 ], [ 9.772490714149512, 11.870412041588452 ], [ 9.772340976047815, 11.870453908616923 ], [ 9.77217776693692, 11.870612650724809 ], [ 9.772035094839964, 11.870579533702255 ], [ 9.771991586810373, 11.870412041588452 ], [ 9.772005847820083, 11.870105014379874 ], [ 9.771884630737702, 11.869972433289774 ], [ 9.771713501621434, 11.869916610251835 ], [ 9.77157089352454, 11.869853809209189 ], [ 9.771264287316228, 11.869735184128558 ], [ 9.77098620212729, 11.869609581043221 ], [ 9.770807942006172, 11.869686338095391 ], [ 9.770643942894708, 11.869735184128558 ], [ 9.770230379613736, 11.869532823991108 ], [ 9.769909513395703, 11.869414198910476 ], [ 9.769574384168038, 11.869162992739803 ], [ 9.769253516950016, 11.869086235687632 ], [ 9.768904126712584, 11.869183926754033 ], [ 9.768626041523646, 11.869176948749271 ], [ 9.76827665328625, 11.869023433644998 ], [ 9.768027089116686, 11.869079257682927 ], [ 9.767793564958026, 11.869013743638391 ], [ 9.767442396719446, 11.868793162488544 ], [ 9.766964661394809, 11.868709426431622 ], [ 9.766429881031456, 11.868541955317824 ], [ 9.766087622798921, 11.86844426425148 ], [ 9.765937883697177, 11.868521022303639 ], [ 9.765752493571199, 11.868576845341522 ], [ 9.765574234450128, 11.868548933322586 ], [ 9.765424496348373, 11.868346573185079 ], [ 9.76490397799472, 11.868123278033352 ], [ 9.764312154592574, 11.867941849910096 ], [ 9.763898592311591, 11.867781356801061 ], [ 9.763463638016049, 11.867669708725202 ], [ 9.76319981383682, 11.86776042278683 ], [ 9.762950249667256, 11.867788334805766 ], [ 9.762729207517054, 11.867669708725202 ], [ 9.762650774463737, 11.867348721507085 ], [ 9.762493905357189, 11.86695795424157 ], [ 9.762244341187625, 11.866818394146776 ], [ 9.761688170809691, 11.866797460132545 ], [ 9.761217565489972, 11.866483449919201 ], [ 9.760861045247736, 11.86634388982435 ], [ 9.760511656010294, 11.866371801843343 ], [ 9.760247831831066, 11.86622526274374 ], [ 9.760119484743882, 11.866043834620484 ], [ 9.759563314365948, 11.865639109345466 ], [ 9.759085578041379, 11.865429768203228 ], [ 9.758508015648943, 11.865157625018355 ], [ 9.757973237285569, 11.864913392852429 ], [ 9.757632189053879, 11.864687405698874 ], [ 9.757352892864105, 11.864585423629535 ], [ 9.7569749816073, 11.864592401634297 ], [ 9.756668375398988, 11.864676138691209 ], [ 9.756376029200339, 11.864697072705439 ], [ 9.755990987938731, 11.864543555601131 ], [ 9.755805597812753, 11.864320258449368 ], [ 9.755586465663896, 11.86396344720697 ], [ 9.755349251502707, 11.863748056060615 ], [ 9.755035957289863, 11.863594056956003 ], [ 9.754743169090887, 11.863336348780877 ], [ 9.754472213906809, 11.862973487534305 ], [ 9.754001607587043, 11.862659473320946 ], [ 9.753609437320563, 11.862457108183492 ], [ 9.753352743146195, 11.862589692273559 ], [ 9.753324221126775, 11.86279205741107 ], [ 9.753495351243089, 11.862980465539067 ], [ 9.753424047194642, 11.863189808681284 ], [ 9.753217265054104, 11.863371238804575 ], [ 9.752746658734395, 11.863636405984778 ], [ 9.752504225569623, 11.863741078055853 ], [ 9.752254662400105, 11.863727121046395 ], [ 9.752012229235334, 11.863915530174381 ], [ 9.751784057080329, 11.864055091269222 ], [ 9.751353468787784, 11.864010768239098 ], [ 9.751024390564169, 11.863864887139982 ], [ 9.750265283048407, 11.863803880098544 ], [ 9.750008588873982, 11.863908552169676 ], [ 9.749873111781937, 11.863978332217073 ], [ 9.749716242675333, 11.863922508179144 ], [ 9.749630677617233, 11.863720143041633 ], [ 9.749652068631747, 11.863371238804575 ], [ 9.749537982554216, 11.863085136610209 ], [ 9.749267028370127, 11.863029311572234 ], [ 9.749045986219926, 11.863203764690809 ], [ 9.748689465977691, 11.863315413766657 ], [ 9.748361467754819, 11.863245632719213 ], [ 9.748097643575591, 11.863071180600684 ], [ 9.747919384454462, 11.862785079406308 ], [ 9.747897993439949, 11.862443151173977 ], [ 9.748026339527144, 11.862108201946398 ], [ 9.747791037367278, 11.861375498448581 ], [ 9.74759851723644, 11.861124285277867 ], [ 9.747291910028139, 11.861089394254179 ], [ 9.74689260775682, 11.861124285277867 ], [ 9.746479045475837, 11.861249891363229 ], [ 9.746236612311122, 11.86117313231108 ], [ 9.745815919025233, 11.860914940135615 ], [ 9.745338181700674, 11.86062883594127 ], [ 9.744853316371234, 11.860300861718429 ], [ 9.744525318148362, 11.860349708751585 ], [ 9.744218710940004, 11.860503228855919 ], [ 9.743926364741412, 11.860573009903305 ], [ 9.743334542339255, 11.860419490799018 ], [ 9.742564459816037, 11.860258992689978 ], [ 9.741865682341256, 11.860105472585644 ], [ 9.741352292992417, 11.860021734528743 ], [ 9.74069629654673, 11.860014756524038 ], [ 9.739833519960484, 11.859868215424456 ], [ 9.7391133504712, 11.859498371173174 ], [ 9.738314745928562, 11.859142482931361 ], [ 9.73730936124548, 11.858940114793825 ], [ 9.735975978339468, 11.858702855632657 ], [ 9.735505372019702, 11.858556313533086 ], [ 9.735163112787177, 11.858451641461954 ], [ 9.734835114564305, 11.858346967390844 ], [ 9.734457204307546, 11.858214381300741 ], [ 9.7341006850653, 11.858053882191712 ], [ 9.733965206973267, 11.857795687016278 ], [ 9.733615817735881, 11.857663100926175 ], [ 9.733337732546943, 11.857865470063643 ], [ 9.733095300382217, 11.857984100144279 ], [ 9.732689715106631, 11.857880106073594 ], [ 9.732360868883177, 11.857928274106371 ], [ 9.731966644615341, 11.857993681150788 ], [ 9.731647830398686, 11.857928274106371 ], [ 9.731284180151647, 11.857691013945157 ], [ 9.731048876991736, 11.857425840764961 ], [ 9.730900127890663, 11.857266531656705 ], [ 9.730670965734987, 11.857021102489966 ], [ 9.730364358526629, 11.856839668366661 ], [ 9.729904056213911, 11.856925022424662 ], [ 9.729686972066418, 11.856965276452058 ], [ 9.729180713722428, 11.856888516399863 ], [ 9.728596022325121, 11.856741972300313 ], [ 9.728296546121669, 11.856455863105907 ], [ 9.728085184978056, 11.856301409000991 ], [ 9.727919347865395, 11.856180221918635 ], [ 9.727261405418346, 11.856048189828925 ], [ 9.727241248404653, 11.856044144826171 ], [ 9.726265096741372, 11.8559569167669 ], [ 9.725594840285964, 11.85608252585223 ], [ 9.725167016995329, 11.855901089728945 ], [ 9.72485327978211, 11.855482393444504 ], [ 9.724778210731131, 11.855416422399685 ], [ 9.724154501307339, 11.854868303027217 ], [ 9.723427200813205, 11.854561256818613 ], [ 9.722614337260893, 11.854505429780659 ], [ 9.722046581875134, 11.854510619784207 ], [ 9.719833484371406, 11.853863424344468 ], [ 9.718820967683484, 11.853514507107377 ], [ 9.718150711228077, 11.853500551097909 ], [ 9.717309324656355, 11.853319113974635 ], [ 9.716696111239742, 11.852998109756527 ], [ 9.716139940861808, 11.852663147528915 ], [ 9.715455423396747, 11.852356100320321 ], [ 9.714713861892847, 11.852076965130664 ], [ 9.713744129233987, 11.851644304836668 ], [ 9.713088132788243, 11.851490779732387 ], [ 9.71247491937163, 11.851420996684965 ], [ 9.71197579203249, 11.851518693751359 ], [ 9.711405360644903, 11.851407039675451 ], [ 9.710764118209227, 11.851091242460882 ], [ 9.710207454830993, 11.850876681315128 ], [ 9.709437373307765, 11.850471933040126 ], [ 9.708710072813574, 11.850262579897844 ], [ 9.707925729280646, 11.849871787632367 ], [ 9.707341036883406, 11.850178838840975 ], [ 9.707055821689607, 11.850709199201333 ], [ 9.707098603718691, 11.851225600552198 ], [ 9.70685617055392, 11.851532650760817 ], [ 9.706747127479844, 11.851585878796982 ], [ 9.706527529330629, 11.851693072869807 ], [ 9.706071828021038, 11.851811785950474 ], [ 9.705663458743572, 11.85161578581733 ], [ 9.705575914684061, 11.851379348656678 ], [ 9.705358787536568, 11.850792940258202 ], [ 9.704636539045794, 11.850558291098764 ], [ 9.70386407952094, 11.851139825493931 ], [ 9.703859178517632, 11.851166545512058 ], [ 9.703656110379654, 11.852273813264389 ], [ 9.703338113163568, 11.853158848865746 ], [ 9.70291633187702, 11.854179774559441 ], [ 9.702111192329937, 11.854483622765883 ], [ 9.701754672087702, 11.854977920101703 ], [ 9.701903222188662, 11.855821130674656 ], [ 9.702047312286538, 11.856257669971228 ], [ 9.702345901489423, 11.857320003693076 ], [ 9.703130244022361, 11.85871564964134 ], [ 9.702252657426072, 11.858887420758037 ], [ 9.700991125568919, 11.859134341925824 ], [ 9.700420695181322, 11.860181069637008 ], [ 9.699208528357701, 11.860250851684441 ], [ 9.698067665582585, 11.8592041239732 ], [ 9.69671289066207, 11.860041505542199 ], [ 9.695286812693098, 11.858924995783582 ], [ 9.693932037772583, 11.859483252162875 ], [ 9.693784774672565, 11.860627500940325 ], [ 9.69343291143349, 11.86143713849043 ], [ 9.691792921319177, 11.86171626268009 ], [ 9.691650313222283, 11.86311188662836 ], [ 9.690580754495556, 11.864019038244749 ], [ 9.688940764381243, 11.863600352960248 ], [ 9.687798285605027, 11.86422270338312 ], [ 9.688156420848316, 11.86569377038262 ], [ 9.687300774266987, 11.867159153378282 ], [ 9.686159911491814, 11.867926730899796 ], [ 9.682552490040734, 11.866753681102807 ], [ 9.679152099730345, 11.864904942846636 ], [ 9.673768271072277, 11.859307286043304 ], [ 9.673683167014417, 11.852700232554128 ], [ 9.673456826860672, 11.847074590731779 ], [ 9.675092423971989, 11.845733435820534 ], [ 9.675093936972985, 11.845732194819675 ], [ 9.67582458446941, 11.845133080412609 ], [ 9.677794224807712, 11.843246268130599 ], [ 9.677609211682011, 11.841587059003245 ], [ 9.677395577536856, 11.839671173701504 ], [ 9.676436524885219, 11.831070310857626 ], [ 9.675840375480163, 11.821201274152088 ], [ 9.6757977164512, 11.820495067672255 ], [ 9.676082930644952, 11.813097030645622 ], [ 9.675453351217186, 11.808695107654728 ], [ 9.673368404800556, 11.794117485749894 ], [ 9.673088166610171, 11.792158108418619 ], [ 9.669522971187803, 11.784340500106907 ], [ 9.665590496515847, 11.783957770846882 ], [ 9.664722296925959, 11.78303231921808 ], [ 9.663682448219447, 11.782857816099522 ], [ 9.6629423727166, 11.783413900477342 ], [ 9.662257855251482, 11.783469740515272 ], [ 9.66183003196079, 11.783204496335031 ], [ 9.661673162854186, 11.782352917756441 ], [ 9.661402207670108, 11.781222129988123 ], [ 9.661159774505393, 11.780873120750982 ], [ 9.66071769020499, 11.78071955564667 ], [ 9.659790738575168, 11.780887080760465 ], [ 9.659091961100387, 11.781040644864788 ], [ 9.658721180848488, 11.78120816997864 ], [ 9.658336139586879, 11.7810685658838 ], [ 9.658107967431818, 11.780747476665624 ], [ 9.658065185402734, 11.780189061286194 ], [ 9.657779969208946, 11.78000757516287 ], [ 9.657209537821416, 11.78000757516287 ], [ 9.656510759346588, 11.780077377210318 ], [ 9.656197022133426, 11.77995173412495 ], [ 9.655954588968712, 11.779714405963716 ], [ 9.655940327959001, 11.779058263517868 ], [ 9.65574067682337, 11.778471923119469 ], [ 9.655541025687739, 11.778094988863359 ], [ 9.655056159358253, 11.778067067844404 ], [ 9.652888271885274, 11.778344423032877 ], [ 9.652446435585091, 11.778164791910797 ], [ 9.652118438362209, 11.778234594958235 ], [ 9.65174765711032, 11.778457963109986 ], [ 9.651590789003706, 11.778779055328187 ], [ 9.651490962935895, 11.779030343498903 ], [ 9.65114870470336, 11.778960541451454 ], [ 9.650991835596756, 11.778695292271266 ], [ 9.650849228499851, 11.778276475986672 ], [ 9.650449926228532, 11.77826251597719 ], [ 9.650047016954773, 11.7783234020186 ], [ 9.649449102548544, 11.778413756079942 ], [ 9.649009587249907, 11.778248554967718 ], [ 9.648481937891404, 11.777829738683124 ], [ 9.648039853591001, 11.77750864746497 ], [ 9.647583509280935, 11.777494686455498 ], [ 9.647212728029047, 11.777704093597777 ], [ 9.646856208786801, 11.778108949872887 ], [ 9.646784904738354, 11.778667371252311 ], [ 9.646770643728644, 11.778988462470465 ], [ 9.646442645505772, 11.77922578963171 ], [ 9.645672563982544, 11.779532919840392 ], [ 9.645401608798466, 11.779700445954234 ], [ 9.644959524498063, 11.779742326982671 ], [ 9.644674309304264, 11.779532919840392 ], [ 9.644317789062029, 11.779337473707585 ], [ 9.643604749577548, 11.779267670660147 ], [ 9.642791885025247, 11.779058263517868 ], [ 9.641979021472991, 11.778834896366106 ], [ 9.641351546046621, 11.778737173299703 ], [ 9.640738331629962, 11.77820667393928 ], [ 9.640695549600935, 11.777871620711608 ], [ 9.641009286814096, 11.777564488502946 ], [ 9.64163676224041, 11.77750864746497 ], [ 9.64223571464737, 11.777257356294228 ], [ 9.64274910299622, 11.776782695971747 ], [ 9.643162666277192, 11.776531405800995 ], [ 9.643419360451617, 11.776042784468984 ], [ 9.64336231741288, 11.775498319099086 ], [ 9.643077101219035, 11.77500969476705 ], [ 9.642577973879952, 11.774744441586847 ], [ 9.641936238443918, 11.774632755510936 ], [ 9.641308764017538, 11.774800284624803 ], [ 9.640752592639672, 11.774716519567846 ], [ 9.640324770348968, 11.774493149416116 ], [ 9.639925468077649, 11.774213935226385 ], [ 9.639711555932308, 11.77390679801772 ], [ 9.639740077951728, 11.773460053714132 ], [ 9.639968250106733, 11.772999349401118 ], [ 9.64013938022299, 11.77273409422088 ], [ 9.64005738016732, 11.772523285077682 ], [ 9.639829208012259, 11.772411599001771 ], [ 9.639351470687643, 11.772348774959084 ], [ 9.63883808333884, 11.772230107878443 ], [ 9.638467303086941, 11.772048616755171 ], [ 9.637946783733241, 11.771720536532257 ], [ 9.636991312084035, 11.770799119906201 ], [ 9.636698965885444, 11.770450096669038 ], [ 9.636321054628638, 11.770128996450865 ], [ 9.636000187410616, 11.769982406351232 ], [ 9.635679319192604, 11.769919581308557 ], [ 9.635365581979443, 11.770024289379705 ], [ 9.635097651797423, 11.770182760487387 ], [ 9.634845063625789, 11.770296526564664 ], [ 9.634616891470728, 11.770282565555192 ], [ 9.63445289235932, 11.770177859484079 ], [ 9.634374458306013, 11.76987769928013 ], [ 9.634624021475588, 11.769005137687259 ], [ 9.634987670722694, 11.768335010231908 ], [ 9.635201582868035, 11.767853353904684 ], [ 9.635123148814728, 11.767343774558412 ], [ 9.634730976548269, 11.766715526131577 ], [ 9.634160546160672, 11.766122177728391 ], [ 9.633347680608381, 11.765333373192448 ], [ 9.632221078842917, 11.764202515424074 ], [ 9.63202142770723, 11.763965174262808 ], [ 9.63165064845532, 11.76388140620594 ], [ 9.630923347961129, 11.764118748367196 ], [ 9.630652392777051, 11.764062903329261 ], [ 9.630381437592973, 11.763825561167948 ], [ 9.630352916573599, 11.763295032807491 ], [ 9.630295873534806, 11.762638852361647 ], [ 9.630096223399164, 11.761912862868371 ], [ 9.629639878089108, 11.761480060574343 ], [ 9.629112228730605, 11.761256679422559 ], [ 9.628869794565844, 11.760935566204353 ], [ 9.628812751527107, 11.760628415995654 ], [ 9.628855533556191, 11.759972227549838 ], [ 9.628955359624001, 11.759497538227265 ], [ 9.62875570948836, 11.759274155075502 ], [ 9.627910281913898, 11.759407487166072 ], [ 9.627187736422968, 11.75974256239374 ], [ 9.626650810058152, 11.760020255582447 ], [ 9.626294059815791, 11.760710555051446 ], [ 9.626046872647805, 11.761362087494149 ], [ 9.625780672466931, 11.761380701506823 ], [ 9.625495456273143, 11.760822246127361 ], [ 9.625400384208547, 11.759891484494972 ], [ 9.625571514324861, 11.759295795090225 ], [ 9.626027858634927, 11.758960718862568 ], [ 9.626198987751195, 11.758532565571613 ], [ 9.626668559070254, 11.758307802418926 ], [ 9.627206750435903, 11.758365028457774 ], [ 9.627815209849302, 11.758607027622247 ], [ 9.628119440056025, 11.758402259483091 ], [ 9.62789126790102, 11.757620411951848 ], [ 9.627396893565106, 11.756559331230903 ], [ 9.626920640241508, 11.755778000700047 ], [ 9.62655550799343, 11.755773987697296 ], [ 9.626346447851347, 11.756008028856343 ], [ 9.626141366712034, 11.756586276249209 ], [ 9.626084901673664, 11.756745485357385 ], [ 9.626149074717262, 11.757047986562952 ], [ 9.626120553697888, 11.757280679721021 ], [ 9.625968438594555, 11.757410987809578 ], [ 9.625740266439493, 11.757364449777924 ], [ 9.625474065258629, 11.757131755619866 ], [ 9.625150821038972, 11.756945602493374 ], [ 9.624865604845183, 11.756675677309943 ], [ 9.624742010761224, 11.756424368139221 ], [ 9.62475151876771, 11.756042749879896 ], [ 9.62475151876771, 11.755689054639618 ], [ 9.624684967722487, 11.755363282418273 ], [ 9.624504331599724, 11.755018894184275 ], [ 9.624200102393047, 11.75463727392497 ], [ 9.623582133973173, 11.754255652665677 ], [ 9.623211353721217, 11.754022956507583 ], [ 9.623068745624323, 11.753808877362133 ], [ 9.623106774650182, 11.753417947096466 ], [ 9.62323987574058, 11.753138711906786 ], [ 9.62315431068248, 11.7529826108007 ], [ 9.623049731611388, 11.752917455756403 ], [ 9.622807298446673, 11.752884877734289 ], [ 9.622469793217363, 11.752940725772248 ], [ 9.62217982402035, 11.753066381857593 ], [ 9.621847071794264, 11.753359579056848 ], [ 9.6216664356715, 11.753894781420456 ], [ 9.621462030532655, 11.754239169654454 ], [ 9.621138787312987, 11.754369479742991 ], [ 9.620891600145058, 11.754453249799951 ], [ 9.62059687694483, 11.754267093673434 ], [ 9.620340182770406, 11.7539413204521 ], [ 9.620054966576618, 11.753680700275027 ], [ 9.620045459570122, 11.75328046300308 ], [ 9.61996940251845, 11.752787145667867 ], [ 9.619950387505526, 11.752312443345375 ], [ 9.619731723356949, 11.751688813921646 ], [ 9.619655665305288, 11.750860408358733 ], [ 9.619128015946785, 11.749311795306539 ], [ 9.61926111703724, 11.748325145636159 ], [ 9.61935911210378, 11.747909394353712 ], [ 9.619489289192245, 11.747357109978452 ], [ 9.619603376269765, 11.746910322674864 ], [ 9.619318160075977, 11.746351837295379 ], [ 9.618956886830517, 11.745923665004455 ], [ 9.619147030959709, 11.745476874700898 ], [ 9.619704366338397, 11.745348084613397 ], [ 9.620877339135347, 11.745272095561745 ], [ 9.62179002875547, 11.744881155296127 ], [ 9.622873849491896, 11.744304048904041 ], [ 9.623349207814897, 11.743968954676347 ], [ 9.623577380969891, 11.743410464296858 ], [ 9.62365343802162, 11.742684423803553 ], [ 9.62361540999575, 11.742256245512635 ], [ 9.623044977608174, 11.74203284836085 ], [ 9.622892862504841, 11.741641902095239 ], [ 9.623387236840699, 11.74117648877899 ], [ 9.624071755305806, 11.741102022728398 ], [ 9.624623171680469, 11.741418503943407 ], [ 9.62532670415851, 11.74104617269046 ], [ 9.625745020442707, 11.740860006563935 ], [ 9.62629643681737, 11.741157871766347 ], [ 9.626999969295412, 11.741139255753694 ], [ 9.627672276752207, 11.740721574469887 ], [ 9.627969701954271, 11.74037597723509 ], [ 9.627722514786342, 11.739891944906219 ], [ 9.628026744993065, 11.739426528590002 ], [ 9.628525666332052, 11.739175559419436 ], [ 9.629129578742379, 11.739035579324366 ], [ 9.629966212310819, 11.7391286623876 ], [ 9.630669886788951, 11.739472638621294 ], [ 9.630878901930942, 11.74009672804533 ], [ 9.63116411812473, 11.74076692450069 ], [ 9.630916930956801, 11.741157871766347 ], [ 9.630156356440011, 11.741325420880173 ], [ 9.629814097207486, 11.741716368145831 ], [ 9.630023255349613, 11.742088698398788 ], [ 9.630650728775947, 11.742386560601176 ], [ 9.631563420396049, 11.742274861525289 ], [ 9.63203877871905, 11.741958382310258 ], [ 9.632818369248753, 11.741865300247014 ], [ 9.633655000817214, 11.741828067221718 ], [ 9.634244447217668, 11.741511586006652 ], [ 9.634624735476052, 11.741102022728398 ], [ 9.633921202998067, 11.740636609412149 ], [ 9.632818369248753, 11.740599376386854 ], [ 9.632304979899914, 11.74076692450069 ], [ 9.632076807744852, 11.740469059298334 ], [ 9.632114836770711, 11.739724394792347 ], [ 9.632009767699344, 11.738512725969088 ], [ 9.637116632169182, 11.734854055483197 ], [ 9.639735106948308, 11.732978133208576 ], [ 9.599066861316146, 11.714061844355854 ], [ 9.552900000947943, 11.691300000890237 ], [ 9.536686210931464, 11.683394650518949 ], [ 9.526437834968135, 11.667179529501539 ], [ 9.52401350232094, 11.661593017705741 ], [ 9.523443069933364, 11.657333226811431 ], [ 9.524655236756985, 11.654051048581323 ], [ 9.524208841453685, 11.648587829869371 ], [ 9.504351488961504, 11.636901241928854 ], [ 9.480959505067801, 11.613607518101844 ], [ 9.458317715683734, 11.625247026010356 ], [ 9.456160567218035, 11.648532761831916 ], [ 9.455676576889232, 11.655149625327795 ], [ 9.455348680666418, 11.657168767699716 ], [ 9.451271859896394, 11.660787299158301 ], [ 9.450365726280722, 11.665699994496265 ], [ 9.449386693615509, 11.670949016062707 ], [ 9.447247577162102, 11.676814652048165 ], [ 9.442499707936122, 11.676859514078615 ], [ 9.433129400569442, 11.675976712478814 ], [ 9.421112602404605, 11.675381140074137 ], [ 9.425187071173013, 11.690425338295995 ], [ 9.427702283882013, 11.702664425611829 ], [ 9.417092937673431, 11.704494032854996 ], [ 9.416736418431185, 11.708566911622313 ], [ 9.414953820220035, 11.71799248602656 ], [ 9.404893754384659, 11.724639989543221 ], [ 9.406769884659411, 11.728825197386868 ], [ 9.404009184783661, 11.734677863363459 ], [ 9.397979983687094, 11.744054600734557 ], [ 9.396316224556642, 11.746207108197041 ], [ 9.396374575596269, 11.747201564872739 ], [ 9.396581236736722, 11.752435912429235 ], [ 9.392441771924155, 11.758064261253423 ], [ 9.39093714690182, 11.759269570072377 ], [ 9.391690059413406, 11.761643128685137 ], [ 9.388806153453913, 11.764174875405331 ], [ 9.385195303000501, 11.76386918619761 ], [ 9.383816794063875, 11.764973466947936 ], [ 9.379168808905774, 11.76843889830252 ], [ 9.373286780909211, 11.771694000514231 ], [ 9.366720865447974, 11.772344526956203 ], [ 9.366720430447685, 11.772344622956268 ], [ 9.367780445167909, 11.778052396834426 ], [ 9.362882518840024, 11.786060121275284 ], [ 9.362882544840033, 11.7860602822754 ], [ 9.36447736492363, 11.795841822921489 ], [ 9.365517484630345, 11.79711543578685 ], [ 9.371251300526183, 11.80413631555723 ], [ 9.375327509295801, 11.815140602034148 ], [ 9.379605744202649, 11.82409725211977 ], [ 9.389455362895035, 11.833897938778875 ], [ 9.397831817586393, 11.833568430554976 ], [ 9.398406575976935, 11.833973564830217 ], [ 9.398406914977159, 11.833973962830498 ], [ 9.396602462751105, 11.845266418503229 ], [ 9.399517079731481, 11.846088204061573 ], [ 9.399305927587989, 11.847102016750398 ], [ 9.404620487198997, 11.848309889571112 ], [ 9.409706832654933, 11.848961214013627 ], [ 9.408375826750557, 11.850822130278061 ], [ 9.407662788266123, 11.852776077605654 ], [ 9.406664532587854, 11.85473001293326 ], [ 9.405708493938221, 11.856328998019706 ], [ 9.405476133780382, 11.857428279766623 ], [ 9.404525415134401, 11.8589169677781 ], [ 9.40405005581141, 11.860033477536717 ], [ 9.403004265100833, 11.861894318801092 ], [ 9.402485658748503, 11.863452441859749 ], [ 9.40129297093813, 11.864127311318271 ], [ 9.40053239642134, 11.865197280045265 ], [ 9.400342252292148, 11.866313764803863 ], [ 9.399606040791923, 11.867024054286503 ], [ 9.398357101943304, 11.867072358319319 ], [ 9.39764406345887, 11.866639722025354 ], [ 9.396374852596466, 11.866262908769329 ], [ 9.39531955487945, 11.869975189291665 ], [ 9.397708663502726, 11.87058994970937 ], [ 9.397620161442603, 11.871499821327575 ], [ 9.397548858394146, 11.872686059133571 ], [ 9.397477554345699, 11.874011847034353 ], [ 9.397477554345699, 11.874953850674444 ], [ 9.397317254236782, 11.875519481058745 ], [ 9.397158002128606, 11.87641498166721 ], [ 9.399504461722927, 11.877118665145304 ], [ 9.40074039556265, 11.877723400556192 ], [ 9.402309081628516, 11.877630365492962 ], [ 9.403402409371381, 11.877909473682621 ], [ 9.405018631469545, 11.87832813696707 ], [ 9.406303020342193, 11.878459062056038 ], [ 9.407110212890643, 11.878653763188311 ], [ 9.409106723247191, 11.878979389409608 ], [ 9.410639478288601, 11.879406048699479 ], [ 9.4257673235673, 11.884645583259498 ], [ 9.424936193002566, 11.889073595268144 ], [ 9.436247609688166, 11.891954370225449 ], [ 9.447130888082825, 11.893299320139306 ], [ 9.449483916681572, 11.897799657197083 ], [ 9.449485945682966, 11.900409801970568 ], [ 9.450410868311394, 11.90069518316443 ], [ 9.451765643231909, 11.901358009614796 ], [ 9.451195210844332, 11.902718544539255 ], [ 9.451230862868556, 11.904079073463663 ], [ 9.452050858425707, 11.904951202056225 ], [ 9.45197955437726, 11.905927983719891 ], [ 9.452157814498378, 11.906765223288744 ], [ 9.452157814498378, 11.908404808402793 ], [ 9.453548241443116, 11.908753653639792 ], [ 9.453227373225104, 11.910428111777492 ], [ 9.454332583976054, 11.910707186967159 ], [ 9.453736440570992, 11.912941828485486 ], [ 9.459136167239819, 11.914792631743012 ], [ 9.458660806916839, 11.918141462018355 ], [ 9.465696126697026, 11.921304208167328 ], [ 9.473248678828611, 11.935490681806357 ], [ 9.481603402505243, 11.936937421789366 ], [ 9.489604979941987, 11.939507618535686 ], [ 9.491397724160038, 11.940083464926943 ], [ 9.500144338102984, 11.942873899822928 ], [ 9.514697522991185, 11.94697703061081 ], [ 9.533609642841043, 11.960731998956646 ], [ 9.542729723037723, 11.96586840444661 ], [ 9.540721589673296, 11.973642088728468 ], [ 9.547766485459988, 11.974217898119662 ], [ 9.558112507489625, 11.975722333141846 ], [ 9.58186630862923, 11.979906352984699 ], [ 9.579613954098818, 11.973147716392532 ], [ 9.580715848847547, 11.963050415531882 ], [ 9.584913473699601, 11.94549117960122 ], [ 9.586288838634118, 11.942775894756323 ], [ 9.595022621568319, 11.933562465496209 ], [ 9.600542957319135, 11.930849526652935 ] ] ] ] } },
{ "type": "Feature", "properties": { "fid": 540.0, "OBJECTID": 540.0, "lganame": "Gwaram", "statecode": "JI", "LGA_UID": "17_11" }, "geometry": { "type": "MultiPolygon", "coordinates": [ [ [ [ 9.863461713960021, 11.460526295090347 ], [ 9.864559281705795, 11.458407664650849 ], [ 9.865746432512424, 11.458497638712004 ], [ 9.866384661946029, 11.458407664650849 ], [ 9.867050165398211, 11.458463571688867 ], [ 9.867563553747061, 11.458398347644561 ], [ 9.86819340517502, 11.458407664650849 ], [ 9.868870791635288, 11.458267899555892 ], [ 9.874845177694567, 11.452697157770842 ], [ 9.878001104838859, 11.448499558918797 ], [ 9.877172945276186, 11.447425763189187 ], [ 9.876887729082398, 11.445888278144537 ], [ 9.877220481308484, 11.443978057846607 ], [ 9.877743375663783, 11.441788277358796 ], [ 9.878266272019061, 11.439365521712602 ], [ 9.879026846535851, 11.437455258414673 ], [ 9.880074967247992, 11.435524203102602 ], [ 9.879503249859511, 11.433779715917353 ], [ 9.878694095309754, 11.430699341824379 ], [ 9.8768401930501, 11.425853620531939 ], [ 9.876079890533504, 11.423442469893644 ], [ 9.876103732549723, 11.421142207330718 ], [ 9.87612852756655, 11.418832407761329 ], [ 9.876164767591149, 11.415382014416934 ], [ 9.879169112632496, 11.413161903908474 ], [ 9.882086753614885, 11.410779953290046 ], [ 9.884280470105409, 11.408141479497374 ], [ 9.885558270973604, 11.406417544326018 ], [ 9.885614782011999, 11.401732291142594 ], [ 9.884859507498845, 11.398720712096406 ], [ 9.885144722692644, 11.396344187481645 ], [ 9.884146468014364, 11.394596730294325 ], [ 9.879976273180887, 11.388879776409908 ], [ 9.880859968781351, 11.386388530717227 ], [ 9.88234308978906, 11.384095785159445 ], [ 9.883712124719239, 11.382194468867567 ], [ 9.884453686223083, 11.381299728259648 ], [ 9.886050894308312, 11.381635256487641 ], [ 9.887362886199753, 11.381635256487641 ], [ 9.888389661897406, 11.38102012006965 ], [ 9.888788964168725, 11.379454315005773 ], [ 9.888903051246245, 11.376098987725982 ], [ 9.889188266440044, 11.37352654397813 ], [ 9.889473481633843, 11.371401464534244 ], [ 9.887362886199753, 11.370562612964306 ], [ 9.88565159203705, 11.370338918812308 ], [ 9.884681859378134, 11.369500064242345 ], [ 9.884567772300613, 11.36843751052038 ], [ 9.883483952564234, 11.367598650950413 ], [ 9.884111426990557, 11.365976846848469 ], [ 9.88405438395182, 11.364578732898508 ], [ 9.883141694331698, 11.363348387062558 ], [ 9.882742392060379, 11.36250951149259 ], [ 9.882171960672792, 11.361223230618634 ], [ 9.882633208986192, 11.358969688087427 ], [ 9.885029516614338, 11.356684203534542 ], [ 9.894759997225776, 11.351619921093629 ], [ 9.899004608109749, 11.349906162929187 ], [ 9.903520523178145, 11.347459321266683 ], [ 9.90910599697321, 11.347867128543783 ], [ 9.912023543955513, 11.347809791504801 ], [ 9.916707993138402, 11.34786987254563 ], [ 9.918282962208536, 11.34737386020862 ], [ 9.913697440092847, 11.319938701567708 ], [ 9.911917325883337, 11.318306610458762 ], [ 9.91213662603235, 11.317069227618049 ], [ 9.912700001415146, 11.316799998435101 ], [ 9.912999998619, 11.316399999163309 ], [ 9.91340000189075, 11.316599999299228 ], [ 9.91360000102668, 11.316100000959523 ], [ 9.913984974288212, 11.316462150205552 ], [ 9.941470758963533, 11.313944954495241 ], [ 9.94840538667529, 11.296300803506881 ], [ 9.957655337960205, 11.286293809707615 ], [ 9.958226908348536, 11.28655601288574 ], [ 9.958460095507007, 11.286056325546213 ], [ 9.959359532118128, 11.285199719964226 ], [ 9.96034653178873, 11.284795528689585 ], [ 9.961383977493597, 11.283957959120471 ], [ 9.96229769011444, 11.28340592374542 ], [ 9.963243128756858, 11.283209728612121 ], [ 9.963642879028441, 11.282838533359893 ], [ 9.964002653272871, 11.282313148002913 ], [ 9.964611794686789, 11.281846202685642 ], [ 9.965007737955773, 11.282028944809838 ], [ 9.965548351323093, 11.282409659068492 ], [ 9.966073735680084, 11.282782759322004 ], [ 9.967124506394043, 11.283094943534138 ], [ 9.967722543800392, 11.2830909615314 ], [ 9.968274579175443, 11.282995784466721 ], [ 9.968415443271169, 11.28146103242392 ], [ 9.968891334594502, 11.280385514693194 ], [ 9.969453552976518, 11.278835764640178 ], [ 9.97717094422012, 11.277210235535733 ], [ 9.980352424381806, 11.275648000474234 ], [ 9.982086883560271, 11.274796309895578 ], [ 9.991547552988379, 11.27015073673914 ], [ 9.994712965139115, 11.267649341039544 ], [ 9.998535674736445, 11.264628530987068 ], [ 9.998541007740073, 11.264624316984168 ], [ 10.011856859787599, 11.261368383771924 ], [ 10.027722407567467, 11.265232359397316 ], [ 10.031623589218157, 11.265258037414753 ], [ 10.045429546598655, 11.265348910476519 ], [ 10.049884955625885, 11.265825588800396 ], [ 10.051965740039691, 11.266048209951634 ], [ 10.062824455417683, 11.26613929901356 ], [ 10.069672880070868, 11.267097156664363 ], [ 10.074782993542954, 11.267679904060287 ], [ 10.084171342921877, 11.269661234406556 ], [ 10.090469856201423, 11.267097156664363 ], [ 10.092980963907564, 11.2652960514406 ], [ 10.098432126611385, 11.261386175784025 ], [ 10.102965787691801, 11.257753116315541 ], [ 10.108176996232601, 11.253577101478129 ], [ 10.115667325321908, 11.250032327069619 ], [ 10.12205457066176, 11.247009584015814 ], [ 10.11993197921953, 11.237383417475257 ], [ 10.129812210932698, 11.237856043796398 ], [ 10.130781943591558, 11.237618258634825 ], [ 10.133192016229088, 11.236848953112144 ], [ 10.136514779486788, 11.236219518684436 ], [ 10.139666411628184, 11.237030789235689 ], [ 10.141489894867107, 11.238382791154322 ], [ 10.145666386704875, 11.240966179909606 ], [ 10.151791225866418, 11.23912392565785 ], [ 10.159159659872898, 11.231060028178831 ], [ 10.165049552874791, 11.227669715875265 ], [ 10.169739723061582, 11.226579666134626 ], [ 10.173270226460374, 11.225469589380396 ], [ 10.175620079057012, 11.224349975619646 ], [ 10.183830260635432, 11.223290442899781 ], [ 10.187339783019979, 11.223340033933482 ], [ 10.189689635616617, 11.222209930165604 ], [ 10.194524227901468, 11.224183620506608 ], [ 10.195520400578346, 11.224590301782939 ], [ 10.200025557639378, 11.226095199805457 ], [ 10.202297211182838, 11.225683211525563 ], [ 10.208379745315654, 11.227049828454085 ], [ 10.210720061905761, 11.227069855467676 ], [ 10.213060379495914, 11.227100372488451 ], [ 10.215419769099015, 11.225979804727046 ], [ 10.217760085689122, 11.226010322747811 ], [ 10.221269608073669, 11.226050376774992 ], [ 10.221882735490283, 11.225758115576411 ], [ 10.223620414670961, 11.224929810013634 ], [ 10.225970268267588, 11.224949837027225 ], [ 10.229479789652146, 11.225000381061591 ], [ 10.232999802043821, 11.22389030530735 ], [ 10.235340117633939, 11.223919868327414 ], [ 10.238118171521478, 11.223046302733906 ], [ 10.238689884909945, 11.222866070611417 ], [ 10.242389679423809, 11.221699714818953 ], [ 10.247090339617671, 11.220600128071794 ], [ 10.248080804290623, 11.220290456861392 ], [ 10.250610352009346, 11.219499588324027 ], [ 10.25327846082223, 11.21530548947436 ], [ 10.263644150865218, 11.210499578208953 ], [ 10.279452531606239, 11.203170238229006 ], [ 10.298810004758764, 11.205750464982145 ], [ 10.303560256986316, 11.205451964779343 ], [ 10.307654302768015, 11.205194494604427 ], [ 10.309383391942845, 11.205085753530511 ], [ 10.314050674114071, 11.204792023330981 ], [ 10.318955421446617, 11.204483986121659 ], [ 10.322196006648426, 11.204197883927293 ], [ 10.330389977215873, 11.205490111805261 ], [ 10.332730292805991, 11.205519675825371 ], [ 10.333522438344232, 11.205685271937853 ], [ 10.338569640773528, 11.206740378654786 ], [ 10.342080116158741, 11.206780433682013 ], [ 10.346750259331884, 11.207989692503645 ], [ 10.352609634313069, 11.208060264551591 ], [ 10.356345872851648, 11.208104721581776 ], [ 10.358460426288389, 11.208129882598882 ], [ 10.360631307763413, 11.207626369256786 ], [ 10.363160133481642, 11.207039832858243 ], [ 10.365509987078269, 11.205920219097493 ], [ 10.365910799350615, 11.204780956323418 ], [ 10.365950952377887, 11.204666826245898 ], [ 10.366720199900556, 11.202480315760283 ], [ 10.365579605125561, 11.199009895402298 ], [ 10.365619660152788, 11.195549965051384 ], [ 10.36446952837133, 11.193240166481985 ], [ 10.364500046392038, 11.190939902919069 ], [ 10.363360404617708, 11.18747043556175 ], [ 10.364620210473674, 11.179420471092158 ], [ 10.361140251109248, 11.175930022720593 ], [ 10.358810424526212, 11.174750327919014 ], [ 10.354180337380285, 11.17008972175239 ], [ 10.350700378015802, 11.166589737374295 ], [ 10.349516624211503, 11.165548415666763 ], [ 10.346444131123917, 11.162845611830335 ], [ 10.346090317883522, 11.159629821645353 ], [ 10.343790055320596, 11.156140327274386 ], [ 10.340310096956102, 11.152649878902821 ], [ 10.33915996717468, 11.150329590326294 ], [ 10.33802032640034, 11.148010253750385 ], [ 10.335720062837424, 11.14338016460448 ], [ 10.335760117864595, 11.139929771260086 ], [ 10.33646384834276, 11.137521824624002 ], [ 10.338478382711571, 11.130628675940443 ], [ 10.338240702550081, 11.127690228943891 ], [ 10.337337519936398, 11.124938324074094 ], [ 10.335531152709052, 11.120460592031691 ], [ 10.334010003675473, 11.118081768415436 ], [ 10.332346244545079, 11.117428754971741 ], [ 10.331157845737607, 11.118734780859086 ], [ 10.331870886222077, 11.12176660391907 ], [ 10.331062774673001, 11.124425253725519 ], [ 10.329858155854538, 11.125753139627761 ], [ 10.326255804406856, 11.12492838806736 ], [ 10.325844325127321, 11.124834180003347 ], [ 10.323504559537525, 11.125964460771343 ], [ 10.320224580308945, 11.128156652260827 ], [ 10.316706919918886, 11.130442108813668 ], [ 10.313522010754866, 11.13053539287705 ], [ 10.311858252624404, 11.12908949289465 ], [ 10.310812461913883, 11.127270448658692 ], [ 10.308863487589633, 11.124005469440306 ], [ 10.307095681388489, 11.122268365260027 ], [ 10.306825742205092, 11.122003112079767 ], [ 10.305968612622678, 11.12161416281549 ], [ 10.302398600197023, 11.119994156714768 ], [ 10.300037454592768, 11.120169010833592 ], [ 10.299879194485243, 11.120180730841582 ], [ 10.297169644644214, 11.12171996088739 ], [ 10.294317488706326, 11.122652822521218 ], [ 10.291655476897574, 11.122326322299386 ], [ 10.290134324864027, 11.120740452221867 ], [ 10.28956389447643, 11.118641492795746 ], [ 10.289041000121188, 11.116542519369546 ], [ 10.288541457781776, 11.113601497371292 ], [ 10.288042744442919, 11.110665312376284 ], [ 10.286938346692523, 11.109790572781947 ], [ 10.286616665473957, 11.107885259487375 ], [ 10.285689714844125, 11.106835734774279 ], [ 10.285238122537294, 11.104134942939197 ], [ 10.282243358502512, 11.104834633414612 ], [ 10.28134987089544, 11.105805327074165 ], [ 10.280912351598147, 11.106280652397118 ], [ 10.27910598637078, 11.10730685509435 ], [ 10.277347157175768, 11.107120272967563 ], [ 10.275683399045306, 11.105207799668165 ], [ 10.274433279195932, 11.101524935165799 ], [ 10.270501980524784, 11.098164192882336 ], [ 10.270834731750881, 11.096438249709649 ], [ 10.271205362002718, 11.095442856033344 ], [ 10.271737916364543, 11.094012583061556 ], [ 10.271452700170755, 11.092846390269131 ], [ 10.270501980524784, 11.089627673082191 ], [ 10.269551261878803, 11.08799497697288 ], [ 10.266651567908582, 11.087015355307244 ], [ 10.263751876938386, 11.086548866990313 ], [ 10.258047563062576, 11.083096833644788 ], [ 10.253864400220323, 11.08230379310595 ], [ 10.250679491056303, 11.081743998725585 ], [ 10.248065015279906, 11.079318210077417 ], [ 10.245830823761878, 11.07992465948945 ], [ 10.243454027146981, 11.08141745050375 ], [ 10.240126510886057, 11.08356332696178 ], [ 10.237752534273056, 11.085634160368784 ], [ 10.237131745851286, 11.08617567573674 ], [ 10.235230307559334, 11.088228219131338 ], [ 10.233499483383298, 11.088985423645795 ], [ 10.232200820500964, 11.089321764874342 ], [ 10.231379897943157, 11.089534376018776 ], [ 10.230048890038802, 11.09149360035002 ], [ 10.227957308617647, 11.093172924491 ], [ 10.226293551487231, 11.094339116283379 ], [ 10.222870963161768, 11.095038828758845 ], [ 10.218497657190312, 11.09466564850527 ], [ 10.213839133025033, 11.093126277459305 ], [ 10.209846113311983, 11.092286614888792 ], [ 10.206993958374085, 11.090467340652708 ], [ 10.204189337468449, 11.089534376018776 ], [ 10.201155021406805, 11.087361481542416 ], [ 10.20067167707839, 11.087015355307244 ], [ 10.196583585300687, 11.086408919895177 ], [ 10.193398677136713, 11.084776205785829 ], [ 10.189215513294471, 11.081697348693922 ], [ 10.187456683099413, 11.079831359426066 ], [ 10.184857733333558, 11.076476879146867 ], [ 10.183027047089695, 11.074066075508824 ], [ 10.180650249474752, 11.071908468042807 ], [ 10.178808232223162, 11.070159043854176 ], [ 10.177203894133129, 11.066951739674948 ], [ 10.176134334406413, 11.064385871931563 ], [ 10.174827095518197, 11.06281135086175 ], [ 10.171618419338074, 11.061470085950418 ], [ 10.169835821126867, 11.059720599761761 ], [ 10.168825682440513, 11.058146052691939 ], [ 10.167815544754149, 11.053014140204994 ], [ 10.166567724906315, 11.047940455757669 ], [ 10.163953248129928, 11.042925004349911 ], [ 10.161754711636149, 11.040009004368642 ], [ 10.161062202165567, 11.037306882532675 ], [ 10.158783713617481, 11.032718877415334 ], [ 10.161771051647236, 11.029653673332689 ], [ 10.157778032934175, 11.021068499499449 ], [ 10.153601191096186, 11.013614207434614 ], [ 10.153594870091865, 11.013602926426927 ], [ 10.155629408474283, 11.0056145359992 ], [ 10.161318429339701, 10.997771487670207 ], [ 10.169103648629402, 10.988797078572532 ], [ 10.170420572524165, 10.98855562640847 ], [ 10.17722911915024, 10.987307309560322 ], [ 10.184506634094987, 10.98597300765374 ], [ 10.195342558457469, 10.981848675851438 ], [ 10.20427298252531, 10.975486347528545 ], [ 10.206460876011874, 10.97272376165148 ], [ 10.221513327239279, 10.953717470737615 ], [ 10.221422760177745, 10.95335750349301 ], [ 10.22182023244784, 10.952857174153053 ], [ 10.220297378413136, 10.946765754014223 ], [ 10.208166135170529, 10.946590949895437 ], [ 10.191410065785533, 10.948200225988899 ], [ 10.191111223582482, 10.948048786885977 ], [ 10.189080238202507, 10.947019577186666 ], [ 10.18675994962598, 10.944689750603686 ], [ 10.182089806452836, 10.9434795377814 ], [ 10.178580285068335, 10.943440436754827 ], [ 10.175080298690204, 10.94223976093906 ], [ 10.172739983100087, 10.94221019691895 ], [ 10.168165291991784, 10.943280533646202 ], [ 10.16804027590689, 10.943309783666052 ], [ 10.165699959316726, 10.943280219645999 ], [ 10.163350105720099, 10.944399834406681 ], [ 10.156700952202357, 10.944324070355208 ], [ 10.156319617943211, 10.944319725352273 ], [ 10.154158592474914, 10.946203231632012 ], [ 10.15400013936727, 10.946257215668709 ], [ 10.15109062239037, 10.947248459342234 ], [ 10.148119926371919, 10.945369720065685 ], [ 10.145759582768164, 10.946499824833552 ], [ 10.143420220178712, 10.946470260813442 ], [ 10.134039878805197, 10.947500228513263 ], [ 10.126979829008235, 10.950869559802584 ], [ 10.124629975411608, 10.951999663570405 ], [ 10.119919778211226, 10.954239845092502 ], [ 10.11754989660102, 10.956520080641837 ], [ 10.11400032118928, 10.959930419958994 ], [ 10.111239119313154, 10.962589712765862 ], [ 10.111255283324112, 10.963283497237285 ], [ 10.1119285627816, 10.992182408872736 ], [ 10.111614740568371, 10.992154305853603 ], [ 10.101263758535367, 10.991227353223792 ], [ 10.088014978533465, 10.990040894417632 ], [ 10.060280910689414, 10.970013716810115 ], [ 10.046211933130223, 10.965907424020088 ], [ 10.025363771964862, 10.972932569793329 ], [ 10.010325577747153, 10.970077216853269 ], [ 10.006312746020626, 10.955663158059622 ], [ 9.985526600897401, 10.958215804794008 ], [ 9.967114566387295, 10.970838644370644 ], [ 9.929153422594482, 10.991567538454944 ], [ 9.890393257258779, 10.991020203083053 ], [ 9.881496113213586, 10.989273190896029 ], [ 9.874032022142103, 10.997348785382997 ], [ 9.869985366392541, 10.999085409562952 ], [ 9.868856429625509, 10.999569892892168 ], [ 9.862929344598342, 11.006400107532954 ], [ 9.860916541230722, 11.010887312581815 ], [ 9.859332086154154, 11.014419555981817 ], [ 9.858084555306505, 11.021654610897713 ], [ 9.857819742126594, 11.023190369941176 ], [ 9.856868744480437, 11.025899886782156 ], [ 9.855625152635469, 11.032799721470269 ], [ 9.854406356807374, 11.037389754588958 ], [ 9.85436916378211, 11.040840148933341 ], [ 9.854320525749017, 11.045450211065656 ], [ 9.859182214052339, 11.055547455926273 ], [ 9.852931975805575, 11.066160202137155 ], [ 9.854042052559805, 11.071929932057401 ], [ 9.854243577696764, 11.072757605619756 ], [ 9.855164528322518, 11.076539993189726 ], [ 9.888989097304716, 11.093950040019024 ], [ 9.890348658228447, 11.106565612590714 ], [ 9.887501934294221, 11.113431877256005 ], [ 9.884341118146608, 11.118152126463201 ], [ 9.882265470736343, 11.122481287404696 ], [ 9.881124607961169, 11.125503743458296 ], [ 9.880440091496041, 11.12796646213161 ], [ 9.879242184682141, 11.129925427462638 ], [ 9.878842883410812, 11.130764980033064 ], [ 9.878058375877799, 11.132527322230487 ], [ 9.878158364945705, 11.134570921619002 ], [ 9.878557667217024, 11.13563433934155 ], [ 9.879242184682141, 11.137705190748591 ], [ 9.879983746185985, 11.139664091079567 ], [ 9.881238695038689, 11.141790881524628 ], [ 9.882208427697549, 11.143581851741544 ], [ 9.882721816046399, 11.145484746034469 ], [ 9.883349291472712, 11.147331660289353 ], [ 9.883349291472712, 11.148562929125944 ], [ 9.883634505666521, 11.151585114179341 ], [ 9.883919721860309, 11.154159543928586 ], [ 9.883691548705258, 11.155670610955269 ], [ 9.883292247433985, 11.157573425248131 ], [ 9.882949989201393, 11.160091836959282 ], [ 9.882892945162666, 11.162162515366219 ], [ 9.882664773007605, 11.163841431506967 ], [ 9.881695040348745, 11.165240522457566 ], [ 9.881409824154957, 11.166079973027934 ], [ 9.880268961379784, 11.167758867168686 ], [ 9.879955427166749, 11.169505756355591 ], [ 9.879940345156513, 11.170266785872684 ], [ 9.879010842524963, 11.172077312102829 ], [ 9.878713744323079, 11.173359774974244 ], [ 9.878297804040471, 11.174525644766391 ], [ 9.878060123878981, 11.176216148914989 ], [ 9.877644184596363, 11.177498593786368 ], [ 9.877465925475235, 11.178955910776551 ], [ 9.876812306031127, 11.180296635687512 ], [ 9.876277525667774, 11.181695646638047 ], [ 9.875623907223712, 11.18332781674701 ], [ 9.874910867739231, 11.184726812697591 ], [ 9.87419782925474, 11.185950928529337 ], [ 9.873781888972132, 11.186767004083777 ], [ 9.874316669335485, 11.1874664935591 ], [ 9.875207967941094, 11.188165983034366 ], [ 9.876693465950382, 11.188457437232387 ], [ 9.877703604636736, 11.188574018311556 ], [ 9.878297804040471, 11.189273503786865 ], [ 9.878773164363452, 11.19073076177699 ], [ 9.878713744323079, 11.191546823331464 ], [ 9.878773164363452, 11.193062358361203 ], [ 9.878713744323079, 11.193994991994884 ], [ 9.879248522686453, 11.194519597351302 ], [ 9.880258662372796, 11.194985911668141 ], [ 9.88095669584709, 11.196144314455239 ], [ 9.879233517676255, 11.19666891481171 ], [ 9.877332080384292, 11.196552336732452 ], [ 9.875727742294259, 11.197135226128523 ], [ 9.873766883961935, 11.196552336732452 ], [ 9.873113264517826, 11.197543248405736 ], [ 9.872563993144638, 11.19813750780952 ], [ 9.871984285750727, 11.198592444118617 ], [ 9.870225192555495, 11.198360506961023 ], [ 9.867943731005369, 11.198184423841383 ], [ 9.866279972874906, 11.19789297964337 ], [ 9.864319114542639, 11.198301000920594 ], [ 9.861470585607151, 11.19820672785653 ], [ 9.860878944205183, 11.200969695733875 ], [ 9.86022242875913, 11.202840194004807 ], [ 9.85967159338486, 11.204409599071141 ], [ 9.856086730949073, 11.211270331732635 ], [ 9.854891777137198, 11.213560104288433 ], [ 9.852500915512678, 11.21813964840004 ], [ 9.851903948107065, 11.219843181557508 ], [ 9.851766633013767, 11.220235029823755 ], [ 9.848592819857345, 11.227716132906835 ], [ 9.84186183128395, 11.229567457164706 ], [ 9.840730736515411, 11.232842892390181 ], [ 9.839794724879425, 11.235553407231862 ], [ 9.838742285164358, 11.238601076302643 ], [ 9.838542653028696, 11.239520340927243 ], [ 9.83815515176542, 11.241304711139605 ], [ 9.836977004964922, 11.246729850825716 ], [ 9.834587097341114, 11.251310348937977 ], [ 9.832173346701097, 11.258190154612464 ], [ 9.8309774398885, 11.260479927168262 ], [ 9.829771042068842, 11.263919829505539 ], [ 9.829756672059034, 11.265252887411293 ], [ 9.829746246051968, 11.266220093068455 ], [ 9.828551292240036, 11.268509864624207 ], [ 9.826161384616228, 11.273090362736468 ], [ 9.826124190590974, 11.276539803080198 ], [ 9.82551881217961, 11.277995092068977 ], [ 9.824930190779696, 11.278829574636006 ], [ 9.824922361774384, 11.279555851129487 ], [ 9.822680281250996, 11.27843669436902 ], [ 9.819885758352257, 11.277643913830389 ], [ 9.81768900585962, 11.277807351941419 ], [ 9.816262927890705, 11.278576548464059 ], [ 9.814663772804124, 11.277981512059796 ], [ 9.813695987146559, 11.2770381534188 ], [ 9.811842084886962, 11.277457715703861 ], [ 9.810843830208682, 11.278296841274027 ], [ 9.809203840094369, 11.277667496846391 ], [ 9.808062977319196, 11.276408806991185 ], [ 9.805781251768906, 11.276268951896157 ], [ 9.804456407868713, 11.274838831924455 ], [ 9.803172971996673, 11.274280137544849 ], [ 9.802193755331359, 11.273853873255234 ], [ 9.800718674329119, 11.274450831660829 ], [ 9.798151732584984, 11.273262055853138 ], [ 9.796369135373766, 11.272283060187931 ], [ 9.794087408823486, 11.270325056857587 ], [ 9.793873497678135, 11.268856546859809 ], [ 9.794301320968827, 11.266618802339337 ], [ 9.793160458193654, 11.265360063484081 ], [ 9.79201959641847, 11.263402013153666 ], [ 9.789996608043964, 11.26341238016073 ], [ 9.788882223286805, 11.260674708300598 ], [ 9.787313537220939, 11.260604777253093 ], [ 9.784889203573698, 11.261024363538183 ], [ 9.782821390168749, 11.262492913535993 ], [ 9.781181400054436, 11.26193346715587 ], [ 9.779113586649487, 11.261583812918332 ], [ 9.7785431552619, 11.260604777253093 ], [ 9.776903165147587, 11.258366967732627 ], [ 9.776475341856894, 11.257038259829812 ], [ 9.775477087178615, 11.256478803449681 ], [ 9.772981450482973, 11.255919344069582 ], [ 9.771341459368671, 11.255779478974546 ], [ 9.768774517624536, 11.254380827024193 ], [ 9.767562351800962, 11.253331834311496 ], [ 9.767704959897856, 11.252282836598738 ], [ 9.767134527510279, 11.250394632315761 ], [ 9.765280626250615, 11.250254764220756 ], [ 9.764211067523888, 11.248226677842752 ], [ 9.762493778357054, 11.245753996162705 ], [ 9.750379435125978, 11.245323438870173 ], [ 9.747454647138682, 11.245219488799535 ], [ 9.745529440830637, 11.244939748609454 ], [ 9.745529440830637, 11.246198577464781 ], [ 9.744602490200805, 11.247247597177534 ], [ 9.745529440830637, 11.24759726941511 ], [ 9.744816286346065, 11.248435744984818 ], [ 9.743889450716324, 11.248576349080338 ], [ 9.742819891989598, 11.249275689555532 ], [ 9.741465118069073, 11.248646283127869 ], [ 9.739618355814287, 11.248220445838513 ], [ 9.737614706452916, 11.248436480985333 ], [ 9.735404284951017, 11.249205755508001 ], [ 9.733805195864534, 11.250230643204361 ], [ 9.732146891737784, 11.249811647919671 ], [ 9.731341806190756, 11.249060200409076 ], [ 9.730414854560934, 11.249339935599153 ], [ 9.729630512028052, 11.250179143169362 ], [ 9.728204433059091, 11.251088280787087 ], [ 9.727304726447755, 11.251226155880772 ], [ 9.726350530799436, 11.250878479644541 ], [ 9.725780100411839, 11.250109209121831 ], [ 9.726707051041672, 11.249339935599153 ], [ 9.726008484567046, 11.248409923967245 ], [ 9.72478184473357, 11.247591581411257 ], [ 9.725566188266498, 11.246822300888539 ], [ 9.725637492314945, 11.245983085318358 ], [ 9.724567932588229, 11.245983085318358 ], [ 9.723284462716208, 11.246262823508403 ], [ 9.722286208037929, 11.246892235936059 ], [ 9.720860130068957, 11.247521646363737 ], [ 9.720075786536029, 11.24696216998359 ], [ 9.718364493373315, 11.246752366841065 ], [ 9.717081021501258, 11.246262823508403 ], [ 9.716114685844673, 11.245542656019097 ], [ 9.715512336435381, 11.24465432041552 ], [ 9.715712716571545, 11.24388294089141 ], [ 9.715227120241593, 11.24304580832262 ], [ 9.71529842429004, 11.242136644704885 ], [ 9.715711672570819, 11.241413559213584 ], [ 9.715256138261338, 11.240365819501676 ], [ 9.714870600999348, 11.23947907389919 ], [ 9.714157764515051, 11.238773790419941 ], [ 9.713801042272678, 11.238010405901264 ], [ 9.713801042272678, 11.23668160499841 ], [ 9.714300168611771, 11.235982233523259 ], [ 9.713159306836644, 11.235632547285661 ], [ 9.712232356206812, 11.235142985953019 ], [ 9.712951696695541, 11.234133166266872 ], [ 9.712493174384008, 11.233017834509042 ], [ 9.71180453191613, 11.232345474052238 ], [ 9.712446267352163, 11.231506216481989 ], [ 9.713943650369572, 11.231716030624568 ], [ 9.713729738224231, 11.230527077816703 ], [ 9.713159306836644, 11.229897630389019 ], [ 9.71180453191613, 11.230107445531587 ], [ 9.710164541801817, 11.229967569436553 ], [ 9.709166287123537, 11.230946709101829 ], [ 9.707465727968099, 11.231266749319275 ], [ 9.705743698798074, 11.230666954911783 ], [ 9.704175012732208, 11.231506216481989 ], [ 9.701685484040695, 11.231269771321365 ], [ 9.700538513261392, 11.231016647149374 ], [ 9.701180247697437, 11.230457138769168 ], [ 9.701051977610291, 11.229441916079395 ], [ 9.699682865680018, 11.228918485723739 ], [ 9.698353754776974, 11.22926038895605 ], [ 9.696616796596743, 11.228708668581191 ], [ 9.695975062160755, 11.227659582868398 ], [ 9.695932614131891, 11.226704936219733 ], [ 9.694905503434029, 11.226260793917959 ], [ 9.69390724875575, 11.227170006535744 ], [ 9.692619875881064, 11.226901094353025 ], [ 9.691090652842036, 11.226371769993364 ], [ 9.689557709800454, 11.22584115563285 ], [ 9.689272493606666, 11.224652178825011 ], [ 9.687945651705149, 11.22384543727685 ], [ 9.686491640717179, 11.223253375874549 ], [ 9.685208170845158, 11.224372418634914 ], [ 9.684637739457571, 11.224092659444807 ], [ 9.684851650602923, 11.22297361468452 ], [ 9.684067308069984, 11.221924506971675 ], [ 9.682641230101012, 11.221854565924161 ], [ 9.67955507900416, 11.221978375008291 ], [ 9.677649954709693, 11.221295040543964 ], [ 9.676152572692274, 11.222134329114226 ], [ 9.674298671432666, 11.222134329114226 ], [ 9.672444769173012, 11.22297361468452 ], [ 9.670590866913358, 11.224512298729962 ], [ 9.670876083107146, 11.22584115563285 ], [ 9.670519562864911, 11.227309885630802 ], [ 9.669592612235078, 11.228708668581191 ], [ 9.668879572750654, 11.230107445531587 ], [ 9.668665661605303, 11.231016647149374 ], [ 9.667596102878576, 11.231436278434501 ], [ 9.665871335706697, 11.230997679136465 ], [ 9.665670896570475, 11.229827691341541 ], [ 9.664030907456208, 11.229967569436553 ], [ 9.663317867971728, 11.229198241913821 ], [ 9.662005875080297, 11.228442901400626 ], [ 9.652479671607693, 11.231855906719602 ], [ 9.647550887258774, 11.23408762423594 ], [ 9.646035569229184, 11.234196376309853 ], [ 9.637806017637615, 11.234786999711105 ], [ 9.637524463446312, 11.234832953742341 ], [ 9.630113413410868, 11.236042551564196 ], [ 9.625923426563929, 11.236726420028901 ], [ 9.630727002827769, 11.241192496063377 ], [ 9.633525565729258, 11.24389936090256 ], [ 9.634040383079025, 11.250219103196514 ], [ 9.647999997563943, 11.269099999025229 ], [ 9.653400000232978, 11.274500000694275 ], [ 9.658699999834084, 11.282000001790152 ], [ 9.661499998736531, 11.284899997760533 ], [ 9.661974756059124, 11.29003396624887 ], [ 9.661760844913772, 11.300871995612795 ], [ 9.660705547196756, 11.305668567871805 ], [ 9.658352516597972, 11.310842622387327 ], [ 9.654858625224051, 11.316226336045361 ], [ 9.651436036898588, 11.319931950563102 ], [ 9.648156056669961, 11.324896000935951 ], [ 9.644778864375326, 11.329098708791491 ], [ 9.641955587457062, 11.332210825906031 ], [ 9.64163472023904, 11.335531712162435 ], [ 9.640743420633441, 11.338153436943742 ], [ 9.641826271369155, 11.341446367181163 ], [ 9.641991239481285, 11.342697704031366 ], [ 9.641058772847714, 11.343713538721602 ], [ 9.64213384657819, 11.347696313427718 ], [ 9.64482535240694, 11.349170284429192 ], [ 9.646091214267017, 11.349863515900211 ], [ 9.645852111104546, 11.35619668220329 ], [ 9.651411718882059, 11.35787656134471 ], [ 9.654347663876877, 11.358667808882331 ], [ 9.655042942349269, 11.358946529071716 ], [ 9.65940781231501, 11.36069629226057 ], [ 9.661499393736165, 11.363958592477161 ], [ 9.665682556578417, 11.365123690268774 ], [ 9.671481942518824, 11.364611047920448 ], [ 9.67533235413498, 11.367127647630355 ], [ 9.679325373848087, 11.368665558675332 ], [ 9.681189720114787, 11.370759068097755 ], [ 9.683175785464243, 11.373325845841748 ], [ 9.684031432045629, 11.378358870261479 ], [ 9.684176461144148, 11.380005053379989 ], [ 9.685464824019505, 11.380821039934403 ], [ 9.687463571377577, 11.38309104647675 ], [ 9.689348103658006, 11.384561553475919 ], [ 9.688719926231215, 11.38588929237801 ], [ 9.687449294367866, 11.387659610580897 ], [ 9.686768567905347, 11.388030915833156 ], [ 9.686554616759963, 11.388906131427859 ], [ 9.686088243443123, 11.389572379880519 ], [ 9.685334883931262, 11.390582786567052 ], [ 9.685595962108607, 11.39247216685078 ], [ 9.684638321457953, 11.401548466017687 ], [ 9.684450293330201, 11.403330529228526 ], [ 9.687997424740331, 11.408079714455369 ], [ 9.695026416516157, 11.410135737852386 ], [ 9.696729687673496, 11.41050623110408 ], [ 9.699014393225809, 11.41108845549968 ], [ 9.701167804688964, 11.411719011928142 ], [ 9.704082644669484, 11.41394380843974 ], [ 9.70597431695478, 11.415823582716996 ], [ 9.70573637079309, 11.417572485905282 ], [ 9.705855343873907, 11.419321390093558 ], [ 9.706295544173031, 11.420201790691749 ], [ 9.710589678090685, 11.417783465048615 ], [ 9.712031631070431, 11.418597240601571 ], [ 9.712117292128653, 11.420267622736503 ], [ 9.711831755934611, 11.422037941939323 ], [ 9.710956115339684, 11.42544533025449 ], [ 9.709563851393682, 11.429349402907121 ], [ 9.716004302769647, 11.436068733472609 ], [ 9.728047559952472, 11.435693959217986 ], [ 9.755102261334912, 11.444262904040158 ], [ 9.765670283515362, 11.447306232107962 ], [ 9.774547561547081, 11.45373121047345 ], [ 9.785834250215828, 11.462013459100831 ], [ 9.788003840689953, 11.463325660992439 ], [ 9.801438171817949, 11.44335570942377 ], [ 9.819414680032139, 11.450845919513029 ], [ 9.855712725694957, 11.465970105789211 ], [ 9.863461713960021, 11.460526295090347 ] ] ] ] } },
{ "type": "Feature", "properties": { "fid": 544.0, "OBJECTID": 544.0, "lganame": "Kafin Hausa", "statecode": "JI", "LGA_UID": "17_15" }, "geometry": { "type": "MultiPolygon", "coordinates": [ [ [ [ 10.106194389885502, 12.382713263673054 ], [ 10.114275501376255, 12.373543155442405 ], [ 10.120388843529952, 12.364554910335357 ], [ 10.12640000061424, 12.357999998881553 ], [ 10.138713950981014, 12.351158546233137 ], [ 10.144180583695345, 12.349765471286617 ], [ 10.150360256894146, 12.34779193494569 ], [ 10.162244243968757, 12.344773555894847 ], [ 10.170206514378719, 12.345121832131497 ], [ 10.179694602825407, 12.343729794185663 ], [ 10.191727137000953, 12.340525582008524 ], [ 10.190737201328375, 12.337688228080708 ], [ 10.191193545638441, 12.33557064164188 ], [ 10.191250588677178, 12.334456114884631 ], [ 10.191535804870966, 12.333062950938029 ], [ 10.192048263219192, 12.332401631488665 ], [ 10.191743194011906, 12.331993000211071 ], [ 10.191744033012469, 12.331547150908136 ], [ 10.191686989973675, 12.330897002466372 ], [ 10.192086292244994, 12.330581214251822 ], [ 10.192675737645516, 12.330766972378001 ], [ 10.193170110981384, 12.331045607567319 ], [ 10.194177873666149, 12.331528575895504 ], [ 10.194767319066614, 12.331640029971197 ], [ 10.195166621337933, 12.331435696832386 ], [ 10.195508879570468, 12.330822699415876 ], [ 10.195261693402529, 12.329912485797422 ], [ 10.19450111788575, 12.328965119153736 ], [ 10.194995492221665, 12.328129203585775 ], [ 10.195508879570468, 12.327126101904241 ], [ 10.195622965647999, 12.326160149247869 ], [ 10.196079310958055, 12.325992964134286 ], [ 10.196630728332764, 12.325547137831393 ], [ 10.197106087655698, 12.325175614578939 ], [ 10.197505389927016, 12.324729788276045 ], [ 10.197486374914092, 12.324061044821633 ], [ 10.197220173733228, 12.323262267278949 ], [ 10.196744815410227, 12.322630672849755 ], [ 10.196248604073105, 12.3223039746278 ], [ 10.196383541164778, 12.321311750953612 ], [ 10.197144116681557, 12.321056325780091 ], [ 10.197975996246782, 12.321427854032549 ], [ 10.198380050521337, 12.32212446750583 ], [ 10.198879178860466, 12.322728198916025 ], [ 10.199924968570997, 12.323169385215806 ], [ 10.201137136394607, 12.323355148342046 ], [ 10.201969014959843, 12.323169385215806 ], [ 10.202658286428175, 12.322797859963373 ], [ 10.203062341702719, 12.323517690452491 ], [ 10.203252485831911, 12.324121417862671 ], [ 10.20375161317105, 12.324469721099319 ], [ 10.20451218768784, 12.324260738957321 ], [ 10.204226972494041, 12.322681757884482 ], [ 10.204131901429434, 12.321149207843177 ], [ 10.203300020864219, 12.320452591369872 ], [ 10.202777125508931, 12.319430883675693 ], [ 10.201873942895247, 12.318014418713233 ], [ 10.201992782975992, 12.31717846914529 ], [ 10.202682054444324, 12.316783712877054 ], [ 10.203561469041858, 12.316830154908587 ], [ 10.204322043558648, 12.317271352208365 ], [ 10.204821171897777, 12.318455613013043 ], [ 10.205415371301513, 12.319152235486342 ], [ 10.206152177802096, 12.319291558581028 ], [ 10.206461162012033, 12.318757483218121 ], [ 10.206318553915139, 12.317944755665906 ], [ 10.206009569705202, 12.317248131192571 ], [ 10.206152177802096, 12.316388957608808 ], [ 10.206080873753649, 12.31557622305661 ], [ 10.205843194592148, 12.31478670752017 ], [ 10.205534211382258, 12.314229401141517 ], [ 10.205914497640606, 12.313625650731296 ], [ 10.20653246606048, 12.313207669447308 ], [ 10.206912753318875, 12.31255747400553 ], [ 10.206627538125076, 12.311860834532183 ], [ 10.2060571057375, 12.31144285024817 ], [ 10.205177691140022, 12.311349965185059 ], [ 10.20427450752635, 12.311233858106164 ], [ 10.203086109718868, 12.311396407216648 ], [ 10.202349303218227, 12.311558957327065 ], [ 10.201969014959843, 12.31206982667419 ], [ 10.201612494717608, 12.312696802100163 ], [ 10.20130351150766, 12.313068342352608 ], [ 10.200804384168521, 12.313346995541963 ], [ 10.200233952780934, 12.313486323636653 ], [ 10.199378306199606, 12.313486323636653 ], [ 10.198427586553635, 12.31290579324218 ], [ 10.197809620133739, 12.311953719595294 ], [ 10.197001508584663, 12.311280300137753 ], [ 10.196240934067873, 12.311024864964168 ], [ 10.179849359930586, 12.287963031294737 ], [ 10.175018865648497, 12.27344136642796 ], [ 10.152162858118913, 12.244149890525762 ], [ 10.147536090975223, 12.238220385496959 ], [ 10.149052813005767, 12.224505743178497 ], [ 10.15151149967636, 12.202272061071767 ], [ 10.162219073951633, 12.183236373137902 ], [ 10.17039012850347, 12.164979934733537 ], [ 10.169926523188508, 12.163763578907037 ], [ 10.169260024735649, 12.16152000438268 ], [ 10.169215573705401, 12.16138464329066 ], [ 10.168142107976053, 12.158115738069625 ], [ 10.168120383961309, 12.158049583024649 ], [ 10.166999817199951, 12.153429984885861 ], [ 10.165849686418483, 12.151109695309344 ], [ 10.163999334161247, 12.138952430049073 ], [ 10.162489891135635, 12.137249946892268 ], [ 10.157304080612107, 12.129379488544657 ], [ 10.156847736302041, 12.119731159989101 ], [ 10.155364614294342, 12.112815379290168 ], [ 10.153835334255291, 12.108082773074557 ], [ 10.152797672550207, 12.102385598203625 ], [ 10.15274062951147, 12.097477323868645 ], [ 10.152493027343269, 12.089872270701392 ], [ 10.161781966654644, 12.067570234548214 ], [ 10.162590078203721, 12.065710809284838 ], [ 10.164253836334183, 12.062642728200217 ], [ 10.166345417755281, 12.060922728031528 ], [ 10.167478039524838, 12.059211204868632 ], [ 10.168309919090063, 12.057932812000047 ], [ 10.168191080009308, 12.057003067368328 ], [ 10.167299781403756, 12.05502734902592 ], [ 10.165695442313677, 12.053981374315185 ], [ 10.165754862354049, 12.052412405249186 ], [ 10.166289641717412, 12.050262320788306 ], [ 10.1677751397267, 12.051017758301555 ], [ 10.168904119493789, 12.051540751656944 ], [ 10.169561594940546, 12.050930990242591 ], [ 10.170746136745379, 12.048460886564271 ], [ 10.173122934360322, 12.047414886853574 ], [ 10.174905531571483, 12.046194548024403 ], [ 10.175321470854101, 12.045380986471628 ], [ 10.175321470854101, 12.04363763128714 ], [ 10.176272190500072, 12.042707836655381 ], [ 10.175915671257826, 12.041196913628767 ], [ 10.174489592288865, 12.039453532444213 ], [ 10.171875114512432, 12.039337306365269 ], [ 10.171340336149115, 12.040208998957553 ], [ 10.170389616503144, 12.040267111997025 ], [ 10.167240361363383, 12.040673901273408 ], [ 10.166705581000031, 12.041894264102609 ], [ 10.164566463546578, 12.042417275457922 ], [ 10.162427346093125, 12.041661813944643 ], [ 10.161942161763477, 12.04049751615355 ], [ 10.16210901387683, 12.039738794638026 ], [ 10.163578305875149, 12.038758010971662 ], [ 10.164747258669422, 12.03789079938241 ], [ 10.16492551779055, 12.036879625695349 ], [ 10.164105523233388, 12.036705285576943 ], [ 10.162287272997958, 12.03674015360059 ], [ 10.161739945626096, 12.036187106224816 ], [ 10.159099829832257, 12.031027022718831 ], [ 10.156782453257733, 12.030213415165974 ], [ 10.156307092934696, 12.029457918652668 ], [ 10.157970851065159, 12.029051113376283 ], [ 10.157670541861137, 12.027465006298598 ], [ 10.157198391540305, 12.025970991283486 ], [ 10.155411064325904, 12.024956127593896 ], [ 10.154999855046526, 12.023297648467064 ], [ 10.152979576673829, 12.023530112624996 ], [ 10.150483939978187, 12.024285625138361 ], [ 10.147810043161371, 12.024983018612204 ], [ 10.145314406465729, 12.025157366730639 ], [ 10.145492665586801, 12.026900842915268 ], [ 10.144660787021621, 12.02754011434962 ], [ 10.143769488416012, 12.026958957954776 ], [ 10.142759348729669, 12.02457620633578 ], [ 10.140620231276216, 12.023936927901445 ], [ 10.139134733266928, 12.023297648467064 ], [ 10.137173874934604, 12.025506062967565 ], [ 10.135866637046377, 12.025389830888628 ], [ 10.135153596561906, 12.026145338401932 ], [ 10.135460837770665, 12.027237261143853 ], [ 10.134381138037043, 12.028295614862941 ], [ 10.131957927390602, 12.028248419830902 ], [ 10.130326956282431, 12.027181470105916 ], [ 10.130043483089821, 12.025912875243989 ], [ 10.129449283686085, 12.024401858217345 ], [ 10.131053621776175, 12.023239531427578 ], [ 10.132123180502902, 12.021379799163981 ], [ 10.131350721978038, 12.019868756137271 ], [ 10.130340583291684, 12.018590175268571 ], [ 10.129152184484212, 12.019055114584432 ], [ 10.127310166232689, 12.018880762465983 ], [ 10.125349308900354, 12.018357705110589 ], [ 10.124933368617747, 12.017137235281325 ], [ 10.127191327151934, 12.01614923061004 ], [ 10.126537706707836, 12.014928750780768 ], [ 10.124636270415863, 12.014405686425391 ], [ 10.122675412083595, 12.014521922504343 ], [ 10.121011653953133, 12.015219341978252 ], [ 10.119942095226406, 12.014231331306917 ], [ 10.118159497015199, 12.0133014346751 ], [ 10.115604440279185, 12.013185197596101 ], [ 10.113346481744998, 12.013475790793564 ], [ 10.112692863300879, 12.014812513701827 ], [ 10.111920403776026, 12.014870632741292 ], [ 10.111088525210846, 12.013882621069968 ], [ 10.109840706363002, 12.013882621069968 ], [ 10.108652307555531, 12.015509933175679 ], [ 10.107107389505813, 12.014870632741292 ], [ 10.105503051415781, 12.015509933175679 ], [ 10.104730591890927, 12.017137235281325 ], [ 10.102532055397091, 12.017021000202362 ], [ 10.100392936943706, 12.016381702768001 ], [ 10.098788598853616, 12.016846646083934 ], [ 10.098055018355183, 12.018502352208884 ], [ 10.09659006235978, 12.018706410347534 ], [ 10.095829963843357, 12.01784992176556 ], [ 10.095870017870595, 12.014399529421212 ], [ 10.097060203679234, 12.012109755865424 ], [ 10.094926304229375, 12.008593788476503 ], [ 10.09320312605854, 12.007373272647214 ], [ 10.092311827452932, 12.007024554410236 ], [ 10.092014727251069, 12.005978392699433 ], [ 10.092014727251069, 12.002723643487968 ], [ 10.093500225260414, 12.000689405105845 ], [ 10.09480746414863, 12.000631284066344 ], [ 10.09540166255232, 11.999701341434502 ], [ 10.094153843704532, 11.998829516842136 ], [ 10.094213263744905, 11.9975508359733 ], [ 10.093888739524402, 11.995708808721758 ], [ 10.09272776573556, 11.994179738682817 ], [ 10.091479947887706, 11.995400312512118 ], [ 10.090410389160979, 11.995342191472616 ], [ 10.089697349676555, 11.993947247524829 ], [ 10.08910315027282, 11.992203559340112 ], [ 10.087974171505721, 11.992029190221615 ], [ 10.086607512577132, 11.991738574024168 ], [ 10.086250993334886, 11.992319806419061 ], [ 10.085775634011895, 11.994354106801268 ], [ 10.084884335406286, 11.995574680630625 ], [ 10.084841172376969, 11.996102434989211 ], [ 10.084772838330537, 11.996937952556891 ], [ 10.083042317154764, 11.99760895801279 ], [ 10.082149393548036, 11.997533909961817 ], [ 10.081319138983929, 11.99656276030197 ], [ 10.080352535327165, 11.995497306578045 ], [ 10.079714800893839, 11.995284069433126 ], [ 10.079340018639186, 11.99556705362545 ], [ 10.079525409765154, 11.996166877032977 ], [ 10.08019016021683, 11.997318347815337 ], [ 10.079833640974584, 11.998480785605182 ], [ 10.078942342369032, 11.998422663565691 ], [ 10.077694522521199, 11.996272149104527 ], [ 10.078348142965297, 11.994877211156734 ], [ 10.077753942561571, 11.993540388248391 ], [ 10.07727858423857, 11.992145436300575 ], [ 10.075911925309981, 11.992145436300575 ], [ 10.07543656598699, 11.993249774050923 ], [ 10.074782946542882, 11.993772880406368 ], [ 10.073951067977646, 11.993017281892946 ], [ 10.072643829089486, 11.992726666695489 ], [ 10.071514850322387, 11.991971067182135 ], [ 10.070564130676416, 11.991680450984688 ], [ 10.069494572949679, 11.991912944142655 ], [ 10.069752527124933, 11.990182835967119 ], [ 10.070148192393788, 11.988599899891597 ], [ 10.068187334061463, 11.987786164338672 ], [ 10.068246754101835, 11.989006768167997 ], [ 10.067119803336141, 11.989900812775488 ], [ 10.065632277325449, 11.989820499720906 ], [ 10.064562717598733, 11.989297387365468 ], [ 10.065275758083203, 11.988367404733594 ], [ 10.063631534966021, 11.986282100316714 ], [ 10.065335177123586, 11.985170566561521 ], [ 10.066998936254038, 11.98499619344301 ], [ 10.066404735850313, 11.983601197495204 ], [ 10.065216338042831, 11.984008071771655 ], [ 10.064206199356477, 11.983426822376714 ], [ 10.063374319791251, 11.983601197495204 ], [ 10.063433739831623, 11.984589320166549 ], [ 10.06289896046826, 11.985344940679965 ], [ 10.061710561660846, 11.985577439837925 ], [ 10.061294622378227, 11.986333058351363 ], [ 10.060522162853374, 11.986333058351363 ], [ 10.059868544409255, 11.985577439837925 ], [ 10.059096084884402, 11.985868062035422 ], [ 10.05767000591544, 11.985344940679965 ], [ 10.05737301971368, 11.984414596047827 ], [ 10.056065667825408, 11.984008071771655 ], [ 10.055709147583173, 11.983252447258224 ], [ 10.056184507906153, 11.982322443626344 ], [ 10.054164229533455, 11.981741191231379 ], [ 10.053748291250827, 11.980927433678517 ], [ 10.054342489654573, 11.980055549086103 ], [ 10.054104810493072, 11.9789511573357 ], [ 10.0540453904527, 11.978079265743304 ], [ 10.052916411685601, 11.977904886624799 ], [ 10.052197011196824, 11.978674820147944 ], [ 10.051014974393695, 11.979009283375206 ], [ 10.048697596819125, 11.978602401098726 ], [ 10.048519336698007, 11.977439877308882 ], [ 10.047628038092398, 11.97749800334833 ], [ 10.047449777971281, 11.979648667809613 ], [ 10.048103397415389, 11.981159935836445 ], [ 10.046142539083064, 11.981276186915466 ], [ 10.045786019840818, 11.980113675125608 ], [ 10.045072981356384, 11.980229926204572 ], [ 10.044597621033404, 11.981101809796996 ], [ 10.043884581548923, 11.980869307639011 ], [ 10.042636762701079, 11.97953241573066 ], [ 10.041032424610989, 11.977149245111377 ], [ 10.041270104772479, 11.976335474558482 ], [ 10.040557066288045, 11.976044842360977 ], [ 10.037862529457186, 11.976182006454223 ], [ 10.037211168014665, 11.974598909378528 ], [ 10.031228136949437, 11.978718653177737 ], [ 10.028970179415296, 11.978718653177737 ], [ 10.024989043710264, 11.980171800165067 ], [ 10.023681804822047, 11.980462429362547 ], [ 10.022849926256868, 11.981334312954971 ], [ 10.02154268836864, 11.983252447258224 ], [ 10.020079613374548, 11.983550072460446 ], [ 10.016664821054349, 11.982664987859096 ], [ 10.015425887212587, 11.980863584635131 ], [ 10.013889903168945, 11.979976892032653 ], [ 10.012213758030043, 11.979009283375206 ], [ 10.010490579859265, 11.978428022980268 ], [ 10.003973402431143, 11.976630369758823 ], [ 9.996580604408052, 11.975133765741987 ], [ 9.992724020787705, 11.972731604109811 ], [ 9.988963303232481, 11.972208322754284 ], [ 9.986262969397728, 11.971105052004646 ], [ 9.983961796834194, 11.970164876365857 ], [ 9.983551959555712, 11.96915287367824 ], [ 9.981612493237947, 11.968594843299059 ], [ 9.980243458307768, 11.967311369427023 ], [ 9.978303991990003, 11.964856009758705 ], [ 9.977676516563633, 11.964074755227898 ], [ 9.976307481633455, 11.962735454317908 ], [ 9.974653230509432, 11.963014475507464 ], [ 9.974139843160629, 11.964074755227898 ], [ 9.973341238618048, 11.964130559265811 ], [ 9.97277080823045, 11.96334930073499 ], [ 9.971230643183958, 11.962568041204122 ], [ 9.970432038641377, 11.961730974635373 ], [ 9.969804565215043, 11.959889420384172 ], [ 9.969633435098729, 11.95754560379163 ], [ 9.969120046749936, 11.955648214502446 ], [ 9.967808054858494, 11.954364678630327 ], [ 9.964952929918582, 11.954118605463179 ], [ 9.96265666135838, 11.95392069632868 ], [ 9.960538857919403, 11.95514177715836 ], [ 9.959469299192676, 11.956071872790289 ], [ 9.959528719233049, 11.957641402856723 ], [ 9.960538857919403, 11.958571491488669 ], [ 9.96047943787903, 11.959559706160121 ], [ 9.959706979354166, 11.960373526713056 ], [ 9.956320043052926, 11.959443445081149 ], [ 9.954359184720602, 11.958571491488669 ], [ 9.95269542659014, 11.957990187093685 ], [ 9.951507027782725, 11.957757663935695 ], [ 9.951685287903842, 11.955955610711328 ], [ 9.950318629975243, 11.955199908197869 ], [ 9.948892551006281, 11.95537430131634 ], [ 9.946694013512456, 11.954734858881864 ], [ 9.94503025638204, 11.954676726842365 ], [ 9.945089676422413, 11.953397837973398 ], [ 9.942940922962407, 11.953748197211496 ], [ 9.94140563991931, 11.953630363131424 ], [ 9.940752021475191, 11.951421359630501 ], [ 9.939682461748475, 11.950840040235505 ], [ 9.938552823980956, 11.951882216943659 ], [ 9.936354946487597, 11.952002678025451 ], [ 9.934512928236018, 11.952002678025451 ], [ 9.9343346681149, 11.950374982919527 ], [ 9.933681048670792, 11.949561132366568 ], [ 9.93267686498848, 11.94992562861421 ], [ 9.932670909984438, 11.951363227591003 ], [ 9.931482511176966, 11.951828282907002 ], [ 9.930650631611741, 11.95147949167 ], [ 9.930353533409914, 11.950084321722045 ], [ 9.927973456792756, 11.950159850773389 ], [ 9.926669496906754, 11.949677396445566 ], [ 9.926312976664519, 11.947933422260633 ], [ 9.923579659807388, 11.946654500391617 ], [ 9.92363907984776, 11.944910507206657 ], [ 9.923401400686259, 11.943805971456186 ], [ 9.921262283232807, 11.943747838416698 ], [ 9.91888548561792, 11.943922237535219 ], [ 9.917281147527831, 11.944271038772172 ], [ 9.91656810804335, 11.943573437298198 ], [ 9.915201450114751, 11.944154771693206 ], [ 9.913478271943973, 11.943573437298198 ], [ 9.911814513813511, 11.943631571337733 ], [ 9.90973481640043, 11.942992099903222 ], [ 9.908724676714087, 11.943166502021711 ], [ 9.907892798148907, 11.942294495429223 ], [ 9.905867144772571, 11.942083315285743 ], [ 9.90558265657927, 11.942053656265614 ], [ 9.905507165527979, 11.941879573147332 ], [ 9.904981222170591, 11.940666741323241 ], [ 9.903495723161257, 11.939852860770259 ], [ 9.902318163361201, 11.940074656920956 ], [ 9.902169020259862, 11.940102748940035 ], [ 9.902159561253427, 11.939984890859932 ], [ 9.902069645192341, 11.938864574098773 ], [ 9.900524727142624, 11.938108822585264 ], [ 9.898742128931417, 11.938050688545729 ], [ 9.896717902556077, 11.941129478637663 ], [ 9.896717891556079, 11.941129511637655 ], [ 9.894777211237454, 11.950018314677209 ], [ 9.891316593886131, 11.955858447645312 ], [ 9.887910464571803, 11.959913583400578 ], [ 9.878252766009894, 11.963475821820964 ], [ 9.862506959311361, 11.964745362683516 ], [ 9.851336239721377, 11.961255677312465 ], [ 9.834000474942513, 11.962886213420347 ], [ 9.823649237909365, 11.961143309236093 ], [ 9.819941434390046, 11.960417847743201 ], [ 9.809998981634635, 11.964455739486766 ], [ 9.809559584336057, 11.966500500876066 ], [ 9.807163771708247, 11.973699059767171 ], [ 9.80750000093667, 11.995599999647823 ], [ 9.808400000548204, 12.00680000025767 ], [ 9.80889999888791, 12.007499999733284 ], [ 9.810499999975036, 12.009199998888391 ], [ 9.8119000009263, 12.010200000567806 ], [ 9.814399998624936, 12.011999997790838 ], [ 9.816100000780011, 12.014500000489477 ], [ 9.818899999682458, 12.018500000207268 ], [ 9.819899999361894, 12.020599998634111 ], [ 9.821400002381097, 12.021999999585375 ], [ 9.822500002128493, 12.023800000808365 ], [ 9.821933127743307, 12.025164914735797 ], [ 9.820417919713805, 12.027518604335 ], [ 9.819853430330284, 12.029930386973717 ], [ 9.818486772401684, 12.031150799802901 ], [ 9.816852724291437, 12.031615717118825 ], [ 9.815812874584879, 12.031354200941109 ], [ 9.814357086595749, 12.030511537368568 ], [ 9.813406367949767, 12.029465466657825 ], [ 9.81224767916251, 12.029174891460343 ], [ 9.809989721628369, 12.029000546341933 ], [ 9.808088284336407, 12.02836127790755 ], [ 9.806275976105042, 12.027692951453446 ], [ 9.80253251956151, 12.02748954631528 ], [ 9.800799999384367, 12.032900001991436 ], [ 9.798000000481863, 12.046092050954769 ], [ 9.796599998530667, 12.049607949343681 ], [ 9.796446858426577, 12.058911142664783 ], [ 9.795450939749912, 12.065664996253702 ], [ 9.795665506895716, 12.071225353031707 ], [ 9.794247120931971, 12.077958678606649 ], [ 9.789172314483892, 12.094106087578041 ], [ 9.782473126932132, 12.12481064644038 ], [ 9.775145251953177, 12.125672623026048 ], [ 9.769821859336162, 12.125927462199172 ], [ 9.768799202641333, 12.128914261228601 ], [ 9.768704888577247, 12.137061221764043 ], [ 9.764620265801909, 12.140449611066288 ], [ 9.764128796468015, 12.146202331975019 ], [ 9.767087909478562, 12.149792254414194 ], [ 9.776426029823369, 12.150343001788428 ], [ 9.789065231411143, 12.150008922561426 ], [ 9.804012154566863, 12.163442238688731 ], [ 9.80733967082773, 12.169134604556405 ], [ 9.810013567644546, 12.177092094963143 ], [ 9.814021602367802, 12.187764040214233 ], [ 9.818062157113161, 12.194849787028659 ], [ 9.819955629399715, 12.202023380902801 ], [ 9.825563741210146, 12.203266822747651 ], [ 9.831753172415574, 12.206713426089436 ], [ 9.836078351354331, 12.213204542499852 ], [ 9.843468557375616, 12.216071426447797 ], [ 9.849699999609584, 12.218499999097901 ], [ 9.852126892258582, 12.219592101839908 ], [ 9.853700001327411, 12.22030000032089 ], [ 9.859733952427234, 12.22303874918174 ], [ 9.866799999228249, 12.226300001397647 ], [ 9.874081883175961, 12.229558329611507 ], [ 9.884300001118675, 12.23420000076527 ], [ 9.885950989240428, 12.234860396214003 ], [ 9.883583948632179, 12.239671546482953 ], [ 9.882933880190478, 12.242342253297579 ], [ 9.882648344996483, 12.24338921600895 ], [ 9.882362808802441, 12.244226785578007 ], [ 9.882267630737772, 12.244950142069513 ], [ 9.883010023242207, 12.245007249108312 ], [ 9.885306697802662, 12.244865608012049 ], [ 9.885667881048107, 12.244923175051213 ], [ 9.886067630319701, 12.24509449616761 ], [ 9.886536383638202, 12.245398909374444 ], [ 9.886772426798586, 12.245627336529651 ], [ 9.88713791204691, 12.245802464648648 ], [ 9.887434868248704, 12.246008050788305 ], [ 9.887655682398702, 12.246289778979758 ], [ 9.887929795584967, 12.246518207134955 ], [ 9.888135381724624, 12.246777092310822 ], [ 9.888386652895349, 12.247218719610885 ], [ 9.888653152076472, 12.247051206497076 ], [ 9.889033866335126, 12.247074048512616 ], [ 9.889610358726827, 12.247024655479038 ], [ 9.891514104020303, 12.253717173026303 ], [ 9.895777664917205, 12.255149385999403 ], [ 9.901764041984677, 12.25720112139345 ], [ 9.915876275573282, 12.260104377366076 ], [ 9.920332770601249, 12.261410831253784 ], [ 9.924353249332967, 12.267130887140297 ], [ 9.926660992900963, 12.266897867981982 ], [ 9.930107349242633, 12.268755887244424 ], [ 9.932484146857576, 12.27073001658573 ], [ 9.934623264310972, 12.272123511532527 ], [ 9.938782660137065, 12.271891264374744 ], [ 9.941515975994264, 12.272820257005947 ], [ 9.945200012497367, 12.273052505163776 ], [ 9.947101449789329, 12.275142725583976 ], [ 9.949478247404215, 12.27700068584636 ], [ 9.952449244422894, 12.276536196530742 ], [ 9.956492184169861, 12.27920817734622 ], [ 9.954561006857716, 12.287525850997724 ], [ 9.954925621105474, 12.30007720752576 ], [ 9.957933085148909, 12.316204672483593 ], [ 9.966219789779359, 12.317281735215431 ], [ 9.969297655870605, 12.318481380030562 ], [ 9.969210309811274, 12.31942868767419 ], [ 9.969058194707884, 12.320097443128589 ], [ 9.969058194707884, 12.320896230671337 ], [ 9.969286366862946, 12.321434947037346 ], [ 9.969249169837667, 12.321902286354884 ], [ 9.976435773720596, 12.324815830334501 ], [ 9.976438359722351, 12.324819582337057 ], [ 9.979961010115858, 12.329931029810041 ], [ 9.983164163292258, 12.334578879968035 ], [ 9.985869744130525, 12.337774818139508 ], [ 9.98619029234834, 12.33793784625027 ], [ 9.986735104718548, 12.3380335223153 ], [ 9.987600389306465, 12.338185476418516 ], [ 9.988125551663245, 12.338226887446694 ], [ 9.988700190053692, 12.338272200477491 ], [ 9.990175335055994, 12.338637667725777 ], [ 9.991115015694447, 12.338940905931793 ], [ 9.991200580752604, 12.339145233070667 ], [ 9.991200580752604, 12.339906812588083 ], [ 9.991086494675073, 12.340389764916267 ], [ 9.990782265468397, 12.340956303301198 ], [ 9.990972407597553, 12.341829326894356 ], [ 9.991267130797837, 12.342395863279307 ], [ 9.991495303952831, 12.342758072525385 ], [ 9.991561853998064, 12.342962396664234 ], [ 9.991723476107893, 12.343296743891415 ], [ 9.991913620237085, 12.343482493017632 ], [ 9.992038180321742, 12.344139507464035 ], [ 9.992038180321742, 12.344673531826857 ], [ 9.992204556434785, 12.345230774205504 ], [ 9.992338921526027, 12.34615071783054 ], [ 9.992442235596229, 12.34692571135713 ], [ 9.992870058886922, 12.34766869286193 ], [ 9.993060203016114, 12.347924093035488 ], [ 9.993250347145306, 12.349688666234442 ], [ 9.993250347145306, 12.351151396228261 ], [ 9.993023731991343, 12.351815504679507 ], [ 9.992965130951518, 12.351987237796209 ], [ 9.992965130951518, 12.353148123584958 ], [ 9.993350861213628, 12.353384625745662 ], [ 9.995199320469567, 12.354517963515718 ], [ 10.00175558492424, 12.358192908012654 ], [ 10.003732023267105, 12.359300738765342 ], [ 10.012092722947841, 12.363317708494719 ], [ 10.014675079702442, 12.364458824270059 ], [ 10.015972528583973, 12.365453207945677 ], [ 10.016481445929742, 12.366966212973693 ], [ 10.015287058118247, 12.369824456915751 ], [ 10.015287058118247, 12.370811143586138 ], [ 10.017146950381971, 12.373838194642872 ], [ 10.035115536590752, 12.375788318967921 ], [ 10.046429092277776, 12.374302510958387 ], [ 10.054211005565207, 12.373802208618429 ], [ 10.066192554706106, 12.373753102585056 ], [ 10.07701920406231, 12.377431785084582 ], [ 10.08747711216796, 12.381436432805515 ], [ 10.095855321860597, 12.384918685171556 ], [ 10.101642164792452, 12.386530398266643 ], [ 10.104351737633522, 12.384258370722932 ], [ 10.106194389885502, 12.382713263673054 ] ] ] ] } },
{ "type": "Feature", "properties": { "fid": 546.0, "OBJECTID": 546.0, "lganame": "Malam Madori", "statecode": "JI", "LGA_UID": "17_21" }, "geometry": { "type": "MultiPolygon", "coordinates": [ [ [ [ 10.188381074727488, 12.695387054120204 ], [ 10.187330309013532, 12.689800582324494 ], [ 10.185844811004188, 12.681250081514804 ], [ 10.186736109609797, 12.677047187659127 ], [ 10.185335487658165, 12.67198370921875 ], [ 10.182576713783703, 12.669800656735447 ], [ 10.176189072443606, 12.661684297220802 ], [ 10.171881126516553, 12.656901321970963 ], [ 10.171879068515125, 12.65689485096658 ], [ 10.162951819449518, 12.656347843594915 ], [ 10.159311242975889, 12.65363525775183 ], [ 10.153457768998749, 12.646496874901629 ], [ 10.151546001699785, 12.639602668217378 ], [ 10.156784375259008, 12.634357583653582 ], [ 10.165609356255175, 12.629017164025015 ], [ 10.170748991747303, 12.622621172679203 ], [ 10.180090666094543, 12.605688882174547 ], [ 10.174544488326148, 12.590473313836242 ], [ 10.172683188061512, 12.584774231963991 ], [ 10.174881725555338, 12.580529157079695 ], [ 10.17607109136344, 12.578469521680233 ], [ 10.177069346041719, 12.575685805788851 ], [ 10.173290239473943, 12.574293935843116 ], [ 10.169796347100032, 12.573041246991977 ], [ 10.165945935483876, 12.571997335282731 ], [ 10.159029454784445, 12.569004764249428 ], [ 10.148904297904892, 12.566290541405237 ], [ 10.14018539498079, 12.565203404666534 ], [ 10.135287468652848, 12.563589824570215 ], [ 10.133403493372782, 12.566183596332564 ], [ 10.128510562048291, 12.562578973883376 ], [ 10.126162286452768, 12.55979508599188 ], [ 10.12245448193346, 12.553837462943932 ], [ 10.111245292317335, 12.558487415103343 ], [ 10.108220945262417, 12.572287406479802 ], [ 10.102946154678477, 12.581064762443589 ], [ 10.098882987917762, 12.579411512320291 ], [ 10.091316301776544, 12.575128483410197 ], [ 10.089482212530356, 12.562765755010275 ], [ 10.087485745173865, 12.557905289707833 ], [ 10.078324542949247, 12.558329420996017 ], [ 10.062743149362404, 12.557088425152813 ], [ 10.062148151958127, 12.552364465943072 ], [ 10.060906250114328, 12.542504437243679 ], [ 10.060394348766522, 12.542246730068598 ], [ 10.058947636783557, 12.542170587016813 ], [ 10.056651933223748, 12.542786392435232 ], [ 10.053434902037907, 12.534125153550349 ], [ 10.057647782900347, 12.528700845864762 ], [ 10.053163516853488, 12.516271882419858 ], [ 10.056758938296412, 12.496627825072665 ], [ 10.058880608737979, 12.492162484038658 ], [ 10.05986426640635, 12.490092218632014 ], [ 10.06034913273578, 12.489284668083315 ], [ 10.060648608939289, 12.488351803449518 ], [ 10.06134738741406, 12.48722400768321 ], [ 10.061404431452843, 12.486973385512954 ], [ 10.061233301336529, 12.486597452257513 ], [ 10.061147736278429, 12.486332906077735 ], [ 10.061247562346239, 12.485984818841246 ], [ 10.060822844057668, 12.482852210712792 ], [ 10.060320106716063, 12.482287564329113 ], [ 10.058729585635376, 12.480241904939191 ], [ 10.054881994021116, 12.475492709712341 ], [ 10.052296039264093, 12.472318003555301 ], [ 10.051663887834593, 12.472955217988272 ], [ 10.047010041672536, 12.477646290175585 ], [ 10.046458625297873, 12.477126461822422 ], [ 10.045964250961958, 12.476569502443965 ], [ 10.04567903476817, 12.476031106078153 ], [ 10.045469876626044, 12.475864017964625 ], [ 10.045127618393508, 12.475474143699728 ], [ 10.044861417212644, 12.475065705422196 ], [ 10.044481129954249, 12.474842919270827 ], [ 10.044195913760461, 12.474545872069029 ], [ 10.043834640515001, 12.474155995804097 ], [ 10.043207166088621, 12.473580464413089 ], [ 10.04252264862356, 12.473004932022036 ], [ 10.04200926027471, 12.472485093668809 ], [ 10.041705030067988, 12.472206610479589 ], [ 10.041774424115147, 12.4713394358904 ], [ 10.041877557185217, 12.470156750086801 ], [ 10.041909901207191, 12.46965459074562 ], [ 10.042114306346093, 12.466089926323605 ], [ 10.042182121392159, 12.463775744751217 ], [ 10.042224903421243, 12.463128245311282 ], [ 10.042250386438525, 12.462681228007568 ], [ 10.04310603301991, 12.462124236629109 ], [ 10.042392993535429, 12.461404789140261 ], [ 10.042084011325528, 12.461033459887972 ], [ 10.043201105084506, 12.459873054099546 ], [ 10.042835256835929, 12.459307900715544 ], [ 10.042386698531175, 12.458618559247157 ], [ 10.041221247739315, 12.456815299021912 ], [ 10.041019151601972, 12.456624918892601 ], [ 10.040186582036313, 12.455972141449024 ], [ 10.039967915887701, 12.455795756329223 ], [ 10.038304650757595, 12.454513112457676 ], [ 10.038056209588831, 12.454711598592553 ], [ 10.037672255327948, 12.455031382809864 ], [ 10.037175371990315, 12.455505544131995 ], [ 10.036554267568306, 12.456089974529107 ], [ 10.036079971246068, 12.456564133851259 ], [ 10.035616966931457, 12.456850835046055 ], [ 10.035808944061898, 12.45717061626334 ], [ 10.035470159831675, 12.457512451495631 ], [ 10.035052365547813, 12.457946708790644 ], [ 10.034491442166711, 12.458485142156519 ], [ 10.034087385892178, 12.458912174446652 ], [ 10.033602519562749, 12.459394905774673 ], [ 10.033051103188086, 12.459821937064817 ], [ 10.032637001906721, 12.460123658269822 ], [ 10.03217423959228, 12.459808955055962 ], [ 10.031706011274139, 12.459611685921971 ], [ 10.031044309824551, 12.458894552434685 ], [ 10.02969228090592, 12.459969655165139 ], [ 10.029589709836216, 12.459863727093193 ], [ 10.02937151968797, 12.45963953594088 ], [ 10.028986479426351, 12.459261241683805 ], [ 10.028799195299086, 12.459080464560998 ], [ 10.028556761134382, 12.458850703404892 ], [ 10.028306120964089, 12.458595842231716 ], [ 10.028099933823967, 12.458392421093492 ], [ 10.027962852730866, 12.458237158988027 ], [ 10.027778650605683, 12.458068897873716 ], [ 10.028016330767173, 12.457836814716018 ], [ 10.027832128642046, 12.457709168629265 ], [ 10.027523146432088, 12.457680157609559 ], [ 10.027386480339203, 12.457610532562228 ], [ 10.027172482193805, 12.457565524531674 ], [ 10.026938281034688, 12.45737883140481 ], [ 10.026688716865124, 12.457215212293647 ], [ 10.026471239717353, 12.457149068248725 ], [ 10.02615648650351, 12.457018719160146 ], [ 10.025912865337943, 12.457047730179852 ], [ 10.025734606216872, 12.457070938195614 ], [ 10.025421928004391, 12.457027623166198 ], [ 10.025229535873677, 12.457007115152237 ], [ 10.024914610659721, 12.456949094112815 ], [ 10.024777944566836, 12.456879468065551 ], [ 10.024642719474969, 12.456922498094741 ], [ 10.024546207409401, 12.45695489611677 ], [ 10.024531774399577, 12.456877529064229 ], [ 10.024397657308441, 12.456697281941729 ], [ 10.02431209325033, 12.456627656894455 ], [ 10.024169485153436, 12.456495367804564 ], [ 10.023569725745915, 12.455954992437398 ], [ 10.0238423889312, 12.454815276662998 ], [ 10.024162188148466, 12.454324156329335 ], [ 10.019225123793944, 12.448559196412305 ], [ 10.0202946905207, 12.445293451193379 ], [ 10.022318204895555, 12.440901041208917 ], [ 10.023176223478572, 12.441626782702031 ], [ 10.023960566011453, 12.44235092819406 ], [ 10.024684117503114, 12.442912016575292 ], [ 10.026823798956912, 12.441800242819909 ], [ 10.027798417619124, 12.440535828960776 ], [ 10.027309060286598, 12.440544006966377 ], [ 10.025490810051224, 12.44009141265883 ], [ 10.023815167912687, 12.439847709493279 ], [ 10.023096171424186, 12.439327840140038 ], [ 10.022464054994657, 12.439033844940241 ], [ 10.021721306490008, 12.438134454329202 ], [ 10.02091913694494, 12.437119008639229 ], [ 10.020651746763292, 12.435987508870426 ], [ 10.020740876823822, 12.434043638549667 ], [ 10.02083000688441, 12.43201271316974 ], [ 10.02059232672292, 12.429633608553274 ], [ 10.020265517500889, 12.428734185942119 ], [ 10.020473487642164, 12.428269966626715 ], [ 10.020740876823822, 12.427370539015612 ], [ 10.020978556985312, 12.426500122424216 ], [ 10.021529749359843, 12.425803090950581 ], [ 10.021602466409263, 12.42504942143853 ], [ 10.021483626328518, 12.424178995847114 ], [ 10.021156817106487, 12.423337583275384 ], [ 10.020503197662379, 12.423395611314845 ], [ 10.019403928915438, 12.423366597295114 ], [ 10.01839379022914, 12.423917867669672 ], [ 10.017413360562955, 12.424178995847114 ], [ 10.016908292219796, 12.424527166083635 ], [ 10.015680377385479, 12.425368656655394 ], [ 10.014947433887471, 12.42571674389194 ], [ 10.014353235483725, 12.425803785951075 ], [ 10.013969594223056, 12.425602727814464 ], [ 10.013313385777224, 12.425542659773669 ], [ 10.01254092725236, 12.42589082801021 ], [ 10.012095276949594, 12.42589082801021 ], [ 10.011589883606177, 12.425942718045462 ], [ 10.010312678738387, 12.425948856049615 ], [ 10.009480800173151, 12.426093926148212 ], [ 10.007579361881199, 12.426297024286214 ], [ 10.006598933215059, 12.426442094384754 ], [ 10.004340975680861, 12.425745757911614 ], [ 10.002677217550456, 12.425629701832804 ], [ 10.001735681910702, 12.425963939059898 ], [ 10.001162009520954, 12.426297024286214 ], [ 10.000567810117218, 12.426993358759319 ], [ 9.999943900693268, 12.426993358759319 ], [ 9.999171442168404, 12.42655815046362 ], [ 9.99854753274451, 12.42589082801021 ], [ 9.998101883441734, 12.425281532596216 ], [ 9.997507684037998, 12.42429505292597 ], [ 9.996972903674646, 12.42348265437397 ], [ 9.996497545351644, 12.422293065565668 ], [ 9.996051896048868, 12.420987413678574 ], [ 9.995665665786419, 12.419101460397144 ], [ 9.995309145544184, 12.418143970746598 ], [ 9.994655527100065, 12.416780267820002 ], [ 9.994001907655957, 12.415213451755449 ], [ 9.993823647534839, 12.414372010183683 ], [ 9.993776111502541, 12.413820717809131 ], [ 9.993776111502541, 12.412567251957455 ], [ 9.993811763526764, 12.410547764585317 ], [ 9.993348289211895, 12.408806816402432 ], [ 9.992599596703144, 12.407344409408779 ], [ 9.991850906194486, 12.406160550604397 ], [ 9.990817000491973, 12.405324882036609 ], [ 9.989497876595692, 12.404872226729026 ], [ 9.988535273941636, 12.404454392445132 ], [ 9.987608323311861, 12.405011505823666 ], [ 9.986823979778933, 12.406195369628051 ], [ 9.986150239321148, 12.407796373715883 ], [ 9.986182245342889, 12.408528263213157 ], [ 9.986039637245995, 12.409642472970233 ], [ 9.985362249785737, 12.410512945561663 ], [ 9.984720515349693, 12.411035228916546 ], [ 9.983829215744095, 12.411661967342354 ], [ 9.983067329226458, 12.412116176650954 ], [ 9.982636581933775, 12.412719738061071 ], [ 9.982937917138486, 12.414621541353256 ], [ 9.983258784356508, 12.415387542873702 ], [ 9.983151828283837, 12.416188361417824 ], [ 9.982617048920474, 12.416536541654409 ], [ 9.981369230072687, 12.416327632512491 ], [ 9.979550979837256, 12.415909816228577 ], [ 9.976556215802475, 12.415491997944684 ], [ 9.974024927082553, 12.415143814708131 ], [ 9.971422334314241, 12.414934905566156 ], [ 9.970673642805536, 12.415074178660802 ], [ 9.969711040151481, 12.414934905566156 ], [ 9.968784088521659, 12.414586723329592 ], [ 9.967821485867603, 12.414099265998402 ], [ 9.967053373345721, 12.41411401300843 ], [ 9.966323738849951, 12.414341882163228 ], [ 9.965432805244632, 12.414551904305938 ], [ 9.964648461711704, 12.414308176140366 ], [ 9.964386062533379, 12.413461855565288 ], [ 9.964075627322472, 12.412827044133962 ], [ 9.963929718223312, 12.412384801833468 ], [ 9.963834647158762, 12.411827704454993 ], [ 9.963834647158762, 12.411252034063807 ], [ 9.96425296244297, 12.410620652634861 ], [ 9.964519163623834, 12.409859279117541 ], [ 9.964747336778885, 12.409302174738968 ], [ 9.964907976888014, 12.408572129242941 ], [ 9.965013537959749, 12.408076541906212 ], [ 9.964956493920965, 12.407315161388908 ], [ 9.964671279727213, 12.406498066833763 ], [ 9.964424091559238, 12.405736681316398 ], [ 9.963777603119979, 12.405086715874802 ], [ 9.96337830084866, 12.404529602496268 ], [ 9.962275467099346, 12.40439960940796 ], [ 9.961571934621304, 12.404288186332224 ], [ 9.960982490220829, 12.404158192243926 ], [ 9.960735302052854, 12.404325327357469 ], [ 9.960355015794505, 12.40462245455933 ], [ 9.960082918609601, 12.404612324552488 ], [ 9.959841628445645, 12.404659595584576 ], [ 9.959423310161469, 12.404269615319606 ], [ 9.959004993877215, 12.403842493029401 ], [ 9.95862470761881, 12.403285375650853 ], [ 9.958605691605896, 12.402951105423767 ], [ 9.958852879773872, 12.402523981133527 ], [ 9.959271195058079, 12.40215256788116 ], [ 9.960221913704061, 12.401799724641421 ], [ 9.961115591311284, 12.401632588527889 ], [ 9.962047294944341, 12.401391170363866 ], [ 9.962693784383589, 12.401019755111463 ], [ 9.963226185745327, 12.400611198833872 ], [ 9.96373957409412, 12.400202640556302 ], [ 9.964367048520501, 12.399496950076809 ], [ 9.964956493920965, 12.398419838344978 ], [ 9.965222697101865, 12.397676999840257 ], [ 9.965705186429659, 12.39641184898062 ], [ 9.965990400623468, 12.395901143633637 ], [ 9.96628750182532, 12.395135084113122 ], [ 9.966311269841469, 12.394241345505861 ], [ 9.966391294895857, 12.393575460053455 ], [ 9.965744145456142, 12.391830870868091 ], [ 9.964695046743316, 12.389900284556347 ], [ 9.963625488016646, 12.388542237633601 ], [ 9.96253216227376, 12.387567225971111 ], [ 9.961700281708545, 12.386557388284984 ], [ 9.961426949522831, 12.386127914993153 ], [ 9.961034779256352, 12.385802907772359 ], [ 9.960381159812243, 12.38529218242536 ], [ 9.959573049263156, 12.384909138165085 ], [ 9.958693633665689, 12.384526091904831 ], [ 9.958158854302326, 12.384526091904831 ], [ 9.957659726963186, 12.384653773991545 ], [ 9.957184366640206, 12.385083249283355 ], [ 9.956720892325279, 12.385477900551507 ], [ 9.956245532002299, 12.385872552819649 ], [ 9.955793940695457, 12.386499351245561 ], [ 9.955247278324009, 12.387277042773974 ], [ 9.954950178122147, 12.387706514065769 ], [ 9.954893218083441, 12.388107050337908 ], [ 9.954581774871826, 12.388530630625723 ], [ 9.954177718597293, 12.38875116877557 ], [ 9.953369609048252, 12.389076171996351 ], [ 9.95257338050726, 12.389401175217188 ], [ 9.951551358812821, 12.389668141398602 ], [ 9.950790783296043, 12.38970296342228 ], [ 9.949804411625848, 12.389656534390724 ], [ 9.948794272939494, 12.389528854303933 ], [ 9.947689062188545, 12.389192245075265 ], [ 9.946773994566854, 12.388774383791315 ], [ 9.945692553832032, 12.388135984357575 ], [ 9.944777486210285, 12.387683299049968 ], [ 9.943874302596612, 12.387381508844953 ], [ 9.94318503112828, 12.386928822537357 ], [ 9.942412571603427, 12.386406492182459 ], [ 9.941723301135141, 12.385884159827583 ], [ 9.941295477844449, 12.385408256504206 ], [ 9.940915189586065, 12.384839493117738 ], [ 9.940356643206542, 12.38437519480226 ], [ 9.939821863843179, 12.383713569352722 ], [ 9.939417807568645, 12.383272484053066 ], [ 9.938989984277953, 12.383075156918949 ], [ 9.938478972930739, 12.382993903863735 ], [ 9.937896657535077, 12.38297068884799 ], [ 9.937468835244431, 12.383017118879536 ], [ 9.936910286864929, 12.383156408974173 ], [ 9.93637550650152, 12.38316801698204 ], [ 9.935971452227022, 12.382982296855857 ], [ 9.935484207895968, 12.382750145698139 ], [ 9.935080152621424, 12.382483172516743 ], [ 9.934925660516456, 12.382123339272255 ], [ 9.934854358467987, 12.38160099791736 ], [ 9.935092037629488, 12.381171517625546 ], [ 9.935626815992862, 12.380742036333743 ], [ 9.936280436436959, 12.380509884175979 ], [ 9.936910286864929, 12.38047506115231 ], [ 9.93773028342207, 12.380289339026149 ], [ 9.93832448082577, 12.379952716797391 ], [ 9.938942448245655, 12.37941876543465 ], [ 9.939334620512113, 12.379058926190112 ], [ 9.939919411909443, 12.378716498957488 ], [ 9.940202151101573, 12.378374071724807 ], [ 9.940344759198467, 12.377700823267389 ], [ 9.940332875190393, 12.377259727967669 ], [ 9.94016649907735, 12.376574867502313 ], [ 9.939833746851264, 12.37576232095023 ], [ 9.939370779536716, 12.375097576498604 ], [ 9.938940170244109, 12.374026942771138 ], [ 9.93843143789843, 12.373138936167777 ], [ 9.937913394546456, 12.372689707862548 ], [ 9.936470578566116, 12.37151381806359 ], [ 9.935749856076427, 12.37117238183157 ], [ 9.934890108492311, 12.370962435688966 ], [ 9.933440215507176, 12.370958981686613 ], [ 9.932453791836906, 12.370956631684976 ], [ 9.931645682287865, 12.370898590645538 ], [ 9.930956408819497, 12.370945023677109 ], [ 9.929910619108966, 12.370956631684976 ], [ 9.92857313120021, 12.371089976775579 ], [ 9.927303371337473, 12.372188242521815 ], [ 9.926333538678477, 12.374856908335062 ], [ 9.926105464523516, 12.377258566966873 ], [ 9.924793472632075, 12.379877266746178 ], [ 9.92348148174068, 12.381158748616883 ], [ 9.9216561005004, 12.380713017314008 ], [ 9.920686366841494, 12.381103032579006 ], [ 9.921085669112813, 12.381994495184699 ], [ 9.921536227418926, 12.383049424901458 ], [ 9.921199756190333, 12.383554547244671 ], [ 9.918632815446244, 12.384000273547542 ], [ 9.917206736477283, 12.382941669828256 ], [ 9.91566657243078, 12.381994495184699 ], [ 9.914696837771885, 12.380378718086888 ], [ 9.914240493461818, 12.379097232216168 ], [ 9.913784148151763, 12.377927174421131 ], [ 9.913784148151763, 12.376868545701882 ], [ 9.913727105113026, 12.375809912982561 ], [ 9.912871457531651, 12.375085583490431 ], [ 9.912586242337852, 12.373636916506143 ], [ 9.912871457531651, 12.372299679597518 ], [ 9.913841192190546, 12.371129591802514 ], [ 9.915039097004467, 12.370683842499659 ], [ 9.916294046857161, 12.369792340893923 ], [ 9.917434909632277, 12.369680903818221 ], [ 9.918119426097405, 12.368956557326044 ], [ 9.919032116717517, 12.368009330682469 ], [ 9.919830720260165, 12.367006382000966 ], [ 9.919830720260165, 12.365111911713768 ], [ 9.917834211903596, 12.364833311524478 ], [ 9.91555248535326, 12.364777592486632 ], [ 9.912472156260321, 12.36433183218378 ], [ 9.910475646903819, 12.364443272259507 ], [ 9.908992524896121, 12.363830350843045 ], [ 9.908935482857316, 12.362437342896555 ], [ 9.90996225855497, 12.362325901820839 ], [ 9.9100763446325, 12.363440309578039 ], [ 9.910646776020087, 12.363384588540157 ], [ 9.911776948787974, 12.362825746160468 ], [ 9.91167355171774, 12.361880137517971 ], [ 9.912586242337852, 12.362103019669405 ], [ 9.912814416492893, 12.3611557690258 ], [ 9.911787637795214, 12.360654281685015 ], [ 9.909220697051126, 12.36093288587432 ], [ 9.907167145655819, 12.361211490063624 ], [ 9.904999505183014, 12.361935858555796 ], [ 9.903801601369082, 12.361824417480079 ], [ 9.90277482367145, 12.3611557690258 ], [ 9.901291701663752, 12.360877165836484 ], [ 9.900892400392422, 12.360097073306463 ], [ 9.900664227237428, 12.359038372587122 ], [ 9.900150838888578, 12.356976680186278 ], [ 9.899523365462244, 12.355249304012602 ], [ 9.898812599979294, 12.35379022602126 ], [ 9.898553630803349, 12.352853247384587 ], [ 9.898781804958389, 12.351794517665269 ], [ 9.897760149264229, 12.350615852864394 ], [ 9.896614166485563, 12.349955661415834 ], [ 9.895154026493458, 12.352475182127705 ], [ 9.890153889096155, 12.367385248258415 ], [ 9.887559324333267, 12.375121728515012 ], [ 9.891087802730681, 12.383235956028216 ], [ 9.900947197429673, 12.384674150005424 ], [ 9.903989497496752, 12.390988522295743 ], [ 9.909989530573512, 12.397995551056681 ], [ 9.91403008631886, 12.401767749619694 ], [ 9.915990943651195, 12.403856944039205 ], [ 9.920090919436916, 12.406178251616439 ], [ 9.934054602924618, 12.411343086125726 ], [ 9.938556256983247, 12.414181961054567 ], [ 9.936797426788246, 12.4159460862532 ], [ 9.935300044770827, 12.416433539584432 ], [ 9.931877457445353, 12.415853238190152 ], [ 9.929643266927314, 12.41606214733207 ], [ 9.928227745965501, 12.417094609033597 ], [ 9.922389632998772, 12.421379515944977 ], [ 9.909793284440184, 12.426948788729021 ], [ 9.899264992286703, 12.434047910552579 ], [ 9.892247021518301, 12.439141170013215 ], [ 9.879969282176148, 12.437094880622851 ], [ 9.874197632254607, 12.435394274467342 ], [ 9.863857345228837, 12.432395546429859 ], [ 9.857498137908067, 12.430714731287821 ], [ 9.853579727245688, 12.429886379725019 ], [ 9.842292301576435, 12.428197440577435 ], [ 9.834141306038191, 12.425480432731376 ], [ 9.819237442911742, 12.417829806533121 ], [ 9.813158607781475, 12.415810123160838 ], [ 9.804356872801065, 12.411525699249751 ], [ 9.800624928265393, 12.408588095253833 ], [ 9.795411208722953, 12.405881574414877 ], [ 9.790009058052419, 12.402877616373814 ], [ 9.782910080228987, 12.409804938080583 ], [ 9.780508370597147, 12.411893116499414 ], [ 9.77699894021265, 12.414892079537083 ], [ 9.772988162487536, 12.418503030990564 ], [ 9.769228057932708, 12.42156312006972 ], [ 9.765906632675978, 12.424500772065755 ], [ 9.763211891845003, 12.426703988562736 ], [ 9.760454481971465, 12.429641581558656 ], [ 9.751741520051439, 12.425867650994462 ], [ 9.749017972200932, 12.428799855986767 ], [ 9.742175833551983, 12.442713226440219 ], [ 9.749085410246721, 12.448373023285797 ], [ 9.75655721932344, 12.455333554015169 ], [ 9.761762404860121, 12.464802481448828 ], [ 9.768536278462648, 12.47211281441588 ], [ 9.776305355741385, 12.478035785440227 ], [ 9.791506302069706, 12.486134969943294 ], [ 9.794714978249885, 12.487527315889281 ], [ 9.797715679288729, 12.488259394386716 ], [ 9.800205379980355, 12.490033518592156 ], [ 9.801725239013024, 12.491913760869693 ], [ 9.798445258784398, 12.49455915166709 ], [ 9.788676622147079, 12.50639346370798 ], [ 9.783756651804197, 12.512171195633641 ], [ 9.797171445918934, 12.519962197927271 ], [ 9.802506077543569, 12.513946412839857 ], [ 9.808504002618861, 12.517416736197731 ], [ 9.816989170384147, 12.522080499366552 ], [ 9.826526165864095, 12.527361014954408 ], [ 9.826464978822514, 12.527615177127132 ], [ 9.826033569529386, 12.529407179344673 ], [ 9.826016437517751, 12.530338023977151 ], [ 9.826090676568185, 12.530623559171147 ], [ 9.826182047630255, 12.530874830341929 ], [ 9.826348292743205, 12.53109056848848 ], [ 9.826786114040715, 12.531690191895905 ], [ 9.825891437432801, 12.534583616861823 ], [ 9.825728285321929, 12.535670173600124 ], [ 9.824567107532971, 12.537526152861176 ], [ 9.823843752041512, 12.539496347199815 ], [ 9.821873557702872, 12.539106114934668 ], [ 9.820871012021655, 12.539610561277414 ], [ 9.819205388889941, 12.539972238523148 ], [ 9.819034067773543, 12.54005789958137 ], [ 9.818997602748766, 12.5402285446973 ], [ 9.820815965984252, 12.544549262633041 ], [ 9.8275898375868, 12.55276213421331 ], [ 9.830729810720243, 12.561007619815712 ], [ 9.831525295260747, 12.56611418028541 ], [ 9.824329004371236, 12.569335186473893 ], [ 9.823687266935167, 12.573458657275637 ], [ 9.822439449087369, 12.576822338561101 ], [ 9.827816952741102, 12.579548050413052 ], [ 9.83530386382813, 12.58102688141787 ], [ 9.842440905677392, 12.579392065307104 ], [ 9.843664078508482, 12.581967199056749 ], [ 9.848146972554389, 12.580467810037987 ], [ 9.856122925973693, 12.589183299959757 ], [ 9.856265694070714, 12.589564014218467 ], [ 9.85631328310302, 12.590001834515931 ], [ 9.856246658057785, 12.590420619800454 ], [ 9.853505519195267, 12.597244914437226 ], [ 9.851963629147633, 12.599662446079833 ], [ 9.850995595489906, 12.601531286349655 ], [ 9.854123296615057, 12.603901388960026 ], [ 9.857646538008908, 12.611257795958352 ], [ 9.853050210885897, 12.625253703467934 ], [ 9.853067989898022, 12.625286892490465 ], [ 9.873919628065721, 12.620413570179267 ], [ 9.876908231096309, 12.620827596460572 ], [ 9.879406664793919, 12.621174996696595 ], [ 9.885104045665003, 12.621374871832415 ], [ 9.888187827760305, 12.620061408939989 ], [ 9.89024368215712, 12.620061408939989 ], [ 9.8917855732048, 12.622060157298051 ], [ 9.892280500541062, 12.624858403199312 ], [ 9.892756392864385, 12.631825464933115 ], [ 9.892957263000881, 12.64040158076017 ], [ 9.895344338622806, 12.641241055330568 ], [ 9.897508696093382, 12.640444411789304 ], [ 9.900973192447339, 12.641191563296957 ], [ 9.902839640715513, 12.642121455928759 ], [ 9.904175060622833, 12.642720256335622 ], [ 9.904176897624097, 12.642721080336173 ], [ 9.904612739920253, 12.641864663754291 ], [ 9.906287739058314, 12.638590306529522 ], [ 9.915467705295669, 12.632574470442023 ], [ 9.919864780283262, 12.629907305629843 ], [ 9.922164264845662, 12.628270194517484 ], [ 9.928842208383003, 12.627789768191064 ], [ 9.937192221056478, 12.627670740110148 ], [ 9.943859137586344, 12.629479792339339 ], [ 9.953128646884522, 12.630871362284836 ], [ 9.964584153668, 12.633767737252811 ], [ 9.970615760766179, 12.629628399440321 ], [ 9.982535153864831, 12.63268465351689 ], [ 9.982544469871186, 12.632694010523267 ], [ 9.990230403093392, 12.640413361768196 ], [ 9.991640197051311, 12.64317524064478 ], [ 9.991904113230646, 12.643358493769256 ], [ 9.9986980748468, 12.646105779635889 ], [ 10.016539579969276, 12.650473230603382 ], [ 10.021187535127353, 12.649231266759557 ], [ 10.023447395662799, 12.647620676665213 ], [ 10.031358770038196, 12.645332137110245 ], [ 10.050851352282507, 12.652636254073059 ], [ 10.053638160175979, 12.656490127691598 ], [ 10.056478809106068, 12.671510552897246 ], [ 10.077805613596638, 12.68192402997272 ], [ 10.084918488429537, 12.687028563441004 ], [ 10.099306052205179, 12.676452690255189 ], [ 10.104536705759187, 12.674168892703506 ], [ 10.130857285642776, 12.687083083478058 ], [ 10.149542478338503, 12.690901283072378 ], [ 10.171635726349791, 12.690583414856405 ], [ 10.188381074727488, 12.695387054120204 ] ] ] ] } },
{ "type": "Feature", "properties": { "fid": 547.0, "OBJECTID": 547.0, "lganame": "Auyo", "statecode": "JI", "LGA_UID": "17_01" }, "geometry": { "type": "MultiPolygon", "coordinates": [ [ [ [ 10.027798417619124, 12.440535828960776 ], [ 10.030871975707441, 12.440484467925899 ], [ 10.03191182441401, 12.440542492965335 ], [ 10.034288622028896, 12.440049281630195 ], [ 10.037633013301274, 12.438602659647302 ], [ 10.037905720486549, 12.438484634567089 ], [ 10.038982796218363, 12.438018403250339 ], [ 10.039933514864344, 12.437467161875759 ], [ 10.040913943530484, 12.437119008639229 ], [ 10.042845091842651, 12.436741843382947 ], [ 10.044984209296047, 12.435958495850741 ], [ 10.045452233614071, 12.43575713071391 ], [ 10.045942883947419, 12.435311790411333 ], [ 10.04664641642546, 12.434829013083288 ], [ 10.047273889851795, 12.434309099730001 ], [ 10.048034465368573, 12.433807753389374 ], [ 10.048795039885306, 12.433157857947833 ], [ 10.049308429234145, 12.432693646632401 ], [ 10.04968871649254, 12.432340845392673 ], [ 10.05016407581553, 12.432080886216056 ], [ 10.050658449151456, 12.431913769102493 ], [ 10.051419024668235, 12.431839495052031 ], [ 10.052071314111402, 12.431859881065918 ], [ 10.052537322428066, 12.421141548783282 ], [ 10.060804073044892, 12.422467766684406 ], [ 10.070520237646576, 12.422465553682912 ], [ 10.080265127267751, 12.426264649264226 ], [ 10.084368147055613, 12.427331213988907 ], [ 10.087134269935063, 12.42780710631223 ], [ 10.089617563622312, 12.43178380501422 ], [ 10.091026204579407, 12.431269840664982 ], [ 10.092800112784687, 12.429792112660948 ], [ 10.093924407548627, 12.428751098953626 ], [ 10.095203368417629, 12.427965877420093 ], [ 10.096665218410863, 12.42628025927479 ], [ 10.097110335713296, 12.426019301097483 ], [ 10.106912995373762, 12.41687975288761 ], [ 10.120246044432918, 12.420307174216362 ], [ 10.143606156305054, 12.422277452555079 ], [ 10.181204453851308, 12.430174436920709 ], [ 10.19755681996196, 12.433516775191663 ], [ 10.225000978608989, 12.433852895420046 ], [ 10.254056937351152, 12.391029850323832 ], [ 10.242897873769095, 12.379921561776257 ], [ 10.236159653190782, 12.375464184747671 ], [ 10.226556817666108, 12.368633802106729 ], [ 10.225823211167665, 12.363988193950263 ], [ 10.22318200937309, 12.359990699234174 ], [ 10.220540807578516, 12.35630253372824 ], [ 10.216305366700738, 12.355303161049221 ], [ 10.209619082157701, 12.355683875307875 ], [ 10.208429351349366, 12.355184187968348 ], [ 10.207682931842214, 12.354248276332441 ], [ 10.201174906420306, 12.341918705955095 ], [ 10.202021823995722, 12.337378312870101 ], [ 10.201699997777041, 12.336100001001569 ], [ 10.201152106404777, 12.335390132519251 ], [ 10.201000001301452, 12.334899999186234 ], [ 10.200399998893772, 12.333999998574711 ], [ 10.200100000689929, 12.333200000031127 ], [ 10.198699999738722, 12.331500000876076 ], [ 10.198899998874595, 12.330600001264543 ], [ 10.19819999939898, 12.33040000112868 ], [ 10.197907743200403, 12.330120521938795 ], [ 10.1971753527028, 12.329506515521587 ], [ 10.19650000024393, 12.329000000177416 ], [ 10.196049500937818, 12.328589295898382 ], [ 10.194995492221665, 12.328129203585775 ], [ 10.19450111788575, 12.328965119153736 ], [ 10.195261693402529, 12.329912485797422 ], [ 10.195508879570468, 12.330822699415876 ], [ 10.195166621337933, 12.331435696832386 ], [ 10.194767319066614, 12.331640029971197 ], [ 10.194177873666149, 12.331528575895504 ], [ 10.193170110981384, 12.331045607567319 ], [ 10.192675737645516, 12.330766972378001 ], [ 10.192086292244994, 12.330581214251822 ], [ 10.191686989973675, 12.330897002466372 ], [ 10.191744033012469, 12.331547150908136 ], [ 10.191743194011906, 12.331993000211071 ], [ 10.192048263219192, 12.332401631488665 ], [ 10.191535804870966, 12.333062950938029 ], [ 10.191250588677178, 12.334456114884631 ], [ 10.191193545638441, 12.33557064164188 ], [ 10.190737201328375, 12.337688228080708 ], [ 10.191727137000953, 12.340525582008524 ], [ 10.179694602825407, 12.343729794185663 ], [ 10.170206514378719, 12.345121832131497 ], [ 10.162244243968757, 12.344773555894847 ], [ 10.150360256894146, 12.34779193494569 ], [ 10.144180583695345, 12.349765471286617 ], [ 10.138713950981014, 12.351158546233137 ], [ 10.12640000061424, 12.357999998881553 ], [ 10.120388843529952, 12.364554910335357 ], [ 10.114275501376255, 12.373543155442405 ], [ 10.106194389885502, 12.382713263673054 ], [ 10.104351737633522, 12.384258370722932 ], [ 10.101642164792452, 12.386530398266643 ], [ 10.095855321860597, 12.384918685171556 ], [ 10.08747711216796, 12.381436432805515 ], [ 10.07701920406231, 12.377431785084582 ], [ 10.066192554706106, 12.373753102585056 ], [ 10.054211005565207, 12.373802208618429 ], [ 10.046429092277776, 12.374302510958387 ], [ 10.035115536590752, 12.375788318967921 ], [ 10.017146950381971, 12.373838194642872 ], [ 10.015287058118247, 12.370811143586138 ], [ 10.015287058118247, 12.369824456915751 ], [ 10.016481445929742, 12.366966212973693 ], [ 10.015972528583973, 12.365453207945677 ], [ 10.014675079702442, 12.364458824270059 ], [ 10.012092722947841, 12.363317708494719 ], [ 10.003732023267105, 12.359300738765342 ], [ 10.00175558492424, 12.358192908012654 ], [ 9.995199320469567, 12.354517963515718 ], [ 9.993350861213628, 12.353384625745662 ], [ 9.992965130951518, 12.353148123584958 ], [ 9.992965130951518, 12.351987237796209 ], [ 9.993023731991343, 12.351815504679507 ], [ 9.993250347145306, 12.351151396228261 ], [ 9.993250347145306, 12.349688666234442 ], [ 9.993060203016114, 12.347924093035488 ], [ 9.992870058886922, 12.34766869286193 ], [ 9.992442235596229, 12.34692571135713 ], [ 9.992338921526027, 12.34615071783054 ], [ 9.992204556434785, 12.345230774205504 ], [ 9.992038180321742, 12.344673531826857 ], [ 9.992038180321742, 12.344139507464035 ], [ 9.991913620237085, 12.343482493017632 ], [ 9.991723476107893, 12.343296743891415 ], [ 9.991561853998064, 12.342962396664234 ], [ 9.991495303952831, 12.342758072525385 ], [ 9.991267130797837, 12.342395863279307 ], [ 9.990972407597553, 12.341829326894356 ], [ 9.990782265468397, 12.340956303301198 ], [ 9.991086494675073, 12.340389764916267 ], [ 9.991200580752604, 12.339906812588083 ], [ 9.991200580752604, 12.339145233070667 ], [ 9.991115015694447, 12.338940905931793 ], [ 9.990175335055994, 12.338637667725777 ], [ 9.988700190053692, 12.338272200477491 ], [ 9.988125551663245, 12.338226887446694 ], [ 9.987600389306465, 12.338185476418516 ], [ 9.986735104718548, 12.3380335223153 ], [ 9.98619029234834, 12.33793784625027 ], [ 9.985869744130525, 12.337774818139508 ], [ 9.983164163292258, 12.334578879968035 ], [ 9.979961010115858, 12.329931029810041 ], [ 9.976438359722351, 12.324819582337057 ], [ 9.976435773720596, 12.324815830334501 ], [ 9.969249169837667, 12.321902286354884 ], [ 9.969286366862946, 12.321434947037346 ], [ 9.969058194707884, 12.320896230671337 ], [ 9.969058194707884, 12.320097443128589 ], [ 9.969210309811274, 12.31942868767419 ], [ 9.969297655870605, 12.318481380030562 ], [ 9.966219789779359, 12.317281735215431 ], [ 9.957933085148909, 12.316204672483593 ], [ 9.954925621105474, 12.30007720752576 ], [ 9.954561006857716, 12.287525850997724 ], [ 9.956492184169861, 12.27920817734622 ], [ 9.952449244422894, 12.276536196530742 ], [ 9.949478247404215, 12.27700068584636 ], [ 9.947101449789329, 12.275142725583976 ], [ 9.945200012497367, 12.273052505163776 ], [ 9.941515975994264, 12.272820257005947 ], [ 9.938782660137065, 12.271891264374744 ], [ 9.934623264310972, 12.272123511532527 ], [ 9.932484146857576, 12.27073001658573 ], [ 9.930107349242633, 12.268755887244424 ], [ 9.926660992900963, 12.266897867981982 ], [ 9.924353249332967, 12.267130887140297 ], [ 9.920332770601249, 12.261410831253784 ], [ 9.915876275573282, 12.260104377366076 ], [ 9.901764041984677, 12.25720112139345 ], [ 9.895777664917205, 12.255149385999403 ], [ 9.891514104020303, 12.253717173026303 ], [ 9.889610358726827, 12.247024655479038 ], [ 9.889033866335126, 12.247074048512616 ], [ 9.888653152076472, 12.247051206497076 ], [ 9.888386652895349, 12.247218719610885 ], [ 9.888135381724624, 12.246777092310822 ], [ 9.887929795584967, 12.246518207134955 ], [ 9.887655682398702, 12.246289778979758 ], [ 9.887434868248704, 12.246008050788305 ], [ 9.88713791204691, 12.245802464648648 ], [ 9.886772426798586, 12.245627336529651 ], [ 9.886536383638202, 12.245398909374444 ], [ 9.886067630319701, 12.24509449616761 ], [ 9.885667881048107, 12.244923175051213 ], [ 9.885306697802662, 12.244865608012049 ], [ 9.883010023242207, 12.245007249108312 ], [ 9.882267630737772, 12.244950142069513 ], [ 9.882362808802441, 12.244226785578007 ], [ 9.882648344996483, 12.24338921600895 ], [ 9.882933880190478, 12.242342253297579 ], [ 9.883583948632179, 12.239671546482953 ], [ 9.885950989240428, 12.234860396214003 ], [ 9.884300001118675, 12.23420000076527 ], [ 9.874081883175961, 12.229558329611507 ], [ 9.866799999228249, 12.226300001397647 ], [ 9.859733952427234, 12.22303874918174 ], [ 9.857616065988225, 12.22875894006836 ], [ 9.850055963851446, 12.242545010435322 ], [ 9.857962731223722, 12.246961610436188 ], [ 9.856804935437083, 12.247639643896889 ], [ 9.856256707064574, 12.248385843403923 ], [ 9.856024471906778, 12.249238641983368 ], [ 9.853081554907192, 12.25315237864254 ], [ 9.84255949475795, 12.24892395276953 ], [ 9.836230129457476, 12.258346619171789 ], [ 9.832242417747977, 12.268557002109276 ], [ 9.828747269373196, 12.269857657992986 ], [ 9.820318277646095, 12.305395331139152 ], [ 9.821858442692587, 12.304949469836231 ], [ 9.822771133312699, 12.304559340571188 ], [ 9.823911995087883, 12.304169211306089 ], [ 9.825566246211849, 12.304559340571188 ], [ 9.82739162745213, 12.30500520187411 ], [ 9.828931791498576, 12.305228133025594 ], [ 9.828703619343571, 12.307959017881103 ], [ 9.828418403149783, 12.31096853192588 ], [ 9.828076143917201, 12.313086317364821 ], [ 9.827733884684676, 12.314256664160041 ], [ 9.825171697943802, 12.316337269573694 ], [ 9.82602734452513, 12.317242885189046 ], [ 9.826562123888493, 12.317974340686021 ], [ 9.827453423494092, 12.318705796182996 ], [ 9.8283447220997, 12.319088938443315 ], [ 9.829735149044438, 12.319715895869308 ], [ 9.831089922964964, 12.320342853295301 ], [ 9.832765565103443, 12.321213622886944 ], [ 9.83444120724198, 12.322014730431306 ], [ 9.835154246726461, 12.322363035667934 ], [ 9.835974242283612, 12.322293374620585 ], [ 9.836544672671209, 12.322258544596934 ], [ 9.837079452034516, 12.322293374620585 ], [ 9.837542928349478, 12.32250235876262 ], [ 9.837471624301031, 12.323059648141225 ], [ 9.838006402664348, 12.323198970235921 ], [ 9.838505531003477, 12.323547275472549 ], [ 9.839289873536416, 12.323895578709255 ], [ 9.839753348851332, 12.324627017206183 ], [ 9.839753348851332, 12.325288791655851 ], [ 9.839753348851332, 12.326159547247471 ], [ 9.839396829609086, 12.326716827626115 ], [ 9.838897702269946, 12.326821317697124 ], [ 9.838398574930807, 12.327134787910097 ], [ 9.838398574930807, 12.327622408241439 ], [ 9.838897702269946, 12.327796557359761 ], [ 9.839503785681757, 12.32776172733611 ], [ 9.839753348851332, 12.327517918170429 ], [ 9.84003856504512, 12.32776172733611 ], [ 9.840430736311589, 12.328075195549104 ], [ 9.840751603529611, 12.328771793022383 ], [ 9.841030092718825, 12.329156599283863 ], [ 9.841785511232104, 12.329085260235388 ], [ 9.842355941619644, 12.32925940935371 ], [ 9.842462897692315, 12.329886342779673 ], [ 9.84232028959542, 12.330513275205647 ], [ 9.842142031474339, 12.331070546584272 ], [ 9.841892467304774, 12.331732306033928 ], [ 9.841286383892964, 12.332324405436225 ], [ 9.840680300481154, 12.332637868649215 ], [ 9.84125073186874, 12.33336928214618 ], [ 9.841892467304774, 12.333996205572134 ], [ 9.842391593643868, 12.334692787045412 ], [ 9.843068981104125, 12.335493851589717 ], [ 9.843675064515935, 12.335598338660702 ], [ 9.844281147927745, 12.335389364518733 ], [ 9.845136794509131, 12.335633167684364 ], [ 9.845814181969388, 12.336260086110315 ], [ 9.846420266381188, 12.336469059252295 ], [ 9.852873269765723, 12.333996205572134 ], [ 9.854477607855756, 12.333543428264477 ], [ 9.8557254267036, 12.333020989909528 ], [ 9.856616726309198, 12.332568209601845 ], [ 9.858149760350841, 12.331836794104902 ], [ 9.859611491344026, 12.331279523726266 ], [ 9.860859309191824, 12.33103571756061 ], [ 9.86192886791855, 12.330722252347641 ], [ 9.862142780063891, 12.331105376607923 ], [ 9.861786259821656, 12.331697477010266 ], [ 9.861073221337165, 12.331906453152214 ], [ 9.860645397046483, 12.332463721530871 ], [ 9.860609745022259, 12.333090648956841 ], [ 9.860467137925355, 12.333856890477477 ], [ 9.860574092998036, 12.334727616069074 ], [ 9.860859309191824, 12.335319708471388 ], [ 9.860609745022259, 12.335911797873678 ], [ 9.860431485901131, 12.336747689441609 ], [ 9.860645397046483, 12.337479090938587 ], [ 9.861144525385612, 12.337966691269912 ], [ 9.861643651724762, 12.338384632553868 ], [ 9.862142780063891, 12.338872230885158 ], [ 9.862499299306137, 12.339499142311126 ], [ 9.86242799525769, 12.340300192855409 ], [ 9.862000171966997, 12.340857444234018 ], [ 9.861465391603645, 12.341101241399656 ], [ 9.860788005143377, 12.340752960163002 ], [ 9.860395833876908, 12.340160879760731 ], [ 9.860467137925355, 12.339673284429409 ], [ 9.860538440973812, 12.339116030050832 ], [ 9.860146269707343, 12.338698088766819 ], [ 9.859611491344026, 12.338802574837814 ], [ 9.859041058956393, 12.33908120202716 ], [ 9.85854193161731, 12.339673284429409 ], [ 9.858078456302394, 12.340648475092053 ], [ 9.858577583641534, 12.341345037565304 ], [ 9.858613235665757, 12.341867458920262 ], [ 9.858969754907946, 12.342564019393535 ], [ 9.859575839319803, 12.343051608724863 ], [ 9.860431485901131, 12.34336505993781 ], [ 9.861287133482506, 12.343782994221783 ], [ 9.862000171966997, 12.344270581553076 ], [ 9.862962774621053, 12.344305409576748 ], [ 9.864210593468897, 12.344305409576748 ], [ 9.865422760292461, 12.34434023760042 ], [ 9.866741882188762, 12.344166099482095 ], [ 9.867811440915489, 12.344200926505778 ], [ 9.868488828375746, 12.34444472067139 ], [ 9.868845347617992, 12.344897479979011 ], [ 9.86984360329626, 12.345350239286688 ], [ 9.870877509998707, 12.345802996594273 ], [ 9.871840111652773, 12.346116443807261 ], [ 9.872731411258371, 12.34642989102025 ], [ 9.873515754791299, 12.346499546067548 ], [ 9.87422879427578, 12.346255753901914 ], [ 9.87462096454226, 12.345942306688926 ], [ 9.874549661493802, 12.345245756215661 ], [ 9.874478357445355, 12.344618858789715 ], [ 9.874585312518036, 12.344026788387453 ], [ 9.87472792061493, 12.343399887961482 ], [ 9.874941832760271, 12.342668503464552 ], [ 9.875191396929836, 12.341937114967607 ], [ 9.875619220220528, 12.341101241399656 ], [ 9.876082695535388, 12.340474333973702 ], [ 9.876844600053118, 12.340032620673583 ], [ 9.877618800579114, 12.340092481714237 ], [ 9.879615309935673, 12.341039809357937 ], [ 9.881547408248423, 12.341268722513462 ], [ 9.882581552951081, 12.341039809357937 ], [ 9.884272127099734, 12.341693016801742 ], [ 9.885319623811483, 12.342098582077313 ], [ 9.886460486586657, 12.343881770288931 ], [ 9.887601349361773, 12.345386325311154 ], [ 9.8897689878346, 12.346612252144155 ], [ 9.894104266780232, 12.348952642734332 ], [ 9.896614166485563, 12.349955661415834 ], [ 9.897760149264229, 12.350615852864394 ], [ 9.898781804958389, 12.351794517665269 ], [ 9.898553630803349, 12.352853247384587 ], [ 9.898812599979294, 12.35379022602126 ], [ 9.899523365462244, 12.355249304012602 ], [ 9.900150838888578, 12.356976680186278 ], [ 9.900664227237428, 12.359038372587122 ], [ 9.900892400392422, 12.360097073306463 ], [ 9.901291701663752, 12.360877165836484 ], [ 9.90277482367145, 12.3611557690258 ], [ 9.903801601369082, 12.361824417480079 ], [ 9.904999505183014, 12.361935858555796 ], [ 9.907167145655819, 12.361211490063624 ], [ 9.909220697051126, 12.36093288587432 ], [ 9.911787637795214, 12.360654281685015 ], [ 9.912814416492893, 12.3611557690258 ], [ 9.912586242337852, 12.362103019669405 ], [ 9.91167355171774, 12.361880137517971 ], [ 9.911776948787974, 12.362825746160468 ], [ 9.910646776020087, 12.363384588540157 ], [ 9.9100763446325, 12.363440309578039 ], [ 9.90996225855497, 12.362325901820839 ], [ 9.908935482857316, 12.362437342896555 ], [ 9.908992524896121, 12.363830350843045 ], [ 9.910475646903819, 12.364443272259507 ], [ 9.912472156260321, 12.36433183218378 ], [ 9.91555248535326, 12.364777592486632 ], [ 9.917834211903596, 12.364833311524478 ], [ 9.919830720260165, 12.365111911713768 ], [ 9.919830720260165, 12.367006382000966 ], [ 9.919032116717517, 12.368009330682469 ], [ 9.918119426097405, 12.368956557326044 ], [ 9.917434909632277, 12.369680903818221 ], [ 9.916294046857161, 12.369792340893923 ], [ 9.915039097004467, 12.370683842499659 ], [ 9.913841192190546, 12.371129591802514 ], [ 9.912871457531651, 12.372299679597518 ], [ 9.912586242337852, 12.373636916506143 ], [ 9.912871457531651, 12.375085583490431 ], [ 9.913727105113026, 12.375809912982561 ], [ 9.913784148151763, 12.376868545701882 ], [ 9.913784148151763, 12.377927174421131 ], [ 9.914240493461818, 12.379097232216168 ], [ 9.914696837771885, 12.380378718086888 ], [ 9.91566657243078, 12.381994495184699 ], [ 9.917206736477283, 12.382941669828256 ], [ 9.918632815446244, 12.384000273547542 ], [ 9.921199756190333, 12.383554547244671 ], [ 9.921536227418926, 12.383049424901458 ], [ 9.921085669112813, 12.381994495184699 ], [ 9.920686366841494, 12.381103032579006 ], [ 9.9216561005004, 12.380713017314008 ], [ 9.92348148174068, 12.381158748616883 ], [ 9.924793472632075, 12.379877266746178 ], [ 9.926105464523516, 12.377258566966873 ], [ 9.926333538678477, 12.374856908335062 ], [ 9.927303371337473, 12.372188242521815 ], [ 9.92857313120021, 12.371089976775579 ], [ 9.929910619108966, 12.370956631684976 ], [ 9.930956408819497, 12.370945023677109 ], [ 9.931645682287865, 12.370898590645538 ], [ 9.932453791836906, 12.370956631684976 ], [ 9.933440215507176, 12.370958981686613 ], [ 9.934890108492311, 12.370962435688966 ], [ 9.935749856076427, 12.37117238183157 ], [ 9.936470578566116, 12.37151381806359 ], [ 9.937913394546456, 12.372689707862548 ], [ 9.93843143789843, 12.373138936167777 ], [ 9.938940170244109, 12.374026942771138 ], [ 9.939370779536716, 12.375097576498604 ], [ 9.939833746851264, 12.37576232095023 ], [ 9.94016649907735, 12.376574867502313 ], [ 9.940332875190393, 12.377259727967669 ], [ 9.940344759198467, 12.377700823267389 ], [ 9.940202151101573, 12.378374071724807 ], [ 9.939919411909443, 12.378716498957488 ], [ 9.939334620512113, 12.379058926190112 ], [ 9.938942448245655, 12.37941876543465 ], [ 9.93832448082577, 12.379952716797391 ], [ 9.93773028342207, 12.380289339026149 ], [ 9.936910286864929, 12.38047506115231 ], [ 9.936280436436959, 12.380509884175979 ], [ 9.935626815992862, 12.380742036333743 ], [ 9.935092037629488, 12.381171517625546 ], [ 9.934854358467987, 12.38160099791736 ], [ 9.934925660516456, 12.382123339272255 ], [ 9.935080152621424, 12.382483172516743 ], [ 9.935484207895968, 12.382750145698139 ], [ 9.935971452227022, 12.382982296855857 ], [ 9.93637550650152, 12.38316801698204 ], [ 9.936910286864929, 12.383156408974173 ], [ 9.937468835244431, 12.383017118879536 ], [ 9.937896657535077, 12.38297068884799 ], [ 9.938478972930739, 12.382993903863735 ], [ 9.938989984277953, 12.383075156918949 ], [ 9.939417807568645, 12.383272484053066 ], [ 9.939821863843179, 12.383713569352722 ], [ 9.940356643206542, 12.38437519480226 ], [ 9.940915189586065, 12.384839493117738 ], [ 9.941295477844449, 12.385408256504206 ], [ 9.941723301135141, 12.385884159827583 ], [ 9.942412571603427, 12.386406492182459 ], [ 9.94318503112828, 12.386928822537357 ], [ 9.943874302596612, 12.387381508844953 ], [ 9.944777486210285, 12.387683299049968 ], [ 9.945692553832032, 12.388135984357575 ], [ 9.946773994566854, 12.388774383791315 ], [ 9.947689062188545, 12.389192245075265 ], [ 9.948794272939494, 12.389528854303933 ], [ 9.949804411625848, 12.389656534390724 ], [ 9.950790783296043, 12.38970296342228 ], [ 9.951551358812821, 12.389668141398602 ], [ 9.95257338050726, 12.389401175217188 ], [ 9.953369609048252, 12.389076171996351 ], [ 9.954177718597293, 12.38875116877557 ], [ 9.954581774871826, 12.388530630625723 ], [ 9.954893218083441, 12.388107050337908 ], [ 9.954950178122147, 12.387706514065769 ], [ 9.955247278324009, 12.387277042773974 ], [ 9.955793940695457, 12.386499351245561 ], [ 9.956245532002299, 12.385872552819649 ], [ 9.956720892325279, 12.385477900551507 ], [ 9.957184366640206, 12.385083249283355 ], [ 9.957659726963186, 12.384653773991545 ], [ 9.958158854302326, 12.384526091904831 ], [ 9.958693633665689, 12.384526091904831 ], [ 9.959573049263156, 12.384909138165085 ], [ 9.960381159812243, 12.38529218242536 ], [ 9.961034779256352, 12.385802907772359 ], [ 9.961426949522831, 12.386127914993153 ], [ 9.961700281708545, 12.386557388284984 ], [ 9.96253216227376, 12.387567225971111 ], [ 9.963625488016646, 12.388542237633601 ], [ 9.964695046743316, 12.389900284556347 ], [ 9.965744145456142, 12.391830870868091 ], [ 9.966391294895857, 12.393575460053455 ], [ 9.966311269841469, 12.394241345505861 ], [ 9.96628750182532, 12.395135084113122 ], [ 9.965990400623468, 12.395901143633637 ], [ 9.965705186429659, 12.39641184898062 ], [ 9.965222697101865, 12.397676999840257 ], [ 9.964956493920965, 12.398419838344978 ], [ 9.964367048520501, 12.399496950076809 ], [ 9.96373957409412, 12.400202640556302 ], [ 9.963226185745327, 12.400611198833872 ], [ 9.962693784383589, 12.401019755111463 ], [ 9.962047294944341, 12.401391170363866 ], [ 9.961115591311284, 12.401632588527889 ], [ 9.960221913704061, 12.401799724641421 ], [ 9.959271195058079, 12.40215256788116 ], [ 9.958852879773872, 12.402523981133527 ], [ 9.958605691605896, 12.402951105423767 ], [ 9.95862470761881, 12.403285375650853 ], [ 9.959004993877215, 12.403842493029401 ], [ 9.959423310161469, 12.404269615319606 ], [ 9.959841628445645, 12.404659595584576 ], [ 9.960082918609601, 12.404612324552488 ], [ 9.960355015794505, 12.40462245455933 ], [ 9.960735302052854, 12.404325327357469 ], [ 9.960982490220829, 12.404158192243926 ], [ 9.961571934621304, 12.404288186332224 ], [ 9.962275467099346, 12.40439960940796 ], [ 9.96337830084866, 12.404529602496268 ], [ 9.963777603119979, 12.405086715874802 ], [ 9.964424091559238, 12.405736681316398 ], [ 9.964671279727213, 12.406498066833763 ], [ 9.964956493920965, 12.407315161388908 ], [ 9.965013537959749, 12.408076541906212 ], [ 9.964907976888014, 12.408572129242941 ], [ 9.964747336778885, 12.409302174738968 ], [ 9.964519163623834, 12.409859279117541 ], [ 9.96425296244297, 12.410620652634861 ], [ 9.963834647158762, 12.411252034063807 ], [ 9.963834647158762, 12.411827704454993 ], [ 9.963929718223312, 12.412384801833468 ], [ 9.964075627322472, 12.412827044133962 ], [ 9.964386062533379, 12.413461855565288 ], [ 9.964648461711704, 12.414308176140366 ], [ 9.965432805244632, 12.414551904305938 ], [ 9.966323738849951, 12.414341882163228 ], [ 9.967053373345721, 12.41411401300843 ], [ 9.967821485867603, 12.414099265998402 ], [ 9.968784088521659, 12.414586723329592 ], [ 9.969711040151481, 12.414934905566156 ], [ 9.970673642805536, 12.415074178660802 ], [ 9.971422334314241, 12.414934905566156 ], [ 9.974024927082553, 12.415143814708131 ], [ 9.976556215802475, 12.415491997944684 ], [ 9.979550979837256, 12.415909816228577 ], [ 9.981369230072687, 12.416327632512491 ], [ 9.982617048920474, 12.416536541654409 ], [ 9.983151828283837, 12.416188361417824 ], [ 9.983258784356508, 12.415387542873702 ], [ 9.982937917138486, 12.414621541353256 ], [ 9.982636581933775, 12.412719738061071 ], [ 9.983067329226458, 12.412116176650954 ], [ 9.983829215744095, 12.411661967342354 ], [ 9.984720515349693, 12.411035228916546 ], [ 9.985362249785737, 12.410512945561663 ], [ 9.986039637245995, 12.409642472970233 ], [ 9.986182245342889, 12.408528263213157 ], [ 9.986150239321148, 12.407796373715883 ], [ 9.986823979778933, 12.406195369628051 ], [ 9.987608323311861, 12.405011505823666 ], [ 9.988535273941636, 12.404454392445132 ], [ 9.989497876595692, 12.404872226729026 ], [ 9.990817000491973, 12.405324882036609 ], [ 9.991850906194486, 12.406160550604397 ], [ 9.992599596703144, 12.407344409408779 ], [ 9.993348289211895, 12.408806816402432 ], [ 9.993811763526764, 12.410547764585317 ], [ 9.993776111502541, 12.412567251957455 ], [ 9.993776111502541, 12.413820717809131 ], [ 9.993823647534839, 12.414372010183683 ], [ 9.994001907655957, 12.415213451755449 ], [ 9.994655527100065, 12.416780267820002 ], [ 9.995309145544184, 12.418143970746598 ], [ 9.995665665786419, 12.419101460397144 ], [ 9.996051896048868, 12.420987413678574 ], [ 9.996497545351644, 12.422293065565668 ], [ 9.996972903674646, 12.42348265437397 ], [ 9.997507684037998, 12.42429505292597 ], [ 9.998101883441734, 12.425281532596216 ], [ 9.99854753274451, 12.42589082801021 ], [ 9.999171442168404, 12.42655815046362 ], [ 9.999943900693268, 12.426993358759319 ], [ 10.000567810117218, 12.426993358759319 ], [ 10.001162009520954, 12.426297024286214 ], [ 10.001735681910702, 12.425963939059898 ], [ 10.002677217550456, 12.425629701832804 ], [ 10.004340975680861, 12.425745757911614 ], [ 10.006598933215059, 12.426442094384754 ], [ 10.007579361881199, 12.426297024286214 ], [ 10.009480800173151, 12.426093926148212 ], [ 10.010312678738387, 12.425948856049615 ], [ 10.011589883606177, 12.425942718045462 ], [ 10.012095276949594, 12.42589082801021 ], [ 10.01254092725236, 12.42589082801021 ], [ 10.013313385777224, 12.425542659773669 ], [ 10.013969594223056, 12.425602727814464 ], [ 10.014353235483725, 12.425803785951075 ], [ 10.014947433887471, 12.42571674389194 ], [ 10.015680377385479, 12.425368656655394 ], [ 10.016908292219796, 12.424527166083635 ], [ 10.017413360562955, 12.424178995847114 ], [ 10.01839379022914, 12.423917867669672 ], [ 10.019403928915438, 12.423366597295114 ], [ 10.020503197662379, 12.423395611314845 ], [ 10.021156817106487, 12.423337583275384 ], [ 10.021483626328518, 12.424178995847114 ], [ 10.021602466409263, 12.42504942143853 ], [ 10.021529749359843, 12.425803090950581 ], [ 10.020978556985312, 12.426500122424216 ], [ 10.020740876823822, 12.427370539015612 ], [ 10.020473487642164, 12.428269966626715 ], [ 10.020265517500889, 12.428734185942119 ], [ 10.02059232672292, 12.429633608553274 ], [ 10.02083000688441, 12.43201271316974 ], [ 10.020740876823822, 12.434043638549667 ], [ 10.020651746763292, 12.435987508870426 ], [ 10.02091913694494, 12.437119008639229 ], [ 10.021721306490008, 12.438134454329202 ], [ 10.022464054994657, 12.439033844940241 ], [ 10.023096171424186, 12.439327840140038 ], [ 10.023815167912687, 12.439847709493279 ], [ 10.025490810051224, 12.44009141265883 ], [ 10.027309060286598, 12.440544006966377 ], [ 10.027798417619124, 12.440535828960776 ] ] ] ] } },
{ "type": "Feature", "properties": { "fid": 549.0, "OBJECTID": 549.0, "lganame": "Biriniwa", "statecode": "JI", "LGA_UID": "17_04" }, "geometry": { "type": "MultiPolygon", "coordinates": [ [ [ [ 10.225581108003155, 13.010200001020849 ], [ 10.226472032608513, 13.006897959777234 ], [ 10.234695813196197, 13.008795075066246 ], [ 10.234840168294227, 13.008688374993767 ], [ 10.235422482689899, 13.008375741781322 ], [ 10.236040450109783, 13.00812100260822 ], [ 10.237181312884957, 13.007623105269943 ], [ 10.23892825907194, 13.006835728734984 ], [ 10.24036622104893, 13.00625677434158 ], [ 10.242303311365106, 13.005365180735794 ], [ 10.256477448995781, 12.99921427455655 ], [ 10.26031811060534, 12.99752559840914 ], [ 10.262463691063147, 12.990499108634992 ], [ 10.263652089870618, 12.985264964078624 ], [ 10.265410920065619, 12.98355110491417 ], [ 10.279172576416045, 12.980920077126484 ], [ 10.281478069982541, 12.980016812512758 ], [ 10.28201150434495, 12.979373910075935 ], [ 10.282502440678513, 12.976516034134136 ], [ 10.284607371108734, 12.964262315808355 ], [ 10.283399999288349, 12.962099999339159 ], [ 10.279300000502644, 12.960200001048179 ], [ 10.277300000143725, 12.95839999982519 ], [ 10.274099997969472, 12.957300000077737 ], [ 10.267600000553045, 12.955299999718875 ], [ 10.263975636090436, 12.954846954411039 ], [ 10.270418757468235, 12.944802659586401 ], [ 10.270933164817734, 12.941489204335085 ], [ 10.270723772675467, 12.938909868582527 ], [ 10.271934918498403, 12.936788579141194 ], [ 10.274100801970008, 12.934454195555134 ], [ 10.271675217321956, 12.920113167811053 ], [ 10.271426879153182, 12.918915890997539 ], [ 10.27149818220164, 12.918661060824434 ], [ 10.271548689235942, 12.918611831790997 ], [ 10.271700210338906, 12.918629206802791 ], [ 10.271729920359121, 12.91860604078704 ], [ 10.271750717373266, 12.918478625700459 ], [ 10.271789340399494, 12.918336731604029 ], [ 10.271836876431792, 12.918177462495862 ], [ 10.271836876431792, 12.918061630417128 ], [ 10.271824992423717, 12.917951590342341 ], [ 10.271836876431792, 12.917789425232172 ], [ 10.271866586451949, 12.917592510098416 ], [ 10.272341465774616, 12.916972279676997 ], [ 10.288971620074051, 12.905634596973528 ], [ 10.290116463851916, 12.875484308487842 ], [ 10.294688152958145, 12.871432690734935 ], [ 10.298345504443148, 12.866489630376407 ], [ 10.302501587266988, 12.863491333339198 ], [ 10.304662748735439, 12.861060254687402 ], [ 10.303831533170637, 12.855387646833094 ], [ 10.295519368522946, 12.835532511342478 ], [ 10.290516513123691, 12.815451401698283 ], [ 10.298204570347366, 12.817086003808924 ], [ 10.314901007691844, 12.8145495260855 ], [ 10.325251021724171, 12.811462194987826 ], [ 10.33814051348196, 12.80756142533744 ], [ 10.339596929471554, 12.807342962189011 ], [ 10.348740410684115, 12.807198970091179 ], [ 10.362822864252507, 12.805908977214699 ], [ 10.363870701964458, 12.787414626648626 ], [ 10.360156539440823, 12.783630163077248 ], [ 10.357559785676472, 12.781089514351038 ], [ 10.353139388673014, 12.776313780106136 ], [ 10.351432557513306, 12.774253022705921 ], [ 10.328778064120627, 12.782519703322748 ], [ 10.307072705372889, 12.776482557220788 ], [ 10.300721969057861, 12.772392755441956 ], [ 10.288355988655724, 12.757877770579739 ], [ 10.268946661468021, 12.746102091578734 ], [ 10.260663997840311, 12.742283108983884 ], [ 10.251421138560261, 12.737933768028711 ], [ 10.25141766755786, 12.737896015003059 ], [ 10.250937093231357, 12.73266936045178 ], [ 10.250228520749943, 12.731965825973759 ], [ 10.248896974845195, 12.730815595192269 ], [ 10.248087958295514, 12.730682345101741 ], [ 10.247654896001279, 12.730634756069378 ], [ 10.247307494765209, 12.729920916584376 ], [ 10.247074307606795, 12.729540203325712 ], [ 10.245118391277799, 12.730165049750212 ], [ 10.242149490260601, 12.730583454034502 ], [ 10.240976415463535, 12.730313147850893 ], [ 10.239888049724073, 12.730149440739638 ], [ 10.239088551180828, 12.729886747561125 ], [ 10.238266208622065, 12.729715427444717 ], [ 10.237877881358258, 12.729806797506797 ], [ 10.237101224830553, 12.730183704762908 ], [ 10.230869646596489, 12.724762757079645 ], [ 10.217089313233373, 12.7270837966567 ], [ 10.196481466231319, 12.719353574404352 ], [ 10.186570719497411, 12.708763579208949 ], [ 10.188381074727488, 12.695387054120204 ], [ 10.171635726349791, 12.690583414856405 ], [ 10.149542478338503, 12.690901283072378 ], [ 10.130857285642776, 12.687083083478058 ], [ 10.104536705759187, 12.674168892703506 ], [ 10.099306052205179, 12.676452690255189 ], [ 10.084918488429537, 12.687028563441004 ], [ 10.077805613596638, 12.68192402997272 ], [ 10.056478809106068, 12.671510552897246 ], [ 10.053638160175979, 12.656490127691598 ], [ 10.050851352282507, 12.652636254073059 ], [ 10.031358770038196, 12.645332137110245 ], [ 10.023447395662799, 12.647620676665213 ], [ 10.021187535127353, 12.649231266759557 ], [ 10.016539579969276, 12.650473230603382 ], [ 9.9986980748468, 12.646105779635889 ], [ 9.991904113230646, 12.643358493769256 ], [ 9.991640197051311, 12.64317524064478 ], [ 9.990230403093392, 12.640413361768196 ], [ 9.982535153864831, 12.63268465351689 ], [ 9.970615760766179, 12.629628399440321 ], [ 9.964584153668, 12.633767737252811 ], [ 9.953128646884522, 12.630871362284836 ], [ 9.943859137586344, 12.629479792339339 ], [ 9.937192221056478, 12.627670740110148 ], [ 9.928842208383003, 12.627789768191064 ], [ 9.922164264845662, 12.628270194517484 ], [ 9.919864780283262, 12.629907305629843 ], [ 9.915467705295669, 12.632574470442023 ], [ 9.906287739058314, 12.638590306529522 ], [ 9.904612739920253, 12.641864663754291 ], [ 9.904176897624097, 12.642721080336173 ], [ 9.904175060622833, 12.642720256335622 ], [ 9.902839640715513, 12.642121455928759 ], [ 9.900973192447339, 12.641191563296957 ], [ 9.897508696093382, 12.640444411789304 ], [ 9.895344338622806, 12.641241055330568 ], [ 9.892957263000881, 12.64040158076017 ], [ 9.892756392864385, 12.631825464933115 ], [ 9.892280500541062, 12.624858403199312 ], [ 9.8917855732048, 12.622060157298051 ], [ 9.89024368215712, 12.620061408939989 ], [ 9.888187827760305, 12.620061408939989 ], [ 9.885104045665003, 12.621374871832415 ], [ 9.879406664793919, 12.621174996696595 ], [ 9.876908231096309, 12.620827596460572 ], [ 9.873919628065721, 12.620413570179267 ], [ 9.853067989898022, 12.625286892490465 ], [ 9.858599540656428, 12.635613328506793 ], [ 9.862057127005698, 12.642068036892454 ], [ 9.86201679697831, 12.64713218833333 ], [ 9.862164720078795, 12.665031600495126 ], [ 9.851496623830315, 12.675831178832937 ], [ 9.849300464338171, 12.686961502395434 ], [ 9.844779444266351, 12.690488454791875 ], [ 9.838576854051951, 12.694398488448542 ], [ 9.83145518121313, 12.697794385755913 ], [ 9.824373906401718, 12.702648486054045 ], [ 9.823688620936082, 12.704761448489705 ], [ 9.827952589833274, 12.708660996139258 ], [ 9.819387938013961, 12.71262998083597 ], [ 9.81476136787046, 12.719382904424265 ], [ 9.812822606553141, 12.728933371913399 ], [ 9.805796941779533, 12.738369281324651 ], [ 9.796336476351598, 12.747114391266507 ], [ 9.784643448406769, 12.758074042713076 ], [ 9.775611617270044, 12.763869268650694 ], [ 9.770858022040215, 12.769200760273179 ], [ 9.76774694392634, 12.780410507889655 ], [ 9.765183858184855, 12.796216203628887 ], [ 9.777653719657565, 12.799282197712103 ], [ 9.777350372451451, 12.804176718037695 ], [ 9.778373698146765, 12.803633236668418 ], [ 9.779127510658896, 12.80288703816143 ], [ 9.779645282010733, 12.802011395566467 ], [ 9.780155438357326, 12.801211897023222 ], [ 9.780904174866066, 12.800379403457612 ], [ 9.781438491229096, 12.800086765258754 ], [ 9.782237434771957, 12.799649193961443 ], [ 9.784418925254215, 12.798724060332859 ], [ 9.785599137056067, 12.799111435596046 ], [ 9.786217798476457, 12.801102750949099 ], [ 9.786360564573442, 12.801562281261283 ], [ 9.786765072848311, 12.804227277072016 ], [ 9.785914813270551, 12.806527422634872 ], [ 9.785891018254404, 12.808121661718076 ], [ 9.785867223238256, 12.810096614060001 ], [ 9.785248562817912, 12.811595675078536 ], [ 9.785347865885342, 12.812730915849841 ], [ 9.786166401441506, 12.813758842548282 ], [ 9.786956381978257, 12.814406055988059 ], [ 9.788317433903046, 12.814653520156185 ], [ 9.790280549236911, 12.814452359019526 ], [ 9.792030027425596, 12.814777887240666 ], [ 9.792943740046383, 12.814519001064809 ], [ 9.794497052101804, 12.812950460999048 ], [ 9.795365079691578, 12.811473290995366 ], [ 9.796166660236224, 12.81049298532929 ], [ 9.797419982087774, 12.809676321774418 ], [ 9.800292645039633, 12.809758206830054 ], [ 9.804456701868901, 12.809163342425848 ], [ 9.816185428838025, 12.807473274277527 ], [ 9.85819387138082, 12.820207731929997 ], [ 9.896399024339416, 12.852719906020525 ], [ 9.899680050568691, 12.855094372633857 ], [ 9.905327321405764, 12.856540316616304 ], [ 9.910233030738937, 12.858542379976598 ], [ 9.915366913227217, 12.863380632263954 ], [ 9.916507775002344, 12.86860806381577 ], [ 9.917712079820603, 12.87230130832512 ], [ 9.910963495235251, 12.87747846184277 ], [ 9.929673063947575, 12.918537914740739 ], [ 9.943062361044952, 12.911209777761599 ], [ 9.94488044828023, 12.916997742694264 ], [ 9.948424584688325, 12.923481782099884 ], [ 9.948445981702889, 12.923536100136801 ], [ 9.948467201717278, 12.923590488173716 ], [ 9.948488245731596, 12.923644944210707 ], [ 9.948509108745782, 12.923699460247803 ], [ 9.948529794759793, 12.923754043284873 ], [ 9.948550302773754, 12.923808693321973 ], [ 9.94855903677967, 12.923832133337896 ], [ 9.948564840783604, 12.923847765348569 ], [ 9.948570629787582, 12.923863402359189 ], [ 9.948576404791481, 12.923879044369812 ], [ 9.948582164795368, 12.923894692380429 ], [ 9.94858791079929, 12.92391034539105 ], [ 9.9485936418032, 12.923926003401675 ], [ 9.948596501805127, 12.923933834407023 ], [ 9.948599357807097, 12.92394166741235 ], [ 9.948602210809042, 12.923949500417677 ], [ 9.948605059810973, 12.923957336422973 ], [ 9.948607905812878, 12.923965172428325 ], [ 9.948610747814826, 12.923973010433656 ], [ 9.948613585816759, 12.923980849438976 ], [ 9.948616420818666, 12.923988689444286 ], [ 9.948619251820617, 12.923996531449632 ], [ 9.948622078822495, 12.924004374454967 ], [ 9.948624902824406, 12.924012218460291 ], [ 9.948627722826359, 12.924020064465594 ], [ 9.948636160832109, 12.924043606481632 ], [ 9.948641767835909, 12.924059307492257 ], [ 9.948647359839697, 12.924075012502954 ], [ 9.948652936843473, 12.924090724513633 ], [ 9.948724089891812, 12.924295376652651 ], [ 9.948792764938503, 12.924500874792272 ], [ 9.948858950983436, 12.924707187932484 ], [ 9.949170781195335, 12.925699374606609 ], [ 9.950846829334125, 12.928308453379373 ], [ 9.950849317335837, 12.928312966382464 ], [ 9.951959630090244, 12.930733273026931 ], [ 9.95196955509698, 12.930760041045119 ], [ 9.95197943710366, 12.930786826063297 ], [ 9.951989276110339, 12.930813626081544 ], [ 9.951999071117029, 12.930840439099711 ], [ 9.952008823123663, 12.930867269117982 ], [ 9.95201853113025, 12.930894114136208 ], [ 9.952024201134122, 12.930909853146886 ], [ 9.952029856137926, 12.930925597157568 ], [ 9.952035497141765, 12.930941346168311 ], [ 9.952041122145602, 12.930957100179 ], [ 9.952046733149416, 12.930972859189694 ], [ 9.952052329153219, 12.930988623200392 ], [ 9.952055121155126, 12.930996507205805 ], [ 9.952057910157009, 12.93100439221115 ], [ 9.952060695158877, 12.931012278216485 ], [ 9.952063476160788, 12.931020166221856 ], [ 9.952066254162673, 12.931028055227216 ], [ 9.952069028164544, 12.931035945232566 ], [ 9.952080086172089, 12.931067517254007 ], [ 9.952091085179518, 12.931099110275511 ], [ 9.952102024186956, 12.931130723296974 ], [ 9.952112904194394, 12.931162354318474 ], [ 9.952123724201726, 12.931194005339989 ], [ 9.952134485209001, 12.931225676361464 ], [ 9.952142517214497, 12.931249441377645 ], [ 9.952145187216274, 12.931257365383033 ], [ 9.952147853218094, 12.931265291388399 ], [ 9.952150515219898, 12.931273217393766 ], [ 9.952153173221745, 12.931281145399169 ], [ 9.952155828223511, 12.93128907440456 ], [ 9.952158479225318, 12.931297004409942 ], [ 9.952161126227111, 12.931304935415312 ], [ 9.952163770228935, 12.931312868420719 ], [ 9.952166409230699, 12.931320802426114 ], [ 9.952169045232495, 12.93132873643151 ], [ 9.952171678234322, 12.931336673436931 ], [ 9.952174306236088, 12.931344610442295 ], [ 9.952176931237886, 12.931352548447705 ], [ 9.95217955223967, 12.931360488453095 ], [ 9.952182170241429, 12.931368428458484 ], [ 9.952184784243229, 12.931376370463852 ], [ 9.952187394244959, 12.931384313469266 ], [ 9.952190000246731, 12.93139225747467 ], [ 9.952192602248545, 12.931400202480063 ], [ 9.952195201250277, 12.931408149485492 ], [ 9.952197796252051, 12.931416097490853 ], [ 9.952200387253811, 12.931424046496261 ], [ 9.952202974255556, 12.931431995501669 ], [ 9.952205558257333, 12.931439946507055 ], [ 9.952209427259959, 12.931451875515165 ], [ 9.952213287262566, 12.931463806523311 ], [ 9.952217138265212, 12.931475741531415 ], [ 9.952220982267818, 12.931487677539508 ], [ 9.952224817270405, 12.931499616547626 ], [ 9.952228643273031, 12.931511558555712 ], [ 9.95223626927816, 12.931535441571953 ], [ 9.952240071280755, 12.931547393580104 ], [ 9.952243865283322, 12.931559348588223 ], [ 9.952247650285926, 12.931571306596311 ], [ 9.952251426288512, 12.931583263604466 ], [ 9.952255193291023, 12.93159522361259 ], [ 9.952258952293619, 12.931607185620692 ], [ 9.952411032396924, 12.932091080949476 ], [ 9.953289424993784, 12.93488596484849 ], [ 9.953677991257791, 12.936019280618495 ], [ 9.953720234286493, 12.936083565662216 ], [ 9.954642853913356, 12.937006185289079 ], [ 9.956771842359899, 12.938466062281009 ], [ 9.95677878036463, 12.938470824284195 ], [ 9.956785716369325, 12.938475589287464 ], [ 9.956792649374052, 12.93848035829069 ], [ 9.956799580378743, 12.938485129293952 ], [ 9.956806509383455, 12.938489904297171 ], [ 9.956813436388131, 12.938494682300416 ], [ 9.95682036039284, 12.938499463303685 ], [ 9.956827282397569, 12.938504247306923 ], [ 9.956834202402263, 12.938509035310176 ], [ 9.956841119406988, 12.938513825313464 ], [ 9.956848034411678, 12.93851861931671 ], [ 9.956854947416389, 12.938523416319981 ], [ 9.956861857421075, 12.93852821632322 ], [ 9.956868765425725, 12.938533019326485 ], [ 9.956875671430453, 12.938537825329774 ], [ 9.956882575435145, 12.938542635333022 ], [ 9.956889476439812, 12.938547447336305 ], [ 9.956896375444501, 12.938552263339545 ], [ 9.956903271449221, 12.938557082342811 ], [ 9.956910165453905, 12.938561904346102 ], [ 9.956917057458554, 12.938566729349361 ], [ 9.956923947463224, 12.938571558352692 ], [ 9.956930834467926, 12.938576389355944 ], [ 9.956937719472592, 12.938581224359211 ], [ 9.95699614151232, 12.938622442387214 ], [ 9.957054400551897, 12.938663890415398 ], [ 9.957112494591343, 12.938705568443709 ], [ 9.957156797621451, 12.938737586465493 ], [ 9.957201002651516, 12.938769738487338 ], [ 9.95724511068147, 12.938802023509254 ], [ 9.957265431695248, 12.938816967519415 ], [ 9.95727896770444, 12.938826945526216 ], [ 9.95729249371368, 12.938836936532994 ], [ 9.957306010722846, 12.938846939539758 ], [ 9.957319517732003, 12.938856954546566 ], [ 9.957333014741209, 12.938866982553407 ], [ 9.95734650275034, 12.938877022560234 ], [ 9.957366716764056, 12.93889210557046 ], [ 9.957380179773224, 12.938902176577301 ], [ 9.957393633782374, 12.938912259584185 ], [ 9.957407078791505, 12.938922354591 ], [ 9.957420512800638, 12.938932462597904 ], [ 9.957433937809753, 12.938942582604739 ], [ 9.957447352818861, 12.938952714611673 ], [ 9.95744947582034, 12.938954321612755 ], [ 9.959318346090129, 12.94058167571842 ], [ 9.960442857854162, 12.941706190482478 ], [ 9.964408592548693, 12.944368898291714 ], [ 9.968754720501693, 12.946226826554039 ], [ 9.971654414471914, 12.947500833419667 ], [ 9.973864834973767, 12.948589524159388 ], [ 9.975861345330316, 12.949655046883379 ], [ 9.981803339367616, 12.953199035291334 ], [ 9.987998940577256, 12.956416817477702 ], [ 9.993056328013495, 12.955694330986773 ], [ 9.997025564710384, 12.95557013990242 ], [ 10.002396054359394, 12.956671725650892 ], [ 10.002599999497988, 12.956713558679326 ], [ 10.006151530911097, 12.957068535920484 ], [ 10.006167276921758, 12.957071708922626 ], [ 10.009876150441755, 12.958250996723905 ], [ 10.01486987583479, 12.961240601755208 ], [ 10.019167699754973, 12.963813559503421 ], [ 10.019334264868121, 12.963813559503421 ], [ 10.020693633791723, 12.963813559503421 ], [ 10.029083420492213, 12.965077221362037 ], [ 10.03208660153274, 12.9651751054285 ], [ 10.039008016235528, 12.961716592078631 ], [ 10.051172226500512, 12.952841703048534 ], [ 10.060880427096777, 12.965690792778901 ], [ 10.056883029380742, 12.973972111405658 ], [ 10.056896772390076, 12.973981157411799 ], [ 10.056910507399436, 12.973990216417974 ], [ 10.056924233408722, 12.973999288424125 ], [ 10.056937951418035, 12.974008372430319 ], [ 10.056951661427377, 12.97401746943649 ], [ 10.056965362436699, 12.974026578442704 ], [ 10.056972210441359, 12.974031137445763 ], [ 10.056979055445993, 12.974035700448894 ], [ 10.056985899450638, 12.974040266451993 ], [ 10.056992740455257, 12.974044834455071 ], [ 10.056999579459955, 12.974049406458221 ], [ 10.05700641646456, 12.974053981461282 ], [ 10.057047395492418, 12.974081497480029 ], [ 10.057088297520238, 12.974109125498785 ], [ 10.057129123547952, 12.974136864517618 ], [ 10.057169874575663, 12.974164717536553 ], [ 10.05721054860328, 12.974192681555564 ], [ 10.057251145630858, 12.974220757574642 ], [ 10.057271415644607, 12.974234837584163 ], [ 10.057274791646932, 12.97423718658581 ], [ 10.057278167649201, 12.97423953658739 ], [ 10.057281542651538, 12.97424188758896 ], [ 10.057291665658397, 12.974248944593796 ], [ 10.057301783665253, 12.974256008598559 ], [ 10.057311896672161, 12.974263079603361 ], [ 10.057322004679008, 12.974270157608203 ], [ 10.057332107685852, 12.974277242613027 ], [ 10.057342205692748, 12.974284334617835 ], [ 10.057352299699573, 12.974291433622625 ], [ 10.057362387706462, 12.974298539627455 ], [ 10.057372471713279, 12.974305652632324 ], [ 10.059660830268115, 12.975920962729845 ], [ 10.060843786071871, 12.976512442131707 ], [ 10.06111990225952, 12.976653488227555 ], [ 10.062216946004867, 12.977225856616428 ], [ 10.063749805046371, 12.977751409973507 ], [ 10.066573199964751, 12.978472275463332 ], [ 10.068999840613571, 12.979140670917445 ], [ 10.070908243910196, 12.979666321274635 ], [ 10.074347252246866, 12.980613557918218 ], [ 10.078199396864193, 12.980736589001822 ], [ 10.078201285865475, 12.980736810001986 ], [ 10.081015532777656, 12.981353061420691 ], [ 10.082482749774556, 12.981774133706779 ], [ 10.088749544032567, 12.983572616928768 ], [ 10.097262703816853, 12.966420386274649 ], [ 10.103655040160106, 12.96629977619267 ], [ 10.098623263741274, 12.985513559247579 ], [ 10.109339030022113, 12.984513559568086 ], [ 10.11470000166463, 12.984513559568086 ], [ 10.115448772173409, 12.98452915157867 ], [ 10.11784877180412, 12.984629149646651 ], [ 10.122933450258927, 12.985585801296622 ], [ 10.126433448636988, 12.986785803111957 ], [ 10.12668891981059, 12.986875548172975 ], [ 10.127230259178361, 12.987080201311983 ], [ 10.130268613242777, 12.98828506413065 ], [ 10.136410590416006, 12.989413557897421 ], [ 10.13809999756387, 12.989413557897421 ], [ 10.138116354574947, 12.989413510897407 ], [ 10.138132711586081, 12.989413426897329 ], [ 10.138149068597215, 12.989413307897223 ], [ 10.138165425608292, 12.989413151897168 ], [ 10.138181781619437, 12.989412960897027 ], [ 10.138198137630525, 12.989412732896881 ], [ 10.138203589634259, 12.989412649896792 ], [ 10.138209040637946, 12.989412561896756 ], [ 10.138214491641634, 12.989412470896696 ], [ 10.138219943645367, 12.989412374896631 ], [ 10.138225395649044, 12.989412274896551 ], [ 10.138230846652789, 12.989412170896458 ], [ 10.138249925665718, 12.989411776896191 ], [ 10.138269004678705, 12.989411334895919 ], [ 10.138288081691655, 12.989410842895552 ], [ 10.138307157704617, 12.989410301895191 ], [ 10.138326231717542, 12.98940971089479 ], [ 10.138345304730535, 12.989409071894386 ], [ 10.138350753734244, 12.989408880894246 ], [ 10.138356202737953, 12.989408685894091 ], [ 10.138361650741615, 12.989408486893979 ], [ 10.138367099745324, 12.989408282893805 ], [ 10.138372548749032, 12.989408074893674 ], [ 10.138377996752752, 12.989407862893529 ], [ 10.138388892760133, 12.98940742889323 ], [ 10.138399787767526, 12.98940697889293 ], [ 10.138410682774975, 12.989406512892629 ], [ 10.138421576782378, 12.98940602989228 ], [ 10.138432469789734, 12.989405530891986 ], [ 10.138443362797148, 12.989405015891634 ], [ 10.138448808800831, 12.989404753891449 ], [ 10.138454254804572, 12.98940448689126 ], [ 10.138459700808255, 12.989404215891057 ], [ 10.138465145811949, 12.989403940890895 ], [ 10.138470591815633, 12.989403660890673 ], [ 10.138476036819384, 12.989403376890493 ], [ 10.138486925826783, 12.989402799890115 ], [ 10.138497814834125, 12.989402205889689 ], [ 10.138508701841545, 12.989401595889262 ], [ 10.138519588848965, 12.989400969888891 ], [ 10.138530474856339, 12.989400327888404 ], [ 10.138541359863723, 12.989399668887984 ], [ 10.138546801867449, 12.989399334887764 ], [ 10.138552243871118, 12.98939899688753 ], [ 10.138557685874844, 12.989398653887292 ], [ 10.138563126878523, 12.98939830688704 ], [ 10.138568567882203, 12.98939795588683 ], [ 10.138574008885939, 12.989397600886548 ], [ 10.138625723921052, 12.989394029884124 ], [ 10.138677412956156, 12.989390097881483 ], [ 10.138729073991271, 12.989385806878545 ], [ 10.138764335015253, 12.98938266987642 ], [ 10.138799580039176, 12.989379364874196 ], [ 10.138834810063145, 12.989375891871816 ], [ 10.138845659070512, 12.989374788871089 ], [ 10.138856506077843, 12.989373669870304 ], [ 10.138867351085253, 12.989372534869517 ], [ 10.138878195092616, 12.989371384868775 ], [ 10.13888903809999, 12.989370217867986 ], [ 10.138899879107328, 12.989369034867138 ], [ 10.138948639140494, 12.989363515863431 ], [ 10.138997361173551, 12.989357675859424 ], [ 10.139046044206623, 12.989351515855276 ], [ 10.139094686239673, 12.989345033850839 ], [ 10.139143285272723, 12.989338232846251 ], [ 10.139191837305702, 12.98933111084142 ], [ 10.139197228309399, 12.989330299840844 ], [ 10.139202619313039, 12.989329484840312 ], [ 10.139208010316679, 12.989328665839764 ], [ 10.139213400320386, 12.989327842839202 ], [ 10.139218790324037, 12.989327015838626 ], [ 10.139224179327698, 12.989326185838024 ], [ 10.139245727342313, 12.989322822835788 ], [ 10.139267266356967, 12.989319396833423 ], [ 10.139288794371566, 12.989315907831042 ], [ 10.139310313386204, 12.989312356828634 ], [ 10.139331821400845, 12.989308741826221 ], [ 10.13935331941542, 12.989305063823679 ], [ 10.139376985431511, 12.989300939820907 ], [ 10.139400639447558, 12.989296738818041 ], [ 10.13942427846365, 12.989292461815126 ], [ 10.13944790347972, 12.989288107812172 ], [ 10.13947151449571, 12.989283677809169 ], [ 10.139495110511746, 12.989279171806118 ], [ 10.139500352515313, 12.989278159805394 ], [ 10.139505593518891, 12.989277144804703 ], [ 10.139510833522479, 12.989276124804064 ], [ 10.139516073526011, 12.989275101803344 ], [ 10.139521312529553, 12.989274075802655 ], [ 10.139526550533105, 12.989273044801962 ], [ 10.139557980554514, 12.989266778797685 ], [ 10.139589382575821, 12.989260376793311 ], [ 10.139620757597129, 12.989253839788887 ], [ 10.139641629611333, 12.989249411785863 ], [ 10.139662488625504, 12.989244924782838 ], [ 10.139683334639642, 12.989240377779765 ], [ 10.139688548643221, 12.989239230778992 ], [ 10.139693761646754, 12.989238079778204 ], [ 10.139698973650297, 12.989236925777391 ], [ 10.139704185653841, 12.98923576777662 ], [ 10.139709395657349, 12.989234605775835 ], [ 10.139714605660913, 12.989233439775035 ], [ 10.1397302296715, 12.98922991977264 ], [ 10.13973543567505, 12.989228738771828 ], [ 10.13974064067861, 12.989227554771048 ], [ 10.139745845682114, 12.989226365770207 ], [ 10.139751048685639, 12.989225173769398 ], [ 10.139756251689221, 12.989223978768621 ], [ 10.139761453692756, 12.989222778767783 ], [ 10.139777054703359, 12.989219157765319 ], [ 10.139782253706869, 12.989217943764515 ], [ 10.139787450710401, 12.989216725763697 ], [ 10.139792647713932, 12.989215503762864 ], [ 10.139797843717474, 12.989214277762017 ], [ 10.13980303872097, 12.989213048761201 ], [ 10.139808232724533, 12.98921181576037 ], [ 10.139821213733342, 12.989208716758242 ], [ 10.139834189742146, 12.989205594756129 ], [ 10.139847160750946, 12.989202448753986 ], [ 10.139860124759764, 12.989199279751801 ], [ 10.139873083768578, 12.989196087749633 ], [ 10.139886036777398, 12.989192871747491 ], [ 10.142187224340944, 12.988172837054378 ], [ 10.143818210449126, 12.986682886042047 ], [ 10.149004444972888, 12.987647766697648 ], [ 10.154630371795463, 12.993330821559027 ], [ 10.16283037436699, 12.996930824005062 ], [ 10.16350599282606, 12.997244278218034 ], [ 10.168205995019491, 12.999544278780775 ], [ 10.168619920300728, 12.999753495922903 ], [ 10.169820587116533, 13.000379931348562 ], [ 10.174447494260278, 13.002235550609385 ], [ 10.181920145337585, 13.003569481515683 ], [ 10.186198380244434, 13.00445876611991 ], [ 10.198063351306132, 13.007126597932597 ], [ 10.202854973561841, 13.00818260565012 ], [ 10.20833111528259, 13.00979440074525 ], [ 10.220766518731864, 13.014129518690766 ], [ 10.224334274155979, 13.0148211541607 ], [ 10.225581108003155, 13.010200001020849 ] ] ] ] } },
{ "type": "Feature", "properties": { "fid": 554.0, "OBJECTID": 554.0, "lganame": "Babura", "statecode": "JI", "LGA_UID": "17_02" }, "geometry": { "type": "MultiPolygon", "coordinates": [ [ [ [ 9.032391702287043, 12.672727909724415 ], [ 9.041905218751026, 12.663556843493097 ], [ 9.04276224933335, 12.662099593502944 ], [ 9.038679020558959, 12.656631074787356 ], [ 9.036094811803139, 12.654490761333136 ], [ 9.032946077663723, 12.648602698332468 ], [ 9.039000000777037, 12.628499999673636 ], [ 9.022885368827929, 12.615894760108972 ], [ 9.004830788560696, 12.597540153637851 ], [ 9.004241930160561, 12.59724611743809 ], [ 9.004001645997334, 12.596592562994033 ], [ 9.004388384260096, 12.595704056390332 ], [ 9.004435005291782, 12.595182499035957 ], [ 8.999946352241921, 12.5872345976357 ], [ 8.996171510677129, 12.580550432094128 ], [ 8.990176423603714, 12.57955730641936 ], [ 8.985282624278625, 12.579442736341491 ], [ 8.981839266939005, 12.579144719139038 ], [ 8.96964944065661, 12.570636221357915 ], [ 8.95989365102804, 12.571480928931862 ], [ 8.957571297450102, 12.573108481037707 ], [ 8.95620072651883, 12.574688443111199 ], [ 8.952769127187253, 12.578989367033444 ], [ 8.947279409457224, 12.579281034231656 ], [ 8.936321783012033, 12.568039610593644 ], [ 8.934663721885443, 12.560993670806226 ], [ 8.931862011981821, 12.556643581850551 ], [ 8.931297259598125, 12.555689198202117 ], [ 8.928699999833384, 12.55130000021984 ], [ 8.922968626939223, 12.541614380638919 ], [ 8.929625962462524, 12.535285115338468 ], [ 8.920118773002855, 12.521711936116162 ], [ 8.918274071749465, 12.520671668409307 ], [ 8.915186918651898, 12.517535429278382 ], [ 8.909931072080781, 12.514407061152838 ], [ 8.908958960420307, 12.51324287736179 ], [ 8.898374255228475, 12.500566494748796 ], [ 8.891392902484995, 12.497242731490473 ], [ 8.881635264855106, 12.484926523122169 ], [ 8.877864803293278, 12.480797871316952 ], [ 8.876798877569001, 12.47861961483693 ], [ 8.864328859096247, 12.462357335787488 ], [ 8.862281936705415, 12.45813783892055 ], [ 8.877701840182567, 12.427770232287173 ], [ 8.863223076344923, 12.423219681195292 ], [ 8.851551056414337, 12.419619559749151 ], [ 8.845591147364814, 12.415162890721092 ], [ 8.830617324190825, 12.401177184218454 ], [ 8.823451808322204, 12.400145984517792 ], [ 8.821081088711423, 12.399937375376055 ], [ 8.820480812303515, 12.402380276035899 ], [ 8.813617809640448, 12.400087951478383 ], [ 8.804193558237102, 12.392928246613678 ], [ 8.798033714051769, 12.386730194402389 ], [ 8.795099049057853, 12.382300602392718 ], [ 8.793800000175167, 12.383699998343502 ], [ 8.792059667992703, 12.385509644573062 ], [ 8.789000000913802, 12.388399999536944 ], [ 8.785428328487001, 12.391577953696242 ], [ 8.785007097200833, 12.392608819396628 ], [ 8.780443071099796, 12.387134676677249 ], [ 8.774043544751578, 12.403343812690593 ], [ 8.764131368016763, 12.419514538677845 ], [ 8.763844510821855, 12.41993127396097 ], [ 8.757424222459576, 12.421266085867899 ], [ 8.738697937735935, 12.417236774130174 ], [ 8.733380615123053, 12.423411892325873 ], [ 8.729479669472539, 12.425498247743462 ], [ 8.713191951405804, 12.41797200962975 ], [ 8.709885424159154, 12.415942698250944 ], [ 8.705752963351358, 12.425085757463194 ], [ 8.704897314769994, 12.427314030977186 ], [ 8.703471235801032, 12.429727971617353 ], [ 8.701823772681678, 12.4313209156997 ], [ 8.695567821431041, 12.442824899516097 ], [ 8.695530940406002, 12.444803024860164 ], [ 8.696103199794777, 12.446691524143318 ], [ 8.697858051987112, 12.451420703356575 ], [ 8.698853930663802, 12.454577904501718 ], [ 8.688556913667469, 12.468468453939693 ], [ 8.687487107940569, 12.482753999646036 ], [ 8.693213608831456, 12.494584264684192 ], [ 8.69708775446378, 12.495104719037784 ], [ 8.697887324007013, 12.496094316710185 ], [ 8.700100001510464, 12.498599999412647 ], [ 8.70497993382611, 12.502458930034607 ], [ 8.71039813350751, 12.513999191875712 ], [ 8.71447844027989, 12.523502502332747 ], [ 8.718106491745004, 12.537965012159361 ], [ 8.721848981287849, 12.540026872560304 ], [ 8.728150471569393, 12.546003584621189 ], [ 8.737576066973645, 12.550970528996004 ], [ 8.735449065528485, 12.553346961610657 ], [ 8.729983676814982, 12.559105350523225 ], [ 8.719116211431071, 12.566590308608909 ], [ 8.713544501645345, 12.567767539408749 ], [ 8.691922027953865, 12.572209767427069 ], [ 8.689577883361153, 12.569316073460925 ], [ 8.683174450010313, 12.561931061443147 ], [ 8.660819747821336, 12.558864814359765 ], [ 8.645744572578451, 12.559826922013485 ], [ 8.646189973881121, 12.563584931566879 ], [ 8.646911227371163, 12.567984574556249 ], [ 8.648065232155261, 12.575211531466607 ], [ 8.648667600564522, 12.583509466104658 ], [ 8.640747477183197, 12.592996530550693 ], [ 8.644367962643116, 12.612484215791653 ], [ 8.647794975971635, 12.618468563857732 ], [ 8.648323576330768, 12.632947823695702 ], [ 8.648525592468047, 12.636747867277677 ], [ 8.65270374730693, 12.641437237463833 ], [ 8.654458183498946, 12.645194942017042 ], [ 8.655718342355215, 12.645133364975209 ], [ 8.656849300123611, 12.645101403953504 ], [ 8.657210590369118, 12.647262635421953 ], [ 8.657713930711111, 12.6594101316756 ], [ 8.673139122191799, 12.661487886087343 ], [ 8.683235757051989, 12.663157559221816 ], [ 8.688742450793541, 12.668596704917434 ], [ 8.69811368416083, 12.675193264399468 ], [ 8.699281819954535, 12.683369858955132 ], [ 8.701111221197493, 12.687008151427165 ], [ 8.70120000125786, 12.68699999942163 ], [ 8.712407232872636, 12.680555802043102 ], [ 8.722789650926984, 12.682716999511513 ], [ 8.722946408033522, 12.669944930833481 ], [ 8.726036244132899, 12.669991308865008 ], [ 8.73074230333043, 12.669666659644406 ], [ 8.735782212754827, 12.668837403081 ], [ 8.742292884178539, 12.666933685787512 ], [ 8.744812942890803, 12.666652040596148 ], [ 8.752371159026211, 12.672681243692693 ], [ 8.759254548703154, 12.673896188518199 ], [ 8.794037084336253, 12.672949131874702 ], [ 8.804685135571106, 12.673134643000765 ], [ 8.816793813798427, 12.674165280701004 ], [ 8.823927400645346, 12.674430193881051 ], [ 8.828626986838458, 12.675935545903826 ], [ 8.829171408208367, 12.672650937672131 ], [ 8.829696792565358, 12.670503713213179 ], [ 8.831029291470713, 12.670419955156262 ], [ 8.833338320039616, 12.670766405391646 ], [ 8.835774887695152, 12.671689636018925 ], [ 8.836641012283621, 12.671451689857292 ], [ 8.838344706441205, 12.671625548975385 ], [ 8.840160710675093, 12.672162355340163 ], [ 8.84029776776822, 12.67285906181354 ], [ 8.84071769505357, 12.673677216369413 ], [ 8.842735478424515, 12.67410551866044 ], [ 8.844986447953943, 12.674636614021267 ], [ 8.846742490147108, 12.675150578370506 ], [ 8.847932220955499, 12.675345693503061 ], [ 8.848374800256181, 12.675926281897546 ], [ 8.849164780792933, 12.676844753521607 ], [ 8.849570876068867, 12.677318742843681 ], [ 8.849662247130937, 12.677615699045418 ], [ 8.849730776177523, 12.677906945243308 ], [ 8.849942072321085, 12.678158216414033 ], [ 8.850290424557784, 12.678495147642991 ], [ 8.850491907694675, 12.678794437846307 ], [ 8.864637002305585, 12.669043436220988 ], [ 8.872461943622284, 12.680015776676157 ], [ 8.883529119141883, 12.696092996599873 ], [ 8.896856077196958, 12.6989857705654 ], [ 8.908359776013185, 12.701953634581912 ], [ 8.923190992090269, 12.707054570047774 ], [ 8.951332270210969, 12.738121688156411 ], [ 8.954501827364538, 12.744334127377442 ], [ 8.969963653870082, 12.775642815650258 ], [ 8.971254165746927, 12.785102119077408 ], [ 8.982868786638562, 12.80676876979885 ], [ 9.014994860466686, 12.809146656414555 ], [ 9.01818944663728, 12.809691493784726 ], [ 9.035780845589784, 12.814187276839391 ], [ 9.047338500442663, 12.81615732917794 ], [ 9.053905349904539, 12.806144245374526 ], [ 9.055086442707022, 12.800173779317902 ], [ 9.058241311850622, 12.799299196723666 ], [ 9.069048141193377, 12.799056850558998 ], [ 9.069512838509127, 12.788318505262794 ], [ 9.086506940055813, 12.774179287655841 ], [ 9.081797832856182, 12.758140699758371 ], [ 9.079878184551887, 12.74335245871049 ], [ 9.0796143713726, 12.741320069329561 ], [ 9.079212533099565, 12.738224325226156 ], [ 9.080054262671524, 12.735431312328444 ], [ 9.073933516512739, 12.731496577654923 ], [ 9.067544266171524, 12.727389171864161 ], [ 9.062114104482021, 12.717172304922258 ], [ 9.059618467786322, 12.710008066054513 ], [ 9.045001163854579, 12.701104653005075 ], [ 9.039979496442584, 12.698751600406297 ], [ 9.012655296877085, 12.690094117523927 ], [ 9.016479597475495, 12.68587074565437 ], [ 9.021249871716691, 12.679182489109962 ], [ 9.032391702287043, 12.672727909724415 ] ] ] ] } },
{ "type": "Feature", "properties": { "fid": 568.0, "OBJECTID": 568.0, "lganame": "Garki", "statecode": "JI", "LGA_UID": "17_08" }, "geometry": { "type": "MultiPolygon", "coordinates": [ [ [ [ 9.008891935320037, 12.586679522258578 ], [ 9.012064958475946, 12.582364887327003 ], [ 9.016949275794616, 12.582608457492483 ], [ 9.017976489492582, 12.572913227905019 ], [ 9.031599191748569, 12.568665439018844 ], [ 9.050568507637308, 12.564155652954639 ], [ 9.063831036648594, 12.559423053739067 ], [ 9.077586644994881, 12.550346106571737 ], [ 9.08786045697542, 12.538682106646604 ], [ 9.091568261494729, 12.534575479856301 ], [ 9.092381100047021, 12.530329664971475 ], [ 9.095997880504456, 12.524642753107514 ], [ 9.099638455978038, 12.523191282121275 ], [ 9.104944653583345, 12.525975251012881 ], [ 9.108752505170628, 12.529146279167435 ], [ 9.11830444466068, 12.53852899354257 ], [ 9.12380193339601, 12.543356737822762 ], [ 9.142881353359542, 12.538742578687675 ], [ 9.158152275735404, 12.535436402441292 ], [ 9.167385418008905, 12.535119281225832 ], [ 9.19114518515255, 12.519917535896923 ], [ 9.19327847260206, 12.495196537100185 ], [ 9.202703718006035, 12.488981766877544 ], [ 9.215756109874519, 12.491512622597156 ], [ 9.224860030060199, 12.464119758984964 ], [ 9.234599959678064, 12.466425223551425 ], [ 9.242016799717419, 12.471745138166057 ], [ 9.242016859717467, 12.471745133166053 ], [ 9.246812138975656, 12.462129035632358 ], [ 9.250072910191193, 12.454519459462006 ], [ 9.252006532504993, 12.448746442539516 ], [ 9.25482416541945, 12.44020253373435 ], [ 9.256464154533717, 12.436999542558056 ], [ 9.258496828914815, 12.434707597000795 ], [ 9.259755436769979, 12.433288440036563 ], [ 9.259974022918527, 12.429782009654105 ], [ 9.276892357413715, 12.429944521764526 ], [ 9.27655225618264, 12.432545226531545 ], [ 9.27926180402369, 12.433322782059861 ], [ 9.279900000457303, 12.432500000500852 ], [ 9.281699999680313, 12.432700000636714 ], [ 9.282299999087968, 12.432899999772587 ], [ 9.283000000563618, 12.432799998704638 ], [ 9.284100000311014, 12.432100002229049 ], [ 9.285352160161779, 12.431661959931432 ], [ 9.286252482773477, 12.431537769847012 ], [ 9.287806906829644, 12.430903376415984 ], [ 9.301729887289696, 12.43214954326271 ], [ 9.308682020013293, 12.43470270199748 ], [ 9.314029812646879, 12.43122111463191 ], [ 9.317357329907793, 12.429016086133686 ], [ 9.324903662035183, 12.427217231911413 ], [ 9.34576005820611, 12.428203701581708 ], [ 9.353263112304091, 12.425712408888955 ], [ 9.371161737465343, 12.417097670035673 ], [ 9.398737829201991, 12.408890840459492 ], [ 9.401772994264263, 12.3976211408023 ], [ 9.404130823866296, 12.396502684042332 ], [ 9.420868300238624, 12.384214412693041 ], [ 9.441119658998446, 12.384033503570095 ], [ 9.45035105027074, 12.384552028922428 ], [ 9.465549235597223, 12.377615081209115 ], [ 9.476653362141974, 12.381423354796652 ], [ 9.481662248545263, 12.380025890847151 ], [ 9.497401887239619, 12.375854774013078 ], [ 9.508525297797462, 12.373208174214824 ], [ 9.514663657968185, 12.37180986326473 ], [ 9.534899997717787, 12.367199998132548 ], [ 9.516451621183023, 12.35701355121131 ], [ 9.507068750807775, 12.351865483713482 ], [ 9.50519244853291, 12.350664793897636 ], [ 9.48193648673157, 12.347284998601253 ], [ 9.469584971339316, 12.345165777161355 ], [ 9.466899754514827, 12.343537637055078 ], [ 9.44542216292183, 12.334444529876748 ], [ 9.440112068313852, 12.330652576300281 ], [ 9.43213280289234, 12.327047732850986 ], [ 9.416788311466462, 12.315087948724852 ], [ 9.407749926325323, 12.330032816879168 ], [ 9.401213732884287, 12.336998644612152 ], [ 9.395747100169956, 12.340481489978572 ], [ 9.38792228985335, 12.345666556501556 ], [ 9.367236167798126, 12.336267932115675 ], [ 9.357361824088969, 12.325737130960476 ], [ 9.348186772854945, 12.309002724590243 ], [ 9.341128298059061, 12.29287860963467 ], [ 9.335579580288936, 12.285481876608912 ], [ 9.331345738412267, 12.287822943199558 ], [ 9.313413025227817, 12.298362504360682 ], [ 9.290627456746108, 12.307203275367613 ], [ 9.28455983562344, 12.299113114870693 ], [ 9.263234954134191, 12.314040533013213 ], [ 9.263202668112228, 12.314156289091841 ], [ 9.238112096064356, 12.320531765423652 ], [ 9.222171678233622, 12.329290646374943 ], [ 9.221209311579742, 12.329819433734201 ], [ 9.216503254382189, 12.335392115520563 ], [ 9.180423470867652, 12.337272868798493 ], [ 9.166137972161323, 12.340358145894754 ], [ 9.166096811133343, 12.340367035900783 ], [ 9.16552095174211, 12.34019845878629 ], [ 9.158421815918587, 12.333562369277331 ], [ 9.145609148212941, 12.325633018889732 ], [ 9.13853364440547, 12.342232950168636 ], [ 9.12662588831472, 12.339655666417457 ], [ 9.123552732226642, 12.338362526538845 ], [ 9.117855507355671, 12.334849314151768 ], [ 9.115059467455922, 12.333239634058089 ], [ 9.106415454582702, 12.32489565438874 ], [ 9.093797951009719, 12.3222415965854 ], [ 9.08355832205234, 12.325863287046218 ], [ 9.072215455345429, 12.326204344277926 ], [ 9.063521922438554, 12.32558464585685 ], [ 9.057033264029826, 12.324888041383531 ], [ 9.049213049716343, 12.322656511867365 ], [ 9.01515964357867, 12.320237596223819 ], [ 9.010157926180227, 12.318657549150259 ], [ 8.99753132060107, 12.316175043463488 ], [ 8.990652294927088, 12.313672578763203 ], [ 8.985833885653165, 12.313672578763203 ], [ 8.981848288945173, 12.314862308571549 ], [ 8.972508904599465, 12.315159741773641 ], [ 8.958103123811441, 12.313822561865095 ], [ 8.955084093760149, 12.306890882155358 ], [ 8.953542202712526, 12.307290631426952 ], [ 8.951029492005262, 12.307062203271755 ], [ 8.949658923074026, 12.306376917806119 ], [ 8.946803570133909, 12.305006348874883 ], [ 8.945090357969889, 12.304549491564444 ], [ 8.94463350065945, 12.302607852245217 ], [ 8.942463433185026, 12.302322317051221 ], [ 8.941321291408997, 12.302036780857179 ], [ 8.940064935555313, 12.301637031585585 ], [ 8.937152475576454, 12.301522817507987 ], [ 8.930706230196506, 12.300222775624661 ], [ 8.93058844711652, 12.299983640462187 ], [ 8.930499217055853, 12.299837303362779 ], [ 8.930392140983145, 12.299712381277857 ], [ 8.930324326937068, 12.299530352154193 ], [ 8.930263650895824, 12.299398292064495 ], [ 8.930149435818237, 12.299212693938387 ], [ 8.930163712827891, 12.299030665814712 ], [ 8.930142297813347, 12.29883435968128 ], [ 8.930145866815792, 12.29865589956006 ], [ 8.93013159080607, 12.298473872436375 ], [ 8.930135159808515, 12.298070553162347 ], [ 8.930195835849759, 12.297752894946484 ], [ 8.927215846824993, 12.299067213839521 ], [ 8.925527785678014, 12.302276453020056 ], [ 8.909896061056997, 12.300987923144532 ], [ 8.905423822018349, 12.302300787036586 ], [ 8.872249176477737, 12.303996951189049 ], [ 8.872249074477622, 12.303996964189082 ], [ 8.839623244309905, 12.308195393041672 ], [ 8.825145134472734, 12.302385559094205 ], [ 8.816008003264471, 12.302004844835494 ], [ 8.787930364187048, 12.277258450021463 ], [ 8.774605382133359, 12.275354880728116 ], [ 8.770331926229744, 12.279248977373982 ], [ 8.761107337962073, 12.287673562098064 ], [ 8.758340382082054, 12.293422604004263 ], [ 8.734272263728883, 12.294379288654284 ], [ 8.733289299061028, 12.294382764656632 ], [ 8.732797037726527, 12.294545592767292 ], [ 8.731648467946115, 12.294806122944294 ], [ 8.728057302506102, 12.294814791950216 ], [ 8.723540750437337, 12.294803305942423 ], [ 8.724195598882261, 12.301073809202933 ], [ 8.7244570470599, 12.302304588039192 ], [ 8.724884871350582, 12.302978031496764 ], [ 8.725051033463501, 12.305490923204104 ], [ 8.73403687656895, 12.305863260457102 ], [ 8.740233420779191, 12.315799713208492 ], [ 8.751808166643684, 12.328599929905636 ], [ 8.746864353284593, 12.331983608204666 ], [ 8.755630469240771, 12.343993653364919 ], [ 8.780027501817415, 12.341198901466043 ], [ 8.782957592808259, 12.366204737456314 ], [ 8.78649521021191, 12.370470047354388 ], [ 8.791106224344901, 12.377440453090458 ], [ 8.793422699918835, 12.379770278673448 ], [ 8.794586702709694, 12.38152725686723 ], [ 8.795099049057853, 12.382300602392718 ], [ 8.798033714051769, 12.386730194402389 ], [ 8.804193558237102, 12.392928246613678 ], [ 8.813617809640448, 12.400087951478383 ], [ 8.820480812303515, 12.402380276035899 ], [ 8.821081088711423, 12.399937375376055 ], [ 8.823451808322204, 12.400145984517792 ], [ 8.830617324190825, 12.401177184218454 ], [ 8.845591147364814, 12.415162890721092 ], [ 8.851551056414337, 12.419619559749151 ], [ 8.863223076344923, 12.423219681195292 ], [ 8.877701840182567, 12.427770232287173 ], [ 8.862281936705415, 12.45813783892055 ], [ 8.864328859096247, 12.462357335787488 ], [ 8.876798877569001, 12.47861961483693 ], [ 8.877864803293278, 12.480797871316952 ], [ 8.881635264855106, 12.484926523122169 ], [ 8.891392902484995, 12.497242731490473 ], [ 8.898374255228475, 12.500566494748796 ], [ 8.908958960420307, 12.51324287736179 ], [ 8.909931072080781, 12.514407061152838 ], [ 8.915186918651898, 12.517535429278382 ], [ 8.918274071749465, 12.520671668409307 ], [ 8.920118773002855, 12.521711936116162 ], [ 8.929625962462524, 12.535285115338468 ], [ 8.922968626939223, 12.541614380638919 ], [ 8.928699999833384, 12.55130000021984 ], [ 8.931297259598125, 12.555689198202117 ], [ 8.931862011981821, 12.556643581850551 ], [ 8.934663721885443, 12.560993670806226 ], [ 8.936321783012033, 12.568039610593644 ], [ 8.947279409457224, 12.579281034231656 ], [ 8.952769127187253, 12.578989367033444 ], [ 8.95620072651883, 12.574688443111199 ], [ 8.957571297450102, 12.573108481037707 ], [ 8.95989365102804, 12.571480928931862 ], [ 8.96964944065661, 12.570636221357915 ], [ 8.981839266939005, 12.579144719139038 ], [ 8.985282624278625, 12.579442736341491 ], [ 8.990176423603714, 12.57955730641936 ], [ 8.996171510677129, 12.580550432094128 ], [ 8.999946352241921, 12.5872345976357 ], [ 9.008891935320037, 12.586679522258578 ] ] ] ] } },
{ "type": "Feature", "properties": { "fid": 575.0, "OBJECTID": 575.0, "lganame": "Guri", "statecode": "JI", "LGA_UID": "17_10" }, "geometry": { "type": "MultiPolygon", "coordinates": [ [ [ [ 10.471947326397412, 12.793559745823984 ], [ 10.475218500620031, 12.790039291431981 ], [ 10.477352163069781, 12.790426071694753 ], [ 10.479063457232485, 12.790481699732595 ], [ 10.480660664317725, 12.791371741337286 ], [ 10.480805081415838, 12.792691772234207 ], [ 10.481573354937836, 12.794153100227106 ], [ 10.482143786325423, 12.796878801079117 ], [ 10.482714216713021, 12.798936965477537 ], [ 10.484197338720719, 12.79910384159092 ], [ 10.486707237426117, 12.799326344742099 ], [ 10.48881783286015, 12.801273238064937 ], [ 10.490928429294172, 12.801885116480662 ], [ 10.493381282960797, 12.802385740820796 ], [ 10.496290482937468, 12.80310886631213 ], [ 10.499713071262931, 12.803831988803438 ], [ 10.501609755551669, 12.805519265949897 ], [ 10.502964530472184, 12.807048931989243 ], [ 10.502893226423737, 12.808578588028581 ], [ 10.501966274793915, 12.809273882500975 ], [ 10.499256725952876, 12.809691058784438 ], [ 10.496048049772753, 12.810316822209586 ], [ 10.494621971803781, 12.81080352454029 ], [ 10.493837628270853, 12.811776929201699 ], [ 10.493816832256755, 12.81303134005401 ], [ 10.493711856185428, 12.814161173821674 ], [ 10.493757412216326, 12.814798513254686 ], [ 10.494440740680659, 12.815377911648397 ], [ 10.495064650104553, 12.815870398983009 ], [ 10.495926238689947, 12.815899369002693 ], [ 10.496956788390207, 12.815751031901868 ], [ 10.49845352840714, 12.81553559075553 ], [ 10.499610275193106, 12.81520409153029 ], [ 10.500858093040904, 12.814595724116941 ], [ 10.50216533192912, 12.814248083880727 ], [ 10.503116717575551, 12.814137671805668 ], [ 10.503858800079797, 12.814132202802 ], [ 10.504958068826681, 12.815030273412162 ], [ 10.506384146795654, 12.815957309042062 ], [ 10.507691385683813, 12.816681552534135 ], [ 10.509028333592255, 12.817347855986839 ], [ 10.510127603339129, 12.818072097478932 ], [ 10.511226872086013, 12.818709426911994 ], [ 10.512118170691622, 12.819317785325325 ], [ 10.512801500155888, 12.819578509502492 ], [ 10.513336278519262, 12.819462633423768 ], [ 10.51386010587521, 12.819186505236132 ], [ 10.514405838245978, 12.818883244030076 ], [ 10.515653656093832, 12.818825304990696 ], [ 10.516693504800344, 12.818448700734848 ], [ 10.517971033668346, 12.818216944577387 ], [ 10.519070303415276, 12.818014158439553 ], [ 10.520050731081426, 12.817898279360861 ], [ 10.521120289808152, 12.817869310341166 ], [ 10.522100719474281, 12.818159004538018 ], [ 10.522932598039517, 12.818101066498627 ], [ 10.523913026705657, 12.817927249380546 ], [ 10.52483403633147, 12.817637553183715 ], [ 10.525606494856333, 12.817840340321482 ], [ 10.525873885037981, 12.81856457881355 ], [ 10.526200694260012, 12.819172938226927 ], [ 10.526557213502258, 12.819694387581194 ], [ 10.527032572825249, 12.819549541482786 ], [ 10.52718320492761, 12.818956309079738 ], [ 10.527091992865621, 12.818159004538018 ], [ 10.527032572825249, 12.817492705085272 ], [ 10.527389093067484, 12.817029189770324 ], [ 10.528042711511603, 12.816826401632568 ], [ 10.528815171036456, 12.816623614494745 ], [ 10.530122409924672, 12.81659464447506 ], [ 10.531251388691771, 12.816971249730955 ], [ 10.531934718156037, 12.817927249380546 ], [ 10.532320947418441, 12.81856457881355 ], [ 10.532707176680901, 12.819086030167853 ], [ 10.533509346225912, 12.819520571463102 ], [ 10.534044124589286, 12.819984081778045 ], [ 10.534668035013226, 12.820621407211092 ], [ 10.53529194443712, 12.821229760624419 ], [ 10.535826722800493, 12.821925021096831 ], [ 10.536302083123473, 12.82253337151019 ], [ 10.536866571507005, 12.823112752903853 ], [ 10.5373716418502, 12.823547287199062 ], [ 10.537698451072231, 12.823605225238452 ], [ 10.538530329637467, 12.822475434470789 ], [ 10.53915424006135, 12.822040897175555 ], [ 10.539926698586214, 12.821925021096831 ], [ 10.540669448090853, 12.821287698663809 ], [ 10.541620166736834, 12.820476560112638 ], [ 10.542570886382805, 12.819897172718981 ], [ 10.543462184988414, 12.819578509502492 ], [ 10.544204934493052, 12.819926142738666 ], [ 10.544858552937171, 12.820302743994546 ], [ 10.545571592421652, 12.820505529132333 ], [ 10.546106371785015, 12.820592437191408 ], [ 10.546700571188751, 12.820592437191408 ], [ 10.546670861168536, 12.820099958856758 ], [ 10.546284630906143, 12.819636448541871 ], [ 10.546284630906143, 12.819259847285991 ], [ 10.547027381410771, 12.81862251785293 ], [ 10.547948389036549, 12.817550644124651 ], [ 10.548839687642158, 12.816247007238871 ], [ 10.54952301810647, 12.815348941628713 ], [ 10.549938957389088, 12.814508814057888 ], [ 10.550116589509742, 12.813748850541515 ], [ 10.550681705893737, 12.81329207123116 ], [ 10.551246196277305, 12.813234131191791 ], [ 10.552107784862699, 12.812770607876814 ], [ 10.552820824347179, 12.812162234463472 ], [ 10.55305850350868, 12.811119301754843 ], [ 10.553801253013319, 12.810771657518615 ], [ 10.554989650820801, 12.810424012282454 ], [ 10.555880950426399, 12.809989454987146 ], [ 10.556772249031951, 12.80987357290843 ], [ 10.558079487920168, 12.809467985632864 ], [ 10.558406297142255, 12.808656808081707 ], [ 10.558673687323903, 12.807555921333687 ], [ 10.55926788572765, 12.806715766762863 ], [ 10.559000496545991, 12.806368115526652 ], [ 10.558822237424863, 12.805962523251083 ], [ 10.558988915538066, 12.80546858891546 ], [ 10.559683826010257, 12.805209275739287 ], [ 10.55959469594967, 12.803442035538524 ], [ 10.559713536030415, 12.802543924928273 ], [ 10.560278025413993, 12.801761697396785 ], [ 10.560515704575494, 12.800950494845608 ], [ 10.560515704575494, 12.799965461176328 ], [ 10.560426574514906, 12.799328082743273 ], [ 10.561109903979229, 12.798951451487369 ], [ 10.560604834636024, 12.798458930152719 ], [ 10.560877086820994, 12.798027268859414 ], [ 10.561407004181092, 12.797705660640929 ], [ 10.562120042665526, 12.797995379837744 ], [ 10.562833082150007, 12.797908464778686 ], [ 10.563783800795989, 12.79721313830629 ], [ 10.564170031058438, 12.796923418109429 ], [ 10.564318581159341, 12.796141172577904 ], [ 10.56529900982548, 12.795069202849561 ], [ 10.565744659128313, 12.794402841396789 ], [ 10.566487407632962, 12.794142090219623 ], [ 10.567259867157816, 12.793794421983421 ], [ 10.567764936500964, 12.793765449963701 ], [ 10.568418555945073, 12.794142090219623 ], [ 10.569012755348808, 12.793997229121203 ], [ 10.56865815310789, 12.785689930476792 ], [ 10.572139168473086, 12.770056513854627 ], [ 10.573010124064865, 12.761505401044531 ], [ 10.576397403366343, 12.745335923058121 ], [ 10.580675638273192, 12.736099911782674 ], [ 10.584117141611557, 12.711429580020365 ], [ 10.598615605462555, 12.706096874397019 ], [ 10.598615605462555, 12.703082686349035 ], [ 10.597543936734439, 12.702325452834543 ], [ 10.598722531535202, 12.701030927954946 ], [ 10.599821799282097, 12.700210880397776 ], [ 10.599886462326083, 12.698886182497745 ], [ 10.600403763677548, 12.697561476597627 ], [ 10.600145112501821, 12.695164374968954 ], [ 10.600145112501821, 12.693082661554513 ], [ 10.59956314810637, 12.689802353325661 ], [ 10.598722531535202, 12.686143496839691 ], [ 10.598269893227666, 12.68336777795372 ], [ 10.598027948063304, 12.68022321481709 ], [ 10.59631260889779, 12.663304397321554 ], [ 10.59411411740399, 12.66408815785411 ], [ 10.592319590184729, 12.664139229888804 ], [ 10.592152728071369, 12.664119495875411 ], [ 10.589182218052997, 12.663768192636724 ], [ 10.586805420438111, 12.663582674510621 ], [ 10.583668048306379, 12.661541965124059 ], [ 10.58233704140207, 12.659686759863575 ], [ 10.582432113466666, 12.65644011765761 ], [ 10.582717328660408, 12.653935537955874 ], [ 10.581671537949887, 12.650688822749885 ], [ 10.581006035497694, 12.647813126795995 ], [ 10.582812400725061, 12.645679525346281 ], [ 10.585474413533746, 12.643453138833593 ], [ 10.588794794789806, 12.642157219953049 ], [ 10.59649678102295, 12.616869896771505 ], [ 10.596484423014545, 12.590757267029176 ], [ 10.594464145641837, 12.590583293910981 ], [ 10.592914715589075, 12.590011503522476 ], [ 10.592087348026951, 12.588785564689545 ], [ 10.591552568663587, 12.587393766743844 ], [ 10.592282246159357, 12.585268940300125 ], [ 10.593080849701948, 12.583654431203172 ], [ 10.593194935779479, 12.582206932219663 ], [ 10.592681548430676, 12.580982118387453 ], [ 10.59119842642292, 12.579645951479563 ], [ 10.590000519609021, 12.578421124647377 ], [ 10.588517398601311, 12.57624982917207 ], [ 10.587664091021509, 12.574772775168469 ], [ 10.586863148477335, 12.573243388129356 ], [ 10.585950457857223, 12.571573127994498 ], [ 10.585437068508384, 12.569902856859585 ], [ 10.585722284702172, 12.568009869573416 ], [ 10.586463846206016, 12.566562281589825 ], [ 10.587832881136194, 12.565838485098084 ], [ 10.589601218337691, 12.565226039681932 ], [ 10.591027297306653, 12.56511468660625 ], [ 10.592966762624428, 12.565560100908897 ], [ 10.594735099825925, 12.565504424871108 ], [ 10.596446393988685, 12.565003332530637 ], [ 10.598043602073915, 12.564669271303615 ], [ 10.599543773093217, 12.564343884082575 ], [ 10.599583767120407, 12.56433520907666 ], [ 10.600781672934318, 12.56472494834145 ], [ 10.601946039725419, 12.564675815308078 ], [ 10.602550010135815, 12.562609212903908 ], [ 10.601808448631971, 12.560827527693334 ], [ 10.600667585856797, 12.559435577747593 ], [ 10.59986627331233, 12.558783795304748 ], [ 10.599298550926619, 12.558322012990971 ], [ 10.598043602073915, 12.557987941763997 ], [ 10.596446393988685, 12.55860040518013 ], [ 10.594630935755163, 12.558712441256262 ], [ 10.594464673642221, 12.558081271827405 ], [ 10.594278754515869, 12.557375479347854 ], [ 10.594678056787188, 12.555760794250716 ], [ 10.595134402097244, 12.554090421115802 ], [ 10.595419618291032, 12.552197316829506 ], [ 10.594335797554663, 12.550137160429756 ], [ 10.591939986926775, 12.547464497613817 ], [ 10.589487132260217, 12.544903170873511 ], [ 10.587001629571432, 12.542504460243663 ], [ 10.586349760128485, 12.540727041036007 ], [ 10.58600750089596, 12.538611108598332 ], [ 10.586463846206016, 12.537553135879477 ], [ 10.587661752019926, 12.537274721690324 ], [ 10.589087829988898, 12.537107672576838 ], [ 10.590285735802809, 12.538221330333499 ], [ 10.59159772769425, 12.53916793497666 ], [ 10.59279563350816, 12.539947488506357 ], [ 10.594335797554663, 12.540170217657703 ], [ 10.595647791446083, 12.539947488506357 ], [ 10.596902740298731, 12.538778156711828 ], [ 10.598100645112652, 12.537608818917306 ], [ 10.5988992486553, 12.5357712776688 ], [ 10.598157688151446, 12.534156457571612 ], [ 10.596218221833681, 12.533488254117572 ], [ 10.593993540322117, 12.533321202004117 ], [ 10.592416964250901, 12.532672167563135 ], [ 10.590627995035334, 12.530871104339383 ], [ 10.590423113896179, 12.529063772111385 ], [ 10.589087829988898, 12.527919818334112 ], [ 10.589144873027635, 12.526750430539551 ], [ 10.589715305415211, 12.525692409820692 ], [ 10.590970254267916, 12.525915150972025 ], [ 10.592624504391893, 12.525915150972025 ], [ 10.594050583360854, 12.52546966766937 ], [ 10.595933005639893, 12.52463438410183 ], [ 10.59770134284139, 12.52385478257213 ], [ 10.598214732190172, 12.522003223314073 ], [ 10.597049713398633, 12.520150185055002 ], [ 10.595219967155401, 12.521028711651923 ], [ 10.593936497283323, 12.520680671415448 ], [ 10.592510418314362, 12.519845371847907 ], [ 10.59119842642292, 12.518397512864169 ], [ 10.591155874394019, 12.517561504296111 ], [ 10.591654770732987, 12.516225711388529 ], [ 10.591782855820043, 12.516129873323393 ], [ 10.592488910299778, 12.515601576964457 ], [ 10.594506927670921, 12.514722144366885 ], [ 10.596788653221267, 12.514499393215544 ], [ 10.598728119539032, 12.514165264988549 ], [ 10.600838715973055, 12.514109577950705 ], [ 10.602378880019558, 12.51500058255607 ], [ 10.604375390376049, 12.51500058255607 ], [ 10.605630339228753, 12.514555081253377 ], [ 10.605288079996228, 12.512940128156117 ], [ 10.605231036957434, 12.511714985323692 ], [ 10.604660605569848, 12.510656901604762 ], [ 10.602550010135815, 12.510656901604762 ], [ 10.601009845089322, 12.511380854096672 ], [ 10.599241507887825, 12.511547919210159 ], [ 10.597016826376262, 12.511714985323692 ], [ 10.594906229942239, 12.51132516505885 ], [ 10.592852676546954, 12.510100015226385 ], [ 10.59051390795787, 12.50494874772636 ], [ 10.592296506169021, 12.502929981354669 ], [ 10.594578231719368, 12.501328878266804 ], [ 10.595933005639893, 12.499727766178921 ], [ 10.596503438027469, 12.49784818590183 ], [ 10.60559194720264, 12.488953508858344 ], [ 10.60331022165235, 12.488675041669126 ], [ 10.602510816109202, 12.488344834444774 ], [ 10.602429973054257, 12.488232480368424 ], [ 10.602440041061072, 12.488128117297492 ], [ 10.602544188131844, 12.487956462180875 ], [ 10.602839241332333, 12.487556712909281 ], [ 10.603229471597501, 12.487071302579466 ], [ 10.602458527073679, 12.485948196816366 ], [ 10.601678063543375, 12.485110627247252 ], [ 10.600669171857874, 12.48481557404682 ], [ 10.59981256627583, 12.484653770936859 ], [ 10.599222459874909, 12.484682323956292 ], [ 10.598499104383393, 12.484872681085619 ], [ 10.597174418483348, 12.485389253436608 ], [ 10.596414695967155, 12.485291466370143 ], [ 10.595377251262278, 12.485205806311967 ], [ 10.595196412139387, 12.485472305493033 ], [ 10.594946713969705, 12.485627046598154 ], [ 10.594753751838596, 12.485542267540552 ], [ 10.593684193111926, 12.484358765736431 ], [ 10.592258114142965, 12.48317525793226 ], [ 10.590760732125545, 12.482270219317343 ], [ 10.589120742011232, 12.48192212608086 ], [ 10.587266839751635, 12.481643651891602 ], [ 10.585199026346629, 12.481782888986231 ], [ 10.583772948377657, 12.48171326993895 ], [ 10.582669732628119, 12.480853090354458 ], [ 10.582132958263401, 12.480112035850993 ], [ 10.581776438021166, 12.478441172715691 ], [ 10.581206006633579, 12.476909538675045 ], [ 10.579851232713054, 12.475795616918163 ], [ 10.578639065889433, 12.475238654539737 ], [ 10.577141683872071, 12.474751311208593 ], [ 10.575786908951557, 12.474820932255909 ], [ 10.574931262370171, 12.475517135728921 ], [ 10.574503439079479, 12.476631059485783 ], [ 10.573719095546551, 12.47718801786425 ], [ 10.572649536819824, 12.477118398816913 ], [ 10.571865194286943, 12.476213338202001 ], [ 10.571651282141602, 12.474960173350496 ], [ 10.571508674044708, 12.473150034120636 ], [ 10.571009546705568, 12.471200639796109 ], [ 10.570082596075736, 12.46994745094463 ], [ 10.568656517106774, 12.4695993407081 ], [ 10.56573305712044, 12.470504425323043 ], [ 10.56438705020588, 12.470707320460917 ], [ 10.562592969986895, 12.470977757644675 ], [ 10.561983765572961, 12.469792527839331 ], [ 10.559582570941473, 12.467615096359907 ], [ 10.558753471378111, 12.467572273330802 ], [ 10.55771475667234, 12.467142447038725 ], [ 10.557077062239102, 12.467751589452632 ], [ 10.556637337940288, 12.468583449017842 ], [ 10.55650028084716, 12.469055534338622 ], [ 10.555845453402242, 12.47043371827499 ], [ 10.555289611024591, 12.471659616107956 ], [ 10.554741382652082, 12.472459114651144 ], [ 10.554966164804796, 12.472662686789477 ], [ 10.554823556707902, 12.474890552303236 ], [ 10.554324430368808, 12.47670067853312 ], [ 10.554324430368808, 12.479276606283349 ], [ 10.554571083536359, 12.480819251331468 ], [ 10.538997579954923, 12.477849175313452 ], [ 10.536792641456771, 12.477013389745593 ], [ 10.533560196260453, 12.476085123114842 ], [ 10.533940483518847, 12.47478554323186 ], [ 10.519584627764743, 12.47042262126746 ], [ 10.515686681116279, 12.468194716753715 ], [ 10.512547509983335, 12.468405565896944 ], [ 10.490817591218899, 12.456968484126037 ], [ 10.486716119432117, 12.454887320711975 ], [ 10.484712714070895, 12.453870757021264 ], [ 10.474780024322115, 12.448830726596782 ], [ 10.465812634229167, 12.443574643025499 ], [ 10.462317798854599, 12.441845787850866 ], [ 10.458871442512987, 12.440685296062327 ], [ 10.451978730829694, 12.439292699116152 ], [ 10.44734397568061, 12.439292699116152 ], [ 10.44259038245076, 12.439988997589239 ], [ 10.437836787220931, 12.440917394220037 ], [ 10.433270454118315, 12.443349837872802 ], [ 10.432069778302491, 12.4456396104286 ], [ 10.432049751288901, 12.447939872991469 ], [ 10.43113436266691, 12.450964819046817 ], [ 10.431134260666852, 12.450965157047051 ], [ 10.429619788637865, 12.455969810447471 ], [ 10.425952801146309, 12.457860045731763 ], [ 10.423932522773612, 12.457860045731763 ], [ 10.420842686674234, 12.458904420441399 ], [ 10.418109369817046, 12.458788379362545 ], [ 10.414544174394678, 12.459252543677906 ], [ 10.41097897797232, 12.459484625835614 ], [ 10.407770301792141, 12.460412953466346 ], [ 10.399808031382179, 12.463546030595126 ], [ 10.393866037344878, 12.465170574698959 ], [ 10.388874762953549, 12.464822459462425 ], [ 10.381150171705031, 12.463731692721296 ], [ 10.372135953580312, 12.458536542191439 ], [ 10.363172054489723, 12.452084534807625 ], [ 10.357019523309361, 12.457645341585931 ], [ 10.353768064100166, 12.461154423970186 ], [ 10.351828597782401, 12.464162172013801 ], [ 10.35000321654212, 12.46700278894383 ], [ 10.349603915270848, 12.467504072284441 ], [ 10.347778535030557, 12.469063610344108 ], [ 10.345953154790323, 12.469286401495481 ], [ 10.345268637325205, 12.472071266387616 ], [ 10.341560832805953, 12.47429913590139 ], [ 10.341358871668717, 12.476144450155175 ], [ 10.340016647756727, 12.477164168848049 ], [ 10.338796767927874, 12.476652883500662 ], [ 10.337681900170367, 12.475134582469025 ], [ 10.336712166511518, 12.474856101279784 ], [ 10.335571303736344, 12.47591432999883 ], [ 10.3360276490464, 12.477083946793528 ], [ 10.33711146878278, 12.477083946793528 ], [ 10.337614182124355, 12.477773545262096 ], [ 10.338480503713015, 12.478364949663899 ], [ 10.339230042222255, 12.479110270170338 ], [ 10.340017608757364, 12.480452389082245 ], [ 10.339731818563223, 12.481842879026999 ], [ 10.339107979139328, 12.482096531199318 ], [ 10.338195287519227, 12.481818057010116 ], [ 10.337510771054099, 12.481038327480348 ], [ 10.33638239128743, 12.480247604943088 ], [ 10.336050212061707, 12.481958665105651 ], [ 10.336141736123921, 12.483600287221066 ], [ 10.337054425744043, 12.484825564053608 ], [ 10.338252331557953, 12.485939445810402 ], [ 10.339165022178065, 12.486496386188833 ], [ 10.340362927992032, 12.486162221961763 ], [ 10.341562872807344, 12.486013840860949 ], [ 10.342473524426055, 12.486552080226659 ], [ 10.342473524426055, 12.487610260945644 ], [ 10.343443257084971, 12.488389971475442 ], [ 10.345097508208937, 12.488445664513279 ], [ 10.346523586177909, 12.487833036097015 ], [ 10.347664448953026, 12.487053323567238 ], [ 10.349204612999529, 12.486941937491565 ], [ 10.350283376732477, 12.486135824943858 ], [ 10.351772768744468, 12.484893001099408 ], [ 10.353197632712579, 12.484101536561639 ], [ 10.354680753720288, 12.483488898145367 ], [ 10.35622091876678, 12.483767371334579 ], [ 10.35610683268925, 12.485326811394145 ], [ 10.355080055991607, 12.487665954983527 ], [ 10.353711021061429, 12.488222891361886 ], [ 10.352056769937406, 12.488891211815996 ], [ 10.348406010456927, 12.493513720956798 ], [ 10.344334515690491, 12.494094134351144 ], [ 10.34871553166721, 12.498704321483558 ], [ 10.34721414264709, 12.50120538018291 ], [ 10.34332917100744, 12.507770577643669 ], [ 10.341478961750283, 12.515036121580238 ], [ 10.340661344194757, 12.514442118176646 ], [ 10.339311323277514, 12.513940926836085 ], [ 10.329210065414145, 12.515843259128644 ], [ 10.322412424795459, 12.518302781799775 ], [ 10.319275051663794, 12.520855091533974 ], [ 10.315044352789243, 12.524845926245519 ], [ 10.313333058626483, 12.526191658159917 ], [ 10.311413497322235, 12.527515738059549 ], [ 10.310589057762058, 12.52843446868377 ], [ 10.310517639713566, 12.529549598441463 ], [ 10.311098870108481, 12.531064079470468 ], [ 10.31219219585131, 12.532409779384807 ], [ 10.313523202755675, 12.534126695551379 ], [ 10.314717594567185, 12.536250390994326 ], [ 10.317236880278926, 12.544866613848683 ], [ 10.319423532764688, 12.548485873307754 ], [ 10.32222871567069, 12.555792080271999 ], [ 10.323639125628972, 12.560074909181992 ], [ 10.320319057373126, 12.588231655313166 ], [ 10.323039595221644, 12.593426426842768 ], [ 10.32565749600036, 12.607317324280984 ], [ 10.333712863473579, 12.606968851044201 ], [ 10.340489588078071, 12.608879364342329 ], [ 10.348471062501119, 12.611230744939974 ], [ 10.351784128752172, 12.621517783929505 ], [ 10.352838286468454, 12.62563248272528 ], [ 10.353741849082382, 12.632539152418019 ], [ 10.352235910059164, 12.63812313021208 ], [ 10.352579511292618, 12.64191309078717 ], [ 10.3552890601336, 12.641078186219886 ], [ 10.357214266441702, 12.640939035125371 ], [ 10.359424687943601, 12.641495638503557 ], [ 10.361349893251656, 12.642539268212658 ], [ 10.36249075602683, 12.644904810819924 ], [ 10.363916833995802, 12.647896495852649 ], [ 10.364415962334931, 12.650122843365295 ], [ 10.364487266383378, 12.65269703411434 ], [ 10.364487266383378, 12.654158049107082 ], [ 10.365842040303846, 12.654366765248881 ], [ 10.368337676999545, 12.652766606161663 ], [ 10.370334187356093, 12.651514301310726 ], [ 10.371974177470349, 12.651792591499827 ], [ 10.373756774681567, 12.652488315972562 ], [ 10.375539372892774, 12.653671044776161 ], [ 10.375753285038115, 12.655549484052472 ], [ 10.374041990875355, 12.658541044085098 ], [ 10.372544608857936, 12.659515032746867 ], [ 10.37040549140454, 12.659097610463277 ], [ 10.368266372951098, 12.658680186179652 ], [ 10.365129000819366, 12.659723743888662 ], [ 10.362134235784595, 12.660836868644992 ], [ 10.359567295040449, 12.662297837637652 ], [ 10.357784696829299, 12.664037074819362 ], [ 10.358266200156436, 12.666058572192924 ], [ 10.359495990992002, 12.667724219324612 ], [ 10.361064678057858, 12.668837309080914 ], [ 10.363560314753556, 12.669046013222726 ], [ 10.364130746141143, 12.673707019389667 ], [ 10.363774226898897, 12.675307046476803 ], [ 10.363613663789806, 12.67707966468123 ], [ 10.359778000183667, 12.695313818070474 ], [ 10.356565425000838, 12.70861125310546 ], [ 10.358942222615781, 12.713770017610614 ], [ 10.360843659907687, 12.716494267461599 ], [ 10.36636971366238, 12.722000638202928 ], [ 10.372595051892233, 12.728071803327964 ], [ 10.360173004452008, 12.744459295462491 ], [ 10.35660723502923, 12.751371778159239 ], [ 10.353755078091353, 12.76073704552249 ], [ 10.351432557513306, 12.774253022705921 ], [ 10.353139388673014, 12.776313780106136 ], [ 10.357559785676472, 12.781089514351038 ], [ 10.360156538440833, 12.783630163077248 ], [ 10.363870701964458, 12.787414626648626 ], [ 10.362822864252507, 12.805908977214699 ], [ 10.348740410684115, 12.807198970091179 ], [ 10.339596929471554, 12.807342962189011 ], [ 10.33814051348196, 12.80756142533744 ], [ 10.325251021724171, 12.811462194987826 ], [ 10.33100973563694, 12.847262016312129 ], [ 10.38539514058931, 12.841130545146086 ], [ 10.402493080206511, 12.833621939044349 ], [ 10.409582554023473, 12.830537441948536 ], [ 10.414050933059571, 12.827849184122044 ], [ 10.416142515480658, 12.826829493429159 ], [ 10.419374958676997, 12.824604696917561 ], [ 10.424413769100624, 12.823492291161699 ], [ 10.428311716749079, 12.82237988140588 ], [ 10.431511247923027, 12.820429345080584 ], [ 10.433208345076082, 12.819855326690572 ], [ 10.43525462046648, 12.818186562556718 ], [ 10.436037750998537, 12.817635924182582 ], [ 10.440757650205512, 12.814317246927715 ], [ 10.442524917406274, 12.812721005843116 ], [ 10.447264945626898, 12.809403441588984 ], [ 10.450175625604572, 12.80701805396825 ], [ 10.456274391748423, 12.80414290801474 ], [ 10.456280926752868, 12.804139827012648 ], [ 10.456292237760522, 12.80413852801172 ], [ 10.460396090548898, 12.801416937162571 ], [ 10.464959541649534, 12.799052851556269 ], [ 10.469594295798629, 12.795159016910588 ], [ 10.471947326397412, 12.793559745823984 ] ] ] ] } },
{ "type": "Feature", "properties": { "fid": 591.0, "OBJECTID": 591.0, "lganame": "Ringim", "statecode": "JI", "LGA_UID": "17_23" }, "geometry": { "type": "MultiPolygon", "coordinates": [ [ [ [ 9.145609148212941, 12.325633018889732 ], [ 9.129292846126816, 12.311154741052405 ], [ 9.125162882320694, 12.308170589024826 ], [ 9.118687385920907, 12.296534656118752 ], [ 9.113547264428405, 12.283175299041716 ], [ 9.115591309817262, 12.281317381779331 ], [ 9.123529813211121, 12.275882900086856 ], [ 9.128586463646855, 12.270961822743232 ], [ 9.128797115790007, 12.270861800675277 ], [ 9.145966779455932, 12.280434867179736 ], [ 9.146256382652723, 12.280602192293429 ], [ 9.151433413170253, 12.283593328325765 ], [ 9.160047366023036, 12.277296914047611 ], [ 9.164105955780656, 12.273694521599964 ], [ 9.157024154968951, 12.259375844871101 ], [ 9.146451457785304, 12.251557380558836 ], [ 9.146171891595316, 12.239176610146671 ], [ 9.151239368038432, 12.23103883961744 ], [ 9.159349188548674, 12.230890307516518 ], [ 9.170291023983168, 12.235258719484648 ], [ 9.175509848529089, 12.235709167790731 ], [ 9.176015002872305, 12.231745890097841 ], [ 9.179991306574038, 12.232063266313503 ], [ 9.18541040525605, 12.237498651006547 ], [ 9.190609545788618, 12.243447386048445 ], [ 9.193975091075345, 12.245565715487771 ], [ 9.196484988780696, 12.247516791813439 ], [ 9.200640649604281, 12.249610792236183 ], [ 9.201682674312281, 12.250135855592987 ], [ 9.203451848514362, 12.246738629284721 ], [ 9.204648209327218, 12.244441316723794 ], [ 9.222163183227849, 12.225830055078291 ], [ 9.22523268831344, 12.218049216791599 ], [ 9.23203009393194, 12.210241851486842 ], [ 9.233456172900901, 12.208940950602937 ], [ 9.230128655639987, 12.204434212540832 ], [ 9.235595290354297, 12.20141419148888 ], [ 9.253373734433922, 12.196675010268848 ], [ 9.256416033501011, 12.196024527826864 ], [ 9.259838621826532, 12.196442695110989 ], [ 9.261692524086186, 12.197604267900203 ], [ 9.263559635354795, 12.197926437119122 ], [ 9.265251155504075, 12.196806520358166 ], [ 9.272951978736444, 12.191509690759233 ], [ 9.270669963185924, 12.154679377734794 ], [ 9.272938249727133, 12.155080378007256 ], [ 9.274126648534548, 12.157055356349133 ], [ 9.27495852909982, 12.159262666848917 ], [ 9.276146925907256, 12.159843536243557 ], [ 9.276510992154613, 12.158033837013988 ], [ 9.276947362451097, 12.155864713540154 ], [ 9.279830963410404, 12.152873031507454 ], [ 9.279665075297657, 12.15105567527263 ], [ 9.28132883342812, 12.151334500462099 ], [ 9.282750400393979, 12.151919981859919 ], [ 9.284466205559795, 12.153332741819781 ], [ 9.285987355593363, 12.153565093977647 ], [ 9.28679546714244, 12.154680383735467 ], [ 9.28675407211432, 12.155307634161659 ], [ 9.286700395077844, 12.156120959714258 ], [ 9.286225036754843, 12.15728270950359 ], [ 9.285939820561055, 12.158676802450827 ], [ 9.286177500722545, 12.159792071208585 ], [ 9.286652860045535, 12.160628518776946 ], [ 9.287556042659219, 12.161093211092691 ], [ 9.288411689240604, 12.161139681124268 ], [ 9.288696905434392, 12.161697309503154 ], [ 9.288364153208306, 12.162394345976736 ], [ 9.287413433562335, 12.162208469850441 ], [ 9.287223290433133, 12.162859035292456 ], [ 9.287983865949911, 12.163230785545068 ], [ 9.288927857591318, 12.162974742371091 ], [ 9.289980375306413, 12.163277254576599 ], [ 9.291323471219016, 12.162848778285479 ], [ 9.29249978101825, 12.163230785545068 ], [ 9.293309651568507, 12.162909745326942 ], [ 9.293640643793424, 12.161883186629439 ], [ 9.294401219310203, 12.161000273029515 ], [ 9.295114256794648, 12.160349702587496 ], [ 9.296350191634417, 12.16053557971378 ], [ 9.297158304183483, 12.161372026282095 ], [ 9.29749105540958, 12.16230140791356 ], [ 9.297300911280388, 12.16309137945035 ], [ 9.297063231118898, 12.163834879955516 ], [ 9.297966413732581, 12.163974286050234 ], [ 9.299202348572351, 12.16364900482921 ], [ 9.30020060425062, 12.162766097229337 ], [ 9.300818570670458, 12.161093211092691 ], [ 9.302285054666868, 12.159351771909428 ], [ 9.303026615170722, 12.158905664606323 ], [ 9.303996348829628, 12.157734628810658 ], [ 9.304395651100947, 12.156396295901345 ], [ 9.304167478945885, 12.155002190954121 ], [ 9.305878772108656, 12.155281013143565 ], [ 9.307647110310143, 12.155782891484535 ], [ 9.308959101201594, 12.156452059939227 ], [ 9.310042920937974, 12.157957683962252 ], [ 9.31049926624803, 12.159574826060975 ], [ 9.311069696635627, 12.160913142970344 ], [ 9.311697172061997, 12.161861113614407 ], [ 9.312778876796926, 12.162572358097691 ], [ 9.314232108784324, 12.16235761295178 ], [ 9.315005675309919, 12.161191958159748 ], [ 9.315972586966893, 12.16116167313919 ], [ 9.31680071552961, 12.161978047693879 ], [ 9.315576104697527, 12.162920606334296 ], [ 9.316602882395159, 12.163255181561624 ], [ 9.317971917325394, 12.163533994751049 ], [ 9.319169823139305, 12.162809081258501 ], [ 9.319984324692712, 12.161625159454104 ], [ 9.319922852650961, 12.161389653294066 ], [ 9.319740254526891, 12.160690090818775 ], [ 9.320139105797864, 12.160693017820734 ], [ 9.320656629149482, 12.161240291192598 ], [ 9.320933094337363, 12.161532647391255 ], [ 9.321223374534554, 12.163032132410081 ], [ 9.321451547689605, 12.164203144205715 ], [ 9.321622676805873, 12.165597200152945 ], [ 9.321679721844646, 12.166489391759114 ], [ 9.322361629307977, 12.166467494744268 ], [ 9.322934669697304, 12.165485676077139 ], [ 9.324189617550019, 12.164203144205715 ], [ 9.324817092976332, 12.162753318220609 ], [ 9.32563793253405, 12.161073890079535 ], [ 9.326505753123683, 12.160049682383658 ], [ 9.32681360433287, 12.159686353136749 ], [ 9.328239682301842, 12.158348029227454 ], [ 9.329722802309561, 12.15734428154542 ], [ 9.330749579007204, 12.156730879128645 ], [ 9.331833398743584, 12.156953935280228 ], [ 9.332574959247438, 12.157567336697014 ], [ 9.333772866061395, 12.157846155886432 ], [ 9.334457382526466, 12.158626847416883 ], [ 9.334504311558362, 12.159577992063134 ], [ 9.334218304364015, 12.159916443293127 ], [ 9.333658779983864, 12.160578563743002 ], [ 9.332289744053639, 12.161136195121856 ], [ 9.331091839239718, 12.161916876652299 ], [ 9.331548182549795, 12.163533994751049 ], [ 9.331091839239718, 12.164649242508801 ], [ 9.330578450890926, 12.165708724228693 ], [ 9.330749579007204, 12.16687972502433 ], [ 9.331434097472311, 12.167883435706301 ], [ 9.332175656976119, 12.168608336198872 ], [ 9.333088346596298, 12.167047011137981 ], [ 9.333601735945081, 12.16626634460755 ], [ 9.333772866061395, 12.165318389963488 ], [ 9.334400340487718, 12.164760767584596 ], [ 9.33596664855196, 12.165708724228693 ], [ 9.339893886220295, 12.160340890581494 ], [ 9.34879985927148, 12.138952538049125 ], [ 9.34748786638005, 12.135327613586185 ], [ 9.346952312016185, 12.131920456271132 ], [ 9.34760195345757, 12.129304555493775 ], [ 9.347354439289404, 12.125874976163516 ], [ 9.348945795370639, 12.11852272616801 ], [ 9.341926075601066, 12.114039845122136 ], [ 9.335091498957297, 12.11011661645648 ], [ 9.319818882580307, 12.100229216738455 ], [ 9.320477756027969, 12.08962554553375 ], [ 9.32288020566034, 12.071435580174523 ], [ 9.319290613221369, 12.0568882972903 ], [ 9.319256092197918, 12.056889236290942 ], [ 9.306827318753164, 12.046395170160736 ], [ 9.301285194987543, 12.042453851482776 ], [ 9.292443509979989, 12.036805275644838 ], [ 9.283285438757559, 12.03202180539472 ], [ 9.277696420960069, 12.025190085752911 ], [ 9.279088575905973, 12.023730520761205 ], [ 9.278136792259261, 12.022207665726455 ], [ 9.276423579095251, 12.021779363435485 ], [ 9.274581621843708, 12.021563531288791 ], [ 9.273246362936447, 12.020008890232532 ], [ 9.271997782088079, 12.019495080883416 ], [ 9.270986108400734, 12.017948358832484 ], [ 9.27026122690819, 12.016861502094002 ], [ 9.268952072018692, 12.016830084072637 ], [ 9.268092324434519, 12.015282537021164 ], [ 9.267409912970834, 12.014054196186578 ], [ 9.266429843304934, 12.013736784970888 ], [ 9.265287701528905, 12.011357324354151 ], [ 9.264368241904208, 12.008579191466538 ], [ 9.262527526653514, 12.005265904215321 ], [ 9.260242480100942, 12.005622020457281 ], [ 9.258588228976919, 12.004840882926544 ], [ 9.258588228976919, 12.003892356282051 ], [ 9.257390323163008, 12.003445988978797 ], [ 9.255108597612718, 12.003724968168342 ], [ 9.252712785984841, 12.003892356282051 ], [ 9.251971226480975, 12.002720641485951 ], [ 9.252256440674785, 12.001437328613974 ], [ 9.251971226480975, 12.000154010742051 ], [ 9.252313483713522, 11.999149671059627 ], [ 9.25162896724845, 11.998480108604724 ], [ 9.251857139403455, 11.997419964884386 ], [ 9.251001491822137, 11.996583007315735 ], [ 9.249746542969433, 11.996806196467389 ], [ 9.249233154620583, 11.996415615201954 ], [ 9.250202888279489, 11.995578652633299 ], [ 9.24995087710829, 11.994066720606043 ], [ 9.234735421770097, 11.990798781385593 ], [ 9.227692218984544, 11.990418067126939 ], [ 9.223018089808704, 11.989609093577258 ], [ 9.227965203170015, 12.014366012398455 ], [ 9.223964879452012, 12.026231672460597 ], [ 9.22293097174952, 12.028149486763652 ], [ 9.221718805925889, 12.029613990758719 ], [ 9.221041419465678, 12.030590322422086 ], [ 9.220328378981151, 12.032089681440823 ], [ 9.219900555690458, 12.034042322767561 ], [ 9.219401429351365, 12.036657444544403 ], [ 9.218512688747523, 12.040499963155241 ], [ 9.213967778659423, 12.054112448404283 ], [ 9.2004169484523, 12.068300001044065 ], [ 9.199867295078832, 12.072134523649424 ], [ 9.199500651829737, 12.073937140874193 ], [ 9.199329063713151, 12.075252740768121 ], [ 9.19932884971297, 12.075254382769231 ], [ 9.199238171651359, 12.076523378631464 ], [ 9.199138169583421, 12.078823377194169 ], [ 9.199125175574579, 12.079190723443787 ], [ 9.199123035573166, 12.079275521501415 ], [ 9.199120681571515, 12.079388598578248 ], [ 9.199119719570888, 12.079445140616656 ], [ 9.199119291570582, 12.079473412635878 ], [ 9.199118544570069, 12.0795299586743 ], [ 9.199117054569058, 12.07972787880874 ], [ 9.199117499569354, 12.07995407896243 ], [ 9.199119767570892, 12.080151992096887 ], [ 9.199186905616557, 12.081563982056309 ], [ 9.198712532294223, 12.08279033588957 ], [ 9.193782382944391, 12.084596695116886 ], [ 9.187840390907127, 12.085410137669555 ], [ 9.181874005853217, 12.085438743688997 ], [ 9.172285815338512, 12.079810707865022 ], [ 9.156295836474044, 12.067532688522704 ], [ 9.152829236118691, 12.054838338897468 ], [ 9.149204619655904, 12.050596303015197 ], [ 9.14753101551878, 12.048228614406469 ], [ 9.147719121646617, 12.045540639580111 ], [ 9.145401744072046, 12.041589019895184 ], [ 9.145461164112419, 12.039380737394765 ], [ 9.146708982960263, 12.037288661973321 ], [ 9.150155339301875, 12.031128569787825 ], [ 9.151937936513093, 12.027641662418603 ], [ 9.148943715478651, 12.019373484800781 ], [ 9.144272766304937, 12.026188771431464 ], [ 9.133339497876307, 12.035312798630798 ], [ 9.130981770274332, 12.034557855117839 ], [ 9.111803545243674, 12.028236112822526 ], [ 9.098303337070888, 12.02293593922127 ], [ 9.09530857203606, 12.023912294884667 ], [ 9.084694093824055, 12.027426903272669 ], [ 9.083139369767707, 12.03149055403378 ], [ 9.082806617541621, 12.032792318918268 ], [ 9.082664011444706, 12.034512499087043 ], [ 9.082473867315514, 12.0365581054769 ], [ 9.082996761670813, 12.037673883235016 ], [ 9.083717598160547, 12.03855938683671 ], [ 9.083130061761381, 12.040566989200784 ], [ 9.081521072668124, 12.046199939028099 ], [ 9.079574174345282, 12.046135049984002 ], [ 9.078005488279473, 12.046228029047199 ], [ 9.077910416214877, 12.047762167089559 ], [ 9.077767808117983, 12.049017364942415 ], [ 9.078005488279473, 12.050319045826825 ], [ 9.078100560344069, 12.051667207742867 ], [ 9.077767808117983, 12.0539451222906 ], [ 9.077482591924195, 12.055990578680394 ], [ 9.077007232601204, 12.058454405354439 ], [ 9.077145222694924, 12.059624772149618 ], [ 9.076470218236295, 12.060435891700763 ], [ 9.074085475616016, 12.07353391660024 ], [ 9.053590756690767, 12.0739144838588 ], [ 9.046638625967148, 12.07403069493779 ], [ 9.043786469029214, 12.0757157480827 ], [ 9.016059863190321, 12.069505091862823 ], [ 9.014486562121306, 12.069916792142578 ], [ 9.01365468255608, 12.069626260945199 ], [ 9.011931506385281, 12.068580343234544 ], [ 9.011151537855312, 12.066233303639819 ], [ 9.009792387931839, 12.064106095194461 ], [ 9.007388378298458, 12.062742522268024 ], [ 9.003727229810863, 12.062909505381469 ], [ 8.995955101530058, 12.064443548423753 ], [ 8.988468191443076, 12.068418074124281 ], [ 8.986856294347888, 12.070672173655851 ], [ 8.985944995728687, 12.074463237231669 ], [ 8.985073695136691, 12.079794688854122 ], [ 8.981983859037257, 12.081770225196408 ], [ 8.977986515321277, 12.083827518594262 ], [ 8.972496112590818, 12.084358194954859 ], [ 8.966506583521209, 12.082642208788911 ], [ 8.962870086050373, 12.081162499783488 ], [ 8.957379683319914, 12.078528443993775 ], [ 8.948823211506181, 12.075460508909259 ], [ 8.945701918385396, 12.07230758676701 ], [ 8.923908402577752, 12.074830790481428 ], [ 8.914999998524877, 12.076200001411735 ], [ 8.922658448728441, 12.09127283665299 ], [ 8.925223566471345, 12.096321133083109 ], [ 8.926899998610395, 12.100900002194237 ], [ 8.927833958244946, 12.11036266062365 ], [ 8.934045681465534, 12.112836361304403 ], [ 8.936452650100932, 12.113258677591375 ], [ 8.938439573450978, 12.113779120944969 ], [ 8.938286766347176, 12.116031026475014 ], [ 8.936575472184416, 12.119133350582899 ], [ 8.937288510668907, 12.120039642198719 ], [ 8.938030275172878, 12.120959336823603 ], [ 8.938607633565141, 12.12164307228818 ], [ 8.939043072861011, 12.122651138973083 ], [ 8.93889284875894, 12.123769343732874 ], [ 8.938714589637812, 12.124710476372286 ], [ 8.938785893686259, 12.125616746988101 ], [ 8.939035456855834, 12.12659272865119 ], [ 8.938928500783163, 12.127742988432772 ], [ 8.938678937613588, 12.12899781128533 ], [ 8.938571981540917, 12.130148059066869 ], [ 8.938785893686259, 12.130880032564221 ], [ 8.939178064952728, 12.131542294014196 ], [ 8.939709826314072, 12.132337766554713 ], [ 8.939477084155897, 12.132868041915003 ], [ 8.935788113649437, 12.142047267151838 ], [ 8.930540146083672, 12.147902741130338 ], [ 8.9312246625488, 12.155207961093936 ], [ 8.942013083879033, 12.153446059896794 ], [ 8.943177197669968, 12.154628146699963 ], [ 8.946637353021003, 12.162763243227403 ], [ 8.950626552731478, 12.168555698163061 ], [ 8.952199636800287, 12.182515532648154 ], [ 8.95223769582617, 12.185331892561692 ], [ 8.944537783594399, 12.196110304885167 ], [ 8.943769529072426, 12.201813439760144 ], [ 8.940449693816731, 12.206935980240701 ], [ 8.934399999706272, 12.214600001447991 ], [ 8.935213517259001, 12.231043435620563 ], [ 8.920517223273578, 12.266661984821667 ], [ 8.917462514198064, 12.266273678557866 ], [ 8.913424378454351, 12.278488458857225 ], [ 8.91153569517104, 12.284870931193836 ], [ 8.909896061056997, 12.300987923144532 ], [ 8.925527785678014, 12.302276453020056 ], [ 8.927215847824982, 12.299067213839521 ], [ 8.930195835849759, 12.297752894946484 ], [ 8.930135160808504, 12.298070553162347 ], [ 8.930131591806116, 12.298473872436375 ], [ 8.930145866815792, 12.29865589956006 ], [ 8.930142297813347, 12.29883435968128 ], [ 8.930163713827937, 12.299030665814712 ], [ 8.930149435818237, 12.299212693938387 ], [ 8.930263651895814, 12.299398292064495 ], [ 8.930324326937068, 12.299530352154193 ], [ 8.930392140983145, 12.299712381277857 ], [ 8.930499217055853, 12.299837303362779 ], [ 8.93058844711652, 12.299983640462187 ], [ 8.930706230196506, 12.300222775624661 ], [ 8.937152475576454, 12.301522817507987 ], [ 8.940064935555313, 12.301637031585585 ], [ 8.941321292408986, 12.302036780857179 ], [ 8.942463433185026, 12.302322317051221 ], [ 8.94463350065945, 12.302607852245217 ], [ 8.945090358969878, 12.304549491564444 ], [ 8.946803570133909, 12.305006348874883 ], [ 8.949658924074015, 12.306376917806119 ], [ 8.951029492005262, 12.307062203271755 ], [ 8.953542202712526, 12.307290631426952 ], [ 8.955084093760149, 12.306890882155358 ], [ 8.958103123811441, 12.313822561865095 ], [ 8.972508904599465, 12.315159741773641 ], [ 8.981848288945173, 12.314862308571549 ], [ 8.985833885653165, 12.313672578763203 ], [ 8.990652295927077, 12.313672578763203 ], [ 8.99753132060107, 12.316175043463488 ], [ 9.010157926180227, 12.318657549150259 ], [ 9.01515964357867, 12.320237596223819 ], [ 9.049213049716343, 12.322656511867365 ], [ 9.057033264029826, 12.324888041383531 ], [ 9.063521922438554, 12.32558464585685 ], [ 9.072215455345429, 12.326204344277926 ], [ 9.08355832205234, 12.325863287046218 ], [ 9.093797951009719, 12.3222415965854 ], [ 9.106415454582702, 12.32489565438874 ], [ 9.115059467455922, 12.333239634058089 ], [ 9.117855507355671, 12.334849314151768 ], [ 9.123552732226642, 12.338362526538845 ], [ 9.12662588831472, 12.339655666417457 ], [ 9.13853364440547, 12.342232950168636 ], [ 9.145609148212941, 12.325633018889732 ] ] ] ] } },
{ "type": "Feature", "properties": { "fid": 597.0, "OBJECTID": 597.0, "lganame": "Sule Tankarkar", "statecode": "JI", "LGA_UID": "17_25" }, "geometry": { "type": "MultiPolygon", "coordinates": [ [ [ [ 9.057519298360035, 12.845205927915117 ], [ 9.081702960791688, 12.834228610456535 ], [ 9.089118568830258, 12.835155575086389 ], [ 9.098435614160792, 12.834599396708484 ], [ 9.10746744429747, 12.834043217330589 ], [ 9.113439480355169, 12.833589539022341 ], [ 9.119256358307496, 12.833208943763736 ], [ 9.128858618831771, 12.83311624670074 ], [ 9.13772374485518, 12.833236664782532 ], [ 9.144450410425634, 12.833487034952668 ], [ 9.158941825271881, 12.833851046199982 ], [ 9.161091432732462, 12.834020326314999 ], [ 9.167267662928907, 12.834506699645488 ], [ 9.181877043855309, 12.834290408498532 ], [ 9.185480269303525, 12.834373834555208 ], [ 9.187571849724634, 12.833724958114317 ], [ 9.193276163600444, 12.832797987484525 ], [ 9.225580744549916, 12.830792548121906 ], [ 9.240981245013813, 12.829426935194022 ], [ 9.248060548823901, 12.828943800865773 ], [ 9.262088605355302, 12.827986440215284 ], [ 9.294625285462416, 12.825765922706523 ], [ 9.317296056866155, 12.82421870865528 ], [ 9.334758557731107, 12.823026937845555 ], [ 9.332125746942211, 12.809890553919956 ], [ 9.35114326186374, 12.782460277282382 ], [ 9.344158070117601, 12.774948947178814 ], [ 9.337795168794344, 12.768218737605935 ], [ 9.332900000468271, 12.762307851589753 ], [ 9.330536326862273, 12.759300365546324 ], [ 9.328275839326409, 12.758943447303807 ], [ 9.323136202834235, 12.759300365546324 ], [ 9.321018483395392, 12.758681706125969 ], [ 9.320019108716338, 12.757039878010403 ], [ 9.320185670829517, 12.754945952587718 ], [ 9.320518796055865, 12.753423097552968 ], [ 9.322303391268406, 12.7514481452111 ], [ 9.32458142181622, 12.747244997355267 ], [ 9.324295532621989, 12.742334214018626 ], [ 9.325699999576216, 12.742899999403051 ], [ 9.326299999983917, 12.743099998538924 ], [ 9.326900002391596, 12.743399999742792 ], [ 9.32700000045952, 12.743399999742792 ], [ 9.327399998731323, 12.743599999878654 ], [ 9.32983959938889, 12.744649870592013 ], [ 9.333232963694513, 12.719193029295241 ], [ 9.333850931114398, 12.717848311381601 ], [ 9.334754113728081, 12.716271736310375 ], [ 9.335847441470946, 12.715344334680253 ], [ 9.337321055472216, 12.715158853554215 ], [ 9.338366846182737, 12.714509671113149 ], [ 9.339317564828718, 12.712562109789872 ], [ 9.340871216884352, 12.711440574027847 ], [ 9.341504218314469, 12.708620573111773 ], [ 9.341694362443661, 12.706580223725439 ], [ 9.355668420938343, 12.704267373153982 ], [ 9.355194570616391, 12.702499476952767 ], [ 9.355242106648689, 12.699763484093808 ], [ 9.355384713745593, 12.696656473982728 ], [ 9.353673419582833, 12.694059541218223 ], [ 9.351249086935638, 12.69248281914696 ], [ 9.350060688128167, 12.69085971204413 ], [ 9.34949025674058, 12.689468470098802 ], [ 9.348967362385338, 12.688633720531641 ], [ 9.348349393965464, 12.68770621790145 ], [ 9.34844446603006, 12.686500460082186 ], [ 9.34891982635304, 12.685387448325969 ], [ 9.349109970482232, 12.684088927443668 ], [ 9.349585328805176, 12.682141134120229 ], [ 9.35065140752954, 12.679852381565127 ], [ 9.351154014871042, 12.678106371378817 ], [ 9.35096387074185, 12.676668682401953 ], [ 9.350536048451147, 12.675509248614219 ], [ 9.350298368289657, 12.67388603351128 ], [ 9.350916334709552, 12.672355565471435 ], [ 9.351486767097128, 12.671149733652101 ], [ 9.351819518323225, 12.669619248612207 ], [ 9.352389949710812, 12.668552540887447 ], [ 9.353435741421379, 12.667114797910529 ], [ 9.354243851970466, 12.666094459217277 ], [ 9.35448153113191, 12.664934978429471 ], [ 9.35550095382456, 12.664109447868555 ], [ 9.353147940225824, 12.663048662147787 ], [ 9.33689714318416, 12.662027283453824 ], [ 9.330833273064059, 12.661723914247716 ], [ 9.320631190132247, 12.661433611050484 ], [ 9.317522334019884, 12.662940658074433 ], [ 9.317070741713053, 12.662546430806572 ], [ 9.316333935212413, 12.662198581570237 ], [ 9.316666374438284, 12.66114071885147 ], [ 9.317189581793798, 12.660134671167896 ], [ 9.317365382913238, 12.659734440895932 ], [ 9.316999437664606, 12.658928782348539 ], [ 9.316761758503105, 12.65793160067102 ], [ 9.316452775293158, 12.65707355808803 ], [ 9.317046973696904, 12.654267506181441 ], [ 9.316432918279702, 12.645956150534232 ], [ 9.317003349667289, 12.639068212854227 ], [ 9.316789437521948, 12.633432489024983 ], [ 9.315140757401707, 12.621035254601679 ], [ 9.321554181759325, 12.614396993091304 ], [ 9.322209332204466, 12.604466021343683 ], [ 9.321163540493899, 12.600847549885088 ], [ 9.321211075526207, 12.597692944741652 ], [ 9.321609496796952, 12.595026773930158 ], [ 9.316876876581318, 12.592892877480267 ], [ 9.31767589312426, 12.590846443089788 ], [ 9.323799722285059, 12.583084942816242 ], [ 9.333171360652671, 12.579154226145477 ], [ 9.347721876539083, 12.570121875008397 ], [ 9.352390122710915, 12.563299052372656 ], [ 9.356519382516581, 12.558045541803097 ], [ 9.34429593221131, 12.539735177362104 ], [ 9.363721080409789, 12.541202260358887 ], [ 9.36671584444457, 12.541967887879139 ], [ 9.371621360777624, 12.544908223876917 ], [ 9.400371293311878, 12.560063878174503 ], [ 9.405721791947258, 12.549640382092207 ], [ 9.409926530804228, 12.537059700544205 ], [ 9.400329667283586, 12.532142341203098 ], [ 9.400557840438637, 12.523177053111624 ], [ 9.398178960822293, 12.490801294113794 ], [ 9.383981481175738, 12.471923507287272 ], [ 9.394451110289367, 12.457170849263491 ], [ 9.406667084589571, 12.452682951214172 ], [ 9.40910932324897, 12.429154070227412 ], [ 9.407698531290407, 12.426520590438088 ], [ 9.405423257744417, 12.418147587749047 ], [ 9.398737829201991, 12.408890840459492 ], [ 9.371161737465343, 12.417097670035673 ], [ 9.353263112304091, 12.425712408888955 ], [ 9.34576005820611, 12.428203701581708 ], [ 9.324903662035183, 12.427217231911413 ], [ 9.317357329907793, 12.429016086133686 ], [ 9.314029812646879, 12.43122111463191 ], [ 9.308682020013293, 12.43470270199748 ], [ 9.301729887289696, 12.43214954326271 ], [ 9.287806906829644, 12.430903376415984 ], [ 9.286252482773477, 12.431537769847012 ], [ 9.285352160161779, 12.431661959931432 ], [ 9.284100000311014, 12.432100002229049 ], [ 9.283000000563618, 12.432799998704638 ], [ 9.282299999087968, 12.432899999772587 ], [ 9.281699999680313, 12.432700000636714 ], [ 9.279900000457303, 12.432500000500852 ], [ 9.27926180402369, 12.433322782059861 ], [ 9.27655225618264, 12.432545226531545 ], [ 9.276892357413715, 12.429944521764526 ], [ 9.259974022918527, 12.429782009654105 ], [ 9.259755436769979, 12.433288440036563 ], [ 9.258496828914815, 12.434707597000795 ], [ 9.256464154533717, 12.436999542558056 ], [ 9.25482416541945, 12.44020253373435 ], [ 9.252006532504993, 12.448746442539516 ], [ 9.250072910191193, 12.454519459462006 ], [ 9.246812138975656, 12.462129035632358 ], [ 9.242016859717467, 12.471745133166053 ], [ 9.242016799717419, 12.471745138166057 ], [ 9.234599959678064, 12.466425223551425 ], [ 9.224860030060199, 12.464119758984964 ], [ 9.215756109874519, 12.491512622597156 ], [ 9.202703718006035, 12.488981766877544 ], [ 9.19327847260206, 12.495196537100185 ], [ 9.19114518515255, 12.519917535896923 ], [ 9.167385418008905, 12.535119281225832 ], [ 9.158152275735404, 12.535436402441292 ], [ 9.142881353359542, 12.538742578687675 ], [ 9.12380193339601, 12.543356737822762 ], [ 9.11830444466068, 12.53852899354257 ], [ 9.108752505170628, 12.529146279167435 ], [ 9.104944653583345, 12.525975251012881 ], [ 9.099638455978038, 12.523191282121275 ], [ 9.095997880504456, 12.524642753107514 ], [ 9.092381100047021, 12.530329664971475 ], [ 9.091568261494729, 12.534575479856301 ], [ 9.08786045697542, 12.538682106646604 ], [ 9.077586644994881, 12.550346106571737 ], [ 9.063831036648594, 12.559423053739067 ], [ 9.050568507637308, 12.564155652954639 ], [ 9.031599191748569, 12.568665439018844 ], [ 9.017976489492582, 12.572913227905019 ], [ 9.016949275794616, 12.582608457492483 ], [ 9.012064958475946, 12.582364887327003 ], [ 9.008891935320037, 12.586679522258578 ], [ 8.999946352241921, 12.5872345976357 ], [ 9.004435005291782, 12.595182499035957 ], [ 9.004388384260096, 12.595704056390332 ], [ 9.004001645997334, 12.596592562994033 ], [ 9.004241930160561, 12.59724611743809 ], [ 9.004830788560696, 12.597540153637851 ], [ 9.022885368827929, 12.615894760108972 ], [ 9.039000000777037, 12.628499999673636 ], [ 9.032946077663723, 12.648602698332468 ], [ 9.036094811803139, 12.654490761333136 ], [ 9.038679020558959, 12.656631074787356 ], [ 9.04276224933335, 12.662099593502944 ], [ 9.041905218751026, 12.663556843493097 ], [ 9.032391702287043, 12.672727909724415 ], [ 9.021249871716691, 12.679182489109962 ], [ 9.016479597475495, 12.68587074565437 ], [ 9.012655296877085, 12.690094117523927 ], [ 9.039979496442584, 12.698751600406297 ], [ 9.045001163854579, 12.701104653005075 ], [ 9.059618467786322, 12.710008066054513 ], [ 9.062114104482021, 12.717172304922258 ], [ 9.067544266171524, 12.727389171864161 ], [ 9.073933516512739, 12.731496577654923 ], [ 9.080054262671524, 12.735431312328444 ], [ 9.079212533099565, 12.738224325226156 ], [ 9.0796143713726, 12.741320069329561 ], [ 9.079878184551887, 12.74335245871049 ], [ 9.081797832856182, 12.758140699758371 ], [ 9.086506940055813, 12.774179287655841 ], [ 9.069512838509127, 12.788318505262794 ], [ 9.069048141193377, 12.799056850558998 ], [ 9.058241311850622, 12.799299196723666 ], [ 9.055086442707022, 12.800173779317902 ], [ 9.053905349904539, 12.806144245374526 ], [ 9.047338500442663, 12.81615732917794 ], [ 9.044929383805822, 12.827315295759263 ], [ 9.040895138064741, 12.846141420550737 ], [ 9.057519298360035, 12.845205927915117 ] ] ] ] } },
{ "type": "Feature", "properties": { "fid": 598.0, "OBJECTID": 598.0, "lganame": "Hadejia", "statecode": "JI", "LGA_UID": "17_13" }, "geometry": { "type": "MultiPolygon", "coordinates": [ [ [ [ 10.066338661805389, 12.50028385855677 ], [ 10.066581094970104, 12.500102864433813 ], [ 10.066780746105792, 12.500158554471625 ], [ 10.067850304832518, 12.500214244509493 ], [ 10.068363693181311, 12.499838331254068 ], [ 10.068891341539825, 12.499559876064836 ], [ 10.069176557733613, 12.499156114790537 ], [ 10.069418990898328, 12.498780199535133 ], [ 10.069732728111489, 12.498780199535133 ], [ 10.069903858227804, 12.498613126421617 ], [ 10.070231856450619, 12.498209364147272 ], [ 10.071187328099825, 12.497777754853985 ], [ 10.072344233885929, 12.497196668459196 ], [ 10.073081041386502, 12.496477317970403 ], [ 10.073413792612598, 12.495479505292451 ], [ 10.073699008806386, 12.494110408362189 ], [ 10.074007992016334, 12.493182201731543 ], [ 10.074269440193973, 12.492370019179702 ], [ 10.074696850484372, 12.491883428849064 ], [ 10.077201332186064, 12.488806429758426 ], [ 10.079292204606702, 12.482823604693351 ], [ 10.075574274080566, 12.478472445736941 ], [ 10.072168297766382, 12.474249231867475 ], [ 10.071169099087456, 12.473010282025655 ], [ 10.071454634281451, 12.47170395813805 ], [ 10.07180679352075, 12.470961565633672 ], [ 10.073681808794731, 12.470152550083981 ], [ 10.074110112085748, 12.46980990685114 ], [ 10.077413121329982, 12.469513299649634 ], [ 10.080397917358027, 12.469772184825501 ], [ 10.081037515792559, 12.469421927587518 ], [ 10.084138732899703, 12.468955752270801 ], [ 10.084642989242354, 12.467512873290445 ], [ 10.087792579382324, 12.458500637167049 ], [ 10.08825343969545, 12.456873581061529 ], [ 10.088752567034589, 12.455689948257316 ], [ 10.088823871083036, 12.454158179216563 ], [ 10.088538654889248, 12.452556775128471 ], [ 10.087326489065617, 12.450816106945751 ], [ 10.086328234387395, 12.449562819094183 ], [ 10.085148880586075, 12.448201017168913 ], [ 10.083130617214749, 12.445850542571918 ], [ 10.082032173468406, 12.444131580403962 ], [ 10.08157582815835, 12.44290611157129 ], [ 10.081290612964551, 12.442126265041395 ], [ 10.080955577736916, 12.441150609378496 ], [ 10.080746247594675, 12.440387813860241 ], [ 10.079997635086045, 12.439155398022876 ], [ 10.079427203698458, 12.438561220619135 ], [ 10.078812570280832, 12.438295838438819 ], [ 10.077430694341899, 12.438486948568652 ], [ 10.076765190889716, 12.438746901745276 ], [ 10.076004616372984, 12.43900685392191 ], [ 10.075206011830346, 12.439229670073303 ], [ 10.074559523391088, 12.43921110206071 ], [ 10.073836975900178, 12.439173966035469 ], [ 10.072924286279999, 12.438858309821001 ], [ 10.071764409491948, 12.438431244530818 ], [ 10.070471430613395, 12.438022747253285 ], [ 10.069425640902864, 12.437651384000958 ], [ 10.06832280715355, 12.437131475647675 ], [ 10.066459397887456, 12.436240203042132 ], [ 10.065166420008893, 12.435701722676242 ], [ 10.06453894458258, 12.435293221398695 ], [ 10.063987529207907, 12.435218948348222 ], [ 10.06345512584619, 12.435293221398695 ], [ 10.062846666432733, 12.434884718121111 ], [ 10.061173401295832, 12.434234825679539 ], [ 10.060165637611135, 12.434160552629123 ], [ 10.059119847900547, 12.434160552629123 ], [ 10.058426912429752, 12.434089455580761 ], [ 10.057541653828252, 12.433919164465067 ], [ 10.056827499343001, 12.433918068464322 ], [ 10.054366252670718, 12.432916467783798 ], [ 10.053824745302791, 12.432487818492575 ], [ 10.052521858417549, 12.431876632077262 ], [ 10.052071314111402, 12.431859881065918 ], [ 10.051419024668235, 12.431839495052031 ], [ 10.050658449151456, 12.431913769102493 ], [ 10.05016407581553, 12.432080886216056 ], [ 10.04968871649254, 12.432340845392673 ], [ 10.049308429234145, 12.432693646632401 ], [ 10.048795039885306, 12.433157857947833 ], [ 10.048034465368573, 12.433807753389374 ], [ 10.047273889851795, 12.434309099730001 ], [ 10.04664641642546, 12.434829013083288 ], [ 10.045942883947419, 12.435311790411333 ], [ 10.045452233614071, 12.43575713071391 ], [ 10.044984209296047, 12.435958495850741 ], [ 10.042845091842651, 12.436741843382947 ], [ 10.040913943530484, 12.437119008639229 ], [ 10.039933514864344, 12.437467161875759 ], [ 10.038982796218363, 12.438018403250339 ], [ 10.037905720486549, 12.438484634567089 ], [ 10.037633013301274, 12.438602659647302 ], [ 10.034288622028896, 12.440049281630195 ], [ 10.03191182441401, 12.440542492965335 ], [ 10.030871975707441, 12.440484467925899 ], [ 10.027798417619124, 12.440535828960776 ], [ 10.026823798956912, 12.441800242819909 ], [ 10.024684117503114, 12.442912016575292 ], [ 10.023960566011453, 12.44235092819406 ], [ 10.023176223478572, 12.441626782702031 ], [ 10.022318204895555, 12.440901041208917 ], [ 10.0202946905207, 12.445293451193379 ], [ 10.019225123793944, 12.448559196412305 ], [ 10.024162188148466, 12.454324156329335 ], [ 10.0238423889312, 12.454815276662998 ], [ 10.023569725745915, 12.455954992437398 ], [ 10.024169485153436, 12.456495367804564 ], [ 10.02431209325033, 12.456627656894455 ], [ 10.024397657308441, 12.456697281941729 ], [ 10.024531774399577, 12.456877529064229 ], [ 10.024546207409401, 12.45695489611677 ], [ 10.024642719474969, 12.456922498094741 ], [ 10.024777944566836, 12.456879468065551 ], [ 10.024914610659721, 12.456949094112815 ], [ 10.025229535873677, 12.457007115152237 ], [ 10.025421928004391, 12.457027623166198 ], [ 10.025734606216872, 12.457070938195614 ], [ 10.025912865337943, 12.457047730179852 ], [ 10.02615648650351, 12.457018719160146 ], [ 10.026471239717353, 12.457149068248725 ], [ 10.026688716865124, 12.457215212293647 ], [ 10.026938281034688, 12.45737883140481 ], [ 10.027172482193805, 12.457565524531674 ], [ 10.027386480339203, 12.457610532562228 ], [ 10.027523146432088, 12.457680157609559 ], [ 10.027832128642046, 12.457709168629265 ], [ 10.028016330767173, 12.457836814716018 ], [ 10.027778650605683, 12.458068897873716 ], [ 10.027962852730866, 12.458237158988027 ], [ 10.028099933823967, 12.458392421093492 ], [ 10.028306120964089, 12.458595842231716 ], [ 10.028556761134382, 12.458850703404892 ], [ 10.028799195299086, 12.459080464560998 ], [ 10.028986479426351, 12.459261241683805 ], [ 10.02937151968797, 12.45963953594088 ], [ 10.029589709836216, 12.459863727093193 ], [ 10.02969228090592, 12.459969655165139 ], [ 10.031044309824551, 12.458894552434685 ], [ 10.031706011274139, 12.459611685921971 ], [ 10.03217423959228, 12.459808955055962 ], [ 10.032637001906721, 12.460123658269822 ], [ 10.033051103188086, 12.459821937064817 ], [ 10.033602519562749, 12.459394905774673 ], [ 10.034087385892178, 12.458912174446652 ], [ 10.034491442166711, 12.458485142156519 ], [ 10.035052365547813, 12.457946708790644 ], [ 10.035470159831675, 12.457512451495631 ], [ 10.035808944061898, 12.45717061626334 ], [ 10.035616966931457, 12.456850835046055 ], [ 10.036079971246068, 12.456564133851259 ], [ 10.036554267568306, 12.456089974529107 ], [ 10.037175371990315, 12.455505544131995 ], [ 10.037672255327948, 12.455031382809864 ], [ 10.038056209588831, 12.454711598592553 ], [ 10.038304650757595, 12.454513112457676 ], [ 10.039967915887701, 12.455795756329223 ], [ 10.040186582036313, 12.455972141449024 ], [ 10.041019151601972, 12.456624918892601 ], [ 10.041221247739315, 12.456815299021912 ], [ 10.042386698531175, 12.458618559247157 ], [ 10.042835256835929, 12.459307900715544 ], [ 10.043201105084506, 12.459873054099546 ], [ 10.042084011325528, 12.461033459887972 ], [ 10.042392993535429, 12.461404789140261 ], [ 10.04310603301991, 12.462124236629109 ], [ 10.042250386438525, 12.462681228007568 ], [ 10.042224903421243, 12.463128245311282 ], [ 10.042182121392159, 12.463775744751217 ], [ 10.042114306346093, 12.466089926323605 ], [ 10.041909901207191, 12.46965459074562 ], [ 10.041877557185217, 12.470156750086801 ], [ 10.041774424115147, 12.4713394358904 ], [ 10.041705030067988, 12.472206610479589 ], [ 10.04200926027471, 12.472485093668809 ], [ 10.04252264862356, 12.473004932022036 ], [ 10.043207166088621, 12.473580464413089 ], [ 10.043834640515001, 12.474155995804097 ], [ 10.044195913760461, 12.474545872069029 ], [ 10.044481129954249, 12.474842919270827 ], [ 10.044861417212644, 12.475065705422196 ], [ 10.045127618393508, 12.475474143699728 ], [ 10.045469876626044, 12.475864017964625 ], [ 10.04567903476817, 12.476031106078153 ], [ 10.045964250961958, 12.476569502443965 ], [ 10.046458625297873, 12.477126461822422 ], [ 10.047010041672536, 12.477646290175585 ], [ 10.051663887834593, 12.472955217988272 ], [ 10.052296039264093, 12.472318003555301 ], [ 10.054881994021116, 12.475492709712341 ], [ 10.058729585635376, 12.480241904939191 ], [ 10.060320106716063, 12.482287564329113 ], [ 10.060822844057668, 12.482852210712792 ], [ 10.061247562346239, 12.485984818841246 ], [ 10.061147736278429, 12.486332906077735 ], [ 10.061233301336529, 12.486597452257513 ], [ 10.061404431452843, 12.486973385512954 ], [ 10.06134738741406, 12.48722400768321 ], [ 10.060648608939289, 12.488351803449518 ], [ 10.06034913273578, 12.489284668083315 ], [ 10.05986426640635, 12.490092218632014 ], [ 10.058880608737979, 12.492162484038658 ], [ 10.059222530970317, 12.492500935268652 ], [ 10.059621833241636, 12.493043937637594 ], [ 10.060192263629233, 12.493545169978177 ], [ 10.060662869948942, 12.49410209335656 ], [ 10.06094808614273, 12.494450168593062 ], [ 10.061119215259055, 12.494853936867401 ], [ 10.061375909433423, 12.495271627151226 ], [ 10.061632602607858, 12.495633625397147 ], [ 10.061903557791936, 12.495995621643146 ], [ 10.062088947917914, 12.496371541898554 ], [ 10.061989122850093, 12.496636078078268 ], [ 10.062017643869467, 12.496900613257992 ], [ 10.062245817024518, 12.49722084047562 ], [ 10.06254529322797, 12.497541066693202 ], [ 10.062801987402395, 12.498014444014814 ], [ 10.063187028664004, 12.498640972440512 ], [ 10.063443722838429, 12.499323188904043 ], [ 10.063700417012853, 12.499824409244582 ], [ 10.06425658739073, 12.500088941424337 ], [ 10.064784235749244, 12.500325626585152 ], [ 10.06525484206901, 12.500478776689192 ], [ 10.065825274456586, 12.500506622708144 ], [ 10.066338661805389, 12.50028385855677 ] ] ] ] } },
{ "type": "Feature", "properties": { "fid": 621.0, "OBJECTID": 621.0, "lganame": "Taura", "statecode": "JI", "LGA_UID": "17_26" }, "geometry": { "type": "MultiPolygon", "coordinates": [ [ [ [ 9.602471489629465, 12.331051922571646 ], [ 9.604043837697816, 12.330465624173257 ], [ 9.604805265215134, 12.330556995235327 ], [ 9.606267206208486, 12.330732124354313 ], [ 9.606739290529219, 12.330770195380182 ], [ 9.607310361917257, 12.330945323499179 ], [ 9.607805290253509, 12.331158522644046 ], [ 9.608239302548441, 12.331249893706115 ], [ 9.609145402164074, 12.330892024462969 ], [ 9.609541344433069, 12.330686438323312 ], [ 9.609888247668778, 12.330623797280737 ], [ 9.607813551259142, 12.327986159488603 ], [ 9.597202541049455, 12.318532712065405 ], [ 9.589902645089524, 12.310853849848002 ], [ 9.581752245551684, 12.306505531893492 ], [ 9.570422062853368, 12.302581121227036 ], [ 9.564711355973202, 12.300867909063015 ], [ 9.559229078248279, 12.298583625510958 ], [ 9.554399504966796, 12.294091824458974 ], [ 9.554550098069114, 12.283350356160668 ], [ 9.56207979118517, 12.271284074962182 ], [ 9.56626282202734, 12.265785448226097 ], [ 9.562983353799098, 12.26142463026315 ], [ 9.554943746336562, 12.251123842264235 ], [ 9.527853012929711, 12.218185949884514 ], [ 9.531675188526719, 12.208318209179822 ], [ 9.525168130105442, 12.208001272964509 ], [ 9.49930857553511, 12.206979130269985 ], [ 9.494109923002839, 12.204179179367543 ], [ 9.48837530810647, 12.202983438555123 ], [ 9.474780027869087, 12.19489895206209 ], [ 9.4662235570554, 12.186163711126881 ], [ 9.461414109787597, 12.182105106369249 ], [ 9.460605898238441, 12.183579093370781 ], [ 9.460605898238441, 12.185437696633585 ], [ 9.459595758552098, 12.18630891322556 ], [ 9.458526199825371, 12.18630891322556 ], [ 9.457753741300564, 12.185670020791463 ], [ 9.456624762533465, 12.185089210396825 ], [ 9.455852304008602, 12.184159907765434 ], [ 9.454723325241503, 12.183811418528649 ], [ 9.454034805773688, 12.184073492706716 ], [ 9.452792950929904, 12.18440474893174 ], [ 9.450988051703575, 12.184886193258876 ], [ 9.449791469890556, 12.185205372475764 ], [ 9.449508562698327, 12.184961372309942 ], [ 9.448781332204192, 12.184334151883775 ], [ 9.446971499974495, 12.183704936456252 ], [ 9.445902843248405, 12.184530849017449 ], [ 9.44464766039556, 12.185709058817963 ], [ 9.443703402754011, 12.185912025955872 ], [ 9.442156854703171, 12.185304997543426 ], [ 9.441504866260175, 12.185273132521786 ], [ 9.44007878729127, 12.186028188034811 ], [ 9.438474449201181, 12.186318593232158 ], [ 9.437583149595582, 12.185563538719123 ], [ 9.436698324994381, 12.185488369668008 ], [ 9.435622293263293, 12.185098890403424 ], [ 9.434909252778766, 12.183588773377323 ], [ 9.433997236159144, 12.182110992373282 ], [ 9.432710716284987, 12.181323581838228 ], [ 9.430571597831545, 12.180858924522568 ], [ 9.429026679781884, 12.181033170640944 ], [ 9.428194801216648, 12.181904402232874 ], [ 9.426531043086186, 12.183066038022162 ], [ 9.425104965117214, 12.183414528258936 ], [ 9.424510764713489, 12.182717547785387 ], [ 9.424629604794234, 12.181613992035579 ], [ 9.424629604794234, 12.180684678404134 ], [ 9.424629604794234, 12.179290701457035 ], [ 9.424213665511616, 12.177954799549354 ], [ 9.42331715590251, 12.177140949996328 ], [ 9.422015128017847, 12.176444641523233 ], [ 9.420410789927757, 12.176502725562727 ], [ 9.418449931595433, 12.176735057720578 ], [ 9.417261533788007, 12.177896716509849 ], [ 9.416191975061281, 12.179348784496483 ], [ 9.415419515536428, 12.181149334719862 ], [ 9.414468796890446, 12.182833710864315 ], [ 9.413102137961857, 12.184808483206098 ], [ 9.411794900073687, 12.186434755311041 ], [ 9.410190561983597, 12.187596372100302 ], [ 9.408527270853483, 12.18833762960395 ], [ 9.407160144924603, 12.188351419613355 ], [ 9.405971747117121, 12.189396867323694 ], [ 9.405943560097967, 12.190607816146439 ], [ 9.406209426278622, 12.19189430902054 ], [ 9.406506526480484, 12.19340437804658 ], [ 9.406447106440112, 12.194682122914742 ], [ 9.405861206042005, 12.195708199611943 ], [ 9.405199286592278, 12.195843702703996 ], [ 9.405199286592278, 12.196714885295933 ], [ 9.404559625157674, 12.197524460846012 ], [ 9.403329305321677, 12.197825171050283 ], [ 9.402822489977325, 12.197121435572171 ], [ 9.402465970735079, 12.19619217594078 ], [ 9.403119590179188, 12.195320993348844 ], [ 9.403832628663679, 12.19439172671747 ], [ 9.403535529461806, 12.193694775243898 ], [ 9.402489197750867, 12.193719411260645 ], [ 9.4018717713314, 12.194275567638499 ], [ 9.400980471725802, 12.195320993348844 ], [ 9.400655952505304, 12.196230310966655 ], [ 9.399435553676085, 12.19752798584841 ], [ 9.397774543547484, 12.198518572521436 ], [ 9.397118177101504, 12.199154179953325 ], [ 9.395573258051854, 12.19903802287439 ], [ 9.394979058648119, 12.198457241479787 ], [ 9.394357531225808, 12.197925002118154 ], [ 9.393790659840647, 12.198283006361407 ], [ 9.393137041396528, 12.197992614164093 ], [ 9.392602262033165, 12.19729567169054 ], [ 9.392661682073538, 12.196424492098629 ], [ 9.392899362235028, 12.195320993348844 ], [ 9.393315300517656, 12.194333647677979 ], [ 9.393968919961765, 12.193288219967656 ], [ 9.395038478688491, 12.192649344533606 ], [ 9.395454418971099, 12.191720069902203 ], [ 9.39551738201385, 12.190800100277102 ], [ 9.394919638607746, 12.190035749757783 ], [ 9.393795742844077, 12.189572232442799 ], [ 9.39248808595562, 12.189460756367112 ], [ 9.391057343983505, 12.189338787284214 ], [ 9.389809525135661, 12.189164546165841 ], [ 9.388383447166689, 12.188816063929039 ], [ 9.387313888439962, 12.189396867323694 ], [ 9.386006648551756, 12.190209989876166 ], [ 9.386280439737789, 12.19119745454708 ], [ 9.386838528116982, 12.191720069902203 ], [ 9.388026926924454, 12.192184708217894 ], [ 9.388264607085944, 12.193230139928176 ], [ 9.387300525430874, 12.194091077513178 ], [ 9.385812602419946, 12.194369079702085 ], [ 9.384758830703959, 12.194565963835828 ], [ 9.38386753209835, 12.193694775243898 ], [ 9.382010140836314, 12.19131803062902 ], [ 9.379305621998753, 12.190236922894428 ], [ 9.377196792565883, 12.189029178073838 ], [ 9.376883214352802, 12.187489890027962 ], [ 9.376883214352802, 12.186179935137943 ], [ 9.377530401792569, 12.184344568890879 ], [ 9.378124602196294, 12.182021302312307 ], [ 9.378077066163996, 12.181161687728263 ], [ 9.377738224933751, 12.180462451253163 ], [ 9.376809926303054, 12.179676256718949 ], [ 9.375219456222396, 12.179009969266247 ], [ 9.373988975386339, 12.178327265802409 ], [ 9.373456021024197, 12.178401587852875 ], [ 9.372958779686371, 12.178646908019573 ], [ 9.372295995236016, 12.179567560645125 ], [ 9.370964989331696, 12.180926686568569 ], [ 9.369182391120489, 12.182146410397309 ], [ 9.367010560644815, 12.183195352110033 ], [ 9.364072276648415, 12.182843391870904 ], [ 9.363002717921688, 12.182611064713058 ], [ 9.360982439548991, 12.183424208265535 ], [ 9.358843323095584, 12.183075718028761 ], [ 9.357476664166995, 12.183133800068219 ], [ 9.356110006238396, 12.184179267778575 ], [ 9.354743347309807, 12.185166651449435 ], [ 9.353436109421637, 12.184876245252099 ], [ 9.352723069937156, 12.184179267778575 ], [ 9.353020169139029, 12.182669145752527 ], [ 9.352739791948522, 12.181752312129561 ], [ 9.351772351291174, 12.181100933686992 ], [ 9.350702791564458, 12.18081052348964 ], [ 9.349039034433986, 12.181275179805368 ], [ 9.347553536424698, 12.182030246318391 ], [ 9.346483976697982, 12.182727227791986 ], [ 9.34482021856752, 12.182611064713058 ], [ 9.343453559638931, 12.182727227791986 ], [ 9.341730382468143, 12.182901472910373 ], [ 9.341675024430515, 12.181046123649708 ], [ 9.341908641589271, 12.178254893753206 ], [ 9.341867119561016, 12.177382837160678 ], [ 9.341908641589271, 12.175873491135178 ], [ 9.341433283266269, 12.174769907385325 ], [ 9.340482563620299, 12.174421405148564 ], [ 9.340007204297308, 12.173492065517109 ], [ 9.338937645570581, 12.173898651793365 ], [ 9.338759386449453, 12.174944156503727 ], [ 9.33959126501469, 12.175757324056235 ], [ 9.340423143579926, 12.176396240490362 ], [ 9.340957922943289, 12.176977070885016 ], [ 9.340720242781799, 12.17779023243753 ], [ 9.339888364216563, 12.17808064563485 ], [ 9.338759386449453, 12.178138728674298 ], [ 9.337868086843855, 12.177674066358577 ], [ 9.337036208278676, 12.177035153924464 ], [ 9.33620432871345, 12.175931574174626 ], [ 9.335550709269341, 12.175002239543176 ], [ 9.334837669784861, 12.174072903911735 ], [ 9.333768111058134, 12.173840568753917 ], [ 9.332936232492898, 12.173375899438156 ], [ 9.332817393412199, 12.172330387727811 ], [ 9.333114491614026, 12.171226788977947 ], [ 9.333655078981337, 12.170492082478745 ], [ 9.334405182491025, 12.169472618786074 ], [ 9.335313030107841, 12.168961492438825 ], [ 9.335702371372406, 12.16838337304597 ], [ 9.336382587834578, 12.166812346978531 ], [ 9.33596664855196, 12.165708724228693 ], [ 9.334400340487718, 12.164760767584596 ], [ 9.333772866061395, 12.165318389963488 ], [ 9.333601735945081, 12.16626634460755 ], [ 9.333088346596298, 12.167047011137981 ], [ 9.332175656976119, 12.168608336198872 ], [ 9.331434097472311, 12.167883435706301 ], [ 9.330749579007204, 12.16687972502433 ], [ 9.330578450890926, 12.165708724228693 ], [ 9.331091839239718, 12.164649242508801 ], [ 9.331548182549795, 12.163533994751049 ], [ 9.331091839239718, 12.161916876652299 ], [ 9.332289744053639, 12.161136195121856 ], [ 9.333658779983864, 12.160578563743002 ], [ 9.334218304364015, 12.159916443293127 ], [ 9.334504311558362, 12.159577992063134 ], [ 9.334457382526466, 12.158626847416883 ], [ 9.333772866061395, 12.157846155886432 ], [ 9.332574959247438, 12.157567336697014 ], [ 9.331833398743584, 12.156953935280228 ], [ 9.330749579007204, 12.156730879128645 ], [ 9.329722802309561, 12.15734428154542 ], [ 9.328239682301842, 12.158348029227454 ], [ 9.32681360433287, 12.159686353136749 ], [ 9.326505753123683, 12.160049682383658 ], [ 9.32563793253405, 12.161073890079535 ], [ 9.324817092976332, 12.162753318220609 ], [ 9.324189617550019, 12.164203144205715 ], [ 9.322934669697304, 12.165485676077139 ], [ 9.322361629307977, 12.166467494744268 ], [ 9.321679721844646, 12.166489391759114 ], [ 9.321622676805873, 12.165597200152945 ], [ 9.321451547689605, 12.164203144205715 ], [ 9.321223374534554, 12.163032132410081 ], [ 9.320933094337363, 12.161532647391255 ], [ 9.320656629149482, 12.161240291192598 ], [ 9.320139105797864, 12.160693017820734 ], [ 9.319740254526891, 12.160690090818775 ], [ 9.319922852650961, 12.161389653294066 ], [ 9.319984324692712, 12.161625159454104 ], [ 9.319169823139305, 12.162809081258501 ], [ 9.317971917325394, 12.163533994751049 ], [ 9.316602882395159, 12.163255181561624 ], [ 9.315576104697527, 12.162920606334296 ], [ 9.31680071552961, 12.161978047693879 ], [ 9.315972586966893, 12.16116167313919 ], [ 9.315005675309919, 12.161191958159748 ], [ 9.314232108784324, 12.16235761295178 ], [ 9.312778876796926, 12.162572358097691 ], [ 9.311697172061997, 12.161861113614407 ], [ 9.311069696635627, 12.160913142970344 ], [ 9.31049926624803, 12.159574826060975 ], [ 9.310042920937974, 12.157957683962252 ], [ 9.308959101201594, 12.156452059939227 ], [ 9.307647110310143, 12.155782891484535 ], [ 9.305878772108656, 12.155281013143565 ], [ 9.304167478945885, 12.155002190954121 ], [ 9.304395651100947, 12.156396295901345 ], [ 9.303996348829628, 12.157734628810658 ], [ 9.303026615170722, 12.158905664606323 ], [ 9.302285054666868, 12.159351771909428 ], [ 9.300818570670458, 12.161093211092691 ], [ 9.30020060425062, 12.162766097229337 ], [ 9.299202348572351, 12.16364900482921 ], [ 9.297966413732581, 12.163974286050234 ], [ 9.297063231118898, 12.163834879955516 ], [ 9.297300911280388, 12.16309137945035 ], [ 9.29749105540958, 12.16230140791356 ], [ 9.297158303183494, 12.161372026282095 ], [ 9.296350191634417, 12.16053557971378 ], [ 9.295114256794648, 12.160349702587496 ], [ 9.294401218310213, 12.161000273029515 ], [ 9.293640642793434, 12.161883186629439 ], [ 9.293309650568517, 12.162909745326942 ], [ 9.292499780018261, 12.163230785545068 ], [ 9.291323471219016, 12.162848778285479 ], [ 9.289980375306413, 12.163277254576599 ], [ 9.288927857591318, 12.162974742371091 ], [ 9.287983865949911, 12.163230785545068 ], [ 9.287223290433133, 12.162859035292456 ], [ 9.287413433562335, 12.162208469850441 ], [ 9.288364153208306, 12.162394345976736 ], [ 9.288696905434392, 12.161697309503154 ], [ 9.288411689240604, 12.161139681124268 ], [ 9.287556041659229, 12.161093211092691 ], [ 9.286652859045546, 12.160628518776946 ], [ 9.286177499722555, 12.159792071208585 ], [ 9.285939819561065, 12.158676802450827 ], [ 9.286225035754853, 12.15728270950359 ], [ 9.286700395077844, 12.156120959714258 ], [ 9.286754071114331, 12.155307634161659 ], [ 9.28679546714244, 12.154680383735467 ], [ 9.285987355593363, 12.153565093977647 ], [ 9.284466205559795, 12.153332741819781 ], [ 9.282750400393979, 12.151919981859919 ], [ 9.28132883342812, 12.151334500462099 ], [ 9.279665075297657, 12.15105567527263 ], [ 9.279830962410358, 12.152873031507454 ], [ 9.276947362451097, 12.155864713540154 ], [ 9.276510992154613, 12.158033837013988 ], [ 9.276146925907256, 12.159843536243557 ], [ 9.274958528099774, 12.159262666848917 ], [ 9.274126648534548, 12.157055356349133 ], [ 9.272938249727133, 12.155080378007256 ], [ 9.270669963185924, 12.154679377734794 ], [ 9.272951978736444, 12.191509690759233 ], [ 9.265251155504075, 12.196806520358166 ], [ 9.263559635354795, 12.197926437119122 ], [ 9.261692524086186, 12.197604267900203 ], [ 9.259838621826532, 12.196442695110989 ], [ 9.256416033501011, 12.196024527826864 ], [ 9.253373734433922, 12.196675010268848 ], [ 9.235595290354297, 12.20141419148888 ], [ 9.230128655639987, 12.204434212540832 ], [ 9.233456172900901, 12.208940950602937 ], [ 9.23203009393194, 12.210241851486842 ], [ 9.22523268831344, 12.218049216791599 ], [ 9.222163183227849, 12.225830055078291 ], [ 9.204648209327218, 12.244441316723794 ], [ 9.203451848514362, 12.246738629284721 ], [ 9.201682674312281, 12.250135855592987 ], [ 9.200640649604281, 12.249610792236183 ], [ 9.196484988780696, 12.247516791813439 ], [ 9.193975091075345, 12.245565715487771 ], [ 9.190609545788618, 12.243447386048445 ], [ 9.18541040525605, 12.237498651006547 ], [ 9.179991306574038, 12.232063266313503 ], [ 9.176015002872305, 12.231745890097841 ], [ 9.175509848529089, 12.235709167790731 ], [ 9.170291023983168, 12.235258719484648 ], [ 9.159349188548674, 12.230890307516518 ], [ 9.151239368038432, 12.23103883961744 ], [ 9.146171891595316, 12.239176610146671 ], [ 9.146451457785304, 12.251557380558836 ], [ 9.157024154968951, 12.259375844871101 ], [ 9.164105955780656, 12.273694521599964 ], [ 9.160047366023036, 12.277296914047611 ], [ 9.151433413170253, 12.283593328325765 ], [ 9.146256382652723, 12.280602192293429 ], [ 9.145966779455932, 12.280434867179736 ], [ 9.128797115790007, 12.270861800675277 ], [ 9.128586463646855, 12.270961822743232 ], [ 9.123529813211121, 12.275882900086856 ], [ 9.115591309817262, 12.281317381779331 ], [ 9.113547264428405, 12.283175299041716 ], [ 9.118687385920907, 12.296534656118752 ], [ 9.125162882320694, 12.308170589024826 ], [ 9.129292846126816, 12.311154741052405 ], [ 9.145609148212941, 12.325633018889732 ], [ 9.158421815918587, 12.333562369277331 ], [ 9.16552095174211, 12.34019845878629 ], [ 9.166096811133343, 12.340367035900783 ], [ 9.166137972161323, 12.340358145894754 ], [ 9.180423470867652, 12.337272868798493 ], [ 9.216503254382189, 12.335392115520563 ], [ 9.221209311579742, 12.329819433734201 ], [ 9.222171678233622, 12.329290646374943 ], [ 9.238112096064356, 12.320531765423652 ], [ 9.263202668112228, 12.314156289091841 ], [ 9.263234954134191, 12.314040533013213 ], [ 9.28455983562344, 12.299113114870693 ], [ 9.290627456746108, 12.307203275367613 ], [ 9.313413025227817, 12.298362504360682 ], [ 9.331345738412267, 12.287822943199558 ], [ 9.335579580288936, 12.285481876608912 ], [ 9.341128298059061, 12.29287860963467 ], [ 9.348186772854945, 12.309002724590243 ], [ 9.357361824088969, 12.325737130960476 ], [ 9.367236167798126, 12.336267932115675 ], [ 9.38792228985335, 12.345666556501556 ], [ 9.395747100169956, 12.340481489978572 ], [ 9.401213732884287, 12.336998644612152 ], [ 9.407749926325323, 12.330032816879168 ], [ 9.416788311466462, 12.315087948724852 ], [ 9.43213280289234, 12.327047732850986 ], [ 9.440112068313852, 12.330652576300281 ], [ 9.44542216292183, 12.334444529876748 ], [ 9.466899754514827, 12.343537637055078 ], [ 9.469584971339316, 12.345165777161355 ], [ 9.48193648673157, 12.347284998601253 ], [ 9.50519244853291, 12.350664793897636 ], [ 9.507068750807775, 12.351865483713482 ], [ 9.516451621183023, 12.35701355121131 ], [ 9.534899997717787, 12.367199998132548 ], [ 9.544100000968797, 12.372299998597782 ], [ 9.554363665942446, 12.378225567623929 ], [ 9.561268657634059, 12.3828653667764 ], [ 9.570050527600927, 12.387047292617865 ], [ 9.579150900784214, 12.39126295148219 ], [ 9.587618589537612, 12.379774604676413 ], [ 9.59297302217567, 12.371054219751329 ], [ 9.596881270831148, 12.365640369072878 ], [ 9.596960304884874, 12.365530886998442 ], [ 9.602193585440659, 12.35828137407276 ], [ 9.602167631423015, 12.358156799988137 ], [ 9.606953459674742, 12.350193025577084 ], [ 9.604939654306463, 12.348567462472602 ], [ 9.601741659133552, 12.346496380065389 ], [ 9.601109673704173, 12.34566451950019 ], [ 9.601596988035283, 12.343151808792925 ], [ 9.602199414444613, 12.339344196205843 ], [ 9.602164857421087, 12.339137966065721 ], [ 9.60189518423789, 12.338814676846027 ], [ 9.60140358790386, 12.338216956439908 ], [ 9.601118051709875, 12.337617332032494 ], [ 9.601106630702077, 12.336977732597916 ], [ 9.601038101655547, 12.336372398186654 ], [ 9.601066655674913, 12.335704244732653 ], [ 9.60118848375771, 12.335032286276089 ], [ 9.601416912912896, 12.333909179513 ], [ 9.601426430919389, 12.333604609306065 ], [ 9.601512090977565, 12.333433288189667 ], [ 9.601816662184547, 12.332253075387769 ], [ 9.60199750130738, 12.331272736721644 ], [ 9.602471489629465, 12.331051922571646 ] ] ] ] } },
{ "type": "Feature", "properties": { "fid": 627.0, "OBJECTID": 627.0, "lganame": "Dutse", "statecode": "JI", "LGA_UID": "17_06" }, "geometry": { "type": "MultiPolygon", "coordinates": [ [ [ [ 9.3344415175157, 12.032900019991416 ], [ 9.336701184051037, 12.026397938573552 ], [ 9.350596889492522, 12.029858078924576 ], [ 9.352896514054976, 12.029616474760417 ], [ 9.356140842259379, 12.029721081831497 ], [ 9.359714135687227, 12.026631319732132 ], [ 9.367015656648277, 12.025403912898184 ], [ 9.371636150787708, 12.023283834457686 ], [ 9.377595891837075, 12.020238772388723 ], [ 9.379318007007157, 12.017364116435488 ], [ 9.380414114751886, 12.015722542320134 ], [ 9.38105585018792, 12.012932860424655 ], [ 9.381341066381708, 12.009236486913153 ], [ 9.38155497752706, 12.004145174453868 ], [ 9.381005406153633, 12.000769900160492 ], [ 9.381480765476624, 11.996143405017051 ], [ 9.383215827655533, 11.989959121815104 ], [ 9.384300001392205, 11.986499999464797 ], [ 9.384399999460129, 11.983100001154639 ], [ 9.385960927520728, 11.980243726213928 ], [ 9.387487878558204, 11.974824178531605 ], [ 9.389986313255747, 11.973574961682857 ], [ 9.394031397004198, 11.974883665572008 ], [ 9.397991376694847, 11.975397995921526 ], [ 9.398956449350578, 11.973054097328941 ], [ 9.39996381003499, 11.970607460666542 ], [ 9.401650797181219, 11.964271541361597 ], [ 9.407532507177564, 11.945186473394187 ], [ 9.390050976299676, 11.918854084502584 ], [ 9.392039179650567, 11.907652973891913 ], [ 9.40487388537116, 11.90893207876104 ], [ 9.420297163850591, 11.909348203043749 ], [ 9.427799999948377, 11.910500000826346 ], [ 9.440428319528735, 11.910358342730092 ], [ 9.444240850119172, 11.910020311500432 ], [ 9.453736440570992, 11.912941828485486 ], [ 9.454332583976054, 11.910707186967159 ], [ 9.453227373225104, 11.910428111777492 ], [ 9.453548241443116, 11.908753653639792 ], [ 9.452157814498378, 11.908404808402793 ], [ 9.452157814498378, 11.906765223288744 ], [ 9.45197955437726, 11.905927983719891 ], [ 9.452050858425707, 11.904951202056225 ], [ 9.451230862868556, 11.904079073463663 ], [ 9.451195210844332, 11.902718544539255 ], [ 9.451765643231909, 11.901358009614796 ], [ 9.450410868311394, 11.90069518316443 ], [ 9.449485945682966, 11.900409801970568 ], [ 9.449483916681572, 11.897799657197083 ], [ 9.447130888082825, 11.893299320139306 ], [ 9.436247609688166, 11.891954370225449 ], [ 9.424936193002566, 11.889073595268144 ], [ 9.4257673235673, 11.884645583259498 ], [ 9.410639478288601, 11.879406048699479 ], [ 9.409106723247191, 11.878979389409608 ], [ 9.407110212890643, 11.878653763188311 ], [ 9.406303020342193, 11.878459062056038 ], [ 9.405018631469545, 11.87832813696707 ], [ 9.403402409371381, 11.877909473682621 ], [ 9.402309081628516, 11.877630365492962 ], [ 9.40074039556265, 11.877723400556192 ], [ 9.399504461722927, 11.877118665145304 ], [ 9.397158002128606, 11.87641498166721 ], [ 9.397317254236782, 11.875519481058745 ], [ 9.397477554345699, 11.874953850674444 ], [ 9.397477554345699, 11.874011847034353 ], [ 9.397548858394146, 11.872686059133571 ], [ 9.397620161442603, 11.871499821327575 ], [ 9.397708663502726, 11.87058994970937 ], [ 9.39531955487945, 11.869975189291665 ], [ 9.396374852596466, 11.866262908769329 ], [ 9.39764406345887, 11.866639722025354 ], [ 9.398357101943304, 11.867072358319319 ], [ 9.399606040791923, 11.867024054286503 ], [ 9.400342252292148, 11.866313764803863 ], [ 9.40053239642134, 11.865197280045265 ], [ 9.40129297093813, 11.864127311318271 ], [ 9.402485658748503, 11.863452441859749 ], [ 9.403004265100833, 11.861894318801092 ], [ 9.40405005581141, 11.860033477536717 ], [ 9.404525415134401, 11.8589169677781 ], [ 9.405476133780382, 11.857428279766623 ], [ 9.405708493938221, 11.856328998019706 ], [ 9.406664532587854, 11.85473001293326 ], [ 9.407662788266123, 11.852776077605654 ], [ 9.408375826750557, 11.850822130278061 ], [ 9.409706832654933, 11.848961214013627 ], [ 9.404620487198997, 11.848309889571112 ], [ 9.399305927587989, 11.847102016750398 ], [ 9.399517079731481, 11.846088204061573 ], [ 9.396602462751105, 11.845266418503229 ], [ 9.398406914977159, 11.833973962830498 ], [ 9.398406575976935, 11.833973564830217 ], [ 9.397831817586393, 11.833568430554976 ], [ 9.389455362895035, 11.833897938778875 ], [ 9.379605744202649, 11.82409725211977 ], [ 9.375327509295801, 11.815140602034148 ], [ 9.371251300526183, 11.80413631555723 ], [ 9.365517484630345, 11.79711543578685 ], [ 9.36447736492363, 11.795841822921489 ], [ 9.362882544840033, 11.7860602822754 ], [ 9.362882518840024, 11.786060121275284 ], [ 9.367780445167909, 11.778052396834426 ], [ 9.366720430447685, 11.772344622956268 ], [ 9.366720865447974, 11.772344526956203 ], [ 9.373286780909211, 11.771694000514231 ], [ 9.379168808905774, 11.76843889830252 ], [ 9.383816794063875, 11.764973466947936 ], [ 9.385195303000501, 11.76386918619761 ], [ 9.388806153453913, 11.764174875405331 ], [ 9.391690059413406, 11.761643128685137 ], [ 9.39093714690182, 11.759269570072377 ], [ 9.392441771924155, 11.758064261253423 ], [ 9.396581236736722, 11.752435912429235 ], [ 9.396374575596269, 11.747201564872739 ], [ 9.396316224556642, 11.746207108197041 ], [ 9.397979983687094, 11.744054600734557 ], [ 9.404009184783661, 11.734677863363459 ], [ 9.406769884659411, 11.728825197386868 ], [ 9.404893754384659, 11.724639989543221 ], [ 9.414953820220035, 11.71799248602656 ], [ 9.416736418431185, 11.708566911622313 ], [ 9.417092937673431, 11.704494032854996 ], [ 9.427702283882013, 11.702664425611829 ], [ 9.425187071173013, 11.690425338295995 ], [ 9.421112602404605, 11.675381140074137 ], [ 9.433129400569442, 11.675976712478814 ], [ 9.442499707936122, 11.676859514078615 ], [ 9.447247577162102, 11.676814652048165 ], [ 9.449386693615509, 11.670949016062707 ], [ 9.450365726280722, 11.665699994496265 ], [ 9.451271859896394, 11.660787299158301 ], [ 9.455348680666418, 11.657168767699716 ], [ 9.455676576889232, 11.655149625327795 ], [ 9.456160567218035, 11.648532761831916 ], [ 9.458317715683734, 11.625247026010356 ], [ 9.480959505067801, 11.613607518101844 ], [ 9.464425955834031, 11.593599874507618 ], [ 9.436100088587921, 11.582274643812639 ], [ 9.420423354936304, 11.55791446926105 ], [ 9.377728130926926, 11.561323036577051 ], [ 9.370620491097611, 11.561158529465274 ], [ 9.370589748076725, 11.561055348395143 ], [ 9.367388771901801, 11.560981261344807 ], [ 9.360311527093131, 11.560817456233508 ], [ 9.354788469340463, 11.569400005064949 ], [ 9.35368526759089, 11.572481701158836 ], [ 9.327360636704555, 11.577111348304413 ], [ 9.318972923005504, 11.580634052697974 ], [ 9.311695424060758, 11.58882103726063 ], [ 9.296988991068474, 11.600171487972716 ], [ 9.290036144344299, 11.606837769502135 ], [ 9.285515207272567, 11.610286350845286 ], [ 9.284307964452296, 11.611292897529211 ], [ 9.28190722782108, 11.613094104753031 ], [ 9.279599404253077, 11.616056620765903 ], [ 9.269142435148012, 11.627138114295292 ], [ 9.267538471058231, 11.630988205911251 ], [ 9.268803472917739, 11.631705393398533 ], [ 9.277752287997998, 11.638741300179106 ], [ 9.273991100442458, 11.644108899826108 ], [ 9.254468788177974, 11.642700533869231 ], [ 9.241398688297465, 11.645355391673036 ], [ 9.241170254142219, 11.65713500067676 ], [ 9.237571816697255, 11.661899703914116 ], [ 9.23351323093965, 11.663059914702444 ], [ 9.235241202113741, 11.672631778206096 ], [ 9.233344090824744, 11.673118363536673 ], [ 9.233971564251078, 11.675576341206749 ], [ 9.233001830592173, 11.676637733927919 ], [ 9.233943813232202, 11.679651193975417 ], [ 9.244567209450338, 11.678453130161415 ], [ 9.24482286562403, 11.67932419875325 ], [ 9.243648172825885, 11.682718113059252 ], [ 9.243509946731933, 11.683750700760868 ], [ 9.243702006862463, 11.68971274381181 ], [ 9.248594765186851, 11.69020076914336 ], [ 9.24887998038065, 11.696680443546029 ], [ 9.246427124714046, 11.702377963417234 ], [ 9.236312350841501, 11.718787461566706 ], [ 9.22575462566806, 11.735739993085133 ], [ 9.208864254191838, 11.731823670424205 ], [ 9.20252898788732, 11.730494468521044 ], [ 9.192965621389476, 11.720573426780163 ], [ 9.192126299819165, 11.717179165473965 ], [ 9.191598651460652, 11.716550801046992 ], [ 9.191170828169959, 11.715880544591585 ], [ 9.190861843960022, 11.715536108357583 ], [ 9.190419525659536, 11.715240154156447 ], [ 9.190291413572481, 11.715154433098235 ], [ 9.189293157894213, 11.713637038067247 ], [ 9.188665684467878, 11.712817826510616 ], [ 9.187306898544648, 11.711869784866451 ], [ 9.186320013874081, 11.711676516735167 ], [ 9.184487226628789, 11.71120715241625 ], [ 9.18178034178959, 11.710019929609587 ], [ 9.182142432035619, 11.70900744492161 ], [ 9.182605723350378, 11.70733943478831 ], [ 9.177764179060773, 11.704687094986184 ], [ 9.174281854694698, 11.702779359689941 ], [ 9.172781382675225, 11.702700819636561 ], [ 9.171219263613864, 11.702619053581031 ], [ 9.165719211876819, 11.70657220526698 ], [ 9.157363498199516, 11.719222983862608 ], [ 9.157159506060907, 11.741536161023362 ], [ 9.152895189163473, 11.74942003338009 ], [ 9.141502207422491, 11.759364582136925 ], [ 9.148214834983435, 11.765552567341388 ], [ 9.142713326245371, 11.772769134244697 ], [ 9.141563876464375, 11.786665543686638 ], [ 9.140358195645206, 11.788852302172472 ], [ 9.138907563659529, 11.793699412465855 ], [ 9.142298586963591, 11.818514206326313 ], [ 9.143934870075384, 11.826556042790401 ], [ 9.152298244757901, 11.829478430776021 ], [ 9.174044948533776, 11.829246194618236 ], [ 9.187067169381748, 11.834580514242646 ], [ 9.190192689505409, 11.83762106030855 ], [ 9.195719403260512, 11.848432346654306 ], [ 9.196591054852775, 11.851300023602732 ], [ 9.198286344004657, 11.861179394315343 ], [ 9.206022924261276, 11.863397779822606 ], [ 9.212333320548908, 11.868596408354847 ], [ 9.21558857976072, 11.875555202083035 ], [ 9.212386954585327, 11.878985420413699 ], [ 9.220204931897285, 11.887963877514096 ], [ 9.22216579022961, 11.890987426568472 ], [ 9.226028084853851, 11.893313212148769 ], [ 9.230000263552768, 11.894658305062649 ], [ 9.229202586010786, 11.901051598406639 ], [ 9.226550037208483, 11.908821296685744 ], [ 9.206105272317245, 11.905194012221216 ], [ 9.204724217378896, 11.905020656103375 ], [ 9.202028047546946, 11.90468222087344 ], [ 9.202697587001865, 11.910769300009349 ], [ 9.20453658525139, 11.916287245758497 ], [ 9.207032222947078, 11.924240606162471 ], [ 9.207529031284594, 11.938831834076495 ], [ 9.207455562234713, 11.94630177015199 ], [ 9.207014629935088, 11.956504682084358 ], [ 9.201046072879763, 11.961946889782098 ], [ 9.203205579347014, 11.964480567503642 ], [ 9.204393977154496, 11.965817534411997 ], [ 9.205166436679349, 11.967968291873376 ], [ 9.207943319566084, 11.970724750746228 ], [ 9.209206993424687, 11.97197911859854 ], [ 9.210930169595542, 11.975583000047209 ], [ 9.223018089808704, 11.989609093577258 ], [ 9.227692218984544, 11.990418067126939 ], [ 9.234735421770097, 11.990798781385593 ], [ 9.24995087710829, 11.994066720606043 ], [ 9.250202888279489, 11.995578652633299 ], [ 9.249233154620583, 11.996415615201954 ], [ 9.249746542969433, 11.996806196467389 ], [ 9.251001491822137, 11.996583007315735 ], [ 9.251857139403455, 11.997419964884386 ], [ 9.25162896724845, 11.998480108604724 ], [ 9.252313483713522, 11.999149671059627 ], [ 9.251971226480975, 12.000154010742051 ], [ 9.252256440674785, 12.001437328613974 ], [ 9.251971226480975, 12.002720641485951 ], [ 9.252712785984841, 12.003892356282051 ], [ 9.255108597612718, 12.003724968168342 ], [ 9.257390323163008, 12.003445988978797 ], [ 9.258588228976919, 12.003892356282051 ], [ 9.258588228976919, 12.004840882926544 ], [ 9.260242480100942, 12.005622020457281 ], [ 9.262527526653514, 12.005265904215321 ], [ 9.264368241904208, 12.008579191466538 ], [ 9.265287701528905, 12.011357324354151 ], [ 9.266429843304934, 12.013736784970888 ], [ 9.267409912970834, 12.014054196186578 ], [ 9.268092324434519, 12.015282537021164 ], [ 9.268952072018692, 12.016830084072637 ], [ 9.27026122690819, 12.016861502094002 ], [ 9.270986108400734, 12.017948358832484 ], [ 9.271997782088079, 12.019495080883416 ], [ 9.273246362936447, 12.020008890232532 ], [ 9.274581621843708, 12.021563531288791 ], [ 9.276423579095251, 12.021779363435485 ], [ 9.278136792259261, 12.022207665726455 ], [ 9.279088575905973, 12.023730520761205 ], [ 9.277696420960069, 12.025190085752911 ], [ 9.283285438757559, 12.03202180539472 ], [ 9.292443509979989, 12.036805275644838 ], [ 9.301285194987543, 12.042453851482776 ], [ 9.306827318753164, 12.046395170160736 ], [ 9.319256092197918, 12.056889236290942 ], [ 9.319290613221369, 12.0568882972903 ], [ 9.319283251216348, 12.056858461270053 ], [ 9.328990954812298, 12.043199020989107 ], [ 9.33173196867466, 12.03826973263989 ], [ 9.3344415175157, 12.032900019991416 ] ] ] ] } },
{ "type": "Feature", "properties": { "fid": 628.0, "OBJECTID": 628.0, "lganame": "Maigatari", "statecode": "JI", "LGA_UID": "17_20" }, "geometry": { "type": "MultiPolygon", "coordinates": [ [ [ [ 9.700557638274404, 12.802607083971225 ], [ 9.720648696925309, 12.789857791308634 ], [ 9.728725866413356, 12.784007024333334 ], [ 9.743695056584215, 12.75405821098451 ], [ 9.746239427313014, 12.745727016323883 ], [ 9.74977126971271, 12.725262145418924 ], [ 9.749471330508925, 12.716723878617586 ], [ 9.749101651257774, 12.714721450257059 ], [ 9.764733712879035, 12.71667718958588 ], [ 9.770221575607763, 12.708251469861011 ], [ 9.777188301341312, 12.697939872854761 ], [ 9.787968635666061, 12.67504024529552 ], [ 9.791289882922683, 12.666626429578741 ], [ 9.79357160847303, 12.666162639263632 ], [ 9.796091013184821, 12.663240738278319 ], [ 9.798515345832016, 12.659112915473656 ], [ 9.799418529445688, 12.654799501542868 ], [ 9.797659699250687, 12.650532396643598 ], [ 9.795482117771087, 12.647162594353972 ], [ 9.7958355880113, 12.638454526437272 ], [ 9.787530417368316, 12.631514637721921 ], [ 9.780500000591474, 12.628100003401812 ], [ 9.780500000591474, 12.619577965611541 ], [ 9.765442961360918, 12.609182649548359 ], [ 9.740823729633291, 12.599001408630727 ], [ 9.722626495269139, 12.590499666854157 ], [ 9.709065115054841, 12.584163610549126 ], [ 9.702527557612825, 12.579888343644257 ], [ 9.703641740369903, 12.577122869765276 ], [ 9.698308742746349, 12.564490621182244 ], [ 9.691059510820878, 12.56295369813796 ], [ 9.688153845846614, 12.569080219300645 ], [ 9.664062786477871, 12.562655951935653 ], [ 9.611565231808243, 12.562710425972682 ], [ 9.589415564758554, 12.57649568933914 ], [ 9.562664739582658, 12.578882876961131 ], [ 9.566149443950337, 12.591058267233734 ], [ 9.566101907918039, 12.597970692930403 ], [ 9.56630155905367, 12.601998988667447 ], [ 9.564689398958308, 12.602015085678374 ], [ 9.563748878319245, 12.60204074069577 ], [ 9.561780889982117, 12.60215207777145 ], [ 9.559670293548038, 12.602319084884925 ], [ 9.558187172540329, 12.60240258794164 ], [ 9.556661268503547, 12.602472173988929 ], [ 9.555161551484559, 12.602548276040636 ], [ 9.551782778188851, 12.594351619471411 ], [ 9.509469213438763, 12.576933718636724 ], [ 9.475774585544855, 12.592518009225557 ], [ 9.482040236802106, 12.593048054585665 ], [ 9.49602985430738, 12.598970412609674 ], [ 9.498408296923401, 12.601365190236777 ], [ 9.498781130176724, 12.622678447718158 ], [ 9.496784618820186, 12.625566022680118 ], [ 9.495299998811447, 12.627300001858259 ], [ 9.493682897712745, 12.628244828500215 ], [ 9.492185516695315, 12.62897540799662 ], [ 9.488584668248734, 12.629984298682132 ], [ 9.484662952584074, 12.631132342462195 ], [ 9.481529767455243, 12.632284883245291 ], [ 9.480408350693267, 12.639629954235886 ], [ 9.4784232253445, 12.65263164506996 ], [ 9.475270811202563, 12.664287818989749 ], [ 9.470741640125198, 12.681033670367754 ], [ 9.460392176093251, 12.68155755672376 ], [ 9.452547782763361, 12.682514647374035 ], [ 9.443510525622969, 12.683617273123218 ], [ 9.43891195549844, 12.705804163198138 ], [ 9.411578300926521, 12.705410744930873 ], [ 9.409293461374091, 12.701548624306724 ], [ 9.40230666362686, 12.698139769990576 ], [ 9.394123952067105, 12.694147372277939 ], [ 9.392661942073744, 12.695105430928891 ], [ 9.366585465355968, 12.689636003212684 ], [ 9.349585328805176, 12.682141134120229 ], [ 9.349109970482232, 12.684088927443668 ], [ 9.34891982635304, 12.685387448325969 ], [ 9.34844446603006, 12.686500460082186 ], [ 9.348349393965464, 12.68770621790145 ], [ 9.348967362385338, 12.688633720531641 ], [ 9.34949025674058, 12.689468470098802 ], [ 9.350060688128167, 12.69085971204413 ], [ 9.351249086935638, 12.69248281914696 ], [ 9.353673419582833, 12.694059541218223 ], [ 9.355384713745593, 12.696656473982728 ], [ 9.355242106648689, 12.699763484093808 ], [ 9.355194570616391, 12.702499476952767 ], [ 9.355668420938343, 12.704267373153982 ], [ 9.341694362443661, 12.706580223725439 ], [ 9.341504218314469, 12.708620573111773 ], [ 9.340871216884352, 12.711440574027847 ], [ 9.339317564828718, 12.712562109789872 ], [ 9.338366846182737, 12.714509671113149 ], [ 9.337321055472216, 12.715158853554215 ], [ 9.335847441470946, 12.715344334680253 ], [ 9.334754113728081, 12.716271736310375 ], [ 9.333850931114398, 12.717848311381601 ], [ 9.333232963694513, 12.719193029295241 ], [ 9.32983959938889, 12.744649870592013 ], [ 9.327399998731323, 12.743599999878654 ], [ 9.32700000045952, 12.743399999742792 ], [ 9.326900002391596, 12.743399999742792 ], [ 9.326299999983917, 12.743099998538924 ], [ 9.325699999576216, 12.742899999403051 ], [ 9.324295532621989, 12.742334214018626 ], [ 9.32458142181622, 12.747244997355267 ], [ 9.322303391268406, 12.7514481452111 ], [ 9.320518796055865, 12.753423097552968 ], [ 9.320185670829517, 12.754945952587718 ], [ 9.320019108716338, 12.757039878010403 ], [ 9.321018483395392, 12.758681706125969 ], [ 9.323136202834235, 12.759300365546324 ], [ 9.328275839326409, 12.758943447303807 ], [ 9.330536326862273, 12.759300365546324 ], [ 9.332900000468271, 12.762307851589753 ], [ 9.337795168794344, 12.768218737605935 ], [ 9.344158070117601, 12.774948947178814 ], [ 9.35114326186374, 12.782460277282382 ], [ 9.332125746942211, 12.809890553919956 ], [ 9.334758557731107, 12.823026937845555 ], [ 9.36670709843861, 12.820846516364043 ], [ 9.38037289872392, 12.82231562636224 ], [ 9.413825205453179, 12.822458966459635 ], [ 9.430753942955448, 12.823119459908412 ], [ 9.452858157974219, 12.819179646231476 ], [ 9.475442451319168, 12.813689803501404 ], [ 9.49519744674177, 12.812464796669076 ], [ 9.52874929453867, 12.811265067853867 ], [ 9.536378813722592, 12.811126009759391 ], [ 9.556581591449401, 12.813119164113687 ], [ 9.590141969252102, 12.808553428011464 ], [ 9.602834065875811, 12.807580011350069 ], [ 9.615296090343179, 12.805909435214971 ], [ 9.623018639590271, 12.804277234105996 ], [ 9.634931564684564, 12.802434920854239 ], [ 9.639682453912542, 12.8079431585968 ], [ 9.64443387414093, 12.813416168315484 ], [ 9.659475003360683, 12.830891350189006 ], [ 9.66199038706975, 12.833807800170632 ], [ 9.680733489804823, 12.820853579368816 ], [ 9.69191428740163, 12.804970930577326 ], [ 9.700557638274404, 12.802607083971225 ] ] ] ] } },
{ "type": "Feature", "properties": { "fid": 640.0, "OBJECTID": 640.0, "lganame": "Gumel", "statecode": "JI", "LGA_UID": "17_09" }, "geometry": { "type": "MultiPolygon", "coordinates": [ [ [ [ 9.43891195549844, 12.705804163198138 ], [ 9.443510525622969, 12.683617273123218 ], [ 9.452547782763361, 12.682514647374035 ], [ 9.460392176093251, 12.68155755672376 ], [ 9.470741640125198, 12.681033670367754 ], [ 9.475270811202563, 12.664287818989749 ], [ 9.4784232253445, 12.65263164506996 ], [ 9.480408350693267, 12.639629954235886 ], [ 9.481529767455243, 12.632284883245291 ], [ 9.484662952584074, 12.631132342462195 ], [ 9.488584668248734, 12.629984298682132 ], [ 9.492185516695315, 12.62897540799662 ], [ 9.493682897712745, 12.628244828500215 ], [ 9.495299998811447, 12.627300001858259 ], [ 9.496784618820186, 12.625566022680118 ], [ 9.498781130176724, 12.622678447718158 ], [ 9.498408296923401, 12.601365190236777 ], [ 9.49602985430738, 12.598970412609674 ], [ 9.482040236802106, 12.593048054585665 ], [ 9.475774585544855, 12.592518009225557 ], [ 9.463094543929344, 12.591445330496697 ], [ 9.452841023962606, 12.588095374220586 ], [ 9.431629696550488, 12.555414242015274 ], [ 9.426543350094562, 12.557363000339365 ], [ 9.419228939124764, 12.560436820427867 ], [ 9.411008554539364, 12.561264925990542 ], [ 9.400371293311878, 12.560063878174503 ], [ 9.371621360777624, 12.544908223876917 ], [ 9.36671584444457, 12.541967887879139 ], [ 9.363721080409789, 12.541202260358887 ], [ 9.34429593221131, 12.539735177362104 ], [ 9.356519382516581, 12.558045541803097 ], [ 9.352390122710915, 12.563299052372656 ], [ 9.347721876539083, 12.570121875008397 ], [ 9.333171360652671, 12.579154226145477 ], [ 9.323799722285059, 12.583084942816242 ], [ 9.31767589312426, 12.590846443089788 ], [ 9.316876876581318, 12.592892877480267 ], [ 9.321609496796952, 12.595026773930158 ], [ 9.321211075526207, 12.597692944741652 ], [ 9.321163540493899, 12.600847549885088 ], [ 9.322209332204466, 12.604466021343683 ], [ 9.321554181759325, 12.614396993091304 ], [ 9.315140757401707, 12.621035254601679 ], [ 9.316789437521948, 12.633432489024983 ], [ 9.317003349667289, 12.639068212854227 ], [ 9.316432918279702, 12.645956150534232 ], [ 9.317046973696904, 12.654267506181441 ], [ 9.316452775293158, 12.65707355808803 ], [ 9.316761758503105, 12.65793160067102 ], [ 9.316999437664606, 12.658928782348539 ], [ 9.317365382913238, 12.659734440895932 ], [ 9.317189581793798, 12.660134671167896 ], [ 9.316666374438284, 12.66114071885147 ], [ 9.316333935212413, 12.662198581570237 ], [ 9.317070741713053, 12.662546430806572 ], [ 9.317522334019884, 12.662940658074433 ], [ 9.320631190132247, 12.661433611050484 ], [ 9.330833273064059, 12.661723914247716 ], [ 9.33689714318416, 12.662027283453824 ], [ 9.353147940225824, 12.663048662147787 ], [ 9.35550095382456, 12.664109447868555 ], [ 9.35448153113191, 12.664934978429471 ], [ 9.354243851970466, 12.666094459217277 ], [ 9.353435741421379, 12.667114797910529 ], [ 9.352389949710812, 12.668552540887447 ], [ 9.351819518323225, 12.669619248612207 ], [ 9.351486767097128, 12.671149733652101 ], [ 9.350916334709552, 12.672355565471435 ], [ 9.350298368289657, 12.67388603351128 ], [ 9.350536048451147, 12.675509248614219 ], [ 9.35096387074185, 12.676668682401953 ], [ 9.351154014871042, 12.678106371378817 ], [ 9.35065140752954, 12.679852381565127 ], [ 9.349585328805176, 12.682141134120229 ], [ 9.366585465355968, 12.689636003212684 ], [ 9.392661942073744, 12.695105430928891 ], [ 9.394123952067105, 12.694147372277939 ], [ 9.40230666362686, 12.698139769990576 ], [ 9.409293461374091, 12.701548624306724 ], [ 9.411578300926521, 12.705410744930873 ], [ 9.43891195549844, 12.705804163198138 ] ] ] ] } },
{ "type": "Feature", "properties": { "fid": 644.0, "OBJECTID": 644.0, "lganame": "Jahun", "statecode": "JI", "LGA_UID": "17_14" }, "geometry": { "type": "MultiPolygon", "coordinates": [ [ [ [ 9.550729470473186, 12.191568783799369 ], [ 9.580422637648326, 12.160568074735863 ], [ 9.587308861327188, 12.158986149661018 ], [ 9.58891319941722, 12.158840932562327 ], [ 9.592656654960763, 12.158434324286077 ], [ 9.594855193454521, 12.158289106187397 ], [ 9.597350830150219, 12.158114844069019 ], [ 9.599100002338673, 12.158100002058916 ], [ 9.601799998173192, 12.157600000719185 ], [ 9.603000000988573, 12.15700000231152 ], [ 9.606859788611075, 12.155688067420101 ], [ 9.608250673556142, 12.148949358841492 ], [ 9.607490100039342, 12.146346952073259 ], [ 9.609438162363006, 12.139218769230013 ], [ 9.609569798452412, 12.138737089902747 ], [ 9.611322541643347, 12.13794344936349 ], [ 9.6196764063194, 12.137719025211027 ], [ 9.638061510811212, 12.136270407226732 ], [ 9.646013432214147, 12.14134232267287 ], [ 9.648390228829101, 12.139669301536117 ], [ 9.650291667120996, 12.138646895841475 ], [ 9.652478319606757, 12.136323230262633 ], [ 9.653809326511123, 12.13307006305223 ], [ 9.653454687270141, 12.130989748638797 ], [ 9.657636516111495, 12.132794717865181 ], [ 9.662057359115238, 12.134607204096653 ], [ 9.665765162634557, 12.136559097422889 ], [ 9.669472967153808, 12.138162426512281 ], [ 9.672039907897954, 12.139417201364836 ], [ 9.678528564306646, 12.141090222501589 ], [ 9.684846834599625, 12.141964833095813 ], [ 9.686473672705006, 12.141665859892726 ], [ 9.686764818902816, 12.141544397810151 ], [ 9.687193122193833, 12.142015531130255 ], [ 9.687821299620623, 12.142486665450406 ], [ 9.688749290251167, 12.142586601518303 ], [ 9.690191243230913, 12.142829306683211 ], [ 9.690362564347311, 12.143928618430152 ], [ 9.689495262758044, 12.145601156566556 ], [ 9.689999502100648, 12.147372903770361 ], [ 9.691895128388637, 12.146562444219683 ], [ 9.694050728853256, 12.145018411170611 ], [ 9.691975839443444, 12.143267127980664 ], [ 9.691488209112151, 12.14280010166334 ], [ 9.690624304525159, 12.141972701101167 ], [ 9.691270196964012, 12.140784375293777 ], [ 9.69655619355558, 12.140579894154826 ], [ 9.704746188120282, 12.141585886838357 ], [ 9.706083137028713, 12.141934432075175 ], [ 9.706855595553577, 12.142486292450144 ], [ 9.708222254482109, 12.143125287884288 ], [ 9.709499783350168, 12.143531920160569 ], [ 9.710925861319083, 12.144112822555314 ], [ 9.712351939288055, 12.144751814989434 ], [ 9.713629468156057, 12.145477940482806 ], [ 9.716392495033404, 12.145826478719641 ], [ 9.722349649081025, 12.14633069606225 ], [ 9.724828265765154, 12.146267730019474 ], [ 9.726830161125349, 12.14145469374921 ], [ 9.730841827851066, 12.136378708300299 ], [ 9.73391937094209, 12.123775492737025 ], [ 9.745103167541004, 12.123789587746614 ], [ 9.755941362905048, 12.124812052441314 ], [ 9.763642186137361, 12.125369756820248 ], [ 9.769821859336162, 12.125927462199172 ], [ 9.775145251953177, 12.125672623026048 ], [ 9.782473126932132, 12.12481064644038 ], [ 9.789172314483892, 12.094106087578041 ], [ 9.794247120931971, 12.077958678606649 ], [ 9.795665506895716, 12.071225353031707 ], [ 9.795450939749912, 12.065664996253702 ], [ 9.796446858426577, 12.058911142664783 ], [ 9.796599998530667, 12.049607949343681 ], [ 9.798000000481863, 12.046092050954769 ], [ 9.800799999384367, 12.032900001991436 ], [ 9.80253251956151, 12.02748954631528 ], [ 9.806275976105042, 12.027692951453446 ], [ 9.808088284336407, 12.02836127790755 ], [ 9.809989721628369, 12.029000546341933 ], [ 9.81224767916251, 12.029174891460343 ], [ 9.813406367949767, 12.029465466657825 ], [ 9.814357086595749, 12.030511537368568 ], [ 9.815812874584879, 12.031354200941109 ], [ 9.816852724291437, 12.031615717118825 ], [ 9.818486772401684, 12.031150799802901 ], [ 9.819853430330284, 12.029930386973717 ], [ 9.820417919713805, 12.027518604335 ], [ 9.821933127743307, 12.025164914735797 ], [ 9.822500002128493, 12.023800000808365 ], [ 9.821400002381097, 12.021999999585375 ], [ 9.819899999361894, 12.020599998634111 ], [ 9.818899999682458, 12.018500000207268 ], [ 9.816100000780011, 12.014500000489477 ], [ 9.814399998624936, 12.011999997790838 ], [ 9.8119000009263, 12.010200000567806 ], [ 9.810499999975036, 12.009199998888391 ], [ 9.80889999888791, 12.007499999733284 ], [ 9.808400000548204, 12.00680000025767 ], [ 9.80750000093667, 11.995599999647823 ], [ 9.807163771708247, 11.973699059767171 ], [ 9.809559584336057, 11.966500500876066 ], [ 9.809998981634635, 11.964455739486766 ], [ 9.807462101910971, 11.964211754320957 ], [ 9.802828493762604, 11.963766114018199 ], [ 9.799257989336638, 11.963807853046546 ], [ 9.794237004925094, 11.96386598208602 ], [ 9.791147167825727, 11.961947709782635 ], [ 9.789126890453019, 11.959796905321298 ], [ 9.783215297436357, 11.953795609243684 ], [ 9.774550438548999, 11.949827450547502 ], [ 9.754361224831371, 11.947519387979298 ], [ 9.737886207637416, 11.955756948576322 ], [ 9.72640533583666, 11.948772345830605 ], [ 9.716873336360152, 11.94524197743192 ], [ 9.698428888828005, 11.93870278098882 ], [ 9.677291704466256, 11.931805773302642 ], [ 9.672970233530066, 11.936712440636484 ], [ 9.66425140060602, 11.936409178430438 ], [ 9.657400000950815, 11.933999999793514 ], [ 9.651706603082403, 11.930814609629181 ], [ 9.646747482712897, 11.931842361327483 ], [ 9.640645456566858, 11.933719293602792 ], [ 9.636176608530491, 11.935093875536722 ], [ 9.633723729863902, 11.937376126087429 ], [ 9.626149771717735, 11.93306875316074 ], [ 9.62520831107804, 11.932546794806115 ], [ 9.624138752351371, 11.932128215521743 ], [ 9.622978434562981, 11.931926591384695 ], [ 9.621500506558789, 11.931570109142513 ], [ 9.620074428589817, 11.931116645834379 ], [ 9.618862261766196, 11.930767828597425 ], [ 9.617003513503278, 11.930461214389084 ], [ 9.614824111022472, 11.92988099999485 ], [ 9.600542957319135, 11.930849526652935 ], [ 9.595022621568319, 11.933562465496209 ], [ 9.586288838634118, 11.942775894756323 ], [ 9.584913473699601, 11.94549117960122 ], [ 9.580715848847547, 11.963050415531882 ], [ 9.579613954098818, 11.973147716392532 ], [ 9.58186630862923, 11.979906352984699 ], [ 9.558112507489625, 11.975722333141846 ], [ 9.547766485459988, 11.974217898119662 ], [ 9.540721589673296, 11.973642088728468 ], [ 9.542729723037723, 11.96586840444661 ], [ 9.533609642841043, 11.960731998956646 ], [ 9.514697522991185, 11.94697703061081 ], [ 9.500144338102984, 11.942873899822928 ], [ 9.491397724160038, 11.940083464926943 ], [ 9.489604979941987, 11.939507618535686 ], [ 9.481603402505243, 11.936937421789366 ], [ 9.473248678828611, 11.935490681806357 ], [ 9.465696126697026, 11.921304208167328 ], [ 9.458660806916839, 11.918141462018355 ], [ 9.459136167239819, 11.914792631743012 ], [ 9.453736440570992, 11.912941828485486 ], [ 9.444240850119172, 11.910020311500432 ], [ 9.440428319528735, 11.910358342730092 ], [ 9.427799999948377, 11.910500000826346 ], [ 9.420297163850591, 11.909348203043749 ], [ 9.40487388537116, 11.90893207876104 ], [ 9.392039179650567, 11.907652973891913 ], [ 9.390050976299676, 11.918854084502584 ], [ 9.407532507177564, 11.945186473394187 ], [ 9.401650797181219, 11.964271541361597 ], [ 9.39996381003499, 11.970607460666542 ], [ 9.398956449350578, 11.973054097328941 ], [ 9.397991376694847, 11.975397995921526 ], [ 9.394031397004198, 11.974883665572008 ], [ 9.389986313255747, 11.973574961682857 ], [ 9.387487878558204, 11.974824178531605 ], [ 9.385960927520728, 11.980243726213928 ], [ 9.384399999460129, 11.983100001154639 ], [ 9.384300001392205, 11.986499999464797 ], [ 9.383215827655533, 11.989959121815104 ], [ 9.381480765476624, 11.996143405017051 ], [ 9.381005406153633, 12.000769900160492 ], [ 9.38155497752706, 12.004145174453868 ], [ 9.381341066381708, 12.009236486913153 ], [ 9.38105585018792, 12.012932860424655 ], [ 9.380414114751886, 12.015722542320134 ], [ 9.379318007007157, 12.017364116435488 ], [ 9.377595891837075, 12.020238772388723 ], [ 9.371636150787708, 12.023283834457686 ], [ 9.367015656648277, 12.025403912898184 ], [ 9.359714135687227, 12.026631319732132 ], [ 9.356140842259379, 12.029721081831497 ], [ 9.352896514054976, 12.029616474760417 ], [ 9.350596889492522, 12.029858078924576 ], [ 9.336701184051037, 12.026397938573552 ], [ 9.3344415175157, 12.032900019991416 ], [ 9.33173196867466, 12.03826973263989 ], [ 9.328990954812298, 12.043199020989107 ], [ 9.319283251216348, 12.056858461270053 ], [ 9.319290613221369, 12.0568882972903 ], [ 9.32288020566034, 12.071435580174523 ], [ 9.320477756027969, 12.08962554553375 ], [ 9.319818882580307, 12.100229216738455 ], [ 9.335091498957297, 12.11011661645648 ], [ 9.341926075601066, 12.114039845122136 ], [ 9.348945795370639, 12.11852272616801 ], [ 9.347354439289404, 12.125874976163516 ], [ 9.34760195345757, 12.129304555493775 ], [ 9.346952312016185, 12.131920456271132 ], [ 9.34748786638005, 12.135327613586185 ], [ 9.34879985927148, 12.138952538049125 ], [ 9.339893886220295, 12.160340890581494 ], [ 9.33596664855196, 12.165708724228693 ], [ 9.336382587834578, 12.166812346978531 ], [ 9.335702371372406, 12.16838337304597 ], [ 9.335313030107841, 12.168961492438825 ], [ 9.334405182491025, 12.169472618786074 ], [ 9.333655078981337, 12.170492082478745 ], [ 9.333114491614026, 12.171226788977947 ], [ 9.332817393412199, 12.172330387727811 ], [ 9.332936232492898, 12.173375899438156 ], [ 9.333768111058134, 12.173840568753917 ], [ 9.334837669784861, 12.174072903911735 ], [ 9.335550709269341, 12.175002239543176 ], [ 9.33620432871345, 12.175931574174626 ], [ 9.337036208278676, 12.177035153924464 ], [ 9.337868086843855, 12.177674066358577 ], [ 9.338759386449453, 12.178138728674298 ], [ 9.339888364216563, 12.17808064563485 ], [ 9.340720242781799, 12.17779023243753 ], [ 9.340957922943289, 12.176977070885016 ], [ 9.340423143579926, 12.176396240490362 ], [ 9.33959126501469, 12.175757324056235 ], [ 9.338759386449453, 12.174944156503727 ], [ 9.338937645570581, 12.173898651793365 ], [ 9.340007204297308, 12.173492065517109 ], [ 9.340482563620299, 12.174421405148564 ], [ 9.341433283266269, 12.174769907385325 ], [ 9.341908641589271, 12.175873491135178 ], [ 9.341867119561016, 12.177382837160678 ], [ 9.341908641589271, 12.178254893753206 ], [ 9.341675024430515, 12.181046123649708 ], [ 9.341730382468143, 12.182901472910373 ], [ 9.343453559638931, 12.182727227791986 ], [ 9.34482021856752, 12.182611064713058 ], [ 9.346483976697982, 12.182727227791986 ], [ 9.347553536424698, 12.182030246318391 ], [ 9.349039034433986, 12.181275179805368 ], [ 9.350702791564458, 12.18081052348964 ], [ 9.351772351291174, 12.181100933686992 ], [ 9.352739791948522, 12.181752312129561 ], [ 9.353020169139029, 12.182669145752527 ], [ 9.352723069937156, 12.184179267778575 ], [ 9.353436109421637, 12.184876245252099 ], [ 9.354743347309807, 12.185166651449435 ], [ 9.356110006238396, 12.184179267778575 ], [ 9.357476664166995, 12.183133800068219 ], [ 9.358843323095584, 12.183075718028761 ], [ 9.360982439548991, 12.183424208265535 ], [ 9.363002717921688, 12.182611064713058 ], [ 9.364072276648415, 12.182843391870904 ], [ 9.367010560644815, 12.183195352110033 ], [ 9.369182391120489, 12.182146410397309 ], [ 9.370964989331696, 12.180926686568569 ], [ 9.372295995236016, 12.179567560645125 ], [ 9.372958779686371, 12.178646908019573 ], [ 9.373456021024197, 12.178401587852875 ], [ 9.373988975386339, 12.178327265802409 ], [ 9.375219456222396, 12.179009969266247 ], [ 9.376809926303054, 12.179676256718949 ], [ 9.377738224933751, 12.180462451253163 ], [ 9.378077066163996, 12.181161687728263 ], [ 9.378124602196294, 12.182021302312307 ], [ 9.377530401792569, 12.184344568890879 ], [ 9.376883214352802, 12.186179935137943 ], [ 9.376883214352802, 12.187489890027962 ], [ 9.377196792565883, 12.189029178073838 ], [ 9.379305621998753, 12.190236922894428 ], [ 9.382010140836314, 12.19131803062902 ], [ 9.38386753209835, 12.193694775243898 ], [ 9.384758830703959, 12.194565963835828 ], [ 9.385812602419946, 12.194369079702085 ], [ 9.387300525430874, 12.194091077513178 ], [ 9.388264607085944, 12.193230139928176 ], [ 9.388026926924454, 12.192184708217894 ], [ 9.386838528116982, 12.191720069902203 ], [ 9.386280439737789, 12.19119745454708 ], [ 9.386006648551756, 12.190209989876166 ], [ 9.387313888439962, 12.189396867323694 ], [ 9.388383447166689, 12.188816063929039 ], [ 9.389809525135661, 12.189164546165841 ], [ 9.391057343983505, 12.189338787284214 ], [ 9.39248808595562, 12.189460756367112 ], [ 9.393795742844077, 12.189572232442799 ], [ 9.394919638607746, 12.190035749757783 ], [ 9.39551738201385, 12.190800100277102 ], [ 9.395454418971099, 12.191720069902203 ], [ 9.395038478688491, 12.192649344533606 ], [ 9.393968919961765, 12.193288219967656 ], [ 9.393315300517656, 12.194333647677979 ], [ 9.392899362235028, 12.195320993348844 ], [ 9.392661682073538, 12.196424492098629 ], [ 9.392602262033165, 12.19729567169054 ], [ 9.393137041396528, 12.197992614164093 ], [ 9.393790659840647, 12.198283006361407 ], [ 9.394357531225808, 12.197925002118154 ], [ 9.394979058648119, 12.198457241479787 ], [ 9.395573258051854, 12.19903802287439 ], [ 9.397118177101504, 12.199154179953325 ], [ 9.397774543547484, 12.198518572521436 ], [ 9.399435553676085, 12.19752798584841 ], [ 9.400655952505304, 12.196230310966655 ], [ 9.400980471725802, 12.195320993348844 ], [ 9.4018717713314, 12.194275567638499 ], [ 9.402489197750867, 12.193719411260645 ], [ 9.403535529461806, 12.193694775243898 ], [ 9.403832628663679, 12.19439172671747 ], [ 9.403119590179188, 12.195320993348844 ], [ 9.402465970735079, 12.19619217594078 ], [ 9.402822489977325, 12.197121435572171 ], [ 9.403329305321677, 12.197825171050283 ], [ 9.404559625157674, 12.197524460846012 ], [ 9.405199286592278, 12.196714885295933 ], [ 9.405199286592278, 12.195843702703996 ], [ 9.405861206042005, 12.195708199611943 ], [ 9.406447106440112, 12.194682122914742 ], [ 9.406506526480484, 12.19340437804658 ], [ 9.406209426278622, 12.19189430902054 ], [ 9.405943560097967, 12.190607816146439 ], [ 9.405971747117121, 12.189396867323694 ], [ 9.407160144924603, 12.188351419613355 ], [ 9.408527270853483, 12.18833762960395 ], [ 9.410190561983597, 12.187596372100302 ], [ 9.411794900073687, 12.186434755311041 ], [ 9.413102137961857, 12.184808483206098 ], [ 9.414468796890446, 12.182833710864315 ], [ 9.415419515536428, 12.181149334719862 ], [ 9.416191975061281, 12.179348784496483 ], [ 9.417261533788007, 12.177896716509849 ], [ 9.418449931595433, 12.176735057720578 ], [ 9.420410789927757, 12.176502725562727 ], [ 9.422015128017847, 12.176444641523233 ], [ 9.42331715590251, 12.177140949996328 ], [ 9.424213665511616, 12.177954799549354 ], [ 9.424629604794234, 12.179290701457035 ], [ 9.424629604794234, 12.180684678404134 ], [ 9.424629604794234, 12.181613992035579 ], [ 9.424510764713489, 12.182717547785387 ], [ 9.425104965117214, 12.183414528258936 ], [ 9.426531043086186, 12.183066038022162 ], [ 9.428194801216648, 12.181904402232874 ], [ 9.429026679781884, 12.181033170640944 ], [ 9.430571597831545, 12.180858924522568 ], [ 9.432710716284987, 12.181323581838228 ], [ 9.433997236159144, 12.182110992373282 ], [ 9.434909252778766, 12.183588773377323 ], [ 9.435622293263293, 12.185098890403424 ], [ 9.436698324994381, 12.185488369668008 ], [ 9.437583149595582, 12.185563538719123 ], [ 9.438474449201181, 12.186318593232158 ], [ 9.44007878729127, 12.186028188034811 ], [ 9.441504866260175, 12.185273132521786 ], [ 9.442156854703171, 12.185304997543426 ], [ 9.443703402754011, 12.185912025955872 ], [ 9.44464766039556, 12.185709058817963 ], [ 9.445902843248405, 12.184530849017449 ], [ 9.446971499974495, 12.183704936456252 ], [ 9.448781332204192, 12.184334151883775 ], [ 9.449508562698327, 12.184961372309942 ], [ 9.449791469890556, 12.185205372475764 ], [ 9.450988051703575, 12.184886193258876 ], [ 9.452792950929904, 12.18440474893174 ], [ 9.454034805773688, 12.184073492706716 ], [ 9.454723325241503, 12.183811418528649 ], [ 9.455852304008602, 12.184159907765434 ], [ 9.456624762533465, 12.185089210396825 ], [ 9.457753741300564, 12.185670020791463 ], [ 9.458526199825371, 12.18630891322556 ], [ 9.459595758552098, 12.18630891322556 ], [ 9.460605898238441, 12.185437696633585 ], [ 9.460605898238441, 12.183579093370781 ], [ 9.461414109787597, 12.182105106369249 ], [ 9.4662235570554, 12.186163711126881 ], [ 9.474780027869087, 12.19489895206209 ], [ 9.48837530810647, 12.202983438555123 ], [ 9.494109923002839, 12.204179179367543 ], [ 9.49930857553511, 12.206979130269985 ], [ 9.525168130105442, 12.208001272964509 ], [ 9.531675188526719, 12.208318209179822 ], [ 9.546350955498212, 12.195136720223616 ], [ 9.550729470473186, 12.191568783799369 ] ] ] ] } },
{ "type": "Feature", "properties": { "fid": 660.0, "OBJECTID": 660.0, "lganame": "Miga", "statecode": "JI", "LGA_UID": "17_22" }, "geometry": { "type": "MultiPolygon", "coordinates": [ [ [ [ 9.672167239984446, 12.333605391306605 ], [ 9.679119790708398, 12.320496762399898 ], [ 9.685453324011689, 12.316233572503279 ], [ 9.686023411399049, 12.306542110918372 ], [ 9.684257410199166, 12.293164087828643 ], [ 9.684305166231582, 12.290021432693322 ], [ 9.68402951704428, 12.287102284709931 ], [ 9.690118952181763, 12.286403816235349 ], [ 9.704648210053733, 12.289327552221891 ], [ 9.718338563355701, 12.29120863649996 ], [ 9.732456738948315, 12.29120863649996 ], [ 9.744678700252564, 12.291410230636984 ], [ 9.752149698328765, 12.291104082428944 ], [ 9.762134281112822, 12.2879504492862 ], [ 9.769663974228877, 12.287616031058974 ], [ 9.772989553488458, 12.286541703329021 ], [ 9.775747165362134, 12.28618383208584 ], [ 9.778448617197625, 12.285219356430559 ], [ 9.782270506794418, 12.289511061346559 ], [ 9.783639541724654, 12.291238869520555 ], [ 9.785236749809883, 12.293189608845978 ], [ 9.786948043972586, 12.295363272322845 ], [ 9.78820299282529, 12.296700902231748 ], [ 9.789058640406665, 12.298261462292032 ], [ 9.789868221956738, 12.299711390277196 ], [ 9.790655848491895, 12.301326820374811 ], [ 9.790826976608173, 12.303277483700185 ], [ 9.791910797344542, 12.304447875495441 ], [ 9.79270940088719, 12.305785459404262 ], [ 9.793386716347356, 12.307179704351597 ], [ 9.793508005429771, 12.308070481956804 ], [ 9.793450962391034, 12.309240851752008 ], [ 9.794363652011157, 12.311191457077371 ], [ 9.795333384670073, 12.312584738024043 ], [ 9.796246075290185, 12.312417543910442 ], [ 9.797900326414151, 12.312027425645397 ], [ 9.799573921551314, 12.311817174502494 ], [ 9.803718726367492, 12.310745605774457 ], [ 9.806856098499168, 12.310132559357896 ], [ 9.80987938355338, 12.309463778903478 ], [ 9.812503368336252, 12.309017924600539 ], [ 9.815070310080387, 12.308181946032562 ], [ 9.817123862475682, 12.307234500388802 ], [ 9.819120371832184, 12.306509980896521 ], [ 9.820318277646095, 12.305395331139152 ], [ 9.828747269373196, 12.269857657992986 ], [ 9.832242417747977, 12.268557002109276 ], [ 9.836230129457476, 12.258346619171789 ], [ 9.84255949475795, 12.24892395276953 ], [ 9.853081554907192, 12.25315237864254 ], [ 9.856024471906778, 12.249238641983368 ], [ 9.856256707064574, 12.248385843403923 ], [ 9.856804935437083, 12.247639643896889 ], [ 9.857962731223722, 12.246961610436188 ], [ 9.850055963851446, 12.242545010435322 ], [ 9.857616065988225, 12.22875894006836 ], [ 9.859733952427234, 12.22303874918174 ], [ 9.853700001327411, 12.22030000032089 ], [ 9.852126892258582, 12.219592101839908 ], [ 9.849699999609584, 12.218499999097901 ], [ 9.843468557375616, 12.216071426447797 ], [ 9.836078351354331, 12.213204542499852 ], [ 9.831753172415574, 12.206713426089436 ], [ 9.825563741210146, 12.203266822747651 ], [ 9.819955629399715, 12.202023380902801 ], [ 9.818062157113161, 12.194849787028659 ], [ 9.814021602367802, 12.187764040214233 ], [ 9.810013567644546, 12.177092094963143 ], [ 9.80733967082773, 12.169134604556405 ], [ 9.804012154566863, 12.163442238688731 ], [ 9.789065231411143, 12.150008922561426 ], [ 9.776426029823369, 12.150343001788428 ], [ 9.767087909478562, 12.149792254414194 ], [ 9.764128796468015, 12.146202331975019 ], [ 9.764620265801909, 12.140449611066288 ], [ 9.768704888577247, 12.137061221764043 ], [ 9.768799202641333, 12.128914261228601 ], [ 9.769821859336162, 12.125927462199172 ], [ 9.763642186137361, 12.125369756820248 ], [ 9.755941362905048, 12.124812052441314 ], [ 9.745103167541004, 12.123789587746614 ], [ 9.73391937094209, 12.123775492737025 ], [ 9.730841827851066, 12.136378708300299 ], [ 9.726830161125349, 12.14145469374921 ], [ 9.724828265765154, 12.146267730019474 ], [ 9.722349649081025, 12.14633069606225 ], [ 9.716392495033404, 12.145826478719641 ], [ 9.713629468156057, 12.145477940482806 ], [ 9.712351939288055, 12.144751814989434 ], [ 9.710925861319083, 12.144112822555314 ], [ 9.709499783350168, 12.143531920160569 ], [ 9.708222254482109, 12.143125287884288 ], [ 9.706855595553577, 12.142486292450144 ], [ 9.706083137028713, 12.141934432075175 ], [ 9.704746188120282, 12.141585886838357 ], [ 9.69655619355558, 12.140579894154826 ], [ 9.691270196964012, 12.140784375293777 ], [ 9.690624304525159, 12.141972701101167 ], [ 9.691488209112151, 12.14280010166334 ], [ 9.691975839443444, 12.143267127980664 ], [ 9.694050728853256, 12.145018411170611 ], [ 9.691895128388637, 12.146562444219683 ], [ 9.689999502100648, 12.147372903770361 ], [ 9.689495262758044, 12.145601156566556 ], [ 9.690362564347311, 12.143928618430152 ], [ 9.690191243230913, 12.142829306683211 ], [ 9.688749290251167, 12.142586601518303 ], [ 9.687821299620623, 12.142486665450406 ], [ 9.687193122193833, 12.142015531130255 ], [ 9.686764818902816, 12.141544397810151 ], [ 9.686473672705006, 12.141665859892726 ], [ 9.684846834599625, 12.141964833095813 ], [ 9.678528564306646, 12.141090222501589 ], [ 9.672039907897954, 12.139417201364836 ], [ 9.669472967153808, 12.138162426512281 ], [ 9.665765162634557, 12.136559097422889 ], [ 9.662057359115238, 12.134607204096653 ], [ 9.657636516111495, 12.132794717865181 ], [ 9.653454687270141, 12.130989748638797 ], [ 9.653809326511123, 12.13307006305223 ], [ 9.652478319606757, 12.136323230262633 ], [ 9.650291667120996, 12.138646895841475 ], [ 9.648390228829101, 12.139669301536117 ], [ 9.646013432214147, 12.14134232267287 ], [ 9.638061510811212, 12.136270407226732 ], [ 9.6196764063194, 12.137719025211027 ], [ 9.611322541643347, 12.13794344936349 ], [ 9.609569798452412, 12.138737089902747 ], [ 9.609438162363006, 12.139218769230013 ], [ 9.607490100039342, 12.146346952073259 ], [ 9.608250673556142, 12.148949358841492 ], [ 9.606859788611075, 12.155688067420101 ], [ 9.603000000988573, 12.15700000231152 ], [ 9.601799998173192, 12.157600000719185 ], [ 9.599100002338673, 12.158100002058916 ], [ 9.597350830150219, 12.158114844069019 ], [ 9.594855193454521, 12.158289106187397 ], [ 9.592656654960763, 12.158434324286077 ], [ 9.58891319941722, 12.158840932562327 ], [ 9.587308861327188, 12.158986149661018 ], [ 9.580422637648326, 12.160568074735863 ], [ 9.550729470473186, 12.191568783799369 ], [ 9.546350955498212, 12.195136720223616 ], [ 9.531675188526719, 12.208318209179822 ], [ 9.527853012929711, 12.218185949884514 ], [ 9.554943746336562, 12.251123842264235 ], [ 9.562983353799098, 12.26142463026315 ], [ 9.56626282202734, 12.265785448226097 ], [ 9.56207979118517, 12.271284074962182 ], [ 9.554550098069114, 12.283350356160668 ], [ 9.554399504966796, 12.294091824458974 ], [ 9.559229078248279, 12.298583625510958 ], [ 9.564711355973202, 12.300867909063015 ], [ 9.570422062853368, 12.302581121227036 ], [ 9.581752245551684, 12.306505531893492 ], [ 9.589902645089524, 12.310853849848002 ], [ 9.597202541049455, 12.318532712065405 ], [ 9.607813551259142, 12.327986159488603 ], [ 9.611084541481603, 12.324486283110559 ], [ 9.618214933326385, 12.326227794293857 ], [ 9.620710570022027, 12.326297454341216 ], [ 9.623865769165889, 12.326738634640947 ], [ 9.62857182736343, 12.327226254972288 ], [ 9.63534569996591, 12.329803660723485 ], [ 9.641976964471553, 12.331266500717447 ], [ 9.649891698849274, 12.333425918184673 ], [ 9.672167147984396, 12.333605230306489 ], [ 9.672167239984446, 12.333605391306605 ] ] ] ] } },
{ "type": "Feature", "properties": { "fid": 665.0, "OBJECTID": 665.0, "lganame": "Kaugama", "statecode": "JI", "LGA_UID": "17_16" }, "geometry": { "type": "MultiPolygon", "coordinates": [ [ [ [ 9.711651193811917, 12.813913758653541 ], [ 9.711956146019133, 12.813778985561953 ], [ 9.712481531376113, 12.813893200639598 ], [ 9.713021762743153, 12.813668199486699 ], [ 9.713992583402785, 12.813919088657201 ], [ 9.714080148462301, 12.813542182401079 ], [ 9.71422862556318, 12.812632276782836 ], [ 9.714508450753328, 12.811599273080958 ], [ 9.714547473779817, 12.810731246491173 ], [ 9.714268469590252, 12.810221088144544 ], [ 9.716719702255773, 12.809355915556694 ], [ 9.748330651733909, 12.798198700975888 ], [ 9.765183858184855, 12.796216203628887 ], [ 9.76774694392634, 12.780410507889655 ], [ 9.770858022040215, 12.769200760273179 ], [ 9.775611617270044, 12.763869268650694 ], [ 9.784643448406769, 12.758074042713076 ], [ 9.796336476351598, 12.747114391266507 ], [ 9.805796941779533, 12.738369281324651 ], [ 9.812822606553141, 12.728933371913399 ], [ 9.81476136787046, 12.719382904424265 ], [ 9.819387938013961, 12.71262998083597 ], [ 9.827952589833274, 12.708660996139258 ], [ 9.823688620936082, 12.704761448489705 ], [ 9.824373906401718, 12.702648486054045 ], [ 9.83145518121313, 12.697794385755913 ], [ 9.838576854051951, 12.694398488448542 ], [ 9.844779444266351, 12.690488454791875 ], [ 9.849300464338171, 12.686961502395434 ], [ 9.851496623830315, 12.675831178832937 ], [ 9.862164720078795, 12.665031600495126 ], [ 9.86201679697831, 12.64713218833333 ], [ 9.862057127005698, 12.642068036892454 ], [ 9.858599540656428, 12.635613328506793 ], [ 9.853067989898022, 12.625286892490465 ], [ 9.853050210885897, 12.625253703467934 ], [ 9.857646538008908, 12.611257795958352 ], [ 9.854123296615057, 12.603901388960026 ], [ 9.850995595489906, 12.601531286349655 ], [ 9.851963629147633, 12.599662446079833 ], [ 9.853505519195267, 12.597244914437226 ], [ 9.856246658057785, 12.590420619800454 ], [ 9.85631328310302, 12.590001834515931 ], [ 9.856265694070714, 12.589564014218467 ], [ 9.856122925973693, 12.589183299959757 ], [ 9.848146972554389, 12.580467810037987 ], [ 9.843664078508482, 12.581967199056749 ], [ 9.842440905677392, 12.579392065307104 ], [ 9.83530386382813, 12.58102688141787 ], [ 9.827816952741102, 12.579548050413052 ], [ 9.822439449087369, 12.576822338561101 ], [ 9.823687266935167, 12.573458657275637 ], [ 9.824329004371236, 12.569335186473893 ], [ 9.831525295260747, 12.56611418028541 ], [ 9.830729810720243, 12.561007619815712 ], [ 9.8275898375868, 12.55276213421331 ], [ 9.820815965984252, 12.544549262633041 ], [ 9.818997602748766, 12.5402285446973 ], [ 9.819034067773543, 12.54005789958137 ], [ 9.819205388889941, 12.539972238523148 ], [ 9.820871012021655, 12.539610561277414 ], [ 9.821873557702872, 12.539106114934668 ], [ 9.823843752041512, 12.539496347199815 ], [ 9.824567107532971, 12.537526152861176 ], [ 9.825728285321929, 12.535670173600124 ], [ 9.825891437432801, 12.534583616861823 ], [ 9.826786114040715, 12.531690191895905 ], [ 9.826348292743205, 12.53109056848848 ], [ 9.826182047630255, 12.530874830341929 ], [ 9.826090676568185, 12.530623559171147 ], [ 9.826016437517751, 12.530338023977151 ], [ 9.826033569529386, 12.529407179344673 ], [ 9.826464978822514, 12.527615177127132 ], [ 9.826526165864095, 12.527361014954408 ], [ 9.816989170384147, 12.522080499366552 ], [ 9.808504002618861, 12.517416736197731 ], [ 9.802506077543569, 12.513946412839857 ], [ 9.797171445918934, 12.519962197927271 ], [ 9.783756651804197, 12.512171195633641 ], [ 9.788676622147079, 12.50639346370798 ], [ 9.798445258784398, 12.49455915166709 ], [ 9.801725239013024, 12.491913760869693 ], [ 9.800205379980355, 12.490033518592156 ], [ 9.797715679288729, 12.488259394386716 ], [ 9.794714978249885, 12.487527315889281 ], [ 9.791506302069706, 12.486134969943294 ], [ 9.776305355741385, 12.478035785440227 ], [ 9.768536278462648, 12.47211281441588 ], [ 9.761762404860121, 12.464802481448828 ], [ 9.75655721932344, 12.455333554015169 ], [ 9.749085410246721, 12.448373023285797 ], [ 9.742175833551983, 12.442713226440219 ], [ 9.749017972200932, 12.428799855986767 ], [ 9.751741520051439, 12.425867650994462 ], [ 9.760454481971465, 12.429641581558656 ], [ 9.763211891845003, 12.426703988562736 ], [ 9.765906632675978, 12.424500772065755 ], [ 9.769228057932708, 12.42156312006972 ], [ 9.772988162487536, 12.418503030990564 ], [ 9.77699894021265, 12.414892079537083 ], [ 9.780508370597147, 12.411893116499414 ], [ 9.782910080228987, 12.409804938080583 ], [ 9.790009058052419, 12.402877616373814 ], [ 9.795411208722953, 12.405881574414877 ], [ 9.800624928265393, 12.408588095253833 ], [ 9.804356872801065, 12.411525699249751 ], [ 9.813158607781475, 12.415810123160838 ], [ 9.819237442911742, 12.417829806533121 ], [ 9.834141306038191, 12.425480432731376 ], [ 9.842292301576435, 12.428197440577435 ], [ 9.853579727245688, 12.429886379725019 ], [ 9.857498137908067, 12.430714731287821 ], [ 9.863857345228837, 12.432395546429859 ], [ 9.874197632254607, 12.435394274467342 ], [ 9.879969282176148, 12.437094880622851 ], [ 9.892247021518301, 12.439141170013215 ], [ 9.899264992286703, 12.434047910552579 ], [ 9.909793284440184, 12.426948788729021 ], [ 9.922389632998772, 12.421379515944977 ], [ 9.928227745965501, 12.417094609033597 ], [ 9.929643266927314, 12.41606214733207 ], [ 9.931877457445353, 12.415853238190152 ], [ 9.935300044770827, 12.416433539584432 ], [ 9.936797426788246, 12.4159460862532 ], [ 9.938556256983247, 12.414181961054567 ], [ 9.934054602924618, 12.411343086125726 ], [ 9.920090919436916, 12.406178251616439 ], [ 9.915990943651195, 12.403856944039205 ], [ 9.91403008631886, 12.401767749619694 ], [ 9.909989530573512, 12.397995551056681 ], [ 9.903989497496752, 12.390988522295743 ], [ 9.900947197429673, 12.384674150005424 ], [ 9.891087802730681, 12.383235956028216 ], [ 9.887559324333267, 12.375121728515012 ], [ 9.890153889096155, 12.367385248258415 ], [ 9.895154026493458, 12.352475182127705 ], [ 9.896614166485563, 12.349955661415834 ], [ 9.894104266780232, 12.348952642734332 ], [ 9.8897689878346, 12.346612252144155 ], [ 9.887601349361773, 12.345386325311154 ], [ 9.886460486586657, 12.343881770288931 ], [ 9.885319623811483, 12.342098582077313 ], [ 9.884272127099734, 12.341693016801742 ], [ 9.882581552951081, 12.341039809357937 ], [ 9.881547408248423, 12.341268722513462 ], [ 9.879615309935673, 12.341039809357937 ], [ 9.877618800579114, 12.340092481714237 ], [ 9.876844600053118, 12.340032620673583 ], [ 9.876082695535388, 12.340474333973702 ], [ 9.875619220220528, 12.341101241399656 ], [ 9.875191396929836, 12.341937114967607 ], [ 9.874941832760271, 12.342668503464552 ], [ 9.87472792061493, 12.343399887961482 ], [ 9.874585312518036, 12.344026788387453 ], [ 9.874478357445355, 12.344618858789715 ], [ 9.874549661493802, 12.345245756215661 ], [ 9.87462096454226, 12.345942306688926 ], [ 9.87422879427578, 12.346255753901914 ], [ 9.873515754791299, 12.346499546067548 ], [ 9.872731411258371, 12.34642989102025 ], [ 9.871840111652773, 12.346116443807261 ], [ 9.870877509998707, 12.345802996594273 ], [ 9.86984360329626, 12.345350239286688 ], [ 9.868845347617992, 12.344897479979011 ], [ 9.868488828375746, 12.34444472067139 ], [ 9.867811440915489, 12.344200926505778 ], [ 9.866741882188762, 12.344166099482095 ], [ 9.865422760292461, 12.34434023760042 ], [ 9.864210593468897, 12.344305409576748 ], [ 9.862962774621053, 12.344305409576748 ], [ 9.862000171966997, 12.344270581553076 ], [ 9.861287133482506, 12.343782994221783 ], [ 9.860431485901131, 12.34336505993781 ], [ 9.859575839319803, 12.343051608724863 ], [ 9.858969754907946, 12.342564019393535 ], [ 9.858613235665757, 12.341867458920262 ], [ 9.858577583641534, 12.341345037565304 ], [ 9.858078456302394, 12.340648475092053 ], [ 9.85854193161731, 12.339673284429409 ], [ 9.859041058956393, 12.33908120202716 ], [ 9.859611491344026, 12.338802574837814 ], [ 9.860146269707343, 12.338698088766819 ], [ 9.860538440973812, 12.339116030050832 ], [ 9.860467137925355, 12.339673284429409 ], [ 9.860395833876908, 12.340160879760731 ], [ 9.860788005143377, 12.340752960163002 ], [ 9.861465391603645, 12.341101241399656 ], [ 9.862000171966997, 12.340857444234018 ], [ 9.86242799525769, 12.340300192855409 ], [ 9.862499299306137, 12.339499142311126 ], [ 9.862142780063891, 12.338872230885158 ], [ 9.861643651724762, 12.338384632553868 ], [ 9.861144525385612, 12.337966691269912 ], [ 9.860645397046483, 12.337479090938587 ], [ 9.860431485901131, 12.336747689441609 ], [ 9.860609745022259, 12.335911797873678 ], [ 9.860859309191824, 12.335319708471388 ], [ 9.860574092998036, 12.334727616069074 ], [ 9.860467137925355, 12.333856890477477 ], [ 9.860609745022259, 12.333090648956841 ], [ 9.860645397046483, 12.332463721530871 ], [ 9.861073221337165, 12.331906453152214 ], [ 9.861786259821656, 12.331697477010266 ], [ 9.862142780063891, 12.331105376607923 ], [ 9.86192886791855, 12.330722252347641 ], [ 9.860859309191824, 12.33103571756061 ], [ 9.859611491344026, 12.331279523726266 ], [ 9.858149760350841, 12.331836794104902 ], [ 9.856616726309198, 12.332568209601845 ], [ 9.8557254267036, 12.333020989909528 ], [ 9.854477607855756, 12.333543428264477 ], [ 9.852873269765723, 12.333996205572134 ], [ 9.846420266381188, 12.336469059252295 ], [ 9.845814181969388, 12.336260086110315 ], [ 9.845136794509131, 12.335633167684364 ], [ 9.844281147927745, 12.335389364518733 ], [ 9.843675064515935, 12.335598338660702 ], [ 9.843068981104125, 12.335493851589717 ], [ 9.842391593643868, 12.334692787045412 ], [ 9.841892467304774, 12.333996205572134 ], [ 9.84125073186874, 12.33336928214618 ], [ 9.840680300481154, 12.332637868649215 ], [ 9.841286383892964, 12.332324405436225 ], [ 9.841892467304774, 12.331732306033928 ], [ 9.842142031474339, 12.331070546584272 ], [ 9.84232028959542, 12.330513275205647 ], [ 9.842462897692315, 12.329886342779673 ], [ 9.842355941619644, 12.32925940935371 ], [ 9.841785511232104, 12.329085260235388 ], [ 9.841030092718825, 12.329156599283863 ], [ 9.840751603529611, 12.328771793022383 ], [ 9.840430736311589, 12.328075195549104 ], [ 9.84003856504512, 12.32776172733611 ], [ 9.839753348851332, 12.327517918170429 ], [ 9.839503785681757, 12.32776172733611 ], [ 9.838897702269946, 12.327796557359761 ], [ 9.838398574930807, 12.327622408241439 ], [ 9.838398574930807, 12.327134787910097 ], [ 9.838897702269946, 12.326821317697124 ], [ 9.839396829609086, 12.326716827626115 ], [ 9.839753348851332, 12.326159547247471 ], [ 9.839753348851332, 12.325288791655851 ], [ 9.839753348851332, 12.324627017206183 ], [ 9.839289873536416, 12.323895578709255 ], [ 9.838505531003477, 12.323547275472549 ], [ 9.838006402664348, 12.323198970235921 ], [ 9.837471624301031, 12.323059648141225 ], [ 9.837542928349478, 12.32250235876262 ], [ 9.837079452034516, 12.322293374620585 ], [ 9.836544672671209, 12.322258544596934 ], [ 9.835974242283612, 12.322293374620585 ], [ 9.835154246726461, 12.322363035667934 ], [ 9.83444120724198, 12.322014730431306 ], [ 9.832765565103443, 12.321213622886944 ], [ 9.831089922964964, 12.320342853295301 ], [ 9.829735149044438, 12.319715895869308 ], [ 9.8283447220997, 12.319088938443315 ], [ 9.827453423494092, 12.318705796182996 ], [ 9.826562123888493, 12.317974340686021 ], [ 9.82602734452513, 12.317242885189046 ], [ 9.825171697943802, 12.316337269573694 ], [ 9.827733884684676, 12.314256664160041 ], [ 9.828076143917201, 12.313086317364821 ], [ 9.828418403149783, 12.31096853192588 ], [ 9.828703619343571, 12.307959017881103 ], [ 9.828931791498576, 12.305228133025594 ], [ 9.82739162745213, 12.30500520187411 ], [ 9.825566246211849, 12.304559340571188 ], [ 9.823911995087883, 12.304169211306089 ], [ 9.822771133312699, 12.304559340571188 ], [ 9.821858442692587, 12.304949469836231 ], [ 9.820318277646095, 12.305395331139152 ], [ 9.819120371832184, 12.306509980896521 ], [ 9.817123862475682, 12.307234500388802 ], [ 9.815070310080387, 12.308181946032562 ], [ 9.812503368336252, 12.309017924600539 ], [ 9.80987938355338, 12.309463778903478 ], [ 9.806856098499168, 12.310132559357896 ], [ 9.803718726367492, 12.310745605774457 ], [ 9.799573921551314, 12.311817174502494 ], [ 9.797900326414151, 12.312027425645397 ], [ 9.796246075290185, 12.312417543910442 ], [ 9.795333384670073, 12.312584738024043 ], [ 9.794363652011157, 12.311191457077371 ], [ 9.793450962391034, 12.309240851752008 ], [ 9.793508005429771, 12.308070481956804 ], [ 9.793386716347356, 12.307179704351597 ], [ 9.79270940088719, 12.305785459404262 ], [ 9.791910797344542, 12.304447875495441 ], [ 9.790826976608173, 12.303277483700185 ], [ 9.790655848491895, 12.301326820374811 ], [ 9.789868221956738, 12.299711390277196 ], [ 9.789058640406665, 12.298261462292032 ], [ 9.78820299282529, 12.296700902231748 ], [ 9.786948043972586, 12.295363272322845 ], [ 9.785236749809883, 12.293189608845978 ], [ 9.783639541724654, 12.291238869520555 ], [ 9.782270506794418, 12.289511061346559 ], [ 9.778448617197625, 12.285219356430559 ], [ 9.775747165362134, 12.28618383208584 ], [ 9.772989553488458, 12.286541703329021 ], [ 9.769663974228877, 12.287616031058974 ], [ 9.762134281112822, 12.2879504492862 ], [ 9.752149698328765, 12.291104082428944 ], [ 9.744678700252564, 12.291410230636984 ], [ 9.732456738948315, 12.29120863649996 ], [ 9.718338563355701, 12.29120863649996 ], [ 9.704648210053733, 12.289327552221891 ], [ 9.690118952181763, 12.286403816235349 ], [ 9.68402951704428, 12.287102284709931 ], [ 9.684305166231582, 12.290021432693322 ], [ 9.684257410199166, 12.293164087828643 ], [ 9.686023411399049, 12.306542110918372 ], [ 9.685453324011689, 12.316233572503279 ], [ 9.679119790708398, 12.320496762399898 ], [ 9.672167239984446, 12.333605391306605 ], [ 9.672167147984396, 12.333605230306489 ], [ 9.649891698849274, 12.333425918184673 ], [ 9.641976964471553, 12.331266500717447 ], [ 9.63534569996591, 12.329803660723485 ], [ 9.62857182736343, 12.327226254972288 ], [ 9.623865769165889, 12.326738634640947 ], [ 9.620710570022027, 12.326297454341216 ], [ 9.618214933326385, 12.326227794293857 ], [ 9.611084541481603, 12.324486283110559 ], [ 9.607813551259142, 12.327986159488603 ], [ 9.609888247668778, 12.330623797280737 ], [ 9.609541344433069, 12.330686438323312 ], [ 9.609145402164074, 12.330892024462969 ], [ 9.608239302548441, 12.331249893706115 ], [ 9.607805290253509, 12.331158522644046 ], [ 9.607310361917257, 12.330945323499179 ], [ 9.606739290529219, 12.330770195380182 ], [ 9.606267206208486, 12.330732124354313 ], [ 9.604805265215134, 12.330556995235327 ], [ 9.604043837697816, 12.330465624173257 ], [ 9.602471489629465, 12.331051922571646 ], [ 9.60199750130738, 12.331272736721644 ], [ 9.601816662184547, 12.332253075387769 ], [ 9.601512090977565, 12.333433288189667 ], [ 9.601426430919389, 12.333604609306065 ], [ 9.601416912912896, 12.333909179513 ], [ 9.60118848375771, 12.335032286276089 ], [ 9.601066655674913, 12.335704244732653 ], [ 9.601038101655547, 12.336372398186654 ], [ 9.601106630702077, 12.336977732597916 ], [ 9.601118051709875, 12.337617332032494 ], [ 9.60140358790386, 12.338216956439908 ], [ 9.60189518423789, 12.338814676846027 ], [ 9.602164857421087, 12.339137966065721 ], [ 9.602199414444613, 12.339344196205843 ], [ 9.601596988035283, 12.343151808792925 ], [ 9.601109673704173, 12.34566451950019 ], [ 9.601741659133552, 12.346496380065389 ], [ 9.604939654306463, 12.348567462472602 ], [ 9.606953459674742, 12.350193025577084 ], [ 9.602167631423015, 12.358156799988137 ], [ 9.602193585440659, 12.35828137407276 ], [ 9.596960304884874, 12.365530886998442 ], [ 9.596881270831148, 12.365640369072878 ], [ 9.59297302217567, 12.371054219751329 ], [ 9.587618589537612, 12.379774604676413 ], [ 9.579150900784214, 12.39126295148219 ], [ 9.584933397713144, 12.394728667837001 ], [ 9.58760729452996, 12.396237572862219 ], [ 9.591053650871572, 12.398210744202913 ], [ 9.597708683393364, 12.40163473852931 ], [ 9.601570979017595, 12.403898033067151 ], [ 9.606265154207051, 12.406509501841526 ], [ 9.613039025809599, 12.410281577404476 ], [ 9.619011929867895, 12.413362655497906 ], [ 9.623259253753758, 12.415562390992534 ], [ 9.630449065638913, 12.419972658989082 ], [ 9.632583232088962, 12.420804411554229 ], [ 9.635108578804818, 12.422284150559619 ], [ 9.637366536339016, 12.423473740367911 ], [ 9.639624493873157, 12.424692337195893 ], [ 9.641704191286237, 12.425968956063286 ], [ 9.643754178679103, 12.42698444375327 ], [ 9.647675894343706, 12.429131463212059 ], [ 9.648180963686912, 12.429421600409228 ], [ 9.646140089300218, 12.431549735855185 ], [ 9.645997482203313, 12.432524583517534 ], [ 9.645141834621938, 12.433569060227228 ], [ 9.644286188040553, 12.435100950268065 ], [ 9.643501843507636, 12.437050614592749 ], [ 9.642788805023201, 12.437955812207804 ], [ 9.642147069587168, 12.438930635870122 ], [ 9.64157663919957, 12.439766196437859 ], [ 9.641719247296464, 12.440671384052905 ], [ 9.642289677684062, 12.442133603046386 ], [ 9.643074021216989, 12.443804700181829 ], [ 9.644571403234352, 12.445127644080742 ], [ 9.645854874106419, 12.446589838074203 ], [ 9.647280952075391, 12.448260907209601 ], [ 9.648707031044353, 12.449374946966543 ], [ 9.649420069528787, 12.450488981723481 ], [ 9.650703540400855, 12.452020771764296 ], [ 9.651773099127581, 12.45327404861581 ], [ 9.65255744166052, 12.455153951893124 ], [ 9.653484393290341, 12.455710957271606 ], [ 9.654696560113962, 12.455919834413521 ], [ 9.655338294549949, 12.457451593454266 ], [ 9.656265246179771, 12.458078217880029 ], [ 9.657691324148743, 12.458844092400398 ], [ 9.658832186923917, 12.459609963920798 ], [ 9.660044353747537, 12.459958087157304 ], [ 9.660828697280408, 12.461002451866932 ], [ 9.661969559055592, 12.462186060671115 ], [ 9.662611295491615, 12.463091170286077 ], [ 9.663538246121448, 12.463578534617227 ], [ 9.664536499799738, 12.464344393137594 ], [ 9.665392147381112, 12.46545836389447 ], [ 9.665891274720195, 12.466433083556751 ], [ 9.643331631392016, 12.470126683066383 ], [ 9.643127951253632, 12.476298102259591 ], [ 9.644028768865667, 12.480460977088057 ], [ 9.649107320316318, 12.492361228173706 ], [ 9.648032631586091, 12.498296823206658 ], [ 9.646104493276027, 12.50942860777019 ], [ 9.648065351608352, 12.51186498942559 ], [ 9.652224746434456, 12.515983579223985 ], [ 9.665227813269439, 12.53586044072938 ], [ 9.664062786477871, 12.562655951935653 ], [ 9.688153845846614, 12.569080219300645 ], [ 9.691059510820878, 12.56295369813796 ], [ 9.698308742746349, 12.564490621182244 ], [ 9.703641740369903, 12.577122869765276 ], [ 9.702527557612825, 12.579888343644257 ], [ 9.709065115054841, 12.584163610549126 ], [ 9.722626495269139, 12.590499666854157 ], [ 9.740823729633291, 12.599001408630727 ], [ 9.765442961360918, 12.609182649548359 ], [ 9.780500000591474, 12.619577965611541 ], [ 9.780500000591474, 12.628100003401812 ], [ 9.787530417368316, 12.631514637721921 ], [ 9.7958355880113, 12.638454526437272 ], [ 9.795482117771087, 12.647162594353972 ], [ 9.797659699250687, 12.650532396643598 ], [ 9.799418529445688, 12.654799501542868 ], [ 9.798515345832016, 12.659112915473656 ], [ 9.796091013184821, 12.663240738278319 ], [ 9.79357160847303, 12.666162639263632 ], [ 9.791289882922683, 12.666626429578741 ], [ 9.787968635666061, 12.67504024529552 ], [ 9.777188301341312, 12.697939872854761 ], [ 9.770221575607763, 12.708251469861011 ], [ 9.764733712879035, 12.71667718958588 ], [ 9.749101651257774, 12.714721450257059 ], [ 9.749471330508925, 12.716723878617586 ], [ 9.74977126971271, 12.725262145418924 ], [ 9.746239427313014, 12.745727016323883 ], [ 9.743695056584215, 12.75405821098451 ], [ 9.728725866413356, 12.784007024333334 ], [ 9.720648696925309, 12.789857791308634 ], [ 9.700557638274404, 12.802607083971225 ], [ 9.69191428740163, 12.804970930577326 ], [ 9.680733489804823, 12.820853579368816 ], [ 9.704826654175008, 12.822606645559972 ], [ 9.71123214452723, 12.813999267711665 ], [ 9.711651193811917, 12.813913758653541 ] ] ] ] } },
{ "type": "Feature", "properties": { "fid": 672.0, "OBJECTID": 672.0, "lganame": "Buji", "statecode": "JI", "LGA_UID": "17_05" }, "geometry": { "type": "MultiPolygon", "coordinates": [ [ [ [ 9.78425433614234, 11.723900867041039 ], [ 9.798280342672342, 11.698243817608272 ], [ 9.801982061187516, 11.691472457007421 ], [ 9.827777643714398, 11.692276464553743 ], [ 9.830646118663367, 11.684598409336843 ], [ 9.827824399746191, 11.682429613863235 ], [ 9.820790750967149, 11.671578210490225 ], [ 9.82080459597654, 11.670260428594872 ], [ 9.820865631018023, 11.664500236681079 ], [ 9.82118894423769, 11.663579075055168 ], [ 9.822072982838336, 11.661060333343812 ], [ 9.822109221862945, 11.657609939999475 ], [ 9.823304175674878, 11.655320168443666 ], [ 9.824522971503029, 11.650730133324942 ], [ 9.825718880315549, 11.648440360769143 ], [ 9.826962471160527, 11.641550064087539 ], [ 9.827010155192909, 11.636940001955224 ], [ 9.828206062005506, 11.634650230399416 ], [ 9.827071190234392, 11.631179810041431 ], [ 9.825916388449741, 11.626764528041463 ], [ 9.812547527366235, 11.627606936613802 ], [ 9.81097289929636, 11.626268321704288 ], [ 9.810675799094497, 11.624813297715662 ], [ 9.810854059215615, 11.622456143114107 ], [ 9.811507677659733, 11.620826493006803 ], [ 9.813597563079725, 11.619209756908333 ], [ 9.814021107367466, 11.619276381953625 ], [ 9.814577900745803, 11.619752274276948 ], [ 9.815286981227587, 11.619890283370694 ], [ 9.816500506052137, 11.620099674512971 ], [ 9.816962121365748, 11.619994979441856 ], [ 9.81753953675809, 11.619976578429373 ], [ 9.818270507254738, 11.619831907331047 ], [ 9.818651220513402, 11.61962632119139 ], [ 9.818773049596189, 11.619291292963737 ], [ 9.819124257834858, 11.617910254025389 ], [ 9.819307341959245, 11.617283447599505 ], [ 9.819406938026873, 11.616982264394835 ], [ 9.819507510095207, 11.616479881053522 ], [ 9.819502751091989, 11.616153893832006 ], [ 9.819659795198675, 11.615901671660652 ], [ 9.819931054383005, 11.615894532655773 ], [ 9.820149963531776, 11.615982572715609 ], [ 9.820349838667539, 11.615989711720488 ], [ 9.820627376856123, 11.615949358693058 ], [ 9.820841436001558, 11.615882992647926 ], [ 9.821149052210558, 11.615880200646075 ], [ 9.821491695443399, 11.615739336550348 ], [ 9.82161352252615, 11.61556801643394 ], [ 9.821552609484797, 11.615316745263215 ], [ 9.821582292504957, 11.615027327066571 ], [ 9.822470656108578, 11.614283352561074 ], [ 9.822817783344419, 11.613430272981418 ], [ 9.822582245184378, 11.61270999949204 ], [ 9.820516518780778, 11.609591327373039 ], [ 9.820277213618226, 11.609230042127592 ], [ 9.817972183052063, 11.60573959375597 ], [ 9.817196838525263, 11.604136692666884 ], [ 9.83490858655955, 11.598879487094848 ], [ 9.829466521861889, 11.588061134744294 ], [ 9.819567965136287, 11.579875789182722 ], [ 9.830783567756782, 11.54034270132189 ], [ 9.829698825019761, 11.537847791626689 ], [ 9.819994725426284, 11.532025331670582 ], [ 9.815879659630298, 11.529556292992993 ], [ 9.815376373288302, 11.529254320787857 ], [ 9.805576800629979, 11.521414664461133 ], [ 9.798617307901338, 11.513701764220627 ], [ 9.797785257335988, 11.512779637594065 ], [ 9.792138522499272, 11.50652161034202 ], [ 9.787869533598723, 11.504716107115257 ], [ 9.785146712748713, 11.498270034735469 ], [ 9.785182952773312, 11.494810104384612 ], [ 9.784522993324913, 11.492883700075708 ], [ 9.784049034002862, 11.491339684026627 ], [ 9.78524303381414, 11.489060402477946 ], [ 9.785280227839394, 11.4856004711271 ], [ 9.785615049066905, 11.484646258478733 ], [ 9.786487578659717, 11.482159614789225 ], [ 9.784703518447543, 11.46823154632574 ], [ 9.788003840689953, 11.463325660992439 ], [ 9.785834250215828, 11.462013459100831 ], [ 9.774547561547081, 11.45373121047345 ], [ 9.765670283515362, 11.447306232107962 ], [ 9.755102261334912, 11.444262904040158 ], [ 9.728047559952472, 11.435693959217986 ], [ 9.716004302769647, 11.436068733472609 ], [ 9.709563851393682, 11.429349402907121 ], [ 9.710956115339684, 11.42544533025449 ], [ 9.711831755934611, 11.422037941939323 ], [ 9.712117292128653, 11.420267622736503 ], [ 9.712031631070431, 11.418597240601571 ], [ 9.710589678090685, 11.417783465048615 ], [ 9.706295544173031, 11.420201790691749 ], [ 9.705855343873907, 11.419321390093558 ], [ 9.70573637079309, 11.417572485905282 ], [ 9.70597431695478, 11.415823582716996 ], [ 9.704082644669484, 11.41394380843974 ], [ 9.701167804688964, 11.411719011928142 ], [ 9.699014393225809, 11.41108845549968 ], [ 9.696729687673496, 11.41050623110408 ], [ 9.695026416516157, 11.410135737852386 ], [ 9.687997424740331, 11.408079714455369 ], [ 9.684450293330201, 11.403330529228526 ], [ 9.684638321457953, 11.401548466017687 ], [ 9.685595962108607, 11.39247216685078 ], [ 9.685334883931262, 11.390582786567052 ], [ 9.686088243443123, 11.389572379880519 ], [ 9.686554616759963, 11.388906131427859 ], [ 9.686768567905347, 11.388030915833156 ], [ 9.687449294367866, 11.387659610580897 ], [ 9.688719926231215, 11.38588929237801 ], [ 9.689348103658006, 11.384561553475919 ], [ 9.687463571377577, 11.38309104647675 ], [ 9.685464824019505, 11.380821039934403 ], [ 9.684176461144148, 11.380005053379989 ], [ 9.684031432045629, 11.378358870261479 ], [ 9.683175785464243, 11.373325845841748 ], [ 9.681189720114787, 11.370759068097755 ], [ 9.679325373848087, 11.368665558675332 ], [ 9.67533235413498, 11.367127647630355 ], [ 9.671481942518824, 11.364611047920448 ], [ 9.665682556578417, 11.365123690268774 ], [ 9.661499393736165, 11.363958592477161 ], [ 9.65940781231501, 11.36069629226057 ], [ 9.655042942349269, 11.358946529071716 ], [ 9.654347663876877, 11.358667808882331 ], [ 9.651411718882059, 11.35787656134471 ], [ 9.645852111104546, 11.35619668220329 ], [ 9.644168725960753, 11.366452927171963 ], [ 9.641118360888186, 11.371552251636672 ], [ 9.636886442012781, 11.373379712878375 ], [ 9.633378115629057, 11.373484447949522 ], [ 9.633074749422917, 11.373443271921531 ], [ 9.628139389069588, 11.37112760934815 ], [ 9.62640437389075, 11.369860222487034 ], [ 9.626420283901552, 11.368912715843237 ], [ 9.625630303364801, 11.368322610442306 ], [ 9.624168416371504, 11.368226905377298 ], [ 9.622320989116247, 11.366877394460346 ], [ 9.61667371927922, 11.365255585358398 ], [ 9.611126552510143, 11.365020171198466 ], [ 9.610780301274929, 11.365345431419428 ], [ 9.609535336429019, 11.364987896176501 ], [ 9.603988169659942, 11.36475248201657 ], [ 9.599618036690686, 11.368857662805851 ], [ 9.594698304347958, 11.377173375455982 ], [ 9.593748185702395, 11.381584354453025 ], [ 9.588932180430106, 11.384140581189854 ], [ 9.582486518050587, 11.384164618206228 ], [ 9.581099952108502, 11.393061202251033 ], [ 9.587029680137448, 11.398093771670403 ], [ 9.59025133432641, 11.402196588458082 ], [ 9.591764099354293, 11.406337677271779 ], [ 9.598294415791315, 11.41570029663319 ], [ 9.60306983003602, 11.412580159513254 ], [ 9.607031746727955, 11.40999154175438 ], [ 9.601199998765537, 11.403400000275724 ], [ 9.596026203250176, 11.385046721805566 ], [ 9.598972854252281, 11.383089815475898 ], [ 9.631998558691691, 11.38302586743248 ], [ 9.632452465000142, 11.383306498623142 ], [ 9.641118360888186, 11.388664277263501 ], [ 9.644826165407494, 11.399966876943097 ], [ 9.64126096898508, 11.422402986187365 ], [ 9.647377042140647, 11.445327434763442 ], [ 9.648897032173409, 11.461066139457159 ], [ 9.650645765361617, 11.462222956243181 ], [ 9.652309523492079, 11.461943428053246 ], [ 9.653999998640643, 11.462200001227586 ], [ 9.655161680429956, 11.463014948781279 ], [ 9.656730366495822, 11.463946702414376 ], [ 9.659883029637911, 11.465223884282182 ], [ 9.667374046727673, 11.466764689329068 ], [ 9.669323668052357, 11.467264403668594 ], [ 9.671320178408905, 11.467599829896528 ], [ 9.673143192647558, 11.468414670450159 ], [ 9.676248388757415, 11.469521119201943 ], [ 9.680531418667499, 11.470948796171967 ], [ 9.685528287062652, 11.472804775433019 ], [ 9.689775624948538, 11.474339528475809 ], [ 9.69773492235646, 11.47708780534316 ], [ 9.703029222953717, 11.478775240489654 ], [ 9.703445628236636, 11.480738294823482 ], [ 9.703148196034533, 11.483415188642311 ], [ 9.702519340607296, 11.492294379675286 ], [ 9.696536301542096, 11.491737670297027 ], [ 9.685503726045965, 11.489068355483369 ], [ 9.682568466051578, 11.486193099529771 ], [ 9.671370881443352, 11.481634922432704 ], [ 9.670933661146307, 11.481685669467197 ], [ 9.664256336609355, 11.482460691993765 ], [ 9.658960808011273, 11.470484557856537 ], [ 9.658694630830439, 11.469882584447532 ], [ 9.654800002184231, 11.469400000119663 ], [ 9.65107358765232, 11.470422304814235 ], [ 9.64959999865107, 11.471799998750328 ], [ 9.64883939913426, 11.473916273188252 ], [ 9.64665274464852, 11.475453605232758 ], [ 9.646288138400791, 11.48025193949303 ], [ 9.647305018091743, 11.48219050181018 ], [ 9.647989535556803, 11.484370652291489 ], [ 9.648400000835693, 11.486400000670358 ], [ 9.648217708711854, 11.48861910217812 ], [ 9.646620412626589, 11.491646115234857 ], [ 9.645365551773978, 11.495271150697874 ], [ 9.643654257611217, 11.497507099217103 ], [ 9.641600705215922, 11.499910722850245 ], [ 9.639661237898167, 11.501755351103554 ], [ 9.638349246006726, 11.504438423926615 ], [ 9.638300001973221, 11.507599998074738 ], [ 9.64017462724695, 11.510307557914416 ], [ 9.642228179642245, 11.512375700319581 ], [ 9.644493359181354, 11.513759766260023 ], [ 9.646221199355352, 11.515617620522335 ], [ 9.647647277324268, 11.517406251737611 ], [ 9.648103621634334, 11.51897129380103 ], [ 9.647190932014212, 11.521318841396067 ], [ 9.645099574593246, 11.525501067237656 ], [ 9.644107292919045, 11.528870973527376 ], [ 9.643781216697448, 11.529978361279802 ], [ 9.641144359905866, 11.536800979915427 ], [ 9.640402799402011, 11.538477695054667 ], [ 9.63739709935976, 11.539925533038399 ], [ 9.634429769343626, 11.540155061194355 ], [ 9.629381450913513, 11.539987391080444 ], [ 9.628440240274017, 11.551891714168903 ], [ 9.62895362762282, 11.556586237358601 ], [ 9.629616539073254, 11.563839281286675 ], [ 9.630750486843681, 11.572429674123441 ], [ 9.62448265658503, 11.575947493513638 ], [ 9.622446874201785, 11.577833685795213 ], [ 9.618178684301768, 11.576475762872576 ], [ 9.61577448966824, 11.576254362722182 ], [ 9.613775032309661, 11.578818956464659 ], [ 9.612605592515081, 11.582757222140572 ], [ 9.610749613254029, 11.588253776875206 ], [ 9.609998686743836, 11.59253878078664 ], [ 9.614543870832051, 11.5939560047496 ], [ 9.624104879328343, 11.606265323113178 ], [ 9.62719471542772, 11.61045604996059 ], [ 9.650524522279227, 11.622409416082348 ], [ 9.652681350744672, 11.623319625700788 ], [ 9.654998779319271, 11.625650406284421 ], [ 9.657291411876997, 11.630279541429729 ], [ 9.659597397443804, 11.633769988801305 ], [ 9.6630611417973, 11.63840961495373 ], [ 9.664195060567749, 11.641880035311715 ], [ 9.6641458435343, 11.643238013234395 ], [ 9.667779690003329, 11.647856632372509 ], [ 9.670991963185884, 11.653150931969776 ], [ 9.672598099277195, 11.655827825788606 ], [ 9.678920693573104, 11.654735869046647 ], [ 9.679577029019072, 11.654622514969617 ], [ 9.683871658937051, 11.655381341485224 ], [ 9.694767508340249, 11.657306546793279 ], [ 9.69712338094098, 11.681452646199432 ], [ 9.696377199433982, 11.68139605716101 ], [ 9.692530456820293, 11.681104329962807 ], [ 9.680252825478192, 11.677442850474961 ], [ 9.672761293388078, 11.676723662986319 ], [ 9.665976058777801, 11.676072279543746 ], [ 9.661440848696373, 11.680999755891719 ], [ 9.661393165663981, 11.685600281017571 ], [ 9.662503242418211, 11.691370009937827 ], [ 9.661295890597899, 11.694809914275083 ], [ 9.660088538777529, 11.698249816612361 ], [ 9.661211013540196, 11.702870368751803 ], [ 9.663516045106348, 11.70635032711624 ], [ 9.665821074672522, 11.709830284480745 ], [ 9.665748595623256, 11.716739655175331 ], [ 9.664402007708361, 11.720843314963531 ], [ 9.664431285728199, 11.726806684015401 ], [ 9.671562776573751, 11.726201427604167 ], [ 9.671565381575533, 11.726201259604011 ], [ 9.680849767883785, 11.725602268197065 ], [ 9.684904391638725, 11.725340679019325 ], [ 9.691036285805069, 11.724945072750529 ], [ 9.702940461893377, 11.72268895621761 ], [ 9.712555873426595, 11.720866604979392 ], [ 9.734868744587175, 11.726897111076823 ], [ 9.744367777041305, 11.7288544934068 ], [ 9.751241316711571, 11.730270858369124 ], [ 9.759744582489134, 11.732023040559682 ], [ 9.779567520957869, 11.736505049604943 ], [ 9.784824852529994, 11.727239503309477 ], [ 9.78425433614234, 11.723900867041039 ] ] ] ] } },
{ "type": "Feature", "properties": { "fid": 693.0, "OBJECTID": 693.0, "lganame": "Kiri Kasama", "statecode": "JI", "LGA_UID": "17_18" }, "geometry": { "type": "MultiPolygon", "coordinates": [ [ [ [ 10.360173004452008, 12.744459295462491 ], [ 10.372595051892233, 12.728071803327964 ], [ 10.36636971366238, 12.722000638202928 ], [ 10.360843659907687, 12.716494267461599 ], [ 10.358942222615781, 12.713770017610614 ], [ 10.356565425000838, 12.70861125310546 ], [ 10.359778000183667, 12.695313818070474 ], [ 10.363613663789806, 12.67707966468123 ], [ 10.363774226898897, 12.675307046476803 ], [ 10.364130746141143, 12.673707019389667 ], [ 10.363560314753556, 12.669046013222726 ], [ 10.361064678057858, 12.668837309080914 ], [ 10.359495990992002, 12.667724219324612 ], [ 10.358266200156436, 12.666058572192924 ], [ 10.357784696829299, 12.664037074819362 ], [ 10.359567295040449, 12.662297837637652 ], [ 10.362134235784595, 12.660836868644992 ], [ 10.365129000819366, 12.659723743888662 ], [ 10.368266372951098, 12.658680186179652 ], [ 10.37040549140454, 12.659097610463277 ], [ 10.372544608857936, 12.659515032746867 ], [ 10.374041990875355, 12.658541044085098 ], [ 10.375753285038115, 12.655549484052472 ], [ 10.375539372892774, 12.653671044776161 ], [ 10.373756774681567, 12.652488315972562 ], [ 10.371974177470349, 12.651792591499827 ], [ 10.370334187356093, 12.651514301310726 ], [ 10.368337676999545, 12.652766606161663 ], [ 10.365842040303846, 12.654366765248881 ], [ 10.364487266383378, 12.654158049107082 ], [ 10.364487266383378, 12.65269703411434 ], [ 10.364415962334931, 12.650122843365295 ], [ 10.363916833995802, 12.647896495852649 ], [ 10.36249075602683, 12.644904810819924 ], [ 10.361349893251656, 12.642539268212658 ], [ 10.359424687943601, 12.641495638503557 ], [ 10.357214266441702, 12.640939035125371 ], [ 10.3552890601336, 12.641078186219886 ], [ 10.352579511292618, 12.64191309078717 ], [ 10.352235910059164, 12.63812313021208 ], [ 10.353741849082382, 12.632539152418019 ], [ 10.352838286468454, 12.62563248272528 ], [ 10.351784128752172, 12.621517783929505 ], [ 10.348471062501119, 12.611230744939974 ], [ 10.340489588078071, 12.608879364342329 ], [ 10.333712863473579, 12.606968851044201 ], [ 10.32565749600036, 12.607317324280984 ], [ 10.323039595221644, 12.593426426842768 ], [ 10.320319057373126, 12.588231655313166 ], [ 10.323639125628972, 12.560074909181992 ], [ 10.32222871567069, 12.555792080271999 ], [ 10.319423532764688, 12.548485873307754 ], [ 10.317236880278926, 12.544866613848683 ], [ 10.314717594567185, 12.536250390994326 ], [ 10.313523202755675, 12.534126695551379 ], [ 10.31219219585131, 12.532409779384807 ], [ 10.311098870108481, 12.531064079470468 ], [ 10.310517639713566, 12.529549598441463 ], [ 10.310589057762058, 12.52843446868377 ], [ 10.311413497322235, 12.527515738059549 ], [ 10.313333058626483, 12.526191658159917 ], [ 10.315044352789243, 12.524845926245519 ], [ 10.319275051663794, 12.520855091533974 ], [ 10.322412424795459, 12.518302781799775 ], [ 10.329210065414145, 12.515843259128644 ], [ 10.339311323277514, 12.513940926836085 ], [ 10.340661344194757, 12.514442118176646 ], [ 10.341478961750283, 12.515036121580238 ], [ 10.34332917100744, 12.507770577643669 ], [ 10.34721414264709, 12.50120538018291 ], [ 10.34871553166721, 12.498704321483558 ], [ 10.344334515690491, 12.494094134351144 ], [ 10.348406010456927, 12.493513720956798 ], [ 10.352056769937406, 12.488891211815996 ], [ 10.353711021061429, 12.488222891361886 ], [ 10.355080055991607, 12.487665954983527 ], [ 10.35610683268925, 12.485326811394145 ], [ 10.35622091876678, 12.483767371334579 ], [ 10.354680753720288, 12.483488898145367 ], [ 10.353197632712579, 12.484101536561639 ], [ 10.351772768744468, 12.484893001099408 ], [ 10.350283376732477, 12.486135824943858 ], [ 10.349204612999529, 12.486941937491565 ], [ 10.347664448953026, 12.487053323567238 ], [ 10.346523586177909, 12.487833036097015 ], [ 10.345097508208937, 12.488445664513279 ], [ 10.343443257084971, 12.488389971475442 ], [ 10.342473524426055, 12.487610260945644 ], [ 10.342473524426055, 12.486552080226659 ], [ 10.341562872807344, 12.486013840860949 ], [ 10.340362927992032, 12.486162221961763 ], [ 10.339165022178065, 12.486496386188833 ], [ 10.338252331557953, 12.485939445810402 ], [ 10.337054425744043, 12.484825564053608 ], [ 10.336141736123921, 12.483600287221066 ], [ 10.336050212061707, 12.481958665105651 ], [ 10.33638239128743, 12.480247604943088 ], [ 10.337510771054099, 12.481038327480348 ], [ 10.338195287519227, 12.481818057010116 ], [ 10.339107979139328, 12.482096531199318 ], [ 10.339731818563223, 12.481842879026999 ], [ 10.340017608757364, 12.480452389082245 ], [ 10.339230042222255, 12.479110270170338 ], [ 10.338480503713015, 12.478364949663899 ], [ 10.337614182124355, 12.477773545262096 ], [ 10.33711146878278, 12.477083946793528 ], [ 10.3360276490464, 12.477083946793528 ], [ 10.335571303736344, 12.47591432999883 ], [ 10.336712166511518, 12.474856101279784 ], [ 10.337681900170367, 12.475134582469025 ], [ 10.338796767927874, 12.476652883500662 ], [ 10.340016647756727, 12.477164168848049 ], [ 10.341358871668717, 12.476144450155175 ], [ 10.341560832805953, 12.47429913590139 ], [ 10.345268637325205, 12.472071266387616 ], [ 10.345953154790323, 12.469286401495481 ], [ 10.347778535030557, 12.469063610344108 ], [ 10.349603915270848, 12.467504072284441 ], [ 10.35000321654212, 12.46700278894383 ], [ 10.351828597782401, 12.464162172013801 ], [ 10.353768064100166, 12.461154423970186 ], [ 10.357019523309361, 12.457645341585931 ], [ 10.363172054489723, 12.452084534807625 ], [ 10.362146423792865, 12.450915087013016 ], [ 10.357761924813815, 12.445915772616218 ], [ 10.35220000103476, 12.445216950141401 ], [ 10.349772763385545, 12.443367662884896 ], [ 10.347732663999409, 12.444902868928011 ], [ 10.344258650638949, 12.444664922766322 ], [ 10.339213937211298, 12.441315396490495 ], [ 10.334148197769366, 12.441872777869207 ], [ 10.325713729038569, 12.442800821499759 ], [ 10.322878745112348, 12.443510070981631 ], [ 10.307883026923434, 12.447261667530711 ], [ 10.306285108837756, 12.447661431802317 ], [ 10.302706331406114, 12.448556763410636 ], [ 10.288054971451231, 12.455457593099425 ], [ 10.28733228596019, 12.4550413078166 ], [ 10.28805456645091, 12.455457442099316 ], [ 10.287040587761965, 12.455078507841847 ], [ 10.258073357080093, 12.459621498928584 ], [ 10.240465346116309, 12.434042292548725 ], [ 10.225000978608989, 12.433852895420046 ], [ 10.19755681996196, 12.433516775191663 ], [ 10.181204453851308, 12.430174436920709 ], [ 10.143606156305054, 12.422277452555079 ], [ 10.120246044432918, 12.420307174216362 ], [ 10.106912995373762, 12.41687975288761 ], [ 10.097110335713296, 12.426019301097483 ], [ 10.096665218410863, 12.42628025927479 ], [ 10.095203368417629, 12.427965877420093 ], [ 10.093924407548627, 12.428751098953626 ], [ 10.092800112784687, 12.429792112660948 ], [ 10.091026204579407, 12.431269840664982 ], [ 10.089617563622312, 12.43178380501422 ], [ 10.087134269935063, 12.42780710631223 ], [ 10.084368147055613, 12.427331213988907 ], [ 10.080265127267751, 12.426264649264226 ], [ 10.070520237646576, 12.422465553682912 ], [ 10.060804073044892, 12.422467766684406 ], [ 10.052537322428066, 12.421141548783282 ], [ 10.052071314111402, 12.431859881065918 ], [ 10.052521858417549, 12.431876632077262 ], [ 10.053824745302791, 12.432487818492575 ], [ 10.054366252670718, 12.432916467783798 ], [ 10.056827499343001, 12.433918068464322 ], [ 10.057541653828252, 12.433919164465067 ], [ 10.058426912429752, 12.434089455580761 ], [ 10.059119847900547, 12.434160552629123 ], [ 10.060165637611135, 12.434160552629123 ], [ 10.061173401295832, 12.434234825679539 ], [ 10.062846666432733, 12.434884718121111 ], [ 10.06345512584619, 12.435293221398695 ], [ 10.063987529207907, 12.435218948348222 ], [ 10.06453894458258, 12.435293221398695 ], [ 10.065166420008893, 12.435701722676242 ], [ 10.066459397887456, 12.436240203042132 ], [ 10.06832280715355, 12.437131475647675 ], [ 10.069425640902864, 12.437651384000958 ], [ 10.070471430613395, 12.438022747253285 ], [ 10.071764409491948, 12.438431244530818 ], [ 10.072924286279999, 12.438858309821001 ], [ 10.073836975900178, 12.439173966035469 ], [ 10.074559523391088, 12.43921110206071 ], [ 10.075206011830346, 12.439229670073303 ], [ 10.076004616372984, 12.43900685392191 ], [ 10.076765190889716, 12.438746901745276 ], [ 10.077430694341899, 12.438486948568652 ], [ 10.078812570280832, 12.438295838438819 ], [ 10.079427203698458, 12.438561220619135 ], [ 10.079997635086045, 12.439155398022876 ], [ 10.080746247594675, 12.440387813860241 ], [ 10.080955577736916, 12.441150609378496 ], [ 10.081290612964551, 12.442126265041395 ], [ 10.08157582815835, 12.44290611157129 ], [ 10.082032173468406, 12.444131580403962 ], [ 10.083130617214749, 12.445850542571918 ], [ 10.085148880586075, 12.448201017168913 ], [ 10.086328234387395, 12.449562819094183 ], [ 10.087326489065617, 12.450816106945751 ], [ 10.088538654889248, 12.452556775128471 ], [ 10.088823871083036, 12.454158179216563 ], [ 10.088752567034589, 12.455689948257316 ], [ 10.08825343969545, 12.456873581061529 ], [ 10.087792579382324, 12.458500637167049 ], [ 10.084642989242354, 12.467512873290445 ], [ 10.084138732899703, 12.468955752270801 ], [ 10.081037515792559, 12.469421927587518 ], [ 10.080397917358027, 12.469772184825501 ], [ 10.077413121329982, 12.469513299649634 ], [ 10.074110112085748, 12.46980990685114 ], [ 10.073681808794731, 12.470152550083981 ], [ 10.07180679352075, 12.470961565633672 ], [ 10.071454634281451, 12.47170395813805 ], [ 10.071169099087456, 12.473010282025655 ], [ 10.072168297766382, 12.474249231867475 ], [ 10.075574274080566, 12.478472445736941 ], [ 10.079292204606702, 12.482823604693351 ], [ 10.077201332186064, 12.488806429758426 ], [ 10.074696850484372, 12.491883428849064 ], [ 10.074269440193973, 12.492370019179702 ], [ 10.074007992016334, 12.493182201731543 ], [ 10.073699008806386, 12.494110408362189 ], [ 10.073413792612598, 12.495479505292451 ], [ 10.073081041386502, 12.496477317970403 ], [ 10.072344233885929, 12.497196668459196 ], [ 10.071187328099825, 12.497777754853985 ], [ 10.070231856450619, 12.498209364147272 ], [ 10.069903858227804, 12.498613126421617 ], [ 10.069732728111489, 12.498780199535133 ], [ 10.069418990898328, 12.498780199535133 ], [ 10.069176557733613, 12.499156114790537 ], [ 10.068891341539825, 12.499559876064836 ], [ 10.068363693181311, 12.499838331254068 ], [ 10.067850304832518, 12.500214244509493 ], [ 10.066780746105792, 12.500158554471625 ], [ 10.066581094970104, 12.500102864433813 ], [ 10.066338661805389, 12.50028385855677 ], [ 10.065825274456586, 12.500506622708144 ], [ 10.06525484206901, 12.500478776689192 ], [ 10.064784235749244, 12.500325626585152 ], [ 10.06425658739073, 12.500088941424337 ], [ 10.063700417012853, 12.499824409244582 ], [ 10.063443722838429, 12.499323188904043 ], [ 10.063187028664004, 12.498640972440512 ], [ 10.062801987402395, 12.498014444014814 ], [ 10.06254529322797, 12.497541066693202 ], [ 10.062245817024518, 12.49722084047562 ], [ 10.062017643869467, 12.496900613257992 ], [ 10.061989122850093, 12.496636078078268 ], [ 10.062088947917914, 12.496371541898554 ], [ 10.061903557791936, 12.495995621643146 ], [ 10.061632602607858, 12.495633625397147 ], [ 10.061375909433423, 12.495271627151226 ], [ 10.061119215259055, 12.494853936867401 ], [ 10.06094808614273, 12.494450168593062 ], [ 10.060662869948942, 12.49410209335656 ], [ 10.060192263629233, 12.493545169978177 ], [ 10.059621833241636, 12.493043937637594 ], [ 10.059222530970317, 12.492500935268652 ], [ 10.058880608737979, 12.492162484038658 ], [ 10.056758938296412, 12.496627825072665 ], [ 10.053163516853488, 12.516271882419858 ], [ 10.057647782900347, 12.528700845864762 ], [ 10.053434902037907, 12.534125153550349 ], [ 10.056651933223748, 12.542786392435232 ], [ 10.058947636783557, 12.542170587016813 ], [ 10.060394348766522, 12.542246730068598 ], [ 10.060906250114328, 12.542504437243679 ], [ 10.062148151958127, 12.552364465943072 ], [ 10.062743149362404, 12.557088425152813 ], [ 10.078324542949247, 12.558329420996017 ], [ 10.087485745173865, 12.557905289707833 ], [ 10.089482212530356, 12.562765755010275 ], [ 10.091316301776544, 12.575128483410197 ], [ 10.098882987917762, 12.579411512320291 ], [ 10.102946154678477, 12.581064762443589 ], [ 10.108220945262417, 12.572287406479802 ], [ 10.111245292317335, 12.558487415103343 ], [ 10.12245448193346, 12.553837462943932 ], [ 10.126162286452768, 12.55979508599188 ], [ 10.128510562048291, 12.562578973883376 ], [ 10.133403493372782, 12.566183596332564 ], [ 10.135287468652848, 12.563589824570215 ], [ 10.14018539498079, 12.565203404666534 ], [ 10.148904297904892, 12.566290541405237 ], [ 10.159029454784445, 12.569004764249428 ], [ 10.165945935483876, 12.571997335282731 ], [ 10.169796347100032, 12.573041246991977 ], [ 10.173290239473943, 12.574293935843116 ], [ 10.177069346041719, 12.575685805788851 ], [ 10.17607109136344, 12.578469521680233 ], [ 10.174881725555338, 12.580529157079695 ], [ 10.172683188061512, 12.584774231963991 ], [ 10.174544488326148, 12.590473313836242 ], [ 10.180090666094543, 12.605688882174547 ], [ 10.170748991747303, 12.622621172679203 ], [ 10.165609356255175, 12.629017164025015 ], [ 10.156784375259008, 12.634357583653582 ], [ 10.151546001699785, 12.639602668217378 ], [ 10.153457768998749, 12.646496874901629 ], [ 10.159311242975889, 12.65363525775183 ], [ 10.162951819449518, 12.656347843594915 ], [ 10.171879068515125, 12.65689485096658 ], [ 10.171881126516553, 12.656901321970963 ], [ 10.176189072443606, 12.661684297220802 ], [ 10.182576713783703, 12.669800656735447 ], [ 10.185335487658165, 12.67198370921875 ], [ 10.186736109609797, 12.677047187659127 ], [ 10.185844811004188, 12.681250081514804 ], [ 10.187330309013532, 12.689800582324494 ], [ 10.188381074727488, 12.695387054120204 ], [ 10.186570719497411, 12.708763579208949 ], [ 10.196481466231319, 12.719353574404352 ], [ 10.217089313233373, 12.7270837966567 ], [ 10.230869646596489, 12.724762757079645 ], [ 10.237101224830553, 12.730183704762908 ], [ 10.237877881358258, 12.729806797506797 ], [ 10.238266208622065, 12.729715427444717 ], [ 10.239088551180828, 12.729886747561125 ], [ 10.239888049724073, 12.730149440739638 ], [ 10.240976415463535, 12.730313147850893 ], [ 10.242149490260601, 12.730583454034502 ], [ 10.245118391277799, 12.730165049750212 ], [ 10.247074307606795, 12.729540203325712 ], [ 10.247307494765209, 12.729920916584376 ], [ 10.247654896001279, 12.730634756069378 ], [ 10.248087958295514, 12.730682345101741 ], [ 10.248896974845195, 12.730815595192269 ], [ 10.250228520749943, 12.731965825973759 ], [ 10.250937093231357, 12.73266936045178 ], [ 10.25141766755786, 12.737896015003059 ], [ 10.251421138560261, 12.737933768028711 ], [ 10.260663997840311, 12.742283108983884 ], [ 10.268946661468021, 12.746102091578734 ], [ 10.288355988655724, 12.757877770579739 ], [ 10.300721969057861, 12.772392755441956 ], [ 10.307072705372889, 12.776482557220788 ], [ 10.328778064120627, 12.782519703322748 ], [ 10.351432557513306, 12.774253022705921 ], [ 10.353755078091353, 12.76073704552249 ], [ 10.35660723502923, 12.751371778159239 ], [ 10.360173004452008, 12.744459295462491 ] ] ] ] } },
{ "type": "Feature", "properties": { "fid": 773.0, "OBJECTID": 773.0, "lganame": "Gagarawa", "statecode": "JI", "LGA_UID": "17_07" }, "geometry": { "type": "MultiPolygon", "coordinates": [ [ [ [ 9.562664739582658, 12.578882876961131 ], [ 9.589415564758554, 12.57649568933914 ], [ 9.611565231808243, 12.562710425972682 ], [ 9.664062786477871, 12.562655951935653 ], [ 9.665227813269439, 12.53586044072938 ], [ 9.652224746434456, 12.515983579223985 ], [ 9.648065351608352, 12.51186498942559 ], [ 9.646104493276027, 12.50942860777019 ], [ 9.648032631586091, 12.498296823206658 ], [ 9.649107320316318, 12.492361228173706 ], [ 9.644028768865667, 12.480460977088057 ], [ 9.643127951253632, 12.476298102259591 ], [ 9.643331631392016, 12.470126683066383 ], [ 9.665891274720195, 12.466433083556751 ], [ 9.665392147381112, 12.46545836389447 ], [ 9.664536499799738, 12.464344393137594 ], [ 9.663538246121448, 12.463578534617227 ], [ 9.662611295491615, 12.463091170286077 ], [ 9.661969559055592, 12.462186060671115 ], [ 9.660828697280408, 12.461002451866932 ], [ 9.660044353747537, 12.459958087157304 ], [ 9.658832186923917, 12.459609963920798 ], [ 9.657691324148743, 12.458844092400398 ], [ 9.656265246179771, 12.458078217880029 ], [ 9.655338294549949, 12.457451593454266 ], [ 9.654696560113962, 12.455919834413521 ], [ 9.653484393290341, 12.455710957271606 ], [ 9.65255744166052, 12.455153951893124 ], [ 9.651773099127581, 12.45327404861581 ], [ 9.650703540400855, 12.452020771764296 ], [ 9.649420069528787, 12.450488981723481 ], [ 9.648707031044353, 12.449374946966543 ], [ 9.647280952075391, 12.448260907209601 ], [ 9.645854874106419, 12.446589838074203 ], [ 9.644571403234352, 12.445127644080742 ], [ 9.643074021216989, 12.443804700181829 ], [ 9.642289677684062, 12.442133603046386 ], [ 9.641719247296464, 12.440671384052905 ], [ 9.64157663919957, 12.439766196437859 ], [ 9.642147069587168, 12.438930635870122 ], [ 9.642788805023201, 12.437955812207804 ], [ 9.643501843507636, 12.437050614592749 ], [ 9.644286188040553, 12.435100950268065 ], [ 9.645141834621938, 12.433569060227228 ], [ 9.645997482203313, 12.432524583517534 ], [ 9.646140089300218, 12.431549735855185 ], [ 9.648180963686912, 12.429421600409228 ], [ 9.647675894343706, 12.429131463212059 ], [ 9.643754178679103, 12.42698444375327 ], [ 9.641704191286237, 12.425968956063286 ], [ 9.639624493873157, 12.424692337195893 ], [ 9.637366536339016, 12.423473740367911 ], [ 9.635108578804818, 12.422284150559619 ], [ 9.632583232088962, 12.420804411554229 ], [ 9.630449065638913, 12.419972658989082 ], [ 9.623259253753758, 12.415562390992534 ], [ 9.619011929867895, 12.413362655497906 ], [ 9.613039025809599, 12.410281577404476 ], [ 9.606265154207051, 12.406509501841526 ], [ 9.601570979017595, 12.403898033067151 ], [ 9.597708683393364, 12.40163473852931 ], [ 9.591053650871572, 12.398210744202913 ], [ 9.58760729452996, 12.396237572862219 ], [ 9.584933397713144, 12.394728667837001 ], [ 9.579150900784214, 12.39126295148219 ], [ 9.570050527600927, 12.387047292617865 ], [ 9.561268657634059, 12.3828653667764 ], [ 9.554363665942446, 12.378225567623929 ], [ 9.544100000968797, 12.372299998597782 ], [ 9.534899997717787, 12.367199998132548 ], [ 9.514663657968185, 12.37180986326473 ], [ 9.508525297797462, 12.373208174214824 ], [ 9.497401887239619, 12.375854774013078 ], [ 9.481662248545263, 12.380025890847151 ], [ 9.476653362141974, 12.381423354796652 ], [ 9.465549235597223, 12.377615081209115 ], [ 9.45035105027074, 12.384552028922428 ], [ 9.441119658998446, 12.384033503570095 ], [ 9.420868300238624, 12.384214412693041 ], [ 9.404130823866296, 12.396502684042332 ], [ 9.401772994264263, 12.3976211408023 ], [ 9.398737829201991, 12.408890840459492 ], [ 9.405423257744417, 12.418147587749047 ], [ 9.407698530290361, 12.426520590438088 ], [ 9.40910932324897, 12.429154070227412 ], [ 9.406667084589571, 12.452682951214172 ], [ 9.394451110289367, 12.457170849263491 ], [ 9.383981481175738, 12.471923507287272 ], [ 9.398178960822293, 12.490801294113794 ], [ 9.400557840438637, 12.523177053111624 ], [ 9.400329667283586, 12.532142341203098 ], [ 9.409926529804181, 12.537059700544205 ], [ 9.405721790947268, 12.549640382092207 ], [ 9.400371293311878, 12.560063878174503 ], [ 9.411008554539364, 12.561264925990542 ], [ 9.419228938124775, 12.560436820427867 ], [ 9.426543350094562, 12.557363000339365 ], [ 9.431629695550498, 12.555414242015274 ], [ 9.452841022962559, 12.588095374220586 ], [ 9.463094543929344, 12.591445330496697 ], [ 9.475774585544855, 12.592518009225557 ], [ 9.509469213438763, 12.576933718636724 ], [ 9.551782778188851, 12.594351619471411 ], [ 9.555161551484559, 12.602548276040636 ], [ 9.556661268503547, 12.602472173988929 ], [ 9.558187172540329, 12.60240258794164 ], [ 9.559670293548038, 12.602319084884925 ], [ 9.561780889982117, 12.60215207777145 ], [ 9.563748878319245, 12.60204074069577 ], [ 9.564689398958308, 12.602015085678374 ], [ 9.56630155905367, 12.601998988667447 ], [ 9.566101907918039, 12.597970692930403 ], [ 9.566149443950337, 12.591058267233734 ], [ 9.562664739582658, 12.578882876961131 ] ] ] ] } }
]
}
