{
"type": "FeatureCollection",
"name": "Kaduna",
"crs": { "type": "name", "properties": { "name": "urn:ogc:def:crs:OGC:1.3:CRS84" } },
"features": [
{ "type": "Feature", "properties": { "fid": 15.0, "OBJECTID": 15.0, "lganame": "Sabon Gari", "statecode": "KD", "LGA_UID": "18_19" }, "geometry": { "type": "MultiPolygon", "coordinates": [ [ [ [ 7.725325828197185, 11.246218866478557 ], [ 7.726808949204894, 11.242563585994958 ], [ 7.727572618723798, 11.242824113171991 ], [ 7.72816371512539, 11.243025766308961 ], [ 7.728910037632488, 11.243617281710897 ], [ 7.729271310877948, 11.242479663937957 ], [ 7.729442440994262, 11.241108922006561 ], [ 7.729870264284955, 11.240129816341323 ], [ 7.730184001498117, 11.239588974973856 ], [ 7.730286368567647, 11.239723308065095 ], [ 7.730811474924451, 11.239738173075239 ], [ 7.73129634325386, 11.239635600005556 ], [ 7.731476979376623, 11.239160031682388 ], [ 7.731581559447648, 11.239234630733108 ], [ 7.731600572460593, 11.239449102878837 ], [ 7.731771701576861, 11.239588974973856 ], [ 7.731914308673765, 11.239533025935827 ], [ 7.731990366725427, 11.239616949992865 ], [ 7.732190017861114, 11.239616949992865 ], [ 7.732142481828816, 11.239766147094201 ], [ 7.732085439790012, 11.239822096132229 ], [ 7.732418190016119, 11.240045893284275 ], [ 7.732722421222832, 11.240073867303295 ], [ 7.732941086371397, 11.240297663455351 ], [ 7.733102708481226, 11.240512133601101 ], [ 7.732966046388356, 11.24092761488339 ], [ 7.733046264442862, 11.241050153966626 ], [ 7.73297600639512, 11.241263751111774 ], [ 7.732865028319736, 11.241267443114282 ], [ 7.732788782267903, 11.241582227328195 ], [ 7.73288404433265, 11.241677734393079 ], [ 7.732836507300362, 11.241836254500754 ], [ 7.732761883249623, 11.242023300627864 ], [ 7.732903057345595, 11.242143971709822 ], [ 7.732634806163333, 11.242635289043676 ], [ 7.732855521313297, 11.242759406128016 ], [ 7.732979114397267, 11.243095097356104 ], [ 7.733070356459223, 11.243654024735861 ], [ 7.733121722494161, 11.243766476812254 ], [ 7.733497255749285, 11.243909843909648 ], [ 7.734020152104563, 11.244218725119538 ], [ 7.734311310302417, 11.244527606329427 ], [ 7.734531163451777, 11.244615025388839 ], [ 7.734935218726321, 11.244504294313572 ], [ 7.735095651835309, 11.244521778325463 ], [ 7.735464057085665, 11.244644164408612 ], [ 7.735654125214808, 11.244608915384674 ], [ 7.735808692319836, 11.24448681030168 ], [ 7.736016662461111, 11.244463498285882 ], [ 7.736058255489354, 11.244580057365056 ], [ 7.735892950377036, 11.244829543534593 ], [ 7.736159268558026, 11.244935559606574 ], [ 7.736272166634706, 11.245052118685805 ], [ 7.736450426755823, 11.245203644788774 ], [ 7.736610860864857, 11.245221128800608 ], [ 7.736789121985964, 11.245291062848139 ], [ 7.73693172808288, 11.245489212982761 ], [ 7.73716940824437, 11.245967101307485 ], [ 7.737317959345262, 11.245937961287666 ], [ 7.737300132333189, 11.245792264188708 ], [ 7.737199118264527, 11.245664050101595 ], [ 7.737252597300881, 11.245559147030292 ], [ 7.737674476587529, 11.245296890852103 ], [ 7.737814709682823, 11.245313209863184 ], [ 7.738042881837828, 11.245499702989889 ], [ 7.738252038979965, 11.245443754951907 ], [ 7.738242532973516, 11.245247936818828 ], [ 7.738204503947657, 11.244977521635121 ], [ 7.738432677102708, 11.244819001527389 ], [ 7.738546762180192, 11.244865624559111 ], [ 7.738793950348168, 11.245322533869512 ], [ 7.739031629509668, 11.245294559850549 ], [ 7.739373887742204, 11.245322533869512 ], [ 7.739516494839108, 11.245453078958235 ], [ 7.739642244924539, 11.24585858223378 ], [ 7.739868261078072, 11.245956611300358 ], [ 7.740086927226685, 11.245854040230654 ], [ 7.740239042330018, 11.245546326021611 ], [ 7.740400664439846, 11.245434429945533 ], [ 7.74055277854319, 11.245397131920242 ], [ 7.740704893646523, 11.245564975034256 ], [ 7.740742922672382, 11.245919312275021 ], [ 7.740961588820937, 11.246021883344724 ], [ 7.741094688911403, 11.24594728629404 ], [ 7.741351383085828, 11.245462403964552 ], [ 7.741588778247092, 11.24467200642755 ], [ 7.746060930285751, 11.244778794500064 ], [ 7.746270087427831, 11.244251949142097 ], [ 7.746517273595771, 11.243874298885544 ], [ 7.746811996796055, 11.243599219698638 ], [ 7.7471685160383, 11.243063048334307 ], [ 7.747520282277264, 11.242321730830611 ], [ 7.747792550462293, 11.241799813476007 ], [ 7.747957612574453, 11.241454527241387 ], [ 7.748143240700585, 11.240750270762874 ], [ 7.748235284763098, 11.24044633255636 ], [ 7.748303673809573, 11.240126674339194 ], [ 7.748303673809573, 11.239742024077827 ], [ 7.748137299696509, 11.239339889804626 ], [ 7.74802440161983, 11.238832851460074 ], [ 7.747976864587486, 11.238384091155183 ], [ 7.747893676530964, 11.238086470952965 ], [ 7.747865154511601, 11.237778749743882 ], [ 7.747945965566544, 11.23759963362221 ], [ 7.74804103763114, 11.237107356287709 ], [ 7.748088574663427, 11.236687733002611 ], [ 7.748159877711885, 11.236463934850519 ], [ 7.748426079892738, 11.235839162426032 ], [ 7.748592455005792, 11.235079175909675 ], [ 7.748910946222168, 11.234006800181021 ], [ 7.749205669422452, 11.232915770439718 ], [ 7.749291234480552, 11.232729268312994 ], [ 7.749348276519299, 11.232426204107071 ], [ 7.749400566554868, 11.232277002005731 ], [ 7.749505144625914, 11.232169763932859 ], [ 7.749681027745396, 11.231987923809299 ], [ 7.749833142848786, 11.231810747688883 ], [ 7.749923461910157, 11.231526332495662 ], [ 7.749980504948894, 11.231330505362621 ], [ 7.750108852036078, 11.230994800134511 ], [ 7.750222938113609, 11.230715045944407 ], [ 7.750303750168541, 11.230342040690971 ], [ 7.750607979375218, 11.230300077662491 ], [ 7.75105957068206, 11.230561181839903 ], [ 7.751587220040562, 11.230668420912764 ], [ 7.752165376433425, 11.230663679909526 ], [ 7.753056675039034, 11.23057975385251 ], [ 7.753926583630061, 11.230586747857274 ], [ 7.75460760209279, 11.230432653752587 ], [ 7.755410298638196, 11.230463189773332 ], [ 7.756251685209861, 11.230288342654489 ], [ 7.756736551539291, 11.230183434583239 ], [ 7.757877415314454, 11.229945644421662 ], [ 7.758676018857102, 11.229707852260105 ], [ 7.759809749627379, 11.229749816288574 ], [ 7.760822266315358, 11.229910675397889 ], [ 7.761198455570991, 11.22989905339 ], [ 7.761727824930631, 11.229882699378891 ], [ 7.761920347061448, 11.229896687388418 ], [ 7.762455125424822, 11.229533005141263 ], [ 7.762549931489218, 11.229507543123987 ], [ 7.762383167375901, 11.229094221843184 ], [ 7.762314937329563, 11.228920233724921 ], [ 7.762126472201487, 11.228833116665726 ], [ 7.761793721975437, 11.228432133393312 ], [ 7.761709188917962, 11.228263913279022 ], [ 7.761480153762363, 11.228108515173403 ], [ 7.761080682490956, 11.227714090905408 ], [ 7.76095708840694, 11.227425008709019 ], [ 7.760862016342344, 11.227089300480884 ], [ 7.760633844187339, 11.226809542290823 ], [ 7.760301092961242, 11.226744266246499 ], [ 7.759017621089185, 11.226464507056392 ], [ 7.756650332480717, 11.225410750340416 ], [ 7.756041871067282, 11.225112340137628 ], [ 7.75551897671204, 11.224375638637127 ], [ 7.755015095369686, 11.223983974370981 ], [ 7.75452072203376, 11.223778817231562 ], [ 7.754720373169391, 11.22292088164869 ], [ 7.75475840219525, 11.222706397502918 ], [ 7.754977066343827, 11.222454613331877 ], [ 7.755328831582801, 11.221801833888321 ], [ 7.755480946686191, 11.221288934539814 ], [ 7.755697236833157, 11.220884444264982 ], [ 7.755918277983312, 11.220611674079692 ], [ 7.756224885191671, 11.220289945861055 ], [ 7.756567143424206, 11.219863304571163 ], [ 7.75662418746299, 11.219541576352583 ], [ 7.756186856165812, 11.219415681267037 ], [ 7.755925407988173, 11.219345740219524 ], [ 7.755476193682966, 11.218940079943877 ], [ 7.754974689342191, 11.218529756665077 ], [ 7.754791676217849, 11.218345577539935 ], [ 7.754923636307524, 11.218125284390283 ], [ 7.754984197348676, 11.217604197036223 ], [ 7.754798806222709, 11.217282464817629 ], [ 7.754599155087021, 11.216639000380439 ], [ 7.754706112159738, 11.216562064328173 ], [ 7.754299678883569, 11.215463973582018 ], [ 7.754142810777012, 11.21541501354875 ], [ 7.753636552433022, 11.214149056688598 ], [ 7.752821678879343, 11.213068999954771 ], [ 7.752686944787797, 11.212584832625794 ], [ 7.752638297754743, 11.212078751281922 ], [ 7.752773774846787, 11.211176484668897 ], [ 7.752845078895234, 11.210337165098622 ], [ 7.752738122822564, 11.210120339951288 ], [ 7.752745252827424, 11.209924497818236 ], [ 7.752638297754743, 11.209665706642397 ], [ 7.75270247079834, 11.209134135281204 ], [ 7.752952034967905, 11.208077981563633 ], [ 7.752987686992128, 11.207616352249943 ], [ 7.753230121156832, 11.206909914769938 ], [ 7.753112706077104, 11.206053097187805 ], [ 7.753740181503417, 11.205115838550967 ], [ 7.7541537437844, 11.204276500980654 ], [ 7.754299327883302, 11.203885876715276 ], [ 7.754433586974528, 11.203525637470534 ], [ 7.754795479220434, 11.202905578049183 ], [ 7.755009391365775, 11.202429949726024 ], [ 7.755066435404558, 11.201772463279326 ], [ 7.755267522541146, 11.201451580061303 ], [ 7.755288742555592, 11.201095119819058 ], [ 7.755209040501427, 11.200905136689983 ], [ 7.755451474666188, 11.200149722176718 ], [ 7.756193037170021, 11.19868085417869 ], [ 7.756958364690036, 11.198757795230961 ], [ 7.757885316319857, 11.198687849183443 ], [ 7.758253718570131, 11.198606245128019 ], [ 7.759632260506805, 11.197218974185432 ], [ 7.761331391661315, 11.197197604170924 ], [ 7.762246738283238, 11.196706030836879 ], [ 7.762650793557782, 11.196484532686384 ], [ 7.763351949034188, 11.196263034535889 ], [ 7.764219480623581, 11.196088168417077 ], [ 7.764905860089982, 11.195818267233733 ], [ 7.765467299471425, 11.19523714583886 ], [ 7.765562369536042, 11.194934041632905 ], [ 7.766061497875171, 11.194607621411137 ], [ 7.766715117319279, 11.194397780268559 ], [ 7.767040737540526, 11.194289361194876 ], [ 7.767737141013697, 11.194129648086346 ], [ 7.768836388760576, 11.193534224681798 ], [ 7.769389015136085, 11.19323198947643 ], [ 7.769947838515748, 11.192905305254499 ], [ 7.771329564454561, 11.192354334880122 ], [ 7.772003490912482, 11.191798059502162 ], [ 7.772882906510006, 11.191238476121953 ], [ 7.773880910188097, 11.191330202184304 ], [ 7.774179146390736, 11.191360296204721 ], [ 7.774130378357597, 11.191230725116668 ], [ 7.7741303673576, 11.191230700116648 ], [ 7.772897644520015, 11.18780290178762 ], [ 7.770331967776769, 11.180083760542857 ], [ 7.774902817882435, 11.179203521944771 ], [ 7.776061507669681, 11.17899949780616 ], [ 7.777220195457005, 11.178766327647736 ], [ 7.778330703211509, 11.178234932286671 ], [ 7.778319464203889, 11.177979377113047 ], [ 7.780405873621476, 11.17641578205064 ], [ 7.781049158058579, 11.176140307863477 ], [ 7.782478859029993, 11.176230590924831 ], [ 7.783429577675975, 11.175880831687152 ], [ 7.790084611197756, 11.173315921944436 ], [ 7.791896918429131, 11.172266635231495 ], [ 7.791984862488903, 11.170934034326024 ], [ 7.792003873501812, 11.169833437578234 ], [ 7.79145245712715, 11.168527641691014 ], [ 7.791129212907492, 11.16781877820938 ], [ 7.791059981860485, 11.165879140891491 ], [ 7.789855249041921, 11.162371664508328 ], [ 7.789760177977314, 11.161494893912618 ], [ 7.793677139638703, 11.161159107684455 ], [ 7.798232209733669, 11.1607544624095 ], [ 7.799269058438142, 11.160996408573908 ], [ 7.799466625572393, 11.159258196392841 ], [ 7.799434384550466, 11.158838507107703 ], [ 7.799462908569865, 11.158614647955574 ], [ 7.799568566641653, 11.158559771918306 ], [ 7.799817761810971, 11.158494967874276 ], [ 7.800104643005909, 11.158362805784463 ], [ 7.800279972124997, 11.158411083817271 ], [ 7.80091532555673, 11.158586032936171 ], [ 7.801882681214011, 11.158830284102123 ], [ 7.803049494006757, 11.159181290340598 ], [ 7.803327177195456, 11.159367510467121 ], [ 7.803570014360446, 11.159475104540263 ], [ 7.803709293455086, 11.159623761641228 ], [ 7.804895623261132, 11.160058475936637 ], [ 7.806226629165508, 11.16011443997462 ], [ 7.80900160605097, 11.157963823513398 ], [ 7.810485850059422, 11.155898421110066 ], [ 7.812604590499006, 11.153467400458283 ], [ 7.810660175177873, 11.15089047470741 ], [ 7.808090356431819, 11.148434871038944 ], [ 7.804317088868061, 11.143268530528644 ], [ 7.803350470211285, 11.140325667529112 ], [ 7.799866938844389, 11.137927170899445 ], [ 7.7978492844735, 11.142012922675519 ], [ 7.795298373740252, 11.14717851518526 ], [ 7.792899877110585, 11.147406944340503 ], [ 7.79241400878044, 11.142756498180745 ], [ 7.792100377567351, 11.139754597141064 ], [ 7.78861684820049, 11.13998302529626 ], [ 7.787254091274519, 11.143462401660372 ], [ 7.785932815376782, 11.146835872952465 ], [ 7.783991175057565, 11.147863799650906 ], [ 7.778794431526592, 11.141639130421538 ], [ 7.772683976374822, 11.136956351239803 ], [ 7.760919921381685, 11.134100998299743 ], [ 7.755494749695572, 11.132559107252064 ], [ 7.748749801112695, 11.132689654340766 ], [ 7.74775040943365, 11.130342232745818 ], [ 7.749555616660189, 11.126448651100304 ], [ 7.74727133410812, 11.123307762966249 ], [ 7.746357620487288, 11.121137694491779 ], [ 7.744301766090473, 11.119767124560553 ], [ 7.741560628228001, 11.120452409026143 ], [ 7.741032130868916, 11.120181935842368 ], [ 7.741091617909319, 11.11918256216336 ], [ 7.742140940622278, 11.115889658925994 ], [ 7.742424115814686, 11.115482500649307 ], [ 7.742942736167038, 11.115245970488616 ], [ 7.743532028567472, 11.115292989520583 ], [ 7.744113533962548, 11.115220760471516 ], [ 7.745410339843659, 11.115672856778644 ], [ 7.746683350708622, 11.11504230035024 ], [ 7.748094269667263, 11.11349706630034 ], [ 7.749131817372245, 11.112938856921062 ], [ 7.749810237833231, 11.112797198824808 ], [ 7.749660392731414, 11.109943355885719 ], [ 7.749851855861493, 11.109166523357942 ], [ 7.749917822906298, 11.108763187083866 ], [ 7.750259782138642, 11.107819549442695 ], [ 7.747047306955949, 11.106311094417777 ], [ 7.746428647535595, 11.1030274381867 ], [ 7.748915613225336, 11.099642555886817 ], [ 7.748772476128067, 11.099579530844039 ], [ 7.749060603323869, 11.097195792224397 ], [ 7.749403088556562, 11.094362321299172 ], [ 7.749456315592738, 11.09429524625358 ], [ 7.749379177540334, 11.090225938488686 ], [ 7.745048558597887, 11.085752551449218 ], [ 7.742149825628303, 11.084474526580891 ], [ 7.741001884848345, 11.084223475410283 ], [ 7.740769509690438, 11.08413583135075 ], [ 7.740493431502898, 11.08453051761893 ], [ 7.738941926448717, 11.086748597126018 ], [ 7.738817536364195, 11.087929114928102 ], [ 7.738654341253323, 11.088819927533393 ], [ 7.738767861330416, 11.09036419758263 ], [ 7.737798128671557, 11.090937970972504 ], [ 7.736454315758465, 11.091130484103303 ], [ 7.735844402344071, 11.091217859162668 ], [ 7.734175889210405, 11.091343809248201 ], [ 7.732935201367411, 11.091287831210195 ], [ 7.731993988727879, 11.092029534714129 ], [ 7.731109822127166, 11.092841208265611 ], [ 7.730653474817075, 11.092701264170557 ], [ 7.730125827458551, 11.09204352872365 ], [ 7.729640960129132, 11.092351404932856 ], [ 7.728457316324921, 11.092575315084957 ], [ 7.728275677201509, 11.093149661475195 ], [ 7.728200621150506, 11.09338698663646 ], [ 7.727330713559411, 11.094828397615856 ], [ 7.726955180304287, 11.095430150024697 ], [ 7.726422775942524, 11.095514115081755 ], [ 7.725852344554937, 11.095439480031018 ], [ 7.724904672911066, 11.094714966538788 ], [ 7.724549859669992, 11.094273292238654 ], [ 7.724131544385727, 11.09434792828938 ], [ 7.723656184062747, 11.094786414587304 ], [ 7.722695958410327, 11.094581166447881 ], [ 7.722192077067973, 11.094721108542956 ], [ 7.721826366819471, 11.094668786507384 ], [ 7.721460024570547, 11.094263963232322 ], [ 7.720547333950435, 11.094096031118227 ], [ 7.719615629317389, 11.094226645206959 ], [ 7.719387456162337, 11.094683790517593 ], [ 7.718919227844196, 11.095171256848801 ], [ 7.718605201630851, 11.095568732118863 ], [ 7.718099232287045, 11.096209160553997 ], [ 7.718089808280638, 11.096220977562041 ], [ 7.717671408996353, 11.096745603918464 ], [ 7.717136628633, 11.097188752219608 ], [ 7.716946485503854, 11.097340355322615 ], [ 7.716180661983515, 11.097624453515607 ], [ 7.712373239396527, 11.0996850559157 ], [ 7.712205498282572, 11.099775838977394 ], [ 7.71091014340243, 11.100936172765785 ], [ 7.710745708290688, 11.101352769048844 ], [ 7.710366019032733, 11.10231470670243 ], [ 7.709863541691277, 11.103587723567387 ], [ 7.708319433642146, 11.104393826115086 ], [ 7.707901139357944, 11.105587969926489 ], [ 7.707593591148964, 11.106465949522999 ], [ 7.706261093243597, 11.107665198337827 ], [ 7.704039599734188, 11.106165708318997 ], [ 7.703151930131071, 11.106667092659677 ], [ 7.698726133123955, 11.110759766440481 ], [ 7.695378894849682, 11.111332676829704 ], [ 7.694135897005083, 11.111215719750248 ], [ 7.691194610006619, 11.11019536205697 ], [ 7.690054520232025, 11.110194051056055 ], [ 7.689050312549682, 11.110595770329041 ], [ 7.687591781558694, 11.112366291531998 ], [ 7.685690344266732, 11.114698517116665 ], [ 7.684121657200876, 11.115957910972327 ], [ 7.682838188328844, 11.117170655796372 ], [ 7.681412110359872, 11.118290107556959 ], [ 7.678559952422006, 11.118989764032335 ], [ 7.677704304840631, 11.121721512888428 ], [ 7.676221182832876, 11.12315811986457 ], [ 7.675732279500721, 11.124522651791665 ], [ 7.675365537251537, 11.125546231487192 ], [ 7.674472385644663, 11.126866905384475 ], [ 7.671808230834529, 11.126527331153795 ], [ 7.670916172228374, 11.128003119156517 ], [ 7.670559652986185, 11.129344079067607 ], [ 7.668836473815361, 11.131151450295647 ], [ 7.666400257160035, 11.130918241137181 ], [ 7.663666940302903, 11.129868801424152 ], [ 7.66250825151559, 11.130218614661828 ], [ 7.662181443293548, 11.132434094167138 ], [ 7.660636524243841, 11.13400824023671 ], [ 7.657606107184847, 11.134066541276297 ], [ 7.658437985750027, 11.131501261533344 ], [ 7.657418340057234, 11.131163499303852 ], [ 7.655576321805711, 11.131863123779169 ], [ 7.653727569549574, 11.131821896751205 ], [ 7.652961845029267, 11.131804821739593 ], [ 7.64939664860691, 11.131921425818803 ], [ 7.647732891476437, 11.131338405422696 ], [ 7.645653194063414, 11.130755384026543 ], [ 7.649429773629379, 11.140009979314584 ], [ 7.646268593481523, 11.141692634457911 ], [ 7.643280315451136, 11.143283253538641 ], [ 7.639882432142429, 11.145091901767501 ], [ 7.634284274338768, 11.148071726792182 ], [ 7.633878657063121, 11.150204488241286 ], [ 7.632272521971856, 11.151513191130505 ], [ 7.62932793897113, 11.156272113363968 ], [ 7.627692058859623, 11.155974681161865 ], [ 7.624404530625895, 11.157517872210406 ], [ 7.623417084955008, 11.15948742854863 ], [ 7.622219299141136, 11.160971548557029 ], [ 7.622219385141193, 11.160980683563196 ], [ 7.62062716205935, 11.164018408627214 ], [ 7.62040796691042, 11.164564160997998 ], [ 7.619169742069118, 11.167647087092689 ], [ 7.614708253037747, 11.166635816405631 ], [ 7.612970297856918, 11.172903195663991 ], [ 7.607083191856873, 11.176578890161466 ], [ 7.60487552135686, 11.178205546266668 ], [ 7.602946600046266, 11.179391644072609 ], [ 7.602175906522632, 11.179865543394556 ], [ 7.601517108074972, 11.184438908501988 ], [ 7.605379401699224, 11.187528337601066 ], [ 7.607623719224136, 11.191746994467451 ], [ 7.609895316767563, 11.197262738215159 ], [ 7.610512443186906, 11.200429315366705 ], [ 7.610667777292463, 11.201226351908247 ], [ 7.612805079744646, 11.203741473617129 ], [ 7.612848122773869, 11.203792124651557 ], [ 7.615105127307402, 11.206448072456169 ], [ 7.617097012660793, 11.208792040048763 ], [ 7.617254742767955, 11.20893766014774 ], [ 7.6201241857176, 11.211586793947674 ], [ 7.623137854765275, 11.214369055838119 ], [ 7.62473743985214, 11.216336566174903 ], [ 7.627410932668624, 11.213371856160563 ], [ 7.631261345284827, 11.209839727760652 ], [ 7.633981556133051, 11.210010044876356 ], [ 7.636607712917396, 11.211355393790484 ], [ 7.637001311184861, 11.211903055162566 ], [ 7.638015225873744, 11.213536864272669 ], [ 7.638386708126177, 11.214135460679358 ], [ 7.638688836331426, 11.215679955728774 ], [ 7.639389992807821, 11.217078795679242 ], [ 7.640091147284238, 11.218384373566323 ], [ 7.640637809655686, 11.218722423796009 ], [ 7.64271705706841, 11.219313180197389 ], [ 7.645985604289251, 11.219316925199962 ], [ 7.649194281469363, 11.220051307698895 ], [ 7.649823819897108, 11.220423374951736 ], [ 7.650316863232149, 11.220649430105311 ], [ 7.651153921800869, 11.221033214366059 ], [ 7.65192171732258, 11.221431155636481 ], [ 7.652300716580044, 11.221470022662857 ], [ 7.65240785865285, 11.218638400738939 ], [ 7.652360312620544, 11.217333584852383 ], [ 7.652365700624216, 11.217240629789217 ], [ 7.652690495844922, 11.215320061484249 ], [ 7.654188315862598, 11.213215674054425 ], [ 7.656354669334519, 11.210169300984546 ], [ 7.658012951461274, 11.207320592048973 ], [ 7.660983354479526, 11.208579001904013 ], [ 7.661532393852553, 11.209075603241445 ], [ 7.662986993840889, 11.209292428388778 ], [ 7.66379985939318, 11.209830993754679 ], [ 7.664149247630576, 11.210061807911529 ], [ 7.664377419785637, 11.210166722982819 ], [ 7.664669765984229, 11.210467480187162 ], [ 7.66489080813443, 11.210621356291711 ], [ 7.665368544459056, 11.210908123486547 ], [ 7.665824888769123, 11.211117952629138 ], [ 7.666523668243883, 11.211502640890501 ], [ 7.666930099520073, 11.211691487018811 ], [ 7.667757225082028, 11.211915305170919 ], [ 7.668263483426017, 11.212013225237399 ], [ 7.668627132673123, 11.21195027719466 ], [ 7.669076347978319, 11.211901317161391 ], [ 7.67001756061785, 11.211922299175626 ], [ 7.671101379354241, 11.211915305170919 ], [ 7.671743113790285, 11.211908311166155 ], [ 7.672195894097911, 11.211904231163373 ], [ 7.672096070030079, 11.211617463968537 ], [ 7.67208893802524, 11.21141462883071 ], [ 7.67199624296228, 11.211169827664378 ], [ 7.671910679904101, 11.210966991526561 ], [ 7.671910679904101, 11.210519355222402 ], [ 7.671889287889599, 11.210337502098866 ], [ 7.671967721942849, 11.209959806842221 ], [ 7.672195894097911, 11.209491184523813 ], [ 7.672338502194805, 11.209358292433535 ], [ 7.672573838354708, 11.209238795352348 ], [ 7.672844759538805, 11.209015568200641 ], [ 7.673151366747106, 11.208847703086576 ], [ 7.673791618182122, 11.208440360809846 ], [ 7.673958123295279, 11.208486830841423 ], [ 7.676648933123545, 11.209654011634427 ], [ 7.682490970092942, 11.209959878842255 ], [ 7.682512133107309, 11.210429868161611 ], [ 7.682867209348558, 11.210433082163775 ], [ 7.683494683774882, 11.21118846967704 ], [ 7.684093636181842, 11.211748015057253 ], [ 7.68597606046086, 11.211887901152295 ], [ 7.687045619187586, 11.211831947114263 ], [ 7.68770161463334, 11.211845935123733 ], [ 7.687929786788345, 11.2119298671808 ], [ 7.689812212067352, 11.212419467513428 ], [ 7.691238290036324, 11.212755193741543 ], [ 7.69157341726401, 11.212550027602163 ], [ 7.69170414135283, 11.2122236283804 ], [ 7.692060660595075, 11.212246942396234 ], [ 7.692602388963167, 11.212549996602149 ], [ 7.693308479442919, 11.212340199459561 ], [ 7.694247314080826, 11.212573341617997 ], [ 7.694259198088901, 11.212794827768505 ], [ 7.694556299290753, 11.212934713863547 ], [ 7.695198032726751, 11.21285311380808 ], [ 7.695269337775244, 11.212701570705121 ], [ 7.69620817341314, 11.212748199736779 ], [ 7.695958609243576, 11.211524196905145 ], [ 7.695392982859232, 11.209983744858505 ], [ 7.695045321623013, 11.20926285536865 ], [ 7.694930569545022, 11.208724384002835 ], [ 7.694649122353837, 11.207957868482026 ], [ 7.694259198088901, 11.205509022818148 ], [ 7.693815034787121, 11.204814239346035 ], [ 7.693252078404612, 11.203709918595735 ], [ 7.692785546087634, 11.202882423033486 ], [ 7.692747249061597, 11.202775028960502 ], [ 7.692582905949905, 11.202560485814729 ], [ 7.692292532752617, 11.20222824458898 ], [ 7.691894055481896, 11.201743359259524 ], [ 7.691586788273128, 11.201497671092625 ], [ 7.691075775925924, 11.200699124549999 ], [ 7.690276165382613, 11.199693770866929 ], [ 7.690078143248058, 11.199396351664859 ], [ 7.689800330059313, 11.198995538392523 ], [ 7.689726748009321, 11.198974159377997 ], [ 7.688912890456322, 11.197994541712376 ], [ 7.688336517064727, 11.19695117200348 ], [ 7.688164198947618, 11.196632914787244 ], [ 7.687983561824865, 11.196213233502078 ], [ 7.687660317605264, 11.195774900204242 ], [ 7.687432145450202, 11.195476459001441 ], [ 7.687184958282273, 11.19520599681772 ], [ 7.686918757101409, 11.194842271570565 ], [ 7.686719105965722, 11.194571810386776 ], [ 7.68929726671746, 11.19390846593609 ], [ 7.692641588989773, 11.194363953245556 ], [ 7.69577082711595, 11.195526246035286 ], [ 7.696482692599659, 11.195309751888203 ], [ 7.696899819883072, 11.195126723763849 ], [ 7.697238514113167, 11.194869084588788 ], [ 7.697566512336039, 11.194883074598295 ], [ 7.698094160694552, 11.194841106569754 ], [ 7.698549281003807, 11.194620430419832 ], [ 7.699181546433408, 11.194730357494507 ], [ 7.700804941536433, 11.194671305454392 ], [ 7.701391967935251, 11.194695383470787 ], [ 7.702210676491518, 11.194228309153402 ], [ 7.703305290235278, 11.194194094130182 ], [ 7.703935384663396, 11.194496710335784 ], [ 7.704446152010462, 11.194742014502424 ], [ 7.705253263558859, 11.194580388392637 ], [ 7.706121795148988, 11.194438910296526 ], [ 7.706527489424616, 11.194395296266862 ], [ 7.706549618439624, 11.195161697787626 ], [ 7.706680340528465, 11.195488117009404 ], [ 7.706014838076271, 11.200524260431223 ], [ 7.711374515717921, 11.201258689930228 ], [ 7.713145230921043, 11.201631734183707 ], [ 7.71508849324141, 11.201977383418523 ], [ 7.71663912329501, 11.202377817690603 ], [ 7.716815039414541, 11.201903262368205 ], [ 7.717162016650263, 11.20096724973223 ], [ 7.718671282675757, 11.200675808534186 ], [ 7.718813890772651, 11.200244477241085 ], [ 7.719009900905803, 11.199774934922061 ], [ 7.718980267885684, 11.199649935837158 ], [ 7.71920606303911, 11.199183628520302 ], [ 7.719669539354015, 11.199335178623301 ], [ 7.719942870539739, 11.199405124670818 ], [ 7.720248287747268, 11.198622893139316 ], [ 7.720547764950709, 11.19840605999201 ], [ 7.720976777242242, 11.198507482060904 ], [ 7.721071849306838, 11.198589086116328 ], [ 7.721108133331484, 11.198865750304321 ], [ 7.72125367343034, 11.198902678329432 ], [ 7.721645845696798, 11.198881695315151 ], [ 7.722152103040798, 11.199070549443491 ], [ 7.722225971091007, 11.19871450820159 ], [ 7.722373146190989, 11.19872781321061 ], [ 7.722356188179447, 11.198532019077561 ], [ 7.723373777870847, 11.198342524948828 ], [ 7.723426065906381, 11.198421798002698 ], [ 7.723445080919305, 11.198561690097733 ], [ 7.723592442019424, 11.19859433211991 ], [ 7.723573429006535, 11.198687594183298 ], [ 7.723620965038833, 11.198710909199121 ], [ 7.723724925109479, 11.198544128085814 ], [ 7.72392063624244, 11.198511521063665 ], [ 7.724094725360715, 11.198482515043963 ], [ 7.724291220494251, 11.198449776021675 ], [ 7.724505131639546, 11.198477755040699 ], [ 7.724604957707413, 11.198561690097733 ], [ 7.724719043784944, 11.198496407053369 ], [ 7.724780840826895, 11.198510396062886 ], [ 7.724856897878567, 11.19859433211991 ], [ 7.724875913891481, 11.198659615164274 ], [ 7.724778684825424, 11.198773406241571 ], [ 7.724871397888421, 11.198824688276432 ], [ 7.724992612970823, 11.198740753219397 ], [ 7.725049657009549, 11.198663812167126 ], [ 7.725120960058007, 11.198614850133879 ], [ 7.725220786125817, 11.19869179018616 ], [ 7.725313481188834, 11.198789715252644 ], [ 7.725391915242085, 11.198915618338219 ], [ 7.725577305368063, 11.19899489139209 ], [ 7.725597344381697, 11.199095988460783 ], [ 7.725391915242085, 11.199223381547313 ], [ 7.725327742198488, 11.199461197708899 ], [ 7.725413307256645, 11.199643057832475 ], [ 7.725743681481106, 11.199834243962357 ], [ 7.725819738532778, 11.199929837027355 ], [ 7.725727044469807, 11.200062734117637 ], [ 7.725506001319616, 11.200188637203155 ], [ 7.725349134213047, 11.200363501321988 ], [ 7.725320611193638, 11.200629294502562 ], [ 7.72516374308708, 11.200790170611867 ], [ 7.724956960946542, 11.200804159621384 ], [ 7.724864265883582, 11.200664267526349 ], [ 7.725006873980476, 11.200475415398046 ], [ 7.725035396999886, 11.20029355527447 ], [ 7.724888033899731, 11.200160658184188 ], [ 7.724483979625177, 11.200265577255436 ], [ 7.724091807358718, 11.200743539580174 ], [ 7.724163111407165, 11.200953376722794 ], [ 7.724638469730166, 11.20115155685744 ], [ 7.724614701714017, 11.201361394 ], [ 7.724662238746305, 11.201792725293046 ], [ 7.72454339866556, 11.202025876451501 ], [ 7.724353254536368, 11.201979246419796 ], [ 7.724032387318346, 11.201466312071318 ], [ 7.72371152010038, 11.201477970079225 ], [ 7.723652100059951, 11.201664491205918 ], [ 7.723818475173005, 11.201897643364362 ], [ 7.72394920026187, 11.202095822499018 ], [ 7.72394920026187, 11.202317315649509 ], [ 7.723640216051876, 11.202550466807907 ], [ 7.723533260979252, 11.20276030295048 ], [ 7.723461955930759, 11.202981796100971 ], [ 7.723331231841939, 11.203133344203934 ], [ 7.722998479615853, 11.203366495362388 ], [ 7.722903407551257, 11.203669589568335 ], [ 7.722689497405952, 11.203727877607946 ], [ 7.722487469268685, 11.203961027766354 ], [ 7.722226021091046, 11.204089259853447 ], [ 7.722142833034525, 11.204252464964327 ], [ 7.722226021091046, 11.204578874186154 ], [ 7.721893270864939, 11.204742079297034 ], [ 7.721483153586291, 11.204991587466566 ], [ 7.721390457523285, 11.205096504537835 ], [ 7.721390457523285, 11.205278360661396 ], [ 7.721661412707419, 11.205390271737429 ], [ 7.72176123877523, 11.20559311187526 ], [ 7.721640021692849, 11.205991795146133 ], [ 7.721732717755856, 11.206194634283975 ], [ 7.721625760683196, 11.206306546359997 ], [ 7.721568718644392, 11.206446434455074 ], [ 7.721590108658972, 11.206754189664139 ], [ 7.721608528671482, 11.20684569972633 ], [ 7.721908005874923, 11.207055532868878 ], [ 7.721872353850699, 11.207139465925934 ], [ 7.72170636473794, 11.207204427970055 ], [ 7.721850963836175, 11.207657053277615 ], [ 7.722072008986402, 11.207698819305961 ], [ 7.722257395112365, 11.20784590240595 ], [ 7.722271656122018, 11.207929834462959 ], [ 7.722079134991247, 11.207936829467712 ], [ 7.721929396889493, 11.207957812481936 ], [ 7.721908005874923, 11.20817463762927 ], [ 7.721758267773225, 11.208244581676809 ], [ 7.721674253716117, 11.20827107169481 ], [ 7.721472932579331, 11.208223472662439 ], [ 7.721368468508331, 11.208161602620407 ], [ 7.721375001512797, 11.208065596555173 ], [ 7.721444877560259, 11.208009580517114 ], [ 7.721544355627884, 11.207929834462959 ], [ 7.721468713576485, 11.207785752365055 ], [ 7.721323315477662, 11.207713008315636 ], [ 7.721316183472823, 11.20748918716356 ], [ 7.721159315366265, 11.207440226130302 ], [ 7.720988186249997, 11.207405254106504 ], [ 7.720795665119169, 11.20746820314929 ], [ 7.720739710081148, 11.207727791325681 ], [ 7.720720658068217, 11.207884598432202 ], [ 7.720683074042654, 11.208077281563135 ], [ 7.72067741903885, 11.208516780861771 ], [ 7.720556202956459, 11.208887483113642 ], [ 7.720206813719074, 11.209258185365513 ], [ 7.720128379665766, 11.209607902603125 ], [ 7.719942989539788, 11.210013575878747 ], [ 7.719971509559173, 11.210139473964318 ], [ 7.720292378777231, 11.210125485954791 ], [ 7.720449245883799, 11.20999958686923 ], [ 7.720363681825631, 11.209768773712426 ], [ 7.720413593859575, 11.209649869631619 ], [ 7.720541942946795, 11.209572931579373 ], [ 7.720805767126024, 11.209544953560339 ], [ 7.720948374222928, 11.209635880622102 ], [ 7.720984026247152, 11.209740795693392 ], [ 7.720919853203554, 11.209978603855006 ], [ 7.72066315802914, 11.210426243159134 ], [ 7.720534810941956, 11.210461214182885 ], [ 7.720413593859575, 11.210657056315995 ], [ 7.720449245883799, 11.210789948406273 ], [ 7.72066315802914, 11.210971800529819 ], [ 7.72067741903885, 11.210768965391992 ], [ 7.720791505116324, 11.210587112268456 ], [ 7.721012547266525, 11.21050318021139 ], [ 7.721190807387643, 11.210447226173414 ], [ 7.721347676494247, 11.210517169220907 ], [ 7.721497413595955, 11.210482197197166 ], [ 7.721604369668626, 11.210552141244705 ], [ 7.721654282702559, 11.210685033334983 ], [ 7.721397588528134, 11.210964805525066 ], [ 7.721048199290749, 11.211314522762677 ], [ 7.720798636121174, 11.21130053375316 ], [ 7.720584723975833, 11.211167641662882 ], [ 7.720399333849855, 11.211349493786429 ], [ 7.720135508670637, 11.211545334919492 ], [ 7.719885944501073, 11.211706204028815 ], [ 7.719965973555418, 11.212314457442119 ], [ 7.72007846663189, 11.212426617518304 ], [ 7.720292378777231, 11.212419622513551 ], [ 7.720363681825631, 11.212265749409028 ], [ 7.720413593859575, 11.212006960233168 ], [ 7.720513419927386, 11.211951005195147 ], [ 7.720613244995207, 11.211909039166642 ], [ 7.72070288805611, 11.212079470282447 ], [ 7.720765836098906, 11.212151509331363 ], [ 7.720967864236172, 11.212722708719468 ], [ 7.720884676179651, 11.212909223846225 ], [ 7.720456851888969, 11.213200652044236 ], [ 7.7200646806225, 11.213247280075905 ], [ 7.71991018951752, 11.213072422957111 ], [ 7.719494249234913, 11.213410480186781 ], [ 7.71917338301688, 11.213585337305574 ], [ 7.719137729992667, 11.213760193424378 ], [ 7.719250468069276, 11.214060179628234 ], [ 7.718995121895773, 11.214366361836255 ], [ 7.719007005903848, 11.214634475018443 ], [ 7.719146196998452, 11.214824485147517 ], [ 7.719640572334356, 11.214833811153881 ], [ 7.719992337573331, 11.214703251065146 ], [ 7.720205501718169, 11.214491707921411 ], [ 7.720600796986787, 11.214367527837055 ], [ 7.72099059225161, 11.214367527837055 ], [ 7.721098460324924, 11.214509892933791 ], [ 7.720695869051383, 11.214861787172879 ], [ 7.720657840025524, 11.215122905350313 ], [ 7.720762419096559, 11.215384022527701 ], [ 7.721095171322645, 11.215533232629127 ], [ 7.721408907535817, 11.215607837679784 ], [ 7.721542009626262, 11.215691768736804 ], [ 7.721627572684383, 11.215962211920555 ], [ 7.721599051665009, 11.216186026072648 ], [ 7.721513486606909, 11.216363213193063 ], [ 7.721553709634236, 11.216744334452017 ], [ 7.721684616723167, 11.21696937560489 ], [ 7.721874759852369, 11.217081282680908 ], [ 7.722017367949263, 11.217006677630252 ], [ 7.721912788878171, 11.216745562452843 ], [ 7.722045890968616, 11.216577701338792 ], [ 7.722293078136602, 11.216531073307067 ], [ 7.722369135188274, 11.216661632395812 ], [ 7.722321599155975, 11.216838817516191 ], [ 7.722140962033222, 11.217426328915394 ], [ 7.722302584143051, 11.217687445092793 ], [ 7.722692379407874, 11.217454305934382 ], [ 7.722625828362652, 11.21726779380765 ], [ 7.72254977131098, 11.217006677630252 ], [ 7.722682872401435, 11.21696937560489 ], [ 7.723177244737315, 11.216960049598583 ], [ 7.723395911885916, 11.216997352623878 ], [ 7.723546328988107, 11.217436146922068 ], [ 7.723428710908195, 11.217731741122861 ], [ 7.72329560981774, 11.218011508312998 ], [ 7.723305116824235, 11.218207344446057 ], [ 7.723628362043826, 11.218225995458681 ], [ 7.723818505173028, 11.218393854572753 ], [ 7.723704419095554, 11.218888106908594 ], [ 7.723542796985726, 11.219130571073322 ], [ 7.72353328897924, 11.219261128162032 ], [ 7.723761462134291, 11.220035143687937 ], [ 7.723571318005099, 11.220175025782964 ], [ 7.723362159862972, 11.22000716666895 ], [ 7.722991379611074, 11.219923237611908 ], [ 7.722772714462451, 11.220109747738604 ], [ 7.722744742443467, 11.220405914939874 ], [ 7.722886801539971, 11.220762530182185 ], [ 7.72293433657228, 11.221303405549691 ], [ 7.723105465688548, 11.221704399822102 ], [ 7.722990745610616, 11.221816148898029 ], [ 7.722755443450751, 11.221816148898029 ], [ 7.722484488266616, 11.221704243821989 ], [ 7.722242055101901, 11.221732220841034 ], [ 7.721871273850013, 11.221760196860032 ], [ 7.721550406631991, 11.221872101936071 ], [ 7.7214149285399, 11.221781178874267 ], [ 7.721065540302561, 11.221669273798227 ], [ 7.720855460159783, 11.221738385845185 ], [ 7.720780324108716, 11.222025971040637 ], [ 7.720609195992495, 11.222165853135664 ], [ 7.720388152842304, 11.222312728235465 ], [ 7.720145720677579, 11.222403650297224 ], [ 7.719981721566114, 11.22239665629246 ], [ 7.719689374367476, 11.222466597339974 ], [ 7.719556868277436, 11.222570342410506 ], [ 7.719727998393751, 11.222962007676585 ], [ 7.719863476485784, 11.223017960714628 ], [ 7.719870605490655, 11.223080906757389 ], [ 7.719868399489144, 11.223250542872677 ], [ 7.719678085359817, 11.223591471104271 ], [ 7.719685215364677, 11.223738346204073 ], [ 7.719777911427627, 11.223794298242126 ], [ 7.719884865500319, 11.223759328218364 ], [ 7.720048864611726, 11.223612453118562 ], [ 7.720184341703828, 11.223556501080509 ], [ 7.720341211810364, 11.223619447123326 ], [ 7.720391123844308, 11.223745340208836 ], [ 7.720367903828503, 11.224424161670072 ], [ 7.720306818787037, 11.224692877852647 ], [ 7.720127321665075, 11.224913344002459 ], [ 7.720077387631136, 11.225116164140275 ], [ 7.720177212698957, 11.22526303824003 ], [ 7.720426776868521, 11.225451876368368 ], [ 7.720811817130141, 11.225731634558429 ], [ 7.720847469154364, 11.225934459696248 ], [ 7.720633557009023, 11.226549928114423 ], [ 7.720925903207672, 11.226899626352008 ], [ 7.72070486105747, 11.227116438499365 ], [ 7.720476689902455, 11.22707447447084 ], [ 7.720326950800711, 11.226997541418541 ], [ 7.720284167771638, 11.226591892142949 ], [ 7.720077387631136, 11.226221211891072 ], [ 7.719863476485784, 11.226172254857829 ], [ 7.719542667267831, 11.226157576847868 ], [ 7.719516258249882, 11.226251698911824 ], [ 7.719485564228989, 11.226361090986131 ], [ 7.719585390296857, 11.226563916123951 ], [ 7.71960678131137, 11.226976559404306 ], [ 7.719542607267783, 11.227060486461312 ], [ 7.719435651195113, 11.227067480466076 ], [ 7.719300175103058, 11.226857662323539 ], [ 7.719136175991594, 11.226794716280779 ], [ 7.71900069789956, 11.226794716280779 ], [ 7.71900069789956, 11.227046498451841 ], [ 7.718922262846263, 11.227095456485074 ], [ 7.718694090691258, 11.227368218670392 ], [ 7.718567561605255, 11.227371038672345 ], [ 7.718330441444152, 11.227368218670392 ], [ 7.718180702342408, 11.227508097765451 ], [ 7.718209224361829, 11.227613006836748 ], [ 7.718373224473225, 11.227710921903281 ], [ 7.718572874608867, 11.227717915908045 ], [ 7.718658438667035, 11.22775288493176 ], [ 7.718843828793013, 11.227934727055356 ], [ 7.719043479928644, 11.228018654112361 ], [ 7.71910052396737, 11.228144545197893 ], [ 7.719079131952867, 11.228368350349967 ], [ 7.718829567783303, 11.228487246430745 ], [ 7.718658438667035, 11.228704056578067 ], [ 7.71849443955557, 11.228697063573293 ], [ 7.718401745492599, 11.228627123525769 ], [ 7.718380353478096, 11.228298411302433 ], [ 7.718273398405415, 11.228214484245427 ], [ 7.718045225250364, 11.228396326368966 ], [ 7.71792400916803, 11.228382338359438 ], [ 7.717866965129247, 11.22831239931196 ], [ 7.717888357143806, 11.228123563183658 ], [ 7.717824184100209, 11.227983685088589 ], [ 7.717588879940308, 11.227822824979285 ], [ 7.717417749824051, 11.227640982855746 ], [ 7.717132535630242, 11.227613006836748 ], [ 7.717068360586666, 11.227766872941288 ], [ 7.717046970572085, 11.227976691083825 ], [ 7.716961405513985, 11.228130557188365 ], [ 7.716954274509135, 11.228361356345204 ], [ 7.717132535630242, 11.228613136516287 ], [ 7.717374338794514, 11.228956577749614 ], [ 7.717489053872498, 11.229207617920224 ], [ 7.717581748935459, 11.22924258694394 ], [ 7.717652974983878, 11.229141657875402 ], [ 7.717702966017839, 11.22899780077762 ], [ 7.717788531075939, 11.228934855734849 ], [ 7.718088008279437, 11.228885898701606 ], [ 7.718280528410276, 11.228983812768149 ], [ 7.718344701453873, 11.229130684867926 ], [ 7.718337572449002, 11.22929154397724 ], [ 7.718315939434319, 11.229332052004736 ], [ 7.718223486371471, 11.229578294172086 ], [ 7.718387485482936, 11.229795104319351 ], [ 7.718437396516833, 11.229941975419138 ], [ 7.718572874608867, 11.230081851514228 ], [ 7.718836698788152, 11.230207741599713 ], [ 7.718950785865673, 11.230438538756573 ], [ 7.718858089802666, 11.230893140065461 ], [ 7.719036348923794, 11.231040011165248 ], [ 7.719072000948017, 11.23114491823651 ], [ 7.718986437889896, 11.231389702402851 ], [ 7.718965045875336, 11.231627492564371 ], [ 7.71900782790442, 11.231725405630925 ], [ 7.719136175991594, 11.231676449597671 ], [ 7.719350088136991, 11.231585529535892 ], [ 7.719314435112722, 11.231410684417085 ], [ 7.719342956132095, 11.231277801326769 ], [ 7.719542607267783, 11.231200869274517 ], [ 7.71972229438984, 11.231221850288762 ], [ 7.719917189522278, 11.231506266482029 ], [ 7.720035634602766, 11.231609012551814 ], [ 7.720083565635321, 11.231716080624608 ], [ 7.720102580648245, 11.231846632713314 ], [ 7.720002754580435, 11.231977183801973 ], [ 7.719822120457707, 11.232075096868527 ], [ 7.719584440296217, 11.232373500071276 ], [ 7.71912334098289, 11.232452763125139 ], [ 7.719009254905359, 11.232485401147301 ], [ 7.718847632795587, 11.232587977217008 ], [ 7.718633720650246, 11.232518039169463 ], [ 7.718609952634097, 11.232354850058584 ], [ 7.718586183617901, 11.232103072887526 ], [ 7.718476850543652, 11.23201914683051 ], [ 7.718329490443523, 11.232042459846355 ], [ 7.718253432391862, 11.232093747881208 ], [ 7.718220158369206, 11.232177672938235 ], [ 7.718239172382141, 11.232247611985713 ], [ 7.718367519469382, 11.23233620004595 ], [ 7.71838653348226, 11.232382825077593 ], [ 7.718391287485531, 11.232471414137819 ], [ 7.718291461417664, 11.23251337616631 ], [ 7.718049028252949, 11.232555339194846 ], [ 7.717811348091459, 11.232536689182155 ], [ 7.717711523023638, 11.232690553286716 ], [ 7.717599469947515, 11.232768887339944 ], [ 7.717559407920305, 11.232881717416603 ], [ 7.717530886900875, 11.233072879546455 ], [ 7.717625957965481, 11.23318478062248 ], [ 7.717673493997779, 11.233361956742897 ], [ 7.717683002004264, 11.233613732913966 ], [ 7.717635464971977, 11.233702320974146 ], [ 7.717540392907381, 11.233730295993155 ], [ 7.717307467749094, 11.233837534066026 ], [ 7.716988975532672, 11.23397741016106 ], [ 7.716779818390592, 11.233916797119889 ], [ 7.716641965296901, 11.233944772138898 ], [ 7.716553353236691, 11.234040802204106 ], [ 7.716515109210718, 11.234244731342699 ], [ 7.716527878219381, 11.234420348462038 ], [ 7.7165896742614, 11.234504272519018 ], [ 7.716713268345359, 11.23452292253171 ], [ 7.716946193503645, 11.234499610515854 ], [ 7.717088801600539, 11.234443661477826 ], [ 7.717207642681274, 11.234457648487364 ], [ 7.717725783033302, 11.234630160604581 ], [ 7.717740044043012, 11.234704760655234 ], [ 7.717839870110822, 11.235017148867485 ], [ 7.717687755007489, 11.235264261035411 ], [ 7.717640218975191, 11.235306223063901 ], [ 7.71754989991382, 11.235287573051266 ], [ 7.717511871888007, 11.235161685965693 ], [ 7.717421553826625, 11.234905248791449 ], [ 7.717321727758815, 11.234825985737643 ], [ 7.717226655694219, 11.23486328576297 ], [ 7.717017409552, 11.235123371939665 ], [ 7.717046019571455, 11.235231623013249 ], [ 7.717122076623127, 11.235273586041728 ], [ 7.717431061833054, 11.23558597325399 ], [ 7.717511871888007, 11.235772472380688 ], [ 7.717543645909586, 11.236066574580548 ], [ 7.717393032807252, 11.236061545577115 ], [ 7.716822600419675, 11.235828422418706 ], [ 7.716699007335706, 11.235907684472579 ], [ 7.716684746325996, 11.23599627153277 ], [ 7.716727529355069, 11.236056883573951 ], [ 7.716908166477765, 11.236024245551789 ], [ 7.717017498552082, 11.236098845602442 ], [ 7.717074540590829, 11.236238720697486 ], [ 7.717041265568241, 11.236350619773532 ], [ 7.716946193503645, 11.236383256795705 ], [ 7.716718022348573, 11.236411231814714 ], [ 7.716625326285623, 11.23649515687174 ], [ 7.716425675149935, 11.23685882911883 ], [ 7.716347241096685, 11.236879811133122 ], [ 7.716294577060864, 11.236866036123729 ], [ 7.716242472025499, 11.236798210077666 ], [ 7.716254547033714, 11.236502149876515 ], [ 7.716283068053087, 11.236173445653151 ], [ 7.71609054692226, 11.236138476629378 ], [ 7.715798200723611, 11.236509143881221 ], [ 7.715741158684864, 11.236739936038077 ], [ 7.715570027568617, 11.236851836114113 ], [ 7.715306204389321, 11.236809874085566 ], [ 7.715284813374808, 11.236663005985804 ], [ 7.715249161350584, 11.23636227578146 ], [ 7.715078032234317, 11.236250376705414 ], [ 7.714928294132562, 11.236264363714952 ], [ 7.714807076050192, 11.236418225819477 ], [ 7.714657337948438, 11.236418225819477 ], [ 7.714507599846741, 11.236292338733961 ], [ 7.714471947822517, 11.236145470634142 ], [ 7.714392685768644, 11.236092246597991 ], [ 7.714239932664839, 11.236403159809242 ], [ 7.716204786999867, 11.238210765037422 ], [ 7.717217301687811, 11.239329749797719 ], [ 7.718030167240158, 11.240210948396452 ], [ 7.720564136961855, 11.242172615729316 ], [ 7.722622140360158, 11.243679762753345 ], [ 7.723319809834209, 11.244251362141711 ], [ 7.723709606099078, 11.244615025388839 ], [ 7.724203979434947, 11.245053283686616 ], [ 7.72459377369978, 11.245566141035056 ], [ 7.724821946854831, 11.245920478275821 ], [ 7.725325828197185, 11.246218866478557 ] ] ] ] } },
{ "type": "Feature", "properties": { "fid": 187.0, "OBJECTID": 187.0, "lganame": "Birnin Gwari", "statecode": "KD", "LGA_UID": "18_01" }, "geometry": { "type": "MultiPolygon", "coordinates": [ [ [ [ 6.92396756871193, 11.382524837092035 ], [ 6.928623119875169, 11.37897825768232 ], [ 6.934461554842073, 11.375405797254984 ], [ 6.940347163841068, 11.374158887407759 ], [ 6.946162122792089, 11.369428444193659 ], [ 6.949636476152762, 11.365897128794302 ], [ 6.954315988332269, 11.363508503171317 ], [ 6.958995981512089, 11.361119864548357 ], [ 6.961312152085839, 11.358762770946839 ], [ 6.968379903888035, 11.357499592088573 ], [ 6.97547043270572, 11.357384801010596 ], [ 6.981427170753022, 11.359621410530224 ], [ 6.988540937586492, 11.360675174246239 ], [ 6.995633125405277, 11.360569954174764 ], [ 7.00267219518804, 11.361769675989876 ], [ 7.006193160580324, 11.361789703003524 ], [ 7.013628480632292, 11.349229694469557 ], [ 7.013421670491766, 11.346011925283221 ], [ 7.012249938695618, 11.346433294569522 ], [ 7.00989691009687, 11.347400386226639 ], [ 7.008189352936654, 11.340752487709722 ], [ 7.0096188279079, 11.330912049023596 ], [ 7.008715645294274, 11.314621595954975 ], [ 7.007574781519111, 11.310985831484629 ], [ 7.00772781562307, 11.30865382190018 ], [ 7.008747731316078, 11.30443667803479 ], [ 7.008699894283552, 11.293840407835148 ], [ 7.005187034896721, 11.29036045147069 ], [ 7.002844810305305, 11.288040160894127 ], [ 6.999334811920448, 11.283410071748222 ], [ 6.99699306532932, 11.281089783171694 ], [ 6.993476867940217, 11.278759955588669 ], [ 6.988790988756364, 11.275270462217748 ], [ 6.986447811164339, 11.272950171641241 ], [ 6.984107017573876, 11.270629883064714 ], [ 6.980597019188963, 11.265999793918752 ], [ 6.978253840596892, 11.263669968335762 ], [ 6.975914955007738, 11.260199546977788 ], [ 6.973768308549211, 11.257368468054153 ], [ 6.972404956622825, 11.25557041183248 ], [ 6.971901001280457, 11.254740059268272 ], [ 6.968896866239277, 11.249790191905106 ], [ 6.967733860449073, 11.245169639765663 ], [ 6.970087051047926, 11.242879868209855 ], [ 6.97570038286193, 11.239037301599012 ], [ 6.983951295468046, 11.234317820392334 ], [ 6.99906772473895, 11.226764456260184 ], [ 7.013898939816045, 11.217112647702265 ], [ 7.02545017466457, 11.209558833569758 ], [ 7.030459827068398, 11.208041248538677 ], [ 7.03671627431936, 11.205746470979477 ], [ 7.04024652971799, 11.204838377362478 ], [ 7.043369166839682, 11.205212709616774 ], [ 7.043383229849269, 11.205214395617929 ], [ 7.046901563239771, 11.204838377362478 ], [ 7.049278359854725, 11.203952408760472 ], [ 7.051892836631112, 11.203159698221839 ], [ 7.05388934698766, 11.202040573461488 ], [ 7.058421298066889, 11.200257195249776 ], [ 7.061356392061157, 11.207753497343163 ], [ 7.068960526227841, 11.203290701310891 ], [ 7.073743831477827, 11.198889952320769 ], [ 7.076655407456144, 11.195305185885104 ], [ 7.084558257825734, 11.181023972181663 ], [ 7.089893864451028, 11.174849943986715 ], [ 7.095753850432629, 11.169523254367505 ], [ 7.101421331283404, 11.166455580283127 ], [ 7.109264761612678, 11.16249149058973 ], [ 7.118678839009078, 11.156086293237706 ], [ 7.121306320794304, 11.149294894623267 ], [ 7.123350469183208, 11.145043960734938 ], [ 7.129292462220519, 11.138164559060726 ], [ 7.133808377288915, 11.135366111159328 ], [ 7.144266285394565, 11.130118949594134 ], [ 7.152109715723782, 11.128836295722635 ], [ 7.161554182140833, 11.130866607102121 ], [ 7.162812954996127, 11.092068644740721 ], [ 7.153091854391107, 11.067950665353692 ], [ 7.152616495068116, 11.057453825221558 ], [ 7.151834932537099, 11.053158296302968 ], [ 7.15023969845322, 11.044390566345726 ], [ 7.143584664931439, 11.037158869432119 ], [ 7.141920906800976, 11.031793300786433 ], [ 7.144297704415919, 11.015696010849126 ], [ 7.146436821869315, 11.003564137606077 ], [ 7.143822345092929, 10.996098120533247 ], [ 7.134577914811757, 10.98216581106692 ], [ 7.133082492795666, 10.977867479146369 ], [ 7.132716564547081, 10.976815672431712 ], [ 7.12980144456634, 10.974504220861206 ], [ 7.129128725109297, 10.970156442907125 ], [ 7.131202944518634, 10.963552100419747 ], [ 7.133893825346945, 10.956837533857538 ], [ 7.136024103794398, 10.952049183604061 ], [ 7.131259004556739, 10.941536560461259 ], [ 7.12935296526166, 10.931243733467738 ], [ 7.123803026490748, 10.923592684269238 ], [ 7.11371079763353, 10.903970976937217 ], [ 7.096597858006078, 10.88599951472645 ], [ 7.07235452553391, 10.912606227804417 ], [ 7.06712557198108, 10.930109345696962 ], [ 7.049774951192148, 10.931042817331218 ], [ 7.041456160539894, 10.939443921039413 ], [ 6.997485410663842, 10.933843211233977 ], [ 6.997485410663842, 10.927542286952814 ], [ 6.98560142458922, 10.912606227804417 ], [ 6.975856555968051, 10.912839609962987 ], [ 6.965636328023891, 10.900236736399961 ], [ 6.952670023213898, 10.894291998360757 ], [ 6.996009111660783, 10.796133818666931 ], [ 7.018529431962293, 10.785603687512207 ], [ 7.030059230796212, 10.778032609367983 ], [ 7.129203435160036, 10.714374336115213 ], [ 7.12856116872365, 10.708971827444429 ], [ 7.123555320322396, 10.666864485834481 ], [ 7.117492761203209, 10.640652921024923 ], [ 7.111836531360041, 10.614435039211116 ], [ 7.111432640085638, 10.612615470974845 ], [ 7.11033525933999, 10.608464263154247 ], [ 7.110597006517878, 10.589289422125887 ], [ 7.109321502651198, 10.584903568145876 ], [ 7.104421962322192, 10.556582347902918 ], [ 7.019213587427089, 10.560245035391574 ], [ 7.017596196328157, 10.563443177564579 ], [ 7.017453588231263, 10.570966668676419 ], [ 7.015266934745569, 10.574564795121148 ], [ 7.015457078874761, 10.575452637724425 ], [ 7.017168373037464, 10.577742326280145 ], [ 7.017501124263561, 10.580078724867633 ], [ 7.014886647487174, 10.587414901852242 ], [ 7.015409542842463, 10.589470869249169 ], [ 7.017786340457349, 10.590779204138073 ], [ 7.017501124263561, 10.5944705486462 ], [ 7.00966127193675, 10.608677012298813 ], [ 7.01111342692343, 10.63040797106396 ], [ 7.010417715450728, 10.633265564005569 ], [ 7.006079378503046, 10.657325764353345 ], [ 7.007576667520368, 10.66319307833993 ], [ 6.942277872152886, 10.697601752718981 ], [ 6.933048874882218, 10.716279631409748 ], [ 6.932832370735127, 10.716230012376002 ], [ 6.927926381401733, 10.718956686228694 ], [ 6.927058353811958, 10.724073478705293 ], [ 6.924408586011566, 10.730743584237302 ], [ 6.92327323024017, 10.732293784290619 ], [ 6.922307045583693, 10.734398435720607 ], [ 6.921301961900781, 10.736728404303733 ], [ 6.921166359808637, 10.741904115820375 ], [ 6.918636014089373, 10.745188578052023 ], [ 6.918350477895387, 10.748557895341321 ], [ 6.916902365911426, 10.75074619282816 ], [ 6.911285030094746, 10.755461814032174 ], [ 6.908299635066271, 10.756781311928705 ], [ 6.90558294722041, 10.758876864352544 ], [ 6.903787824000744, 10.759429802728278 ], [ 6.901549227479734, 10.761348601032012 ], [ 6.898122804151626, 10.762262313652798 ], [ 6.895697656503842, 10.76211002754934 ], [ 6.89273760749262, 10.763023741170173 ], [ 6.891116617391219, 10.764067260879187 ], [ 6.890164832744574, 10.765399759784543 ], [ 6.888260414450599, 10.766320088409884 ], [ 6.887547425966147, 10.768493058886293 ], [ 6.88607215996376, 10.770253860082676 ], [ 6.88516796534941, 10.771491179923373 ], [ 6.883213104021195, 10.773105253020105 ], [ 6.880599400245274, 10.775107961380854 ], [ 6.879409669436939, 10.777011528674223 ], [ 6.874841104332802, 10.77848679467661 ], [ 6.871795394263359, 10.779105455096953 ], [ 6.869935531999715, 10.780080464759408 ], [ 6.866228833481159, 10.781754722897006 ], [ 6.863562458669492, 10.78215116516634 ], [ 6.86113295201875, 10.783463931058293 ], [ 6.858966425546726, 10.786971146441317 ], [ 6.858074128940416, 10.78988598642178 ], [ 6.858634897321451, 10.794062837259787 ], [ 6.854130143260647, 10.811714217253041 ], [ 6.846225572889864, 10.812106827519813 ], [ 6.842932398652351, 10.807443084351007 ], [ 6.84286890460919, 10.806965742026705 ], [ 6.840420868945841, 10.796917897199648 ], [ 6.838585874699049, 10.79530638310473 ], [ 6.836480900268839, 10.793180727660399 ], [ 6.829875912781063, 10.790277784687987 ], [ 6.816821511911201, 10.791060151219597 ], [ 6.809305468804439, 10.791510595525665 ], [ 6.807033088260425, 10.787304648667885 ], [ 6.808542031285697, 10.78133741561345 ], [ 6.805109075953169, 10.777202828804207 ], [ 6.802914582462108, 10.771063926633076 ], [ 6.803295294720783, 10.767447146175641 ], [ 6.798117005202357, 10.76044476741788 ], [ 6.796600099171712, 10.754704317517508 ], [ 6.795299158287776, 10.753588480759333 ], [ 6.792197699180463, 10.750928310951906 ], [ 6.788461548641976, 10.747941294922384 ], [ 6.783678086391831, 10.746714488088799 ], [ 6.781871721164464, 10.742324447105943 ], [ 6.777878701451414, 10.735038708155628 ], [ 6.766850361958177, 10.730928726363118 ], [ 6.76057561669478, 10.720093051000788 ], [ 6.757818531821442, 10.715515795890781 ], [ 6.755251591077354, 10.711592380224999 ], [ 6.752779722397804, 10.70813599387651 ], [ 6.748786701684764, 10.700008663354367 ], [ 6.749261676007507, 10.695958547602515 ], [ 6.743598559159636, 10.684019603490583 ], [ 6.740505260057887, 10.677493931056688 ], [ 6.737840264247154, 10.67083143952982 ], [ 6.729535944604777, 10.659088799551284 ], [ 6.723270348347569, 10.65203158475623 ], [ 6.719780154976149, 10.643503329961675 ], [ 6.716573402797337, 10.641502755602346 ], [ 6.71503580575262, 10.636793884402891 ], [ 6.714161200158344, 10.634115385583016 ], [ 6.719437892743599, 10.62476810223194 ], [ 6.724262298021586, 10.617682257417471 ], [ 6.72657546659326, 10.609012743526932 ], [ 6.726671218658339, 10.60866165228839 ], [ 6.728271464745603, 10.605861103385564 ], [ 6.731325917820982, 10.596402149958635 ], [ 6.731326250821212, 10.596401118957942 ], [ 6.72586822511272, 10.589385033190808 ], [ 6.709845543226095, 10.587535857934427 ], [ 6.700488090868134, 10.589019774942642 ], [ 6.696122609901977, 10.590988106280065 ], [ 6.695991254812725, 10.591047332320272 ], [ 6.686180592146854, 10.589941977569254 ], [ 6.68398939965806, 10.589711327412545 ], [ 6.680889605551897, 10.589385033190808 ], [ 6.677781582440105, 10.589862822515443 ], [ 6.671233176990768, 10.590868950199081 ], [ 6.668568611180319, 10.591261864466048 ], [ 6.653288840798439, 10.592802047512521 ], [ 6.647069930572968, 10.593429564938901 ], [ 6.636498928390495, 10.59001064261588 ], [ 6.630505562318262, 10.58810710932255 ], [ 6.624107837971337, 10.586084365948182 ], [ 6.618111609897198, 10.584188460660016 ], [ 6.614225388256671, 10.582959174824737 ], [ 6.610779761915524, 10.58172893498886 ], [ 6.606240272831144, 10.580107688887324 ], [ 6.602980613616353, 10.578943253096156 ], [ 6.597023486568787, 10.577156066881798 ], [ 6.586916923701835, 10.574124335821921 ], [ 6.583181858164039, 10.569856643922208 ], [ 6.581294536881728, 10.567699432456493 ], [ 6.577784538496815, 10.562629700011826 ], [ 6.574065684970037, 10.557257652361784 ], [ 6.569400786800486, 10.554924964776831 ], [ 6.566545485860388, 10.553497313806815 ], [ 6.561214924238527, 10.550831794995702 ], [ 6.556100844763762, 10.546940804351948 ], [ 6.551589488698539, 10.545556068411088 ], [ 6.549167156052647, 10.545209885175893 ], [ 6.540331841049465, 10.545209885175893 ], [ 6.537135113877468, 10.54840661234789 ], [ 6.534732819245221, 10.550808906980137 ], [ 6.532787225923244, 10.552754500302115 ], [ 6.532299994592222, 10.553241729633157 ], [ 6.530029137049269, 10.556774376033445 ], [ 6.526150757414086, 10.562807753132802 ], [ 6.525071620680876, 10.564486504273475 ], [ 6.524400628224953, 10.566096888367611 ], [ 6.522707757074727, 10.570159777128197 ], [ 6.521593094317382, 10.572834968945813 ], [ 6.521407770191445, 10.576049449129926 ], [ 6.521266838095698, 10.578493925790838 ], [ 6.521055697952249, 10.582156181279174 ], [ 6.521540165281408, 10.584094633596237 ], [ 6.523150563375623, 10.590536442973132 ], [ 6.524268150134958, 10.595006943010674 ], [ 6.52168399137912, 10.597591307766606 ], [ 6.518296603077545, 10.600978967068386 ], [ 6.515147944938178, 10.604127625207752 ], [ 6.513826847040605, 10.605448723105326 ], [ 6.511754286632367, 10.606600086887624 ], [ 6.509171729877664, 10.608034766862431 ], [ 6.507460227714773, 10.608985617508495 ], [ 6.506597996128903, 10.609464644833963 ], [ 6.505709168525016, 10.609798007060476 ], [ 6.502065850049519, 10.611164463988928 ], [ 6.501459516637567, 10.61152947623691 ], [ 6.49454360793851, 10.615692842065755 ], [ 6.491728033025481, 10.613411941516006 ], [ 6.490714897337114, 10.612591198958341 ], [ 6.486457815444624, 10.609221529668787 ], [ 6.485658613901592, 10.60823559399887 ], [ 6.482963923070656, 10.604911269740171 ], [ 6.481561175117577, 10.606270904663972 ], [ 6.480396982326567, 10.607399314430666 ], [ 6.477761523535889, 10.607934291794152 ], [ 6.477117002097941, 10.608065124883069 ], [ 6.47241094290041, 10.606102729549718 ], [ 6.471297448143844, 10.604100819189512 ], [ 6.469202931720702, 10.600335167630931 ], [ 6.463593690909534, 10.596784070218121 ], [ 6.459897106397875, 10.594187922454182 ], [ 6.457294512629517, 10.593872523239838 ], [ 6.455775669597529, 10.595733005503973 ], [ 6.450375079928108, 10.595006943010674 ], [ 6.446657450402142, 10.594210513469534 ], [ 6.446527621313919, 10.591910037906473 ], [ 6.445885885877885, 10.590613389025464 ], [ 6.441821563116378, 10.590648433049239 ], [ 6.438684189984656, 10.589947539573018 ], [ 6.435990316154289, 10.590708455090009 ], [ 6.435984128150096, 10.590710203091191 ], [ 6.435582469877204, 10.590823656168311 ], [ 6.43358655552106, 10.589327112151466 ], [ 6.433216095269358, 10.589049338962752 ], [ 6.431232930921908, 10.586898633501448 ], [ 6.429521636759148, 10.582938514810735 ], [ 6.426919043990836, 10.579679263596233 ], [ 6.424423406295148, 10.577085856834117 ], [ 6.418247700099016, 10.576534271459366 ], [ 6.41344295183444, 10.575644623854885 ], [ 6.413378822790889, 10.575630222845064 ], [ 6.412413631135053, 10.575434235711896 ], [ 6.410464079810424, 10.575076643468947 ], [ 6.409936102451695, 10.574987980408707 ], [ 6.408415677418645, 10.573300845262395 ], [ 6.406383515037874, 10.572810191929022 ], [ 6.403805961286537, 10.573860230642481 ], [ 6.40365982318724, 10.573919763682909 ], [ 6.402426148349036, 10.574422335024394 ], [ 6.397982961330115, 10.572835187945998 ], [ 6.397239953825249, 10.572697537852434 ], [ 6.397237865823854, 10.572643629815843 ], [ 6.397202641799936, 10.571734182197929 ], [ 6.397114005739695, 10.569445692643001 ], [ 6.395438363601158, 10.567588193380914 ], [ 6.394911383243084, 10.565883660222767 ], [ 6.393590100345364, 10.564346562178343 ], [ 6.39273860876682, 10.562005140587473 ], [ 6.392682561728748, 10.561979794570277 ], [ 6.391202832723309, 10.561310630115599 ], [ 6.391541790953625, 10.558842583438661 ], [ 6.391554601962355, 10.558749303375293 ], [ 6.391809541135558, 10.556893008114002 ], [ 6.391488048917097, 10.556375832762626 ], [ 6.390383066166351, 10.555527756186393 ], [ 6.389824290786692, 10.555098894895025 ], [ 6.38977539175346, 10.555033620850679 ], [ 6.389158826334494, 10.554210590291461 ], [ 6.388606181959005, 10.553404869743986 ], [ 6.388205044686458, 10.55278619532362 ], [ 6.387966155524168, 10.552417755073293 ], [ 6.387630672296211, 10.55206999683702 ], [ 6.386467064505609, 10.550863814017475 ], [ 6.386347187424121, 10.550604540841277 ], [ 6.386297708390543, 10.550497526768595 ], [ 6.385724315000914, 10.54925738892598 ], [ 6.385189535637551, 10.548176699191686 ], [ 6.38486272641552, 10.546482635040661 ], [ 6.384144356927436, 10.542957218645313 ], [ 6.382946452113515, 10.540433602930648 ], [ 6.383060538190989, 10.536956585568134 ], [ 6.382832365035995, 10.533591695281871 ], [ 6.382746800977827, 10.53241864748486 ], [ 6.383055784187775, 10.531951296167279 ], [ 6.383483608478457, 10.531694252992679 ], [ 6.383935198785309, 10.531624149945003 ], [ 6.386311996400252, 10.532628954627739 ], [ 6.38887893814433, 10.533540286246932 ], [ 6.389734584725716, 10.533890798485118 ], [ 6.390257480081004, 10.533867430469229 ], [ 6.392415611547335, 10.530338931071753 ], [ 6.393775140471064, 10.528562981865093 ], [ 6.394773395149343, 10.527277749991867 ], [ 6.394820931181641, 10.526553344499632 ], [ 6.394426923913954, 10.525852378023387 ], [ 6.394084546681313, 10.525618024864116 ], [ 6.39270246174226, 10.526118582204219 ], [ 6.392258808440829, 10.526246046290851 ], [ 6.391307678794533, 10.526510933470831 ], [ 6.389521994581287, 10.524628125191555 ], [ 6.388783866079734, 10.522767709927507 ], [ 6.3879044514822, 10.521482453054205 ], [ 6.386169389303348, 10.520734664546126 ], [ 6.385598956915771, 10.51977655889516 ], [ 6.384695774302088, 10.518397815958338 ], [ 6.384125342914501, 10.517626651434398 ], [ 6.384169736944671, 10.516786432863512 ], [ 6.384719542318237, 10.515640310084734 ], [ 6.385289973705824, 10.514121335052664 ], [ 6.385670260964218, 10.512943540252422 ], [ 6.385931709141857, 10.511331075156818 ], [ 6.38586040509341, 10.509695232045374 ], [ 6.386291794386523, 10.509209151715083 ], [ 6.387123672951702, 10.509267574754801 ], [ 6.388638880981262, 10.509472055893696 ], [ 6.389530179586814, 10.508887824496753 ], [ 6.38973933772894, 10.507871257806073 ], [ 6.390005538909804, 10.507329087437654 ], [ 6.390119625987325, 10.506394308802555 ], [ 6.389641293662351, 10.50539601012423 ], [ 6.389302007431809, 10.504973440837091 ], [ 6.388617489966691, 10.503259275672406 ], [ 6.388047057579115, 10.501645591575993 ], [ 6.387020281881462, 10.500299484661411 ], [ 6.385613217925425, 10.49943947007705 ], [ 6.385137858602434, 10.498467276416477 ], [ 6.385518145860829, 10.497102459489156 ], [ 6.385879419106288, 10.495793725599924 ], [ 6.385575188899622, 10.494840215952081 ], [ 6.385061800550773, 10.494391504647183 ], [ 6.38069549058406, 10.4945416317492 ], [ 6.37971149691549, 10.494219119530044 ], [ 6.378235505912642, 10.493735352201384 ], [ 6.373279883545536, 10.493209516844104 ], [ 6.371889457600787, 10.492263010200986 ], [ 6.36893034459024, 10.491842339915138 ], [ 6.366195126731782, 10.48980909153363 ], [ 6.364227138394597, 10.488476955628528 ], [ 6.360818811078786, 10.485546237637266 ], [ 6.359999371522065, 10.484714158071881 ], [ 6.359906121458664, 10.48312732299371 ], [ 6.359259632019416, 10.481388496812258 ], [ 6.359316675058153, 10.479986210859465 ], [ 6.358708214644764, 10.478826983071826 ], [ 6.357681438947111, 10.477723843322281 ], [ 6.356407475081539, 10.477013343839531 ], [ 6.354981397112567, 10.476975948814129 ], [ 6.353251088936872, 10.476658093598189 ], [ 6.350094701792273, 10.474788349327753 ], [ 6.347717905177376, 10.473647798552804 ], [ 6.346386898273011, 10.473367335362241 ], [ 6.341861476198176, 10.473292545311438 ], [ 6.337963528549722, 10.472899895044634 ], [ 6.335567716921901, 10.472208082574582 ], [ 6.33518742866346, 10.471796734295083 ], [ 6.335643773973572, 10.469253837567351 ], [ 6.335510673883107, 10.468188059843158 ], [ 6.335016299547192, 10.466860505941156 ], [ 6.333818393733281, 10.465345965912093 ], [ 6.332392315764366, 10.46418668312441 ], [ 6.331593712221718, 10.46278431917159 ], [ 6.327296462301945, 10.46239165590481 ], [ 6.326878146017748, 10.462055086676116 ], [ 6.326859132004813, 10.460970585939265 ], [ 6.326402786694757, 10.457530072601571 ], [ 6.326073685471101, 10.45659792096825 ], [ 6.325090794803316, 10.455678911343796 ], [ 6.323816830937687, 10.453547256895433 ], [ 6.323018227395096, 10.45051803983722 ], [ 6.322542868072105, 10.446815622321594 ], [ 6.321630178451983, 10.443505848072789 ], [ 6.320660443793088, 10.441579804764103 ], [ 6.320051984379688, 10.44057003007805 ], [ 6.318795972526289, 10.439629438438942 ], [ 6.317028698325487, 10.438961863985355 ], [ 6.311200090365219, 10.433528748293782 ], [ 6.310691793019828, 10.433054935971882 ], [ 6.309993377545311, 10.432585213652715 ], [ 6.309384918131911, 10.432491712589183 ], [ 6.303490461126898, 10.431799811119049 ], [ 6.302292555312988, 10.431351007814158 ], [ 6.302501713455058, 10.430098097962855 ], [ 6.302824957674716, 10.429312689429196 ], [ 6.303908777411095, 10.427610962272922 ], [ 6.304574279863289, 10.42568482096425 ], [ 6.304251035643688, 10.424693695290784 ], [ 6.303736752294242, 10.423976845803736 ], [ 6.302728993609492, 10.423302451345535 ], [ 6.302140440209598, 10.42312284722351 ], [ 6.301417893718678, 10.422898440071037 ], [ 6.300619290176087, 10.422356120702545 ], [ 6.299192320206487, 10.420226187255366 ], [ 6.297077519769573, 10.418143796840468 ], [ 6.29630213524274, 10.418000784743299 ], [ 6.295950369003776, 10.418010135749626 ], [ 6.295712688842229, 10.418299999946612 ], [ 6.295161272467624, 10.419122837505654 ], [ 6.294619362099411, 10.419992427096531 ], [ 6.293202791136878, 10.422030807481519 ], [ 6.291405931916017, 10.423096744205736 ], [ 6.289466465598252, 10.423882168739397 ], [ 6.288705891081463, 10.424041123847417 ], [ 6.287479463248189, 10.423994371815638 ], [ 6.287013610931638, 10.423816716694944 ], [ 6.286186832369879, 10.423508140485296 ], [ 6.286699873718476, 10.42262922888807 ], [ 6.287403406196518, 10.421787698316336 ], [ 6.28756502830629, 10.420263588280761 ], [ 6.287393898190032, 10.418430906035553 ], [ 6.287070653970375, 10.416588861783964 ], [ 6.287013610931638, 10.415990430377349 ], [ 6.287165726034971, 10.414410188303634 ], [ 6.286773066768205, 10.413962198999229 ], [ 6.286414657524688, 10.413774347871595 ], [ 6.285906549179458, 10.413759183861316 ], [ 6.285360352808311, 10.414187614152411 ], [ 6.284950550529913, 10.414541096392611 ], [ 6.284503713226286, 10.4146346014561 ], [ 6.284180468006639, 10.4146346014561 ], [ 6.284016468895231, 10.414419538309971 ], [ 6.28398406287323, 10.40962270105075 ], [ 6.284106884956657, 10.408871658540477 ], [ 6.284083985941095, 10.408329351172029 ], [ 6.283762151722442, 10.407462637583137 ], [ 6.286784249775792, 10.405313121122617 ], [ 6.287593549325663, 10.404666743683435 ], [ 6.28876649912263, 10.402802410416712 ], [ 6.291011086647757, 10.399727113327174 ], [ 6.291661710089784, 10.398898477764192 ], [ 6.291938038277578, 10.398546545525051 ], [ 6.292201163456355, 10.39825119332437 ], [ 6.292615424737789, 10.396945175436997 ], [ 6.292603540729715, 10.396582820190758 ], [ 6.292520139673059, 10.395292872314315 ], [ 6.291273380825942, 10.393883095356443 ], [ 6.289394864549593, 10.392374796331637 ], [ 6.287707339402971, 10.39165007483922 ], [ 6.285496916901138, 10.391579939791541 ], [ 6.283690550673782, 10.391860477982164 ], [ 6.282193168656363, 10.392795600617546 ], [ 6.279768836009168, 10.39417490155472 ], [ 6.276678998909745, 10.395694463587176 ], [ 6.274325970310997, 10.397447795778476 ], [ 6.27206801177681, 10.398850453731541 ], [ 6.268116112091661, 10.401326520413932 ], [ 6.263309524825843, 10.401307322400839 ], [ 6.262668193390084, 10.401822718751077 ], [ 6.262297712138377, 10.402121350953962 ], [ 6.26172728075079, 10.402065244915832 ], [ 6.261061777298607, 10.401721597682354 ], [ 6.259249469067186, 10.400903389126427 ], [ 6.25951685924889, 10.399880625431479 ], [ 6.261745106762874, 10.396578534187881 ], [ 6.260705258056362, 10.395146643214957 ], [ 6.259338599127773, 10.395292755314244 ], [ 6.257169771654162, 10.395614199532645 ], [ 6.256012660867952, 10.395380852374103 ], [ 6.255684272644828, 10.394971309095865 ], [ 6.255916315802494, 10.392490397410199 ], [ 6.255387174442944, 10.391581498792618 ], [ 6.25396109547404, 10.391698389872033 ], [ 6.253040086848216, 10.390061916760146 ], [ 6.252939072779611, 10.388893001965926 ], [ 6.252273569327429, 10.384497844979592 ], [ 6.251703137939842, 10.383574387352155 ], [ 6.250874408376774, 10.383004724965133 ], [ 6.248791560961536, 10.382253486454658 ], [ 6.246224620217447, 10.382428826573801 ], [ 6.238413408910105, 10.384344742875612 ], [ 6.235651125033257, 10.384797583183285 ], [ 6.233980056897849, 10.385783964853488 ], [ 6.231892533479481, 10.386461647313922 ], [ 6.228128457921969, 10.384898399251767 ], [ 6.225998163474515, 10.384588285041048 ], [ 6.223866462026137, 10.385131402410082 ], [ 6.221930319710623, 10.385793047859636 ], [ 6.219358075962873, 10.389433821333398 ], [ 6.219252381891067, 10.389452430346012 ], [ 6.218127444126708, 10.389650488480584 ], [ 6.216713250165867, 10.389381637297902 ], [ 6.215227707156487, 10.38575783783574 ], [ 6.213812882195214, 10.38230651749069 ], [ 6.211329803508079, 10.378791090102141 ], [ 6.209261991103062, 10.374886759449339 ], [ 6.207146640665769, 10.373063162210258 ], [ 6.205910705826057, 10.372478672813145 ], [ 6.204627235953978, 10.37250205282902 ], [ 6.203296229049613, 10.373367095416768 ], [ 6.201371023741558, 10.374746482353999 ], [ 6.199065530175062, 10.376125863291236 ], [ 6.196736268592417, 10.378323507784444 ], [ 6.194573383122872, 10.378861228149788 ], [ 6.192777929902945, 10.378691567034537 ], [ 6.191293402894246, 10.377154549990166 ], [ 6.187086472035844, 10.375751794037058 ], [ 6.184234315097967, 10.375260827703471 ], [ 6.182570556967505, 10.373764545686868 ], [ 6.181524766256928, 10.370070570176949 ], [ 6.181643606337673, 10.36927565663683 ], [ 6.180547146592687, 10.366005871415211 ], [ 6.177982466850096, 10.363720937862695 ], [ 6.175939293461852, 10.362191498823506 ], [ 6.173396119733923, 10.359140350750408 ], [ 6.172112648861855, 10.358661050424701 ], [ 6.169712084230753, 10.358468160293683 ], [ 6.1697833882792, 10.359830077219044 ], [ 6.170211210569903, 10.361817412569337 ], [ 6.170541322794179, 10.361983627682264 ], [ 6.170851926005241, 10.365032321753688 ], [ 6.170591498828287, 10.365511487079289 ], [ 6.169735852246902, 10.366002469412877 ], [ 6.16930802795622, 10.366353168651131 ], [ 6.169260491923922, 10.36684414898474 ], [ 6.170065931471186, 10.36752972245057 ], [ 6.170092371489147, 10.369018480462103 ], [ 6.169688316214604, 10.369743252954549 ], [ 6.169902228359945, 10.370444645431121 ], [ 6.169807156295349, 10.370842099701179 ], [ 6.169379332004667, 10.371052516844145 ], [ 6.169212955891624, 10.371309693018873 ], [ 6.169767387268337, 10.371868744398739 ], [ 6.170218780575055, 10.372415688770332 ], [ 6.170187442553754, 10.373063162210258 ], [ 6.170336821655269, 10.373352215406669 ], [ 6.171066858151278, 10.373671028623278 ], [ 6.171518450458109, 10.374582826242829 ], [ 6.17132862832915, 10.375271381710661 ], [ 6.17101932211898, 10.375728415021172 ], [ 6.170900483038224, 10.376383035466006 ], [ 6.171280770296619, 10.376710344688377 ], [ 6.172034214808548, 10.376636699638311 ], [ 6.172357459028149, 10.377104284956033 ], [ 6.172353505025512, 10.377663464335967 ], [ 6.172851833364064, 10.379629228671604 ], [ 6.17309901953206, 10.380901045535779 ], [ 6.173519712817892, 10.381265756783534 ], [ 6.17491013976263, 10.382247669450749 ], [ 6.175552615199138, 10.38369921743697 ], [ 6.175947020467106, 10.384369474892367 ], [ 6.175998238501904, 10.384456517951548 ], [ 6.176844973077209, 10.384821517199555 ], [ 6.177275768369952, 10.385070208368518 ], [ 6.17730547839011, 10.385771564845072 ], [ 6.176859234086919, 10.386168124114477 ], [ 6.176548348875713, 10.386168825114964 ], [ 6.176231758660606, 10.386294368200254 ], [ 6.176020699517153, 10.386344164234117 ], [ 6.175821049381511, 10.386680815462853 ], [ 6.175642789260394, 10.387220857829789 ], [ 6.175371834076316, 10.387824021239567 ], [ 6.175100878892181, 10.388062481401619 ], [ 6.174623142567611, 10.388118589439728 ], [ 6.173674800923266, 10.38820275149692 ], [ 6.172797763327367, 10.388251845530306 ], [ 6.172284374978517, 10.388504331701824 ], [ 6.171977767770215, 10.388911114978214 ], [ 6.171578466498886, 10.389773774564333 ], [ 6.170580210820617, 10.390916970341095 ], [ 6.169838650316763, 10.392417845360853 ], [ 6.169990765420096, 10.392833974643622 ], [ 6.17025696560097, 10.393324912977164 ], [ 6.17037105267849, 10.393722339247233 ], [ 6.17028548762039, 10.394311462647522 ], [ 6.169572449135899, 10.395471006435343 ], [ 6.168783029599524, 10.395823771675055 ], [ 6.167671010843947, 10.395985317784834 ], [ 6.166311482920207, 10.396387416058019 ], [ 6.166411268988043, 10.396677034254822 ], [ 6.166596699113995, 10.39722901362984 ], [ 6.166435076004177, 10.397631110903035 ], [ 6.165678166489897, 10.398496383490965 ], [ 6.165332243254852, 10.39888415175443 ], [ 6.16502801204814, 10.398949608798887 ], [ 6.164704767828539, 10.39865972660192 ], [ 6.164381523608881, 10.398622322576557 ], [ 6.164200887486174, 10.39903376785611 ], [ 6.164153351453876, 10.399903413446964 ], [ 6.164286451544285, 10.400436418809136 ], [ 6.163915671292386, 10.401081637247501 ], [ 6.163794455209995, 10.401334113419068 ], [ 6.163956968320463, 10.401754320704583 ], [ 6.163319986887643, 10.403091503613155 ], [ 6.162930191622763, 10.403652557994349 ], [ 6.162917831614379, 10.403930981183521 ], [ 6.162936846627304, 10.404379823488455 ], [ 6.163545307040749, 10.405333610136552 ], [ 6.163659393118223, 10.406324796809997 ], [ 6.163694253141955, 10.406667660042956 ], [ 6.164255176523056, 10.407518581621105 ], [ 6.164511870697481, 10.408126382034084 ], [ 6.164188627477813, 10.4087248294407 ], [ 6.163542138038565, 10.409229768783803 ], [ 6.162943184631615, 10.409211066771093 ], [ 6.162619941412004, 10.409295223828281 ], [ 6.162284812184282, 10.409593278030798 ], [ 6.162437248287858, 10.410187820434771 ], [ 6.162410782269887, 10.410635880739164 ], [ 6.162184987116461, 10.411120947068753 ], [ 6.161947306954971, 10.411343025219651 ], [ 6.1617068537916, 10.411954401635057 ], [ 6.161564245694706, 10.41251544001625 ], [ 6.162265402171101, 10.413403747619839 ], [ 6.162574385381049, 10.413906341961308 ], [ 6.162664911442562, 10.414355161266258 ], [ 6.162301054195325, 10.414736204525184 ], [ 6.161965710967479, 10.414805973572584 ], [ 6.161821974869838, 10.414922251651547 ], [ 6.161531072672176, 10.415409182982387 ], [ 6.161460190623984, 10.415625138129144 ], [ 6.161635549743153, 10.415998528382829 ], [ 6.161679209772785, 10.416657846830844 ], [ 6.161385986573578, 10.417576424454978 ], [ 6.160827439194065, 10.419353008662085 ], [ 6.1602742338182, 10.41962645684788 ], [ 6.160031211653063, 10.419500277762097 ], [ 6.159723417443956, 10.419565730806596 ], [ 6.159441848252641, 10.419812836974472 ], [ 6.157853824173628, 10.420655015546686 ], [ 6.157517949945429, 10.420943950743037 ], [ 6.157266996774922, 10.420787126636469 ], [ 6.157038823619871, 10.420600118509412 ], [ 6.156753609426119, 10.420674921560249 ], [ 6.156644179351758, 10.42085943468561 ], [ 6.156620508335664, 10.421694112252737 ], [ 6.156479518239848, 10.421840490352167 ], [ 6.15613865300827, 10.422826296021981 ], [ 6.156173670032047, 10.42329301733912 ], [ 6.156038368940131, 10.4234623774542 ], [ 6.155865874822894, 10.423605083551138 ], [ 6.155734773733855, 10.42375451665265 ], [ 6.155213444379626, 10.424041040847328 ], [ 6.154482214882762, 10.424934542454423 ], [ 6.154576902947099, 10.425168302613258 ], [ 6.154872176147762, 10.42539802376939 ], [ 6.154646379994347, 10.425947350142621 ], [ 6.15433739578441, 10.425865536087031 ], [ 6.153921456501791, 10.426110979253792 ], [ 6.153626931301687, 10.426549059551462 ], [ 6.15372070736538, 10.426591820580484 ], [ 6.15407594860676, 10.426753805690566 ], [ 6.15394522451794, 10.427443382159083 ], [ 6.153517414227224, 10.427829780421632 ], [ 6.15357777226825, 10.428290448734629 ], [ 6.153463686190719, 10.428888858141192 ], [ 6.153672844332846, 10.429861269801904 ], [ 6.153824959436236, 10.430889779500774 ], [ 6.154319332772104, 10.433171189050881 ], [ 6.1544441538569, 10.435082870349731 ], [ 6.154254009727708, 10.436450297278839 ], [ 6.154705602034596, 10.437046352683865 ], [ 6.154693718026522, 10.43777096817621 ], [ 6.154144875653571, 10.438204471470726 ], [ 6.152590449597426, 10.439634995442702 ], [ 6.152077062248622, 10.439564871395078 ], [ 6.150830002401278, 10.439983678679653 ], [ 6.149581424552935, 10.440490501023987 ], [ 6.146615181537527, 10.441991138043591 ], [ 6.144319195977516, 10.442313704262745 ], [ 6.143164072192633, 10.443421645015576 ], [ 6.143021464095739, 10.444529581768336 ], [ 6.143976936744934, 10.446128369854648 ], [ 6.143919893706197, 10.447572882836141 ], [ 6.143349462318611, 10.450111280560861 ], [ 6.141581125117114, 10.4531965986572 ], [ 6.139470528683034, 10.455987382553417 ], [ 6.138362941930495, 10.457424058529568 ], [ 6.137488280336186, 10.45832158813937 ], [ 6.137050950039054, 10.458265492101248 ], [ 6.134560066346637, 10.457667139694706 ], [ 6.132050167641239, 10.457143580338993 ], [ 6.130795218788592, 10.457106183313556 ], [ 6.130053658284737, 10.456881800161113 ], [ 6.129331111793817, 10.456227348716425 ], [ 6.128776922417273, 10.456522241916787 ], [ 6.128149447990893, 10.456896214170911 ], [ 6.127220345359603, 10.456875864157098 ], [ 6.126599775937962, 10.456568987948572 ], [ 6.126209980673138, 10.456821419120104 ], [ 6.125791665388931, 10.456849467139136 ], [ 6.125500130190801, 10.456807347110498 ], [ 6.125135668943187, 10.456325905783387 ], [ 6.124888481775258, 10.45625111173257 ], [ 6.124660308620207, 10.45644744686598 ], [ 6.124498686510378, 10.456821419120104 ], [ 6.123928256122781, 10.457326281463111 ], [ 6.123101129560837, 10.457606758653696 ], [ 6.122064846856688, 10.457653504685425 ], [ 6.121427865423925, 10.457952681888742 ], [ 6.120001787454953, 10.458850209498564 ], [ 6.118470317414392, 10.459610621015202 ], [ 6.117653510859441, 10.459916020222693 ], [ 6.116968993394323, 10.460336733508598 ], [ 6.11689011334073, 10.460821522837989 ], [ 6.116882622335652, 10.460867561869236 ], [ 6.116782241267401, 10.461144171057185 ], [ 6.116569691123004, 10.461355793200994 ], [ 6.115999259735418, 10.461168810073957 ], [ 6.115742565560993, 10.460533066641972 ], [ 6.114820368934431, 10.460430224572121 ], [ 6.114535152740643, 10.460757446794446 ], [ 6.114603238786913, 10.46133325518565 ], [ 6.114529320736665, 10.461684116424067 ], [ 6.114211907520996, 10.461785854493201 ], [ 6.113812607249713, 10.461776505486853 ], [ 6.113052030732945, 10.461496031296235 ], [ 6.112519629371207, 10.461131414048509 ], [ 6.111901661951322, 10.460748097788098 ], [ 6.111216427485715, 10.460653705723928 ], [ 6.110960450311779, 10.460850938857959 ], [ 6.110998479337638, 10.461131414048509 ], [ 6.111017493350573, 10.46150538030264 ], [ 6.110751292169709, 10.4617578074741 ], [ 6.110010423666324, 10.461852497538473 ], [ 6.109425732269017, 10.4615860473574 ], [ 6.108841617872145, 10.460562740662112 ], [ 6.108188515428367, 10.459881093198987 ], [ 6.107914089241945, 10.459594672004357 ], [ 6.107614612038446, 10.459594672004357 ], [ 6.107300874825285, 10.459931244233076 ], [ 6.106801748486134, 10.459805029147333 ], [ 6.106145752040447, 10.459945267242574 ], [ 6.105603841672234, 10.459819053156821 ], [ 6.105090454323431, 10.459524552956736 ], [ 6.103598816309898, 10.45896769157838 ], [ 6.103550289276939, 10.458949575566066 ], [ 6.102352383463028, 10.458907503537489 ], [ 6.10002059987869, 10.458442928221814 ], [ 6.099638080618774, 10.458419007205578 ], [ 6.099495877522145, 10.458731397417807 ], [ 6.099317213400752, 10.460043434309284 ], [ 6.098960694158507, 10.460125239364856 ], [ 6.098532869867825, 10.460043434309284 ], [ 6.098081278560983, 10.459412362880528 ], [ 6.09802185852061, 10.458921527547034 ], [ 6.097927435456484, 10.458750625430866 ], [ 6.097332587052279, 10.458757917435832 ], [ 6.097035487850462, 10.459202004737563 ], [ 6.096655199592021, 10.460464146595143 ], [ 6.096429404438652, 10.461539302325662 ], [ 6.096084769204481, 10.462018444651221 ], [ 6.095526280825027, 10.462085559696845 ], [ 6.094347390023984, 10.461599405366485 ], [ 6.093662871558877, 10.46161810337918 ], [ 6.093225542261735, 10.462179051760359 ], [ 6.092750181938754, 10.462440826938177 ], [ 6.091438190047313, 10.462833490205014 ], [ 6.08961900781128, 10.463657817765068 ], [ 6.08885223529029, 10.464030174018092 ], [ 6.087958558683113, 10.465189456805774 ], [ 6.086760652869145, 10.466629205783988 ], [ 6.085144430771038, 10.466853581936448 ], [ 6.083908495931269, 10.467321032254063 ], [ 6.082710591117348, 10.468573792105246 ], [ 6.082776811162319, 10.468638910149537 ], [ 6.08290073424655, 10.468760771232326 ], [ 6.084174698112122, 10.470107014147004 ], [ 6.087787429566788, 10.471640229188779 ], [ 6.089460694703746, 10.472687297900222 ], [ 6.090031126091276, 10.474127011878409 ], [ 6.090068506116722, 10.475237065632655 ], [ 6.090126198155872, 10.476950327796715 ], [ 6.090026676088257, 10.477311022041818 ], [ 6.089460694703746, 10.47936228043551 ], [ 6.08967055584634, 10.480069438916018 ], [ 6.090525592427241, 10.48080462041554 ], [ 6.091823934309446, 10.481710112030783 ], [ 6.09148167607691, 10.484023867602843 ], [ 6.090792403608532, 10.486980308611635 ], [ 6.08929502159117, 10.492484121351197 ], [ 6.089152545494358, 10.492947974666379 ], [ 6.088301520916104, 10.49571858654889 ], [ 6.087975899694868, 10.498723992590897 ], [ 6.087667592485388, 10.504100040243657 ], [ 6.087762698550023, 10.504900441787527 ], [ 6.088006094715411, 10.506948810179267 ], [ 6.088804390257792, 10.510598212658863 ], [ 6.090080122124618, 10.513791766828774 ], [ 6.091411128028938, 10.51813835778205 ], [ 6.092243006594174, 10.521783839259001 ], [ 6.093169958223996, 10.524915179386596 ], [ 6.093954300756934, 10.528560578863448 ], [ 6.09428705298302, 10.531037557546483 ], [ 6.094567515173537, 10.537699596073026 ], [ 6.0945104721348, 10.54137288456883 ], [ 6.094039865815034, 10.544835831921716 ], [ 6.093694279580234, 10.546012877721466 ], [ 6.093640193543479, 10.546197090846647 ], [ 6.096392895413828, 10.546938817350622 ], [ 6.099701396661771, 10.547541669760221 ], [ 6.100257567039705, 10.546588320112448 ], [ 6.101739164046364, 10.546300093916614 ], [ 6.104293368781839, 10.545803206579023 ], [ 6.105063452305046, 10.545761146550433 ], [ 6.105904837876722, 10.545578888426633 ], [ 6.107259611797247, 10.54521437017894 ], [ 6.109000811980309, 10.545193255164577 ], [ 6.112022714033571, 10.547499609731631 ], [ 6.114418525661392, 10.548579135465161 ], [ 6.116457818047024, 10.549210023893806 ], [ 6.11710465048651, 10.549613341167856 ], [ 6.120034898477456, 10.550074574481243 ], [ 6.121556047510978, 10.551359712354383 ], [ 6.123041545520323, 10.552866820378426 ], [ 6.124455741481199, 10.554186995275415 ], [ 6.125180663973765, 10.555308554037481 ], [ 6.125739211353277, 10.556733864005878 ], [ 6.126000658530927, 10.558568064252142 ], [ 6.125834283417873, 10.559864849133248 ], [ 6.125442111151415, 10.561570521292197 ], [ 6.125620371272532, 10.562271478768423 ], [ 6.125751095361352, 10.562621958006559 ], [ 6.126594857934663, 10.563393008530454 ], [ 6.127450504515991, 10.565145391721103 ], [ 6.128187312016621, 10.567341698213397 ], [ 6.128710208371899, 10.568790316197692 ], [ 6.129066726614155, 10.570238928181936 ], [ 6.129518318920987, 10.57395388370611 ], [ 6.129866581157614, 10.577704802254686 ], [ 6.131161728037625, 10.581648988934546 ], [ 6.134005216969626, 10.590127533695295 ], [ 6.133377741543313, 10.591790984825536 ], [ 6.131438276225538, 10.593510497993861 ], [ 6.127540327577037, 10.596295339886069 ], [ 6.124117740251563, 10.598052207079775 ], [ 6.120769802976781, 10.599739683226346 ], [ 6.118565542479075, 10.601117355162387 ], [ 6.117082420471377, 10.602070535810014 ], [ 6.115599299463668, 10.604070335168785 ], [ 6.114800694921087, 10.605303850006919 ], [ 6.114705622856491, 10.606761633997394 ], [ 6.115180982179425, 10.607976447822807 ], [ 6.1161887438642, 10.610125724283137 ], [ 6.116340858967533, 10.61216284866731 ], [ 6.118261312272409, 10.61829283283231 ], [ 6.119288087970006, 10.621170891787813 ], [ 6.120238806615987, 10.62371253251473 ], [ 6.120512527801964, 10.626638599502883 ], [ 6.121360655378226, 10.628627556854269 ], [ 6.121912071752888, 10.629748843616142 ], [ 6.122900820424718, 10.630982256454161 ], [ 6.123071948540996, 10.631673710924019 ], [ 6.123414207773521, 10.632215662292253 ], [ 6.123946611135295, 10.632402541419196 ], [ 6.125752977362595, 10.632888426749332 ], [ 6.126798767073183, 10.633392999092166 ], [ 6.127502298551178, 10.63443951780323 ], [ 6.127236098370304, 10.635560783565097 ], [ 6.12676073904737, 10.637111860618973 ], [ 6.127026940228234, 10.638588180622037 ], [ 6.127893052816717, 10.640544105950994 ], [ 6.129132781659052, 10.643334779847123 ], [ 6.130820307805607, 10.645974343640603 ], [ 6.130796539789458, 10.650038759402207 ], [ 6.13115306003175, 10.653168788528887 ], [ 6.130630164676461, 10.655247671941368 ], [ 6.130521365602533, 10.657707952613066 ], [ 6.132164000718603, 10.659624099914993 ], [ 6.132795888147939, 10.659857793073741 ], [ 6.133054498323645, 10.660456496480549 ], [ 6.133109579361076, 10.660727144664463 ], [ 6.133149570388241, 10.660923649797951 ], [ 6.133098073353267, 10.661484235178875 ], [ 6.132955465256373, 10.666914845868689 ], [ 6.133104014357286, 10.667393669194041 ], [ 6.133710097769097, 10.66773234942417 ], [ 6.136574138715105, 10.668876849201808 ], [ 6.136852089903925, 10.669003330287694 ], [ 6.140192812173837, 10.670523521320604 ], [ 6.141041018750116, 10.673198987138449 ], [ 6.138998958362663, 10.677613852138165 ], [ 6.137230621161166, 10.679239457242659 ], [ 6.135524958002236, 10.679509205425973 ], [ 6.133846061861504, 10.678809698950658 ], [ 6.132572097995876, 10.67897786606494 ], [ 6.13091784687191, 10.68017370687744 ], [ 6.128144440987512, 10.684016852488696 ], [ 6.127324130430168, 10.684377801733945 ], [ 6.125764951370741, 10.685312037368703 ], [ 6.123920556117582, 10.685162559267155 ], [ 6.119832465339925, 10.686283638028897 ], [ 6.117626522841078, 10.686828853399334 ], [ 6.116714107221128, 10.687722351006414 ], [ 6.115630287484748, 10.689628166301304 ], [ 6.114204208515787, 10.691907655850116 ], [ 6.114679567838778, 10.692748447421422 ], [ 6.115820430613894, 10.693495814929236 ], [ 6.116390862001481, 10.69422449642434 ], [ 6.115097885122964, 10.697120522392026 ], [ 6.111941497978364, 10.700352826588244 ], [ 6.107454104929388, 10.701847523603817 ], [ 6.103327985125873, 10.701081494083326 ], [ 6.100209627007132, 10.70102544204525 ], [ 6.098897635115691, 10.701660688476863 ], [ 6.096916790769797, 10.69817707110991 ], [ 6.095291175665238, 10.697881407908994 ], [ 6.095245316634077, 10.697887362913036 ], [ 6.093668680562871, 10.698092086052156 ], [ 6.092813033981486, 10.698951542636109 ], [ 6.092813033981486, 10.699346963904816 ], [ 6.092813033981486, 10.702090411768836 ], [ 6.094372213040856, 10.705528182104615 ], [ 6.094239111950458, 10.708984598453128 ], [ 6.093839809679139, 10.710591349544814 ], [ 6.094812342339935, 10.711271922007256 ], [ 6.095814572020856, 10.711973275483786 ], [ 6.098878620102766, 10.713674049639394 ], [ 6.099943424826222, 10.714197170994794 ], [ 6.101673734001906, 10.714795023400995 ], [ 6.10365122934553, 10.716158869327671 ], [ 6.105153365366164, 10.718568935965209 ], [ 6.107340017851868, 10.720960301590026 ], [ 6.107910450239444, 10.722753814808641 ], [ 6.107149874722666, 10.72503305635729 ], [ 6.107123420704738, 10.727667167147047 ], [ 6.10789143522652, 10.728507930718308 ], [ 6.108385808562446, 10.728974982035652 ], [ 6.110610492073988, 10.731926719041212 ], [ 6.111618253758763, 10.736130094897192 ], [ 6.114622524799984, 10.737699340963445 ], [ 6.116676078195269, 10.740296048727771 ], [ 6.116504949079001, 10.742855376466707 ], [ 6.11410913745118, 10.746535532967187 ], [ 6.111751353849172, 10.74877723349033 ], [ 6.111029224358504, 10.749928521272579 ], [ 6.111295008539116, 10.753279261549267 ], [ 6.111656281784576, 10.757220819227371 ], [ 6.113053606734013, 10.76022757127032 ], [ 6.11156120971998, 10.762731436971535 ], [ 6.109070327027553, 10.765346612748431 ], [ 6.106779248470843, 10.766806334740238 ], [ 6.105072554311221, 10.76807383960147 ], [ 6.103893661510256, 10.769512162578735 ], [ 6.102505612567143, 10.772519542622092 ], [ 6.101987019214789, 10.774670867083842 ], [ 6.102828856786743, 10.775919154932012 ], [ 6.105661999711742, 10.777469514985398 ], [ 6.10636661219047, 10.778912368965734 ], [ 6.107012019628996, 10.780233989863746 ], [ 6.108114854378357, 10.78314787084355 ], [ 6.108856653882356, 10.786681268244365 ], [ 6.110095760724278, 10.789651469262481 ], [ 6.11073365015767, 10.792930795490633 ], [ 6.111135981431062, 10.796370057827403 ], [ 6.111125464423935, 10.798012578943428 ], [ 6.111201522475596, 10.799730924110975 ], [ 6.113198030832109, 10.803335677560256 ], [ 6.113521276051756, 10.805222085841933 ], [ 6.113121973780437, 10.808341172961207 ], [ 6.112190269147391, 10.811198748902825 ], [ 6.112530534378607, 10.81347465544917 ], [ 6.11258957141871, 10.813869531717501 ], [ 6.11378747723262, 10.814373802060118 ], [ 6.117609366829413, 10.814691306275847 ], [ 6.121726241626618, 10.81493589044203 ], [ 6.12232493303344, 10.814971458466175 ], [ 6.125139060945514, 10.816783086697114 ], [ 6.126793312069481, 10.8186133799407 ], [ 6.128580663283913, 10.818650732966091 ], [ 6.130272943433738, 10.81797838050926 ], [ 6.13155403730417, 10.818671043979919 ], [ 6.133693153757577, 10.822756483755768 ], [ 6.135832272211019, 10.824530713961281 ], [ 6.136355166566318, 10.825324444500552 ], [ 6.133407938563835, 10.829970064657061 ], [ 6.13179171746566, 10.831767596878365 ], [ 6.130413173529007, 10.833938628353508 ], [ 6.127699959685515, 10.834309626605602 ], [ 6.122022085827666, 10.836094453818305 ], [ 6.12183293569916, 10.836879998352003 ], [ 6.121809167683011, 10.837883794034042 ], [ 6.122593511215939, 10.839284431985732 ], [ 6.12259941921991, 10.844663954640851 ], [ 6.122599640220074, 10.844865477777773 ], [ 6.124946240814495, 10.845934783504333 ], [ 6.130484477577454, 10.848458451219017 ], [ 6.132172003724065, 10.84871522839353 ], [ 6.137876317599876, 10.850115815345134 ], [ 6.139849058940229, 10.85137633820159 ], [ 6.141180065844594, 10.851749826455375 ], [ 6.143509327427239, 10.852520140978754 ], [ 6.144899250371623, 10.852830887189896 ], [ 6.146432788413563, 10.853173741422836 ], [ 6.148825430039267, 10.855003230665886 ], [ 6.153326512097522, 10.854702513461575 ], [ 6.154066267600172, 10.85465309042803 ], [ 6.155156030340606, 10.854185944110611 ], [ 6.156704513392754, 10.852762324143328 ], [ 6.158166244385939, 10.852657282071959 ], [ 6.16055492500891, 10.854022835999785 ], [ 6.162805355537955, 10.856142838440235 ], [ 6.163666945123396, 10.860023522076972 ], [ 6.163369844921533, 10.862649515861222 ], [ 6.162567676376455, 10.864808653328225 ], [ 6.162395586259549, 10.865572998847597 ], [ 6.16244584329371, 10.866072765187141 ], [ 6.162901086603028, 10.86647341745936 ], [ 6.162983614659083, 10.86682188569614 ], [ 6.163957251320653, 10.868162432606994 ], [ 6.163285266864023, 10.870022594870875 ], [ 6.157832583159234, 10.885116521126463 ], [ 6.163357158912902, 10.891630121552168 ], [ 6.16460702476212, 10.893103742553421 ], [ 6.209228941080596, 10.901772748443591 ], [ 6.217795000900878, 10.905103992707041 ], [ 6.22136419232595, 10.908673184132113 ], [ 6.223029815457664, 10.910576753425516 ], [ 6.226103654546193, 10.913497435409965 ], [ 6.231029270892918, 10.918600339877173 ], [ 6.233020023245558, 10.922118805267814 ], [ 6.233963010886271, 10.926604272315444 ], [ 6.232081776608027, 10.933223768813093 ], [ 6.232517096903848, 10.935348681256869 ], [ 6.233376264487561, 10.93674776320745 ], [ 6.234591670313421, 10.937550173752697 ], [ 6.23559752399683, 10.939134415829074 ], [ 6.23607804832335, 10.940405002692387 ], [ 6.237483499278255, 10.94532728003685 ], [ 6.238698906104048, 10.945882780414308 ], [ 6.239809535858683, 10.945574169204633 ], [ 6.241800288211323, 10.945265557994901 ], [ 6.243791039563916, 10.946376556749783 ], [ 6.245446507688769, 10.947631568602503 ], [ 6.248170694539681, 10.948557394231557 ], [ 6.25102061447609, 10.948310508063798 ], [ 6.251334943689642, 10.948742559357356 ], [ 6.25250844048702, 10.95174632539829 ], [ 6.254415370782681, 10.955428983900504 ], [ 6.255798418722406, 10.956601663697256 ], [ 6.258564516601837, 10.957774340494041 ], [ 6.260827688139557, 10.959523058682237 ], [ 6.261477301580896, 10.961415777968227 ], [ 6.262282180127784, 10.962931259997958 ], [ 6.263468053933536, 10.963287912240276 ], [ 6.264620594716632, 10.963143902142406 ], [ 6.265354030214951, 10.963617077463937 ], [ 6.266188656782049, 10.96494763836796 ], [ 6.266548481026575, 10.966106377155256 ], [ 6.267177140453668, 10.96668240954665 ], [ 6.268874517607003, 10.966600120490739 ], [ 6.271954944699985, 10.964625143148851 ], [ 6.273170351525778, 10.964131396813343 ], [ 6.274711196572753, 10.964555601101608 ], [ 6.278639681241941, 10.963452494352111 ], [ 6.28023228332404, 10.963637650477892 ], [ 6.281280048035967, 10.964686861190785 ], [ 6.282705007004154, 10.967135006854164 ], [ 6.283061247246224, 10.968431075734827 ], [ 6.282453543833299, 10.972092955222877 ], [ 6.283207934345853, 10.974561610900196 ], [ 6.284004234886936, 10.975281632389454 ], [ 6.286979884908703, 10.975240488361464 ], [ 6.287021795937221, 10.97585764678081 ], [ 6.287105616994154, 10.977338824787182 ], [ 6.287460061234981, 10.979387145178919 ], [ 6.28989266988782, 10.981782312806331 ], [ 6.292721633810004, 10.985320598210421 ], [ 6.295173402475825, 10.990689658858457 ], [ 6.296388809301675, 10.992623320172299 ], [ 6.300370313006908, 10.993178730549687 ], [ 6.301397121704554, 10.994145555206558 ], [ 6.30169049590387, 10.99496838076567 ], [ 6.300316443970303, 10.997770663669655 ], [ 6.300860310339829, 10.999074762555722 ], [ 6.304167578586942, 11.003067992268939 ], [ 6.308065526235453, 11.004654499346941 ], [ 6.309301461075165, 11.006287659456575 ], [ 6.310860214134266, 11.007140066035731 ], [ 6.312027268927238, 11.009369355550461 ], [ 6.313096826653975, 11.010384233240018 ], [ 6.315744067452613, 11.010891476584675 ], [ 6.317767233827283, 11.010069271025998 ], [ 6.320120263426077, 11.010209254121094 ], [ 6.322188076831026, 11.011679071119772 ], [ 6.323685458848445, 11.014618682117089 ], [ 6.324255891236021, 11.017663248185727 ], [ 6.325040233768959, 11.018328148637522 ], [ 6.326787179955886, 11.018818074970397 ], [ 6.32742891539192, 11.019587958493503 ], [ 6.327357611343473, 11.020882755373236 ], [ 6.32621674756831, 11.022702460609651 ], [ 6.324799269605251, 11.022734776631637 ], [ 6.323935023018009, 11.021547648824992 ], [ 6.322878955300439, 11.021119460534067 ], [ 6.321972493684541, 11.021391398718833 ], [ 6.322063139746149, 11.022796413673518 ], [ 6.322425724992513, 11.024065459535734 ], [ 6.323299999586538, 11.024910432109891 ], [ 6.32419116419203, 11.025472471491753 ], [ 6.324865804650415, 11.02572834666563 ], [ 6.328605430191317, 11.027146694629323 ], [ 6.329710639942277, 11.027181688653059 ], [ 6.330138464232959, 11.026971726510396 ], [ 6.332634100928601, 11.025851924749588 ], [ 6.334701915333596, 11.02466213194117 ], [ 6.336021037229898, 11.023472333132759 ], [ 6.337034725918613, 11.021489178785259 ], [ 6.338302762780188, 11.020952744420811 ], [ 6.339657536700713, 11.020917750397018 ], [ 6.340905355548557, 11.021092721515913 ], [ 6.341974914275283, 11.022072564181656 ], [ 6.342468774610836, 11.022678501593361 ], [ 6.343543601341139, 11.023997245489397 ], [ 6.34419696878507, 11.024183431615882 ], [ 6.345290546528076, 11.023962251465605 ], [ 6.34569999880631, 11.023499999151568 ], [ 6.346752276521272, 11.022212541276758 ], [ 6.348097314435165, 11.022301344337109 ], [ 6.349960952701394, 11.022947419776074 ], [ 6.35213572317906, 11.022737454633443 ], [ 6.353810074316698, 11.02231262334476 ], [ 6.354702663923149, 11.021547648824992 ], [ 6.356302426010132, 11.020465159089497 ], [ 6.357982644151775, 11.019832919659962 ], [ 6.358897643773446, 11.019552029469082 ], [ 6.364118752320962, 11.017882732334897 ], [ 6.364804655786998, 11.017663433185874 ], [ 6.365695323392174, 11.017816207289684 ], [ 6.366078556652553, 11.018149946516417 ], [ 6.36799739395633, 11.020966603430224 ], [ 6.370874168910973, 11.023572183200599 ], [ 6.371779951526378, 11.024697125964963 ], [ 6.374047114066798, 11.030250694738299 ], [ 6.374853610614821, 11.030956268217722 ], [ 6.376343402627015, 11.030856004149598 ], [ 6.378268608935116, 11.030506071911816 ], [ 6.382475539793518, 11.032605662338426 ], [ 6.384079877883607, 11.032990585599975 ], [ 6.386468558506579, 11.032150752029338 ], [ 6.387421838154296, 11.032280496117494 ], [ 6.389537369591721, 11.033467028923667 ], [ 6.39064569834477, 11.033669472061206 ], [ 6.391611114000739, 11.033845811181038 ], [ 6.391865459173573, 11.033669472061206 ], [ 6.393349387181786, 11.032640655362172 ], [ 6.395595460707909, 11.031835813815349 ], [ 6.397485014991787, 11.031730834743996 ], [ 6.399030526041884, 11.032042831956005 ], [ 6.40251194140734, 11.032745635433514 ], [ 6.403724108230961, 11.032920599552426 ], [ 6.405830999662498, 11.030278205757043 ], [ 6.406932784411083, 11.028896374818146 ], [ 6.408037995162033, 11.028791394746804 ], [ 6.410158702602928, 11.030278205757043 ], [ 6.411282323366379, 11.031065964292281 ], [ 6.413207528674491, 11.03047107788808 ], [ 6.414918822837251, 11.028931368841882 ], [ 6.417806630799362, 11.028231498366381 ], [ 6.418983145598759, 11.027741587033518 ], [ 6.420088357349698, 11.025746943678257 ], [ 6.420480527616121, 11.020917750397018 ], [ 6.421550087342837, 11.017768233257073 ], [ 6.4242952882081, 11.014233733855576 ], [ 6.426256145540378, 11.012658943785539 ], [ 6.427130555134511, 11.00952863965864 ], [ 6.429023828420895, 11.008388290883829 ], [ 6.431764591283127, 11.007468570258936 ], [ 6.43700600584441, 11.00760959435479 ], [ 6.443549524290461, 11.009870081890654 ], [ 6.447475634958039, 11.012130569426574 ], [ 6.452710448514836, 11.014629004124117 ], [ 6.458183209233368, 11.015937707013336 ], [ 6.468533865266124, 11.022600197540157 ], [ 6.479122466460581, 11.029500635228715 ], [ 6.488640309927519, 11.03271290741128 ], [ 6.500299668849493, 11.038423614291446 ], [ 6.510769296963133, 11.043658427848243 ], [ 6.533374177322059, 11.047941457758384 ], [ 6.541107424576467, 11.045086103818278 ], [ 6.551577053690096, 11.041754858554839 ], [ 6.559548248106125, 11.036163125755536 ], [ 6.564664088582106, 11.030333445794554 ], [ 6.568114307926351, 11.028072958258633 ], [ 6.569779930058075, 11.026407336126965 ], [ 6.572159390674813, 11.024503766833561 ], [ 6.572489342898962, 11.023374316066167 ], [ 6.572370369818145, 11.022755655645824 ], [ 6.572041277594565, 11.022145463231197 ], [ 6.574056920964097, 11.021567447838493 ], [ 6.577289366160358, 11.021567447838493 ], [ 6.578077644695952, 11.025273488356561 ], [ 6.584562365102045, 11.023900397423574 ], [ 6.58589337200641, 11.02497354715274 ], [ 6.587557130136815, 11.030852474147196 ], [ 6.598775612759255, 11.041256954216578 ], [ 6.599821404469822, 11.0446628235307 ], [ 6.603196455763054, 11.045969175418293 ], [ 6.605454163297054, 11.046486122769522 ], [ 6.606761652185412, 11.046575692830402 ], [ 6.614465484419782, 11.047339602349439 ], [ 6.618455495130831, 11.047088900179119 ], [ 6.622686194005382, 11.047042245147395 ], [ 6.624159808006652, 11.049095062542165 ], [ 6.625348206814124, 11.049141716573899 ], [ 6.627154573041423, 11.048068654844769 ], [ 6.630814839528398, 11.049281681668958 ], [ 6.643031577829106, 11.05063466658828 ], [ 6.643839689378183, 11.049748228986005 ], [ 6.644249960656964, 11.048816673353031 ], [ 6.645028088185654, 11.04937499073236 ], [ 6.64642209013283, 11.049294413677615 ], [ 6.649068642931013, 11.0504947034932 ], [ 6.656531787001882, 11.051987644507562 ], [ 6.657720185809353, 11.053620541617022 ], [ 6.658338153229238, 11.053993773870616 ], [ 6.65966727213231, 11.055428618845554 ], [ 6.660781331889268, 11.055841235125911 ], [ 6.6620459567485, 11.054693584346126 ], [ 6.663234354555982, 11.055393390821621 ], [ 6.663804786943558, 11.055626659980078 ], [ 6.663800000940284, 11.061500001970785 ], [ 6.6669110470541, 11.062521882665067 ], [ 6.668605917205696, 11.062811248861692 ], [ 6.670697498626794, 11.060851832530375 ], [ 6.671648218272765, 11.06024534511829 ], [ 6.6725869629106, 11.059359637516479 ], [ 6.673335564419233, 11.057960741565978 ], [ 6.675308484759739, 11.056373119487262 ], [ 6.676782099760999, 11.057306190121267 ], [ 6.678262716767051, 11.059403060546003 ], [ 6.679158897375942, 11.061318361847327 ], [ 6.680347296183413, 11.062158112417933 ], [ 6.682100002374284, 11.062800000854054 ], [ 6.68298139997313, 11.065040463376363 ], [ 6.683038507011929, 11.067610281122427 ], [ 6.681681807090115, 11.070802496291378 ], [ 6.680697117421062, 11.077946659145482 ], [ 6.681096866692712, 11.081144655318383 ], [ 6.682581649701547, 11.08525636311208 ], [ 6.684751719176006, 11.088225931129784 ], [ 6.68690000063566, 11.090599998742846 ], [ 6.687418519987943, 11.091662969465062 ], [ 6.694227791614537, 11.093367110622978 ], [ 6.695984165807943, 11.093595574778192 ], [ 6.696205438958259, 11.093759481889549 ], [ 6.698696170650578, 11.095326308954157 ], [ 6.700930360168627, 11.096585786809896 ], [ 6.703611501990338, 11.09489451366079 ], [ 6.70499712793179, 11.095136998825524 ], [ 6.707014961302832, 11.094253416225172 ], [ 6.709629438079219, 11.096632433841592 ], [ 6.712006234694172, 11.10148370413782 ], [ 6.713717528856876, 11.102836447056916 ], [ 6.715523895084232, 11.104655644293018 ], [ 6.71599999840771, 11.106221806357098 ], [ 6.714203735187255, 11.11099832360253 ], [ 6.710491775665162, 11.11252117863728 ], [ 6.706399102884347, 11.113092250025261 ], [ 6.702020894909595, 11.112806714831265 ], [ 6.698594470581497, 11.114044033671973 ], [ 6.695548760512054, 11.115947602965321 ], [ 6.690875429336756, 11.120890682323932 ], [ 6.688220020532526, 11.1279400871137 ], [ 6.684983954333802, 11.151544340151645 ], [ 6.686050448058438, 11.17943255610038 ], [ 6.689076627114559, 11.203616464532217 ], [ 6.692788585636663, 11.216322786165563 ], [ 6.697642686934785, 11.2280297341199 ], [ 6.703353392814961, 11.239022843589169 ], [ 6.711205614150174, 11.249159348476439 ], [ 6.730479249245718, 11.258153710587692 ], [ 6.753695260019867, 11.262229502357002 ], [ 6.755549161279532, 11.26302204989554 ], [ 6.758401318217409, 11.263441634180595 ], [ 6.759542180992582, 11.264047697592389 ], [ 6.760160148412467, 11.26661180233458 ], [ 6.760635507735458, 11.267078000651338 ], [ 6.764295775222422, 11.267264479778078 ], [ 6.766773547905984, 11.272162312105877 ], [ 6.766536648744989, 11.296906278918243 ], [ 6.767893512666944, 11.308213477600987 ], [ 6.770643217535223, 11.320118586689944 ], [ 6.77399825781481, 11.322402870242001 ], [ 6.777264998034411, 11.322233581126966 ], [ 6.787132882739172, 11.319833052495937 ], [ 6.815329495897458, 11.308126103541611 ], [ 6.819545588762082, 11.308408915733764 ], [ 6.820781352601728, 11.30992276176238 ], [ 6.821048742783432, 11.310447156118641 ], [ 6.822504530772562, 11.310651086257224 ], [ 6.823871188701162, 11.310155825920731 ], [ 6.82461393920579, 11.309660564584192 ], [ 6.825148717569164, 11.308029109475683 ], [ 6.827584935224479, 11.307562978159012 ], [ 6.828400000778231, 11.307500001116182 ], [ 6.829486372516385, 11.307184244901634 ], [ 6.835676843722524, 11.310018462827372 ], [ 6.836438505240039, 11.310913283435355 ], [ 6.83683898851217, 11.313465854169692 ], [ 6.836200825078549, 11.31612802797855 ], [ 6.836973283603413, 11.316972865552543 ], [ 6.838940143939794, 11.318114281328121 ], [ 6.839857008562774, 11.318864524837863 ], [ 6.835321349480978, 11.328827732607408 ], [ 6.833358293147171, 11.337393793427623 ], [ 6.832287536419642, 11.347268556137067 ], [ 6.832882400823848, 11.351967992330117 ], [ 6.834607510995966, 11.353633614461842 ], [ 6.837581837016899, 11.356251021240212 ], [ 6.844541759745823, 11.360355592029066 ], [ 6.858937498527041, 11.363151457928723 ], [ 6.862863610194665, 11.363389404090412 ], [ 6.868038937711049, 11.364103242575425 ], [ 6.873184979207565, 11.364697497979193 ], [ 6.87460239217063, 11.365688095652274 ], [ 6.876643218557263, 11.365746083691647 ], [ 6.877891038405096, 11.366200470000422 ], [ 6.879174509277163, 11.367318954760378 ], [ 6.879851895737374, 11.369031627924073 ], [ 6.881527537875911, 11.372981220607585 ], [ 6.882863997784, 11.374239922462834 ], [ 6.885484904564748, 11.378713275502264 ], [ 6.88741011087285, 11.381579260449598 ], [ 6.887837935163532, 11.382348177972005 ], [ 6.889442273253621, 11.383641352850645 ], [ 6.891759649828145, 11.383396697684418 ], [ 6.893403035944743, 11.382256924909996 ], [ 6.895289194226336, 11.381264702235853 ], [ 6.897749178897755, 11.381299653259589 ], [ 6.897991356062334, 11.384070064141952 ], [ 6.91101538991154, 11.385044481804016 ], [ 6.919288059532391, 11.384913448714997 ], [ 6.92396756871193, 11.382524837092035 ] ] ] ] } },
{ "type": "Feature", "properties": { "fid": 218.0, "OBJECTID": 218.0, "lganame": "Chikun", "statecode": "KD", "LGA_UID": "18_02" }, "geometry": { "type": "MultiPolygon", "coordinates": [ [ [ [ 6.858634897321451, 10.794062837259787 ], [ 6.858074128940416, 10.78988598642178 ], [ 6.858966425546726, 10.786971146441317 ], [ 6.86113295201875, 10.783463931058293 ], [ 6.863562458669492, 10.78215116516634 ], [ 6.866228833481159, 10.781754722897006 ], [ 6.869935531999715, 10.780080464759408 ], [ 6.871795394263359, 10.779105455096953 ], [ 6.874841104332802, 10.77848679467661 ], [ 6.879409669436939, 10.777011528674223 ], [ 6.880599400245274, 10.775107961380854 ], [ 6.883213104021195, 10.773105253020105 ], [ 6.88516796534941, 10.771491179923373 ], [ 6.88607215996376, 10.770253860082676 ], [ 6.887547425966147, 10.768493058886293 ], [ 6.888260414450599, 10.766320088409884 ], [ 6.890164832744574, 10.765399759784543 ], [ 6.891116617391219, 10.764067260879187 ], [ 6.89273760749262, 10.763023741170173 ], [ 6.895697656503842, 10.76211002754934 ], [ 6.898122804151626, 10.762262313652798 ], [ 6.901549227479734, 10.761348601032012 ], [ 6.903787824000744, 10.759429802728278 ], [ 6.90558294722041, 10.758876864352544 ], [ 6.908299635066271, 10.756781311928705 ], [ 6.911285030094746, 10.755461814032174 ], [ 6.916902365911426, 10.75074619282816 ], [ 6.918350477895387, 10.748557895341321 ], [ 6.918636014089373, 10.745188578052023 ], [ 6.921166359808637, 10.741904115820375 ], [ 6.921301961900781, 10.736728404303733 ], [ 6.922307045583693, 10.734398435720607 ], [ 6.92327323024017, 10.732293784290619 ], [ 6.924408586011566, 10.730743584237302 ], [ 6.927058353811958, 10.724073478705293 ], [ 6.927926381401733, 10.718956686228694 ], [ 6.932832370735127, 10.716230012376002 ], [ 6.933048874882218, 10.716279631409748 ], [ 6.942277872152886, 10.697601752718981 ], [ 7.007576667520368, 10.66319307833993 ], [ 7.006079378503046, 10.657325764353345 ], [ 7.010417715450728, 10.633265564005569 ], [ 7.01111342692343, 10.63040797106396 ], [ 7.00966127193675, 10.608677012298813 ], [ 7.017501124263561, 10.5944705486462 ], [ 7.017786340457349, 10.590779204138073 ], [ 7.015409542842463, 10.589470869249169 ], [ 7.014886647487174, 10.587414901852242 ], [ 7.017501124263561, 10.580078724867633 ], [ 7.017168373037464, 10.577742326280145 ], [ 7.015457078874761, 10.575452637724425 ], [ 7.015266934745569, 10.574564795121148 ], [ 7.017453588231263, 10.570966668676419 ], [ 7.017596196328157, 10.563443177564579 ], [ 7.019213587427089, 10.560245035391574 ], [ 7.104421962322192, 10.556582347902918 ], [ 7.109321502651198, 10.584903568145876 ], [ 7.110597006517878, 10.589289422125887 ], [ 7.11033525933999, 10.608464263154247 ], [ 7.111432640085638, 10.612615470974845 ], [ 7.111836531360041, 10.614435039211116 ], [ 7.117492761203209, 10.640652921024923 ], [ 7.123555320322396, 10.666864485834481 ], [ 7.12856116872365, 10.708971827444429 ], [ 7.129203435160036, 10.714374336115213 ], [ 7.150044832320816, 10.719080115312522 ], [ 7.155930066319513, 10.720408941215396 ], [ 7.188184392234859, 10.726181110137361 ], [ 7.192660551276163, 10.722698023770761 ], [ 7.212645955855294, 10.693007612597512 ], [ 7.212676097875772, 10.692951180559135 ], [ 7.263554547445324, 10.657518475484324 ], [ 7.279889946544472, 10.652749248243822 ], [ 7.280300034823085, 10.652814442288104 ], [ 7.284698692811787, 10.653093749477932 ], [ 7.292623309196188, 10.649942977337105 ], [ 7.294566536516527, 10.649530708057 ], [ 7.303850518824561, 10.636058248903112 ], [ 7.31061085341787, 10.627190916878135 ], [ 7.307671748420887, 10.594252379497959 ], [ 7.293076646504176, 10.586990383563773 ], [ 7.286387615959313, 10.587231837727813 ], [ 7.279846042514635, 10.585280949402318 ], [ 7.275229146377683, 10.580367788064052 ], [ 7.274764401061873, 10.579720554624259 ], [ 7.272281482374865, 10.573990137730732 ], [ 7.254783799486006, 10.559178176666705 ], [ 7.248851197455053, 10.542214602140746 ], [ 7.245006656842918, 10.536561076299449 ], [ 7.243482817807546, 10.536483572246766 ], [ 7.242570440187592, 10.535509548584969 ], [ 7.242035659824239, 10.533640161314793 ], [ 7.241025521137885, 10.53323123103695 ], [ 7.239718283249715, 10.533873835473571 ], [ 7.238382342341993, 10.533830702444277 ], [ 7.237698004877018, 10.532588624600351 ], [ 7.238113945159625, 10.531361827766773 ], [ 7.239302342967108, 10.530076606893545 ], [ 7.240550161814895, 10.529433995456941 ], [ 7.24138204138012, 10.528148765583637 ], [ 7.242451600106847, 10.527214050948544 ], [ 7.244353038398799, 10.526454593432561 ], [ 7.245600856246654, 10.526571432511957 ], [ 7.246967515175186, 10.527038790829465 ], [ 7.248037072901923, 10.526688271591297 ], [ 7.248155912982668, 10.525519871797428 ], [ 7.248334173103785, 10.524176206884476 ], [ 7.249047211588277, 10.523825683646351 ], [ 7.250592130637983, 10.523884104686033 ], [ 7.252299766798217, 10.523741999589447 ], [ 7.253384866535498, 10.523884104686033 ], [ 7.254692106423704, 10.522774114931849 ], [ 7.256771802836738, 10.519619384788371 ], [ 7.256118184392676, 10.518275693875353 ], [ 7.255702245110058, 10.516347778565432 ], [ 7.258613821088318, 10.516347778565432 ], [ 7.262930862021562, 10.516508257674502 ], [ 7.271700966980404, 10.516834271896016 ], [ 7.285263042195197, 10.518139981783179 ], [ 7.286065829740664, 10.518217271835681 ], [ 7.285493915352106, 10.515072763699152 ], [ 7.287670167830754, 10.504020523189638 ], [ 7.287254228548136, 10.501157725244525 ], [ 7.286586580094479, 10.500555963835666 ], [ 7.285828149579174, 10.499872378371208 ], [ 7.285531050377301, 10.498119624180276 ], [ 7.286875940291111, 10.496711506223505 ], [ 7.287262150553545, 10.491580206737069 ], [ 7.287889625979858, 10.490738863165404 ], [ 7.289030487755042, 10.489504889326952 ], [ 7.289600920142618, 10.488326999526635 ], [ 7.291160053201963, 10.487087492684452 ], [ 7.291312214305322, 10.48911226006021 ], [ 7.292742500277143, 10.491858534926166 ], [ 7.294191212261467, 10.492888213625747 ], [ 7.296332009716082, 10.493543332070885 ], [ 7.299535820892913, 10.495816676615505 ], [ 7.303234229405803, 10.498423046386449 ], [ 7.306143429382473, 10.50016177556779 ], [ 7.309451930630416, 10.501451796444314 ], [ 7.311961828335768, 10.502012671825412 ], [ 7.315954848048875, 10.501003094139435 ], [ 7.320803514343311, 10.499264367958062 ], [ 7.325424008482685, 10.496572129128822 ], [ 7.330957192242238, 10.494609022794975 ], [ 7.333923435257645, 10.492589815423003 ], [ 7.337117851428104, 10.49135584858459 ], [ 7.340891048991807, 10.491412944623391 ], [ 7.34836439306963, 10.491526032700222 ], [ 7.35137863411768, 10.491131490432167 ], [ 7.357710422419814, 10.490570594051064 ], [ 7.364213339838216, 10.489504889326952 ], [ 7.367578885124942, 10.489785337517503 ], [ 7.370431041062886, 10.48972924947941 ], [ 7.373910673427133, 10.489953607631833 ], [ 7.378020022219232, 10.490143011760551 ], [ 7.384264375461953, 10.486564530329133 ], [ 7.386480151967476, 10.484769959109826 ], [ 7.387656666766873, 10.481720012037499 ], [ 7.390475993682458, 10.48101219455657 ], [ 7.391007951043889, 10.480878642465825 ], [ 7.393432283691141, 10.481579782942219 ], [ 7.396270545619586, 10.482854512808331 ], [ 7.39842355908246, 10.484244107752488 ], [ 7.399197205608118, 10.482828980790998 ], [ 7.400547226525418, 10.480977969533342 ], [ 7.400908499770878, 10.479987020859994 ], [ 7.401288788029262, 10.478958674161333 ], [ 7.401650061274722, 10.477668561284759 ], [ 7.403190226321215, 10.476378442408134 ], [ 7.403133183282421, 10.475611846887318 ], [ 7.403985198861335, 10.474929345423561 ], [ 7.404313492084384, 10.47424202195657 ], [ 7.404599096278446, 10.473286472307336 ], [ 7.404599075278441, 10.472582848829234 ], [ 7.401877527429292, 10.471360994999031 ], [ 7.400908499770878, 10.470432609368231 ], [ 7.399129436562077, 10.468776508243025 ], [ 7.398863236381203, 10.46829971191903 ], [ 7.398658011241764, 10.4678089995856 ], [ 7.398562342176774, 10.467111263111519 ], [ 7.398360574039657, 10.463308678527881 ], [ 7.397899252726233, 10.456737342062979 ], [ 7.397838274684773, 10.454163850314387 ], [ 7.397905221730298, 10.452116002922992 ], [ 7.397944213756773, 10.451405334440096 ], [ 7.39808604485313, 10.44882034768375 ], [ 7.398261741972533, 10.445618077507959 ], [ 7.398828212357387, 10.444921530034662 ], [ 7.399559472854264, 10.444369899659876 ], [ 7.40079936869671, 10.443582968125156 ], [ 7.401655016278085, 10.443314164942535 ], [ 7.403556453570047, 10.443208979871088 ], [ 7.404566593256391, 10.441092872433273 ], [ 7.405457891861943, 10.438258710507569 ], [ 7.405220211700453, 10.436447172276758 ], [ 7.404803779417534, 10.435273932479561 ], [ 7.40565942599892, 10.435414180574867 ], [ 7.406543594599668, 10.435540404660628 ], [ 7.407798543452316, 10.435624553717787 ], [ 7.408397495859276, 10.435554429670162 ], [ 7.409114628346572, 10.435542329661928 ], [ 7.409188403396683, 10.435818765849774 ], [ 7.409427124558874, 10.435816227848022 ], [ 7.409664804720364, 10.43576947781628 ], [ 7.409826426830193, 10.435629228720984 ], [ 7.410237740109665, 10.435721252783537 ], [ 7.41027326513381, 10.435825577854416 ], [ 7.410514222297536, 10.435858408876697 ], [ 7.410777146476164, 10.435816227848022 ], [ 7.4111194047087, 10.435713377778143 ], [ 7.411242997792669, 10.435657278740052 ], [ 7.411442648928357, 10.435704028771795 ], [ 7.411475824950855, 10.435902421906633 ], [ 7.411507911972649, 10.435997089970954 ], [ 7.411532867989649, 10.436109289047181 ], [ 7.411550694001733, 10.436179414094795 ], [ 7.411611303042946, 10.436210970116235 ], [ 7.411711128110767, 10.436196945106701 ], [ 7.411814519181007, 10.436260057149582 ], [ 7.411942194267738, 10.436335995201205 ], [ 7.412074778357805, 10.436389787237772 ], [ 7.41223877746927, 10.436330181197263 ], [ 7.412399210578258, 10.436284600166289 ], [ 7.412481209633995, 10.436242526137676 ], [ 7.412545383677582, 10.43625655014722 ], [ 7.412627382733319, 10.436319662190101 ], [ 7.41272720880113, 10.436452898280606 ], [ 7.412859120890744, 10.43650198531401 ], [ 7.412998163985208, 10.436554579349718 ], [ 7.413040946014291, 10.436607172385436 ], [ 7.413147902086962, 10.436684309437851 ], [ 7.413212076130549, 10.436694827445024 ], [ 7.413265554166912, 10.436638728406876 ], [ 7.413294075186286, 10.436526529330649 ], [ 7.41333685721537, 10.4364353672687 ], [ 7.413472335307404, 10.436494973309209 ], [ 7.413558688366095, 10.436563280355642 ], [ 7.413718333474549, 10.436617691392598 ], [ 7.41383598455451, 10.436722877464092 ], [ 7.413878766583537, 10.43676845849501 ], [ 7.413918874610829, 10.436857328555448 ], [ 7.414045437696814, 10.437003188654501 ], [ 7.414167547779755, 10.437154140757116 ], [ 7.414584676063214, 10.437522292007259 ], [ 7.414745110172191, 10.437652022095392 ], [ 7.414816414220638, 10.437725652145389 ], [ 7.414892874272596, 10.437759823168619 ], [ 7.414958423317159, 10.437894093259843 ], [ 7.414955456315113, 10.438020173345535 ], [ 7.415005369349046, 10.438097309397904 ], [ 7.414991108339336, 10.438209507474141 ], [ 7.414998239344186, 10.438325211552751 ], [ 7.41513371643623, 10.438356182573841 ], [ 7.415243642510916, 10.438324042551983 ], [ 7.415350598583586, 10.438332807557913 ], [ 7.41550211968655, 10.43835326057183 ], [ 7.415591249747138, 10.438376635587701 ], [ 7.415683350809672, 10.438385400593688 ], [ 7.415769508868209, 10.438440915631418 ], [ 7.415849725922726, 10.438540257698889 ], [ 7.415891319951015, 10.438624990756466 ], [ 7.415923350972776, 10.438763505850602 ], [ 7.416051754059993, 10.438829518895432 ], [ 7.416188109152642, 10.438939524970181 ], [ 7.416761178542004, 10.439644625449262 ], [ 7.416880934623407, 10.439936680647691 ], [ 7.416934991660128, 10.440160278799624 ], [ 7.416940081663597, 10.44037223794362 ], [ 7.41694899466961, 10.440535859054819 ], [ 7.416975733687821, 10.440705324169926 ], [ 7.417020298718057, 10.440851414269218 ], [ 7.417041095732202, 10.440950755336701 ], [ 7.417118550784835, 10.441041631398434 ], [ 7.417266891885617, 10.441096845435993 ], [ 7.417364934952218, 10.441184499495535 ], [ 7.417338195934065, 10.441383181630499 ], [ 7.417466958021578, 10.441460278682882 ], [ 7.417561020085486, 10.441532193731746 ], [ 7.417647179144012, 10.441792232908483 ], [ 7.417720127193604, 10.441949272015165 ], [ 7.417724425196525, 10.442078569102989 ], [ 7.417798700246976, 10.442204206188364 ], [ 7.417899714315581, 10.442227581204236 ], [ 7.418039351410471, 10.442303547255847 ], [ 7.418108908457725, 10.442407595326586 ], [ 7.41805420642055, 10.442537290414691 ], [ 7.418018554396326, 10.442657084496091 ], [ 7.41805420642055, 10.442756423563594 ], [ 7.418146307483141, 10.442779798579465 ], [ 7.418244349549752, 10.442806094597302 ], [ 7.418348334620418, 10.442917122672782 ], [ 7.418388134647444, 10.443008453734819 ], [ 7.418410724662806, 10.443147943829615 ], [ 7.418452318691095, 10.443244361895097 ], [ 7.418490941717323, 10.443329093952684 ], [ 7.418577100775849, 10.443405060004295 ], [ 7.418615723802077, 10.443498557067812 ], [ 7.418711304867031, 10.443617599148695 ], [ 7.418743059888641, 10.443693911200569 ], [ 7.418841519955492, 10.443817031284198 ], [ 7.418946479026829, 10.443983393397275 ], [ 7.419052461098829, 10.444132583498629 ], [ 7.41916833017757, 10.444442290709048 ], [ 7.41916694717662, 10.444532756770514 ], [ 7.419504052405671, 10.444553317784482 ], [ 7.420327017964837, 10.444585456806294 ], [ 7.42149164875616, 10.444600065816246 ], [ 7.422757292616097, 10.444567926794434 ], [ 7.423437652078348, 10.44453870877453 ], [ 7.423663447231775, 10.444518256760659 ], [ 7.425104381210815, 10.444459820720965 ], [ 7.42596932379854, 10.444527981767294 ], [ 7.43183950878705, 10.444243705574138 ], [ 7.432329678120084, 10.444451908715564 ], [ 7.432852346475215, 10.446043575797034 ], [ 7.433528925934922, 10.448106761198858 ], [ 7.433940260214399, 10.44949310914086 ], [ 7.433997936253604, 10.449793916345243 ], [ 7.434736635755485, 10.452775075370766 ], [ 7.435060539975552, 10.454674988661679 ], [ 7.436126239699661, 10.459573025989641 ], [ 7.436881331212703, 10.460749774789235 ], [ 7.437138025387128, 10.460953119927353 ], [ 7.437613983710548, 10.462652974082346 ], [ 7.438262850151375, 10.462463653953705 ], [ 7.43855285934842, 10.462881145237361 ], [ 7.438876063568046, 10.463045637349126 ], [ 7.439097105718247, 10.463648652758877 ], [ 7.439539190018593, 10.464560188378186 ], [ 7.439902840265688, 10.465191248807002 ], [ 7.439833440218536, 10.465585924075128 ], [ 7.439917101275398, 10.466257037531136 ], [ 7.440180925454627, 10.466509460702639 ], [ 7.440437618629062, 10.466979248021858 ], [ 7.440337793561241, 10.467484093364874 ], [ 7.440245099498213, 10.46878126024626 ], [ 7.440159534440113, 10.469342195627348 ], [ 7.440126489417651, 10.469985330064333 ], [ 7.440575473722731, 10.470898785684994 ], [ 7.440613501748544, 10.471581253148713 ], [ 7.440623009755029, 10.47245069473945 ], [ 7.440468922650325, 10.472635941865292 ], [ 7.440613501748544, 10.473245343279359 ], [ 7.440894404939399, 10.4736530915564 ], [ 7.441025129028219, 10.47362738253895 ], [ 7.441186751138048, 10.473594661516699 ], [ 7.441212896155832, 10.473676463572303 ], [ 7.441205765150983, 10.473781637643754 ], [ 7.441205765150983, 10.47385409069301 ], [ 7.441198635146122, 10.47390550872791 ], [ 7.441210519154197, 10.473935892748557 ], [ 7.441193881142908, 10.473980298778713 ], [ 7.441189128139683, 10.474050414826365 ], [ 7.441167736125124, 10.474104170862915 ], [ 7.441172490128338, 10.474153251896269 ], [ 7.44114634511061, 10.474214018937516 ], [ 7.441096433076666, 10.474337890021673 ], [ 7.44086414791883, 10.474618059212048 ], [ 7.440699066806701, 10.474769194314774 ], [ 7.440765616851934, 10.47521793361966 ], [ 7.441088862071524, 10.475376861727625 ], [ 7.440993790006928, 10.475900391083371 ], [ 7.440993790006928, 10.476236944312006 ], [ 7.441126891097383, 10.477040931858312 ], [ 7.441412106291182, 10.477620550252141 ], [ 7.441231470168418, 10.477919707455385 ], [ 7.44094625397463, 10.478321698728507 ], [ 7.441393092278247, 10.479060241230343 ], [ 7.441221963161979, 10.47949027752253 ], [ 7.44130752722009, 10.479714643674924 ], [ 7.441535700375141, 10.479985753859182 ], [ 7.441526193368702, 10.480312954081455 ], [ 7.44149537334772, 10.480755182381927 ], [ 7.441659293459111, 10.480883218468932 ], [ 7.441535700375141, 10.481060839589645 ], [ 7.44133604923951, 10.481313250761104 ], [ 7.441221963161979, 10.481724587040617 ], [ 7.441001900012452, 10.482415332509959 ], [ 7.441079355065085, 10.482995986904484 ], [ 7.441402599284686, 10.483285790101377 ], [ 7.441341753243364, 10.483621089329176 ], [ 7.440676249791181, 10.484350269824631 ], [ 7.440524134687848, 10.485023359281968 ], [ 7.44044807663613, 10.486014291955257 ], [ 7.440429062623252, 10.487042615653991 ], [ 7.440771321855777, 10.487996150301854 ], [ 7.441943808652411, 10.488883863905016 ], [ 7.442669857145745, 10.489464655299628 ], [ 7.444003766052106, 10.489847117559464 ], [ 7.444460111362162, 10.489417096267289 ], [ 7.445562945111476, 10.489361006229217 ], [ 7.446000755408932, 10.489907270600384 ], [ 7.446552721783974, 10.490577661055852 ], [ 7.447037589113393, 10.491096490408381 ], [ 7.444737045550312, 10.493817885257442 ], [ 7.445204644867999, 10.494724454873392 ], [ 7.447131118176969, 10.497296921621285 ], [ 7.449184670572265, 10.499484364107559 ], [ 7.451466396122612, 10.50066220990783 ], [ 7.45391925078917, 10.504924854804131 ], [ 7.457970452541758, 10.506657451981312 ], [ 7.462158304387231, 10.50870378837169 ], [ 7.463252856130907, 10.511035659956121 ], [ 7.464299818842278, 10.514462084284219 ], [ 7.464907164254953, 10.516969223987701 ], [ 7.465761823835635, 10.518287562883415 ], [ 7.468807534905068, 10.522189878534903 ], [ 7.469915346657785, 10.524360641009821 ], [ 7.470901460327809, 10.527139157897693 ], [ 7.471377351651142, 10.528424066770697 ], [ 7.472567083459523, 10.530565581225801 ], [ 7.473471278073873, 10.532231204357515 ], [ 7.4754466964161, 10.537998667276213 ], [ 7.475214720258464, 10.539648380397125 ], [ 7.47504834514541, 10.541120496397355 ], [ 7.475523704468401, 10.542125269080032 ], [ 7.476189206920594, 10.542826271556351 ], [ 7.476926015421213, 10.543574006064375 ], [ 7.478123124234571, 10.544128509441123 ], [ 7.478575221541746, 10.544985115023167 ], [ 7.47950321217229, 10.546198639847717 ], [ 7.48089519611807, 10.548054620108758 ], [ 7.481141066285147, 10.548337371300875 ], [ 7.481953283837015, 10.549271420935497 ], [ 7.482560820249773, 10.549970086410212 ], [ 7.483283685740957, 10.551325462331135 ], [ 7.483512603896486, 10.551754681622754 ], [ 7.48535668614943, 10.554847980724503 ], [ 7.486298548789421, 10.555529932187881 ], [ 7.487297960468425, 10.556923678134865 ], [ 7.487395487534741, 10.557749931696264 ], [ 7.487221726416635, 10.561031094925681 ], [ 7.487150423368178, 10.56239796485437 ], [ 7.487053292302221, 10.562539201950358 ], [ 7.488529780305385, 10.563792916802186 ], [ 7.494321134240352, 10.565327101844616 ], [ 7.496936404017333, 10.564873850536628 ], [ 7.497230857217403, 10.564929831574659 ], [ 7.502077479510433, 10.563153759367935 ], [ 7.506498322514176, 10.560723769716844 ], [ 7.517288982845912, 10.559555498923089 ], [ 7.52075910720373, 10.558620879288014 ], [ 7.521424609655924, 10.567686572447769 ], [ 7.521709824849665, 10.571565111083032 ], [ 7.527604282854725, 10.572172589495779 ], [ 7.528697608597554, 10.5705370693845 ], [ 7.530708430963841, 10.5706535614637 ], [ 7.535987529550709, 10.570680809482212 ], [ 7.547242695198065, 10.571757350213659 ], [ 7.547933062667141, 10.572862287964426 ], [ 7.549142330488792, 10.574399660008964 ], [ 7.550623250494993, 10.578367387704873 ], [ 7.551010075757858, 10.57900570613856 ], [ 7.559351154425201, 10.581740291996596 ], [ 7.564428319874878, 10.580333020040428 ], [ 7.573455632008518, 10.572800230922212 ], [ 7.575812708610044, 10.576135198188183 ], [ 7.597007240010726, 10.586677132350928 ], [ 7.597155052111191, 10.586929525522407 ], [ 7.602054000439807, 10.587787152105136 ], [ 7.619804401500346, 10.575923108044094 ], [ 7.619874053547676, 10.575920848042529 ], [ 7.621557141691255, 10.571826030260297 ], [ 7.622256626166518, 10.569745401846603 ], [ 7.624907491967633, 10.565549247995534 ], [ 7.636381195763477, 10.5681177047407 ], [ 7.643667597714284, 10.563662662713682 ], [ 7.647210723121646, 10.561496331241756 ], [ 7.651648037136624, 10.562409746862386 ], [ 7.651888268299842, 10.562259305760165 ], [ 7.661690354959887, 10.561281960096096 ], [ 7.668247872415407, 10.56205435162093 ], [ 7.67457755271613, 10.560355939466945 ], [ 7.679108501794701, 10.569674874798693 ], [ 7.679181935844611, 10.571454921008183 ], [ 7.679759684237126, 10.585459777523795 ], [ 7.692559947934342, 10.595349251243249 ], [ 7.694739391415169, 10.593051229681862 ], [ 7.697515931301666, 10.590365279856883 ], [ 7.698164642742427, 10.57775380828798 ], [ 7.699441273609864, 10.575851016995102 ], [ 7.70131438588254, 10.573059181098188 ], [ 7.705144651485057, 10.55017432154898 ], [ 7.705131857476317, 10.550140639526091 ], [ 7.699367005559395, 10.548950830717672 ], [ 7.695343876825859, 10.540946207278921 ], [ 7.69410754098584, 10.525965476100225 ], [ 7.698605780042158, 10.523153171189392 ], [ 7.698723495122181, 10.522889842010443 ], [ 7.699081416365345, 10.519011337375218 ], [ 7.698270173814137, 10.514027254988775 ], [ 7.698606357042593, 10.509977578237169 ], [ 7.702125605433764, 10.507099506281691 ], [ 7.702288319544323, 10.504978945840833 ], [ 7.71088955838843, 10.498545063469351 ], [ 7.710266036964754, 10.490505933007114 ], [ 7.71710442961114, 10.486121030027789 ], [ 7.717310015750854, 10.486123633029536 ], [ 7.729650815135813, 10.477522777185698 ], [ 7.730884418974028, 10.469007318399804 ], [ 7.714656265947724, 10.463469672637245 ], [ 7.71388139042125, 10.450936712121688 ], [ 7.707897717355593, 10.440035838715062 ], [ 7.699943614951167, 10.439584937408711 ], [ 7.691281940065949, 10.431839719146183 ], [ 7.692763878072867, 10.422646461899831 ], [ 7.692785165087344, 10.422468729779041 ], [ 7.693226570387253, 10.417986328733491 ], [ 7.69508092964719, 10.413275599532767 ], [ 7.695464796908027, 10.411923619614129 ], [ 7.679762296238948, 10.41180876553608 ], [ 7.673203941782845, 10.402432568165409 ], [ 7.668830634811343, 10.399440257132255 ], [ 7.66417211164611, 10.398692173623999 ], [ 7.658087510511905, 10.399066215878122 ], [ 7.650108915090868, 10.399844021406636 ], [ 7.64198631357192, 10.393393349023711 ], [ 7.632835290354251, 10.389550317412557 ], [ 7.6249097679692, 10.389181864162197 ], [ 7.616237860077035, 10.395188349243313 ], [ 7.605797970983645, 10.396354406035584 ], [ 7.596458697638013, 10.394702018912881 ], [ 7.594351326206208, 10.387567873065564 ], [ 7.601677399183927, 10.377471923205803 ], [ 7.604680707224531, 10.358516807326737 ], [ 7.606612923537341, 10.346555744199748 ], [ 7.607060910841767, 10.34628290701437 ], [ 7.607689088268557, 10.346416156104908 ], [ 7.609340752390779, 10.346745474328657 ], [ 7.610273500024562, 10.346869206412748 ], [ 7.611882016117477, 10.346764509341597 ], [ 7.613128852964621, 10.346421867108802 ], [ 7.613766549397894, 10.345917420766 ], [ 7.61407111960483, 10.345422493429737 ], [ 7.61449371189201, 10.345258787318528 ], [ 7.614996254233461, 10.344512587811494 ], [ 7.61515615434206, 10.342578562497408 ], [ 7.615116727315296, 10.341253003596762 ], [ 7.615043270265403, 10.340606590157563 ], [ 7.614893462163593, 10.339851889644763 ], [ 7.614486097886811, 10.338801880931328 ], [ 7.613595228281497, 10.337872940300201 ], [ 7.612481639524901, 10.336592028429834 ], [ 7.609694814631382, 10.333378804246649 ], [ 7.607684647265557, 10.332617375729285 ], [ 7.605752665952878, 10.331093451693846 ], [ 7.606697444594772, 10.329685201736993 ], [ 7.606753663632958, 10.32734289014553 ], [ 7.608031442501158, 10.320299346359775 ], [ 7.606826648682556, 10.316978677103521 ], [ 7.605788463977206, 10.313318639616682 ], [ 7.604144670860308, 10.309062729724985 ], [ 7.600684053508985, 10.308466898320148 ], [ 7.595579644040754, 10.309062729724985 ], [ 7.589610079984709, 10.308381779262334 ], [ 7.588822374449535, 10.301187652374267 ], [ 7.588061514932576, 10.297779884058855 ], [ 7.586316038746588, 10.289962169747071 ], [ 7.587789247747537, 10.282977749001475 ], [ 7.588645414329278, 10.281136681750581 ], [ 7.586755071044877, 10.280887153581034 ], [ 7.584246124340154, 10.280716902465315 ], [ 7.577832788982619, 10.281354855898826 ], [ 7.577246842584486, 10.282329715561161 ], [ 7.577034245440018, 10.283338798246803 ], [ 7.576608354150665, 10.283692370487017 ], [ 7.574425666667651, 10.283914989638276 ], [ 7.565421245549544, 10.287088284794379 ], [ 7.562530752585587, 10.289399678364873 ], [ 7.557858921411309, 10.289910421711909 ], [ 7.554917396412691, 10.284462442010238 ], [ 7.551024201767461, 10.281823543217229 ], [ 7.547217524180951, 10.279610255713408 ], [ 7.538196770051798, 10.275022906596519 ], [ 7.516555980347903, 10.231222468836222 ], [ 7.510552323268712, 10.194684101010068 ], [ 7.469264328215445, 10.187248455957899 ], [ 7.467951074323139, 10.186669721564726 ], [ 7.445110138803784, 10.184075504802024 ], [ 7.429790076394568, 10.159597008170067 ], [ 7.408494163924956, 10.139376815431376 ], [ 7.403314442405588, 10.130920945686 ], [ 7.399676487933789, 10.110955459120419 ], [ 7.399617488893682, 10.110631663900392 ], [ 7.387178786442178, 10.099017226008925 ], [ 7.384231487439649, 10.092872468833889 ], [ 7.371927673079767, 10.082268298628833 ], [ 7.358663448067318, 10.079738817910197 ], [ 7.351863384447029, 10.071330070196836 ], [ 7.344032764126496, 10.065183640020621 ], [ 7.334964751965174, 10.060258864674438 ], [ 7.322224617308848, 10.060227393653065 ], [ 7.317091464821146, 10.058989524812034 ], [ 7.309484958652888, 10.060196876632347 ], [ 7.300492286542749, 10.057723998952156 ], [ 7.295134067902097, 10.049132347114494 ], [ 7.288502216396068, 10.040537834274971 ], [ 7.287315663589879, 10.040534948272978 ], [ 7.283406257933621, 10.040525436266535 ], [ 7.278460025572883, 10.045414924588727 ], [ 7.273401737135998, 10.04662799841293 ], [ 7.26313448015992, 10.044151305730111 ], [ 7.254066943998907, 10.039226532383964 ], [ 7.250727176729697, 10.039417266513567 ], [ 7.240785121974568, 10.039984702899119 ], [ 7.232373714259381, 10.043349266185203 ], [ 7.229088306027109, 10.038420676836438 ], [ 7.226687908396173, 10.038840294121542 ], [ 7.222132206300785, 10.037260056047842 ], [ 7.216015816144989, 10.03740787514829 ], [ 7.213868617686046, 10.039984702899119 ], [ 7.207139492113924, 10.041666985042127 ], [ 7.200410365541813, 10.033255577326997 ], [ 7.188634395540589, 10.027367592326414 ], [ 7.179381847253921, 10.027367592326414 ], [ 7.175238455438659, 10.029301174640182 ], [ 7.16676473568117, 10.033255577326997 ], [ 7.156671046823021, 10.034096717898535 ], [ 7.1499419212509, 10.034937859470006 ], [ 7.138165951249675, 10.035778999041554 ], [ 7.124869790215541, 10.032964974129527 ], [ 7.123025416962378, 10.029891014040913 ], [ 7.112090587532691, 10.026526450754886 ], [ 7.10536146196057, 10.026526450754886 ], [ 7.103679179817505, 10.031573296183979 ], [ 7.100314616531477, 10.029891014040913 ], [ 7.09190320981628, 10.03241443575547 ], [ 7.085174084244159, 10.036620139613035 ], [ 7.064986705527815, 10.042508124613676 ], [ 7.058665473232793, 10.042849807845812 ], [ 7.033864021381419, 10.044190406756684 ], [ 7.018723488094111, 10.0383024217561 ], [ 7.008491547142, 10.044804986174256 ], [ 6.983395576090459, 10.04587268789976 ], [ 6.952273368944361, 10.047554970042768 ], [ 6.940497397943147, 10.061013222187 ], [ 6.926198006227423, 10.067742347759122 ], [ 6.91442203522621, 10.077836036617327 ], [ 6.906363009750464, 10.077836036617327 ], [ 6.901178837228031, 10.076381682629176 ], [ 6.892529488351215, 10.093015670931152 ], [ 6.882088184256872, 10.11711120630298 ], [ 6.88226380337619, 10.118955077555768 ], [ 6.883739794379039, 10.134451882085159 ], [ 6.88530111343988, 10.150844574223186 ], [ 6.888347625509823, 10.153129577775758 ], [ 6.894938945988315, 10.158073425134887 ], [ 6.900974101088934, 10.165205910981058 ], [ 6.903774260991497, 10.168515205229539 ], [ 6.905458927136181, 10.170948028882549 ], [ 6.911003112903188, 10.178956032323583 ], [ 6.915019034631825, 10.18859481787274 ], [ 6.916747418806153, 10.189242818313005 ], [ 6.921444415997541, 10.191003798509485 ], [ 6.923635006485938, 10.189126015233626 ], [ 6.927066802817706, 10.186184883235285 ], [ 6.928672790908877, 10.180562973415476 ], [ 6.932677748630056, 10.180562973415476 ], [ 6.936705112366496, 10.180562973415476 ], [ 6.939917563549216, 10.180562973415476 ], [ 6.942327023186294, 10.180562973415476 ], [ 6.947035954385797, 10.185271437614631 ], [ 6.947146416460839, 10.185381888689676 ], [ 6.954472542438623, 10.19199848218534 ], [ 6.959194182646741, 10.202248573149802 ], [ 6.959792271053118, 10.204042659368781 ], [ 6.960800647738267, 10.207067490424038 ], [ 6.965619564012513, 10.215099334881302 ], [ 6.967226028103994, 10.222328185792946 ], [ 6.967269711133667, 10.2224701528894 ], [ 6.970438957287058, 10.232769965887655 ], [ 6.974681337169557, 10.236588209481965 ], [ 6.978470801744322, 10.2399988167993 ], [ 6.982486725472938, 10.244014739527927 ], [ 6.984092711564131, 10.2399988167993 ], [ 6.984889030105194, 10.236814498635738 ], [ 6.987305640747138, 10.236785888616282 ], [ 6.989052067933756, 10.239004105123456 ], [ 6.990495204914339, 10.24083709736891 ], [ 6.996140956750367, 10.244817734073536 ], [ 7.002566338116083, 10.247227668710991 ], [ 7.002895832339959, 10.2449188231422 ], [ 7.003369330661712, 10.241604804890528 ], [ 7.008188724936247, 10.24240779943608 ], [ 7.00912904657514, 10.247109412630607 ], [ 7.009515945838018, 10.249045015945796 ], [ 7.009794712027428, 10.250439643893344 ], [ 7.013609011619053, 10.258557836409295 ], [ 7.017127991010057, 10.266047478498137 ], [ 7.019433021576219, 10.273732184719563 ], [ 7.024682926143271, 10.278982090286604 ], [ 7.025858878942302, 10.280158043085635 ], [ 7.032284260308018, 10.287386893997279 ], [ 7.040316104765282, 10.288992882088451 ], [ 7.045938491585446, 10.291402816725906 ], [ 7.049124766750367, 10.300962115221012 ], [ 7.049150943768154, 10.301040649274398 ], [ 7.049954414314072, 10.310679435823488 ], [ 7.050757407859635, 10.317104340188905 ], [ 7.046628475054263, 10.322609900929649 ], [ 7.04352855694799, 10.326743125738005 ], [ 7.033890724399555, 10.343609810198132 ], [ 7.029108047149919, 10.347267150683081 ], [ 7.024765015199023, 10.350588798940009 ], [ 7.020236492122137, 10.354051590292841 ], [ 7.00639295571608, 10.356166839730008 ], [ 7.003381251669794, 10.356627464043015 ], [ 7.000393866640024, 10.356550216990513 ], [ 6.996943951295918, 10.356460570929585 ], [ 6.99119854039219, 10.359333037881299 ], [ 6.988912105838665, 10.360476493658211 ], [ 6.986279488049945, 10.361455917323724 ], [ 6.977213859890298, 10.364830016616224 ], [ 6.96506071063277, 10.362796783234785 ], [ 6.960800647738267, 10.362083434750048 ], [ 6.951178551200485, 10.360799788877898 ], [ 6.948752879552387, 10.360476493658211 ], [ 6.941671290740771, 10.360870167925725 ], [ 6.940587044004076, 10.360930442966662 ], [ 6.934295176729051, 10.36127948820382 ], [ 6.930211066954087, 10.365772247256473 ], [ 6.927470064091722, 10.368787714305313 ], [ 6.926263332271787, 10.370115280207358 ], [ 6.924767971255733, 10.375723839018065 ], [ 6.923050880089079, 10.382163048393238 ], [ 6.928428172742713, 10.403036117575482 ], [ 6.931773745015846, 10.412593993069606 ], [ 6.938311100457668, 10.433567047319855 ], [ 6.946342944914932, 10.450433730779935 ], [ 6.954374790372185, 10.462481498965815 ], [ 6.954133034207928, 10.468047141747434 ], [ 6.953519820791314, 10.482178688349165 ], [ 6.947949409006469, 10.491395949611842 ], [ 6.935901641820578, 10.50023174261537 ], [ 6.930015469821171, 10.510882831852257 ], [ 6.929857847714118, 10.511053258968047 ], [ 6.929557176509775, 10.511146953031755 ], [ 6.927460218085002, 10.511435215227607 ], [ 6.926922459719606, 10.511582742327846 ], [ 6.925922095039937, 10.511521272286075 ], [ 6.925252839585198, 10.511363639178967 ], [ 6.924304862941085, 10.511413132212567 ], [ 6.923451112361022, 10.512250701781682 ], [ 6.923603398464479, 10.512521960965955 ], [ 6.923922244681137, 10.512712318095339 ], [ 6.924523456089617, 10.513093825354531 ], [ 6.9251611515229, 10.513731519787825 ], [ 6.925505650756975, 10.514119907051736 ], [ 6.92578852794918, 10.515014249659373 ], [ 6.926191574223026, 10.515717954137529 ], [ 6.926364040340218, 10.516116733408467 ], [ 6.92641238837308, 10.516471766649715 ], [ 6.926615343510946, 10.516748745837901 ], [ 6.926657043539308, 10.516889124933243 ], [ 6.926622065515517, 10.517023232024371 ], [ 6.926590774494287, 10.517079854062843 ], [ 6.919034958360442, 10.530752182352558 ], [ 6.91260909999437, 10.537981033264202 ], [ 6.905256747998806, 10.540769577158926 ], [ 6.900235175586886, 10.5426740654529 ], [ 6.89573287952777, 10.544382094613468 ], [ 6.889317036168507, 10.546815872267075 ], [ 6.882088184256872, 10.550831794995702 ], [ 6.874302863967102, 10.553264617648722 ], [ 6.869102478433661, 10.555356979070382 ], [ 6.861205101067753, 10.550831794995702 ], [ 6.856386184793564, 10.537981033264202 ], [ 6.849157332881873, 10.530752182352558 ], [ 6.844625327802589, 10.528486627813209 ], [ 6.844338416607684, 10.528343200715767 ], [ 6.839519024333129, 10.531555175898177 ], [ 6.835503100604456, 10.537981033264202 ], [ 6.839519024333129, 10.549225806904531 ], [ 6.841125488424609, 10.557257652361784 ], [ 6.841652869782934, 10.567273140166833 ], [ 6.841928958970527, 10.572518348730682 ], [ 6.841384887600896, 10.574693680208725 ], [ 6.83871602978752, 10.585369110462182 ], [ 6.836068629988745, 10.593016623658343 ], [ 6.835101604331669, 10.595810889556901 ], [ 6.829479217511505, 10.599826813285517 ], [ 6.829791545723765, 10.604509354467098 ], [ 6.830282688057423, 10.611874580471408 ], [ 6.830090045926568, 10.614955901565054 ], [ 6.829479217511505, 10.624725342202908 ], [ 6.823499203448364, 10.631078719519735 ], [ 6.819104671462526, 10.635747909692213 ], [ 6.816628455780062, 10.638379097479969 ], [ 6.814443588295546, 10.639150620004216 ], [ 6.811096373021257, 10.640332087806939 ], [ 6.802974223502645, 10.643198966754881 ], [ 6.799229621958375, 10.642075538991548 ], [ 6.795904089698809, 10.641077620313524 ], [ 6.794942379045381, 10.640789032117425 ], [ 6.785304070496579, 10.639183044026254 ], [ 6.782283783444427, 10.639647484341822 ], [ 6.774862766402237, 10.640789032117425 ], [ 6.765357493943839, 10.643640518054895 ], [ 6.759899149235139, 10.645277942167411 ], [ 6.758701522421404, 10.644520067652479 ], [ 6.756368181836024, 10.643368540870085 ], [ 6.754712736711213, 10.642981066606808 ], [ 6.753931614180487, 10.643292397818357 ], [ 6.753170185663123, 10.642637571373427 ], [ 6.751057885227908, 10.642138738034475 ], [ 6.750345289743734, 10.642151209042936 ], [ 6.749469649148807, 10.642454828249242 ], [ 6.748807865699121, 10.642807842489105 ], [ 6.748603524560281, 10.642722279430984 ], [ 6.748427445440655, 10.642569994327516 ], [ 6.748162849260893, 10.642515742290641 ], [ 6.747961110123811, 10.642532438301998 ], [ 6.747624177894863, 10.642560992321421 ], [ 6.747484124799712, 10.642543087309207 ], [ 6.747275824658175, 10.642646652379597 ], [ 6.746733308289549, 10.642766577461089 ], [ 6.746464905107189, 10.642875079534804 ], [ 6.746287872986898, 10.642840815511533 ], [ 6.746053733827807, 10.642738023441666 ], [ 6.745836726680409, 10.642755156453291 ], [ 6.745325048332745, 10.64328434781288 ], [ 6.744228591587728, 10.643528003978417 ], [ 6.741807252942522, 10.6438782612164 ], [ 6.740939225352747, 10.643512775968077 ], [ 6.731720242088898, 10.642144110038146 ], [ 6.729607279653237, 10.64185857484415 ], [ 6.726637712635579, 10.642486752270941 ], [ 6.723182736288038, 10.642458199251564 ], [ 6.719780154976149, 10.643503329961675 ], [ 6.723270348347569, 10.65203158475623 ], [ 6.729535944604777, 10.659088799551284 ], [ 6.737840264247154, 10.67083143952982 ], [ 6.740505260057887, 10.677493931056688 ], [ 6.743598559159636, 10.684019603490583 ], [ 6.749261676007507, 10.695958547602515 ], [ 6.748786701684764, 10.700008663354367 ], [ 6.752779722397804, 10.70813599387651 ], [ 6.755251591077354, 10.711592380224999 ], [ 6.757818531821442, 10.715515795890781 ], [ 6.76057561669478, 10.720093051000788 ], [ 6.766850361958177, 10.730928726363118 ], [ 6.777878701451414, 10.735038708155628 ], [ 6.781871721164464, 10.742324447105943 ], [ 6.783678086391831, 10.746714488088799 ], [ 6.788461548641976, 10.747941294922384 ], [ 6.792197699180463, 10.750928310951906 ], [ 6.795299158287776, 10.753588480759333 ], [ 6.796600099171712, 10.754704317517508 ], [ 6.798117005202357, 10.76044476741788 ], [ 6.803295294720783, 10.767447146175641 ], [ 6.802914582462108, 10.771063926633076 ], [ 6.805109075953169, 10.777202828804207 ], [ 6.808542031285697, 10.78133741561345 ], [ 6.807033088260425, 10.787304648667885 ], [ 6.809305468804439, 10.791510595525665 ], [ 6.816821511911201, 10.791060151219597 ], [ 6.829875912781063, 10.790277784687987 ], [ 6.836480900268839, 10.793180727660399 ], [ 6.838585874699049, 10.79530638310473 ], [ 6.840420868945841, 10.796917897199648 ], [ 6.84286890460919, 10.806965742026705 ], [ 6.842932398652351, 10.807443084351007 ], [ 6.846225572889864, 10.812106827519813 ], [ 6.854130143260647, 10.811714217253041 ], [ 6.858634897321451, 10.794062837259787 ] ] ] ] } },
{ "type": "Feature", "properties": { "fid": 312.0, "OBJECTID": 312.0, "lganame": "Giwa", "statecode": "KD", "LGA_UID": "18_03" }, "geometry": { "type": "MultiPolygon", "coordinates": [ [ [ [ 7.472503996416663, 11.376015752669446 ], [ 7.47722996062771, 11.368308530432728 ], [ 7.477446342774726, 11.367529556903435 ], [ 7.482975800531733, 11.357613225165778 ], [ 7.489499211964073, 11.352181935475471 ], [ 7.4963585216247, 11.351569072059078 ], [ 7.501135884870678, 11.35356147341281 ], [ 7.503667172590553, 11.355344135624023 ], [ 7.505628031922868, 11.356462664384026 ], [ 7.510619305314208, 11.358000633429015 ], [ 7.520295246888566, 11.361600845875159 ], [ 7.521892454973795, 11.353547491403333 ], [ 7.521664282818733, 11.346948044919316 ], [ 7.521725196860132, 11.340404114473017 ], [ 7.522406867323298, 11.340415442480719 ], [ 7.524902505018986, 11.340205706338168 ], [ 7.529901387415464, 11.339158729626831 ], [ 7.534116550279464, 11.336529094840103 ], [ 7.537347652474864, 11.334978164786321 ], [ 7.538319003134859, 11.334511915469534 ], [ 7.544511082342069, 11.333424176730432 ], [ 7.550928434702371, 11.33139667835286 ], [ 7.555848406045243, 11.327271721550176 ], [ 7.562183877349923, 11.323247361815788 ], [ 7.569966581637914, 11.321398800559791 ], [ 7.573983846367412, 11.319052096965322 ], [ 7.577561338798148, 11.315480520538586 ], [ 7.58237421106827, 11.306570678484775 ], [ 7.585784596385508, 11.302741457882973 ], [ 7.593137927381747, 11.292017657596659 ], [ 7.599452006671868, 11.28260499720119 ], [ 7.601968253381528, 11.278897765682302 ], [ 7.605281316632613, 11.274388315618353 ], [ 7.60750208214148, 11.271802082861143 ], [ 7.607601520209073, 11.271854522896774 ], [ 7.618667561727932, 11.277690310861942 ], [ 7.621009647319283, 11.270390529902045 ], [ 7.622103463062444, 11.266056870957527 ], [ 7.623168943786425, 11.262943331842052 ], [ 7.623054857708894, 11.25677071664802 ], [ 7.622047097024165, 11.254066659810746 ], [ 7.620884984234578, 11.251592350129556 ], [ 7.619715883440222, 11.248897754298753 ], [ 7.618548449646994, 11.238233429052798 ], [ 7.618320278491979, 11.234951047822619 ], [ 7.618396334543661, 11.232862241403325 ], [ 7.618961419927587, 11.228479087425228 ], [ 7.620530104993406, 11.226963737395579 ], [ 7.622692992462987, 11.224469219700666 ], [ 7.62409530241581, 11.222977161686913 ], [ 7.624594427754971, 11.218687452772258 ], [ 7.624689499819567, 11.217708272106961 ], [ 7.62473743985214, 11.216336566174903 ], [ 7.623137854765275, 11.214369055838119 ], [ 7.6201241857176, 11.211586793947674 ], [ 7.617254742767955, 11.20893766014774 ], [ 7.617097012660793, 11.208792040048763 ], [ 7.615105127307402, 11.206448072456169 ], [ 7.612848122773869, 11.203792124651557 ], [ 7.612805079744646, 11.203741473617129 ], [ 7.610667777292463, 11.201226351908247 ], [ 7.610512443186906, 11.200429315366705 ], [ 7.609895316767563, 11.197262738215159 ], [ 7.607623719224136, 11.191746994467451 ], [ 7.605379401699224, 11.187528337601066 ], [ 7.601517108074972, 11.184438908501988 ], [ 7.602175906522632, 11.179865543394556 ], [ 7.602946600046266, 11.179391644072609 ], [ 7.60487552135686, 11.178205546266668 ], [ 7.607083191856873, 11.176578890161466 ], [ 7.612970297856918, 11.172903195663991 ], [ 7.614708253037747, 11.166635816405631 ], [ 7.619169742069118, 11.167647087092689 ], [ 7.62040796691042, 11.164564160997998 ], [ 7.62062716205935, 11.164018408627214 ], [ 7.622219385141193, 11.160980683563196 ], [ 7.622219299141136, 11.160971548557029 ], [ 7.623417084955008, 11.15948742854863 ], [ 7.624404530625895, 11.157517872210406 ], [ 7.627692058859623, 11.155974681161865 ], [ 7.62932793897113, 11.156272113363968 ], [ 7.632272521971856, 11.151513191130505 ], [ 7.633878657063121, 11.150204488241286 ], [ 7.634284274338768, 11.148071726792182 ], [ 7.639882432142429, 11.145091901767501 ], [ 7.643280315451136, 11.143283253538641 ], [ 7.646268593481523, 11.141692634457911 ], [ 7.649429773629379, 11.140009979314584 ], [ 7.645653194063414, 11.130755384026543 ], [ 7.643810872811628, 11.129173018951406 ], [ 7.64303871728697, 11.125683048580129 ], [ 7.643222120411565, 11.120524658075226 ], [ 7.638121364945846, 11.091707410495303 ], [ 7.639593615946183, 11.082124224983943 ], [ 7.640021420236849, 11.078059791222358 ], [ 7.640474297544586, 11.073757076298875 ], [ 7.63783656975238, 11.072981904772178 ], [ 7.636915561126557, 11.07333178700992 ], [ 7.635875712420045, 11.073973236445738 ], [ 7.635192382955779, 11.074614684881567 ], [ 7.634093114208838, 11.075372758396668 ], [ 7.632669466241566, 11.076024879839736 ], [ 7.63189457571508, 11.075926732773041 ], [ 7.631003277109471, 11.076509864169282 ], [ 7.630706177907598, 11.077092993565486 ], [ 7.629993360423271, 11.077256475676563 ], [ 7.629042419777136, 11.077238775664512 ], [ 7.628269961252272, 11.077909373120178 ], [ 7.627051852424643, 11.078754906694655 ], [ 7.626166738823258, 11.079189815990162 ], [ 7.624407664628052, 11.079017313872953 ], [ 7.622535937356304, 11.079338032090845 ], [ 7.621169279427704, 11.079892000467282 ], [ 7.620010589640458, 11.081029089239848 ], [ 7.619089581014634, 11.082049548933185 ], [ 7.617561135976132, 11.08395555922823 ], [ 7.614041988585086, 11.085867198527126 ], [ 7.600598681450947, 11.084378333515531 ], [ 7.593189621416855, 11.079946813504478 ], [ 7.587390236476438, 11.078174113300008 ], [ 7.580994550130868, 11.077257812677431 ], [ 7.575746580565124, 11.075130552232054 ], [ 7.570669742115683, 11.071323834645568 ], [ 7.56741828390642, 11.065837595917969 ], [ 7.559629243614154, 11.062405934586309 ], [ 7.549646694831495, 11.060353211191568 ], [ 7.544691348464539, 11.058858356175904 ], [ 7.539414857879422, 11.059138275366081 ], [ 7.534067064245846, 11.05857843598568 ], [ 7.526081025819735, 11.061027722649897 ], [ 7.516954123618405, 11.062847179886091 ], [ 7.51353153629293, 11.061377618887605 ], [ 7.510821987451948, 11.056968893892076 ], [ 7.504975066479233, 11.049410922756806 ], [ 7.50031297831157, 11.043514871750688 ], [ 7.495432281995363, 11.029941998528557 ], [ 7.505589467896641, 11.019579536487754 ], [ 7.509368576464396, 11.01251054068473 ], [ 7.510578132286241, 11.007613891357664 ], [ 7.510345763128328, 11.006761675778648 ], [ 7.509117787293974, 11.002258061718635 ], [ 7.51401705062284, 10.992017644760779 ], [ 7.517247558817814, 10.98998839438201 ], [ 7.518917603952502, 10.980425039884153 ], [ 7.52310972680084, 10.970596141205874 ], [ 7.516792602508644, 10.969982116788685 ], [ 7.507116316934116, 10.965714943889338 ], [ 7.506125537260914, 10.965278012592421 ], [ 7.49197883964888, 10.962925932994324 ], [ 7.483365326796388, 10.963541956412882 ], [ 7.479275503017561, 10.964327575946641 ], [ 7.473694042225247, 10.965399722675159 ], [ 7.462271630464215, 10.968744072947459 ], [ 7.451741143309278, 10.972026402177676 ], [ 7.439118866732997, 10.981340723506321 ], [ 7.432344995130507, 10.990207040530549 ], [ 7.430087038596298, 11.000589626584997 ], [ 7.425982572807527, 11.01460948311086 ], [ 7.408577855981832, 11.000292731383297 ], [ 7.40857460897962, 11.000290059381484 ], [ 7.376606396258751, 11.013912673637435 ], [ 7.376600016254372, 11.013915391639273 ], [ 7.366905684667529, 11.005519004934285 ], [ 7.366902682665511, 11.005516405932553 ], [ 7.353219282368286, 11.010973001640025 ], [ 7.343239299587367, 11.000196923318185 ], [ 7.339103673777402, 10.992357511991713 ], [ 7.332373205204362, 10.98816241314131 ], [ 7.325445635497374, 10.977518556909331 ], [ 7.315503095741917, 10.962254645538223 ], [ 7.309714766809009, 10.941955056745599 ], [ 7.276395229169964, 10.929166211056156 ], [ 7.26702217780138, 10.919011006156211 ], [ 7.261884927310859, 10.918156039575251 ], [ 7.258022202686334, 10.91602868212982 ], [ 7.247339578428011, 10.895797407383611 ], [ 7.243875670074431, 10.889680400227405 ], [ 7.243831360044339, 10.889609433179203 ], [ 7.242904429414523, 10.888207700226758 ], [ 7.225502562590805, 10.866563598520656 ], [ 7.223451336197058, 10.865461143771597 ], [ 7.217380307072062, 10.854452569291766 ], [ 7.215653319898706, 10.852095513690244 ], [ 7.210172817174964, 10.838185800239273 ], [ 7.208123424782457, 10.834763981914307 ], [ 7.208042031727189, 10.831845244931174 ], [ 7.207642252455514, 10.825770063803361 ], [ 7.206582845735738, 10.809671000864796 ], [ 7.207991657692958, 10.789047409852003 ], [ 7.205603823070533, 10.750340321552358 ], [ 7.205593976063824, 10.750334991548755 ], [ 7.195117680945657, 10.737032110510086 ], [ 7.188184392234859, 10.726181110137361 ], [ 7.155930066319513, 10.720408941215396 ], [ 7.150044832320816, 10.719080115312522 ], [ 7.129203435160036, 10.714374336115213 ], [ 7.030059230796212, 10.778032609367983 ], [ 7.018529431962293, 10.785603687512207 ], [ 6.996009111660783, 10.796133818666931 ], [ 6.952670023213898, 10.894291998360757 ], [ 6.965636328023891, 10.900236736399961 ], [ 6.975856555968051, 10.912839609962987 ], [ 6.98560142458922, 10.912606227804417 ], [ 6.997485410663842, 10.927542286952814 ], [ 6.997485410663842, 10.933843211233977 ], [ 7.041456160539894, 10.939443921039413 ], [ 7.049774951192148, 10.931042817331218 ], [ 7.06712557198108, 10.930109345696962 ], [ 7.07235452553391, 10.912606227804417 ], [ 7.096597858006078, 10.88599951472645 ], [ 7.11371079763353, 10.903970976937217 ], [ 7.123803026490748, 10.923592684269238 ], [ 7.12935296526166, 10.931243733467738 ], [ 7.131259004556739, 10.941536560461259 ], [ 7.136024103794398, 10.952049183604061 ], [ 7.133893825346945, 10.956837533857538 ], [ 7.131202944518634, 10.963552100419747 ], [ 7.129128725109297, 10.970156442907125 ], [ 7.12980144456634, 10.974504220861206 ], [ 7.132716564547081, 10.976815672431712 ], [ 7.133082492795666, 10.977867479146369 ], [ 7.134577914811757, 10.98216581106692 ], [ 7.143822345092929, 10.996098120533247 ], [ 7.146436821869315, 11.003564137606077 ], [ 7.144297704415919, 11.015696010849126 ], [ 7.141920906800976, 11.031793300786433 ], [ 7.143584664931439, 11.037158869432119 ], [ 7.15023969845322, 11.044390566345726 ], [ 7.151834932537099, 11.053158296302968 ], [ 7.152616495068116, 11.057453825221558 ], [ 7.153091854391107, 11.067950665353692 ], [ 7.162812954996127, 11.092068644740721 ], [ 7.161554182140833, 11.130866607102121 ], [ 7.173025531935082, 11.134899700842425 ], [ 7.181891440959077, 11.140368461558182 ], [ 7.185864448658549, 11.141995429663609 ], [ 7.200134120354107, 11.151632616211657 ], [ 7.200276175450654, 11.151728553276826 ], [ 7.201024748959242, 11.153385119402401 ], [ 7.20007403031326, 11.1731590128378 ], [ 7.206467072657063, 11.185571825271722 ], [ 7.219711440655999, 11.194185952124656 ], [ 7.218499274832368, 11.199851631974184 ], [ 7.216217549282078, 11.200061470116793 ], [ 7.211368882987585, 11.202439621732594 ], [ 7.20873063819505, 11.207895309439493 ], [ 7.206567343725169, 11.215498055605224 ], [ 7.202741109125441, 11.222163542134069 ], [ 7.200578222655849, 11.228504752442632 ], [ 7.199746344090613, 11.234566072560995 ], [ 7.199746344090613, 11.238762297412165 ], [ 7.199033304606189, 11.243424696580064 ], [ 7.196520381898722, 11.249404871643264 ], [ 7.195329320089456, 11.252239283569111 ], [ 7.194785907720245, 11.25756120718512 ], [ 7.209957299028531, 11.261107233594487 ], [ 7.215126832540932, 11.269965040612931 ], [ 7.222121765293707, 11.276117560793296 ], [ 7.227398254878835, 11.278634939503775 ], [ 7.232832503571103, 11.276807744262271 ], [ 7.232833508571787, 11.276807407262027 ], [ 7.232893741612713, 11.276787154248268 ], [ 7.234885165965807, 11.276117560793296 ], [ 7.238450576388345, 11.275771876558451 ], [ 7.240615267859141, 11.275064185077611 ], [ 7.243916996102541, 11.273984765344153 ], [ 7.249561889937979, 11.272935842631455 ], [ 7.252297080796382, 11.272885230597069 ], [ 7.252711146077729, 11.272877568591866 ], [ 7.257048801024951, 11.275150229136045 ], [ 7.2584619369851, 11.276497136051205 ], [ 7.260497912368464, 11.278528409431374 ], [ 7.260562626412423, 11.278499374411638 ], [ 7.262695812861864, 11.277542304761369 ], [ 7.265652729870908, 11.27811650815147 ], [ 7.26779184832435, 11.27727738258136 ], [ 7.270197230958729, 11.27541222231406 ], [ 7.27328225005482, 11.274410352633311 ], [ 7.275084485279365, 11.274799192897547 ], [ 7.276847446477234, 11.275179559155958 ], [ 7.280983074287178, 11.275669053488571 ], [ 7.283993013332292, 11.275450398340013 ], [ 7.289577098126415, 11.284328776372433 ], [ 7.291032393115245, 11.281904196725066 ], [ 7.293861905037716, 11.277190057522034 ], [ 7.297569709557024, 11.273647057114715 ], [ 7.301847944463873, 11.271409348594318 ], [ 7.306601538693712, 11.269358102200556 ], [ 7.320196818931095, 11.265069083286392 ], [ 7.329894152519955, 11.263483995209413 ], [ 7.341207707206991, 11.262365104449145 ], [ 7.35042968147286, 11.262738067702571 ], [ 7.357781908468382, 11.264257114734676 ], [ 7.358970306275864, 11.270457540947575 ], [ 7.360206240115588, 11.274373530608329 ], [ 7.36110942372926, 11.27833608530068 ], [ 7.363264386193464, 11.286513535856898 ], [ 7.364614404110739, 11.290343927459446 ], [ 7.364336013921559, 11.292840004155437 ], [ 7.364323138912823, 11.29860019706922 ], [ 7.364293098892404, 11.3112697596776 ], [ 7.366621017474131, 11.319359779174363 ], [ 7.366612912468611, 11.322810172518757 ], [ 7.370110034844743, 11.333200454578446 ], [ 7.373620034229646, 11.337840079730881 ], [ 7.376078419900011, 11.34189073248308 ], [ 7.377128123613204, 11.343620299658255 ], [ 7.380634784995834, 11.349410056592092 ], [ 7.382971763583726, 11.354029654730937 ], [ 7.383584089999772, 11.355241531554327 ], [ 7.383584210999857, 11.355241771554461 ], [ 7.388813018552582, 11.365590095585674 ], [ 7.38997840534438, 11.370207577723079 ], [ 7.389978622344529, 11.370208433723633 ], [ 7.392313004930656, 11.374830245863961 ], [ 7.397914129736364, 11.378042323046373 ], [ 7.405453073858723, 11.375336201207688 ], [ 7.40633009645461, 11.37530011918318 ], [ 7.415060262386305, 11.374940947939137 ], [ 7.415060492386488, 11.37494093793913 ], [ 7.418122764467171, 11.374814951853523 ], [ 7.4237978743231, 11.374139237394445 ], [ 7.427571579887172, 11.374046896331663 ], [ 7.429111744933664, 11.374494277635677 ], [ 7.433618151995518, 11.375053505015615 ], [ 7.440463327646512, 11.376004187661579 ], [ 7.447736560588339, 11.377079482392162 ], [ 7.45437011809554, 11.378406194293632 ], [ 7.467637231109904, 11.377682532801941 ], [ 7.46772441416914, 11.377658567785659 ], [ 7.472503996416663, 11.376015752669446 ] ] ] ] } },
{ "type": "Feature", "properties": { "fid": 344.0, "OBJECTID": 344.0, "lganame": "Kachia", "statecode": "KD", "LGA_UID": "18_08" }, "geometry": { "type": "MultiPolygon", "coordinates": [ [ [ [ 7.598341651917394, 10.100205029815982 ], [ 7.61667883637665, 10.094811369151273 ], [ 7.618687159741228, 10.094967350257264 ], [ 7.63730719439269, 10.038455082859798 ], [ 7.619908793571256, 10.044680866089948 ], [ 7.627317764605323, 10.016741799106683 ], [ 7.653635846487248, 10.017058403321755 ], [ 7.655555360791425, 10.017069992329652 ], [ 7.658249033621644, 10.01483282980962 ], [ 7.659126586217951, 10.013801024108545 ], [ 7.690560247575604, 10.004834011015873 ], [ 7.696961011924657, 10.013127605650993 ], [ 7.709197187238544, 10.022076802731533 ], [ 7.72052086293246, 10.020213041465183 ], [ 7.733630267839658, 10.013840219135147 ], [ 7.736070682497825, 10.012432738178859 ], [ 7.743079899260238, 9.983825443741523 ], [ 7.748075300654421, 9.978037581808962 ], [ 7.761543097805145, 9.988303200783946 ], [ 7.766380071091646, 9.995669862789271 ], [ 7.778142310083524, 9.998629488800191 ], [ 7.782787879239947, 9.999662473502042 ], [ 7.791604415230381, 10.003785008303112 ], [ 7.801979573279823, 9.999869334642597 ], [ 7.80584775990809, 10.018051015996207 ], [ 7.80403188367427, 10.024459160350261 ], [ 7.804506019996438, 10.025152338821215 ], [ 7.803904756587883, 10.028832803321905 ], [ 7.802898909904457, 10.033701142629752 ], [ 7.801935700249999, 10.038363120797328 ], [ 7.797990076569135, 10.051799624926787 ], [ 7.808320458588128, 10.0557225055922 ], [ 7.820333208750242, 10.068795186474517 ], [ 7.825983118589079, 10.070998857971801 ], [ 7.826054489637613, 10.070996355970067 ], [ 7.846335989417923, 10.070883158893196 ], [ 7.861307955590689, 10.069772739138671 ], [ 7.871997749853904, 10.068915921556538 ], [ 7.894583118199591, 10.067338938485022 ], [ 7.902759300754894, 10.08269029591554 ], [ 7.93558667505954, 10.104604895805494 ], [ 7.939533824741488, 10.106051001788046 ], [ 7.948952792141199, 10.130594236464049 ], [ 7.951874840126607, 10.131236840900669 ], [ 7.973763460998896, 10.117874211821402 ], [ 7.99851095381365, 10.118081542962273 ], [ 7.997476563110808, 10.099871542589426 ], [ 7.997115094865251, 10.093508055265715 ], [ 7.98794371463373, 10.095420134564904 ], [ 7.980315970451045, 10.097204200777071 ], [ 7.979736675057438, 10.089018983215624 ], [ 7.982611385010671, 10.079614737825864 ], [ 7.984291214151995, 10.07690661598582 ], [ 7.994306209956733, 10.069677058073694 ], [ 8.000530163185601, 10.062247869025896 ], [ 8.009239011102864, 10.057353415700334 ], [ 8.014517925689631, 10.052169268177977 ], [ 8.028020251863836, 10.040008880915536 ], [ 8.029032504551594, 10.036706896672001 ], [ 8.02762745259696, 10.013131758653799 ], [ 8.021022365109104, 9.979957228113278 ], [ 8.017048643409169, 9.973856059967829 ], [ 8.010843350192943, 9.949403815353662 ], [ 8.042265947543115, 9.949183013203651 ], [ 8.054836533084256, 9.939023494300727 ], [ 8.060292060791028, 9.933579551601838 ], [ 8.061069127319001, 9.924276276280693 ], [ 8.059806244460901, 9.915847174553505 ], [ 8.068561097409429, 9.910849752158015 ], [ 8.072349801983705, 9.921671558510923 ], [ 8.07386756601494, 9.921501966395681 ], [ 8.07765429458783, 9.920330811599911 ], [ 8.080993464856647, 9.905026336201274 ], [ 8.080766987702759, 9.904121175586226 ], [ 8.087202296075247, 9.887642506389739 ], [ 8.089907539913327, 9.886449845579421 ], [ 8.086996874935664, 9.861099813355224 ], [ 8.071076225118361, 9.848559439834673 ], [ 8.068559262408201, 9.848577925847223 ], [ 8.05723665671502, 9.842183000502189 ], [ 8.055573117584686, 9.830895621832894 ], [ 8.055551306569896, 9.830710869707389 ], [ 8.050424529086513, 9.827458405497509 ], [ 8.042441383662322, 9.817679257853001 ], [ 8.0422833125549, 9.816393520979432 ], [ 8.022831065338039, 9.801624343944468 ], [ 8.021843716667149, 9.799636328593692 ], [ 8.023370842704765, 9.783570934678039 ], [ 8.02692248511795, 9.780092200314357 ], [ 8.04317140315834, 9.776354162774567 ], [ 8.043462183355928, 9.776140922629679 ], [ 8.061404274546703, 9.773721270985618 ], [ 8.067218122496968, 9.771751325647131 ], [ 8.067696443821944, 9.77159971754412 ], [ 8.077147548243545, 9.760850173240328 ], [ 8.078640082257607, 9.757477717948916 ], [ 8.070784516920128, 9.739371146646363 ], [ 8.070821158945023, 9.732682053101428 ], [ 8.080322243400587, 9.725142190978431 ], [ 8.089343014529788, 9.718407328402407 ], [ 8.091263410834586, 9.713790073265216 ], [ 8.094248780862983, 9.711005135372943 ], [ 8.095028937393067, 9.710338036919723 ], [ 8.10127374463616, 9.705492546627397 ], [ 8.110050247599361, 9.706712728456466 ], [ 8.114001895284332, 9.697906394472966 ], [ 8.113775572130521, 9.696506165521612 ], [ 8.115629233389996, 9.680432832600502 ], [ 8.121054209076021, 9.677340071499145 ], [ 8.12693860707418, 9.67741585255061 ], [ 8.133387707456052, 9.668889126757108 ], [ 8.130568734540702, 9.658277653547145 ], [ 8.132075904564772, 9.655275662507393 ], [ 8.124835392645195, 9.644842276418387 ], [ 8.114726581776722, 9.630275746521136 ], [ 8.11665477408684, 9.624980528923288 ], [ 8.114836312851253, 9.623612482993792 ], [ 8.095753891885636, 9.61931281907232 ], [ 8.094377224950279, 9.618581183575259 ], [ 8.094278487883173, 9.618385923442588 ], [ 8.091683547120056, 9.612718038591481 ], [ 8.091215939802339, 9.611637344857229 ], [ 8.091257266830439, 9.611432111717761 ], [ 8.091263553834665, 9.611412852704689 ], [ 8.091559588035807, 9.610436240041111 ], [ 8.091703121133378, 9.609068284111686 ], [ 8.093502817356182, 9.600553824326482 ], [ 8.092753901847288, 9.596098454299295 ], [ 8.09284161190692, 9.595815703107178 ], [ 8.092767264856377, 9.595539962919815 ], [ 8.087283174130221, 9.588853020376348 ], [ 8.082513662889539, 9.585810737309259 ], [ 8.079111604578031, 9.581908074657576 ], [ 8.068974827690568, 9.585513855107536 ], [ 8.064531387671423, 9.584595069483271 ], [ 8.062036392976211, 9.581770308563989 ], [ 8.055024953212239, 9.581229953196839 ], [ 8.048695094911409, 9.572342830158448 ], [ 8.037783917497791, 9.567834713095408 ], [ 8.035824098166188, 9.570606888978944 ], [ 8.017520099729495, 9.571793373785113 ], [ 8.016960979349562, 9.572532255287172 ], [ 8.016318715913201, 9.573205822744796 ], [ 8.013312920870874, 9.573550645979083 ], [ 8.012684657444026, 9.573695778077706 ], [ 8.006608291315388, 9.575599619371303 ], [ 8.004083879600216, 9.58246213003406 ], [ 8.004695491015752, 9.586548127810261 ], [ 8.004690645012488, 9.586612547854031 ], [ 8.00468735301024, 9.589087215535471 ], [ 7.988527226030158, 9.594539091239767 ], [ 7.985616260052325, 9.600805604497566 ], [ 7.979476423880612, 9.606736331527202 ], [ 7.972761946318428, 9.610086174803257 ], [ 7.971529113480756, 9.613681660246243 ], [ 7.970734770941021, 9.614659725910769 ], [ 7.966001065724697, 9.617179584622932 ], [ 7.957857682191673, 9.633508298717516 ], [ 7.94994143981296, 9.635125914816626 ], [ 7.948962536147803, 9.635018421743553 ], [ 7.948537515859073, 9.634975836714659 ], [ 7.947850843392473, 9.634933760686067 ], [ 7.94075855357363, 9.642223139638816 ], [ 7.929450831890563, 9.642717154974491 ], [ 7.920609473883246, 9.637229643245973 ], [ 7.905014939287526, 9.65825512453182 ], [ 7.906146504056323, 9.662747587584249 ], [ 7.900421541166509, 9.674272041414554 ], [ 7.878683734396702, 9.673506186894201 ], [ 7.865592870502041, 9.6776631857187 ], [ 7.867276489645974, 9.693409107417267 ], [ 7.847621647291476, 9.695298651701137 ], [ 7.846914336810869, 9.695358964742127 ], [ 7.836522868750365, 9.691601989189451 ], [ 7.834848030612363, 9.688054974779391 ], [ 7.833403620630975, 9.683747585852757 ], [ 7.830966201974888, 9.681315991200563 ], [ 7.817323671705424, 9.651272276787324 ], [ 7.815792146664819, 9.647899539495654 ], [ 7.800819283491478, 9.652227319436179 ], [ 7.777039704334356, 9.675201573046138 ], [ 7.77601418063756, 9.676192364719327 ], [ 7.769508212217033, 9.67950153896777 ], [ 7.748640152038206, 9.676511909936437 ], [ 7.748326673825204, 9.676092717651613 ], [ 7.746343508477707, 9.670159692620416 ], [ 7.746902546857541, 9.656909405617455 ], [ 7.747801421468296, 9.635604330141689 ], [ 7.744100860953949, 9.631604841424178 ], [ 7.734252787262676, 9.609236391225863 ], [ 7.719879439496651, 9.605761280864726 ], [ 7.71599387885658, 9.60395275563593 ], [ 7.713650868264608, 9.603990544661599 ], [ 7.71237365339681, 9.60361750040812 ], [ 7.699563493692892, 9.612300027307469 ], [ 7.692006674558399, 9.617421920787592 ], [ 7.683420066724182, 9.620976752202921 ], [ 7.680102935470359, 9.620425186828129 ], [ 7.6628186487265, 9.625852149515538 ], [ 7.658925388081229, 9.628927286604949 ], [ 7.648001144658735, 9.627124532380037 ], [ 7.63085033800553, 9.616538439187309 ], [ 7.620260895810532, 9.608402973659622 ], [ 7.612058042237038, 9.597434571207089 ], [ 7.612085752255894, 9.595344276786875 ], [ 7.591370830181063, 9.58903862450245 ], [ 7.589209366712453, 9.588461006109981 ], [ 7.580258708630936, 9.584000703079425 ], [ 7.567925336250937, 9.577290568520198 ], [ 7.56705660966071, 9.57716437543445 ], [ 7.560150939968651, 9.578987792673388 ], [ 7.55943110247955, 9.579057670720886 ], [ 7.556683120612377, 9.579290013878733 ], [ 7.547805846580729, 9.589108268549751 ], [ 7.545547737046434, 9.592261134692023 ], [ 7.529709484285092, 9.602281488500353 ], [ 7.517209454791896, 9.588901780409458 ], [ 7.512177926373226, 9.587100785185783 ], [ 7.506397891445943, 9.589276894664351 ], [ 7.496385728643133, 9.594975150536072 ], [ 7.486786867121168, 9.603325270209552 ], [ 7.482539374235216, 9.605366417596429 ], [ 7.477656540917565, 9.604928344298798 ], [ 7.475664632564133, 9.603468984307199 ], [ 7.467993304351864, 9.604748946176869 ], [ 7.460350118158658, 9.609704445543912 ], [ 7.459284342434501, 9.610195870877817 ], [ 7.456800572746886, 9.61111178450011 ], [ 7.452453605793323, 9.614469605781608 ], [ 7.447984378756701, 9.616203568959747 ], [ 7.440944064973166, 9.609245946232363 ], [ 7.438525458329821, 9.608440339684989 ], [ 7.436214441759603, 9.602056903347773 ], [ 7.433726302069033, 9.593271192378268 ], [ 7.431459618528947, 9.591169356950161 ], [ 7.420751025252912, 9.591051788870288 ], [ 7.403190901321636, 9.58797026877653 ], [ 7.381035086267843, 9.582292416918733 ], [ 7.375000295167467, 9.579304672888668 ], [ 7.372396630398384, 9.579269209864606 ], [ 7.361929701286613, 9.579720711171376 ], [ 7.351852080439357, 9.581033154063107 ], [ 7.343485753754806, 9.58253308308224 ], [ 7.332035827975119, 9.579954628330313 ], [ 7.317626199184474, 9.572970923585217 ], [ 7.30873371414242, 9.572855737506927 ], [ 7.30532795182836, 9.566492708183546 ], [ 7.303444442548653, 9.559955887742092 ], [ 7.304395142194608, 9.547474882261838 ], [ 7.304190999055891, 9.547300685143512 ], [ 7.300206285348452, 9.527393881617741 ], [ 7.300164650320141, 9.527228105505117 ], [ 7.289979772399988, 9.514131783606786 ], [ 7.289829409297852, 9.514163778628529 ], [ 7.286142936793055, 9.514982129184546 ], [ 7.275293623421476, 9.520818465150057 ], [ 7.274851190120842, 9.521074734324202 ], [ 7.272913429804248, 9.52136729052296 ], [ 7.270595563229335, 9.521646302712554 ], [ 7.264851018326226, 9.520614769011672 ], [ 7.251372951168491, 9.521033496296184 ], [ 7.248441401176649, 9.522046538984455 ], [ 7.208695120170887, 9.540205600322736 ], [ 7.217726949307632, 9.550284329170722 ], [ 7.245751850349222, 9.575408363241309 ], [ 7.258871771263614, 9.589095192540867 ], [ 7.296139951585587, 9.613467633100811 ], [ 7.305647141045256, 9.627715322781455 ], [ 7.297851245748291, 9.648898277174283 ], [ 7.28815391315942, 9.667455699783147 ], [ 7.276364999149393, 9.689948174065762 ], [ 7.25601961432568, 9.712626558474653 ], [ 7.22270989369332, 9.740948915718377 ], [ 7.214709759257573, 9.748949051154057 ], [ 7.204740047483654, 9.7582960125049 ], [ 7.206725120832402, 9.765796660601211 ], [ 7.207546711390648, 9.768899917709746 ], [ 7.210504055400008, 9.780071259300144 ], [ 7.214905262390403, 9.782546996982319 ], [ 7.220837116420853, 9.785883904249545 ], [ 7.223962306544252, 9.787641525443803 ], [ 7.2315325736879, 9.791006087729841 ], [ 7.251719952404244, 9.794370651015925 ], [ 7.256766795833357, 9.790164948158349 ], [ 7.260131359119441, 9.786800384872265 ], [ 7.267701626263033, 9.783435821586238 ], [ 7.273589611263674, 9.783435821586238 ], [ 7.278636455692777, 9.786800384872265 ], [ 7.285365582264888, 9.789323806586822 ], [ 7.291253567265471, 9.800258636016508 ], [ 7.29175422060564, 9.803512888227658 ], [ 7.292935848408547, 9.811193466446241 ], [ 7.29209470683702, 9.823810577018946 ], [ 7.291084290150479, 9.82886314445193 ], [ 7.288730144550925, 9.840633392449263 ], [ 7.292873943366487, 9.851407269769595 ], [ 7.292935848408547, 9.851568221879006 ], [ 7.294904708746287, 9.853045463882722 ], [ 7.296500205830341, 9.869848251299402 ], [ 7.295459270123047, 9.871756553596015 ], [ 7.295459270123047, 9.873726332934382 ], [ 7.295459270123047, 9.880002975199034 ], [ 7.295459270123047, 9.881468557194864 ], [ 7.295459270123047, 9.887738228454793 ], [ 7.293776988980028, 9.907925606171148 ], [ 7.287889003979444, 9.923066139458456 ], [ 7.287137508468845, 9.926072120500862 ], [ 7.285365582264888, 9.933159828316661 ], [ 7.285466671333552, 9.935183524691638 ], [ 7.285765170536365, 9.94114875774477 ], [ 7.286206721836379, 9.949982642746932 ], [ 7.28452444069336, 9.95755290989058 ], [ 7.283136844750572, 9.960546493924596 ], [ 7.281075478349976, 9.964994430946774 ], [ 7.280541896987415, 9.971077919080187 ], [ 7.280318736835795, 9.97353458374937 ], [ 7.280318736835795, 9.983628272607575 ], [ 7.280318736835795, 9.988791590115795 ], [ 7.280318736835795, 9.98903942128419 ], [ 7.280318736835795, 9.999609947466354 ], [ 7.27990722655619, 10.002284050283322 ], [ 7.278636455692777, 10.010544776896097 ], [ 7.277795315121239, 10.016432761896681 ], [ 7.273243427028433, 10.023513793707934 ], [ 7.27022504797759, 10.028208732897895 ], [ 7.264654636192802, 10.032187461601268 ], [ 7.258449077976366, 10.036620139613035 ], [ 7.254066943998907, 10.039226532383964 ], [ 7.26313448015992, 10.044151305730111 ], [ 7.273401737135998, 10.04662799841293 ], [ 7.278460025572883, 10.045414924588727 ], [ 7.283406257933621, 10.040525436266535 ], [ 7.287315663589879, 10.040534948272978 ], [ 7.288502216396068, 10.040537834274971 ], [ 7.295134067902097, 10.049132347114494 ], [ 7.300492286542749, 10.057723998952156 ], [ 7.309484958652888, 10.060196876632347 ], [ 7.317091464821146, 10.058989524812034 ], [ 7.322224617308848, 10.060227393653065 ], [ 7.334964751965174, 10.060258864674438 ], [ 7.344032764126496, 10.065183640020621 ], [ 7.351863384447029, 10.071330070196836 ], [ 7.358663448067318, 10.079738817910197 ], [ 7.371927673079767, 10.082268298628833 ], [ 7.384231487439649, 10.092872468833889 ], [ 7.387178786442178, 10.099017226008925 ], [ 7.399617488893682, 10.110631663900392 ], [ 7.399676487933789, 10.110955459120419 ], [ 7.403314442405588, 10.130920945686 ], [ 7.408494163924956, 10.139376815431376 ], [ 7.429790076394568, 10.159597008170067 ], [ 7.445110138803784, 10.184075504802024 ], [ 7.467951074323139, 10.186669721564726 ], [ 7.469264328215445, 10.187248455957899 ], [ 7.510552323268712, 10.194684101010068 ], [ 7.52298858271854, 10.190467126144881 ], [ 7.543146269414763, 10.182214158537363 ], [ 7.556013963157739, 10.172413145878011 ], [ 7.562248023393522, 10.161778269652132 ], [ 7.598341651917394, 10.100205029815982 ] ] ] ] } },
{ "type": "Feature", "properties": { "fid": 352.0, "OBJECTID": 352.0, "lganame": "Kaduna South", "statecode": "KD", "LGA_UID": "18_10" }, "geometry": { "type": "MultiPolygon", "coordinates": [ [ [ [ 7.417047324736416, 10.557873953780529 ], [ 7.420406887019112, 10.555627661254277 ], [ 7.421707607902874, 10.553144363567014 ], [ 7.422364417349172, 10.549790531288238 ], [ 7.426634234250287, 10.550376467686363 ], [ 7.427005522502554, 10.550427418720972 ], [ 7.427075858550381, 10.550369188681373 ], [ 7.427127515585482, 10.550326423652336 ], [ 7.427000966499463, 10.549973926412861 ], [ 7.42680664936745, 10.549432667045096 ], [ 7.426795946360187, 10.549398871022106 ], [ 7.424646112899438, 10.548810023622025 ], [ 7.42409323352382, 10.548717966559479 ], [ 7.42335545202252, 10.54879072560891 ], [ 7.423145485879843, 10.548811431622994 ], [ 7.423007091785848, 10.548785516605392 ], [ 7.422759122617322, 10.548739082573832 ], [ 7.422646358540703, 10.548717966559479 ], [ 7.42269290457233, 10.548496207408789 ], [ 7.422723603593226, 10.548349948309408 ], [ 7.421867957011841, 10.548227275226054 ], [ 7.42167187187863, 10.547984849061322 ], [ 7.421000426422381, 10.54806079011297 ], [ 7.420263618921751, 10.547841729964091 ], [ 7.418151106486391, 10.547254828565315 ], [ 7.418229579539741, 10.546237415874032 ], [ 7.418353172623711, 10.544526984711865 ], [ 7.4189616330371, 10.543349305911704 ], [ 7.419189806192151, 10.54294739863866 ], [ 7.419795888603971, 10.541546462686767 ], [ 7.420042719771686, 10.541471981636164 ], [ 7.420516059093302, 10.541329151539117 ], [ 7.421871020013896, 10.540959222287768 ], [ 7.422196833235319, 10.540870269227298 ], [ 7.422339062331957, 10.540831438200939 ], [ 7.422546934473189, 10.539656396402563 ], [ 7.422611578517092, 10.538954340925557 ], [ 7.423048746814118, 10.537193092728842 ], [ 7.423080622835812, 10.537064672641577 ], [ 7.423536968145868, 10.53488684516185 ], [ 7.424383647721129, 10.534647912999503 ], [ 7.424090282521774, 10.53360289228948 ], [ 7.423890606386124, 10.532806954748708 ], [ 7.423758282296205, 10.532279487390269 ], [ 7.423444857083268, 10.530854318421973 ], [ 7.423427604071549, 10.529819616718953 ], [ 7.423425844070323, 10.529713974647166 ], [ 7.423737937282397, 10.528765158002443 ], [ 7.423939232419173, 10.528349296719909 ], [ 7.425004037142628, 10.526797668665665 ], [ 7.425897711749883, 10.52504039447166 ], [ 7.426157971926727, 10.524172268881841 ], [ 7.426136579912168, 10.522996849083199 ], [ 7.425584178536837, 10.521631859155718 ], [ 7.425465135455966, 10.521337699955836 ], [ 7.42521322228481, 10.520735587546767 ], [ 7.425206979280517, 10.520720664536611 ], [ 7.425206957280523, 10.520720612536593 ], [ 7.425120499221805, 10.520513964396173 ], [ 7.424752095971485, 10.519696067840471 ], [ 7.424564905844306, 10.519301394572267 ], [ 7.424277254648814, 10.518694909160217 ], [ 7.424217316608122, 10.518568536074326 ], [ 7.423842971353793, 10.517695716481285 ], [ 7.423801378325493, 10.517598739415405 ], [ 7.423480371107416, 10.516837391898093 ], [ 7.423484008109881, 10.516675894788364 ], [ 7.423534018143869, 10.516557572707995 ], [ 7.423535965145163, 10.516552967704854 ], [ 7.423516905132203, 10.516514902678978 ], [ 7.423033680803883, 10.515549825023299 ], [ 7.422871643693782, 10.515226211803395 ], [ 7.422862745687723, 10.515220380799406 ], [ 7.421588699822109, 10.511746340439004 ], [ 7.421578365815094, 10.511481405258962 ], [ 7.421091951484584, 10.51125870510765 ], [ 7.419604241473735, 10.510885214853886 ], [ 7.419398823334177, 10.510428910543851 ], [ 7.419230445219796, 10.51005488428973 ], [ 7.419178233184311, 10.509938902210934 ], [ 7.419090853124942, 10.509744798079055 ], [ 7.419027966082183, 10.509283875765846 ], [ 7.419008432068949, 10.50914070266856 ], [ 7.418895663992316, 10.508314164106991 ], [ 7.418881693982826, 10.508211772037384 ], [ 7.418805635931108, 10.507146128313366 ], [ 7.418831258948558, 10.506988095205998 ], [ 7.419014794073234, 10.505856132436861 ], [ 7.418482391711507, 10.504902653789031 ], [ 7.418482391711507, 10.502715251302789 ], [ 7.41852041973732, 10.502191767947124 ], [ 7.419067377109002, 10.501811725688867 ], [ 7.419946498706281, 10.501200886273864 ], [ 7.420981724409671, 10.50022719561224 ], [ 7.421791525959918, 10.498920757724591 ], [ 7.422086805160518, 10.498014386108764 ], [ 7.423265695961561, 10.496126073825735 ], [ 7.42412134254289, 10.494817335936546 ], [ 7.42507206218886, 10.494200357517286 ], [ 7.426479127144887, 10.494181661504626 ], [ 7.427943234139718, 10.494125573466476 ], [ 7.429202623995423, 10.494069453428381 ], [ 7.430940889176441, 10.494596015786158 ], [ 7.43253809626168, 10.495026031078339 ], [ 7.433697973049789, 10.495044727090999 ], [ 7.434488257586736, 10.494833247947327 ], [ 7.436031474635286, 10.493826431263244 ], [ 7.437635812725375, 10.49256442540576 ], [ 7.439993749327471, 10.489257603158933 ], [ 7.440771321855777, 10.487996150301854 ], [ 7.440429062623252, 10.487042615653991 ], [ 7.44044807663613, 10.486014291955257 ], [ 7.440524134687848, 10.485023359281968 ], [ 7.440676249791181, 10.484350269824631 ], [ 7.441341753243364, 10.483621089329176 ], [ 7.441402599284686, 10.483285790101377 ], [ 7.441079355065085, 10.482995986904484 ], [ 7.441001900012452, 10.482415332509959 ], [ 7.441221963161979, 10.481724587040617 ], [ 7.44133604923951, 10.481313250761104 ], [ 7.441535700375141, 10.481060839589645 ], [ 7.441659293459111, 10.480883218468932 ], [ 7.44149537334772, 10.480755182381927 ], [ 7.441526193368702, 10.480312954081455 ], [ 7.441535700375141, 10.479985753859182 ], [ 7.44130752722009, 10.479714643674924 ], [ 7.441221963161979, 10.47949027752253 ], [ 7.441393092278247, 10.479060241230343 ], [ 7.44094625397463, 10.478321698728507 ], [ 7.441231470168418, 10.477919707455385 ], [ 7.441412106291182, 10.477620550252141 ], [ 7.441126891097383, 10.477040931858312 ], [ 7.440993790006928, 10.476236944312006 ], [ 7.440993790006928, 10.475900391083371 ], [ 7.441088862071524, 10.475376861727625 ], [ 7.440765616851934, 10.47521793361966 ], [ 7.440699066806701, 10.474769194314774 ], [ 7.44086414791883, 10.474618059212048 ], [ 7.441096433076666, 10.474337890021673 ], [ 7.44114634511061, 10.474214018937516 ], [ 7.441172490128338, 10.474153251896269 ], [ 7.441167736125124, 10.474104170862915 ], [ 7.441189128139683, 10.474050414826365 ], [ 7.441193881142908, 10.473980298778713 ], [ 7.441210519154197, 10.473935892748557 ], [ 7.441198635146122, 10.47390550872791 ], [ 7.441205765150983, 10.47385409069301 ], [ 7.441205765150983, 10.473781637643754 ], [ 7.441212896155832, 10.473676463572303 ], [ 7.441186751138048, 10.473594661516699 ], [ 7.441025129028219, 10.47362738253895 ], [ 7.440894404939399, 10.4736530915564 ], [ 7.440613501748544, 10.473245343279359 ], [ 7.440468922650325, 10.472635941865292 ], [ 7.440623009755029, 10.47245069473945 ], [ 7.440613501748544, 10.471581253148713 ], [ 7.440575473722731, 10.470898785684994 ], [ 7.440126489417651, 10.469985330064333 ], [ 7.440159534440113, 10.469342195627348 ], [ 7.440245099498213, 10.46878126024626 ], [ 7.440337793561241, 10.467484093364874 ], [ 7.440437618629062, 10.466979248021858 ], [ 7.440180925454627, 10.466509460702639 ], [ 7.439917101275398, 10.466257037531136 ], [ 7.439833440218536, 10.465585924075128 ], [ 7.439902840265688, 10.465191248807002 ], [ 7.439539190018593, 10.464560188378186 ], [ 7.439097105718247, 10.463648652758877 ], [ 7.438876063568046, 10.463045637349126 ], [ 7.43855285934842, 10.462881145237361 ], [ 7.438262850151375, 10.462463653953705 ], [ 7.437613983710548, 10.462652974082346 ], [ 7.437138025387128, 10.460953119927353 ], [ 7.436881331212703, 10.460749774789235 ], [ 7.436126239699661, 10.459573025989641 ], [ 7.435060539975552, 10.454674988661679 ], [ 7.434736635755485, 10.452775075370766 ], [ 7.433997936253604, 10.449793916345243 ], [ 7.433940260214399, 10.44949310914086 ], [ 7.433528925934922, 10.448106761198858 ], [ 7.432852346475215, 10.446043575797034 ], [ 7.432329678120084, 10.444451908715564 ], [ 7.43183950878705, 10.444243705574138 ], [ 7.42596932379854, 10.444527981767294 ], [ 7.425104381210815, 10.444459820720965 ], [ 7.423663447231775, 10.444518256760659 ], [ 7.423437652078348, 10.44453870877453 ], [ 7.422757292616097, 10.444567926794434 ], [ 7.42149164875616, 10.444600065816246 ], [ 7.420327017964837, 10.444585456806294 ], [ 7.419504052405671, 10.444553317784482 ], [ 7.41916694717662, 10.444532756770514 ], [ 7.41916833017757, 10.444442290709048 ], [ 7.419052461098829, 10.444132583498629 ], [ 7.418946479026829, 10.443983393397275 ], [ 7.418841519955492, 10.443817031284198 ], [ 7.418743059888641, 10.443693911200569 ], [ 7.418711304867031, 10.443617599148695 ], [ 7.418615723802077, 10.443498557067812 ], [ 7.418577100775849, 10.443405060004295 ], [ 7.418490941717323, 10.443329093952684 ], [ 7.418452318691095, 10.443244361895097 ], [ 7.418410724662806, 10.443147943829615 ], [ 7.418388134647444, 10.443008453734819 ], [ 7.418348334620418, 10.442917122672782 ], [ 7.418244349549752, 10.442806094597302 ], [ 7.418146307483141, 10.442779798579465 ], [ 7.41805420642055, 10.442756423563594 ], [ 7.418018554396326, 10.442657084496091 ], [ 7.41805420642055, 10.442537290414691 ], [ 7.418108908457725, 10.442407595326586 ], [ 7.418039351410471, 10.442303547255847 ], [ 7.417899714315581, 10.442227581204236 ], [ 7.417798700246976, 10.442204206188364 ], [ 7.417724425196525, 10.442078569102989 ], [ 7.417720127193604, 10.441949272015165 ], [ 7.417647179144012, 10.441792232908483 ], [ 7.417561020085486, 10.441532193731746 ], [ 7.417466958021578, 10.441460278682882 ], [ 7.417338195934065, 10.441383181630499 ], [ 7.417364934952218, 10.441184499495535 ], [ 7.417266891885617, 10.441096845435993 ], [ 7.417118550784835, 10.441041631398434 ], [ 7.417041095732202, 10.440950755336701 ], [ 7.417020298718057, 10.440851414269218 ], [ 7.416975733687821, 10.440705324169926 ], [ 7.41694899466961, 10.440535859054819 ], [ 7.416940081663597, 10.44037223794362 ], [ 7.416934991660128, 10.440160278799624 ], [ 7.416880934623407, 10.439936680647691 ], [ 7.416761178542004, 10.439644625449262 ], [ 7.416188109152642, 10.438939524970181 ], [ 7.416051754059993, 10.438829518895432 ], [ 7.415923350972776, 10.438763505850602 ], [ 7.415891319951015, 10.438624990756466 ], [ 7.415849725922726, 10.438540257698889 ], [ 7.415769508868209, 10.438440915631418 ], [ 7.415683350809672, 10.438385400593688 ], [ 7.415591249747138, 10.438376635587701 ], [ 7.41550211968655, 10.43835326057183 ], [ 7.415350598583586, 10.438332807557913 ], [ 7.415243642510916, 10.438324042551983 ], [ 7.41513371643623, 10.438356182573841 ], [ 7.414998239344186, 10.438325211552751 ], [ 7.414991108339336, 10.438209507474141 ], [ 7.415005369349046, 10.438097309397904 ], [ 7.414955456315113, 10.438020173345535 ], [ 7.414958423317159, 10.437894093259843 ], [ 7.414892874272596, 10.437759823168619 ], [ 7.414816414220638, 10.437725652145389 ], [ 7.414745110172191, 10.437652022095392 ], [ 7.414584676063214, 10.437522292007259 ], [ 7.414167547779755, 10.437154140757116 ], [ 7.414045437696814, 10.437003188654501 ], [ 7.413918874610829, 10.436857328555448 ], [ 7.413878766583537, 10.43676845849501 ], [ 7.41383598455451, 10.436722877464092 ], [ 7.413718333474549, 10.436617691392598 ], [ 7.413558688366095, 10.436563280355642 ], [ 7.413472335307404, 10.436494973309209 ], [ 7.41333685721537, 10.4364353672687 ], [ 7.413294075186286, 10.436526529330649 ], [ 7.413265554166912, 10.436638728406876 ], [ 7.413212076130549, 10.436694827445024 ], [ 7.413147902086962, 10.436684309437851 ], [ 7.413040946014291, 10.436607172385436 ], [ 7.412998163985208, 10.436554579349718 ], [ 7.412859120890744, 10.43650198531401 ], [ 7.41272720880113, 10.436452898280606 ], [ 7.412627382733319, 10.436319662190101 ], [ 7.412545383677582, 10.43625655014722 ], [ 7.412481209633995, 10.436242526137676 ], [ 7.412399210578258, 10.436284600166289 ], [ 7.41223877746927, 10.436330181197263 ], [ 7.412074778357805, 10.436389787237772 ], [ 7.411942194267738, 10.436335995201205 ], [ 7.411814519181007, 10.436260057149582 ], [ 7.411711128110767, 10.436196945106701 ], [ 7.411611303042946, 10.436210970116235 ], [ 7.411550694001733, 10.436179414094795 ], [ 7.411532867989649, 10.436109289047181 ], [ 7.411507911972649, 10.435997089970954 ], [ 7.411475824950855, 10.435902421906633 ], [ 7.411442648928357, 10.435704028771795 ], [ 7.411242997792669, 10.435657278740052 ], [ 7.4111194047087, 10.435713377778143 ], [ 7.410777146476164, 10.435816227848022 ], [ 7.410514222297536, 10.435858408876697 ], [ 7.41027326513381, 10.435825577854416 ], [ 7.410237740109665, 10.435721252783537 ], [ 7.409826426830193, 10.435629228720984 ], [ 7.409664804720364, 10.43576947781628 ], [ 7.409427124558874, 10.435816227848022 ], [ 7.409188403396683, 10.435818765849774 ], [ 7.409114628346572, 10.435542329661928 ], [ 7.408397495859276, 10.435554429670162 ], [ 7.407798543452316, 10.435624553717787 ], [ 7.406543594599668, 10.435540404660628 ], [ 7.40565942599892, 10.435414180574867 ], [ 7.404803779417534, 10.435273932479561 ], [ 7.405220211700453, 10.436447172276758 ], [ 7.405457891861943, 10.438258710507569 ], [ 7.404566593256391, 10.441092872433273 ], [ 7.403556453570047, 10.443208979871088 ], [ 7.401655016278085, 10.443314164942535 ], [ 7.40079936869671, 10.443582968125156 ], [ 7.399559472854264, 10.444369899659876 ], [ 7.398828212357387, 10.444921530034662 ], [ 7.398261741972533, 10.445618077507959 ], [ 7.39808604485313, 10.44882034768375 ], [ 7.397944213756773, 10.451405334440096 ], [ 7.397905221730298, 10.452116002922992 ], [ 7.397838274684773, 10.454163850314387 ], [ 7.397899252726233, 10.456737342062979 ], [ 7.398360574039657, 10.463308678527881 ], [ 7.398562342176774, 10.467111263111519 ], [ 7.398658011241764, 10.4678089995856 ], [ 7.398863236381203, 10.46829971191903 ], [ 7.399129436562077, 10.468776508243025 ], [ 7.400908499770878, 10.470432609368231 ], [ 7.401877527429292, 10.471360994999031 ], [ 7.404599075278441, 10.472582848829234 ], [ 7.404599096278446, 10.473286472307336 ], [ 7.404313492084384, 10.47424202195657 ], [ 7.403985198861335, 10.474929345423561 ], [ 7.403133183282421, 10.475611846887318 ], [ 7.403190226321215, 10.476378442408134 ], [ 7.401650061274722, 10.477668561284759 ], [ 7.401288788029262, 10.478958674161333 ], [ 7.400908499770878, 10.479987020859994 ], [ 7.400547226525418, 10.480977969533342 ], [ 7.399197205608118, 10.482828980790998 ], [ 7.39842355908246, 10.484244107752488 ], [ 7.396270545619586, 10.482854512808331 ], [ 7.393432283691141, 10.481579782942219 ], [ 7.391007951043889, 10.480878642465825 ], [ 7.390475993682458, 10.48101219455657 ], [ 7.387656666766873, 10.481720012037499 ], [ 7.386480151967476, 10.484769959109826 ], [ 7.384264375461953, 10.486564530329133 ], [ 7.378020022219232, 10.490143011760551 ], [ 7.379339144115534, 10.492877373618398 ], [ 7.379873924478886, 10.494595101785535 ], [ 7.381559129623895, 10.496599868147655 ], [ 7.382789211459681, 10.499416964061766 ], [ 7.382886106525518, 10.499598712185218 ], [ 7.382836257491647, 10.499722601269411 ], [ 7.382887183526236, 10.500971611118075 ], [ 7.383617379022382, 10.503428980787703 ], [ 7.385506933306203, 10.505076541907158 ], [ 7.387539094686986, 10.506373551788442 ], [ 7.388644306437925, 10.507039581240974 ], [ 7.389518469031884, 10.507486550544684 ], [ 7.390248643528025, 10.508476799217476 ], [ 7.391678934499794, 10.509525768930189 ], [ 7.393293607596888, 10.511164340043536 ], [ 7.393438527695366, 10.511731107428659 ], [ 7.394002521078562, 10.512010030618171 ], [ 7.394430344369255, 10.512664364062744 ], [ 7.395428599047534, 10.514580617364743 ], [ 7.395594975160577, 10.515865903238023 ], [ 7.3947868636115, 10.51829624588936 ], [ 7.394399135348067, 10.519243776533131 ], [ 7.39434771731311, 10.52040224432028 ], [ 7.394803246622644, 10.521488715058467 ], [ 7.395238454918342, 10.522392732672699 ], [ 7.395827901318853, 10.523346157320532 ], [ 7.396250450605919, 10.52409502082935 ], [ 7.396787753971012, 10.525404058718777 ], [ 7.396994388111409, 10.527245810970157 ], [ 7.396875548030664, 10.527993583478235 ], [ 7.397160764224452, 10.528986715152996 ], [ 7.397166195228124, 10.529477799486699 ], [ 7.397465610431595, 10.530518815194 ], [ 7.397387063378233, 10.530996391518499 ], [ 7.397981634782184, 10.532876310795814 ], [ 7.398956583444658, 10.533627584306259 ], [ 7.399481910801569, 10.534591400961119 ], [ 7.399511335821558, 10.534598401965866 ], [ 7.400306635361915, 10.53490015717091 ], [ 7.402311150723904, 10.534826406120828 ], [ 7.403991295865467, 10.535289767435643 ], [ 7.405172070667788, 10.533987521550841 ], [ 7.404847816447443, 10.536873643511797 ], [ 7.405920034175949, 10.538723255768502 ], [ 7.407604901320781, 10.540939507274345 ], [ 7.408032723611427, 10.5434163859573 ], [ 7.408413011869811, 10.546033443735439 ], [ 7.409159292376899, 10.547256151566216 ], [ 7.407367221159291, 10.54822988622783 ], [ 7.405846071125723, 10.551688081577538 ], [ 7.407034468933205, 10.555006043831895 ], [ 7.407129540997801, 10.556174331625698 ], [ 7.407640444344906, 10.557367090436117 ], [ 7.410045495979034, 10.557350383424762 ], [ 7.410112495024578, 10.55859530827064 ], [ 7.411170096743149, 10.559165129657799 ], [ 7.41252883166635, 10.560582243620672 ], [ 7.414981687332954, 10.559255086718963 ], [ 7.417047324736416, 10.557873953780529 ] ] ] ] } },
{ "type": "Feature", "properties": { "fid": 354.0, "OBJECTID": 354.0, "lganame": "Kudan", "statecode": "KD", "LGA_UID": "18_16" }, "geometry": { "type": "MultiPolygon", "coordinates": [ [ [ [ 7.76757082690068, 11.379152827800908 ], [ 7.76832189541102, 11.37897574168062 ], [ 7.768464503507914, 11.37897574168062 ], [ 7.768958876843783, 11.379115546775608 ], [ 7.769377193128037, 11.379124866781922 ], [ 7.769548322244304, 11.37883593758562 ], [ 7.769681424334749, 11.378733413515931 ], [ 7.770461011864427, 11.378509726363973 ], [ 7.770888836155109, 11.378304679224641 ], [ 7.771183319355202, 11.37813730011095 ], [ 7.771449759536267, 11.377736137838326 ], [ 7.771687439697757, 11.377437886635732 ], [ 7.772609638324298, 11.376487207989783 ], [ 7.77549982428809, 11.374940017938513 ], [ 7.775187353075751, 11.374513607648794 ], [ 7.775175469067676, 11.374012633308382 ], [ 7.774902136881963, 11.373453403928465 ], [ 7.77497344093041, 11.372672811398047 ], [ 7.775223005099974, 11.372090278002247 ], [ 7.775127933035378, 11.371903866875584 ], [ 7.775484453277613, 11.370470829901933 ], [ 7.775472569269539, 11.370249465751499 ], [ 7.775971695608689, 11.369061086944043 ], [ 7.776447055931669, 11.368501848564108 ], [ 7.777801829852194, 11.367534828907026 ], [ 7.778039510013684, 11.367418319827891 ], [ 7.778788200522342, 11.366509552210402 ], [ 7.77922790782111, 11.366020212877913 ], [ 7.777470322626925, 11.364944604147126 ], [ 7.778621826409335, 11.364121106587561 ], [ 7.780968594003866, 11.362124506230998 ], [ 7.783107712457252, 11.361145813565997 ], [ 7.788996545458474, 11.359880111706048 ], [ 7.789887844064083, 11.361231644624354 ], [ 7.790921750766529, 11.364412381785485 ], [ 7.793464924494515, 11.369259151078666 ], [ 7.794087311917394, 11.370348178818574 ], [ 7.794605454269458, 11.371009941268198 ], [ 7.794942959498769, 11.371480628588017 ], [ 7.795478585862725, 11.372011821948945 ], [ 7.796196458350437, 11.371770466784938 ], [ 7.796642108653259, 11.372457857252016 ], [ 7.797367031145825, 11.373890884225659 ], [ 7.79792760252667, 11.374982942967677 ], [ 7.798246602743461, 11.375731985476648 ], [ 7.798376642831784, 11.37612164674141 ], [ 7.798414837857763, 11.376403531932908 ], [ 7.798442528876535, 11.376736054158869 ], [ 7.800465461251065, 11.376739246161037 ], [ 7.80133381384104, 11.374112957376553 ], [ 7.801633279044552, 11.37360675003265 ], [ 7.802839746864265, 11.372638271374569 ], [ 7.803566080357768, 11.372548530313622 ], [ 7.804077378705188, 11.372376772196901 ], [ 7.804763987171668, 11.372031240962144 ], [ 7.805120505413925, 11.371709681743653 ], [ 7.805519806685254, 11.371695700734165 ], [ 7.805548328704617, 11.371150448363665 ], [ 7.805320155549566, 11.370647137021706 ], [ 7.805020680346104, 11.369990034575267 ], [ 7.804863812239546, 11.369584589299734 ], [ 7.804949376297657, 11.369165160014802 ], [ 7.805034940355768, 11.368703788701282 ], [ 7.805134766423635, 11.368480092549305 ], [ 7.805163289442987, 11.367948815188299 ], [ 7.805291635530182, 11.367669194998314 ], [ 7.80536293757865, 11.367151895646884 ], [ 7.805519806685254, 11.365893598791899 ], [ 7.805919108956573, 11.364817052060459 ], [ 7.806090238072841, 11.363894293433475 ], [ 7.807085792749263, 11.364389813770174 ], [ 7.807700519166929, 11.364650442947266 ], [ 7.808541904738604, 11.365027934203738 ], [ 7.809169379164928, 11.36524231234938 ], [ 7.809853896630045, 11.36408653456408 ], [ 7.810804616276016, 11.362762977664772 ], [ 7.810975746392273, 11.361476698790852 ], [ 7.811840899980098, 11.360134488878884 ], [ 7.812542055456504, 11.359377162364297 ], [ 7.812767849609941, 11.359039277134741 ], [ 7.813338282997506, 11.358678089889281 ], [ 7.813837409336656, 11.35820038856474 ], [ 7.814324652667722, 11.358048923461808 ], [ 7.814823780006861, 11.357780944279739 ], [ 7.815345487361299, 11.357504810092109 ], [ 7.815659223574471, 11.35704341877863 ], [ 7.815673484584181, 11.356400267341655 ], [ 7.815516616477623, 11.355449517695661 ], [ 7.815375847381972, 11.354801485255337 ], [ 7.81637472206063, 11.35530427559695 ], [ 7.816785826339981, 11.355673223847646 ], [ 7.817013999494975, 11.355743131895167 ], [ 7.817504773828432, 11.353430645323897 ], [ 7.818107065237712, 11.3507661015135 ], [ 7.81854105753257, 11.349236098473909 ], [ 7.818911838784516, 11.347875186549231 ], [ 7.819395128112888, 11.347537449319759 ], [ 7.820062207566139, 11.34709219401725 ], [ 7.820822783082917, 11.346020236288894 ], [ 7.822353440122924, 11.343605985648537 ], [ 7.822885843484642, 11.34262722998352 ], [ 7.823551345936835, 11.341834902445157 ], [ 7.82389360516936, 11.341201037014457 ], [ 7.824074242292113, 11.340977319862475 ], [ 7.824682700705523, 11.340324811419123 ], [ 7.824872845834705, 11.340166344311456 ], [ 7.825325972142593, 11.340160564307496 ], [ 7.826202256737986, 11.340335962426707 ], [ 7.826764707120162, 11.340439887497325 ], [ 7.828837342528402, 11.341173072995446 ], [ 7.82912255872219, 11.340073128248093 ], [ 7.82987362723253, 11.337929155791358 ], [ 7.829921163264828, 11.337463072474691 ], [ 7.830120814400459, 11.337239352322683 ], [ 7.830434550613631, 11.337136814253029 ], [ 7.831109562072299, 11.336111426556329 ], [ 7.831018293010288, 11.335624833225722 ], [ 7.831326897219924, 11.335449101106292 ], [ 7.831560202378455, 11.335391790067376 ], [ 7.831702810475349, 11.334711302605001 ], [ 7.831484145326783, 11.33465537156701 ], [ 7.831683796462414, 11.333974883104645 ], [ 7.831813092550306, 11.333967425099559 ], [ 7.831949996643289, 11.334040135148996 ], [ 7.832018884690115, 11.333591630844239 ], [ 7.832149647778976, 11.333499470781589 ], [ 7.832235211837087, 11.332921519388947 ], [ 7.832463384992138, 11.332735083262264 ], [ 7.833052831392649, 11.332026622780859 ], [ 7.833233467515356, 11.331774932609846 ], [ 7.833471147676846, 11.331756289597195 ], [ 7.833689811825423, 11.331411381362841 ], [ 7.833908478974024, 11.331196978217179 ], [ 7.834408768313949, 11.330822375962669 ], [ 7.834241229200074, 11.330535123767504 ], [ 7.834298273238858, 11.330358007647135 ], [ 7.834469402355126, 11.330367329653484 ], [ 7.834688066503702, 11.330283432596445 ], [ 7.834868703626455, 11.329985132393801 ], [ 7.834878210632894, 11.329658865172121 ], [ 7.835030345736243, 11.32946958804348 ], [ 7.835063996759118, 11.329282491916388 ], [ 7.835194720847937, 11.329066921769936 ], [ 7.835300509919819, 11.329133464815129 ], [ 7.835487685046985, 11.328900591656918 ], [ 7.835610661130545, 11.328857177627413 ], [ 7.835687640182869, 11.328651819487845 ], [ 7.835825438276515, 11.328480377371363 ], [ 7.835943413356631, 11.328560041425533 ], [ 7.836056311433367, 11.328391080310723 ], [ 7.835949406360726, 11.328326143266565 ], [ 7.835932716349362, 11.328233772203816 ], [ 7.836137627488597, 11.328177086165283 ], [ 7.836188296523062, 11.327940027004217 ], [ 7.836501276735703, 11.328002299046545 ], [ 7.836750840905268, 11.327974333027555 ], [ 7.836879188992441, 11.327806537913546 ], [ 7.836921970021535, 11.327533869728256 ], [ 7.836893449002162, 11.327338107595267 ], [ 7.836841050966541, 11.327215345511831 ], [ 7.836757970910128, 11.327170312481257 ], [ 7.836772231919781, 11.326960566338755 ], [ 7.837043188103905, 11.326631965115496 ], [ 7.837500698414772, 11.326199676821773 ], [ 7.837478142399448, 11.326079634740211 ], [ 7.837827529636797, 11.326009719692706 ], [ 7.837945418716913, 11.325892261612864 ], [ 7.837928766705602, 11.325795207546946 ], [ 7.83805389279064, 11.325676980466596 ], [ 7.838121301836395, 11.325295650207522 ], [ 7.838278171942989, 11.325155819112524 ], [ 7.838249648923636, 11.325002005008002 ], [ 7.838159330862254, 11.324806240874977 ], [ 7.838263909933346, 11.324652426770456 ], [ 7.838435039049614, 11.324573188716613 ], [ 7.838667966207879, 11.324354119567772 ], [ 7.838919906379033, 11.324102423396766 ], [ 7.839105296505011, 11.32398123631441 ], [ 7.839091035495301, 11.323892676254275 ], [ 7.838943675395171, 11.323827421209899 ], [ 7.838957935404892, 11.323729539143415 ], [ 7.83923839659542, 11.323543097016739 ], [ 7.839364049680796, 11.323587260046736 ], [ 7.839476947757532, 11.32349403898337 ], [ 7.839568542819734, 11.323412209927824 ], [ 7.839572019822128, 11.323354206888382 ], [ 7.839572019822128, 11.323240593811192 ], [ 7.83967243589035, 11.323154999753058 ], [ 7.839756222947301, 11.32304541067856 ], [ 7.839505598777009, 11.322720473457821 ], [ 7.839443145734549, 11.322673588425914 ], [ 7.839670489889045, 11.322366225217081 ], [ 7.840221907263697, 11.321461973602709 ], [ 7.841172625909678, 11.320529753969311 ], [ 7.841828621355376, 11.319970419589254 ], [ 7.842303979678377, 11.319308540139559 ], [ 7.842465602788195, 11.319028871949513 ], [ 7.842646238910902, 11.318674625708809 ], [ 7.842769832994861, 11.318087321309804 ], [ 7.842769832994861, 11.317472048891716 ], [ 7.842826877033644, 11.317266957752395 ], [ 7.843150121253245, 11.317108477644695 ], [ 7.843454350459979, 11.316819486448367 ], [ 7.843615972569808, 11.316586427290019 ], [ 7.843768087673141, 11.316232177049301 ], [ 7.844001047831455, 11.316579690285437 ], [ 7.844381335089793, 11.316924615519781 ], [ 7.844714087315936, 11.31712038465281 ], [ 7.845122895593704, 11.317194963703457 ], [ 7.845740864013578, 11.317409376849128 ], [ 7.846216223336569, 11.317642435007485 ], [ 7.846929262820993, 11.318099228317863 ], [ 7.847898995479909, 11.318658565697945 ], [ 7.848307803757677, 11.318910266868954 ], [ 7.848935278184001, 11.319208580071631 ], [ 7.849344089461795, 11.319301803134977 ], [ 7.849714867713715, 11.31946960324899 ], [ 7.849876489823544, 11.319581470324977 ], [ 7.85140714786354, 11.320411149888741 ], [ 7.85249096659993, 11.320914549230736 ], [ 7.853133297036379, 11.321213442433816 ], [ 7.853232528103774, 11.321203538427085 ], [ 7.853650845388017, 11.320877260205407 ], [ 7.854076696677339, 11.320615584027621 ], [ 7.854238506787283, 11.320619152030019 ], [ 7.854363883872509, 11.320439115907732 ], [ 7.854412260905349, 11.320265184789548 ], [ 7.854449447930619, 11.320131482698685 ], [ 7.854649099066307, 11.319993979605272 ], [ 7.855338369534593, 11.318968531908524 ], [ 7.85625343715634, 11.318129526338453 ], [ 7.857227923818471, 11.317383740831758 ], [ 7.857299227866918, 11.317010847578388 ], [ 7.857429952955727, 11.316789442427932 ], [ 7.857584444060706, 11.31646316020624 ], [ 7.857370532915354, 11.315449351517429 ], [ 7.857536908028408, 11.315227946366974 ], [ 7.857757916178571, 11.313809286403057 ], [ 7.857839308233906, 11.312721417663909 ], [ 7.85815721844989, 11.311282892686506 ], [ 7.859212517166895, 11.310052317850364 ], [ 7.8593551242638, 11.309437028432342 ], [ 7.859744918528634, 11.308840382026915 ], [ 7.860676624161727, 11.308047960488523 ], [ 7.861960094033748, 11.307227567931079 ], [ 7.862425946350299, 11.306341914329323 ], [ 7.862606583472996, 11.305969007075987 ], [ 7.863348142976861, 11.305185898543868 ], [ 7.864204313558616, 11.304638687172087 ], [ 7.864264003599146, 11.304060954779516 ], [ 7.864482667747723, 11.303240552222121 ], [ 7.864587246818814, 11.30166499715159 ], [ 7.864777391947996, 11.301413279980579 ], [ 7.865062607141795, 11.300807294568813 ], [ 7.865480924425981, 11.30016401613176 ], [ 7.866032340800643, 11.299502090681983 ], [ 7.866260511955716, 11.299175789460264 ], [ 7.866412627059049, 11.298877456257571 ], [ 7.866735872278696, 11.298401985934504 ], [ 7.86687848037559, 11.297991775655817 ], [ 7.867040102485362, 11.297525628339088 ], [ 7.86721123060164, 11.29705947902238 ], [ 7.867848213034449, 11.297395107250395 ], [ 7.868897893747658, 11.297848323558355 ], [ 7.869122176900078, 11.297945161624114 ], [ 7.86980431736356, 11.29831341787434 ], [ 7.869957941467931, 11.298166739774672 ], [ 7.871242280340596, 11.298532507023197 ], [ 7.871249411345389, 11.298525515018468 ], [ 7.871617958595834, 11.298053193697513 ], [ 7.8719933468509, 11.297758702497447 ], [ 7.872269056038192, 11.29728323117439 ], [ 7.872406813131818, 11.297283028174263 ], [ 7.873534671898142, 11.297020040995562 ], [ 7.873933973169471, 11.296432691596465 ], [ 7.874263786393556, 11.296117396382272 ], [ 7.874578798607558, 11.295932979256975 ], [ 7.874828362777123, 11.295595019027303 ], [ 7.87505415693056, 11.294651061385935 ], [ 7.875042273922475, 11.294441292243448 ], [ 7.875232418051667, 11.294149946045479 ], [ 7.87529183709205, 11.293788675799988 ], [ 7.875208649035528, 11.293567252649552 ], [ 7.875244302059741, 11.292366900833997 ], [ 7.875339373124348, 11.291993974580578 ], [ 7.875386909156646, 11.291632703335097 ], [ 7.87529183709205, 11.291236469065893 ], [ 7.87516111300323, 11.290793616764972 ], [ 7.875172997011305, 11.29042068951162 ], [ 7.875256186067816, 11.290094378289893 ], [ 7.875541401261614, 11.289127092632668 ], [ 7.875600821301987, 11.288649276308035 ], [ 7.875826616455413, 11.288474465189267 ], [ 7.876004875576541, 11.288136496959623 ], [ 7.876183136697648, 11.287751910698319 ], [ 7.876385163834925, 11.287239130349917 ], [ 7.876563423956043, 11.286947777151909 ], [ 7.877501257593224, 11.286950162153573 ], [ 7.877330100476968, 11.28615341161219 ], [ 7.876821731131542, 11.283786903004284 ], [ 7.876480474899665, 11.281916353733322 ], [ 7.875137584987272, 11.281368599361144 ], [ 7.872950930501531, 11.28087911502854 ], [ 7.872202239992816, 11.281298673313643 ], [ 7.870386157758901, 11.281184055235769 ], [ 7.869647183256802, 11.281263709289874 ], [ 7.868969795796545, 11.281321981329484 ], [ 7.867638789892169, 11.281182129234423 ], [ 7.866153290882835, 11.280646026870158 ], [ 7.865975031761707, 11.280785879965208 ], [ 7.865428368390269, 11.28087911502854 ], [ 7.864762863938097, 11.281123857194871 ], [ 7.863122873823841, 11.282091168852105 ], [ 7.86241696534421, 11.282333579016779 ], [ 7.861580333775748, 11.282464107105511 ], [ 7.860099587769639, 11.283459384781736 ], [ 7.859148869123658, 11.284310146359758 ], [ 7.855940192943535, 11.281070247158425 ], [ 7.85421701577269, 11.279275466938941 ], [ 7.853444556247837, 11.278447999376738 ], [ 7.852461957580203, 11.277520387746449 ], [ 7.852192695397264, 11.277861209978028 ], [ 7.85108986064796, 11.279688631219699 ], [ 7.84913138131725, 11.282261918968118 ], [ 7.848196852682293, 11.283544736839701 ], [ 7.847611027284245, 11.284125629234438 ], [ 7.847458115180359, 11.284313074361762 ], [ 7.846355281431045, 11.285469173147305 ], [ 7.845915128131935, 11.286020095521621 ], [ 7.845458495821674, 11.286347637744143 ], [ 7.844738614332584, 11.286789271044256 ], [ 7.844360703075779, 11.286810248058487 ], [ 7.843797401693053, 11.286831225072717 ], [ 7.843626271576795, 11.287159872296058 ], [ 7.843326795373287, 11.287243782353073 ], [ 7.842784887005109, 11.287145887286556 ], [ 7.842492539806472, 11.287131902277054 ], [ 7.842007674477031, 11.287027015205751 ], [ 7.841760856309349, 11.286701879984832 ], [ 7.841529938152405, 11.286397690778188 ], [ 7.840467509430539, 11.286341750740178 ], [ 7.839554818810427, 11.286159945616646 ], [ 7.839244956599885, 11.285933966463119 ], [ 7.838791867292059, 11.285873253421869 ], [ 7.838093087817242, 11.285866261417084 ], [ 7.837786480608941, 11.285523627184261 ], [ 7.83708057212931, 11.285285882022777 ], [ 7.836773964920951, 11.285187985956213 ], [ 7.836631357824103, 11.285104075899199 ], [ 7.836431706688415, 11.284782418680663 ], [ 7.835997712393521, 11.284700609625077 ], [ 7.835711538199121, 11.284817381704443 ], [ 7.834898672646773, 11.284593620552414 ], [ 7.834672003492813, 11.284544935519307 ], [ 7.834481692363454, 11.284410985428281 ], [ 7.834328241259243, 11.284397829419333 ], [ 7.834313980249533, 11.284292941348099 ], [ 7.834456588346427, 11.284250986319591 ], [ 7.834242676201086, 11.28406918019607 ], [ 7.833921809983053, 11.284076172200798 ], [ 7.833571129744769, 11.284038899175471 ], [ 7.833308839566598, 11.284011021156516 ], [ 7.833094684421098, 11.28369158093949 ], [ 7.832909293295131, 11.283698573944264 ], [ 7.832431557970494, 11.283258041644899 ], [ 7.832224774830024, 11.283195108602172 ], [ 7.832153470781577, 11.283390900735185 ], [ 7.832026046694978, 11.283428265760563 ], [ 7.831839733568415, 11.283327967692458 ], [ 7.831440432297086, 11.283467818787472 ], [ 7.831452789305501, 11.283649270910757 ], [ 7.831093420061279, 11.28378178500077 ], [ 7.830582407714076, 11.283923967097394 ], [ 7.830430293610732, 11.284073142198736 ], [ 7.830213642463548, 11.284052174184524 ], [ 7.829935920274863, 11.284026525167064 ], [ 7.829384502900155, 11.283933291103722 ], [ 7.82876653548027, 11.284287580344426 ], [ 7.828395755228371, 11.284641868585197 ], [ 7.828278534148751, 11.285177589949171 ], [ 7.827549615653481, 11.285415709110964 ], [ 7.827292921479057, 11.285639470262993 ], [ 7.827131299369228, 11.285844584402355 ], [ 7.826627418026874, 11.285956464478375 ], [ 7.825752756432564, 11.286394660776125 ], [ 7.824925630870609, 11.286683683972512 ], [ 7.824352701481303, 11.286734005006679 ], [ 7.824231607399042, 11.28710323325754 ], [ 7.82425062141192, 11.287569397574316 ], [ 7.824098506308587, 11.287569397574316 ], [ 7.82341398784348, 11.287849096764319 ], [ 7.823261872740147, 11.287681277650336 ], [ 7.823033699585096, 11.287755863700966 ], [ 7.822786513417157, 11.287643983624946 ], [ 7.822786513417157, 11.287382932447599 ], [ 7.822672427339626, 11.287289699384246 ], [ 7.822349183120025, 11.287345639422256 ], [ 7.82038119478284, 11.28847375618875 ], [ 7.819268853027097, 11.289089090606865 ], [ 7.818593842568418, 11.289294201746202 ], [ 7.816979259471395, 11.289476252869918 ], [ 7.815038154152489, 11.289984121214957 ], [ 7.814108435520836, 11.290244614391952 ], [ 7.813787580302801, 11.289842591118827 ], [ 7.813704392246279, 11.289527931905013 ], [ 7.813821770326058, 11.288028929886536 ], [ 7.81367349422527, 11.287646963626969 ], [ 7.813721031257558, 11.287497790525663 ], [ 7.813879382365201, 11.287293149386585 ], [ 7.814025260464291, 11.286826513069514 ], [ 7.813931860400828, 11.286622957931229 ], [ 7.814075696498548, 11.286234235667109 ], [ 7.814053782483654, 11.28600605951209 ], [ 7.81427244763222, 11.285763653347374 ], [ 7.814367518696827, 11.283227689624312 ], [ 7.814034768470776, 11.28161473152835 ], [ 7.813683002231755, 11.280439969730196 ], [ 7.812950419733966, 11.279340336983012 ], [ 7.812943125729021, 11.279211236895321 ], [ 7.813065033811881, 11.279069408798932 ], [ 7.813014605777596, 11.278651285514854 ], [ 7.812905140703208, 11.278538904438506 ], [ 7.812889269692448, 11.278257992247632 ], [ 7.812850730666241, 11.277575846784146 ], [ 7.812844661662155, 11.277468425711163 ], [ 7.81307454081832, 11.277288601588964 ], [ 7.813141090863553, 11.276999569392615 ], [ 7.812988975760163, 11.276691889183553 ], [ 7.813188626895851, 11.276552034088525 ], [ 7.813359757012108, 11.276384207974502 ], [ 7.81343581406378, 11.276104498784434 ], [ 7.813616451186533, 11.275545078404321 ], [ 7.813759060283417, 11.275442518334671 ], [ 7.814310476658079, 11.275172131150953 ], [ 7.814871401039227, 11.274883095954522 ], [ 7.815137602220091, 11.274705944834182 ], [ 7.815413310407394, 11.274482175682124 ], [ 7.815554544503357, 11.274300064558417 ], [ 7.81525031629667, 11.272295458196368 ], [ 7.815584439523661, 11.27227244718074 ], [ 7.815841132698097, 11.271946113959018 ], [ 7.81614536290482, 11.271722342806981 ], [ 7.816411564085683, 11.271526542673939 ], [ 7.816601709214865, 11.271218857464874 ], [ 7.816896431415103, 11.270995085312848 ], [ 7.817210167628275, 11.270845903211466 ], [ 7.817381297744589, 11.270650103078424 ], [ 7.817571441873781, 11.270528892996083 ], [ 7.817020025499119, 11.269111665033108 ], [ 7.816328852029471, 11.267988133269739 ], [ 7.815744160632221, 11.267372753851646 ], [ 7.815544510496579, 11.266827302481033 ], [ 7.814974077108957, 11.266016115929858 ], [ 7.814774426973315, 11.265680451701769 ], [ 7.813947301411304, 11.264743388065085 ], [ 7.813633564198142, 11.264295833761025 ], [ 7.813490957101237, 11.263722405371368 ], [ 7.813234261926823, 11.263134987972251 ], [ 7.813006088771829, 11.262155957307073 ], [ 7.812806437636141, 11.261512591869916 ], [ 7.812167767202197, 11.259339985393751 ], [ 7.812161693198107, 11.257851407382304 ], [ 7.812142678185182, 11.25706816885014 ], [ 7.812161693198107, 11.255688171912482 ], [ 7.81231380830144, 11.254196274898845 ], [ 7.812294793288515, 11.253058699125916 ], [ 7.811838448978449, 11.251697332200933 ], [ 7.811136093501261, 11.248197041822607 ], [ 7.810906744345402, 11.247109663083791 ], [ 7.810754629242069, 11.246438290627623 ], [ 7.810697586203275, 11.245785566184168 ], [ 7.810469413048281, 11.245151488753322 ], [ 7.810317297944891, 11.24475985348721 ], [ 7.810087382788709, 11.244392965237921 ], [ 7.810044599759635, 11.243483806620191 ], [ 7.809901991662741, 11.242127055698347 ], [ 7.809716601536763, 11.241553583308701 ], [ 7.809719755538879, 11.241247779100945 ], [ 7.809767291571177, 11.240758226768321 ], [ 7.810136695822223, 11.239081194628852 ], [ 7.810824966289829, 11.239231284730806 ], [ 7.81161432982617, 11.237315780429299 ], [ 7.81190320102246, 11.236885258136795 ], [ 7.812212184232408, 11.236523915891269 ], [ 7.812638659522179, 11.236129755623494 ], [ 7.812860454672887, 11.235963835510745 ], [ 7.813138540861814, 11.235761018372955 ], [ 7.813195994900866, 11.235706611335956 ], [ 7.812932612721909, 11.23562546828083 ], [ 7.812571300476407, 11.235387636119242 ], [ 7.812005221091795, 11.235028218875016 ], [ 7.811812698960978, 11.234874355770501 ], [ 7.81177568493581, 11.235174942974709 ], [ 7.81130602961673, 11.235229494011776 ], [ 7.810991342402872, 11.235128317943065 ], [ 7.810373373982998, 11.234825255737121 ], [ 7.809553379425836, 11.234417286459916 ], [ 7.808709615852536, 11.234079254230267 ], [ 7.808151070473059, 11.234032629198566 ], [ 7.807960925343878, 11.234160848285683 ], [ 7.807669054145549, 11.233847365072677 ], [ 7.808877343966515, 11.228932481733239 ], [ 7.808944435012108, 11.228694651571686 ], [ 7.809039506076715, 11.228480172425918 ], [ 7.809125071134872, 11.228265692280218 ], [ 7.812138850182578, 11.229347415015184 ], [ 7.812452947395968, 11.229411208058536 ], [ 7.8129580787392, 11.229481425106258 ], [ 7.813442946068619, 11.22957467716958 ], [ 7.813690132236616, 11.229630628207644 ], [ 7.813899290378686, 11.229266945960489 ], [ 7.814117954527262, 11.228754060612061 ], [ 7.814184505572484, 11.228483630428286 ], [ 7.814222534598343, 11.228138597193833 ], [ 7.81431760566295, 11.227802888965755 ], [ 7.814507750792131, 11.22736460266799 ], [ 7.814688385914849, 11.227075520471544 ], [ 7.814821488005293, 11.226926316370168 ], [ 7.814583807843803, 11.226795762281483 ], [ 7.814460214759833, 11.226543980110364 ], [ 7.814441199746909, 11.225676728521137 ], [ 7.814488734779218, 11.22502395707761 ], [ 7.814289084643576, 11.224585666779831 ], [ 7.813984855436843, 11.224082098437634 ], [ 7.813861261352884, 11.22372773519686 ], [ 7.813747176275342, 11.223392021968777 ], [ 7.81349940210697, 11.223103418772666 ], [ 7.812786948622943, 11.222869799613932 ], [ 7.812836340656474, 11.222351025261446 ], [ 7.812813860641199, 11.222064358066689 ], [ 7.812642730524942, 11.221635388775212 ], [ 7.812281458279472, 11.221206419483792 ], [ 7.812129343176082, 11.220954632312669 ], [ 7.812043778117982, 11.220618916084561 ], [ 7.811749055917744, 11.220273872850157 ], [ 7.811283203601192, 11.219593113387589 ], [ 7.810760308245904, 11.218837746874385 ], [ 7.810541642097348, 11.218268890487877 ], [ 7.81038001998752, 11.217700032101334 ], [ 7.809847617625792, 11.216907357562775 ], [ 7.809339867280812, 11.216411336225747 ], [ 7.80951322939859, 11.215841743838723 ], [ 7.809723889541715, 11.215112121342997 ], [ 7.809904722664555, 11.214485806917423 ], [ 7.810117845809373, 11.213781116438611 ], [ 7.810262531907711, 11.213378155164833 ], [ 7.811038430434905, 11.211357695792003 ], [ 7.811074107459149, 11.211263773728206 ], [ 7.811542305777266, 11.209053069226115 ], [ 7.811621827831289, 11.208677588971 ], [ 7.811829928972656, 11.206871305743732 ], [ 7.812101681157287, 11.205598313878795 ], [ 7.81210088615677, 11.205444438774236 ], [ 7.812214972234301, 11.204800948337038 ], [ 7.812614273505574, 11.203569916500612 ], [ 7.812707485568922, 11.203132949203678 ], [ 7.812889979692898, 11.203210866256654 ], [ 7.813717108254934, 11.20312693119962 ], [ 7.814444406749089, 11.202861139019035 ], [ 7.815071881175413, 11.20277720496199 ], [ 7.815471183446732, 11.202763215952473 ], [ 7.81612717789244, 11.20260933584791 ], [ 7.816569262192843, 11.202399499705336 ], [ 7.81723951864825, 11.201742013258638 ], [ 7.818123690248967, 11.201252393925927 ], [ 7.818844792738957, 11.201110240829337 ], [ 7.819378637101636, 11.200846708650317 ], [ 7.820552401899192, 11.200634365506005 ], [ 7.820728076018554, 11.200602585484432 ], [ 7.829135067730704, 11.199081687451041 ], [ 7.829927054268808, 11.199494975731852 ], [ 7.830510790665414, 11.199475731718792 ], [ 7.831002957999829, 11.20009774514142 ], [ 7.83120973914032, 11.20121687690181 ], [ 7.831601912406825, 11.202042235462613 ], [ 7.831876439593316, 11.202391670700024 ], [ 7.832471818997874, 11.202643764871311 ], [ 7.832678601138355, 11.202608791847524 ], [ 7.836029884415382, 11.202783655966357 ], [ 7.836693010865986, 11.202573819823783 ], [ 7.837284834268075, 11.202224092586164 ], [ 7.837662743524845, 11.202049229467377 ], [ 7.837962220728343, 11.202021251448343 ], [ 7.838147611854311, 11.202126168519612 ], [ 7.838539782120733, 11.202133163524366 ], [ 7.838967606411472, 11.202140157529129 ], [ 7.839231429590711, 11.202259065609951 ], [ 7.839545166803873, 11.202287043628928 ], [ 7.839659253881393, 11.20218212555767 ], [ 7.839723426924991, 11.201916333377085 ], [ 7.839830382997661, 11.201783437286736 ], [ 7.839930209065471, 11.201559611134655 ], [ 7.839945626075973, 11.201433071048712 ], [ 7.840018150125218, 11.201247186922387 ], [ 7.840524502469293, 11.200864068662099 ], [ 7.840584422510005, 11.200818730631283 ], [ 7.840715956599354, 11.200413150355701 ], [ 7.840914203734087, 11.200020804089149 ], [ 7.841120622874314, 11.199820366952963 ], [ 7.841264413971999, 11.199431172688492 ], [ 7.841269785975669, 11.199344795629827 ], [ 7.840408540390513, 11.198909206333838 ], [ 7.83986662902231, 11.198559474096214 ], [ 7.83936750368315, 11.198265699896638 ], [ 7.83886837634401, 11.198083838773073 ], [ 7.838126813840177, 11.197244481202745 ], [ 7.837827336636678, 11.196978684022156 ], [ 7.837784554607595, 11.196726875851084 ], [ 7.837713250559148, 11.196419109641965 ], [ 7.837898640685125, 11.195271979862525 ], [ 7.838084030811103, 11.194558519377779 ], [ 7.838996722431204, 11.191103103030002 ], [ 7.83913932852812, 11.189690148069928 ], [ 7.839253417605619, 11.187339871473057 ], [ 7.839267677615339, 11.186570430950212 ], [ 7.839082287489362, 11.185549171256355 ], [ 7.838625941179316, 11.185297353085218 ], [ 7.838069770801383, 11.185185434009213 ], [ 7.837456557384769, 11.184989574876113 ], [ 7.837256906249081, 11.184625836628982 ], [ 7.837242646239417, 11.182219558994007 ], [ 7.838198117888624, 11.180932472119537 ], [ 7.83847649607776, 11.180677583946306 ], [ 7.839098331500281, 11.180682980949996 ], [ 7.84007578716438, 11.180489450818527 ], [ 7.840418046396962, 11.179845904381239 ], [ 7.841221404942814, 11.178694044598615 ], [ 7.843922590778106, 11.171938059008255 ], [ 7.843794989691446, 11.171756468884837 ], [ 7.843966120807693, 11.170707175171913 ], [ 7.844137248923971, 11.170161540801189 ], [ 7.844414489112353, 11.169096254077374 ], [ 7.844165771943381, 11.169070270059706 ], [ 7.843766468672072, 11.169042289040704 ], [ 7.843481253478274, 11.168916372955152 ], [ 7.843238819313513, 11.168762474850553 ], [ 7.842839519042229, 11.16873449383155 ], [ 7.842750144981494, 11.168671820788973 ], [ 7.842638212905456, 11.168593327735664 ], [ 7.842190019600935, 11.168761191849683 ], [ 7.841810850343279, 11.168788801868459 ], [ 7.841487605123689, 11.168453024640314 ], [ 7.840346743348505, 11.16703529567701 ], [ 7.839491094767141, 11.165916030916549 ], [ 7.838521362108224, 11.164927344244802 ], [ 7.837627687501026, 11.163528252294157 ], [ 7.837038243100551, 11.162632829685776 ], [ 7.836360523640053, 11.160978700561884 ], [ 7.836049495428711, 11.160916596519655 ], [ 7.835574133105752, 11.159163043328192 ], [ 7.835311708927463, 11.157896380467548 ], [ 7.835479061041156, 11.156290178376253 ], [ 7.833974789019067, 11.156153498283345 ], [ 7.830896101927237, 11.156306714387483 ], [ 7.829755735152389, 11.156849828756492 ], [ 7.824811995793368, 11.158099712605747 ], [ 7.821917999827065, 11.157978777523567 ], [ 7.816959059457645, 11.157163465969575 ], [ 7.812604590499006, 11.153467400458283 ], [ 7.810485850059422, 11.155898421110066 ], [ 7.80900160605097, 11.157963823513398 ], [ 7.806226629165508, 11.16011443997462 ], [ 7.804895623261132, 11.160058475936637 ], [ 7.803709293455086, 11.159623761641228 ], [ 7.803570014360446, 11.159475104540263 ], [ 7.803327177195456, 11.159367510467121 ], [ 7.803049494006757, 11.159181290340598 ], [ 7.801882681214011, 11.158830284102123 ], [ 7.80091532555673, 11.158586032936171 ], [ 7.800279972124997, 11.158411083817271 ], [ 7.800104643005909, 11.158362805784463 ], [ 7.799817761810971, 11.158494967874276 ], [ 7.799568566641653, 11.158559771918306 ], [ 7.799462908569865, 11.158614647955574 ], [ 7.799434384550466, 11.158838507107703 ], [ 7.799466625572393, 11.159258196392841 ], [ 7.799269058438142, 11.160996408573908 ], [ 7.798232209733669, 11.1607544624095 ], [ 7.793677139638703, 11.161159107684455 ], [ 7.789760177977314, 11.161494893912618 ], [ 7.789855249041921, 11.162371664508328 ], [ 7.791059981860485, 11.165879140891491 ], [ 7.791129212907492, 11.16781877820938 ], [ 7.79145245712715, 11.168527641691014 ], [ 7.792003873501812, 11.169833437578234 ], [ 7.791984862488903, 11.170934034326024 ], [ 7.791896918429131, 11.172266635231495 ], [ 7.790084611197756, 11.173315921944436 ], [ 7.783429577675975, 11.175880831687152 ], [ 7.782478859029993, 11.176230590924831 ], [ 7.781049158058579, 11.176140307863477 ], [ 7.780405873621476, 11.17641578205064 ], [ 7.778319464203889, 11.177979377113047 ], [ 7.778330703211509, 11.178234932286671 ], [ 7.777220195457005, 11.178766327647736 ], [ 7.776061507669681, 11.17899949780616 ], [ 7.774902817882435, 11.179203521944771 ], [ 7.770331967776769, 11.180083760542857 ], [ 7.772897644520015, 11.18780290178762 ], [ 7.7741303673576, 11.191230700116648 ], [ 7.774130378357597, 11.191230725116668 ], [ 7.774179146390736, 11.191360296204721 ], [ 7.773880910188097, 11.191330202184304 ], [ 7.772882906510006, 11.191238476121953 ], [ 7.772003490912482, 11.191798059502162 ], [ 7.771329564454561, 11.192354334880122 ], [ 7.769947838515748, 11.192905305254499 ], [ 7.769389015136085, 11.19323198947643 ], [ 7.768836388760576, 11.193534224681798 ], [ 7.767737141013697, 11.194129648086346 ], [ 7.767040737540526, 11.194289361194876 ], [ 7.766715117319279, 11.194397780268559 ], [ 7.766061497875171, 11.194607621411137 ], [ 7.765562369536042, 11.194934041632905 ], [ 7.765467299471425, 11.19523714583886 ], [ 7.764905860089982, 11.195818267233733 ], [ 7.764219480623581, 11.196088168417077 ], [ 7.763351949034188, 11.196263034535889 ], [ 7.762650793557782, 11.196484532686384 ], [ 7.762246738283238, 11.196706030836879 ], [ 7.761331391661315, 11.197197604170924 ], [ 7.759632260506805, 11.197218974185432 ], [ 7.758253718570131, 11.198606245128019 ], [ 7.757885316319857, 11.198687849183443 ], [ 7.756958364690036, 11.198757795230961 ], [ 7.756193037170021, 11.19868085417869 ], [ 7.755451474666188, 11.200149722176718 ], [ 7.755209040501427, 11.200905136689983 ], [ 7.755288742555592, 11.201095119819058 ], [ 7.755267522541146, 11.201451580061303 ], [ 7.755066435404558, 11.201772463279326 ], [ 7.755009391365775, 11.202429949726024 ], [ 7.754795479220434, 11.202905578049183 ], [ 7.754433586974528, 11.203525637470534 ], [ 7.754299327883302, 11.203885876715276 ], [ 7.7541537437844, 11.204276500980654 ], [ 7.753740181503417, 11.205115838550967 ], [ 7.753112706077104, 11.206053097187805 ], [ 7.753230121156832, 11.206909914769938 ], [ 7.752987686992128, 11.207616352249943 ], [ 7.752952034967905, 11.208077981563633 ], [ 7.75270247079834, 11.209134135281204 ], [ 7.752638297754743, 11.209665706642397 ], [ 7.752745252827424, 11.209924497818236 ], [ 7.752738122822564, 11.210120339951288 ], [ 7.752845078895234, 11.210337165098622 ], [ 7.752773774846787, 11.211176484668897 ], [ 7.752638297754743, 11.212078751281922 ], [ 7.752686944787797, 11.212584832625794 ], [ 7.752821678879343, 11.213068999954771 ], [ 7.753636552433022, 11.214149056688598 ], [ 7.754142810777012, 11.21541501354875 ], [ 7.754299678883569, 11.215463973582018 ], [ 7.754706112159738, 11.216562064328173 ], [ 7.754599155087021, 11.216639000380439 ], [ 7.754798806222709, 11.217282464817629 ], [ 7.754984197348676, 11.217604197036223 ], [ 7.754923636307524, 11.218125284390283 ], [ 7.754791676217849, 11.218345577539935 ], [ 7.754974689342191, 11.218529756665077 ], [ 7.755476193682966, 11.218940079943877 ], [ 7.755925407988173, 11.219345740219524 ], [ 7.756186856165812, 11.219415681267037 ], [ 7.75662418746299, 11.219541576352583 ], [ 7.756567143424206, 11.219863304571163 ], [ 7.756224885191671, 11.220289945861055 ], [ 7.755918277983312, 11.220611674079692 ], [ 7.755697236833157, 11.220884444264982 ], [ 7.755480946686191, 11.221288934539814 ], [ 7.755328831582801, 11.221801833888321 ], [ 7.754977066343827, 11.222454613331877 ], [ 7.75475840219525, 11.222706397502918 ], [ 7.754720373169391, 11.22292088164869 ], [ 7.75452072203376, 11.223778817231562 ], [ 7.755015095369686, 11.223983974370981 ], [ 7.75551897671204, 11.224375638637127 ], [ 7.756041871067282, 11.225112340137628 ], [ 7.756650332480717, 11.225410750340416 ], [ 7.759017621089185, 11.226464507056392 ], [ 7.760301092961242, 11.226744266246499 ], [ 7.760633844187339, 11.226809542290823 ], [ 7.760862016342344, 11.227089300480884 ], [ 7.76095708840694, 11.227425008709019 ], [ 7.761080682490956, 11.227714090905408 ], [ 7.761480153762363, 11.228108515173403 ], [ 7.761709188917962, 11.228263913279022 ], [ 7.761793721975437, 11.228432133393312 ], [ 7.762126472201487, 11.228833116665726 ], [ 7.762314937329563, 11.228920233724921 ], [ 7.762383167375901, 11.229094221843184 ], [ 7.762549931489218, 11.229507543123987 ], [ 7.762455125424822, 11.229533005141263 ], [ 7.761920347061448, 11.229896687388418 ], [ 7.761727824930631, 11.229882699378891 ], [ 7.761198455570991, 11.22989905339 ], [ 7.760822266315358, 11.229910675397889 ], [ 7.759809749627379, 11.229749816288574 ], [ 7.758676018857102, 11.229707852260105 ], [ 7.757877415314454, 11.229945644421662 ], [ 7.756736551539291, 11.230183434583239 ], [ 7.756251685209861, 11.230288342654489 ], [ 7.755410298638196, 11.230463189773332 ], [ 7.75460760209279, 11.230432653752587 ], [ 7.753926583630061, 11.230586747857274 ], [ 7.753056675039034, 11.23057975385251 ], [ 7.752165376433425, 11.230663679909526 ], [ 7.751587220040562, 11.230668420912764 ], [ 7.75105957068206, 11.230561181839903 ], [ 7.750607979375218, 11.230300077662491 ], [ 7.750303750168541, 11.230342040690971 ], [ 7.750222938113609, 11.230715045944407 ], [ 7.750108852036078, 11.230994800134511 ], [ 7.749980504948894, 11.231330505362621 ], [ 7.749923461910157, 11.231526332495662 ], [ 7.749833142848786, 11.231810747688883 ], [ 7.749681027745396, 11.231987923809299 ], [ 7.749505144625914, 11.232169763932859 ], [ 7.749400566554868, 11.232277002005731 ], [ 7.749348276519299, 11.232426204107071 ], [ 7.749291234480552, 11.232729268312994 ], [ 7.749205669422452, 11.232915770439718 ], [ 7.748910946222168, 11.234006800181021 ], [ 7.748592455005792, 11.235079175909675 ], [ 7.748426079892738, 11.235839162426032 ], [ 7.748159877711885, 11.236463934850519 ], [ 7.748088574663427, 11.236687733002611 ], [ 7.74804103763114, 11.237107356287709 ], [ 7.747945965566544, 11.23759963362221 ], [ 7.747865154511601, 11.237778749743882 ], [ 7.747893676530964, 11.238086470952965 ], [ 7.747976864587486, 11.238384091155183 ], [ 7.74802440161983, 11.238832851460074 ], [ 7.748137299696509, 11.239339889804626 ], [ 7.748303673809573, 11.239742024077827 ], [ 7.748303673809573, 11.240126674339194 ], [ 7.748235284763098, 11.24044633255636 ], [ 7.748143240700585, 11.240750270762874 ], [ 7.747957612574453, 11.241454527241387 ], [ 7.747792550462293, 11.241799813476007 ], [ 7.747520282277264, 11.242321730830611 ], [ 7.7471685160383, 11.243063048334307 ], [ 7.746811996796055, 11.243599219698638 ], [ 7.746517273595771, 11.243874298885544 ], [ 7.746270087427831, 11.244251949142097 ], [ 7.746060930285751, 11.244778794500064 ], [ 7.741588778247092, 11.24467200642755 ], [ 7.741351383085828, 11.245462403964552 ], [ 7.741094688911403, 11.24594728629404 ], [ 7.740961588820937, 11.246021883344724 ], [ 7.740742922672382, 11.245919312275021 ], [ 7.740704893646523, 11.245564975034256 ], [ 7.74055277854319, 11.245397131920242 ], [ 7.740400664439846, 11.245434429945533 ], [ 7.740239042330018, 11.245546326021611 ], [ 7.740086927226685, 11.245854040230654 ], [ 7.739868261078072, 11.245956611300358 ], [ 7.739642244924539, 11.24585858223378 ], [ 7.739516494839108, 11.245453078958235 ], [ 7.739373887742204, 11.245322533869512 ], [ 7.739031629509668, 11.245294559850549 ], [ 7.738793950348168, 11.245322533869512 ], [ 7.738546762180192, 11.244865624559111 ], [ 7.738432677102708, 11.244819001527389 ], [ 7.738204503947657, 11.244977521635121 ], [ 7.738242532973516, 11.245247936818828 ], [ 7.738252038979965, 11.245443754951907 ], [ 7.738042881837828, 11.245499702989889 ], [ 7.737814709682823, 11.245313209863184 ], [ 7.737674476587529, 11.245296890852103 ], [ 7.737252597300881, 11.245559147030292 ], [ 7.737199118264527, 11.245664050101595 ], [ 7.737300132333189, 11.245792264188708 ], [ 7.737317959345262, 11.245937961287666 ], [ 7.73716940824437, 11.245967101307485 ], [ 7.73693172808288, 11.245489212982761 ], [ 7.736789121985964, 11.245291062848139 ], [ 7.736610860864857, 11.245221128800608 ], [ 7.736450426755823, 11.245203644788774 ], [ 7.736272166634706, 11.245052118685805 ], [ 7.736159268558026, 11.244935559606574 ], [ 7.735892950377036, 11.244829543534593 ], [ 7.736058255489354, 11.244580057365056 ], [ 7.736016662461111, 11.244463498285882 ], [ 7.735808692319836, 11.24448681030168 ], [ 7.735654125214808, 11.244608915384674 ], [ 7.735464057085665, 11.244644164408612 ], [ 7.735095651835309, 11.244521778325463 ], [ 7.734935218726321, 11.244504294313572 ], [ 7.734531163451777, 11.244615025388839 ], [ 7.734311310302417, 11.244527606329427 ], [ 7.734020152104563, 11.244218725119538 ], [ 7.733497255749285, 11.243909843909648 ], [ 7.733121722494161, 11.243766476812254 ], [ 7.733070356459223, 11.243654024735861 ], [ 7.732979114397267, 11.243095097356104 ], [ 7.732855521313297, 11.242759406128016 ], [ 7.732634806163333, 11.242635289043676 ], [ 7.732903057345595, 11.242143971709822 ], [ 7.732761883249623, 11.242023300627864 ], [ 7.732836507300362, 11.241836254500754 ], [ 7.73288404433265, 11.241677734393079 ], [ 7.732788782267903, 11.241582227328195 ], [ 7.732865028319736, 11.241267443114282 ], [ 7.73297600639512, 11.241263751111774 ], [ 7.733046264442862, 11.241050153966626 ], [ 7.732966046388356, 11.24092761488339 ], [ 7.733102708481226, 11.240512133601101 ], [ 7.732941086371397, 11.240297663455351 ], [ 7.732722421222832, 11.240073867303295 ], [ 7.732418190016119, 11.240045893284275 ], [ 7.732085439790012, 11.239822096132229 ], [ 7.732142481828816, 11.239766147094201 ], [ 7.732190017861114, 11.239616949992865 ], [ 7.731990366725427, 11.239616949992865 ], [ 7.731914308673765, 11.239533025935827 ], [ 7.731771701576861, 11.239588974973856 ], [ 7.731600572460593, 11.239449102878837 ], [ 7.731581559447648, 11.239234630733108 ], [ 7.731476979376623, 11.239160031682388 ], [ 7.73129634325386, 11.239635600005556 ], [ 7.730811474924451, 11.239738173075239 ], [ 7.730286368567647, 11.239723308065095 ], [ 7.730184001498117, 11.239588974973856 ], [ 7.729870264284955, 11.240129816341323 ], [ 7.729442440994262, 11.241108922006561 ], [ 7.729271310877948, 11.242479663937957 ], [ 7.728910037632488, 11.243617281710897 ], [ 7.72816371512539, 11.243025766308961 ], [ 7.727572618723798, 11.242824113171991 ], [ 7.726808949204894, 11.242563585994958 ], [ 7.725325828197185, 11.246218866478557 ], [ 7.724821946854831, 11.245920478275821 ], [ 7.72459377369978, 11.245566141035056 ], [ 7.724203979434947, 11.245053283686616 ], [ 7.723709606099078, 11.244615025388839 ], [ 7.723319809834209, 11.244251362141711 ], [ 7.722622140360158, 11.243679762753345 ], [ 7.720564136961855, 11.242172615729316 ], [ 7.718030167240158, 11.240210948396452 ], [ 7.717217301687811, 11.239329749797719 ], [ 7.716204786999867, 11.238210765037422 ], [ 7.714239932664839, 11.236403159809242 ], [ 7.714392685768644, 11.236092246597991 ], [ 7.714471947822517, 11.236145470634142 ], [ 7.714507599846741, 11.236292338733961 ], [ 7.714657337948438, 11.236418225819477 ], [ 7.714807076050192, 11.236418225819477 ], [ 7.714928294132562, 11.236264363714952 ], [ 7.715078032234317, 11.236250376705414 ], [ 7.715249161350584, 11.23636227578146 ], [ 7.715284813374808, 11.236663005985804 ], [ 7.715306204389321, 11.236809874085566 ], [ 7.715570027568617, 11.236851836114113 ], [ 7.715741158684864, 11.236739936038077 ], [ 7.715798200723611, 11.236509143881221 ], [ 7.71609054692226, 11.236138476629378 ], [ 7.716283068053087, 11.236173445653151 ], [ 7.716254547033714, 11.236502149876515 ], [ 7.716242472025499, 11.236798210077666 ], [ 7.716294577060864, 11.236866036123729 ], [ 7.716347241096685, 11.236879811133122 ], [ 7.716425675149935, 11.23685882911883 ], [ 7.716625326285623, 11.23649515687174 ], [ 7.716718022348573, 11.236411231814714 ], [ 7.716946193503645, 11.236383256795705 ], [ 7.717041265568241, 11.236350619773532 ], [ 7.717074540590829, 11.236238720697486 ], [ 7.717017498552082, 11.236098845602442 ], [ 7.716908166477765, 11.236024245551789 ], [ 7.716727529355069, 11.236056883573951 ], [ 7.716684746325996, 11.23599627153277 ], [ 7.716699007335706, 11.235907684472579 ], [ 7.716822600419675, 11.235828422418706 ], [ 7.717393032807252, 11.236061545577115 ], [ 7.717543645909586, 11.236066574580548 ], [ 7.717511871888007, 11.235772472380688 ], [ 7.717431061833054, 11.23558597325399 ], [ 7.717122076623127, 11.235273586041728 ], [ 7.717046019571455, 11.235231623013249 ], [ 7.717017409552, 11.235123371939665 ], [ 7.717226655694219, 11.23486328576297 ], [ 7.717321727758815, 11.234825985737643 ], [ 7.717421553826625, 11.234905248791449 ], [ 7.717511871888007, 11.235161685965693 ], [ 7.71754989991382, 11.235287573051266 ], [ 7.717640218975191, 11.235306223063901 ], [ 7.717687755007489, 11.235264261035411 ], [ 7.717839870110822, 11.235017148867485 ], [ 7.717740044043012, 11.234704760655234 ], [ 7.717725783033302, 11.234630160604581 ], [ 7.717207642681274, 11.234457648487364 ], [ 7.717088801600539, 11.234443661477826 ], [ 7.716946193503645, 11.234499610515854 ], [ 7.716713268345359, 11.23452292253171 ], [ 7.7165896742614, 11.234504272519018 ], [ 7.716527878219381, 11.234420348462038 ], [ 7.716515109210718, 11.234244731342699 ], [ 7.716553353236691, 11.234040802204106 ], [ 7.716641965296901, 11.233944772138898 ], [ 7.716779818390592, 11.233916797119889 ], [ 7.716988975532672, 11.23397741016106 ], [ 7.717307467749094, 11.233837534066026 ], [ 7.717540392907381, 11.233730295993155 ], [ 7.717635464971977, 11.233702320974146 ], [ 7.717683002004264, 11.233613732913966 ], [ 7.717673493997779, 11.233361956742897 ], [ 7.717625957965481, 11.23318478062248 ], [ 7.717530886900875, 11.233072879546455 ], [ 7.717559407920305, 11.232881717416603 ], [ 7.717599469947515, 11.232768887339944 ], [ 7.717711523023638, 11.232690553286716 ], [ 7.717811348091459, 11.232536689182155 ], [ 7.718049028252949, 11.232555339194846 ], [ 7.718291461417664, 11.23251337616631 ], [ 7.718391287485531, 11.232471414137819 ], [ 7.71838653348226, 11.232382825077593 ], [ 7.718367519469382, 11.23233620004595 ], [ 7.718239172382141, 11.232247611985713 ], [ 7.718220158369206, 11.232177672938235 ], [ 7.718253432391862, 11.232093747881208 ], [ 7.718329490443523, 11.232042459846355 ], [ 7.718476850543652, 11.23201914683051 ], [ 7.718586184617948, 11.232103072887526 ], [ 7.718609952634097, 11.232354850058584 ], [ 7.718633720650246, 11.232518039169463 ], [ 7.718847632795587, 11.232587977217008 ], [ 7.719009254905359, 11.232485401147301 ], [ 7.71912334098289, 11.232452763125139 ], [ 7.719584440296217, 11.232373500071276 ], [ 7.719822120457707, 11.232075096868527 ], [ 7.720002754580435, 11.231977183801973 ], [ 7.720102580648245, 11.231846632713314 ], [ 7.720083565635321, 11.231716080624608 ], [ 7.720035634602766, 11.231609012551814 ], [ 7.719917189522278, 11.231506266482029 ], [ 7.71972229438984, 11.231221850288762 ], [ 7.719542607267783, 11.231200869274517 ], [ 7.719342956132095, 11.231277801326769 ], [ 7.719314435112722, 11.231410684417085 ], [ 7.719350088136991, 11.231585529535892 ], [ 7.719136175991594, 11.231676449597671 ], [ 7.71900782790442, 11.231725405630925 ], [ 7.718965045875336, 11.231627492564371 ], [ 7.718986437889896, 11.231389702402851 ], [ 7.719072000948017, 11.23114491823651 ], [ 7.719036348923794, 11.231040011165248 ], [ 7.718858089802666, 11.230893140065461 ], [ 7.718950785865673, 11.230438538756573 ], [ 7.718836698788152, 11.230207741599713 ], [ 7.718572874608867, 11.230081851514228 ], [ 7.718437396516833, 11.229941975419138 ], [ 7.718387485482936, 11.229795104319351 ], [ 7.718223486371471, 11.229578294172086 ], [ 7.718315939434319, 11.229332052004736 ], [ 7.718337572449002, 11.22929154397724 ], [ 7.718344701453873, 11.229130684867926 ], [ 7.718280528410276, 11.228983812768149 ], [ 7.718088008279437, 11.228885898701606 ], [ 7.717788531075939, 11.228934855734849 ], [ 7.717702966017839, 11.22899780077762 ], [ 7.717652974983878, 11.229141657875402 ], [ 7.717581748935459, 11.22924258694394 ], [ 7.717489053872498, 11.229207617920224 ], [ 7.71737433979456, 11.228956577749614 ], [ 7.717132535630242, 11.228613136516287 ], [ 7.716954274509135, 11.228361356345204 ], [ 7.716961405513985, 11.228130557188365 ], [ 7.717046970572085, 11.227976691083825 ], [ 7.717068360586666, 11.227766872941288 ], [ 7.717132535630242, 11.227613006836748 ], [ 7.717417749824051, 11.227640982855746 ], [ 7.717588879940308, 11.227822824979285 ], [ 7.717824184100209, 11.227983685088589 ], [ 7.717888357143806, 11.228123563183658 ], [ 7.717866965129247, 11.22831239931196 ], [ 7.71792400916803, 11.228382338359438 ], [ 7.718045225250364, 11.228396326368966 ], [ 7.718273398405415, 11.228214484245427 ], [ 7.718380353478096, 11.228298411302433 ], [ 7.718401745492599, 11.228627123525769 ], [ 7.71849443955557, 11.228697063573293 ], [ 7.718658438667035, 11.228704056578067 ], [ 7.718829567783303, 11.228487246430745 ], [ 7.719079131952867, 11.228368350349967 ], [ 7.71910052396737, 11.228144545197893 ], [ 7.719043479928644, 11.228018654112361 ], [ 7.718843828793013, 11.227934727055356 ], [ 7.718658438667035, 11.22775288493176 ], [ 7.718572874608867, 11.227717915908045 ], [ 7.718373224473225, 11.227710921903281 ], [ 7.718209224361829, 11.227613006836748 ], [ 7.718180702342408, 11.227508097765451 ], [ 7.718330441444152, 11.227368218670392 ], [ 7.718567561605255, 11.227371038672345 ], [ 7.718694090691258, 11.227368218670392 ], [ 7.718922262846263, 11.227095456485074 ], [ 7.71900069789956, 11.227046498451841 ], [ 7.71900069789956, 11.226794716280779 ], [ 7.719136175991594, 11.226794716280779 ], [ 7.719300175103058, 11.226857662323539 ], [ 7.719435651195113, 11.227067480466076 ], [ 7.719542607267783, 11.227060486461312 ], [ 7.71960678131137, 11.226976559404306 ], [ 7.719585390296857, 11.226563916123951 ], [ 7.719485564228989, 11.226361090986131 ], [ 7.719516258249882, 11.226251698911824 ], [ 7.719542667267831, 11.226157576847868 ], [ 7.719863476485784, 11.226172254857829 ], [ 7.720077387631136, 11.226221211891072 ], [ 7.720284167771638, 11.226591892142949 ], [ 7.720326950800711, 11.226997541418541 ], [ 7.720476689902455, 11.22707447447084 ], [ 7.72070486105747, 11.227116438499365 ], [ 7.720925903207672, 11.226899626352008 ], [ 7.720633557009023, 11.226549928114423 ], [ 7.720847469154364, 11.225934459696248 ], [ 7.720811817130141, 11.225731634558429 ], [ 7.720426776868521, 11.225451876368368 ], [ 7.720177212698957, 11.22526303824003 ], [ 7.720077387631136, 11.225116164140275 ], [ 7.720127321665075, 11.224913344002459 ], [ 7.720306818787037, 11.224692877852647 ], [ 7.720367903828503, 11.224424161670072 ], [ 7.720391124844298, 11.223745340208836 ], [ 7.720341211810364, 11.223619447123326 ], [ 7.720184341703828, 11.223556501080509 ], [ 7.720048864611726, 11.223612453118562 ], [ 7.719884865500319, 11.223759328218364 ], [ 7.719777911427627, 11.223794298242126 ], [ 7.719685215364677, 11.223738346204073 ], [ 7.719678085359817, 11.223591471104271 ], [ 7.719868399489144, 11.223250542872677 ], [ 7.719870605490655, 11.223080906757389 ], [ 7.719863476485784, 11.223017960714628 ], [ 7.719727998393751, 11.222962007676585 ], [ 7.719556868277436, 11.222570342410506 ], [ 7.719689374367476, 11.222466597339974 ], [ 7.719981721566114, 11.22239665629246 ], [ 7.720145720677579, 11.222403650297224 ], [ 7.720388152842304, 11.222312728235465 ], [ 7.720609195992495, 11.222165853135664 ], [ 7.720780324108716, 11.222025971040637 ], [ 7.720855460159783, 11.221738385845185 ], [ 7.721065540302561, 11.221669273798227 ], [ 7.7214149285399, 11.221781178874267 ], [ 7.721550406631991, 11.221872101936071 ], [ 7.721871273850013, 11.221760196860032 ], [ 7.722242055101901, 11.221732220841034 ], [ 7.722484488266616, 11.221704243821989 ], [ 7.722755443450751, 11.221816148898029 ], [ 7.722990745610616, 11.221816148898029 ], [ 7.723105465688548, 11.221704399822102 ], [ 7.72293433657228, 11.221303405549691 ], [ 7.722886801539971, 11.220762530182185 ], [ 7.722744742443467, 11.220405914939874 ], [ 7.722772714462451, 11.220109747738604 ], [ 7.722991379611074, 11.219923237611908 ], [ 7.723362159862972, 11.22000716666895 ], [ 7.723571318005099, 11.220175025782964 ], [ 7.723761462134291, 11.220035143687937 ], [ 7.72353328897924, 11.219261128162032 ], [ 7.723542796985726, 11.219130571073322 ], [ 7.723704419095554, 11.218888106908594 ], [ 7.723818505173028, 11.218393854572753 ], [ 7.723628362043826, 11.218225995458681 ], [ 7.723305116824235, 11.218207344446057 ], [ 7.72329560981774, 11.218011508312998 ], [ 7.723428710908195, 11.217731741122861 ], [ 7.723546328988107, 11.217436146922068 ], [ 7.723395911885916, 11.216997352623878 ], [ 7.723177244737315, 11.216960049598583 ], [ 7.722682872401435, 11.21696937560489 ], [ 7.72254977131098, 11.217006677630252 ], [ 7.722625828362652, 11.21726779380765 ], [ 7.722692379407874, 11.217454305934382 ], [ 7.722302584143051, 11.217687445092793 ], [ 7.722140962033222, 11.217426328915394 ], [ 7.722321599155975, 11.216838817516191 ], [ 7.722369135188274, 11.216661632395812 ], [ 7.722293078136602, 11.216531073307067 ], [ 7.722045890968616, 11.216577701338792 ], [ 7.721912788878171, 11.216745562452843 ], [ 7.722017367949263, 11.217006677630252 ], [ 7.721874759852369, 11.217081282680908 ], [ 7.721684616723167, 11.21696937560489 ], [ 7.721553709634236, 11.216744334452017 ], [ 7.721513486606909, 11.216363213193063 ], [ 7.721599051665009, 11.216186026072648 ], [ 7.721627572684383, 11.215962211920555 ], [ 7.721542009626262, 11.215691768736804 ], [ 7.721408907535817, 11.215607837679784 ], [ 7.721095171322645, 11.215533232629127 ], [ 7.720762419096559, 11.215384022527701 ], [ 7.720657840025524, 11.215122905350313 ], [ 7.720695869051383, 11.214861787172879 ], [ 7.721098460324924, 11.214509892933791 ], [ 7.72099059225161, 11.214367527837055 ], [ 7.720600796986787, 11.214367527837055 ], [ 7.720205501718169, 11.214491707921411 ], [ 7.719992337573331, 11.214703251065146 ], [ 7.719640572334356, 11.214833811153881 ], [ 7.719146196998452, 11.214824485147517 ], [ 7.719007005903848, 11.214634475018443 ], [ 7.718995121895773, 11.214366361836255 ], [ 7.719250468069276, 11.214060179628234 ], [ 7.719137729992667, 11.213760193424378 ], [ 7.71917338301688, 11.213585337305574 ], [ 7.719494249234913, 11.213410480186781 ], [ 7.71991018951752, 11.213072422957111 ], [ 7.7200646806225, 11.213247280075905 ], [ 7.720456851888969, 11.213200652044236 ], [ 7.720884676179651, 11.212909223846225 ], [ 7.720967864236172, 11.212722708719468 ], [ 7.720765836098906, 11.212151509331363 ], [ 7.72070288805611, 11.212079470282447 ], [ 7.720613244995207, 11.211909039166642 ], [ 7.720513419927386, 11.211951005195147 ], [ 7.720413593859575, 11.212006960233168 ], [ 7.720363681825631, 11.212265749409028 ], [ 7.720292378777231, 11.212419622513551 ], [ 7.72007846663189, 11.212426617518304 ], [ 7.719965973555418, 11.212314457442119 ], [ 7.719885944501073, 11.211706204028815 ], [ 7.720135508670637, 11.211545334919492 ], [ 7.720399333849855, 11.211349493786429 ], [ 7.720584723975833, 11.211167641662882 ], [ 7.720798636121174, 11.21130053375316 ], [ 7.721048199290749, 11.211314522762677 ], [ 7.721397588528134, 11.210964805525066 ], [ 7.721654282702559, 11.210685033334983 ], [ 7.721604369668626, 11.210552141244705 ], [ 7.721497413595955, 11.210482197197166 ], [ 7.721347676494247, 11.210517169220907 ], [ 7.721190807387643, 11.210447226173414 ], [ 7.721012547266525, 11.21050318021139 ], [ 7.720791505116324, 11.210587112268456 ], [ 7.72067741903885, 11.210768965391992 ], [ 7.72066315802914, 11.210971800529819 ], [ 7.720449245883799, 11.210789948406273 ], [ 7.720413593859575, 11.210657056315995 ], [ 7.720534810941956, 11.210461214182885 ], [ 7.72066315802914, 11.210426243159134 ], [ 7.720919853203554, 11.209978603855006 ], [ 7.720984026247152, 11.209740795693392 ], [ 7.720948374222928, 11.209635880622102 ], [ 7.720805767126024, 11.209544953560339 ], [ 7.720541942946795, 11.209572931579373 ], [ 7.720413593859575, 11.209649869631619 ], [ 7.720363681825631, 11.209768773712426 ], [ 7.720449245883799, 11.20999958686923 ], [ 7.720292378777231, 11.210125485954791 ], [ 7.719971509559173, 11.210139473964318 ], [ 7.719942989539788, 11.210013575878747 ], [ 7.720128379665766, 11.209607902603125 ], [ 7.720206813719074, 11.209258185365513 ], [ 7.720556202956459, 11.208887483113642 ], [ 7.72067741903885, 11.208516780861771 ], [ 7.720683074042654, 11.208077281563135 ], [ 7.720720658068217, 11.207884598432202 ], [ 7.720739710081148, 11.207727791325681 ], [ 7.720795665119169, 11.20746820314929 ], [ 7.720988186249997, 11.207405254106504 ], [ 7.721159315366265, 11.207440226130302 ], [ 7.721316183472823, 11.20748918716356 ], [ 7.721323315477662, 11.207713008315636 ], [ 7.721468713576485, 11.207785752365055 ], [ 7.721544355627884, 11.207929834462959 ], [ 7.721444877560259, 11.208009580517114 ], [ 7.721375001512797, 11.208065596555173 ], [ 7.721368468508331, 11.208161602620407 ], [ 7.721472932579331, 11.208223472662439 ], [ 7.721674253716117, 11.20827107169481 ], [ 7.721758267773225, 11.208244581676809 ], [ 7.721908005874923, 11.20817463762927 ], [ 7.721929396889493, 11.207957812481936 ], [ 7.722079134991247, 11.207936829467712 ], [ 7.722271656122018, 11.207929834462959 ], [ 7.722257395112365, 11.20784590240595 ], [ 7.722072008986402, 11.207698819305961 ], [ 7.721850963836175, 11.207657053277615 ], [ 7.72170636473794, 11.207204427970055 ], [ 7.721872353850699, 11.207139465925934 ], [ 7.721908005874923, 11.207055532868878 ], [ 7.721608528671482, 11.20684569972633 ], [ 7.721590108658972, 11.206754189664139 ], [ 7.721568718644392, 11.206446434455074 ], [ 7.721625760683196, 11.206306546359997 ], [ 7.721732717755856, 11.206194634283975 ], [ 7.721640021692849, 11.205991795146133 ], [ 7.72176123877523, 11.20559311187526 ], [ 7.721661412707419, 11.205390271737429 ], [ 7.721390457523285, 11.205278360661396 ], [ 7.721390457523285, 11.205096504537835 ], [ 7.721483153586291, 11.204991587466566 ], [ 7.721893270864939, 11.204742079297034 ], [ 7.722226021091046, 11.204578874186154 ], [ 7.722142833034525, 11.204252464964327 ], [ 7.722226021091046, 11.204089259853447 ], [ 7.722487469268685, 11.203961027766354 ], [ 7.722689497405952, 11.203727877607946 ], [ 7.722903407551257, 11.203669589568335 ], [ 7.722998479615853, 11.203366495362388 ], [ 7.723331231841939, 11.203133344203934 ], [ 7.723461955930759, 11.202981796100971 ], [ 7.723533260979252, 11.20276030295048 ], [ 7.723640216051876, 11.202550466807907 ], [ 7.72394920026187, 11.202317315649509 ], [ 7.72394920026187, 11.202095822499018 ], [ 7.723818475173005, 11.201897643364362 ], [ 7.723652100059951, 11.201664491205918 ], [ 7.72371152010038, 11.201477970079225 ], [ 7.724032387318346, 11.201466312071318 ], [ 7.724353254536368, 11.201979246419796 ], [ 7.72454339866556, 11.202025876451501 ], [ 7.724662238746305, 11.201792725293046 ], [ 7.724614701714017, 11.201361394 ], [ 7.724638470730156, 11.20115155685744 ], [ 7.724163111407165, 11.200953376722794 ], [ 7.724091807358718, 11.200743539580174 ], [ 7.724483979625177, 11.200265577255436 ], [ 7.72488803489972, 11.200160658184188 ], [ 7.725035396999886, 11.20029355527447 ], [ 7.725006873980476, 11.200475415398046 ], [ 7.724864265883582, 11.200664267526349 ], [ 7.724956960946542, 11.200804159621384 ], [ 7.72516374308708, 11.200790170611867 ], [ 7.725320611193638, 11.200629294502562 ], [ 7.725349134213047, 11.200363501321988 ], [ 7.725506001319616, 11.200188637203155 ], [ 7.725727044469807, 11.200062734117637 ], [ 7.725819738532778, 11.199929837027355 ], [ 7.725743681481106, 11.199834243962357 ], [ 7.725413307256645, 11.199643057832475 ], [ 7.725327742198488, 11.199461197708899 ], [ 7.725391915242085, 11.199223381547313 ], [ 7.725597344381697, 11.199095988460783 ], [ 7.725577305368063, 11.19899489139209 ], [ 7.725391915242085, 11.198915618338219 ], [ 7.725313481188834, 11.198789715252644 ], [ 7.725220786125817, 11.19869179018616 ], [ 7.725120960058007, 11.198614850133879 ], [ 7.725049657009549, 11.198663812167126 ], [ 7.724992612970823, 11.198740753219397 ], [ 7.724871397888421, 11.198824688276432 ], [ 7.724778684825424, 11.198773406241571 ], [ 7.724875913891481, 11.198659615164274 ], [ 7.724856897878567, 11.19859433211991 ], [ 7.724780840826895, 11.198510396062886 ], [ 7.724719043784944, 11.198496407053369 ], [ 7.724604957707413, 11.198561690097733 ], [ 7.724505131639546, 11.198477755040699 ], [ 7.724291220494251, 11.198449776021675 ], [ 7.724094725360715, 11.198482515043963 ], [ 7.72392063624244, 11.198511521063665 ], [ 7.723724925109479, 11.198544128085814 ], [ 7.723620965038833, 11.198710909199121 ], [ 7.723573429006535, 11.198687594183298 ], [ 7.723592442019424, 11.19859433211991 ], [ 7.723445080919305, 11.198561690097733 ], [ 7.723426065906381, 11.198421798002698 ], [ 7.723373777870847, 11.198342524948828 ], [ 7.722356188179447, 11.198532019077561 ], [ 7.722373146190989, 11.19872781321061 ], [ 7.722225971091007, 11.19871450820159 ], [ 7.722152103040798, 11.199070549443491 ], [ 7.721645845696798, 11.198881695315151 ], [ 7.72125367343034, 11.198902678329432 ], [ 7.721108133331484, 11.198865750304321 ], [ 7.721071849306838, 11.198589086116328 ], [ 7.720976777242242, 11.198507482060904 ], [ 7.720547764950709, 11.19840605999201 ], [ 7.720248287747268, 11.198622893139316 ], [ 7.719942870539739, 11.199405124670818 ], [ 7.719669539354015, 11.199335178623301 ], [ 7.71920606303911, 11.199183628520302 ], [ 7.718980267885684, 11.199649935837158 ], [ 7.719009900905803, 11.199774934922061 ], [ 7.718813890772651, 11.200244477241085 ], [ 7.718671282675757, 11.200675808534186 ], [ 7.717162016650263, 11.20096724973223 ], [ 7.716815039414541, 11.201903262368205 ], [ 7.71663912329501, 11.202377817690603 ], [ 7.71508849324141, 11.201977383418523 ], [ 7.713145230921043, 11.201631734183707 ], [ 7.711374515717921, 11.201258689930228 ], [ 7.706014838076271, 11.200524260431223 ], [ 7.706680340528465, 11.195488117009404 ], [ 7.706549618439624, 11.195161697787626 ], [ 7.706527489424616, 11.194395296266862 ], [ 7.706121795148988, 11.194438910296526 ], [ 7.705253263558859, 11.194580388392637 ], [ 7.704446153010451, 11.194742014502424 ], [ 7.703935384663396, 11.194496710335784 ], [ 7.703305290235278, 11.194194094130182 ], [ 7.702210676491518, 11.194228309153402 ], [ 7.701391967935251, 11.194695383470787 ], [ 7.700804941536433, 11.194671305454392 ], [ 7.699181546433408, 11.194730357494507 ], [ 7.698549281003807, 11.194620430419832 ], [ 7.698094160694552, 11.194841106569754 ], [ 7.697566512336039, 11.194883074598295 ], [ 7.697238514113167, 11.194869084588788 ], [ 7.696899819883072, 11.195126723763849 ], [ 7.696482692599659, 11.195309751888203 ], [ 7.69577082711595, 11.195526246035286 ], [ 7.692641588989773, 11.194363953245556 ], [ 7.68929726671746, 11.19390846593609 ], [ 7.686719105965722, 11.194571810386776 ], [ 7.686918757101409, 11.194842271570565 ], [ 7.687184958282273, 11.19520599681772 ], [ 7.687432146450249, 11.195476459001441 ], [ 7.687660317605264, 11.195774900204242 ], [ 7.687983561824865, 11.196213233502078 ], [ 7.688164198947618, 11.196632914787244 ], [ 7.688336517064727, 11.19695117200348 ], [ 7.688912890456322, 11.197994541712376 ], [ 7.689726748009321, 11.198974159377997 ], [ 7.689800330059313, 11.198995538392523 ], [ 7.690078143248058, 11.199396351664859 ], [ 7.690276165382613, 11.199693770866929 ], [ 7.691075775925924, 11.200699124549999 ], [ 7.691586788273128, 11.201497671092625 ], [ 7.691894055481896, 11.201743359259524 ], [ 7.692292532752617, 11.20222824458898 ], [ 7.692582905949905, 11.202560485814729 ], [ 7.692747249061597, 11.202775028960502 ], [ 7.692785546087634, 11.202882423033486 ], [ 7.693252078404612, 11.203709918595735 ], [ 7.693815034787121, 11.204814239346035 ], [ 7.694259198088901, 11.205509022818148 ], [ 7.694649122353837, 11.207957868482026 ], [ 7.694930569545022, 11.208724384002835 ], [ 7.695045321623013, 11.20926285536865 ], [ 7.695392982859232, 11.209983744858505 ], [ 7.695958609243576, 11.211524196905145 ], [ 7.69620817341314, 11.212748199736779 ], [ 7.695269337775244, 11.212701570705121 ], [ 7.695198032726751, 11.21285311380808 ], [ 7.694556299290753, 11.212934713863547 ], [ 7.694259198088901, 11.212794827768505 ], [ 7.694247314080826, 11.212573341617997 ], [ 7.693308479442919, 11.212340199459561 ], [ 7.692602388963167, 11.212549996602149 ], [ 7.692060660595075, 11.212246942396234 ], [ 7.691704142352819, 11.2122236283804 ], [ 7.69157341726401, 11.212550027602163 ], [ 7.691238290036324, 11.212755193741543 ], [ 7.689812212067352, 11.212419467513428 ], [ 7.687929786788345, 11.2119298671808 ], [ 7.68770161463334, 11.211845935123733 ], [ 7.687045620187575, 11.211831947114263 ], [ 7.68597606046086, 11.211887901152295 ], [ 7.684093636181842, 11.211748015057253 ], [ 7.683494683774882, 11.21118846967704 ], [ 7.682867209348558, 11.210433082163775 ], [ 7.682512133107309, 11.210429868161611 ], [ 7.682490970092942, 11.209959878842255 ], [ 7.676648933123545, 11.209654011634427 ], [ 7.673958123295279, 11.208486830841423 ], [ 7.673791618182122, 11.208440360809846 ], [ 7.673151367747096, 11.208847703086576 ], [ 7.672844759538805, 11.209015568200641 ], [ 7.672573838354708, 11.209238795352348 ], [ 7.672338503194794, 11.209358292433535 ], [ 7.672195894097911, 11.209491184523813 ], [ 7.671967721942849, 11.209959806842221 ], [ 7.671889287889599, 11.210337502098866 ], [ 7.671910679904101, 11.210519355222402 ], [ 7.671910679904101, 11.210966991526561 ], [ 7.67199624296228, 11.211169827664378 ], [ 7.67208893802524, 11.21141462883071 ], [ 7.672096070030079, 11.211617463968537 ], [ 7.672195894097911, 11.211904231163373 ], [ 7.671743113790285, 11.211908311166155 ], [ 7.671101379354241, 11.211915305170919 ], [ 7.67001756061785, 11.211922299175626 ], [ 7.669076347978319, 11.211901317161391 ], [ 7.668627132673123, 11.21195027719466 ], [ 7.668263483426017, 11.212013225237399 ], [ 7.667757226082017, 11.211915305170919 ], [ 7.666930099520073, 11.211691487018811 ], [ 7.666523668243883, 11.211502640890501 ], [ 7.665824888769123, 11.211117952629138 ], [ 7.665368544459056, 11.210908123486547 ], [ 7.66489080813443, 11.210621356291711 ], [ 7.664669765984229, 11.210467480187162 ], [ 7.664377419785637, 11.210166722982819 ], [ 7.664149247630576, 11.210061807911529 ], [ 7.66379985939318, 11.209830993754679 ], [ 7.662986993840889, 11.209292428388778 ], [ 7.661532393852553, 11.209075603241445 ], [ 7.660983354479526, 11.208579001904013 ], [ 7.658012951461274, 11.207320592048973 ], [ 7.656354669334519, 11.210169300984546 ], [ 7.654188315862598, 11.213215674054425 ], [ 7.652690495844922, 11.215320061484249 ], [ 7.652365700624216, 11.217240629789217 ], [ 7.652360312620544, 11.217333584852383 ], [ 7.65240785865285, 11.218638400738939 ], [ 7.652300716580044, 11.221470022662857 ], [ 7.65192171732258, 11.221431155636481 ], [ 7.651153921800869, 11.221033214366059 ], [ 7.650316863232149, 11.220649430105311 ], [ 7.649823819897108, 11.220423374951736 ], [ 7.649194281469363, 11.220051307698895 ], [ 7.645985604289251, 11.219316925199962 ], [ 7.64271705706841, 11.219313180197389 ], [ 7.640637809655686, 11.218722423796009 ], [ 7.640091147284238, 11.218384373566323 ], [ 7.639389992807821, 11.217078795679242 ], [ 7.638688836331426, 11.215679955728774 ], [ 7.638386708126177, 11.214135460679358 ], [ 7.638015225873744, 11.213536864272669 ], [ 7.637001311184861, 11.211903055162566 ], [ 7.636607712917396, 11.211355393790484 ], [ 7.633981556133051, 11.210010044876356 ], [ 7.631261345284827, 11.209839727760652 ], [ 7.627410932668624, 11.213371856160563 ], [ 7.62473743985214, 11.216336566174903 ], [ 7.624689499819567, 11.217708272106961 ], [ 7.624594427754971, 11.218687452772258 ], [ 7.62409530241581, 11.222977161686913 ], [ 7.622692992462987, 11.224469219700666 ], [ 7.620530104993406, 11.226963737395579 ], [ 7.618961419927587, 11.228479087425228 ], [ 7.618396334543661, 11.232862241403325 ], [ 7.618320278491979, 11.234951047822619 ], [ 7.618548449646994, 11.238233429052798 ], [ 7.619715883440222, 11.248897754298753 ], [ 7.620884984234578, 11.251592350129556 ], [ 7.622047097024165, 11.254066659810746 ], [ 7.623054857708894, 11.25677071664802 ], [ 7.623168943786425, 11.262943331842052 ], [ 7.622103463062444, 11.266056870957527 ], [ 7.621009647319283, 11.270390529902045 ], [ 7.618667561727932, 11.277690310861942 ], [ 7.627903094003045, 11.283531358830658 ], [ 7.629092178810936, 11.284061405190755 ], [ 7.631040466134721, 11.284929868780864 ], [ 7.634593967549165, 11.286294264707919 ], [ 7.638955200512441, 11.287796793728774 ], [ 7.641949965547212, 11.288845661441428 ], [ 7.64792911560977, 11.290018353238224 ], [ 7.648148648758934, 11.290237859387389 ], [ 7.648319776875212, 11.290713341710443 ], [ 7.648414849939797, 11.290993037900478 ], [ 7.648462385972095, 11.291216794052502 ], [ 7.649280002527632, 11.291272733090523 ], [ 7.649521458691709, 11.291073810955368 ], [ 7.649833117903427, 11.291268659087791 ], [ 7.650449388322158, 11.291608367318588 ], [ 7.650097622083194, 11.291813477457936 ], [ 7.649916985960431, 11.29204655461632 ], [ 7.650496924354456, 11.292382188844329 ], [ 7.650858196599927, 11.292671206040723 ], [ 7.651666309148993, 11.293006838268752 ], [ 7.652227231530162, 11.293025484281429 ], [ 7.652483926704576, 11.292587297983744 ], [ 7.652702590853096, 11.292307602793699 ], [ 7.653263516234233, 11.292186402711309 ], [ 7.653757889570159, 11.291981292571961 ], [ 7.655012839422852, 11.292037231609982 ], [ 7.655476313737722, 11.292363541831662 ], [ 7.655737761915361, 11.292841353156348 ], [ 7.655820949971883, 11.293004507267199 ], [ 7.656106165165681, 11.293097738330516 ], [ 7.656320077311022, 11.293167662378039 ], [ 7.656575646484669, 11.29288154718364 ], [ 7.656961812747056, 11.292876314180091 ], [ 7.65702590579059, 11.293025402281387 ], [ 7.657544128142717, 11.29319097039388 ], [ 7.657762249290897, 11.293046845295976 ], [ 7.657991069446382, 11.292974461246786 ], [ 7.658067023498006, 11.293121046346357 ], [ 7.658043255481857, 11.293493969599751 ], [ 7.658589918853295, 11.29378531679771 ], [ 7.660408169088726, 11.294449587249062 ], [ 7.660705269290588, 11.295148815724133 ], [ 7.661038019516639, 11.295346930858784 ], [ 7.662107579243354, 11.296174349420937 ], [ 7.662986993840889, 11.296675460761435 ], [ 7.663985248519168, 11.297479568307779 ], [ 7.663973364511094, 11.297934062616605 ], [ 7.663890176454572, 11.298656591107545 ], [ 7.66393771348686, 11.299017854352996 ], [ 7.664009015535328, 11.29925092651132 ], [ 7.664092203591849, 11.29960053574888 ], [ 7.664311552740855, 11.300022482035558 ], [ 7.668300877451429, 11.297439406280489 ], [ 7.668715074732859, 11.296955150951476 ], [ 7.668830038810938, 11.296909729920628 ], [ 7.669269746109705, 11.297713837466972 ], [ 7.669344332160392, 11.29774818649031 ], [ 7.66952259228151, 11.298144411759495 ], [ 7.669770075449662, 11.298755099174457 ], [ 7.670081138661033, 11.299368045590938 ], [ 7.671079395339291, 11.300556715398557 ], [ 7.671501670626242, 11.301014078709329 ], [ 7.671751234795806, 11.301153921804314 ], [ 7.67202456698152, 11.301258803875612 ], [ 7.672333552191446, 11.301410299978556 ], [ 7.673355572885839, 11.303286516253308 ], [ 7.67393788928149, 11.30404399076798 ], [ 7.674389479588342, 11.304463515053044 ], [ 7.674864839911322, 11.30513941251229 ], [ 7.675007447008227, 11.305523974773564 ], [ 7.675328315226238, 11.306153257201174 ], [ 7.676041354710719, 11.306537818462459 ], [ 7.676694974154827, 11.306467898414951 ], [ 7.677092738425074, 11.306349304334333 ], [ 7.677449606667551, 11.306164522208803 ], [ 7.678043807071276, 11.30597806808214 ], [ 7.678435978337745, 11.305954762066278 ], [ 7.678828148604225, 11.306013028105895 ], [ 7.679089596781864, 11.305919802042524 ], [ 7.679410463999886, 11.305908148034632 ], [ 7.67979075225827, 11.305919802042524 ], [ 7.680218574548917, 11.305861535002919 ], [ 7.680468138718481, 11.305931455050427 ], [ 7.680979151065742, 11.305954762066278 ], [ 7.681822914638985, 11.306222789248409 ], [ 7.682310157970051, 11.306246096264204 ], [ 7.682773634284956, 11.306444203398826 ], [ 7.683379715696788, 11.306490816430482 ], [ 7.684247247286237, 11.30639758936718 ], [ 7.684484927447727, 11.306257749272163 ], [ 7.684104639189343, 11.307015215786805 ], [ 7.683878844035917, 11.307481349103512 ], [ 7.683700584914789, 11.307819295333161 ], [ 7.683605511850203, 11.308133932546923 ], [ 7.683620538860396, 11.308258835631818 ], [ 7.683619578859748, 11.308261643633728 ], [ 7.683422254725713, 11.308826476017487 ], [ 7.683193772570462, 11.309143003232521 ], [ 7.682996968436726, 11.309378997392912 ], [ 7.683181849562345, 11.30944399543705 ], [ 7.683486079769068, 11.309658413582724 ], [ 7.683780802969295, 11.309574510525749 ], [ 7.684018483130785, 11.309406704411742 ], [ 7.684294191318145, 11.309192285266022 ], [ 7.684826594679862, 11.309499930475056 ], [ 7.685710763280611, 11.30968638160175 ], [ 7.685967458455025, 11.309705026614438 ], [ 7.686072035526081, 11.309602478544718 ], [ 7.686537887842633, 11.309788929671413 ], [ 7.686690002945966, 11.309425350424362 ], [ 7.686956205126819, 11.309369414386367 ], [ 7.687337025385602, 11.30938273239542 ], [ 7.687631215585498, 11.309388059399055 ], [ 7.688553412212059, 11.309145672234365 ], [ 7.688962221489817, 11.309108382209047 ], [ 7.689313986728848, 11.308931252088655 ], [ 7.689808362064753, 11.30884734903168 ], [ 7.706176063185808, 11.310041559843057 ], [ 7.706413667347249, 11.312630857602358 ], [ 7.706898137676433, 11.313509442199347 ], [ 7.707016372756812, 11.314077279585149 ], [ 7.706978344730942, 11.314748495041215 ], [ 7.707057656784855, 11.31593016984408 ], [ 7.706816721621124, 11.317023152586728 ], [ 7.706567780451962, 11.318093116313719 ], [ 7.707092430808473, 11.318067253296135 ], [ 7.707330110969963, 11.318197765384809 ], [ 7.707662863196049, 11.318281666441862 ], [ 7.707691384215423, 11.317451980878104 ], [ 7.707891035351054, 11.316640937327008 ], [ 7.708166742538424, 11.316016338902671 ], [ 7.70837590168054, 11.315801924756954 ], [ 7.70897485508749, 11.315848536788621 ], [ 7.709659371552561, 11.316081595946969 ], [ 7.710134730875552, 11.316296010092685 ], [ 7.71057206217273, 11.316323977111665 ], [ 7.711132985553832, 11.316407879168707 ], [ 7.711722431954342, 11.316640937327008 ], [ 7.712280471333486, 11.316968220549427 ], [ 7.712530543503419, 11.317246888738737 ], [ 7.713024916839288, 11.317666394023775 ], [ 7.714013664511128, 11.318374888505161 ], [ 7.714797993044044, 11.317935553206667 ], [ 7.715102247250741, 11.317892835177645 ], [ 7.715373194434846, 11.317899452182132 ], [ 7.715667914635105, 11.317955385220159 ], [ 7.715991159854752, 11.318318955467191 ], [ 7.71608377391766, 11.318522806605699 ], [ 7.716808778410268, 11.319120671011888 ], [ 7.718710215702174, 11.321339361519392 ], [ 7.717129844628403, 11.322474532290698 ], [ 7.718712962704046, 11.323357760890815 ], [ 7.720022207593615, 11.32423855048927 ], [ 7.721077506310678, 11.324947028970655 ], [ 7.721179651380055, 11.324992108001254 ], [ 7.721137420351397, 11.325092671069569 ], [ 7.721007885263361, 11.325406126282587 ], [ 7.719188446027147, 11.329310877935654 ], [ 7.717287007735194, 11.333831981007563 ], [ 7.716461418174276, 11.33608255153672 ], [ 7.716646809300187, 11.33623636064118 ], [ 7.717973062201338, 11.336809645030712 ], [ 7.715433106475587, 11.342361288802806 ], [ 7.714479169827428, 11.344406722192559 ], [ 7.713267003003807, 11.348391609900148 ], [ 7.713671058278351, 11.350418989277614 ], [ 7.714669312956573, 11.35274929086097 ], [ 7.715952782828651, 11.356314616283441 ], [ 7.716855966442324, 11.358528357787577 ], [ 7.71752055189387, 11.361396980736686 ], [ 7.717789493076623, 11.361671762923379 ], [ 7.717998252218479, 11.363082021881553 ], [ 7.717748107048521, 11.364561313886668 ], [ 7.719573488288745, 11.367888814147534 ], [ 7.71971609538565, 11.368322225442057 ], [ 7.71984444347288, 11.368755635736534 ], [ 7.720001310579448, 11.369007292907497 ], [ 7.720486177908867, 11.369706340382493 ], [ 7.720994808254488, 11.370172678699362 ], [ 7.721169672373264, 11.370197865716477 ], [ 7.721790015794795, 11.370302722787699 ], [ 7.722638534371299, 11.370470493901678 ], [ 7.723273137802494, 11.370547387953934 ], [ 7.724036089320862, 11.370764092101183 ], [ 7.725682917439826, 11.370886713184518 ], [ 7.726139554750091, 11.37099477625793 ], [ 7.726546670026721, 11.37095102622817 ], [ 7.726881117253924, 11.370840987153429 ], [ 7.727059376375053, 11.370882929181903 ], [ 7.727204262473492, 11.370972611242848 ], [ 7.727522851689969, 11.370945843224661 ], [ 7.727872240927354, 11.370945843224661 ], [ 7.728542497382762, 11.371099633329152 ], [ 7.728899017624997, 11.371253422433654 ], [ 7.729162841804282, 11.371400220533417 ], [ 7.72984022826455, 11.371651875704401 ], [ 7.730125445458327, 11.371637894694857 ], [ 7.73040352864723, 11.371470124580867 ], [ 7.730852744952472, 11.371274393447891 ], [ 7.731011492060361, 11.371241044425233 ], [ 7.73115222115598, 11.371211480405179 ], [ 7.731965085708282, 11.370966815238944 ], [ 7.732578300124885, 11.370764092101183 ], [ 7.733626465837119, 11.37057534997291 ], [ 7.734795850631656, 11.37061729300143 ], [ 7.735373412024046, 11.370582340977705 ], [ 7.735715671256628, 11.370486804912787 ], [ 7.736452896757498, 11.370048080614652 ], [ 7.736823679009433, 11.369777783431005 ], [ 7.737327559351797, 11.36969389837401 ], [ 7.737660309577905, 11.369498165241055 ], [ 7.737821932687723, 11.369395638171397 ], [ 7.737945525771693, 11.369134659994074 ], [ 7.738848709385366, 11.368948246867376 ], [ 7.739438155785876, 11.368929605854703 ], [ 7.739723370979675, 11.368855040804078 ], [ 7.740997472845322, 11.368858277806282 ], [ 7.741206481987376, 11.368677943683736 ], [ 7.741330086071343, 11.368416969506427 ], [ 7.7415868202458, 11.368297199425058 ], [ 7.742461440840032, 11.368491535557098 ], [ 7.743084163263177, 11.368566100607723 ], [ 7.743559521586121, 11.368676783682929 ], [ 7.744118068965633, 11.368869021813566 ], [ 7.744522125240167, 11.368933100857078 ], [ 7.745099062632164, 11.369115525981044 ], [ 7.745557615943767, 11.369277965091442 ], [ 7.745852339143994, 11.369455057211724 ], [ 7.746080512299045, 11.369529622262405 ], [ 7.746461592557978, 11.36953654026712 ], [ 7.746593899647849, 11.369538942268719 ], [ 7.746823425803825, 11.369610036317056 ], [ 7.747069258970839, 11.369688072370081 ], [ 7.747293182122974, 11.369805677449961 ], [ 7.747523227279316, 11.369830212466638 ], [ 7.747765660444031, 11.370039924609159 ], [ 7.74802235361841, 11.370214686727877 ], [ 7.748578524996333, 11.370459351894112 ], [ 7.749013479291818, 11.370773922107844 ], [ 7.749384259543774, 11.370934702217085 ], [ 7.749776430810243, 11.371095482326325 ], [ 7.750197125096065, 11.371249271430827 ], [ 7.750418166246277, 11.371375098516353 ], [ 7.750667225415498, 11.371434143556428 ], [ 7.750874666556456, 11.371446635564951 ], [ 7.75117641376147, 11.371497639599568 ], [ 7.75162383306548, 11.371492539596147 ], [ 7.751842340213898, 11.3715282426204 ], [ 7.752071253369479, 11.371655752706999 ], [ 7.752487454652226, 11.371910773880302 ], [ 7.752903658935054, 11.372084186998109 ], [ 7.753751673511204, 11.372374910195674 ], [ 7.754022205695037, 11.372466718258011 ], [ 7.754318580896438, 11.372499598280399 ], [ 7.754816426234697, 11.372430236233242 ], [ 7.755590165760395, 11.374188938428176 ], [ 7.756267553220653, 11.37572681247309 ], [ 7.757087549777793, 11.377113221415129 ], [ 7.760005240760222, 11.375406427255427 ], [ 7.763026390812968, 11.377801380882659 ], [ 7.764804235020904, 11.379283311889594 ], [ 7.765222551305158, 11.379348554933927 ], [ 7.765935589789649, 11.379348554933927 ], [ 7.766658137280558, 11.379479039022556 ], [ 7.76698138050017, 11.379469718016253 ], [ 7.76757082690068, 11.379152827800908 ] ] ] ] } },
{ "type": "Feature", "properties": { "fid": 361.0, "OBJECTID": 361.0, "lganame": "Kaduna North", "statecode": "KD", "LGA_UID": "18_09" }, "geometry": { "type": "MultiPolygon", "coordinates": [ [ [ [ 7.460862705506941, 10.612239091719061 ], [ 7.465639923752803, 10.61117880799867 ], [ 7.454931438476933, 10.601222378233729 ], [ 7.455020615537535, 10.601122695165998 ], [ 7.45674010370584, 10.599200655860102 ], [ 7.457162181992601, 10.599056718762256 ], [ 7.457212666026919, 10.5990395027506 ], [ 7.457540504249664, 10.598490594377608 ], [ 7.458594004965448, 10.59854650741562 ], [ 7.459128785328801, 10.598733406542635 ], [ 7.461458045911456, 10.597541917733054 ], [ 7.461850218177915, 10.597051304399713 ], [ 7.462658328727002, 10.595766357526657 ], [ 7.463359484203352, 10.594761759844062 ], [ 7.463955663608431, 10.593202290784461 ], [ 7.46400835364426, 10.592231191124654 ], [ 7.464074503689176, 10.5910120112963 ], [ 7.463421813245702, 10.590600318016584 ], [ 7.462784904812963, 10.59021543375502 ], [ 7.463005946963165, 10.590026192626453 ], [ 7.463084381016472, 10.589738826431187 ], [ 7.46326264113759, 10.589528557288361 ], [ 7.463291163156953, 10.58939538719784 ], [ 7.463462292273221, 10.589171100045462 ], [ 7.463562118341088, 10.588925786878804 ], [ 7.463768899481579, 10.588358060493022 ], [ 7.463997071636584, 10.588035646273966 ], [ 7.464228162793631, 10.587814123123451 ], [ 7.464307022847208, 10.587574056960364 ], [ 7.464260895815869, 10.587341755802527 ], [ 7.464210982781935, 10.587082422626338 ], [ 7.464232373796449, 10.586914205512016 ], [ 7.464296547840092, 10.586731972388179 ], [ 7.464310808849746, 10.586556746269139 ], [ 7.464359225882674, 10.586481307217866 ], [ 7.46447480796121, 10.586416566173909 ], [ 7.464510459985433, 10.586269376073858 ], [ 7.464560372019321, 10.58603106891195 ], [ 7.464631676067768, 10.585820797769088 ], [ 7.464881426237469, 10.58566766266506 ], [ 7.465088021377824, 10.58556146359291 ], [ 7.465130004406376, 10.585470628531198 ], [ 7.465124488402637, 10.585282299403218 ], [ 7.465145065416607, 10.585063821254778 ], [ 7.465373236571622, 10.584734395030921 ], [ 7.465686973784784, 10.584292823730891 ], [ 7.465945289960302, 10.584189053660396 ], [ 7.465986450988282, 10.583865270440413 ], [ 7.46615045009969, 10.583622756275645 ], [ 7.466228884152997, 10.58350360119465 ], [ 7.466385753259601, 10.583447529156558 ], [ 7.466578273390382, 10.583314356066069 ], [ 7.466713751482473, 10.583391456118477 ], [ 7.466820706555097, 10.583412483132747 ], [ 7.466969176655994, 10.583425180141376 ], [ 7.467291312874863, 10.583132118942274 ], [ 7.467555137054148, 10.582809699723214 ], [ 7.467783310209143, 10.582837736742249 ], [ 7.467975830339981, 10.582809699723214 ], [ 7.468075542407746, 10.582705557652446 ], [ 7.468204003494975, 10.58257139056127 ], [ 7.468344233590301, 10.582588913573204 ], [ 7.468480899683129, 10.582588913573204 ], [ 7.468653216800249, 10.582530503533519 ], [ 7.468801766901151, 10.582507140517635 ], [ 7.468837418925375, 10.582390322438243 ], [ 7.468855244937515, 10.58220341231123 ], [ 7.469011042043348, 10.582225596326339 ], [ 7.469283069228197, 10.582215094319167 ], [ 7.469413793317017, 10.58219757130729 ], [ 7.469496980373492, 10.582092434235847 ], [ 7.469607417448572, 10.581970065152689 ], [ 7.469920236661096, 10.581836029061662 ], [ 7.470025817732846, 10.581695249966003 ], [ 7.470198135849898, 10.581520021846927 ], [ 7.470328858938728, 10.581368156743736 ], [ 7.470908984332937, 10.581237915655265 ], [ 7.471065667439348, 10.581099472561164 ], [ 7.471184505520114, 10.580941768454011 ], [ 7.471333055621074, 10.580807426362753 ], [ 7.471434069689678, 10.580620515235751 ], [ 7.471850009972286, 10.579884551735688 ], [ 7.471309663605155, 10.579208811276544 ], [ 7.470687360182353, 10.578328413678378 ], [ 7.470378375972359, 10.576926568725867 ], [ 7.470877503311499, 10.574543418106657 ], [ 7.47135286263449, 10.572160248487421 ], [ 7.471471702715235, 10.571599499106412 ], [ 7.472330688298882, 10.56942599262959 ], [ 7.472935898710091, 10.568470394980295 ], [ 7.475420927398545, 10.567690147450151 ], [ 7.477381784730881, 10.56758500537876 ], [ 7.480340897741428, 10.567479863307312 ], [ 7.483014794558244, 10.566778916831026 ], [ 7.485439128205485, 10.564886352545102 ], [ 7.487053292302221, 10.562539201950358 ], [ 7.487150423368178, 10.56239796485437 ], [ 7.487221726416635, 10.561031094925681 ], [ 7.487395487534741, 10.557749931696264 ], [ 7.487297960468425, 10.556923678134865 ], [ 7.486298548789421, 10.555529932187881 ], [ 7.48535668614943, 10.554847980724503 ], [ 7.483512603896486, 10.551754681622754 ], [ 7.483283685740957, 10.551325462331135 ], [ 7.482560820249773, 10.549970086410212 ], [ 7.481953283837015, 10.549271420935497 ], [ 7.481141066285147, 10.548337371300875 ], [ 7.48089519611807, 10.548054620108758 ], [ 7.47950321217229, 10.546198639847717 ], [ 7.478575221541746, 10.544985115023167 ], [ 7.478123124234571, 10.544128509441123 ], [ 7.476926015421213, 10.543574006064375 ], [ 7.476189206920594, 10.542826271556351 ], [ 7.475523704468401, 10.542125269080032 ], [ 7.47504834514541, 10.541120496397355 ], [ 7.475214720258464, 10.539648380397125 ], [ 7.4754466964161, 10.537998667276213 ], [ 7.473471278073873, 10.532231204357515 ], [ 7.472567083459523, 10.530565581225801 ], [ 7.471377351651142, 10.528424066770697 ], [ 7.470901460327809, 10.527139157897693 ], [ 7.469915346657785, 10.524360641009821 ], [ 7.468807534905068, 10.522189878534903 ], [ 7.465761823835635, 10.518287562883415 ], [ 7.464907164254953, 10.516969223987701 ], [ 7.464299818842278, 10.514462084284219 ], [ 7.463252856130907, 10.511035659956121 ], [ 7.462158304387231, 10.50870378837169 ], [ 7.457970452541758, 10.506657451981312 ], [ 7.45391925078917, 10.504924854804131 ], [ 7.451466396122612, 10.50066220990783 ], [ 7.449184670572265, 10.499484364107559 ], [ 7.447131118176969, 10.497296921621285 ], [ 7.445204644867999, 10.494724454873392 ], [ 7.444737045550312, 10.493817885257442 ], [ 7.447037589113393, 10.491096490408381 ], [ 7.446552721783974, 10.490577661055852 ], [ 7.446000755408932, 10.489907270600384 ], [ 7.445562945111476, 10.489361006229217 ], [ 7.444460111362162, 10.489417096267289 ], [ 7.444003766052106, 10.489847117559464 ], [ 7.442669857145745, 10.489464655299628 ], [ 7.441943808652411, 10.488883863905016 ], [ 7.440771321855777, 10.487996150301854 ], [ 7.439993749327471, 10.489257603158933 ], [ 7.437635812725375, 10.49256442540576 ], [ 7.436031474635286, 10.493826431263244 ], [ 7.434488257586736, 10.494833247947327 ], [ 7.433697973049789, 10.495044727090999 ], [ 7.43253809626168, 10.495026031078339 ], [ 7.430940889176441, 10.494596015786158 ], [ 7.429202623995423, 10.494069453428381 ], [ 7.427943234139718, 10.494125573466476 ], [ 7.426479127144887, 10.494181661504626 ], [ 7.42507206218886, 10.494200357517286 ], [ 7.42412134254289, 10.494817335936546 ], [ 7.423265695961561, 10.496126073825735 ], [ 7.422086805160518, 10.498014386108764 ], [ 7.421791525959918, 10.498920757724591 ], [ 7.420981724409671, 10.50022719561224 ], [ 7.419946498706281, 10.501200886273864 ], [ 7.419067377109002, 10.501811725688867 ], [ 7.41852041973732, 10.502191767947124 ], [ 7.418482391711507, 10.502715251302789 ], [ 7.418482391711507, 10.504902653789031 ], [ 7.419014794073234, 10.505856132436861 ], [ 7.418831258948558, 10.506988095205998 ], [ 7.418805635931108, 10.507146128313366 ], [ 7.418881693982826, 10.508211772037384 ], [ 7.418895663992316, 10.508314164106991 ], [ 7.419008432068949, 10.50914070266856 ], [ 7.419027966082183, 10.509283875765846 ], [ 7.419090853124942, 10.509744798079055 ], [ 7.419178233184311, 10.509938902210934 ], [ 7.419230445219796, 10.51005488428973 ], [ 7.419398823334177, 10.510428910543851 ], [ 7.419604241473735, 10.510885214853886 ], [ 7.421091951484584, 10.51125870510765 ], [ 7.421578365815094, 10.511481405258962 ], [ 7.421588699822109, 10.511746340439004 ], [ 7.422862745687723, 10.515220380799406 ], [ 7.422871643693782, 10.515226211803395 ], [ 7.423033680803883, 10.515549825023299 ], [ 7.423516905132203, 10.516514902678978 ], [ 7.423535965145163, 10.516552967704854 ], [ 7.423534018143869, 10.516557572707995 ], [ 7.423484008109881, 10.516675894788364 ], [ 7.423480371107416, 10.516837391898093 ], [ 7.423801378325493, 10.517598739415405 ], [ 7.423842971353793, 10.517695716481285 ], [ 7.424217316608122, 10.518568536074326 ], [ 7.424277254648814, 10.518694909160217 ], [ 7.424564905844306, 10.519301394572267 ], [ 7.424752095971485, 10.519696067840471 ], [ 7.425120499221805, 10.520513964396173 ], [ 7.425206957280523, 10.520720612536593 ], [ 7.425206979280517, 10.520720664536611 ], [ 7.42521322228481, 10.520735587546767 ], [ 7.425465135455966, 10.521337699955836 ], [ 7.425584178536837, 10.521631859155718 ], [ 7.426136579912168, 10.522996849083199 ], [ 7.426157971926727, 10.524172268881841 ], [ 7.425897711749883, 10.52504039447166 ], [ 7.425004037142628, 10.526797668665665 ], [ 7.423939232419173, 10.528349296719909 ], [ 7.423737937282397, 10.528765158002443 ], [ 7.423425844070323, 10.529713974647166 ], [ 7.423427604071549, 10.529819616718953 ], [ 7.423444857083268, 10.530854318421973 ], [ 7.423758282296205, 10.532279487390269 ], [ 7.423890606386124, 10.532806954748708 ], [ 7.424090282521774, 10.53360289228948 ], [ 7.424383647721129, 10.534647912999503 ], [ 7.423536968145868, 10.53488684516185 ], [ 7.423080622835812, 10.537064672641577 ], [ 7.423048746814118, 10.537193092728842 ], [ 7.422611578517092, 10.538954340925557 ], [ 7.422546934473189, 10.539656396402563 ], [ 7.422339062331957, 10.540831438200939 ], [ 7.422196833235319, 10.540870269227298 ], [ 7.421871020013896, 10.540959222287768 ], [ 7.420516059093302, 10.541329151539117 ], [ 7.420042719771686, 10.541471981636164 ], [ 7.419795888603971, 10.541546462686767 ], [ 7.419189806192151, 10.54294739863866 ], [ 7.4189616330371, 10.543349305911704 ], [ 7.418353172623711, 10.544526984711865 ], [ 7.418229579539741, 10.546237415874032 ], [ 7.418151106486391, 10.547254828565315 ], [ 7.420263618921751, 10.547841729964091 ], [ 7.421000426422381, 10.54806079011297 ], [ 7.42167187187863, 10.547984849061322 ], [ 7.421867957011841, 10.548227275226054 ], [ 7.422723603593226, 10.548349948309408 ], [ 7.42269290457233, 10.548496207408789 ], [ 7.422646358540703, 10.548717966559479 ], [ 7.422759122617322, 10.548739082573832 ], [ 7.423007091785848, 10.548785516605392 ], [ 7.423145485879843, 10.548811431622994 ], [ 7.42335545202252, 10.54879072560891 ], [ 7.42409323352382, 10.548717966559479 ], [ 7.424646112899438, 10.548810023622025 ], [ 7.426795946360187, 10.549398871022106 ], [ 7.42680664936745, 10.549432667045096 ], [ 7.427000966499463, 10.549973926412861 ], [ 7.427127515585482, 10.550326423652336 ], [ 7.427075858550381, 10.550369188681373 ], [ 7.427005522502554, 10.550427418720972 ], [ 7.426634234250287, 10.550376467686363 ], [ 7.422364417349172, 10.549790531288238 ], [ 7.421707607902874, 10.553144363567014 ], [ 7.420406887019112, 10.555627661254277 ], [ 7.417047324736416, 10.557873953780529 ], [ 7.414981687332954, 10.559255086718963 ], [ 7.41252883166635, 10.560582243620672 ], [ 7.412663432757768, 10.561350155142463 ], [ 7.41364117342215, 10.566928215932478 ], [ 7.414354212906574, 10.570526390377267 ], [ 7.413688709454448, 10.573657233504548 ], [ 7.413478956311906, 10.574271457921839 ], [ 7.413193740118118, 10.575776117944201 ], [ 7.412737393808072, 10.579607827547648 ], [ 7.413233413145065, 10.58096052046676 ], [ 7.413859241570265, 10.582149813274839 ], [ 7.414429674957887, 10.582766614693924 ], [ 7.4152282765005, 10.584523559887657 ], [ 7.416224156177122, 10.587355210811666 ], [ 7.415061745387334, 10.588008007255212 ], [ 7.418993802058992, 10.59555177738082 ], [ 7.421575575813165, 10.597665119816781 ], [ 7.424578373853421, 10.606149964581789 ], [ 7.429034869881434, 10.609023465534221 ], [ 7.432386153158461, 10.610600375605657 ], [ 7.434945953897738, 10.61191307349759 ], [ 7.435117553014322, 10.611483917205987 ], [ 7.443000930370715, 10.615150241697052 ], [ 7.451319722022902, 10.618607684046253 ], [ 7.45307855121797, 10.61683224583993 ], [ 7.460862705506941, 10.612239091719061 ] ] ] ] } },
{ "type": "Feature", "properties": { "fid": 366.0, "OBJECTID": 366.0, "lganame": "Makarfi", "statecode": "KD", "LGA_UID": "18_18" }, "geometry": { "type": "MultiPolygon", "coordinates": [ [ [ [ 7.956417187212935, 11.46663780524284 ], [ 7.955732668747828, 11.463264874951108 ], [ 7.954743922076034, 11.458904230988253 ], [ 7.954610820985579, 11.45702205170943 ], [ 7.95483899414063, 11.455903919949662 ], [ 7.956439010227768, 11.451009427624115 ], [ 7.957558049988052, 11.448300504783504 ], [ 7.958946098931222, 11.44656734460591 ], [ 7.961012666335307, 11.445355008782201 ], [ 7.965372959297952, 11.443846448757199 ], [ 7.965905361659679, 11.443026448200044 ], [ 7.966017161735635, 11.442093704566275 ], [ 7.966425088012841, 11.43869965926018 ], [ 7.967363922650691, 11.437336847334223 ], [ 7.968041310110948, 11.436008972431978 ], [ 7.968374062337034, 11.434809220616842 ], [ 7.968813768635812, 11.433225074540474 ], [ 7.968929228714273, 11.432847845284186 ], [ 7.969419853047611, 11.432526184065637 ], [ 7.970667670895466, 11.431186638155452 ], [ 7.970513178790497, 11.429334560897075 ], [ 7.970620134863168, 11.428577419382634 ], [ 7.970655335887045, 11.427667945764654 ], [ 7.968987572753917, 11.427795928851651 ], [ 7.967609029817254, 11.427341641542966 ], [ 7.965814547597972, 11.426759221147222 ], [ 7.965648172484919, 11.426200095767342 ], [ 7.965660056492993, 11.425629321379517 ], [ 7.965660056492993, 11.424732386770074 ], [ 7.965553101420369, 11.42428974346933 ], [ 7.965006437048885, 11.423451046899459 ], [ 7.964566729750175, 11.422752132424591 ], [ 7.964719155853686, 11.420236048715026 ], [ 7.964923248992363, 11.419851617453844 ], [ 7.965244117210375, 11.419653589319296 ], [ 7.965481797371865, 11.418989610868152 ], [ 7.9657551275576, 11.418558606575289 ], [ 7.965790779581823, 11.418220792345778 ], [ 7.965850199622196, 11.417813085068758 ], [ 7.966682079187422, 11.41685788241972 ], [ 7.96733569863153, 11.415867728747003 ], [ 7.967858593986819, 11.414830977042527 ], [ 7.968844964657023, 11.413689380266874 ], [ 7.969641192198026, 11.414062146520166 ], [ 7.971501072461706, 11.415405447432875 ], [ 7.971542630489921, 11.415727941651994 ], [ 7.971673353578751, 11.416438523134786 ], [ 7.97195664377125, 11.416755877350454 ], [ 7.972006104804848, 11.416811286388054 ], [ 7.972552769176275, 11.417020964530536 ], [ 7.97366986293531, 11.417277238704685 ], [ 7.974454206468238, 11.417696596989629 ], [ 7.974870145750856, 11.417917924139999 ], [ 7.975286085033474, 11.417638352950007 ], [ 7.976046660550196, 11.416310386047769 ], [ 7.977068683244624, 11.415215391303718 ], [ 7.977861409783259, 11.411961355092785 ], [ 7.978365860126019, 11.410070578808075 ], [ 7.97839969014899, 11.408505541744717 ], [ 7.975476229162666, 11.408552138776372 ], [ 7.975571301227262, 11.406804756589111 ], [ 7.975609197252993, 11.401818354201112 ], [ 7.975654489283784, 11.401398287915697 ], [ 7.97498423182833, 11.401090741706696 ], [ 7.974125446244841, 11.40168297710909 ], [ 7.971575904512576, 11.403271517188443 ], [ 7.970320955659872, 11.403299476207451 ], [ 7.970103676512224, 11.402849444901676 ], [ 7.970107043514531, 11.402432758618545 ], [ 7.9700072194467, 11.402013380333585 ], [ 7.970050001475784, 11.401328390868173 ], [ 7.970046414473359, 11.401310806856259 ], [ 7.969864611349806, 11.400419731250793 ], [ 7.96930843997194, 11.399133622376951 ], [ 7.969205434901937, 11.398615006024556 ], [ 7.969151571865325, 11.398224953759552 ], [ 7.968951920729694, 11.397707711408088 ], [ 7.968937153719651, 11.397699931402826 ], [ 7.968799216625939, 11.397627260353431 ], [ 7.968434900378384, 11.397435323223021 ], [ 7.966735490223698, 11.396747993756037 ], [ 7.966652302167176, 11.396410152526471 ], [ 7.96692563435289, 11.395781070099019 ], [ 7.967400992675891, 11.394930639521192 ], [ 7.967431639696713, 11.394610182303495 ], [ 7.967472296724338, 11.394185056014635 ], [ 7.967400992675891, 11.393835562777156 ], [ 7.967543600772785, 11.393416170492173 ], [ 7.968209104224968, 11.392903579143933 ], [ 7.969801558306983, 11.393474418531753 ], [ 7.96987286235543, 11.393171525325954 ], [ 7.969585589160204, 11.392125917615544 ], [ 7.969286652957123, 11.391987688521624 ], [ 7.968687699550173, 11.391764012369663 ], [ 7.968502310424185, 11.391442475151166 ], [ 7.967903357017235, 11.390967159828222 ], [ 7.967275881590865, 11.390100406239299 ], [ 7.967204578542464, 11.389848767068315 ], [ 7.967261621581201, 11.389443348792838 ], [ 7.967204578542464, 11.388898130422376 ], [ 7.966990667397113, 11.388283010004443 ], [ 7.965165286156832, 11.388334270039309 ], [ 7.963578314078575, 11.388012044820357 ], [ 7.963481704012906, 11.386623864877151 ], [ 7.963561633067229, 11.385225115926744 ], [ 7.964708940846776, 11.384335959322641 ], [ 7.965583603441075, 11.383478505740015 ], [ 7.966287134919071, 11.383161619524685 ], [ 7.967808284952639, 11.383087058474075 ], [ 7.969443522063727, 11.381763589574803 ], [ 7.968723351574397, 11.380335262604319 ], [ 7.967764908923186, 11.378567695403376 ], [ 7.966239598886773, 11.378797413559425 ], [ 7.964861055950109, 11.379158575804809 ], [ 7.963772150210275, 11.379080353751704 ], [ 7.962103972076818, 11.378960519670272 ], [ 7.962114371083885, 11.378314712231486 ], [ 7.960856153228974, 11.37711975241956 ], [ 7.960463980962516, 11.376141110754588 ], [ 7.960856153228974, 11.375523634335082 ], [ 7.961628611753838, 11.374824600860109 ], [ 7.962002324007756, 11.374370617551619 ], [ 7.962175275125276, 11.374160518408871 ], [ 7.963256717860077, 11.373251770791455 ], [ 7.964718448853262, 11.37258768534025 ], [ 7.96476598488556, 11.372168261055265 ], [ 7.965170040160046, 11.371725534754432 ], [ 7.967876815999205, 11.371537181626479 ], [ 7.96762012182478, 11.369756950416843 ], [ 7.967615238821452, 11.369555847280253 ], [ 7.968437740380296, 11.369440049201557 ], [ 7.97200293580272, 11.368983337891223 ], [ 7.972964681456176, 11.368845489797593 ], [ 7.976468578836887, 11.368343274456322 ], [ 7.976325970739992, 11.368156860329691 ], [ 7.975505976182831, 11.367982098210916 ], [ 7.974519604512636, 11.367667524997216 ], [ 7.973400129752008, 11.367054146580415 ], [ 7.972997320478328, 11.366833441430458 ], [ 7.971368707371767, 11.365289282381298 ], [ 7.970074994492734, 11.363717858313578 ], [ 7.970288905638085, 11.363461536139425 ], [ 7.970586004839959, 11.36319356195736 ], [ 7.970859337025672, 11.362832379711961 ], [ 7.971548608494004, 11.362191571276526 ], [ 7.971845707695877, 11.361842039039061 ], [ 7.972237879962336, 11.361329389690752 ], [ 7.972780595331074, 11.360635372219178 ], [ 7.972784543333773, 11.36063032321573 ], [ 7.973081642535647, 11.360234183946602 ], [ 7.97337874173752, 11.359838043677428 ], [ 7.973509465826339, 11.359383648368691 ], [ 7.974020477173553, 11.358707877909524 ], [ 7.97435322939964, 11.358136967521659 ], [ 7.974567140544934, 11.35747284607038 ], [ 7.974674096617605, 11.357076702801237 ], [ 7.971703830599495, 11.35701544675959 ], [ 7.971452560428759, 11.356375847325012 ], [ 7.970790117978652, 11.354971014370506 ], [ 7.970698745916593, 11.353063638074559 ], [ 7.971201289258033, 11.352309824562383 ], [ 7.971795201661564, 11.351932918306261 ], [ 7.972995956477405, 11.351110768747674 ], [ 7.973135432572178, 11.350021549007579 ], [ 7.973318503696589, 11.348591885036228 ], [ 7.976613898935625, 11.349994442989157 ], [ 7.97672470801092, 11.350040559020499 ], [ 7.976953978166705, 11.350121018075185 ], [ 7.978918237501318, 11.350810347543529 ], [ 7.981363844163013, 11.351466659989455 ], [ 7.986569147699754, 11.354014503720634 ], [ 7.987025494009799, 11.353399308302642 ], [ 7.987253666164861, 11.352895965960613 ], [ 7.98741528827469, 11.352616330770616 ], [ 7.987595925397386, 11.352224840504618 ], [ 7.987748039500786, 11.351339326902973 ], [ 7.987859362576387, 11.350401959266037 ], [ 7.987909661610558, 11.349978425978293 ], [ 7.987320216210094, 11.349503041655282 ], [ 7.987431336285567, 11.348928243264766 ], [ 7.988048050704606, 11.34806330767708 ], [ 7.9875834513889, 11.34743683225139 ], [ 7.988020780686099, 11.347119906036085 ], [ 7.98918819747928, 11.345619900016857 ], [ 7.989960248003854, 11.345460699908699 ], [ 7.99077786555938, 11.344360772161338 ], [ 7.990834908598117, 11.343074410287329 ], [ 7.990948995675637, 11.342496476894667 ], [ 7.992736346890069, 11.339569509905914 ], [ 7.99636809335766, 11.336394321748514 ], [ 7.99905387418255, 11.337745965666898 ], [ 8.000170968941575, 11.33807222388856 ], [ 8.00159704691049, 11.339074298569471 ], [ 8.003902541476975, 11.340216195345306 ], [ 8.005566298607448, 11.340775488725342 ], [ 8.008204544399973, 11.341870770469541 ], [ 8.010667567073483, 11.342121921640171 ], [ 8.008927617891288, 11.347845096528772 ], [ 8.009462398254641, 11.350256981167547 ], [ 8.009781943471751, 11.351178434793667 ], [ 8.010068480666462, 11.352004710355061 ], [ 8.009890220545344, 11.352563980735056 ], [ 8.011779774829165, 11.353332977257537 ], [ 8.014097153403725, 11.353402886305048 ], [ 8.014462796652197, 11.353402886305048 ], [ 8.014489323670205, 11.353402886305048 ], [ 8.015039731044169, 11.356665243521661 ], [ 8.015099174084583, 11.356924935698146 ], [ 8.015537748382542, 11.358840896999936 ], [ 8.016077024748995, 11.359153976212667 ], [ 8.016576152088078, 11.359456907418462 ], [ 8.017122815459516, 11.359643325545164 ], [ 8.017669478830953, 11.359946256750959 ], [ 8.018049766089348, 11.360132675877651 ], [ 8.019135582827118, 11.360808402336772 ], [ 8.019749434244204, 11.360940438426439 ], [ 8.021555799471571, 11.361744364972708 ], [ 8.023183904577763, 11.362501685487246 ], [ 8.027438373468499, 11.362058944186458 ], [ 8.029934009164151, 11.361860876051878 ], [ 8.03182436244856, 11.362015562156955 ], [ 8.033385479509263, 11.362267730328313 ], [ 8.036826721847433, 11.363433769120547 ], [ 8.040463221318248, 11.364528962864711 ], [ 8.043171424158345, 11.365028412204026 ], [ 8.047390239024821, 11.365814850738388 ], [ 8.051044564507777, 11.366961300517346 ], [ 8.052812307708848, 11.367419324828575 ], [ 8.052699910632498, 11.368802835768577 ], [ 8.052670294612369, 11.369167386016272 ], [ 8.053050581870764, 11.370938301219553 ], [ 8.053582985232538, 11.371441611561522 ], [ 8.055826680756979, 11.371833074827521 ], [ 8.056447150178599, 11.372086527999727 ], [ 8.056967543532153, 11.372299102144154 ], [ 8.058203479371912, 11.372522794296117 ], [ 8.059625060337794, 11.37244488324319 ], [ 8.060161960702601, 11.372802410486145 ], [ 8.060466189909334, 11.373324357840772 ], [ 8.061740153774906, 11.373603973030754 ], [ 8.062785944485483, 11.373734460119408 ], [ 8.06284298752422, 11.37421912544869 ], [ 8.063722585121866, 11.374565536684088 ], [ 8.064229448466278, 11.372976841604611 ], [ 8.064849095887325, 11.37103462928502 ], [ 8.06115308537602, 11.369734080401315 ], [ 8.060511348939997, 11.362568766532831 ], [ 8.060475697915763, 11.358549122801662 ], [ 8.060549627965997, 11.354779984240736 ], [ 8.060653957036891, 11.349461021626723 ], [ 8.060902338205665, 11.341895567486347 ], [ 8.060832216158019, 11.33967351297656 ], [ 8.060796564133796, 11.335373894055181 ], [ 8.060766167113172, 11.322037396993665 ], [ 8.060035006616374, 11.318971847910802 ], [ 8.059767411434564, 11.317849890148466 ], [ 8.058721619723997, 11.311650487936276 ], [ 8.059325228134071, 11.310492552149469 ], [ 8.060104816663795, 11.309206038275363 ], [ 8.061264694451893, 11.308255131629267 ], [ 8.061587938671494, 11.307621193198543 ], [ 8.063470361950522, 11.307266932957816 ], [ 8.065117644069744, 11.30730584198426 ], [ 8.064725311803215, 11.305644785855691 ], [ 8.064192909441431, 11.304693869209586 ], [ 8.063641492066779, 11.303034417082017 ], [ 8.063679521092638, 11.302232655537296 ], [ 8.064078822363911, 11.301691932169888 ], [ 8.064192909441431, 11.301188498827855 ], [ 8.064573195699836, 11.300349441257708 ], [ 8.064915455932407, 11.299100172408885 ], [ 8.064820382867822, 11.297832252547437 ], [ 8.06489257891684, 11.296889466906862 ], [ 8.065249098159086, 11.296763606821344 ], [ 8.065705444469131, 11.296372040555298 ], [ 8.066047701701677, 11.296190242431749 ], [ 8.066817784224952, 11.296092350365257 ], [ 8.067416736631912, 11.29586859821319 ], [ 8.068029951048572, 11.295602891032672 ], [ 8.068857075610538, 11.295351168861657 ], [ 8.069218594856181, 11.295125011707967 ], [ 8.069684203172528, 11.294833739510068 ], [ 8.070454283695767, 11.294693894415047 ], [ 8.071523745422439, 11.294314725157449 ], [ 8.07415258120858, 11.294298829146612 ], [ 8.075393270051563, 11.293949213909059 ], [ 8.07706178118525, 11.293096150329461 ], [ 8.078134111913869, 11.292119775666038 ], [ 8.078906572438711, 11.291199114040523 ], [ 8.080047434213839, 11.290150255327887 ], [ 8.080500154521474, 11.289540881913808 ], [ 8.081105108932491, 11.289264547726077 ], [ 8.081509165207024, 11.289089737607299 ], [ 8.083398719490901, 11.289229585702287 ], [ 8.083769498742811, 11.288881519465804 ], [ 8.084622769322607, 11.288204028005509 ], [ 8.085026824597094, 11.287598014593755 ], [ 8.085395227847414, 11.287388241451197 ], [ 8.085977544243065, 11.287574706577914 ], [ 8.086536090622587, 11.287702901665 ], [ 8.087165943050536, 11.287726209680841 ], [ 8.087997820615783, 11.287656284633329 ], [ 8.088710860100264, 11.287772826712512 ], [ 8.089732883794682, 11.287924329815439 ], [ 8.09024389414185, 11.288215682013401 ], [ 8.09048157430334, 11.288042424895707 ], [ 8.090804817523008, 11.28809836393367 ], [ 8.091318206871847, 11.287818665743657 ], [ 8.092333098561369, 11.288013289875892 ], [ 8.09338918927898, 11.288125721952269 ], [ 8.094577588086395, 11.288125721952269 ], [ 8.095528306732376, 11.288154857972074 ], [ 8.097221774882996, 11.287980045853317 ], [ 8.098222802563157, 11.287859454771365 ], [ 8.09926384027051, 11.287495846524337 ], [ 8.100818265326666, 11.286768629030234 ], [ 8.101531304811147, 11.286432988802176 ], [ 8.102130258218097, 11.286349078745161 ], [ 8.102615124547526, 11.286488928840186 ], [ 8.103385206070755, 11.286922464134705 ], [ 8.103689438277513, 11.286484267837011 ], [ 8.104530823849188, 11.285799002371391 ], [ 8.10483030005264, 11.285337496057821 ], [ 8.104915865110797, 11.284862003734759 ], [ 8.105229602323959, 11.284484407478203 ], [ 8.10531516638207, 11.283841092041087 ], [ 8.105671685624316, 11.282638369223889 ], [ 8.10592837979874, 11.282274753976822 ], [ 8.105942639808461, 11.281995049786758 ], [ 8.106584376244484, 11.281030069131134 ], [ 8.106612897263858, 11.279659510199906 ], [ 8.106404035121955, 11.278858130655408 ], [ 8.105636338600334, 11.27827106525649 ], [ 8.104559343868573, 11.277295980593976 ], [ 8.104217086636027, 11.276065259757786 ], [ 8.104217086636027, 11.274638734788539 ], [ 8.104305502696093, 11.274465313670703 ], [ 8.104331171713511, 11.273967427332366 ], [ 8.104316911703847, 11.273561844056815 ], [ 8.104345432723221, 11.272736691496164 ], [ 8.104388214752248, 11.272373064249109 ], [ 8.104516562839478, 11.272317121211074 ], [ 8.104659169936383, 11.271505949659911 ], [ 8.104812574040636, 11.271226655470173 ], [ 8.104687690955757, 11.270233246795215 ], [ 8.105158298275512, 11.268834664844917 ], [ 8.105534254530937, 11.266109293993168 ], [ 8.105462824482402, 11.266098523985818 ], [ 8.104767677010102, 11.265983803907886 ], [ 8.104179353610391, 11.265737219740345 ], [ 8.10407239753772, 11.26548080856611 ], [ 8.103668342263177, 11.265037919265183 ], [ 8.103359359053229, 11.264571716948467 ], [ 8.103014722819069, 11.264350270797991 ], [ 8.102622552552589, 11.264536751924709 ], [ 8.102349221366865, 11.264478476885074 ], [ 8.102087773189226, 11.264152134663334 ], [ 8.102138139223428, 11.263662925330948 ], [ 8.101897629060034, 11.263487795211972 ], [ 8.101588644850096, 11.263744207386196 ], [ 8.101232124607861, 11.263988963552492 ], [ 8.100958795422173, 11.26382579344164 ], [ 8.100804302317158, 11.263977308544554 ], [ 8.100602274179892, 11.264513441908832 ], [ 8.10028140596188, 11.264781508091005 ], [ 8.100031843792351, 11.264746543067247 ], [ 8.099865466679262, 11.264536751924709 ], [ 8.099627786517772, 11.263919033504976 ], [ 8.099164312202902, 11.263907379497084 ], [ 8.098463155726449, 11.263988963552492 ], [ 8.098189825540771, 11.263732552378258 ], [ 8.098130405500399, 11.263254694053614 ], [ 8.09799699040974, 11.262949386846174 ], [ 8.097916494355047, 11.262765178720997 ], [ 8.097690698201632, 11.262473800523026 ], [ 8.097013309741385, 11.262194077332936 ], [ 8.096181431176149, 11.261902698134975 ], [ 8.095824910933914, 11.261611318937014 ], [ 8.095599116780477, 11.260597318248017 ], [ 8.094695933166804, 11.259991245836261 ], [ 8.09431564490842, 11.260154419947128 ], [ 8.093828401577355, 11.2608304224064 ], [ 8.092889566939505, 11.261296629723176 ], [ 8.092366670584227, 11.261483112849874 ], [ 8.092033921358109, 11.261308284731115 ], [ 8.091891006260994, 11.261072051570579 ], [ 8.09145123796219, 11.261080812576552 ], [ 8.089217416444455, 11.261308284731115 ], [ 8.0885764420089, 11.261485199851279 ], [ 8.088207275758066, 11.2616579399687 ], [ 8.087589310338217, 11.261622974944942 ], [ 8.087304093144439, 11.261553043897379 ], [ 8.086505488601802, 11.261357236764354 ], [ 8.085415430861133, 11.261201056658251 ], [ 8.084491042233083, 11.260511970190066 ], [ 8.083647092659646, 11.260082156898022 ], [ 8.083575789611189, 11.258963253137779 ], [ 8.0833048354271, 11.258040153510535 ], [ 8.082848491117034, 11.257830358368039 ], [ 8.082064145584127, 11.257466712120959 ], [ 8.082120402622365, 11.257315988018547 ], [ 8.082127184626927, 11.257245477970628 ], [ 8.082555008917666, 11.253469121404748 ], [ 8.082509373886637, 11.251632209156639 ], [ 8.082594938944794, 11.248618062108676 ], [ 8.082700505016476, 11.247234451168595 ], [ 8.082704204019024, 11.247075932060909 ], [ 8.082804572087184, 11.246510704676837 ], [ 8.082947181184124, 11.245473337971987 ], [ 8.08293529717605, 11.244657430417647 ], [ 8.082915807162806, 11.244233156129326 ], [ 8.08272201803112, 11.2435927376942 ], [ 8.081990836534317, 11.240902965866667 ], [ 8.081717901348838, 11.238918029517947 ], [ 8.0809566168316, 11.23366997895215 ], [ 8.081468337179274, 11.231588588537988 ], [ 8.082338245770359, 11.229357548022051 ], [ 8.08243806983819, 11.228441348399542 ], [ 8.08245233184789, 11.227231399577477 ], [ 8.082110071615318, 11.225552850436941 ], [ 8.081496859198694, 11.225419965346646 ], [ 8.080912166801397, 11.225405977337175 ], [ 8.080455821491341, 11.225496899398934 ], [ 8.079921042127978, 11.225517881413225 ], [ 8.079593043905106, 11.225559844441705 ], [ 8.07792453177143, 11.225566838446468 ], [ 8.077974444805363, 11.225930524693581 ], [ 8.078067139868324, 11.226119361821873 ], [ 8.078202616960368, 11.226448078045223 ], [ 8.078302443028235, 11.226650903183042 ], [ 8.078430790115419, 11.226790782278101 ], [ 8.078577806215321, 11.227250419590405 ], [ 8.077596534548604, 11.227469193739012 ], [ 8.074302294310314, 11.227993738095449 ], [ 8.073931513058369, 11.22754612679131 ], [ 8.073517949777397, 11.227266369601239 ], [ 8.072819172302616, 11.226392126007227 ], [ 8.072997431423687, 11.225322049280123 ], [ 8.071205803206396, 11.225067934107472 ], [ 8.070932471020683, 11.225273091246891 ], [ 8.067414810630567, 11.226741824244812 ], [ 8.065395634258664, 11.227535335783955 ], [ 8.06397063329041, 11.228095344164444 ], [ 8.063828025193516, 11.22615102884339 ], [ 8.06327185381565, 11.225549548434742 ], [ 8.0613038674785, 11.222416229305793 ], [ 8.059906308528923, 11.219604607395411 ], [ 8.060819000149024, 11.219296865186323 ], [ 8.061175520391259, 11.218975134967707 ], [ 8.061146998371896, 11.218737333806132 ], [ 8.060975869255628, 11.218401614578056 ], [ 8.060391175858342, 11.218135838397473 ], [ 8.059193270044432, 11.218023931321397 ], [ 8.058237798395226, 11.217926013254896 ], [ 8.057410672833271, 11.217156653732161 ], [ 8.056241288038677, 11.216862897532565 ], [ 8.055508638540914, 11.216806426494202 ], [ 8.055442685496075, 11.215715849753167 ], [ 8.055371380447639, 11.21508637032548 ], [ 8.055456945505796, 11.214652727030852 ], [ 8.055499726534833, 11.213771451432081 ], [ 8.055200251331371, 11.212484503557619 ], [ 8.054644080953494, 11.209938570827774 ], [ 8.053988083507761, 11.209462953504612 ], [ 8.053260784013617, 11.207812279383063 ], [ 8.053218001984533, 11.206958959803274 ], [ 8.052831676722008, 11.206586349550093 ], [ 8.051832601043202, 11.206248046320241 ], [ 8.051392621744242, 11.205867828061912 ], [ 8.050907755414812, 11.204818658349041 ], [ 8.049923761746243, 11.20414718689284 ], [ 8.049480353444949, 11.203979895779128 ], [ 8.04936759036832, 11.203937351750255 ], [ 8.049282027310198, 11.203237902275021 ], [ 8.048483422767617, 11.201936919391073 ], [ 8.048112640515683, 11.201125549839787 ], [ 8.048254538612071, 11.200670004530252 ], [ 8.048269510622276, 11.200621941497559 ], [ 8.048326552661024, 11.199978439060374 ], [ 8.047970034418768, 11.199572751784729 ], [ 8.047656297205606, 11.198705420195381 ], [ 8.047199950895561, 11.198117869796192 ], [ 8.047342559992444, 11.197949998682134 ], [ 8.04779890430251, 11.197936009672617 ], [ 8.048373206692702, 11.196260187533994 ], [ 8.047942574400111, 11.195614099094996 ], [ 8.047342559992444, 11.196187343484496 ], [ 8.046158483187924, 11.19727591722409 ], [ 8.04541092467997, 11.197726880530524 ], [ 8.0448694603121, 11.197864842624256 ], [ 8.044803097266993, 11.197881752635737 ], [ 8.044264558901091, 11.198191036845913 ], [ 8.04419875785635, 11.198379713974077 ], [ 8.043901657654487, 11.1986711571721 ], [ 8.043271807226574, 11.198834365283005 ], [ 8.040657330450131, 11.199289014591898 ], [ 8.039385742586148, 11.199720348884966 ], [ 8.038813560197354, 11.199771384919643 ], [ 8.038577632037061, 11.199697033869143 ], [ 8.038268648827113, 11.199848582972095 ], [ 8.038114156722145, 11.200070079122611 ], [ 8.037615029383062, 11.200303232281044 ], [ 8.036759382801677, 11.20025660124935 ], [ 8.036284024478675, 11.200408151352349 ], [ 8.035975039268749, 11.201037662780038 ], [ 8.035202579743896, 11.201667173207738 ], [ 8.034727221420894, 11.202005243437497 ], [ 8.033408097524614, 11.201993585429534 ], [ 8.032822814126973, 11.201887824357698 ], [ 8.03239795883826, 11.201667173207738 ], [ 8.031993903563716, 11.201702146231526 ], [ 8.03095999686127, 11.202762984952301 ], [ 8.030555940586737, 11.202844587007746 ], [ 8.029343449762905, 11.203435010408953 ], [ 8.027810740721463, 11.204569899180058 ], [ 8.027466105487292, 11.204686473259244 ], [ 8.026955095140124, 11.204744761298855 ], [ 8.026349009728278, 11.204674816251327 ], [ 8.025897419421483, 11.204511611140447 ], [ 8.025279452001598, 11.20449995413253 ], [ 8.024827860694757, 11.204616528211716 ], [ 8.024043517161829, 11.204360064037473 ], [ 8.023300368656919, 11.204289108989258 ], [ 8.022272802958696, 11.204581556187975 ], [ 8.020787304949408, 11.205129456560201 ], [ 8.020513972763695, 11.205339290702796 ], [ 8.02010991848914, 11.206027079170099 ], [ 8.019884123335714, 11.207239447993857 ], [ 8.019587022133862, 11.208428496801787 ], [ 8.019658327182299, 11.208778216039377 ], [ 8.019800934279203, 11.209127935277024 ], [ 8.019575138125788, 11.209582568585915 ], [ 8.019658327182299, 11.210212061013635 ], [ 8.019491950069266, 11.210503492211615 ], [ 8.01879079459286, 11.210783265401744 ], [ 8.018196596189114, 11.211249553718517 ], [ 8.017721235866134, 11.211552640924481 ], [ 8.01690933131448, 11.211406034824847 ], [ 8.015617771436951, 11.211063037591828 ], [ 8.014346183572968, 11.210923152496775 ], [ 8.013977781322637, 11.211074695599734 ], [ 8.013811406209584, 11.21151766890074 ], [ 8.014001549338786, 11.211902357162103 ], [ 8.014358067581043, 11.212287043423487 ], [ 8.014417487621415, 11.212566814613581 ], [ 8.014239228500287, 11.212811614779866 ], [ 8.01377575418536, 11.213044757938292 ], [ 8.013609377072328, 11.213312872120468 ], [ 8.013692565128849, 11.213849099484833 ], [ 8.013751985169222, 11.214210468730357 ], [ 8.012414289260334, 11.215837161835623 ], [ 8.011315766513917, 11.216227137100589 ], [ 8.009984760609541, 11.216460277258989 ], [ 8.009283606133181, 11.216530219306492 ], [ 8.006383913162949, 11.215562686649093 ], [ 8.00527632641041, 11.215513727615871 ], [ 8.003493728199203, 11.216096579011889 ], [ 8.002828223747031, 11.216714399431623 ], [ 8.002222142335256, 11.218054950342491 ], [ 8.002364749432104, 11.219383836245413 ], [ 8.002400401456327, 11.219733543483017 ], [ 8.002245910351405, 11.219896738593889 ], [ 8.00202011419799, 11.220001649665164 ], [ 8.002008230189915, 11.221190647473065 ], [ 8.002150837286763, 11.221738515845288 ], [ 8.001998405183201, 11.222609116436843 ], [ 8.001235769665016, 11.22302075871653 ], [ 8.00091490344704, 11.223487028033333 ], [ 7.999813405698603, 11.223950139348005 ], [ 7.998268487648886, 11.223717005189599 ], [ 7.997466318103875, 11.224183271506377 ], [ 7.996596887513135, 11.225194696193626 ], [ 7.996485889437736, 11.22753454878341 ], [ 7.99645618041751, 11.229283025971426 ], [ 7.995015562438709, 11.230997968136649 ], [ 7.994554742125615, 11.231934861773254 ], [ 7.993782282600762, 11.232838229387028 ], [ 7.992861274974985, 11.233013073505845 ], [ 7.991758516225673, 11.23263925025185 ], [ 7.990883210630955, 11.231842238710328 ], [ 7.99052844738992, 11.2318369487067 ], [ 7.990395347299454, 11.233515461847162 ], [ 7.989710828834404, 11.23357141188518 ], [ 7.989216456498468, 11.233179759619077 ], [ 7.988798139214225, 11.232620256238931 ], [ 7.988912225291756, 11.231389344402601 ], [ 7.989007297356352, 11.230680633921054 ], [ 7.988379822930028, 11.229990573452199 ], [ 7.987885447594124, 11.229934622414191 ], [ 7.986934729948132, 11.229561616160709 ], [ 7.986155140418475, 11.227752526931511 ], [ 7.985432593927499, 11.227416817703443 ], [ 7.984147143054145, 11.228158951207661 ], [ 7.982364544842937, 11.228683493564063 ], [ 7.980485146565968, 11.228543841469218 ], [ 7.978270100060968, 11.227854207000632 ], [ 7.977224720350648, 11.225711070544492 ], [ 7.975709512321146, 11.220669538118955 ], [ 7.974818212715547, 11.220319833881376 ], [ 7.973303004686045, 11.220203264802194 ], [ 7.972263155979533, 11.22026154884179 ], [ 7.971163887232592, 11.219562138366541 ], [ 7.97012403852608, 11.218046741336934 ], [ 7.9694109990416, 11.217026757643907 ], [ 7.968803478628843, 11.216395208214749 ], [ 7.967361011648734, 11.216152484049871 ], [ 7.966529133083498, 11.216327339168686 ], [ 7.965637835477935, 11.217114184703291 ], [ 7.964984214033791, 11.218192453435904 ], [ 7.964805954912663, 11.220348975901175 ], [ 7.964122626448386, 11.22238891528724 ], [ 7.964152335468611, 11.225244806227636 ], [ 7.963587846085034, 11.22708072147509 ], [ 7.962191478136276, 11.228858340682905 ], [ 7.96014149074341, 11.230140552554076 ], [ 7.958715412774438, 11.229849142356102 ], [ 7.957200203744947, 11.229237176940273 ], [ 7.955863254836572, 11.228362940346301 ], [ 7.955180644372717, 11.227512519768482 ], [ 7.953872687484022, 11.227342992653291 ], [ 7.952506029555479, 11.226527033098876 ], [ 7.951198789667274, 11.226468750059269 ], [ 7.949653871617556, 11.226527033098876 ], [ 7.948762574011994, 11.226031627762268 ], [ 7.946772005659454, 11.224632831811846 ], [ 7.945832425021081, 11.223687408169496 ], [ 7.943930986729129, 11.222778183551725 ], [ 7.942457372727858, 11.222475108345805 ], [ 7.939320000596183, 11.223640781137817 ], [ 7.938488121030957, 11.223337706931886 ], [ 7.937703779498008, 11.220027179682518 ], [ 7.937442331320369, 11.219421023270684 ], [ 7.937062043061985, 11.219211199128097 ], [ 7.936277700529104, 11.219117944064749 ], [ 7.935826109222262, 11.218978061969722 ], [ 7.935683500125378, 11.218208706446944 ], [ 7.93513683775393, 11.217812370177683 ], [ 7.933829598865714, 11.217882312225186 ], [ 7.932736272122838, 11.218674981763797 ], [ 7.931942123583269, 11.219407869261715 ], [ 7.930050491298005, 11.218838178874648 ], [ 7.929028468603576, 11.21907131703307 ], [ 7.928133341995363, 11.219897430594358 ], [ 7.927127031311613, 11.221495938680505 ], [ 7.925273129052016, 11.22084315823696 ], [ 7.923847051083044, 11.218838178874648 ], [ 7.923633138937703, 11.217159580734119 ], [ 7.925320664084268, 11.213569213294647 ], [ 7.925296896068119, 11.212853756808499 ], [ 7.924880956785557, 11.212119356309529 ], [ 7.923882703107267, 11.211886213151104 ], [ 7.923086474566276, 11.212177642349161 ], [ 7.921749873658086, 11.212950874874537 ], [ 7.919378672047003, 11.214042782616389 ], [ 7.91713259752089, 11.214264266766918 ], [ 7.916550283125218, 11.213996153584731 ], [ 7.915944198713419, 11.213051927943184 ], [ 7.915243148237096, 11.212408391505903 ], [ 7.914530005752567, 11.21196781320657 ], [ 7.913662474163118, 11.211548153921456 ], [ 7.911606543766197, 11.211466553865989 ], [ 7.910917273297855, 11.211326667770948 ], [ 7.909847713571139, 11.210580606264045 ], [ 7.909182211118946, 11.210300832073926 ], [ 7.908779650845474, 11.210145555968438 ], [ 7.908527031673827, 11.21033006809381 ], [ 7.907910625254999, 11.210440719168957 ], [ 7.906884514557817, 11.210018476882112 ], [ 7.906246867124537, 11.209706311670004 ], [ 7.905498174615843, 11.209613053606631 ], [ 7.904642529034447, 11.210067686915522 ], [ 7.904190937727662, 11.209717968677921 ], [ 7.903615772336821, 11.209398386460748 ], [ 7.903639629353052, 11.209150313292184 ], [ 7.902986009908943, 11.208007896515994 ], [ 7.902463113553665, 11.20673724365264 ], [ 7.900906313495909, 11.205431613765541 ], [ 7.900145736979084, 11.205070232519972 ], [ 7.898969223179733, 11.205315039686297 ], [ 7.898244298687189, 11.205233436630863 ], [ 7.896782567694004, 11.204300839997245 ], [ 7.896283441354853, 11.202960226086361 ], [ 7.896235905322555, 11.201712867238825 ], [ 7.89601010916914, 11.201071698803162 ], [ 7.895808081031873, 11.200838546644775 ], [ 7.894869246393966, 11.200267323256639 ], [ 7.894144322901411, 11.199999197074476 ], [ 7.893407516400828, 11.199894278003171 ], [ 7.892646941884038, 11.199439627694233 ], [ 7.891632546194785, 11.199175578514826 ], [ 7.890664894537338, 11.19903975242255 ], [ 7.890091832147959, 11.198821905274542 ], [ 7.889652175849221, 11.197819205593248 ], [ 7.889010441413177, 11.196338668587316 ], [ 7.888784645259761, 11.194601651407083 ], [ 7.887976534710731, 11.193925492947642 ], [ 7.887299147250474, 11.193575755710015 ], [ 7.88589683829764, 11.192864622226864 ], [ 7.884928075639436, 11.19241503392135 ], [ 7.883496271666559, 11.192913585260101 ], [ 7.881357154213163, 11.194172641115586 ], [ 7.880347014526819, 11.195140243773039 ], [ 7.879942960252265, 11.195653189121572 ], [ 7.879527020969647, 11.19639928862847 ], [ 7.879158615719348, 11.197425174325531 ], [ 7.878909052549773, 11.198101323784954 ], [ 7.878647605372123, 11.198346135951283 ], [ 7.87814847903303, 11.198486029046308 ], [ 7.877696885726152, 11.198707525196824 ], [ 7.877197760387048, 11.199302067600797 ], [ 7.877090803314388, 11.200118105155241 ], [ 7.876270808757226, 11.199768374917596 ], [ 7.876056895611896, 11.199686770862172 ], [ 7.875783565426161, 11.199570193782961 ], [ 7.875367625143554, 11.19926709457701 ], [ 7.875272553078958, 11.199010625402764 ], [ 7.874868496804424, 11.198567633101788 ], [ 7.874393139481413, 11.197938114674059 ], [ 7.874157507321343, 11.197585054434171 ], [ 7.874014898224459, 11.19742650832643 ], [ 7.873858031117834, 11.197244647202865 ], [ 7.873439712833601, 11.196834293924042 ], [ 7.873196906668625, 11.196693372828292 ], [ 7.873057049573617, 11.196514869707016 ], [ 7.87297148451546, 11.196472901678476 ], [ 7.872716712342367, 11.196442255657701 ], [ 7.872312179067535, 11.196230705513926 ], [ 7.872016012866311, 11.195990269350602 ], [ 7.871101275244769, 11.195711478161172 ], [ 7.870459537808756, 11.195455005986901 ], [ 7.870363278743355, 11.195554797054683 ], [ 7.870092322559231, 11.195960489330332 ], [ 7.869643109254014, 11.196659957805593 ], [ 7.869037025842204, 11.19752030239016 ], [ 7.868809711687732, 11.197981416703442 ], [ 7.868800205681282, 11.19819591984924 ], [ 7.868804958684507, 11.198363790963299 ], [ 7.868652843581174, 11.198657565162875 ], [ 7.868576786529502, 11.198741501219899 ], [ 7.868557771516578, 11.198900046327651 ], [ 7.868438933435812, 11.199095895460687 ], [ 7.868348615374487, 11.199361689641307 ], [ 7.868196499271107, 11.199618158815554 ], [ 7.868011109145129, 11.199786029929612 ], [ 7.867863747045021, 11.199967889053198 ], [ 7.867740153961051, 11.200182390198904 ], [ 7.867703641936259, 11.200304161281679 ], [ 7.867254426631007, 11.200779791604816 ], [ 7.867090427519599, 11.200926677704615 ], [ 7.866548518151376, 11.200898699685638 ], [ 7.866213389923701, 11.200709845557299 ], [ 7.866234781938203, 11.199534754758872 ], [ 7.865995584775703, 11.198918698340321 ], [ 7.865921044725042, 11.198891251321641 ], [ 7.865885391700829, 11.198464578031746 ], [ 7.865837650668368, 11.198031374737411 ], [ 7.865714262584561, 11.197995937713358 ], [ 7.86388175233941, 11.197240515200065 ], [ 7.866070782826796, 11.193092651381789 ], [ 7.865507482444059, 11.192554054015829 ], [ 7.86500835410493, 11.19221830478773 ], [ 7.864716008906271, 11.19207840869268 ], [ 7.864159836528358, 11.19175664947403 ], [ 7.862976192724147, 11.190966235936969 ], [ 7.861535852745533, 11.190119862361939 ], [ 7.86110803045483, 11.189868048190817 ], [ 7.860633022132106, 11.189762427119035 ], [ 7.860373599955835, 11.190147842380895 ], [ 7.860324123922169, 11.190512560628747 ], [ 7.860245251868605, 11.190546546651831 ], [ 7.860238121863745, 11.190903282894226 ], [ 7.860305859909772, 11.191308982169858 ], [ 7.860032528724048, 11.192066750684717 ], [ 7.859759197538381, 11.192824519199576 ], [ 7.859378910279986, 11.193454046627323 ], [ 7.859034275045815, 11.19380378486494 ], [ 7.858380655601707, 11.194165179110541 ], [ 7.857536892028406, 11.19492294162535 ], [ 7.856847619560085, 11.195505834021446 ], [ 7.85644356628552, 11.196007121362015 ], [ 7.856350175222076, 11.196510988704404 ], [ 7.856343254217393, 11.19654833172973 ], [ 7.855699298779825, 11.197242316201311 ], [ 7.855399821576384, 11.19750345037869 ], [ 7.855067634350632, 11.1977502605464 ], [ 7.854777370153442, 11.19776178155422 ], [ 7.854434963920767, 11.197832785602486 ], [ 7.854130940714242, 11.197844852610672 ], [ 7.852027476285002, 11.197844852610672 ], [ 7.850986440577685, 11.197481984364117 ], [ 7.85093349554171, 11.197437348333779 ], [ 7.850766229428075, 11.197351972275783 ], [ 7.85052576426466, 11.19732140825505 ], [ 7.849686329694293, 11.197028810056224 ], [ 7.849163435339051, 11.196993837032437 ], [ 7.848830354112692, 11.196873929950982 ], [ 7.848716268035218, 11.196757351871781 ], [ 7.848545069918885, 11.196675742816296 ], [ 7.848307787757676, 11.19645757766807 ], [ 7.847798824411825, 11.196053221393356 ], [ 7.847190693998641, 11.195734794176985 ], [ 7.84686982478064, 11.196783996889906 ], [ 7.846632145619139, 11.197133730127518 ], [ 7.846618927610166, 11.197245449203422 ], [ 7.846510599536543, 11.198160945825464 ], [ 7.846400501461744, 11.198438164013794 ], [ 7.846302525395174, 11.19898987638868 ], [ 7.846239645352455, 11.199219466544662 ], [ 7.846263413368604, 11.199643805832977 ], [ 7.845951087156379, 11.199560328776272 ], [ 7.845932122143495, 11.199554800772489 ], [ 7.843693272622318, 11.198902211329084 ], [ 7.84230835968134, 11.198402916989835 ], [ 7.842153107575825, 11.198510512062967 ], [ 7.842015102482094, 11.198611429131518 ], [ 7.841796590333615, 11.198958168367142 ], [ 7.841479378118095, 11.199190972525287 ], [ 7.841269785975669, 11.199344795629827 ], [ 7.841264413971999, 11.199431172688492 ], [ 7.841120622874314, 11.199820366952963 ], [ 7.840914203734087, 11.200020804089149 ], [ 7.840715956599354, 11.200413150355701 ], [ 7.840584422510005, 11.200818730631283 ], [ 7.840524502469293, 11.200864068662099 ], [ 7.840018150125218, 11.201247186922387 ], [ 7.839945626075973, 11.201433071048712 ], [ 7.839930209065471, 11.201559611134655 ], [ 7.839830382997661, 11.201783437286736 ], [ 7.839723426924991, 11.201916333377085 ], [ 7.839659253881393, 11.20218212555767 ], [ 7.839545166803873, 11.202287043628928 ], [ 7.839231429590711, 11.202259065609951 ], [ 7.838967606411472, 11.202140157529129 ], [ 7.838539782120733, 11.202133163524366 ], [ 7.838147611854311, 11.202126168519612 ], [ 7.837962220728343, 11.202021251448343 ], [ 7.837662743524845, 11.202049229467377 ], [ 7.837284834268075, 11.202224092586164 ], [ 7.836693010865986, 11.202573819823783 ], [ 7.836029884415382, 11.202783655966357 ], [ 7.832678601138355, 11.202608791847524 ], [ 7.832471818997874, 11.202643764871311 ], [ 7.831876439593316, 11.202391670700024 ], [ 7.831601912406825, 11.202042235462613 ], [ 7.83120973914032, 11.20121687690181 ], [ 7.831002957999829, 11.20009774514142 ], [ 7.830510790665414, 11.199475731718792 ], [ 7.829927054268808, 11.199494975731852 ], [ 7.829135067730704, 11.199081687451041 ], [ 7.820728076018554, 11.200602585484432 ], [ 7.820552401899192, 11.200634365506005 ], [ 7.819378637101636, 11.200846708650317 ], [ 7.818844792738957, 11.201110240829337 ], [ 7.818123690248967, 11.201252393925927 ], [ 7.81723951864825, 11.201742013258638 ], [ 7.816569262192843, 11.202399499705336 ], [ 7.81612717789244, 11.20260933584791 ], [ 7.815471183446732, 11.202763215952473 ], [ 7.815071881175413, 11.20277720496199 ], [ 7.814444406749089, 11.202861139019035 ], [ 7.813717108254934, 11.20312693119962 ], [ 7.812889979692898, 11.203210866256654 ], [ 7.812707485568922, 11.203132949203678 ], [ 7.812614273505574, 11.203569916500612 ], [ 7.812214972234301, 11.204800948337038 ], [ 7.81210088615677, 11.205444438774236 ], [ 7.812101681157287, 11.205598313878795 ], [ 7.811829928972656, 11.206871305743732 ], [ 7.811621827831289, 11.208677588971 ], [ 7.811542305777266, 11.209053069226115 ], [ 7.811074107459149, 11.211263773728206 ], [ 7.811038430434905, 11.211357695792003 ], [ 7.810262531907711, 11.213378155164833 ], [ 7.810117845809373, 11.213781116438611 ], [ 7.809904722664555, 11.214485806917423 ], [ 7.809723889541715, 11.215112121342997 ], [ 7.80951322939859, 11.215841743838723 ], [ 7.809339867280812, 11.216411336225747 ], [ 7.809847617625792, 11.216907357562775 ], [ 7.81038001998752, 11.217700032101334 ], [ 7.810541642097348, 11.218268890487877 ], [ 7.810760308245904, 11.218837746874385 ], [ 7.811283203601192, 11.219593113387589 ], [ 7.811749055917744, 11.220273872850157 ], [ 7.812043778117982, 11.220618916084561 ], [ 7.812129343176082, 11.220954632312669 ], [ 7.812281458279472, 11.221206419483792 ], [ 7.812642730524942, 11.221635388775212 ], [ 7.812813860641199, 11.222064358066689 ], [ 7.812836340656474, 11.222351025261446 ], [ 7.812786948622943, 11.222869799613932 ], [ 7.81349940210697, 11.223103418772666 ], [ 7.813747176275342, 11.223392021968777 ], [ 7.813861261352884, 11.22372773519686 ], [ 7.813984855436843, 11.224082098437634 ], [ 7.814289084643576, 11.224585666779831 ], [ 7.814488734779218, 11.22502395707761 ], [ 7.814441199746909, 11.225676728521137 ], [ 7.814460214759833, 11.226543980110364 ], [ 7.814583807843803, 11.226795762281483 ], [ 7.814821488005293, 11.226926316370168 ], [ 7.814688385914849, 11.227075520471544 ], [ 7.814507750792131, 11.22736460266799 ], [ 7.81431760566295, 11.227802888965755 ], [ 7.814222534598343, 11.228138597193833 ], [ 7.814184505572484, 11.228483630428286 ], [ 7.814117954527262, 11.228754060612061 ], [ 7.813899290378686, 11.229266945960489 ], [ 7.813690132236616, 11.229630628207644 ], [ 7.813442946068619, 11.22957467716958 ], [ 7.8129580787392, 11.229481425106258 ], [ 7.812452947395968, 11.229411208058536 ], [ 7.812138850182578, 11.229347415015184 ], [ 7.809125071134872, 11.228265692280218 ], [ 7.809039506076715, 11.228480172425918 ], [ 7.808944435012108, 11.228694651571686 ], [ 7.808877343966515, 11.228932481733239 ], [ 7.807669054145549, 11.233847365072677 ], [ 7.807960925343878, 11.234160848285683 ], [ 7.808151070473059, 11.234032629198566 ], [ 7.808709615852536, 11.234079254230267 ], [ 7.809553379425836, 11.234417286459916 ], [ 7.810373373982998, 11.234825255737121 ], [ 7.810991342402872, 11.235128317943065 ], [ 7.81130602961673, 11.235229494011776 ], [ 7.81177568493581, 11.235174942974709 ], [ 7.811812698960978, 11.234874355770501 ], [ 7.812005221091795, 11.235028218875016 ], [ 7.812571300476407, 11.235387636119242 ], [ 7.812932612721909, 11.23562546828083 ], [ 7.813195994900866, 11.235706611335956 ], [ 7.813138540861814, 11.235761018372955 ], [ 7.812860454672887, 11.235963835510745 ], [ 7.812638659522179, 11.236129755623494 ], [ 7.812212184232408, 11.236523915891269 ], [ 7.81190320102246, 11.236885258136795 ], [ 7.81161432982617, 11.237315780429299 ], [ 7.810824966289829, 11.239231284730806 ], [ 7.810136695822223, 11.239081194628852 ], [ 7.809767291571177, 11.240758226768321 ], [ 7.809719755538879, 11.241247779100945 ], [ 7.809716601536763, 11.241553583308701 ], [ 7.809901991662741, 11.242127055698347 ], [ 7.810044599759635, 11.243483806620191 ], [ 7.810087382788709, 11.244392965237921 ], [ 7.810317297944891, 11.24475985348721 ], [ 7.810469413048281, 11.245151488753322 ], [ 7.810697586203275, 11.245785566184168 ], [ 7.810754629242069, 11.246438290627623 ], [ 7.810906744345402, 11.247109663083791 ], [ 7.811136093501261, 11.248197041822607 ], [ 7.811838448978449, 11.251697332200933 ], [ 7.812294793288515, 11.253058699125916 ], [ 7.81231380830144, 11.254196274898845 ], [ 7.812161693198107, 11.255688171912482 ], [ 7.812142678185182, 11.25706816885014 ], [ 7.812161693198107, 11.257851407382304 ], [ 7.812167767202197, 11.259339985393751 ], [ 7.812806437636141, 11.261512591869916 ], [ 7.813006088771829, 11.262155957307073 ], [ 7.813234261926823, 11.263134987972251 ], [ 7.813490957101237, 11.263722405371368 ], [ 7.813633564198142, 11.264295833761025 ], [ 7.813947301411304, 11.264743388065085 ], [ 7.814774426973315, 11.265680451701769 ], [ 7.814974077108957, 11.266016115929858 ], [ 7.815544510496579, 11.266827302481033 ], [ 7.815744160632221, 11.267372753851646 ], [ 7.816328852029471, 11.267988133269739 ], [ 7.817020025499119, 11.269111665033108 ], [ 7.817571441873781, 11.270528892996083 ], [ 7.817381297744589, 11.270650103078424 ], [ 7.817210167628275, 11.270845903211466 ], [ 7.816896431415103, 11.270995085312848 ], [ 7.816601709214865, 11.271218857464874 ], [ 7.816411564085683, 11.271526542673939 ], [ 7.81614536290482, 11.271722342806981 ], [ 7.815841132698097, 11.271946113959018 ], [ 7.815584439523661, 11.27227244718074 ], [ 7.81525031629667, 11.272295458196368 ], [ 7.815554544503357, 11.274300064558417 ], [ 7.815413310407394, 11.274482175682124 ], [ 7.815137602220091, 11.274705944834182 ], [ 7.814871401039227, 11.274883095954522 ], [ 7.814310476658079, 11.275172131150953 ], [ 7.813759060283417, 11.275442518334671 ], [ 7.813616451186533, 11.275545078404321 ], [ 7.81343581406378, 11.276104498784434 ], [ 7.813359757012108, 11.276384207974502 ], [ 7.813188626895851, 11.276552034088525 ], [ 7.812988975760163, 11.276691889183553 ], [ 7.813141090863553, 11.276999569392615 ], [ 7.81307454081832, 11.277288601588964 ], [ 7.812844661662155, 11.277468425711163 ], [ 7.812850730666241, 11.277575846784146 ], [ 7.812889269692448, 11.278257992247632 ], [ 7.812905140703208, 11.278538904438506 ], [ 7.813014605777596, 11.278651285514854 ], [ 7.813065033811881, 11.279069408798932 ], [ 7.812943125729021, 11.279211236895321 ], [ 7.812950419733966, 11.279340336983012 ], [ 7.813683002231755, 11.280439969730196 ], [ 7.814034768470776, 11.28161473152835 ], [ 7.814367518696827, 11.283227689624312 ], [ 7.81427244763222, 11.285763653347374 ], [ 7.814053782483654, 11.28600605951209 ], [ 7.814075696498548, 11.286234235667109 ], [ 7.813931860400828, 11.286622957931229 ], [ 7.814025260464291, 11.286826513069514 ], [ 7.813879382365201, 11.287293149386585 ], [ 7.813721031257558, 11.287497790525663 ], [ 7.81367349422527, 11.287646963626969 ], [ 7.813821770326058, 11.288028929886536 ], [ 7.813704392246279, 11.289527931905013 ], [ 7.813787580302801, 11.289842591118827 ], [ 7.814108435520836, 11.290244614391952 ], [ 7.815038154152489, 11.289984121214957 ], [ 7.816979259471395, 11.289476252869918 ], [ 7.818593842568418, 11.289294201746202 ], [ 7.819268853027097, 11.289089090606865 ], [ 7.82038119478284, 11.28847375618875 ], [ 7.822349183120025, 11.287345639422256 ], [ 7.822672427339626, 11.287289699384246 ], [ 7.822786513417157, 11.287382932447599 ], [ 7.822786513417157, 11.287643983624946 ], [ 7.823033699585096, 11.287755863700966 ], [ 7.823261872740147, 11.287681277650336 ], [ 7.82341398784348, 11.287849096764319 ], [ 7.824098506308587, 11.287569397574316 ], [ 7.82425062141192, 11.287569397574316 ], [ 7.824231607399042, 11.28710323325754 ], [ 7.824352701481303, 11.286734005006679 ], [ 7.824925630870609, 11.286683683972512 ], [ 7.825752756432564, 11.286394660776125 ], [ 7.826627418026874, 11.285956464478375 ], [ 7.827131299369228, 11.285844584402355 ], [ 7.827292921479057, 11.285639470262993 ], [ 7.827549615653481, 11.285415709110964 ], [ 7.828278534148751, 11.285177589949171 ], [ 7.828395755228371, 11.284641868585197 ], [ 7.82876653548027, 11.284287580344426 ], [ 7.829384502900155, 11.283933291103722 ], [ 7.829935920274863, 11.284026525167064 ], [ 7.830213642463548, 11.284052174184524 ], [ 7.830430293610732, 11.284073142198736 ], [ 7.830582407714076, 11.283923967097394 ], [ 7.831093420061279, 11.28378178500077 ], [ 7.831452789305501, 11.283649270910757 ], [ 7.831440432297086, 11.283467818787472 ], [ 7.831839733568415, 11.283327967692458 ], [ 7.832026046694978, 11.283428265760563 ], [ 7.832153470781577, 11.283390900735185 ], [ 7.832224774830024, 11.283195108602172 ], [ 7.832431557970494, 11.283258041644899 ], [ 7.832909293295131, 11.283698573944264 ], [ 7.833094684421098, 11.28369158093949 ], [ 7.833308839566598, 11.284011021156516 ], [ 7.833571129744769, 11.284038899175471 ], [ 7.833921809983053, 11.284076172200798 ], [ 7.834242676201086, 11.28406918019607 ], [ 7.834456588346427, 11.284250986319591 ], [ 7.834313980249533, 11.284292941348099 ], [ 7.834328241259243, 11.284397829419333 ], [ 7.834481692363454, 11.284410985428281 ], [ 7.834672003492813, 11.284544935519307 ], [ 7.834898672646773, 11.284593620552414 ], [ 7.835711538199121, 11.284817381704443 ], [ 7.835997712393521, 11.284700609625077 ], [ 7.836431706688415, 11.284782418680663 ], [ 7.836631357824103, 11.285104075899199 ], [ 7.836773964920951, 11.285187985956213 ], [ 7.83708057212931, 11.285285882022777 ], [ 7.837786480608941, 11.285523627184261 ], [ 7.838093087817242, 11.285866261417084 ], [ 7.838791867292059, 11.285873253421869 ], [ 7.839244956599885, 11.285933966463119 ], [ 7.839554818810427, 11.286159945616646 ], [ 7.840467509430539, 11.286341750740178 ], [ 7.841529938152405, 11.286397690778188 ], [ 7.841760856309349, 11.286701879984832 ], [ 7.842007674477031, 11.287027015205751 ], [ 7.842492539806472, 11.287131902277054 ], [ 7.842784887005109, 11.287145887286556 ], [ 7.843326795373287, 11.287243782353073 ], [ 7.843626271576795, 11.287159872296058 ], [ 7.843797401693053, 11.286831225072717 ], [ 7.844360703075779, 11.286810248058487 ], [ 7.844738614332584, 11.286789271044256 ], [ 7.845458495821674, 11.286347637744143 ], [ 7.845915128131935, 11.286020095521621 ], [ 7.846355281431045, 11.285469173147305 ], [ 7.847458115180359, 11.284313074361762 ], [ 7.847611027284245, 11.284125629234438 ], [ 7.848196852682293, 11.283544736839701 ], [ 7.84913138131725, 11.282261918968118 ], [ 7.85108986064796, 11.279688631219699 ], [ 7.852192695397264, 11.277861209978028 ], [ 7.852461957580203, 11.277520387746449 ], [ 7.853444556247837, 11.278447999376738 ], [ 7.85421701577269, 11.279275466938941 ], [ 7.855940192943535, 11.281070247158425 ], [ 7.859148869123658, 11.284310146359758 ], [ 7.860099587769639, 11.283459384781736 ], [ 7.861580333775748, 11.282464107105511 ], [ 7.86241696534421, 11.282333579016779 ], [ 7.863122873823841, 11.282091168852105 ], [ 7.864762863938097, 11.281123857194871 ], [ 7.865428368390269, 11.28087911502854 ], [ 7.865975031761707, 11.280785879965208 ], [ 7.866153290882835, 11.280646026870158 ], [ 7.867638789892169, 11.281182129234423 ], [ 7.868969795796545, 11.281321981329484 ], [ 7.869647183256802, 11.281263709289874 ], [ 7.870386157758901, 11.281184055235769 ], [ 7.872202239992816, 11.281298673313643 ], [ 7.872950930501531, 11.28087911502854 ], [ 7.875137584987272, 11.281368599361144 ], [ 7.876480474899665, 11.281916353733322 ], [ 7.876821731131542, 11.283786903004284 ], [ 7.877330100476968, 11.28615341161219 ], [ 7.877501257593224, 11.286950162153573 ], [ 7.876563423956043, 11.286947777151909 ], [ 7.876385163834925, 11.287239130349917 ], [ 7.876183136697648, 11.287751910698319 ], [ 7.876004875576541, 11.288136496959623 ], [ 7.875826616455413, 11.288474465189267 ], [ 7.875600821301987, 11.288649276308035 ], [ 7.875541401261614, 11.289127092632668 ], [ 7.875256186067816, 11.290094378289893 ], [ 7.875172997011305, 11.29042068951162 ], [ 7.87516111300323, 11.290793616764972 ], [ 7.87529183709205, 11.291236469065893 ], [ 7.875386909156646, 11.291632703335097 ], [ 7.875339373124348, 11.291993974580578 ], [ 7.875244302059741, 11.292366900833997 ], [ 7.875208649035528, 11.293567252649552 ], [ 7.87529183709205, 11.293788675799988 ], [ 7.875232418051667, 11.294149946045479 ], [ 7.875042273922475, 11.294441292243448 ], [ 7.87505415693056, 11.294651061385935 ], [ 7.874828362777123, 11.295595019027303 ], [ 7.874578798607558, 11.295932979256975 ], [ 7.874263786393556, 11.296117396382272 ], [ 7.873933973169471, 11.296432691596465 ], [ 7.873534671898142, 11.297020040995562 ], [ 7.872406813131818, 11.297283028174263 ], [ 7.872269056038192, 11.29728323117439 ], [ 7.8719933468509, 11.297758702497447 ], [ 7.871617958595834, 11.298053193697513 ], [ 7.871249411345389, 11.298525515018468 ], [ 7.871242280340596, 11.298532507023197 ], [ 7.869957941467931, 11.298166739774672 ], [ 7.86980431736356, 11.29831341787434 ], [ 7.869122176900078, 11.297945161624114 ], [ 7.868897893747658, 11.297848323558355 ], [ 7.867848213034449, 11.297395107250395 ], [ 7.86721123060164, 11.29705947902238 ], [ 7.867040102485362, 11.297525628339088 ], [ 7.86687848037559, 11.297991775655817 ], [ 7.866735872278696, 11.298401985934504 ], [ 7.866412627059049, 11.298877456257571 ], [ 7.866260511955716, 11.299175789460264 ], [ 7.866032340800643, 11.299502090681983 ], [ 7.865480924425981, 11.30016401613176 ], [ 7.865062607141795, 11.300807294568813 ], [ 7.864777391947996, 11.301413279980579 ], [ 7.864587246818814, 11.30166499715159 ], [ 7.864482667747723, 11.303240552222121 ], [ 7.864264003599146, 11.304060954779516 ], [ 7.864204313558616, 11.304638687172087 ], [ 7.863348142976861, 11.305185898543868 ], [ 7.862606583472996, 11.305969007075987 ], [ 7.862425946350299, 11.306341914329323 ], [ 7.861960094033748, 11.307227567931079 ], [ 7.860676624161727, 11.308047960488523 ], [ 7.859744918528634, 11.308840382026915 ], [ 7.8593551242638, 11.309437028432342 ], [ 7.859212517166895, 11.310052317850364 ], [ 7.85815721844989, 11.311282892686506 ], [ 7.857839308233906, 11.312721417663909 ], [ 7.857757916178571, 11.313809286403057 ], [ 7.857536908028408, 11.315227946366974 ], [ 7.857370532915354, 11.315449351517429 ], [ 7.857584444060706, 11.31646316020624 ], [ 7.857429952955727, 11.316789442427932 ], [ 7.857299227866918, 11.317010847578388 ], [ 7.857227923818471, 11.317383740831758 ], [ 7.85625343715634, 11.318129526338453 ], [ 7.855338369534593, 11.318968531908524 ], [ 7.854649099066307, 11.319993979605272 ], [ 7.854449447930619, 11.320131482698685 ], [ 7.854412260905349, 11.320265184789548 ], [ 7.854363883872509, 11.320439115907732 ], [ 7.854238506787283, 11.320619152030019 ], [ 7.854076696677339, 11.320615584027621 ], [ 7.853650845388017, 11.320877260205407 ], [ 7.853232528103774, 11.321203538427085 ], [ 7.853133297036379, 11.321213442433816 ], [ 7.85249096659993, 11.320914549230736 ], [ 7.85140714786354, 11.320411149888741 ], [ 7.849876489823544, 11.319581470324977 ], [ 7.849714867713715, 11.31946960324899 ], [ 7.849344089461795, 11.319301803134977 ], [ 7.848935278184001, 11.319208580071631 ], [ 7.848307803757677, 11.318910266868954 ], [ 7.847898995479909, 11.318658565697945 ], [ 7.846929262820993, 11.318099228317863 ], [ 7.846216223336569, 11.317642435007485 ], [ 7.845740864013578, 11.317409376849128 ], [ 7.845122895593704, 11.317194963703457 ], [ 7.844714087315936, 11.31712038465281 ], [ 7.844381335089793, 11.316924615519781 ], [ 7.844001047831455, 11.316579690285437 ], [ 7.843768087673141, 11.316232177049301 ], [ 7.843615972569808, 11.316586427290019 ], [ 7.843454350459979, 11.316819486448367 ], [ 7.843150121253245, 11.317108477644695 ], [ 7.842826877033644, 11.317266957752395 ], [ 7.842769832994861, 11.317472048891716 ], [ 7.842769832994861, 11.318087321309804 ], [ 7.842646238910902, 11.318674625708809 ], [ 7.842465602788195, 11.319028871949513 ], [ 7.842303979678377, 11.319308540139559 ], [ 7.841828621355376, 11.319970419589254 ], [ 7.841172625909678, 11.320529753969311 ], [ 7.840221907263697, 11.321461973602709 ], [ 7.839670489889045, 11.322366225217081 ], [ 7.839443145734549, 11.322673588425914 ], [ 7.839505598777009, 11.322720473457821 ], [ 7.839756222947301, 11.32304541067856 ], [ 7.83967243589035, 11.323154999753058 ], [ 7.839572019822128, 11.323240593811192 ], [ 7.839572019822128, 11.323354206888382 ], [ 7.839568542819734, 11.323412209927824 ], [ 7.839476947757532, 11.32349403898337 ], [ 7.839364049680796, 11.323587260046736 ], [ 7.83923839659542, 11.323543097016739 ], [ 7.838957935404892, 11.323729539143415 ], [ 7.838943675395171, 11.323827421209899 ], [ 7.839091035495301, 11.323892676254275 ], [ 7.839105296505011, 11.32398123631441 ], [ 7.838919906379033, 11.324102423396766 ], [ 7.838667966207879, 11.324354119567772 ], [ 7.838435039049614, 11.324573188716613 ], [ 7.838263909933346, 11.324652426770456 ], [ 7.838159330862254, 11.324806240874977 ], [ 7.838249648923636, 11.325002005008002 ], [ 7.838278171942989, 11.325155819112524 ], [ 7.838121301836395, 11.325295650207522 ], [ 7.83805389279064, 11.325676980466596 ], [ 7.837928766705602, 11.325795207546946 ], [ 7.837945418716913, 11.325892261612864 ], [ 7.837827529636797, 11.326009719692706 ], [ 7.837478142399448, 11.326079634740211 ], [ 7.837500698414772, 11.326199676821773 ], [ 7.837043188103905, 11.326631965115496 ], [ 7.836772231919781, 11.326960566338755 ], [ 7.836757970910128, 11.327170312481257 ], [ 7.836841050966541, 11.327215345511831 ], [ 7.836893449002162, 11.327338107595267 ], [ 7.836921970021535, 11.327533869728256 ], [ 7.836879188992441, 11.327806537913546 ], [ 7.836750840905268, 11.327974333027555 ], [ 7.836501276735703, 11.328002299046545 ], [ 7.836188296523062, 11.327940027004217 ], [ 7.836137627488597, 11.328177086165283 ], [ 7.835932716349362, 11.328233772203816 ], [ 7.835949406360726, 11.328326143266565 ], [ 7.836056311433367, 11.328391080310723 ], [ 7.835943413356631, 11.328560041425533 ], [ 7.835825438276515, 11.328480377371363 ], [ 7.835687640182869, 11.328651819487845 ], [ 7.835610661130545, 11.328857177627413 ], [ 7.835487685046985, 11.328900591656918 ], [ 7.835300509919819, 11.329133464815129 ], [ 7.835194720847937, 11.329066921769936 ], [ 7.835063996759118, 11.329282491916388 ], [ 7.835030345736243, 11.32946958804348 ], [ 7.834878210632894, 11.329658865172121 ], [ 7.834868703626455, 11.329985132393801 ], [ 7.834688066503702, 11.330283432596445 ], [ 7.834469402355126, 11.330367329653484 ], [ 7.834298273238858, 11.330358007647135 ], [ 7.834241229200074, 11.330535123767504 ], [ 7.834408768313949, 11.330822375962669 ], [ 7.833908478974024, 11.331196978217179 ], [ 7.833689811825423, 11.331411381362841 ], [ 7.833471147676846, 11.331756289597195 ], [ 7.833233467515356, 11.331774932609846 ], [ 7.833052831392649, 11.332026622780859 ], [ 7.832463384992138, 11.332735083262264 ], [ 7.832235211837087, 11.332921519388947 ], [ 7.832149647778976, 11.333499470781589 ], [ 7.832018884690115, 11.333591630844239 ], [ 7.831949996643289, 11.334040135148996 ], [ 7.831813092550306, 11.333967425099559 ], [ 7.831683796462414, 11.333974883104645 ], [ 7.831484145326783, 11.33465537156701 ], [ 7.831702810475349, 11.334711302605001 ], [ 7.831560202378455, 11.335391790067376 ], [ 7.831326897219924, 11.335449101106292 ], [ 7.831018293010288, 11.335624833225722 ], [ 7.831109562072299, 11.336111426556329 ], [ 7.830434550613631, 11.337136814253029 ], [ 7.830120814400459, 11.337239352322683 ], [ 7.829921163264828, 11.337463072474691 ], [ 7.82987362723253, 11.337929155791358 ], [ 7.82912255872219, 11.340073128248093 ], [ 7.828837342528402, 11.341173072995446 ], [ 7.826764707120162, 11.340439887497325 ], [ 7.826202256737986, 11.340335962426707 ], [ 7.825325972142593, 11.340160564307496 ], [ 7.824872845834705, 11.340166344311456 ], [ 7.824682700705523, 11.340324811419123 ], [ 7.824074242292113, 11.340977319862475 ], [ 7.82389360516936, 11.341201037014457 ], [ 7.823551345936835, 11.341834902445157 ], [ 7.822885843484642, 11.34262722998352 ], [ 7.822353440122924, 11.343605985648537 ], [ 7.820822783082917, 11.346020236288894 ], [ 7.820062207566139, 11.34709219401725 ], [ 7.819395128112888, 11.347537449319759 ], [ 7.818911838784516, 11.347875186549231 ], [ 7.81854105753257, 11.349236098473909 ], [ 7.818107065237712, 11.3507661015135 ], [ 7.817504773828432, 11.353430645323897 ], [ 7.817013999494975, 11.355743131895167 ], [ 7.816785826339981, 11.355673223847646 ], [ 7.81637472206063, 11.35530427559695 ], [ 7.815375847381972, 11.354801485255337 ], [ 7.815516616477623, 11.355449517695661 ], [ 7.815673484584181, 11.356400267341655 ], [ 7.815659223574471, 11.35704341877863 ], [ 7.815345487361299, 11.357504810092109 ], [ 7.814823780006861, 11.357780944279739 ], [ 7.814324652667722, 11.358048923461808 ], [ 7.813837409336656, 11.35820038856474 ], [ 7.813338282997506, 11.358678089889281 ], [ 7.812767849609941, 11.359039277134741 ], [ 7.812542055456504, 11.359377162364297 ], [ 7.811840899980098, 11.360134488878884 ], [ 7.810975746392273, 11.361476698790852 ], [ 7.810804616276016, 11.362762977664772 ], [ 7.809853896630045, 11.36408653456408 ], [ 7.809169379164928, 11.36524231234938 ], [ 7.808541904738604, 11.365027934203738 ], [ 7.807700519166929, 11.364650442947266 ], [ 7.807085792749263, 11.364389813770174 ], [ 7.806090238072841, 11.363894293433475 ], [ 7.805919108956573, 11.364817052060459 ], [ 7.805519806685254, 11.365893598791899 ], [ 7.80536293757865, 11.367151895646884 ], [ 7.805291635530182, 11.367669194998314 ], [ 7.805163289442987, 11.367948815188299 ], [ 7.805134766423635, 11.368480092549305 ], [ 7.805034940355768, 11.368703788701282 ], [ 7.804949376297657, 11.369165160014802 ], [ 7.804863812239546, 11.369584589299734 ], [ 7.805020680346104, 11.369990034575267 ], [ 7.805320155549566, 11.370647137021706 ], [ 7.805548328704617, 11.371150448363665 ], [ 7.805519806685254, 11.371695700734165 ], [ 7.805496038669105, 11.372020754955031 ], [ 7.805410473610948, 11.372510083287523 ], [ 7.805396213601284, 11.37340485189543 ], [ 7.805681429795072, 11.373810293170948 ], [ 7.80585255991133, 11.374397482569918 ], [ 7.806064243055175, 11.375362315225459 ], [ 7.806066471056681, 11.375809528529317 ], [ 7.806152035114792, 11.37621496680481 ], [ 7.806080732066334, 11.377039822365248 ], [ 7.806160354120436, 11.377498849677124 ], [ 7.808228167525442, 11.37830972022806 ], [ 7.809446971353566, 11.378671759474059 ], [ 7.809768331571888, 11.378882919617524 ], [ 7.81003896475579, 11.378935989653598 ], [ 7.811258091584136, 11.379175055816006 ], [ 7.811736319909073, 11.379008743703025 ], [ 7.812044888118749, 11.378915179639478 ], [ 7.813499904107346, 11.378473991339717 ], [ 7.813471382087982, 11.378306225225685 ], [ 7.813533147129931, 11.377546574709527 ], [ 7.81385880035117, 11.377422189625065 ], [ 7.818436513461506, 11.373437706917798 ], [ 7.819492375178925, 11.372235838101176 ], [ 7.81971309632894, 11.372327709163585 ], [ 7.82006224156612, 11.372473034262327 ], [ 7.820840643095039, 11.372906437556821 ], [ 7.821054554240391, 11.373017118631992 ], [ 7.821232814361508, 11.373343336853679 ], [ 7.821361161448692, 11.37349362995576 ], [ 7.821507359548036, 11.373270177803931 ], [ 7.821844838777338, 11.372830708505319 ], [ 7.822254838055926, 11.372184098065986 ], [ 7.822332701108792, 11.372065813985614 ], [ 7.822404971157937, 11.37201108494844 ], [ 7.822498042221127, 11.371937604898505 ], [ 7.822552789258339, 11.371914925883118 ], [ 7.822633738313357, 11.371839237831693 ], [ 7.823079617616315, 11.371668158715465 ], [ 7.823139982657324, 11.371653541705541 ], [ 7.823169903677638, 11.371595737666212 ], [ 7.823533553924733, 11.371568941648036 ], [ 7.823866130150691, 11.371340181492599 ], [ 7.824097080307638, 11.37127860845078 ], [ 7.824266890423019, 11.371254565434413 ], [ 7.824788502777437, 11.370883880182589 ], [ 7.825084188978337, 11.370716801069022 ], [ 7.825263903100449, 11.370589582982632 ], [ 7.825283867113967, 11.370726595075723 ], [ 7.825343288154386, 11.370883880182589 ], [ 7.825456186231065, 11.371017863273607 ], [ 7.825744371426879, 11.371253790433911 ], [ 7.826701533077198, 11.369802907448104 ], [ 7.826717890088332, 11.369770458426046 ], [ 7.826804423147109, 11.36959880330943 ], [ 7.827726619773728, 11.369943664543712 ], [ 7.827821600838263, 11.369977644566802 ], [ 7.829081395694232, 11.370428335873044 ], [ 7.830550871692651, 11.370923989209814 ], [ 7.831836102565944, 11.371598999668436 ], [ 7.832058305716885, 11.371664352712855 ], [ 7.832549143050414, 11.371808712810946 ], [ 7.832741662181206, 11.371864635848965 ], [ 7.832862880263576, 11.371885606863202 ], [ 7.832934183312034, 11.372465811257428 ], [ 7.833027134375186, 11.372895582549404 ], [ 7.833072219405835, 11.373104038691054 ], [ 7.833165525469212, 11.373232655778452 ], [ 7.833480651683317, 11.373471931941026 ], [ 7.833650390798653, 11.373600815028624 ], [ 7.833782386888345, 11.373843423193421 ], [ 7.833940360995655, 11.374034218323061 ], [ 7.834046917068065, 11.374311804511706 ], [ 7.834230330192668, 11.374593445703056 ], [ 7.834515545386466, 11.374812475851854 ], [ 7.83473700953698, 11.375236502139956 ], [ 7.834985506705777, 11.375596122384309 ], [ 7.835019504728905, 11.375645326417725 ], [ 7.835221453866097, 11.376052092694124 ], [ 7.835327015937821, 11.37623328581725 ], [ 7.835358429959172, 11.376287206853874 ], [ 7.835486777046412, 11.376650702100847 ], [ 7.835548362088218, 11.376838534228455 ], [ 7.835938250353138, 11.377384952599755 ], [ 7.836240004558192, 11.377343355571497 ], [ 7.836588105794704, 11.377284142531266 ], [ 7.836851929973932, 11.377314433551817 ], [ 7.837327290296912, 11.377203755476614 ], [ 7.837535260438244, 11.377232881496411 ], [ 7.838087523813499, 11.377395636606991 ], [ 7.83850380409632, 11.377518316690328 ], [ 7.838725067246628, 11.377535459702017 ], [ 7.83901060244068, 11.377602084747252 ], [ 7.839248547602324, 11.377635397769893 ], [ 7.839450801739758, 11.377700118813891 ], [ 7.839672091890122, 11.377750087847858 ], [ 7.839800582977432, 11.377745328844583 ], [ 7.839943351074396, 11.377697739812277 ], [ 7.840091670175184, 11.377580114732325 ], [ 7.840195177245505, 11.377540853705682 ], [ 7.840298684315826, 11.377512299686259 ], [ 7.84035936035707, 11.377448054642628 ], [ 7.840420036398314, 11.377351686577128 ], [ 7.840491420446824, 11.377291010535885 ], [ 7.840577080505, 11.37727673352623 ], [ 7.840693871584335, 11.377316390553176 ], [ 7.840765255632846, 11.377343159571353 ], [ 7.840857459695485, 11.37736992858953 ], [ 7.840958586764202, 11.377405620613786 ], [ 7.841053765828917, 11.377435363633992 ], [ 7.84113109788143, 11.37746213265217 ], [ 7.841226276946088, 11.377477004662296 ], [ 7.84136607004109, 11.377482953666345 ], [ 7.841505863136092, 11.377477004662296 ], [ 7.841660528241164, 11.377477004662296 ], [ 7.841841962364413, 11.377474030660267 ], [ 7.842038268497845, 11.377465107654189 ], [ 7.842157240578672, 11.37744428664007 ], [ 7.842273239657459, 11.377423466625885 ], [ 7.84234462270598, 11.377402646611756 ], [ 7.842398160742334, 11.377361005583452 ], [ 7.842487390803001, 11.377328288561216 ], [ 7.842645029910102, 11.377313416551146 ], [ 7.842874054065703, 11.377310442549117 ], [ 7.843013847160705, 11.37729557053899 ], [ 7.843147692251591, 11.377316390553176 ], [ 7.843442150451665, 11.377429415629933 ], [ 7.843825837712359, 11.377497824676425 ], [ 7.844218218978995, 11.377459482650352 ], [ 7.844978794495773, 11.377471132658286 ], [ 7.845199756645911, 11.377496841675736 ], [ 7.845556276888146, 11.377445579640948 ], [ 7.846007868194988, 11.37743159863146 ], [ 7.846879201786976, 11.377380336596616 ], [ 7.847799023411994, 11.377722859829305 ], [ 7.848212585692977, 11.37799548101458 ], [ 7.84873310404663, 11.378149266119067 ], [ 7.848925625177458, 11.378079364071539 ], [ 7.849503371569995, 11.378274563204172 ], [ 7.850579876301424, 11.37838693528056 ], [ 7.851136045679311, 11.378317032233042 ], [ 7.851328566810139, 11.378365964266266 ], [ 7.851970302246173, 11.378247130185571 ], [ 7.85205051930069, 11.37824480018395 ], [ 7.852086171324913, 11.37824480018395 ], [ 7.85214321436365, 11.378237809179211 ], [ 7.852214518412097, 11.378258780193448 ], [ 7.852314343479918, 11.378279751207685 ], [ 7.852506863610756, 11.378335673245715 ], [ 7.85264947170765, 11.378321692236227 ], [ 7.852834861833571, 11.378321692236227 ], [ 7.853048773978912, 11.378307712226729 ], [ 7.853298338148477, 11.378300722221979 ], [ 7.853562162327762, 11.378279751207685 ], [ 7.85373329144403, 11.378286741212435 ], [ 7.854054158662052, 11.378209848160225 ], [ 7.854344574859397, 11.378119259098639 ], [ 7.854977248289231, 11.377974003999952 ], [ 7.85528043149526, 11.377996499015239 ], [ 7.85540185857775, 11.378027826036544 ], [ 7.855670277760112, 11.378065418062079 ], [ 7.855785314838272, 11.378065418062079 ], [ 7.85585190988354, 11.378225653170944 ], [ 7.855870923896475, 11.378831474582569 ], [ 7.855889937909353, 11.379325450918202 ], [ 7.855800877848878, 11.379575992088462 ], [ 7.855712006788451, 11.379825999258344 ], [ 7.855766344825383, 11.38025747955146 ], [ 7.855747330812505, 11.380490485709799 ], [ 7.855728315799581, 11.380853975956768 ], [ 7.855946981948136, 11.381562314438042 ], [ 7.856289240180672, 11.382130847824328 ], [ 7.856270226167737, 11.382540937102988 ], [ 7.856422341271127, 11.383603436824899 ], [ 7.856745585490728, 11.384843015667116 ], [ 7.857126936749864, 11.385470584093525 ], [ 7.857836237231822, 11.385452791081434 ], [ 7.858149797444867, 11.385264284953394 ], [ 7.858463534658028, 11.385278264962892 ], [ 7.85866318579366, 11.385432047067354 ], [ 7.859319182239403, 11.385320204991388 ], [ 7.859233617181246, 11.384914780715917 ], [ 7.859704222501023, 11.384914780715917 ], [ 7.859946655665738, 11.384523335449956 ], [ 7.860417261985504, 11.384537316459443 ], [ 7.863412026020285, 11.38357267980399 ], [ 7.864239151582296, 11.382999490414534 ], [ 7.864823843979536, 11.382622022158102 ], [ 7.865280189289592, 11.382482219063093 ], [ 7.865879141696553, 11.382160671844645 ], [ 7.866036010803157, 11.381783203588157 ], [ 7.866575683169856, 11.381964189711141 ], [ 7.867134090549257, 11.382048829768621 ], [ 7.867989738130632, 11.38249620007258 ], [ 7.868446083440688, 11.382915608357564 ], [ 7.868717037624776, 11.383223173566535 ], [ 7.869301730022073, 11.383838304984465 ], [ 7.87265301429909, 11.384961380747541 ], [ 7.874174165332647, 11.38547398709585 ], [ 7.875039318920471, 11.385716310260477 ], [ 7.87640835385065, 11.385893391380819 ], [ 7.877634926684095, 11.386057359492213 ], [ 7.878918251556058, 11.386228913608818 ], [ 7.879055716649418, 11.387248770301767 ], [ 7.879081024666618, 11.388411057091446 ], [ 7.879212142755705, 11.389047969524199 ], [ 7.87919061174108, 11.389880181089666 ], [ 7.879067018657111, 11.391343410083834 ], [ 7.879028336630824, 11.391441879150761 ], [ 7.878981561599062, 11.391949406495598 ], [ 7.879325342832658, 11.391934292485359 ], [ 7.879790299148567, 11.391913851471429 ], [ 7.879861603197014, 11.392305285737393 ], [ 7.880153949395606, 11.39300427521232 ], [ 7.880603162700822, 11.39357744560175 ], [ 7.881166464083606, 11.39411566596749 ], [ 7.881651331413025, 11.394556027266674 ], [ 7.882057762689158, 11.39483562145665 ], [ 7.882250283819985, 11.395108223641842 ], [ 7.882270760833933, 11.395202886706215 ], [ 7.882297819852283, 11.395563960951506 ], [ 7.882312906862524, 11.395641320004074 ], [ 7.88244887295491, 11.396104317318645 ], [ 7.882592488052524, 11.396761157764956 ], [ 7.882792905188694, 11.397207722068401 ], [ 7.882821072207832, 11.397289574123988 ], [ 7.882906280265729, 11.397567705312952 ], [ 7.883011184336965, 11.397755108440322 ], [ 7.883027093347778, 11.398031918628362 ], [ 7.883008333335056, 11.398219486755806 ], [ 7.88303998635655, 11.398421646893212 ], [ 7.88294754929376, 11.398577740999258 ], [ 7.882868006239732, 11.398737589107839 ], [ 7.882855819231452, 11.398802298151793 ], [ 7.882820280207284, 11.398991006280028 ], [ 7.882652795093463, 11.399460078598736 ], [ 7.883348530566195, 11.399790506823251 ], [ 7.883503022671164, 11.400017672977583 ], [ 7.884601830417751, 11.401551635019871 ], [ 7.885113280765268, 11.402142837421536 ], [ 7.885255910862156, 11.401904891259903 ], [ 7.885299055891494, 11.401750299154855 ], [ 7.885428227979276, 11.401287468840394 ], [ 7.88604619639915, 11.40203885935091 ], [ 7.886547384739686, 11.402549488697844 ], [ 7.88700285704914, 11.403267873185996 ], [ 7.887951120693458, 11.404064390727171 ], [ 7.888424865015338, 11.404462323997564 ], [ 7.889118206486444, 11.405236613523641 ], [ 7.889299999609932, 11.405599999770516 ], [ 7.889421247692326, 11.406174382160827 ], [ 7.889682131869563, 11.406635226473952 ], [ 7.88988057600443, 11.407040929749598 ], [ 7.890291742283807, 11.407611818137468 ], [ 7.890636376517932, 11.408345717636109 ], [ 7.890575471476552, 11.409055342118279 ], [ 7.891740102267875, 11.410779412289685 ], [ 7.892453198752378, 11.41076819528206 ], [ 7.893773749649654, 11.413121843881299 ], [ 7.894148478904242, 11.413609633212729 ], [ 7.894192737934304, 11.413745715305197 ], [ 7.894953867451477, 11.416085957895234 ], [ 7.895686111949033, 11.417178862637854 ], [ 7.896143406259739, 11.418276000383287 ], [ 7.896185546288336, 11.418363610442839 ], [ 7.896634328593279, 11.418940977835121 ], [ 7.896561624543892, 11.419072995924807 ], [ 7.895667096936108, 11.420030480575349 ], [ 7.895191737613118, 11.420831911119933 ], [ 7.894707402284041, 11.421297149435986 ], [ 7.894317076018808, 11.422229749069686 ], [ 7.893765658644156, 11.423012534601526 ], [ 7.893100156191963, 11.424186709399351 ], [ 7.89294804108863, 11.425155866057821 ], [ 7.893024099140291, 11.426069106678312 ], [ 7.893024099140291, 11.426367306880934 ], [ 7.89367058757955, 11.427000982311483 ], [ 7.89378467365708, 11.427243269476151 ], [ 7.894298062005873, 11.427205994450787 ], [ 7.894716378290127, 11.42750419265343 ], [ 7.895134694574324, 11.427336455539432 ], [ 7.895572024871512, 11.427485555640772 ], [ 7.895629068910239, 11.427765116830699 ], [ 7.895952313129897, 11.427970128970003 ], [ 7.896370629414093, 11.42793285394464 ], [ 7.896636830594957, 11.427578742704043 ], [ 7.896788945698347, 11.427653292754712 ], [ 7.897480573168252, 11.428646685429669 ], [ 7.89732484206246, 11.428849630567584 ], [ 7.897441688141839, 11.429169813785109 ], [ 7.897283319034216, 11.429833864236286 ], [ 7.897644593279722, 11.430262520527549 ], [ 7.898299390724617, 11.430321236567465 ], [ 7.898551368895824, 11.430442101649589 ], [ 7.898405167796454, 11.430933461983443 ], [ 7.898614325938581, 11.431082559084757 ], [ 7.899353977441137, 11.430827082911151 ], [ 7.899530052560806, 11.430781073879871 ], [ 7.899660116649159, 11.430747088856776 ], [ 7.899880100798612, 11.431055119066116 ], [ 7.900059418920478, 11.431306206236684 ], [ 7.900477735204674, 11.431585763426654 ], [ 7.900673778337875, 11.431426316318323 ], [ 7.901427135849758, 11.431573601418393 ], [ 7.9014797158855, 11.431492070362992 ], [ 7.901599582966924, 11.431306206236684 ], [ 7.901903813173647, 11.431306206236684 ], [ 7.90191503318124, 11.431610981443782 ], [ 7.901917184182707, 11.431669407483469 ], [ 7.902607344651642, 11.431958506679905 ], [ 7.902907840855846, 11.431913193649109 ], [ 7.903348906155486, 11.431846683603908 ], [ 7.903329727142477, 11.432081662763608 ], [ 7.903310877129684, 11.432312611920509 ], [ 7.903945460560863, 11.432327540930658 ], [ 7.904974635260146, 11.432030725728964 ], [ 7.905142417374122, 11.432140893803819 ], [ 7.905485646607303, 11.431925891657727 ], [ 7.9058183978334, 11.431541500396577 ], [ 7.90653143831787, 11.431762815546961 ], [ 7.906674045414775, 11.431657982475713 ], [ 7.906650278398615, 11.431378425285743 ], [ 7.906911724576275, 11.431390073293699 ], [ 7.907268244818511, 11.431751167539005 ], [ 7.907755488149576, 11.431867650618187 ], [ 7.908254616488705, 11.432112262784358 ], [ 7.908814559869143, 11.432793056246965 ], [ 7.909395478263889, 11.433521692742033 ], [ 7.909549970368857, 11.433510044734078 ], [ 7.909907044611487, 11.43315826749506 ], [ 7.910157551781651, 11.433344510621623 ], [ 7.910702717152105, 11.433591581789528 ], [ 7.910956693324636, 11.433471558707936 ], [ 7.910989170346738, 11.4334562106975 ], [ 7.911266457535135, 11.433325171608487 ], [ 7.911534595717285, 11.433288729583751 ], [ 7.911817367909464, 11.433741424891309 ], [ 7.91189111595952, 11.433859488971507 ], [ 7.912675459492448, 11.434453544375174 ], [ 7.913340961944641, 11.434546729438466 ], [ 7.91393714134972, 11.43415412017174 ], [ 7.913983964381544, 11.434123285150747 ], [ 7.91410153746142, 11.434045859098148 ], [ 7.914498440731109, 11.434237840228604 ], [ 7.914666077845027, 11.434700032542651 ], [ 7.915246764239555, 11.434997146744536 ], [ 7.915891627677695, 11.435327098968685 ], [ 7.916687075218192, 11.435284955940062 ], [ 7.916841204322907, 11.435347387982517 ], [ 7.916984175420055, 11.435576158137906 ], [ 7.916924755379682, 11.436158559533624 ], [ 7.916687075218192, 11.436566241810624 ], [ 7.916841204322907, 11.436947363069578 ], [ 7.917208495572481, 11.43731340631831 ], [ 7.917782225962299, 11.437615584523598 ], [ 7.918091725172587, 11.437906554721337 ], [ 7.918190322239582, 11.438246159952087 ], [ 7.918161330219846, 11.438401052057316 ], [ 7.918079075163973, 11.438840501355912 ], [ 7.917878249027524, 11.438876733380539 ], [ 7.917676600890502, 11.438914379406071 ], [ 7.917614185848095, 11.439022612479619 ], [ 7.917739015932909, 11.439196724597934 ], [ 7.917753418942709, 11.43937554371945 ], [ 7.917603799841061, 11.43964810490462 ], [ 7.917703624908881, 11.440109361218049 ], [ 7.917903276044512, 11.440165271256035 ], [ 7.918046288141682, 11.440104935215004 ], [ 7.918231274267384, 11.439815835018578 ], [ 7.91845918542225, 11.439879059061525 ], [ 7.918499383449557, 11.440031509165124 ], [ 7.918345361344905, 11.440458798455438 ], [ 7.918430925403015, 11.4407383456454 ], [ 7.918716140596814, 11.440836187711852 ], [ 7.918939297748466, 11.440636683576315 ], [ 7.919120616871623, 11.440425904433084 ], [ 7.919145746888717, 11.440396691413241 ], [ 7.919348947026776, 11.440434010438594 ], [ 7.920144381567241, 11.440744915649873 ], [ 7.920494864805391, 11.440914321764978 ], [ 7.920669867924289, 11.441059826863807 ], [ 7.921439951447553, 11.441674832281706 ], [ 7.921614846566342, 11.442068164548914 ], [ 7.922391389094003, 11.442652270945814 ], [ 7.922823247387441, 11.442834953069962 ], [ 7.922943073468844, 11.443236247342611 ], [ 7.923021344521999, 11.443498375520676 ], [ 7.923435277803264, 11.443771488706261 ], [ 7.923853228087239, 11.443928527812943 ], [ 7.924013788196305, 11.443988855853945 ], [ 7.924151055289599, 11.444419083146272 ], [ 7.924292826385908, 11.44471974435055 ], [ 7.924985148856308, 11.445511095888264 ], [ 7.925367801116295, 11.445628904968316 ], [ 7.926047851578403, 11.446054565257498 ], [ 7.926190979675653, 11.44632510644135 ], [ 7.92652543190286, 11.446329224444128 ], [ 7.927223269377009, 11.44614115031635 ], [ 7.927486032555578, 11.44643547951631 ], [ 7.92721250436972, 11.447019053912811 ], [ 7.927153504329624, 11.447144928998341 ], [ 7.927486032555578, 11.447557609278761 ], [ 7.929402939857994, 11.448563455962187 ], [ 7.930151216366426, 11.448440592878683 ], [ 7.930829018826955, 11.449174951377643 ], [ 7.930996978941096, 11.45032727316061 ], [ 7.930808127812782, 11.45079520247856 ], [ 7.930657976710734, 11.451420641903496 ], [ 7.931283792135957, 11.4522950004976 ], [ 7.931494591279204, 11.452589518697721 ], [ 7.931540115310099, 11.452653121740923 ], [ 7.931258581118811, 11.453002630978403 ], [ 7.931389963208119, 11.453260163153402 ], [ 7.932636559055084, 11.453509773322992 ], [ 7.93295200826941, 11.453572936365902 ], [ 7.933384108563018, 11.45400676866069 ], [ 7.933191777432341, 11.454382264915807 ], [ 7.933323159521592, 11.454694981128284 ], [ 7.934618213401563, 11.455338806565692 ], [ 7.935181279784103, 11.455118067415754 ], [ 7.935771089184868, 11.455178995457118 ], [ 7.935820293218285, 11.455184078460604 ], [ 7.936551408715047, 11.455430781628195 ], [ 7.936666179793008, 11.456077566067677 ], [ 7.936701560817085, 11.456276951203165 ], [ 7.936933869974894, 11.456354498255848 ], [ 7.937201477156748, 11.456443827316548 ], [ 7.937658774467479, 11.45684719359059 ], [ 7.937668110473794, 11.457114085771934 ], [ 7.937676915479756, 11.457365817942957 ], [ 7.938315684913789, 11.45813483646549 ], [ 7.939200165514762, 11.458699027848809 ], [ 7.939794794918782, 11.459136125145847 ], [ 7.940530415418607, 11.459091365115398 ], [ 7.941018405750185, 11.45922012920289 ], [ 7.941881126336341, 11.45968663251989 ], [ 7.94201315842605, 11.460342206965322 ], [ 7.941762286255596, 11.460938690370597 ], [ 7.941826171298999, 11.461648277852703 ], [ 7.942237645578587, 11.462947794735669 ], [ 7.942495345753684, 11.463187825898785 ], [ 7.942680735879662, 11.463187825898785 ], [ 7.943055915134551, 11.463084712828675 ], [ 7.944121075858277, 11.463131919860757 ], [ 7.944441943076299, 11.46300613277532 ], [ 7.944777072304021, 11.463055050808521 ], [ 7.945026635473596, 11.463131919860757 ], [ 7.945055157492959, 11.463299635974749 ], [ 7.944919679400925, 11.463509281117183 ], [ 7.944607434188754, 11.463820861328884 ], [ 7.944527508134456, 11.463900617383047 ], [ 7.94453463813926, 11.464089296511247 ], [ 7.9446629852265, 11.464257011625193 ], [ 7.944795153316306, 11.464396230719842 ], [ 7.944853330355841, 11.464332057676188 ], [ 7.948743231998833, 11.466183243933983 ], [ 7.954048242603335, 11.466183243933983 ], [ 7.955983043917911, 11.467160064597692 ], [ 7.956485308259175, 11.467413642769998 ], [ 7.956417187212935, 11.46663780524284 ] ] ] ] } },
{ "type": "Feature", "properties": { "fid": 370.0, "OBJECTID": 370.0, "lganame": "Soba", "statecode": "KD", "LGA_UID": "18_21" }, "geometry": { "type": "MultiPolygon", "coordinates": [ [ [ [ 7.990522178385675, 11.231915999760417 ], [ 7.99052844738992, 11.2318369487067 ], [ 7.990883210630955, 11.231842238710328 ], [ 7.991758516225673, 11.23263925025185 ], [ 7.992861274974985, 11.233013073505845 ], [ 7.993782282600762, 11.232838229387028 ], [ 7.994554742125615, 11.231934861773254 ], [ 7.995015562438709, 11.230997968136649 ], [ 7.99645618041751, 11.229283025971426 ], [ 7.996485889437736, 11.22753454878341 ], [ 7.996596887513135, 11.225194696193626 ], [ 7.997466318103875, 11.224183271506377 ], [ 7.998268487648886, 11.223717005189599 ], [ 7.999813405698603, 11.223950139348005 ], [ 8.00091490344704, 11.223487028033333 ], [ 8.001235769665016, 11.22302075871653 ], [ 8.001998405183201, 11.222609116436843 ], [ 8.002150837286763, 11.221738515845288 ], [ 8.002008230189915, 11.221190647473065 ], [ 8.00202011419799, 11.220001649665164 ], [ 8.002245910351405, 11.219896738593889 ], [ 8.002400401456327, 11.219733543483017 ], [ 8.002364749432104, 11.219383836245413 ], [ 8.002222142335256, 11.218054950342491 ], [ 8.002828223747031, 11.216714399431623 ], [ 8.003493728199203, 11.216096579011889 ], [ 8.00527632641041, 11.215513727615871 ], [ 8.006383913162949, 11.215562686649093 ], [ 8.006974956564534, 11.215759898783119 ], [ 8.009283606133181, 11.216530219306492 ], [ 8.009984760609541, 11.216460277258989 ], [ 8.011315766513917, 11.216227137100589 ], [ 8.012414289260334, 11.215837161835623 ], [ 8.013751985169222, 11.214210468730357 ], [ 8.013692565128849, 11.213849099484833 ], [ 8.013609377072328, 11.213312872120468 ], [ 8.01377575418536, 11.213044757938292 ], [ 8.014239228500287, 11.212811614779866 ], [ 8.014417487621415, 11.212566814613581 ], [ 8.014358067581043, 11.212287043423487 ], [ 8.014001549338786, 11.211902357162103 ], [ 8.013811406209584, 11.21151766890074 ], [ 8.013977781322637, 11.211074695599734 ], [ 8.014346183572968, 11.210923152496775 ], [ 8.015617771436951, 11.211063037591828 ], [ 8.01690933131448, 11.211406034824847 ], [ 8.017721235866134, 11.211552640924481 ], [ 8.018196596189114, 11.211249553718517 ], [ 8.01879079459286, 11.210783265401744 ], [ 8.019491950069266, 11.210503492211615 ], [ 8.019658327182299, 11.210212061013635 ], [ 8.019575138125788, 11.209582568585915 ], [ 8.019800934279203, 11.209127935277024 ], [ 8.019658327182299, 11.208778216039377 ], [ 8.019587022133862, 11.208428496801787 ], [ 8.019884123335714, 11.207239447993857 ], [ 8.019991194408476, 11.206664548603271 ], [ 8.02010991848914, 11.206027079170099 ], [ 8.020513972763695, 11.205339290702796 ], [ 8.020787304949408, 11.205129456560201 ], [ 8.022272802958696, 11.204581556187975 ], [ 8.023300368656919, 11.204289108989258 ], [ 8.024043517161829, 11.204360064037473 ], [ 8.024490440465513, 11.204506199136745 ], [ 8.024827860694757, 11.204616528211716 ], [ 8.025279452001598, 11.20449995413253 ], [ 8.025897419421483, 11.204511611140447 ], [ 8.026349009728278, 11.204674816251327 ], [ 8.026955095140124, 11.204744761298855 ], [ 8.027466105487292, 11.204686473259244 ], [ 8.027810740721463, 11.204569899180058 ], [ 8.029343449762905, 11.203435010408953 ], [ 8.030555940586737, 11.202844587007746 ], [ 8.03095999686127, 11.202762984952301 ], [ 8.031993903563716, 11.201702146231526 ], [ 8.03239795883826, 11.201667173207738 ], [ 8.032822814126973, 11.201887824357698 ], [ 8.033408097524614, 11.201993585429534 ], [ 8.034727221420894, 11.202005243437497 ], [ 8.035202579743896, 11.201667173207738 ], [ 8.035975039268749, 11.201037662780038 ], [ 8.036284024478675, 11.200408151352349 ], [ 8.036759382801677, 11.20025660124935 ], [ 8.037615029383062, 11.200303232281044 ], [ 8.038114156722145, 11.200070079122611 ], [ 8.038268648827113, 11.199848582972095 ], [ 8.038577632037061, 11.199697033869143 ], [ 8.038813560197354, 11.199771384919643 ], [ 8.039385742586148, 11.199720348884966 ], [ 8.040657330450131, 11.199289014591898 ], [ 8.043271807226574, 11.198834365283005 ], [ 8.043901657654487, 11.1986711571721 ], [ 8.04419875785635, 11.198379713974077 ], [ 8.044264558901091, 11.198191036845913 ], [ 8.044803097266993, 11.197881752635737 ], [ 8.0448694603121, 11.197864842624256 ], [ 8.04541092467997, 11.197726880530524 ], [ 8.046158483187924, 11.19727591722409 ], [ 8.047342559992444, 11.196187343484496 ], [ 8.047942574400111, 11.195614099094996 ], [ 8.049011439126332, 11.194592921401124 ], [ 8.056100371942932, 11.187820165799394 ], [ 8.057641731990259, 11.188294890121938 ], [ 8.063435808927068, 11.185982816550961 ], [ 8.067895146956971, 11.173019513743043 ], [ 8.070599220794236, 11.170876532286968 ], [ 8.083013677229303, 11.173928151360428 ], [ 8.089837951866059, 11.17256199143219 ], [ 8.091715761141927, 11.17378881426572 ], [ 8.114182509407044, 11.162872382848548 ], [ 8.116290504839299, 11.156017789191139 ], [ 8.118583851397545, 11.149661191872156 ], [ 8.120443862661318, 11.14849343907872 ], [ 8.133359042436609, 11.148168766858134 ], [ 8.137712207394372, 11.13512977299871 ], [ 8.139367173518849, 11.132911306491394 ], [ 8.150765739263647, 11.119779219568727 ], [ 8.157459511811737, 11.115775507848412 ], [ 8.157915694121698, 11.115502652662997 ], [ 8.157146213598878, 11.112120076364704 ], [ 8.157402651773111, 11.109395329513404 ], [ 8.158578938572305, 11.105085667585172 ], [ 8.163508407921654, 11.098566807155919 ], [ 8.166059503654992, 11.080242092705134 ], [ 8.171446339315139, 11.074269683647174 ], [ 8.173206681511203, 11.072654754549887 ], [ 8.177076169140321, 11.071741024929054 ], [ 8.195653399762705, 11.035382540225157 ], [ 8.196240806161768, 11.034431457578933 ], [ 8.196336272226688, 11.034319465502847 ], [ 8.197415288959803, 11.032260664104001 ], [ 8.214284508421656, 11.026628850277461 ], [ 8.215401192180366, 11.025437763468176 ], [ 8.217415794549197, 11.022748532640946 ], [ 8.222330838888752, 11.005860994166653 ], [ 8.223291111541187, 11.002561602924914 ], [ 8.225036908727418, 10.999677429965232 ], [ 8.227958346712398, 10.996515066816528 ], [ 8.234206192957515, 10.972785321693323 ], [ 8.245278668480694, 10.956463950603677 ], [ 8.249344009242918, 10.952040617598243 ], [ 8.249827068571165, 10.945249666984125 ], [ 8.250381930948151, 10.943215834602256 ], [ 8.250274853875396, 10.93663395813013 ], [ 8.245576826683305, 10.933511026008262 ], [ 8.242109968327725, 10.930474475945061 ], [ 8.231926997408891, 10.913593114474963 ], [ 8.223470768663276, 10.908178913796291 ], [ 8.207194425604257, 10.901773817444337 ], [ 8.183170719281293, 10.896002994523315 ], [ 8.182085557543985, 10.891957907774895 ], [ 8.181443823107941, 10.887476632730056 ], [ 8.180540310494052, 10.884761136885004 ], [ 8.174004887053513, 10.875917328876085 ], [ 8.169152383756511, 10.865769232980881 ], [ 8.164681401718667, 10.853353366544923 ], [ 8.164719829744797, 10.852919908250385 ], [ 8.159580432252767, 10.84895266755484 ], [ 8.158131992268636, 10.841576985543384 ], [ 8.158643514616188, 10.836024036770425 ], [ 8.159720929348282, 10.824327951823477 ], [ 8.163280629766916, 10.821490470895583 ], [ 8.160854944118739, 10.815307495694526 ], [ 8.15661996224128, 10.808455521038923 ], [ 8.153484927111208, 10.805837708260242 ], [ 8.149099360131402, 10.804233523170296 ], [ 8.148017132396092, 10.801018304985689 ], [ 8.144945764309227, 10.796618613996316 ], [ 8.126603987846863, 10.808958812380865 ], [ 8.121467265356671, 10.800662141743715 ], [ 8.120060145400601, 10.799869207204949 ], [ 8.109521893240355, 10.801675340432098 ], [ 8.104208286630012, 10.79966714106763 ], [ 8.091978204320242, 10.795782803428438 ], [ 8.0907365134766, 10.796828136138686 ], [ 8.087159547046213, 10.79983945118471 ], [ 8.083600880628239, 10.797750124765116 ], [ 8.077872076735787, 10.788021863155222 ], [ 8.070786391921445, 10.783521247097269 ], [ 8.066009387675649, 10.781951904030961 ], [ 8.063294508831007, 10.780985416374278 ], [ 8.062820556508996, 10.775524432663815 ], [ 8.062732143448955, 10.774505704971602 ], [ 8.060839851163223, 10.767700271347678 ], [ 8.060677802053078, 10.767161202981356 ], [ 8.06268333041578, 10.765094638577239 ], [ 8.063645513069503, 10.763044615184356 ], [ 8.078873931416524, 10.749125907727262 ], [ 8.080092573244542, 10.7476674817363 ], [ 8.086877156854314, 10.740333474753186 ], [ 8.086666676711332, 10.73393349340472 ], [ 8.074622019527567, 10.724535209018995 ], [ 8.074437923402456, 10.718862643164755 ], [ 8.075168716898986, 10.706399386696603 ], [ 8.080675320640466, 10.701027736046797 ], [ 8.086752563769664, 10.696988416302247 ], [ 8.087673377395333, 10.689808105423594 ], [ 8.088758894132866, 10.681343493672273 ], [ 8.085932304212349, 10.681807895987845 ], [ 8.084167532013282, 10.682105687190131 ], [ 8.081419241145966, 10.682678143579096 ], [ 8.079154802607377, 10.683278487987025 ], [ 8.078166106935612, 10.683526605155578 ], [ 8.077739494645698, 10.683941544437516 ], [ 8.077397236413162, 10.68424049964068 ], [ 8.077054977180637, 10.684586166875533 ], [ 8.076760253980353, 10.684866438065967 ], [ 8.076417995747818, 10.685137366250046 ], [ 8.075990172457125, 10.685417636440491 ], [ 8.075277132972644, 10.685707248637243 ], [ 8.07198764473759, 10.685978175821333 ], [ 8.070019657400451, 10.685763302675355 ], [ 8.069131900797288, 10.685875558751604 ], [ 8.068314295241748, 10.686314425049773 ], [ 8.059973527574584, 10.692866942501894 ], [ 8.059133777004035, 10.693650172034097 ], [ 8.057675913013441, 10.695551313325836 ], [ 8.054364341763403, 10.694736259772014 ], [ 8.050654152242487, 10.691470985553451 ], [ 8.049720986608463, 10.690649723995421 ], [ 8.048833328005344, 10.690451415860707 ], [ 8.047895752368277, 10.691057819272714 ], [ 8.032684862033193, 10.700895891957202 ], [ 8.03205388860448, 10.701386094290285 ], [ 8.02830914606011, 10.700637381781576 ], [ 8.023420300738394, 10.704303110272235 ], [ 8.021272479279048, 10.705913580366484 ], [ 8.019246443902432, 10.707670967560546 ], [ 8.006708547383539, 10.706100125493265 ], [ 8.000961341478558, 10.705146720845448 ], [ 7.99973882464792, 10.708400029055952 ], [ 7.990107611103952, 10.710473119464496 ], [ 7.978703376355327, 10.710695752615777 ], [ 7.976918363142488, 10.712654694946764 ], [ 7.970980358107909, 10.70463647049877 ], [ 7.967507694748406, 10.71254095286946 ], [ 7.963028346704903, 10.702438789005555 ], [ 7.964104405436046, 10.698864306576866 ], [ 7.954139789665533, 10.69215434601773 ], [ 7.951844129105723, 10.694582015667208 ], [ 7.955582394645717, 10.701762231545842 ], [ 7.952688834679691, 10.703985599056523 ], [ 7.953355292132528, 10.709778992992881 ], [ 7.952204829350819, 10.711845379396891 ], [ 7.949721545663522, 10.713449779487007 ], [ 7.94772957631011, 10.714610851275893 ], [ 7.945053884492097, 10.714651597303543 ], [ 7.944864600363474, 10.714432097154429 ], [ 7.941699689213067, 10.711410130101171 ], [ 7.936575881731699, 10.709838183033071 ], [ 7.933526472659764, 10.707500737444889 ], [ 7.930253263435759, 10.703368492637253 ], [ 7.9177919379689, 10.70176088454491 ], [ 7.915224179224197, 10.687104957586939 ], [ 7.898839103091291, 10.695743428456353 ], [ 7.895601298891393, 10.687559259895579 ], [ 7.895079581536891, 10.683102160867236 ], [ 7.895061819524813, 10.682950426764137 ], [ 7.894868433393412, 10.681298288641585 ], [ 7.893643667561264, 10.680613198176104 ], [ 7.892885294045982, 10.680188987887846 ], [ 7.892602796854021, 10.680030967780453 ], [ 7.892166337557512, 10.67974817958833 ], [ 7.891593895168512, 10.679377285336329 ], [ 7.891119254846046, 10.679069758127412 ], [ 7.890413416366471, 10.678612433816625 ], [ 7.889790043942924, 10.678208540542244 ], [ 7.889447046709847, 10.677986308391212 ], [ 7.886440720667224, 10.681534487802026 ], [ 7.883759504845443, 10.683691675267767 ], [ 7.881352204209804, 10.685628480583716 ], [ 7.881081219025646, 10.688586485593532 ], [ 7.872566436240277, 10.699574518059421 ], [ 7.873272757720201, 10.703686144853066 ], [ 7.869611685232655, 10.709255211636957 ], [ 7.863880653338697, 10.730849477309278 ], [ 7.861525724738613, 10.733296539971946 ], [ 7.854841596197105, 10.736987355479641 ], [ 7.850714386392838, 10.74772599477609 ], [ 7.886192190498321, 10.764391560099511 ], [ 7.880646858730529, 10.770820006467375 ], [ 7.876884333174075, 10.775447467611514 ], [ 7.878726387425672, 10.785326505323837 ], [ 7.879927835241972, 10.79054962487271 ], [ 7.878956383581965, 10.795230288053006 ], [ 7.869601310225619, 10.795300330100588 ], [ 7.865037859124982, 10.79382944410122 ], [ 7.858522826698277, 10.795460938209715 ], [ 7.85569704477831, 10.793759401053592 ], [ 7.852773584791976, 10.797821831813849 ], [ 7.847996221545941, 10.803425094620991 ], [ 7.846142320286333, 10.805316171905872 ], [ 7.841650174234132, 10.809028253428096 ], [ 7.837172288191596, 10.812109944521922 ], [ 7.832394924945618, 10.814701344282696 ], [ 7.829328856862389, 10.816522313519954 ], [ 7.824810564792415, 10.821728358057214 ], [ 7.820279657713854, 10.828329537542402 ], [ 7.815559266506568, 10.830700772153534 ], [ 7.814960464099727, 10.836474803076726 ], [ 7.814627339873368, 10.842566224215545 ], [ 7.814103857517694, 10.845921264495132 ], [ 7.814318009663225, 10.847491707562199 ], [ 7.814343786680695, 10.850843773839756 ], [ 7.817151550588449, 10.853984661973868 ], [ 7.820688652991748, 10.858039974729252 ], [ 7.833875808951802, 10.873107381966804 ], [ 7.823399897833895, 10.886713556211589 ], [ 7.819205782984227, 10.8891052098366 ], [ 7.818536874529741, 10.891247653292282 ], [ 7.812871431680321, 10.895520591195577 ], [ 7.810707119209781, 10.898261734058053 ], [ 7.810132573819374, 10.89898940655246 ], [ 7.799154700360475, 10.908353358914837 ], [ 7.799143356352715, 10.909566066738819 ], [ 7.791879997417652, 10.922604703597926 ], [ 7.792308159708568, 10.9230725379158 ], [ 7.798329711799909, 10.9263557311466 ], [ 7.803893640580327, 10.927301186788952 ], [ 7.805637958765544, 10.935395401288588 ], [ 7.803742153477401, 10.940249425586671 ], [ 7.807283849883845, 10.944582280530653 ], [ 7.808701954847379, 10.945444912116784 ], [ 7.81628596700034, 10.959301315531548 ], [ 7.8174456427883, 10.960651434448891 ], [ 7.817452429792922, 10.960659337454274 ], [ 7.813965051423395, 10.975314624411851 ], [ 7.811625379833686, 10.978140409331843 ], [ 7.808859091954105, 10.980580137989534 ], [ 7.810605672140866, 10.986902795285459 ], [ 7.814528001805911, 10.999063505548122 ], [ 7.801373662868116, 11.007392504207246 ], [ 7.799519778608499, 11.010739671481474 ], [ 7.806304866218625, 11.028819924766196 ], [ 7.807566426075823, 11.030436726864707 ], [ 7.811293930608485, 11.031472722568651 ], [ 7.816461791119821, 11.031177983368366 ], [ 7.820177275644312, 11.035345051199727 ], [ 7.815347535362719, 11.045549466133139 ], [ 7.81311334484468, 11.051894525444311 ], [ 7.81497510810965, 11.056874302827794 ], [ 7.812185871214524, 11.061017899643218 ], [ 7.816241209969917, 11.065927814979261 ], [ 7.815043304156006, 11.070070492794002 ], [ 7.81458695884595, 11.072085829163314 ], [ 7.811563672791749, 11.077963812157122 ], [ 7.803101796042313, 11.08853777434166 ], [ 7.799645735694071, 11.09799393676667 ], [ 7.79936488650327, 11.098859431354754 ], [ 7.799607720668234, 11.09953629581463 ], [ 7.799889694859814, 11.103767755689717 ], [ 7.799534749618658, 11.104491486181473 ], [ 7.794062719900694, 11.105549100900078 ], [ 7.788073190831085, 11.106724572698738 ], [ 7.786533025784593, 11.109299398448229 ], [ 7.782882266304114, 11.114952741289358 ], [ 7.774550783643235, 11.13298318654023 ], [ 7.772683976374822, 11.136956351239803 ], [ 7.778794431526592, 11.141639130421538 ], [ 7.783991175057565, 11.147863799650906 ], [ 7.785932815376782, 11.146835872952465 ], [ 7.787254091274519, 11.143462401660372 ], [ 7.78861684820049, 11.13998302529626 ], [ 7.792100377567351, 11.139754597141064 ], [ 7.79241400878044, 11.142756498180745 ], [ 7.792899877110585, 11.147406944340503 ], [ 7.795298373740252, 11.14717851518526 ], [ 7.7978492844735, 11.142012922675519 ], [ 7.799866938844389, 11.137927170899445 ], [ 7.803350470211285, 11.140325667529112 ], [ 7.804317088868061, 11.143268530528644 ], [ 7.808090356431819, 11.148434871038944 ], [ 7.810660175177873, 11.15089047470741 ], [ 7.812604590499006, 11.153467400458283 ], [ 7.816959058457655, 11.157163465969575 ], [ 7.821917999827065, 11.157978777523567 ], [ 7.824811995793368, 11.158099712605747 ], [ 7.8297557341524, 11.156849828756492 ], [ 7.830896101927237, 11.156306714387483 ], [ 7.833974789019067, 11.156153498283345 ], [ 7.835479061041156, 11.156290178376253 ], [ 7.835311708927463, 11.157896380467548 ], [ 7.835574133105752, 11.159163043328192 ], [ 7.836049494428721, 11.160916596519655 ], [ 7.836360523640053, 11.160978700561884 ], [ 7.837038242100562, 11.162632829685776 ], [ 7.837627686501037, 11.163528252294157 ], [ 7.838521362108224, 11.164927344244802 ], [ 7.839491094767141, 11.165916030916549 ], [ 7.840346743348505, 11.16703529567701 ], [ 7.841487605123689, 11.168453024640314 ], [ 7.841810850343279, 11.168788801868459 ], [ 7.842190019600935, 11.168761191849683 ], [ 7.842638212905456, 11.168593327735664 ], [ 7.842750144981494, 11.168671820788973 ], [ 7.84283951804224, 11.16873449383155 ], [ 7.843238819313513, 11.168762474850553 ], [ 7.843481253478274, 11.168916372955152 ], [ 7.843766468672072, 11.169042289040704 ], [ 7.844165770943334, 11.169070270059706 ], [ 7.844414489112353, 11.169096254077374 ], [ 7.844137248923971, 11.170161540801189 ], [ 7.843966119807703, 11.170707175171913 ], [ 7.843794989691446, 11.171756468884837 ], [ 7.843922590778106, 11.171938059008255 ], [ 7.841221404942814, 11.178694044598615 ], [ 7.840418046396962, 11.179845904381239 ], [ 7.84007578716438, 11.180489450818527 ], [ 7.839098330500292, 11.180682980949996 ], [ 7.83847649607776, 11.180677583946306 ], [ 7.838198117888624, 11.180932472119537 ], [ 7.837242646239417, 11.182219558994007 ], [ 7.837256906249081, 11.184625836628982 ], [ 7.837456557384769, 11.184989574876113 ], [ 7.838069770801383, 11.185185434009213 ], [ 7.838625941179316, 11.185297353085218 ], [ 7.839082287489362, 11.185549171256355 ], [ 7.83926767661535, 11.186570430950212 ], [ 7.839253416605629, 11.187339871473057 ], [ 7.83913932852812, 11.189690148069928 ], [ 7.838996722431204, 11.191103103030002 ], [ 7.838084030811103, 11.194558519377779 ], [ 7.837898640685125, 11.195271979862525 ], [ 7.837713250559148, 11.196419109641965 ], [ 7.837784554607595, 11.196726875851084 ], [ 7.837827336636678, 11.196978684022156 ], [ 7.838126813840177, 11.197244481202745 ], [ 7.83886837534402, 11.198083838773073 ], [ 7.83936750268316, 11.198265699896638 ], [ 7.83986662902231, 11.198559474096214 ], [ 7.840408540390513, 11.198909206333838 ], [ 7.841269785975669, 11.199344795629827 ], [ 7.841479378118095, 11.199190972525287 ], [ 7.841796590333615, 11.198958168367142 ], [ 7.842015102482094, 11.198611429131518 ], [ 7.842153107575825, 11.198510512062967 ], [ 7.84230835968134, 11.198402916989835 ], [ 7.843693272622318, 11.198902211329084 ], [ 7.845932122143495, 11.199554800772489 ], [ 7.845951087156379, 11.199560328776272 ], [ 7.846196843323355, 11.199626013820875 ], [ 7.846263413368604, 11.199643805832977 ], [ 7.846260774366783, 11.199596699800964 ], [ 7.846239645352455, 11.199219466544662 ], [ 7.846302525395174, 11.19898987638868 ], [ 7.846400501461744, 11.198438164013794 ], [ 7.846510599536543, 11.198160945825464 ], [ 7.846618927610166, 11.197245449203422 ], [ 7.846632145619139, 11.197133730127518 ], [ 7.84686982478064, 11.196783996889906 ], [ 7.847190693998641, 11.195734794176985 ], [ 7.847798824411825, 11.196053221393356 ], [ 7.848307787757676, 11.19645757766807 ], [ 7.848545069918885, 11.196675742816296 ], [ 7.848716268035218, 11.196757351871781 ], [ 7.848830354112692, 11.196873929950982 ], [ 7.849163435339051, 11.196993837032437 ], [ 7.849686329694293, 11.197028810056224 ], [ 7.85052576426466, 11.19732140825505 ], [ 7.850766229428075, 11.197351972275783 ], [ 7.85093349554171, 11.197437348333779 ], [ 7.850946401550459, 11.197448228341216 ], [ 7.850986440577685, 11.197481984364117 ], [ 7.852027476285002, 11.197844852610672 ], [ 7.854130940714242, 11.197844852610672 ], [ 7.854434963920767, 11.197832785602486 ], [ 7.854777370153442, 11.19776178155422 ], [ 7.855067634350632, 11.1977502605464 ], [ 7.855399821576384, 11.19750345037869 ], [ 7.855699298779825, 11.197242316201311 ], [ 7.856343254217393, 11.19654833172973 ], [ 7.856350175222076, 11.196510988704404 ], [ 7.85644356628552, 11.196007121362015 ], [ 7.856521898338769, 11.195909939295973 ], [ 7.856847619560085, 11.195505834021446 ], [ 7.857536892028406, 11.19492294162535 ], [ 7.858380655601707, 11.194165179110541 ], [ 7.859034275045815, 11.19380378486494 ], [ 7.859378910279986, 11.193454046627323 ], [ 7.859759197538381, 11.192824519199576 ], [ 7.860032528724048, 11.192066750684717 ], [ 7.860305859909772, 11.191308982169858 ], [ 7.860238121863745, 11.190903282894226 ], [ 7.860245251868605, 11.190546546651831 ], [ 7.860324123922169, 11.190512560628747 ], [ 7.860373599955835, 11.190147842380895 ], [ 7.860633022132106, 11.189762427119035 ], [ 7.86110803045483, 11.189868048190817 ], [ 7.861535852745533, 11.190119862361939 ], [ 7.862976192724147, 11.190966235936969 ], [ 7.864159836528358, 11.19175664947403 ], [ 7.864716008906271, 11.19207840869268 ], [ 7.86500835410493, 11.19221830478773 ], [ 7.865507482444059, 11.192554054015829 ], [ 7.866070782826796, 11.193092651381789 ], [ 7.864028702439271, 11.196962071010887 ], [ 7.86388175233941, 11.197240515200065 ], [ 7.865714262584561, 11.197995937713358 ], [ 7.865837650668368, 11.198031374737411 ], [ 7.865885391700829, 11.198464578031746 ], [ 7.865921044725042, 11.198891251321641 ], [ 7.865995584775703, 11.198918698340321 ], [ 7.866234781938203, 11.199534754758872 ], [ 7.866213389923701, 11.200709845557299 ], [ 7.866548518151376, 11.200898699685638 ], [ 7.867090427519599, 11.200926677704615 ], [ 7.867254426631007, 11.200779791604816 ], [ 7.867703641936259, 11.200304161281679 ], [ 7.867740153961051, 11.200182390198904 ], [ 7.867863747045021, 11.199967889053198 ], [ 7.868011109145129, 11.199786029929612 ], [ 7.868196499271107, 11.199618158815554 ], [ 7.868348615374487, 11.199361689641307 ], [ 7.868438933435812, 11.199095895460687 ], [ 7.868557771516578, 11.198900046327651 ], [ 7.868576786529502, 11.198741501219899 ], [ 7.868652843581174, 11.198657565162875 ], [ 7.868804958684507, 11.198363790963299 ], [ 7.868800205681282, 11.19819591984924 ], [ 7.868809711687732, 11.197981416703442 ], [ 7.869037025842204, 11.19752030239016 ], [ 7.869643109254014, 11.196659957805593 ], [ 7.870092322559231, 11.195960489330332 ], [ 7.870363278743355, 11.195554797054683 ], [ 7.870459537808756, 11.195455005986901 ], [ 7.871101275244769, 11.195711478161172 ], [ 7.872016012866311, 11.195990269350602 ], [ 7.872312179067535, 11.196230705513926 ], [ 7.872716712342367, 11.196442255657701 ], [ 7.87297148451546, 11.196472901678476 ], [ 7.873057049573617, 11.196514869707016 ], [ 7.873196906668625, 11.196693372828292 ], [ 7.873439712833601, 11.196834293924042 ], [ 7.873858031117834, 11.197244647202865 ], [ 7.874014898224459, 11.19742650832643 ], [ 7.874157507321343, 11.197585054434171 ], [ 7.874393139481413, 11.197938114674059 ], [ 7.874868496804424, 11.198567633101788 ], [ 7.875272553078958, 11.199010625402764 ], [ 7.875367625143554, 11.19926709457701 ], [ 7.875783565426161, 11.199570193782961 ], [ 7.876056895611896, 11.199686770862172 ], [ 7.876270808757226, 11.199768374917596 ], [ 7.877090803314388, 11.200118105155241 ], [ 7.877197760387048, 11.199302067600797 ], [ 7.877696885726152, 11.198707525196824 ], [ 7.87814847903303, 11.198486029046308 ], [ 7.878647605372123, 11.198346135951283 ], [ 7.878909052549773, 11.198101323784954 ], [ 7.879158615719348, 11.197425174325531 ], [ 7.879527020969647, 11.19639928862847 ], [ 7.879942960252265, 11.195653189121572 ], [ 7.880347014526819, 11.195140243773039 ], [ 7.881357154213163, 11.194172641115586 ], [ 7.882649595091323, 11.193411927598731 ], [ 7.883496271666559, 11.192913585260101 ], [ 7.884928075639436, 11.19241503392135 ], [ 7.88589683829764, 11.192864622226864 ], [ 7.887299147250474, 11.193575755710015 ], [ 7.887976534710731, 11.193925492947642 ], [ 7.888784645259761, 11.194601651407083 ], [ 7.889010441413177, 11.196338668587316 ], [ 7.889652175849221, 11.197819205593248 ], [ 7.890091832147959, 11.198821905274542 ], [ 7.890664894537338, 11.19903975242255 ], [ 7.891632546194785, 11.199175578514826 ], [ 7.892646941884038, 11.199439627694233 ], [ 7.893407516400828, 11.199894278003171 ], [ 7.894144322901411, 11.199999197074476 ], [ 7.894869246393966, 11.200267323256639 ], [ 7.895808081031873, 11.200838546644775 ], [ 7.89601010916914, 11.201071698803162 ], [ 7.896235905322555, 11.201712867238825 ], [ 7.896283441354853, 11.202960226086361 ], [ 7.896383481422845, 11.203228926268878 ], [ 7.896782567694004, 11.204300839997245 ], [ 7.898244298687189, 11.205233436630863 ], [ 7.898969223179733, 11.205315039686297 ], [ 7.899333328427133, 11.20523927763486 ], [ 7.900145736979084, 11.205070232519972 ], [ 7.900906313495909, 11.205431613765541 ], [ 7.902463113553665, 11.20673724365264 ], [ 7.902986009908943, 11.208007896515994 ], [ 7.903639629353052, 11.209150313292184 ], [ 7.903615772336821, 11.209398386460748 ], [ 7.904190936727616, 11.209717968677921 ], [ 7.904642528034458, 11.210067686915522 ], [ 7.905093314340775, 11.209828169752768 ], [ 7.905498174615843, 11.209613053606631 ], [ 7.906246867124537, 11.209706311670004 ], [ 7.906884514557817, 11.210018476882112 ], [ 7.907910625254999, 11.210440719168957 ], [ 7.908527031673827, 11.21033006809381 ], [ 7.908779650845474, 11.210145555968438 ], [ 7.909182211118946, 11.210300832073926 ], [ 7.909847713571139, 11.210580606264045 ], [ 7.910917273297855, 11.211326667770948 ], [ 7.911606543766197, 11.211466553865989 ], [ 7.913662474163118, 11.211548153921456 ], [ 7.914530005752567, 11.21196781320657 ], [ 7.915243148237096, 11.212408391505903 ], [ 7.915944198713419, 11.213051927943184 ], [ 7.916550283125218, 11.213996153584731 ], [ 7.91713259752089, 11.214264266766918 ], [ 7.919378672047003, 11.214042782616389 ], [ 7.920487508800363, 11.213532178269475 ], [ 7.921749873658086, 11.212950874874537 ], [ 7.923086474566276, 11.212177642349161 ], [ 7.923882703107267, 11.211886213151104 ], [ 7.924880956785557, 11.212119356309529 ], [ 7.925296896068119, 11.212853756808499 ], [ 7.925320664084268, 11.213569213294647 ], [ 7.92432744640945, 11.215682380730414 ], [ 7.923633138937703, 11.217159580734119 ], [ 7.923847051083044, 11.218838178874648 ], [ 7.925273129052016, 11.22084315823696 ], [ 7.927127031311613, 11.221495938680505 ], [ 7.928133341995363, 11.219897430594358 ], [ 7.929028468603576, 11.21907131703307 ], [ 7.930050491298005, 11.218838178874648 ], [ 7.931942123583269, 11.219407869261715 ], [ 7.932736272122838, 11.218674981763797 ], [ 7.933829598865714, 11.217882312225186 ], [ 7.93513683775393, 11.217812370177683 ], [ 7.935683500125378, 11.218208706446944 ], [ 7.935826109222262, 11.218978061969722 ], [ 7.936277700529104, 11.219117944064749 ], [ 7.937062043061985, 11.219211199128097 ], [ 7.937442331320369, 11.219421023270684 ], [ 7.937703779498008, 11.220027179682518 ], [ 7.938488121030957, 11.223337706931886 ], [ 7.939320000596183, 11.223640781137817 ], [ 7.942457372727858, 11.222475108345805 ], [ 7.943930986729129, 11.222778183551725 ], [ 7.945832425021081, 11.223687408169496 ], [ 7.946772005659454, 11.224632831811846 ], [ 7.948762574011994, 11.226031627762268 ], [ 7.949653871617556, 11.226527033098876 ], [ 7.951198789667274, 11.226468750059269 ], [ 7.952506029555479, 11.226527033098876 ], [ 7.953872687484022, 11.227342992653291 ], [ 7.955180644372717, 11.227512519768482 ], [ 7.955863254836572, 11.228362940346301 ], [ 7.957200203744947, 11.229237176940273 ], [ 7.958715412774438, 11.229849142356102 ], [ 7.96014149074341, 11.230140552554076 ], [ 7.962191478136276, 11.228858340682905 ], [ 7.963587846085034, 11.22708072147509 ], [ 7.964152335468611, 11.225244806227636 ], [ 7.964122626448386, 11.22238891528724 ], [ 7.964805954912663, 11.220348975901175 ], [ 7.964984214033791, 11.218192453435904 ], [ 7.965637835477935, 11.217114184703291 ], [ 7.966529133083498, 11.216327339168686 ], [ 7.967361011648734, 11.216152484049871 ], [ 7.968803478628843, 11.216395208214749 ], [ 7.9694109990416, 11.217026757643907 ], [ 7.97012403852608, 11.218046741336934 ], [ 7.971163887232592, 11.219562138366541 ], [ 7.972263155979533, 11.22026154884179 ], [ 7.973303004686045, 11.220203264802194 ], [ 7.974818212715547, 11.220319833881376 ], [ 7.975709512321146, 11.220669538118955 ], [ 7.977224720350648, 11.225711070544492 ], [ 7.978270100060968, 11.227854207000632 ], [ 7.980485146565968, 11.228543841469218 ], [ 7.982364544842937, 11.228683493564063 ], [ 7.984147143054145, 11.228158951207661 ], [ 7.985432593927499, 11.227416817703443 ], [ 7.986155140418475, 11.227752526931511 ], [ 7.986934729948132, 11.229561616160709 ], [ 7.987885447594124, 11.229934622414191 ], [ 7.988379822930028, 11.229990573452199 ], [ 7.989007297356352, 11.230680633921054 ], [ 7.988912225291756, 11.231389344402601 ], [ 7.988831396236833, 11.232261439995114 ], [ 7.988798139214225, 11.232620256238931 ], [ 7.989216456498468, 11.233179759619077 ], [ 7.989710828834404, 11.23357141188518 ], [ 7.990395347299454, 11.233515461847162 ], [ 7.990522178385675, 11.231915999760417 ] ] ] ] } },
{ "type": "Feature", "properties": { "fid": 374.0, "OBJECTID": 374.0, "lganame": "Kajuru", "statecode": "KD", "LGA_UID": "18_12" }, "geometry": { "type": "MultiPolygon", "coordinates": [ [ [ [ 7.870751387007033, 10.525585025841735 ], [ 7.871749640685323, 10.524533463127227 ], [ 7.872911556474776, 10.523696937558839 ], [ 7.87360354294492, 10.52250042974589 ], [ 7.87581396544681, 10.520747803555082 ], [ 7.877881777851769, 10.519345696602386 ], [ 7.87980698415987, 10.519556012745284 ], [ 7.881732190467972, 10.519485907697629 ], [ 7.882445228952463, 10.518083793745006 ], [ 7.883015661340039, 10.515700187125447 ], [ 7.885012169696552, 10.515209441792024 ], [ 7.887465585363543, 10.514318233186486 ], [ 7.888866275315252, 10.512366453860295 ], [ 7.889504316748742, 10.509951412219436 ], [ 7.891286914959949, 10.507497633552191 ], [ 7.894566895188575, 10.504272638360931 ], [ 7.898006939525885, 10.488695623777119 ], [ 7.899797816742705, 10.488840778875726 ], [ 7.901905734174932, 10.487714556110518 ], [ 7.920992011143198, 10.478911430129187 ], [ 7.931657931390191, 10.466156977463129 ], [ 7.948861755079349, 10.476960888803887 ], [ 7.951981630199157, 10.475575550862629 ], [ 7.976743627023779, 10.479109380263708 ], [ 7.981303519122037, 10.476499789490617 ], [ 8.006379603160042, 10.478079132563721 ], [ 8.011358445542896, 10.475080675526385 ], [ 8.011132371389294, 10.472058474472931 ], [ 8.010606193031776, 10.470429554366149 ], [ 8.006765399422136, 10.45853930728731 ], [ 8.000215738971974, 10.451671022620644 ], [ 8.000226789979479, 10.449674071263814 ], [ 8.007782658113342, 10.411700345462407 ], [ 8.008309886471579, 10.410069459354304 ], [ 8.021932420727467, 10.395013766124691 ], [ 8.023418637737279, 10.393371148008612 ], [ 8.030549029582005, 10.373733013665401 ], [ 8.03334347948072, 10.357717967783969 ], [ 8.03403749195229, 10.353740565081466 ], [ 8.032847516143761, 10.351951964866203 ], [ 8.039373743577983, 10.343156665890206 ], [ 8.038124441729167, 10.339395269334545 ], [ 8.033641623683309, 10.325898405164025 ], [ 8.032714494053323, 10.302035070950012 ], [ 8.035306633814571, 10.298727360702571 ], [ 8.039805663871448, 10.303877433201819 ], [ 8.056363182121515, 10.315701056235412 ], [ 8.059350885151503, 10.317834555685067 ], [ 8.074217095252436, 10.315719883248221 ], [ 8.077238384305247, 10.3055331633268 ], [ 8.093140268109835, 10.310792386900232 ], [ 8.097690755201654, 10.312297367922781 ], [ 8.101908333067286, 10.306043486673559 ], [ 8.10835300544619, 10.296487240180568 ], [ 8.116571331030116, 10.29283394269828 ], [ 8.117092978384562, 10.288477517738329 ], [ 8.113921135229475, 10.282794757877127 ], [ 8.112267312105757, 10.277474493262275 ], [ 8.114145921382203, 10.267109460219729 ], [ 8.127609995530406, 10.249041302943283 ], [ 8.122179581840669, 10.243265294018727 ], [ 8.118817745556441, 10.238368747691766 ], [ 8.109948553530273, 10.236674120540329 ], [ 8.109472318206713, 10.235776374930367 ], [ 8.092518070687049, 10.222398365840661 ], [ 8.088364854865176, 10.228011090654206 ], [ 8.077786852677889, 10.231037080710223 ], [ 8.064820164867626, 10.238867680030751 ], [ 8.082888890144488, 10.261061638110505 ], [ 8.081868086450925, 10.268059619865312 ], [ 8.071265019246596, 10.285681872838779 ], [ 8.070962899041319, 10.286053730091453 ], [ 8.03903279934633, 10.282870932928915 ], [ 8.027535119534207, 10.265637657219713 ], [ 8.017288177571913, 10.244024738534733 ], [ 8.023059943493536, 10.233352870283682 ], [ 8.023113787530121, 10.231906716301125 ], [ 7.999371561398391, 10.200726538115646 ], [ 7.992271549574298, 10.194997623223117 ], [ 7.990305462238382, 10.178534297037061 ], [ 8.003996393540774, 10.171159920026525 ], [ 8.005409459500868, 10.170766864759457 ], [ 7.995613450844928, 10.149652627413332 ], [ 7.976009158524732, 10.152498928347256 ], [ 7.970398077712275, 10.149662855420274 ], [ 7.966923195351228, 10.147004560614107 ], [ 7.951874840126607, 10.131236840900669 ], [ 7.948952792141199, 10.130594236464049 ], [ 7.939533824741488, 10.106051001788046 ], [ 7.93558667505954, 10.104604895805494 ], [ 7.902759300754894, 10.08269029591554 ], [ 7.894583118199591, 10.067338938485022 ], [ 7.871997749853904, 10.068915921556538 ], [ 7.861307955590689, 10.069772739138671 ], [ 7.846335989417923, 10.070883158893196 ], [ 7.826054489637613, 10.070996355970067 ], [ 7.825983118589079, 10.070998857971801 ], [ 7.820333208750242, 10.068795186474517 ], [ 7.808320458588128, 10.0557225055922 ], [ 7.797990076569135, 10.051799624926787 ], [ 7.801935700249999, 10.038363120797328 ], [ 7.802898909904457, 10.033701142629752 ], [ 7.803904756587883, 10.028832803321905 ], [ 7.804506019996438, 10.025152338821215 ], [ 7.80403188367427, 10.024459160350261 ], [ 7.80584775990809, 10.018051015996207 ], [ 7.801979573279823, 9.999869334642597 ], [ 7.791604415230381, 10.003785008303112 ], [ 7.782787879239947, 9.999662473502042 ], [ 7.778142310083524, 9.998629488800191 ], [ 7.766380071091646, 9.995669862789271 ], [ 7.761543097805145, 9.988303200783946 ], [ 7.748075300654421, 9.978037581808962 ], [ 7.743079899260238, 9.983825443741523 ], [ 7.736070682497825, 10.012432738178859 ], [ 7.733630267839658, 10.013840219135147 ], [ 7.72052086293246, 10.020213041465183 ], [ 7.709197187238544, 10.022076802731533 ], [ 7.696961011924657, 10.013127605650993 ], [ 7.690560247575604, 10.004834011015873 ], [ 7.659126586217951, 10.013801024108545 ], [ 7.658249033621644, 10.01483282980962 ], [ 7.655555360791425, 10.017069992329652 ], [ 7.653635846487248, 10.017058403321755 ], [ 7.627317764605323, 10.016741799106683 ], [ 7.619908793571256, 10.044680866089948 ], [ 7.63730719439269, 10.038455082859798 ], [ 7.618687159741228, 10.094967350257264 ], [ 7.61667883637665, 10.094811369151273 ], [ 7.598341651917394, 10.100205029815982 ], [ 7.562248023393522, 10.161778269652132 ], [ 7.556013963157739, 10.172413145878011 ], [ 7.543146269414763, 10.182214158537363 ], [ 7.52298858271854, 10.190467126144881 ], [ 7.510552323268712, 10.194684101010068 ], [ 7.516555980347903, 10.231222468836222 ], [ 7.538196770051798, 10.275022906596519 ], [ 7.547217524180951, 10.279610255713408 ], [ 7.551024201767461, 10.281823543217229 ], [ 7.554917396412691, 10.284462442010238 ], [ 7.557858921411309, 10.289910421711909 ], [ 7.562530752585587, 10.289399678364873 ], [ 7.565421245549544, 10.287088284794379 ], [ 7.574425666667651, 10.283914989638276 ], [ 7.576608354150665, 10.283692370487017 ], [ 7.577034245440018, 10.283338798246803 ], [ 7.577246842584486, 10.282329715561161 ], [ 7.577832788982619, 10.281354855898826 ], [ 7.584246124340154, 10.280716902465315 ], [ 7.586755071044877, 10.280887153581034 ], [ 7.588645414329278, 10.281136681750581 ], [ 7.587789247747537, 10.282977749001475 ], [ 7.586316038746588, 10.289962169747071 ], [ 7.588061514932576, 10.297779884058855 ], [ 7.588822374449535, 10.301187652374267 ], [ 7.589610079984709, 10.308381779262334 ], [ 7.595579644040754, 10.309062729724985 ], [ 7.600684053508985, 10.308466898320148 ], [ 7.604144670860308, 10.309062729724985 ], [ 7.605788463977206, 10.313318639616682 ], [ 7.606826648682556, 10.316978677103521 ], [ 7.608031442501158, 10.320299346359775 ], [ 7.606753663632958, 10.32734289014553 ], [ 7.606697444594772, 10.329685201736993 ], [ 7.605752665952878, 10.331093451693846 ], [ 7.607684647265557, 10.332617375729285 ], [ 7.609694814631382, 10.333378804246649 ], [ 7.612481639524901, 10.336592028429834 ], [ 7.613595228281497, 10.337872940300201 ], [ 7.614486097886811, 10.338801880931328 ], [ 7.614893462163593, 10.339851889644763 ], [ 7.615043270265403, 10.340606590157563 ], [ 7.615116727315296, 10.341253003596762 ], [ 7.61515615434206, 10.342578562497408 ], [ 7.614996254233461, 10.344512587811494 ], [ 7.61449371189201, 10.345258787318528 ], [ 7.61407111960483, 10.345422493429737 ], [ 7.613766549397894, 10.345917420766 ], [ 7.613128852964621, 10.346421867108802 ], [ 7.611882016117477, 10.346764509341597 ], [ 7.610273500024562, 10.346869206412748 ], [ 7.609340752390779, 10.346745474328657 ], [ 7.607689088268557, 10.346416156104908 ], [ 7.607060910841767, 10.34628290701437 ], [ 7.606612923537341, 10.346555744199748 ], [ 7.604680707224531, 10.358516807326737 ], [ 7.601677399183927, 10.377471923205803 ], [ 7.594351326206208, 10.387567873065564 ], [ 7.596458697638013, 10.394702018912881 ], [ 7.605797970983645, 10.396354406035584 ], [ 7.616237860077035, 10.395188349243313 ], [ 7.6249097679692, 10.389181864162197 ], [ 7.632835290354251, 10.389550317412557 ], [ 7.64198631357192, 10.393393349023711 ], [ 7.650108915090868, 10.399844021406636 ], [ 7.658087510511905, 10.399066215878122 ], [ 7.66417211164611, 10.398692173623999 ], [ 7.668830634811343, 10.399440257132255 ], [ 7.673203941782845, 10.402432568165409 ], [ 7.679762296238948, 10.41180876553608 ], [ 7.695464796908027, 10.411923619614129 ], [ 7.69508092964719, 10.413275599532767 ], [ 7.693226570387253, 10.417986328733491 ], [ 7.692785165087344, 10.422468729779041 ], [ 7.692763878072867, 10.422646461899831 ], [ 7.691281940065949, 10.431839719146183 ], [ 7.699943614951167, 10.439584937408711 ], [ 7.707897717355593, 10.440035838715062 ], [ 7.71388139042125, 10.450936712121688 ], [ 7.714656265947724, 10.463469672637245 ], [ 7.730884418974028, 10.469007318399804 ], [ 7.729650815135813, 10.477522777185698 ], [ 7.731956993702738, 10.482699380702968 ], [ 7.739758592003568, 10.48828362649715 ], [ 7.742033466549231, 10.488403297578486 ], [ 7.743532818567985, 10.487456411935113 ], [ 7.754645207118358, 10.492144070120162 ], [ 7.75630703524746, 10.494658447828556 ], [ 7.767556341890838, 10.489236072144308 ], [ 7.768536627556898, 10.490664941115142 ], [ 7.769923845499477, 10.491985362012315 ], [ 7.778174349105313, 10.49983859734823 ], [ 7.794130531946735, 10.495023422076542 ], [ 7.798935060211193, 10.489896373592956 ], [ 7.811944741050695, 10.502175006935715 ], [ 7.813733798266242, 10.50386353208296 ], [ 7.816918390430033, 10.507640100648985 ], [ 7.821789494739733, 10.506178725656071 ], [ 7.822210687025915, 10.503978945161407 ], [ 7.822647745322854, 10.501687027604135 ], [ 7.823084801619814, 10.500111323533531 ], [ 7.823740387065243, 10.498105872170925 ], [ 7.824905872857187, 10.497103141489617 ], [ 7.827164001391452, 10.497246387586927 ], [ 7.829203600777248, 10.497891001024925 ], [ 7.831519944351101, 10.499084740835997 ], [ 7.833064272400406, 10.499753209290191 ], [ 7.834521129390282, 10.500469438776861 ], [ 7.835468087033689, 10.501687027604135 ], [ 7.837362001320514, 10.501687027604135 ], [ 7.838964543409361, 10.501901895750166 ], [ 7.841004142795157, 10.502546499188099 ], [ 7.843553642527468, 10.503764079015411 ], [ 7.8463945144577, 10.504910031794054 ], [ 7.848798328090936, 10.505411386134654 ], [ 7.849896442837064, 10.506074474585205 ], [ 7.850431222200427, 10.507067678260057 ], [ 7.851381940846409, 10.507651913657014 ], [ 7.852154400371262, 10.508002453895188 ], [ 7.852035560290517, 10.509579882966989 ], [ 7.852510919613508, 10.510865188840285 ], [ 7.851084841644536, 10.513318939507485 ], [ 7.850550062281172, 10.516532156690744 ], [ 7.849837022796692, 10.519862181953329 ], [ 7.850193543038927, 10.522783227938021 ], [ 7.853342799178733, 10.525178463565453 ], [ 7.8577992942067, 10.525236883605203 ], [ 7.860592031104204, 10.52512004352576 ], [ 7.863622447163266, 10.52658054451814 ], [ 7.867068802504889, 10.527223162954783 ], [ 7.869681828280306, 10.526706689603827 ], [ 7.870751387007033, 10.525585025841735 ] ] ] ] } },
{ "type": "Feature", "properties": { "fid": 375.0, "OBJECTID": 375.0, "lganame": "Zaria", "statecode": "KD", "LGA_UID": "18_23" }, "geometry": { "type": "MultiPolygon", "coordinates": [ [ [ [ 7.774550783643235, 11.13298318654023 ], [ 7.782882266304114, 11.114952741289358 ], [ 7.786533025784593, 11.109299398448229 ], [ 7.788073190831085, 11.106724572698738 ], [ 7.794062719900694, 11.105549100900078 ], [ 7.799534749618658, 11.104491486181473 ], [ 7.799889694859814, 11.103767755689717 ], [ 7.799607720668234, 11.09953629581463 ], [ 7.79936488650327, 11.098859431354754 ], [ 7.799645735694071, 11.09799393676667 ], [ 7.803101796042313, 11.08853777434166 ], [ 7.811563672791749, 11.077963812157122 ], [ 7.81458695884595, 11.072085829163314 ], [ 7.815043304156006, 11.070070492794002 ], [ 7.816241209969917, 11.065927814979261 ], [ 7.812185871214524, 11.061017899643218 ], [ 7.81497510810965, 11.056874302827794 ], [ 7.81311334484468, 11.051894525444311 ], [ 7.815347534362729, 11.045549466133139 ], [ 7.820177275644312, 11.035345051199727 ], [ 7.816461790119774, 11.031177983368366 ], [ 7.811293930608485, 11.031472722568651 ], [ 7.807566425075834, 11.030436726864707 ], [ 7.806304865218635, 11.028819924766196 ], [ 7.799519778608499, 11.010739671481474 ], [ 7.801373661868126, 11.007392504207246 ], [ 7.814528001805911, 10.999063505548122 ], [ 7.81060567114082, 10.986902795285459 ], [ 7.808859091954105, 10.980580137989534 ], [ 7.811625378833696, 10.978140409331843 ], [ 7.813965051423395, 10.975314624411851 ], [ 7.817452429792922, 10.960659337454274 ], [ 7.8174456427883, 10.960651434448891 ], [ 7.81628596700034, 10.959301315531548 ], [ 7.808701953847333, 10.945444912116784 ], [ 7.807283849883845, 10.944582280530653 ], [ 7.803742153477401, 10.940249425586671 ], [ 7.805637958765544, 10.935395401288588 ], [ 7.803893639580338, 10.927301186788952 ], [ 7.798329710799919, 10.9263557311466 ], [ 7.792308158708522, 10.9230725379158 ], [ 7.791879997417652, 10.922604703597926 ], [ 7.791835599387468, 10.922590783588475 ], [ 7.789597987867126, 10.921686065973745 ], [ 7.786305089629764, 10.920118588908736 ], [ 7.78395951603602, 10.920489554160781 ], [ 7.77825962516323, 10.921061027549058 ], [ 7.776206595768315, 10.924652344989227 ], [ 7.776211067771328, 10.929595071347535 ], [ 7.775463334263293, 10.932299202184879 ], [ 7.773526792947507, 10.935662456470084 ], [ 7.765469430472876, 10.943186498582293 ], [ 7.764933091108446, 10.943421804742172 ], [ 7.764878982071707, 10.943524657812077 ], [ 7.769261880049669, 10.956965364944381 ], [ 7.77015333465539, 10.962965908021488 ], [ 7.767730723009322, 10.966942488723362 ], [ 7.767198904648012, 10.967815438316507 ], [ 7.76011864783726, 10.970182649924936 ], [ 7.759929983709071, 10.97032110101901 ], [ 7.754044996710547, 10.96844754474597 ], [ 7.747498236262288, 10.969064274165021 ], [ 7.742312266738679, 10.964483717052758 ], [ 7.739806247035972, 10.962654924810181 ], [ 7.736440701749245, 10.961926896315504 ], [ 7.730140319468433, 10.961956471335611 ], [ 7.727492060669078, 10.964758499239451 ], [ 7.72693993429391, 10.966398803353968 ], [ 7.726018924668153, 10.967565498146655 ], [ 7.726167474769056, 10.968353013681735 ], [ 7.726018924668153, 10.96908219417719 ], [ 7.725989215647928, 10.969753037632984 ], [ 7.726078344708526, 10.970423881088834 ], [ 7.725939487614141, 10.971014617490198 ], [ 7.725827777538257, 10.971339653711027 ], [ 7.725731517472866, 10.97236866241019 ], [ 7.725578214368682, 10.972914663781182 ], [ 7.72526447715552, 10.973355666080806 ], [ 7.724489640629031, 10.973977499503349 ], [ 7.722063825980797, 10.975156221304246 ], [ 7.72077857110753, 10.976348765114494 ], [ 7.719751185409507, 10.977348356793698 ], [ 7.719273447084902, 10.977411355836466 ], [ 7.717076225591995, 10.979290526113289 ], [ 7.71319954095793, 10.984918061936924 ], [ 7.710515545134285, 10.986932916305932 ], [ 7.708051413460055, 10.985822894551745 ], [ 7.704795201247578, 10.985776230520003 ], [ 7.702111528424155, 10.98917021582605 ], [ 7.700935266624981, 10.990657795836796 ], [ 7.696015297282088, 10.987787942886882 ], [ 7.691166629987606, 10.987717945839336 ], [ 7.686317964693217, 10.992547684120893 ], [ 7.67154989065898, 10.998225930979004 ], [ 7.668397073516758, 10.999864930092599 ], [ 7.66442766081974, 10.993527621786711 ], [ 7.661005074494255, 10.990097827456339 ], [ 7.660648553252031, 10.984568073699108 ], [ 7.657867700362544, 10.981068177321106 ], [ 7.652805122922814, 10.973368258089408 ], [ 7.64595994727182, 10.970708239282033 ], [ 7.642323445800969, 10.968678207902713 ], [ 7.637766251704591, 10.969404576396244 ], [ 7.634122259228661, 10.970560390181561 ], [ 7.632870807378367, 10.972777299687834 ], [ 7.630574309817973, 10.976845455451951 ], [ 7.630571515816087, 10.990954030038097 ], [ 7.625520822384374, 10.996641150902235 ], [ 7.619578829347063, 10.99839101309118 ], [ 7.612151337300475, 11.000432505478273 ], [ 7.60660309253069, 10.999691946975076 ], [ 7.602433189697422, 11.005060612622856 ], [ 7.59688807492978, 11.006667481714658 ], [ 7.589499142909347, 11.006499387600456 ], [ 7.582102846883913, 11.005930456213889 ], [ 7.57597070971741, 11.00397066088226 ], [ 7.571840854911386, 11.002707293023889 ], [ 7.568513338650462, 10.995521235141268 ], [ 7.550829966635433, 10.989202957848306 ], [ 7.544650294436678, 10.985003142994742 ], [ 7.535143104976953, 10.978843304809402 ], [ 7.52310972680084, 10.970596141205874 ], [ 7.518917603952502, 10.980425039884153 ], [ 7.517247558817814, 10.98998839438201 ], [ 7.51401705062284, 10.992017644760779 ], [ 7.509117787293974, 11.002258061718635 ], [ 7.510345763128328, 11.006761675778648 ], [ 7.510578132286241, 11.007613891357664 ], [ 7.509368576464396, 11.01251054068473 ], [ 7.505589467896641, 11.019579536487754 ], [ 7.495432281995363, 11.029941998528557 ], [ 7.50031297831157, 11.043514871750688 ], [ 7.504975066479233, 11.049410922756806 ], [ 7.510821987451948, 11.056968893892076 ], [ 7.51353153629293, 11.061377618887605 ], [ 7.516954123618405, 11.062847179886091 ], [ 7.526081025819735, 11.061027722649897 ], [ 7.534067064245846, 11.05857843598568 ], [ 7.539414857879422, 11.059138275366081 ], [ 7.544691348464539, 11.058858356175904 ], [ 7.549646694831495, 11.060353211191568 ], [ 7.559629243614154, 11.062405934586309 ], [ 7.56741828390642, 11.065837595917969 ], [ 7.570669742115683, 11.071323834645568 ], [ 7.575746580565124, 11.075130552232054 ], [ 7.580994550130868, 11.077257812677431 ], [ 7.587390236476438, 11.078174113300008 ], [ 7.593189621416855, 11.079946813504478 ], [ 7.600598681450947, 11.084378333515531 ], [ 7.614041988585086, 11.085867198527126 ], [ 7.617561135976132, 11.08395555922823 ], [ 7.619089581014634, 11.082049548933185 ], [ 7.620010589640458, 11.081029089239848 ], [ 7.621169279427704, 11.079892000467282 ], [ 7.622535937356304, 11.079338032090845 ], [ 7.624407664628052, 11.079017313872953 ], [ 7.626166738823258, 11.079189815990162 ], [ 7.627051852424643, 11.078754906694655 ], [ 7.628269961252272, 11.077909373120178 ], [ 7.629042419777136, 11.077238775664512 ], [ 7.629993360423271, 11.077256475676563 ], [ 7.630706177907598, 11.077092993565486 ], [ 7.631003277109471, 11.076509864169282 ], [ 7.63189457571508, 11.075926732773041 ], [ 7.632669466241566, 11.076024879839736 ], [ 7.634093114208838, 11.075372758396668 ], [ 7.635192382955779, 11.074614684881567 ], [ 7.635875712420045, 11.073973236445738 ], [ 7.636915561126557, 11.07333178700992 ], [ 7.63783656975238, 11.072981904772178 ], [ 7.640474297544586, 11.073757076298875 ], [ 7.640021420236849, 11.078059791222358 ], [ 7.639593615946183, 11.082124224983943 ], [ 7.638121364945846, 11.091707410495303 ], [ 7.643222120411565, 11.120524658075226 ], [ 7.64303871728697, 11.125683048580129 ], [ 7.643810872811628, 11.129173018951406 ], [ 7.645653194063414, 11.130755384026543 ], [ 7.647732891476437, 11.131338405422696 ], [ 7.64939664860691, 11.131921425818803 ], [ 7.652961845029267, 11.131804821739593 ], [ 7.653727568549527, 11.131821896751205 ], [ 7.655576321805711, 11.131863123779169 ], [ 7.657418340057234, 11.131163499303852 ], [ 7.658437985750027, 11.131501261533344 ], [ 7.657606107184847, 11.134066541276297 ], [ 7.660636524243841, 11.13400824023671 ], [ 7.662181442293559, 11.132434094167138 ], [ 7.6625082505156, 11.130218614661828 ], [ 7.663666940302903, 11.129868801424152 ], [ 7.666400257160035, 11.130918241137181 ], [ 7.668836473815361, 11.131151450295647 ], [ 7.670559651986139, 11.129344079067607 ], [ 7.670916172228374, 11.128003119156517 ], [ 7.671808229834483, 11.126527331153795 ], [ 7.674472385644663, 11.126866905384475 ], [ 7.675365536251547, 11.125546231487192 ], [ 7.675732279500721, 11.124522651791665 ], [ 7.676221182832876, 11.12315811986457 ], [ 7.677704304840631, 11.121721512888428 ], [ 7.678559952422006, 11.118989764032335 ], [ 7.681412109359883, 11.118290107556959 ], [ 7.682838187328855, 11.117170655796372 ], [ 7.684121657200876, 11.115957910972327 ], [ 7.685690344266732, 11.114698517116665 ], [ 7.687591781558694, 11.112366291531998 ], [ 7.689050311549693, 11.110595770329041 ], [ 7.690054520232025, 11.110194051056055 ], [ 7.691194610006619, 11.11019536205697 ], [ 7.694135897005083, 11.111215719750248 ], [ 7.695378894849682, 11.111332676829704 ], [ 7.698726133123955, 11.110759766440481 ], [ 7.703151930131071, 11.106667092659677 ], [ 7.704039599734188, 11.106165708318997 ], [ 7.706261093243597, 11.107665198337827 ], [ 7.707593591148964, 11.106465949522999 ], [ 7.707901139357944, 11.105587969926489 ], [ 7.708319433642146, 11.104393826115086 ], [ 7.709863541691277, 11.103587723567387 ], [ 7.710366019032733, 11.10231470670243 ], [ 7.710745708290688, 11.101352769048844 ], [ 7.71091014340243, 11.100936172765785 ], [ 7.712205498282572, 11.099775838977394 ], [ 7.712373239396527, 11.0996850559157 ], [ 7.716180661983515, 11.097624453515607 ], [ 7.716946485503854, 11.097340355322615 ], [ 7.717136628633, 11.097188752219608 ], [ 7.717671408996353, 11.096745603918464 ], [ 7.718089808280638, 11.096220977562041 ], [ 7.718099232287045, 11.096209160553997 ], [ 7.718605201630851, 11.095568732118863 ], [ 7.718919227844196, 11.095171256848801 ], [ 7.719387456162337, 11.094683790517593 ], [ 7.719615629317389, 11.094226645206959 ], [ 7.720547333950435, 11.094096031118227 ], [ 7.721460024570547, 11.094263963232322 ], [ 7.721826366819471, 11.094668786507384 ], [ 7.722192077067973, 11.094721108542956 ], [ 7.722695958410327, 11.094581166447881 ], [ 7.723656184062747, 11.094786414587304 ], [ 7.724131544385727, 11.09434792828938 ], [ 7.724549859669992, 11.094273292238654 ], [ 7.724904672911066, 11.094714966538788 ], [ 7.725852344554937, 11.095439480031018 ], [ 7.726422775942524, 11.095514115081755 ], [ 7.726955180304287, 11.095430150024697 ], [ 7.727330713559411, 11.094828397615856 ], [ 7.728200621150506, 11.09338698663646 ], [ 7.728275677201509, 11.093149661475195 ], [ 7.728457316324921, 11.092575315084957 ], [ 7.729640960129132, 11.092351404932856 ], [ 7.730125827458551, 11.09204352872365 ], [ 7.730653474817075, 11.092701264170557 ], [ 7.731109822127166, 11.092841208265611 ], [ 7.731993988727879, 11.092029534714129 ], [ 7.732935201367411, 11.091287831210195 ], [ 7.734175889210405, 11.091343809248201 ], [ 7.735844402344071, 11.091217859162668 ], [ 7.736454315758465, 11.091130484103303 ], [ 7.737798128671557, 11.090937970972504 ], [ 7.738767861330416, 11.09036419758263 ], [ 7.738654341253323, 11.088819927533393 ], [ 7.738817536364195, 11.087929114928102 ], [ 7.738941926448717, 11.086748597126018 ], [ 7.740493431502898, 11.08453051761893 ], [ 7.740769509690438, 11.08413583135075 ], [ 7.741001884848345, 11.084223475410283 ], [ 7.742149825628303, 11.084474526580891 ], [ 7.745048558597887, 11.085752551449218 ], [ 7.749379177540334, 11.090225938488686 ], [ 7.749456315592738, 11.09429524625358 ], [ 7.749403088556562, 11.094362321299172 ], [ 7.749060603323869, 11.097195792224397 ], [ 7.748772476128067, 11.099579530844039 ], [ 7.748915613225336, 11.099642555886817 ], [ 7.746428647535595, 11.1030274381867 ], [ 7.747047306955949, 11.106311094417777 ], [ 7.750259782138642, 11.107819549442695 ], [ 7.749917822906298, 11.108763187083866 ], [ 7.749851855861493, 11.109166523357942 ], [ 7.749660392731414, 11.109943355885719 ], [ 7.749810237833231, 11.112797198824808 ], [ 7.749131817372245, 11.112938856921062 ], [ 7.748094269667263, 11.11349706630034 ], [ 7.746683350708622, 11.11504230035024 ], [ 7.745410339843659, 11.115672856778644 ], [ 7.744113533962548, 11.115220760471516 ], [ 7.743532028567472, 11.115292989520583 ], [ 7.742942736167038, 11.115245970488616 ], [ 7.742424115814686, 11.115482500649307 ], [ 7.742140940622278, 11.115889658925994 ], [ 7.741091617909319, 11.11918256216336 ], [ 7.741032130868916, 11.120181935842368 ], [ 7.741560628228001, 11.120452409026143 ], [ 7.744301766090473, 11.119767124560553 ], [ 7.746357620487288, 11.121137694491779 ], [ 7.74727133410812, 11.123307762966249 ], [ 7.749555616660189, 11.126448651100304 ], [ 7.74775040943365, 11.130342232745818 ], [ 7.748749801112695, 11.132689654340766 ], [ 7.755494749695572, 11.132559107252064 ], [ 7.760919921381685, 11.134100998299743 ], [ 7.772683976374822, 11.136956351239803 ], [ 7.774550783643235, 11.13298318654023 ] ] ] ] } },
{ "type": "Feature", "properties": { "fid": 383.0, "OBJECTID": 383.0, "lganame": "Ikara", "statecode": "KD", "LGA_UID": "18_05" }, "geometry": { "type": "MultiPolygon", "coordinates": [ [ [ [ 8.102155055234959, 11.523279874728473 ], [ 8.102993198804427, 11.522661708308476 ], [ 8.104098408555387, 11.522766508379675 ], [ 8.105417532451668, 11.523500107878135 ], [ 8.106874134441341, 11.523747526046236 ], [ 8.108514382555825, 11.522721380349026 ], [ 8.109999880565113, 11.520858258083081 ], [ 8.111870535836147, 11.521089699240349 ], [ 8.113988850275462, 11.522285461052832 ], [ 8.114466487599998, 11.521697533653366 ], [ 8.114469871602296, 11.521693367650528 ], [ 8.12099706303718, 11.52020805464133 ], [ 8.150081419798653, 11.519170437936339 ], [ 8.158366065427685, 11.509226645179979 ], [ 8.16178865275316, 11.505537474673361 ], [ 8.162473171218267, 11.503105950021222 ], [ 8.161703089695038, 11.49715281897636 ], [ 8.158965018834635, 11.49522431166605 ], [ 8.156091714882393, 11.492376484731096 ], [ 8.152455214411532, 11.489022496452208 ], [ 8.153453469089811, 11.48573834222077 ], [ 8.153881293380493, 11.477422974570857 ], [ 8.14874741089227, 11.4686880806359 ], [ 8.142885172909132, 11.460318381949094 ], [ 8.14038953621349, 11.456754361527544 ], [ 8.142558362687112, 11.43709903517265 ], [ 8.143324522207649, 11.420267574736442 ], [ 8.140579679342693, 11.416289108033311 ], [ 8.128576853187326, 11.411280053629866 ], [ 8.113721871094072, 11.408484263730259 ], [ 8.11724547248815, 11.402502346665813 ], [ 8.11874285450557, 11.398448316911299 ], [ 8.120668060813671, 11.394673824346739 ], [ 8.122308050927984, 11.391738072351984 ], [ 8.122913757339518, 11.386672796910375 ], [ 8.137068029956652, 11.380693107847492 ], [ 8.143330114211494, 11.377934576973189 ], [ 8.146133755116409, 11.377319538555298 ], [ 8.14993198769713, 11.375393113246389 ], [ 8.148754350896979, 11.373381996879914 ], [ 8.15432433268154, 11.369530029262705 ], [ 8.165246165102417, 11.362968230804256 ], [ 8.16744860459886, 11.354343509944158 ], [ 8.175464630045383, 11.34838008889227 ], [ 8.187391281148962, 11.340609549612566 ], [ 8.193455696269439, 11.333820342999616 ], [ 8.197249055846839, 11.328303765251405 ], [ 8.200242825880991, 11.32435762757018 ], [ 8.206780772323214, 11.318701682727237 ], [ 8.216727855081785, 11.32289436857593 ], [ 8.226756879896016, 11.325946410649692 ], [ 8.237366904105045, 11.327065055409719 ], [ 8.241017662585591, 11.326561666067732 ], [ 8.248775529856687, 11.325722682497656 ], [ 8.250600910096921, 11.323765045167534 ], [ 8.251171341484508, 11.322198925103407 ], [ 8.252939679685994, 11.318954792899206 ], [ 8.254251671577435, 11.317220844721078 ], [ 8.2556809715486, 11.315035737236371 ], [ 8.258605962535967, 11.312857961756663 ], [ 8.264405351476398, 11.313230860010037 ], [ 8.263454630830438, 11.310247657983098 ], [ 8.262123622926083, 11.307357651019458 ], [ 8.260032041504928, 11.30418793286583 ], [ 8.258510893471396, 11.302230147535568 ], [ 8.256324237985666, 11.301204635838815 ], [ 8.255563663468877, 11.298407767938443 ], [ 8.254708015887502, 11.295797332164796 ], [ 8.254898160016694, 11.291601940314195 ], [ 8.256419311050252, 11.284516250499848 ], [ 8.257274956631647, 11.27966804520571 ], [ 8.260703379961058, 11.276322789932749 ], [ 8.26304030654893, 11.276536842078201 ], [ 8.266079294613746, 11.277424457681263 ], [ 8.269525650955416, 11.276841731285344 ], [ 8.273090847377773, 11.276492094047796 ], [ 8.274207941136808, 11.277890638998031 ], [ 8.276632274783992, 11.277750784902992 ], [ 8.278023880729563, 11.274903957968718 ], [ 8.281837462320709, 11.271946777959442 ], [ 8.286115696227569, 11.268240543441266 ], [ 8.287371750080979, 11.264617427979488 ], [ 8.287755686341882, 11.262016759212486 ], [ 8.287826990390329, 11.258939783121832 ], [ 8.289466979504596, 11.257750942314033 ], [ 8.291677403006474, 11.256002638126176 ], [ 8.290964362522004, 11.252366130655332 ], [ 8.291430681838847, 11.251147754827514 ], [ 8.293745215411434, 11.249498853707166 ], [ 8.293638259338763, 11.24550326599234 ], [ 8.293980518571345, 11.242482060939551 ], [ 8.295862940850327, 11.237838295784343 ], [ 8.297907885239795, 11.234223939328558 ], [ 8.308208769238774, 11.23543488915135 ], [ 8.314982640841265, 11.232847195393106 ], [ 8.319617396990395, 11.230399354729911 ], [ 8.322968680267422, 11.228511007446912 ], [ 8.325179101769322, 11.227182161544022 ], [ 8.330669503499792, 11.227951494066701 ], [ 8.334020787776808, 11.229490152112191 ], [ 8.335161649551992, 11.2317281846328 ], [ 8.336172143238571, 11.233279501686866 ], [ 8.345848205813013, 11.230251317629325 ], [ 8.353394536940357, 11.227366334669114 ], [ 8.355741625535131, 11.226987497411756 ], [ 8.359306821957489, 11.226579517134553 ], [ 8.365961853479291, 11.226812648292935 ], [ 8.369498629882344, 11.226596812146283 ], [ 8.372630460010271, 11.226665963193284 ], [ 8.372933807216384, 11.226672661197824 ], [ 8.374399818212453, 11.226705031219808 ], [ 8.38769934124889, 11.227106332492497 ], [ 8.389492990467545, 11.227160453529279 ], [ 8.393926104479647, 11.227648675860962 ], [ 8.393929004481663, 11.22764899486117 ], [ 8.398438753545804, 11.227755608933649 ], [ 8.402927395595611, 11.22786172400572 ], [ 8.408948145686452, 11.229662197229061 ], [ 8.411518247432696, 11.229944930421198 ], [ 8.415070412846205, 11.230647559898557 ], [ 8.416888562081567, 11.230591038860155 ], [ 8.416957371128319, 11.230588899858731 ], [ 8.416958813129327, 11.230588854858695 ], [ 8.421122246958191, 11.230569926845817 ], [ 8.428038726657576, 11.229101213847912 ], [ 8.433814344581833, 11.22658340213718 ], [ 8.437878668343387, 11.216791705484184 ], [ 8.437781432277291, 11.210020653883589 ], [ 8.443410938102261, 11.205912809092467 ], [ 8.446080547916154, 11.204540581160131 ], [ 8.447175288659992, 11.203977862777776 ], [ 8.447523196896384, 11.203215781259985 ], [ 8.447885752142724, 11.202839500004302 ], [ 8.450590832980708, 11.196914073978235 ], [ 8.451292400457362, 11.195509337023793 ], [ 8.457492399670002, 11.184109323278051 ], [ 8.46187243764598, 11.171766609891733 ], [ 8.464653289535477, 11.169598067418292 ], [ 8.46686371103732, 11.168129044420198 ], [ 8.470072388217488, 11.169318253228198 ], [ 8.473281064397611, 11.166660014422064 ], [ 8.477915817546716, 11.164981113281328 ], [ 8.483406221277221, 11.161623281999823 ], [ 8.487399239990282, 11.161623281999823 ], [ 8.491820082994025, 11.162532698617724 ], [ 8.497595699918293, 11.16260265366526 ], [ 8.502087846970483, 11.158895017146108 ], [ 8.506108090702071, 11.158209150680079 ], [ 8.509004327669913, 11.158615192955949 ], [ 8.510929063977699, 11.160464650212589 ], [ 8.514645405502733, 11.163042590964153 ], [ 8.518701660258785, 11.162322834475162 ], [ 8.514775498591121, 11.15734351909191 ], [ 8.512997347382964, 11.153928107771321 ], [ 8.509931279299735, 11.151199769917525 ], [ 8.508219984136986, 11.14196520364311 ], [ 8.506047326660791, 11.132235678032316 ], [ 8.506047334660764, 11.13223561603229 ], [ 8.501873934825142, 11.131331099417707 ], [ 8.496811358385344, 11.129721958324353 ], [ 8.490750524267298, 11.124894479044315 ], [ 8.485160584469213, 11.119872863632395 ], [ 8.482165819434385, 11.116164682112867 ], [ 8.478885839205816, 11.113366023211313 ], [ 8.472753702039313, 11.113296056163733 ], [ 8.467905034744888, 11.113715857448994 ], [ 8.460703340851637, 11.115674918780087 ], [ 8.453572948006865, 11.115954782970221 ], [ 8.4454155454643, 11.115371289573773 ], [ 8.431694231141307, 11.109513003593349 ], [ 8.424936752549968, 11.106509238552405 ], [ 8.42266817400855, 11.105734383025947 ], [ 8.415842978371131, 11.107271232070161 ], [ 8.411574940471212, 11.108468304883502 ], [ 8.408511057389433, 11.11024234608891 ], [ 8.406298450886084, 11.115884816922687 ], [ 8.404444548626429, 11.120782410250399 ], [ 8.404683416788771, 11.129426850123878 ], [ 8.407909513980712, 11.138828056511556 ], [ 8.406441057982988, 11.145898772315775 ], [ 8.40166369473701, 11.153873987734528 ], [ 8.392037666196586, 11.158980810204412 ], [ 8.385884918016075, 11.162047627288132 ], [ 8.376331656525053, 11.166953938621759 ], [ 8.363823328026228, 11.168872785925544 ], [ 8.36036045867337, 11.171711750854456 ], [ 8.356863170297117, 11.171857249953348 ], [ 8.346973590577647, 11.166605897385296 ], [ 8.340308338048885, 11.169946615655135 ], [ 8.337662220250991, 11.169322654231166 ], [ 8.335707570922921, 11.169753809524138 ], [ 8.3344954040993, 11.172132210140148 ], [ 8.332071071452049, 11.173811070280863 ], [ 8.328434570981244, 11.175419967374012 ], [ 8.32479807051044, 11.178707686607879 ], [ 8.322872867202307, 11.181016064176333 ], [ 8.321375483184909, 11.180526409843594 ], [ 8.320448531555087, 11.181575667556558 ], [ 8.320591139651981, 11.183114571602118 ], [ 8.319467514888572, 11.184736317704051 ], [ 8.315345208087649, 11.178596017532016 ], [ 8.308789401633248, 11.171268623553374 ], [ 8.307542522786093, 11.169543950381524 ], [ 8.306330356962462, 11.168214834478476 ], [ 8.303763415218327, 11.164367359864286 ], [ 8.302194730152507, 11.161709075058127 ], [ 8.304761670896596, 11.156462388493253 ], [ 8.305617317477981, 11.153314331354295 ], [ 8.307043396446943, 11.15156539616595 ], [ 8.307899043028328, 11.14883703531217 ], [ 8.309875773371402, 11.141738732489216 ], [ 8.310276573643762, 11.139592051030661 ], [ 8.310163428566852, 11.139361233873785 ], [ 8.31030735066463, 11.139008992634501 ], [ 8.31073275995368, 11.127387127737961 ], [ 8.303114345777317, 11.123714494242563 ], [ 8.302107617093327, 11.123994952433122 ], [ 8.301750121850432, 11.123753837269305 ], [ 8.300961612314666, 11.123060563798276 ], [ 8.299644383419661, 11.121067140443813 ], [ 8.296462287257555, 11.116251532171873 ], [ 8.291740806049575, 11.114526526999782 ], [ 8.289372540440411, 11.10631918742331 ], [ 8.288835775075711, 11.105405569802542 ], [ 8.288719396996669, 11.105376934783067 ], [ 8.280649665513636, 11.106656032652154 ], [ 8.272706755116815, 11.103563316550833 ], [ 8.271725369449996, 11.103414932449994 ], [ 8.267995834915951, 11.105496118864039 ], [ 8.266906057175504, 11.105631288955919 ], [ 8.263612765937864, 11.104836786416058 ], [ 8.256456178075325, 11.099807562998933 ], [ 8.253908149344056, 11.100743186634645 ], [ 8.245399167562596, 11.100913489750383 ], [ 8.239664606666224, 11.101759155324942 ], [ 8.238911718154668, 11.102337762718093 ], [ 8.225311394913888, 11.10527898871652 ], [ 8.222505296007284, 11.104222582998773 ], [ 8.219206165765684, 11.117700106156065 ], [ 8.218943684587316, 11.122658035524751 ], [ 8.225915999324684, 11.130337671742723 ], [ 8.226356738624133, 11.13082312307256 ], [ 8.227520637414955, 11.132826724433926 ], [ 8.225035123726173, 11.136000992590709 ], [ 8.215837585476891, 11.138562545331126 ], [ 8.21316732366256, 11.140346232543095 ], [ 8.205540643480617, 11.137978060934017 ], [ 8.205307667322302, 11.137322545488644 ], [ 8.192197520414595, 11.132084416929558 ], [ 8.182207862627081, 11.128093072217609 ], [ 8.180822465685765, 11.128932207787784 ], [ 8.16707577834552, 11.124731590933663 ], [ 8.161210802360529, 11.117709099162198 ], [ 8.157915694121698, 11.115502652662997 ], [ 8.157459511811737, 11.115775507848412 ], [ 8.150765739263647, 11.119779219568727 ], [ 8.139367173518849, 11.132911306491394 ], [ 8.137712207394372, 11.13512977299871 ], [ 8.133359042436609, 11.148168766858134 ], [ 8.120443862661318, 11.14849343907872 ], [ 8.118583851397545, 11.149661191872156 ], [ 8.116290504839299, 11.156017789191139 ], [ 8.114182509407044, 11.162872382848548 ], [ 8.091715761141927, 11.17378881426572 ], [ 8.089837951866059, 11.17256199143219 ], [ 8.083013677229303, 11.173928151360428 ], [ 8.070599220794236, 11.170876532286968 ], [ 8.067895146956971, 11.173019513743043 ], [ 8.063435808927068, 11.185982816550961 ], [ 8.057641731990259, 11.188294890121938 ], [ 8.056100371942932, 11.187820165799394 ], [ 8.049011439126332, 11.194592921401124 ], [ 8.047942574400111, 11.195614099094996 ], [ 8.048373206692702, 11.196260187533994 ], [ 8.04779890430251, 11.197936009672617 ], [ 8.047342559992444, 11.197949998682134 ], [ 8.047199950895561, 11.198117869796192 ], [ 8.047656297205606, 11.198705420195381 ], [ 8.047970034418768, 11.199572751784729 ], [ 8.048326552661024, 11.199978439060374 ], [ 8.048269510622276, 11.200621941497559 ], [ 8.048254538612071, 11.200670004530252 ], [ 8.048112640515683, 11.201125549839787 ], [ 8.048483422767617, 11.201936919391073 ], [ 8.049282027310198, 11.203237902275021 ], [ 8.04936759036832, 11.203937351750255 ], [ 8.049480353444949, 11.203979895779128 ], [ 8.049923761746243, 11.20414718689284 ], [ 8.050907755414812, 11.204818658349041 ], [ 8.051392621744242, 11.205867828061912 ], [ 8.051832601043202, 11.206248046320241 ], [ 8.052831676722008, 11.206586349550093 ], [ 8.053218001984533, 11.206958959803274 ], [ 8.053260784013617, 11.207812279383063 ], [ 8.053988083507761, 11.209462953504612 ], [ 8.054644080953494, 11.209938570827774 ], [ 8.055200251331371, 11.212484503557619 ], [ 8.055499726534833, 11.213771451432081 ], [ 8.055456945505796, 11.214652727030852 ], [ 8.055371380447639, 11.21508637032548 ], [ 8.055442685496075, 11.215715849753167 ], [ 8.055508638540914, 11.216806426494202 ], [ 8.056241288038677, 11.216862897532565 ], [ 8.057410672833271, 11.217156653732161 ], [ 8.058237798395226, 11.217926013254896 ], [ 8.059193270044432, 11.218023931321397 ], [ 8.060391175858342, 11.218135838397473 ], [ 8.060975869255628, 11.218401614578056 ], [ 8.061146998371896, 11.218737333806132 ], [ 8.061175520391259, 11.218975134967707 ], [ 8.060819000149024, 11.219296865186323 ], [ 8.059906308528923, 11.219604607395411 ], [ 8.0613038674785, 11.222416229305793 ], [ 8.06327185381565, 11.225549548434742 ], [ 8.063828025193516, 11.22615102884339 ], [ 8.06397063329041, 11.228095344164444 ], [ 8.065395634258664, 11.227535335783955 ], [ 8.067414810630567, 11.226741824244812 ], [ 8.070932471020683, 11.225273091246891 ], [ 8.071205803206396, 11.225067934107472 ], [ 8.072997431423687, 11.225322049280123 ], [ 8.072819172302616, 11.226392126007227 ], [ 8.073517949777397, 11.227266369601239 ], [ 8.073931513058369, 11.22754612679131 ], [ 8.074302294310314, 11.227993738095449 ], [ 8.077596534548604, 11.227469193739012 ], [ 8.078577806215321, 11.227250419590405 ], [ 8.078430790115419, 11.226790782278101 ], [ 8.078302443028235, 11.226650903183042 ], [ 8.078202616960368, 11.226448078045223 ], [ 8.078067139868324, 11.226119361821873 ], [ 8.077974444805363, 11.225930524693581 ], [ 8.07792453177143, 11.225566838446468 ], [ 8.079593043905106, 11.225559844441705 ], [ 8.079921042127978, 11.225517881413225 ], [ 8.080455821491341, 11.225496899398934 ], [ 8.080912166801397, 11.225405977337175 ], [ 8.081496859198694, 11.225419965346646 ], [ 8.082110071615318, 11.225552850436941 ], [ 8.08245233184789, 11.227231399577477 ], [ 8.08243806983819, 11.228441348399542 ], [ 8.082338245770359, 11.229357548022051 ], [ 8.081468337179274, 11.231588588537988 ], [ 8.0809566168316, 11.23366997895215 ], [ 8.081717901348838, 11.238918029517947 ], [ 8.081990836534317, 11.240902965866667 ], [ 8.08272201803112, 11.2435927376942 ], [ 8.082915807162806, 11.244233156129326 ], [ 8.08293529717605, 11.244657430417647 ], [ 8.082947181184124, 11.245473337971987 ], [ 8.082804572087184, 11.246510704676837 ], [ 8.082704204019024, 11.247075932060909 ], [ 8.082700505016476, 11.247234451168595 ], [ 8.082594938944794, 11.248618062108676 ], [ 8.082509373886637, 11.251632209156639 ], [ 8.082555008917666, 11.253469121404748 ], [ 8.082127184626927, 11.257245477970628 ], [ 8.082120402622365, 11.257315988018547 ], [ 8.082064145584127, 11.257466712120959 ], [ 8.082848491117034, 11.257830358368039 ], [ 8.0833048354271, 11.258040153510535 ], [ 8.083575789611189, 11.258963253137779 ], [ 8.083647092659646, 11.260082156898022 ], [ 8.084491042233083, 11.260511970190066 ], [ 8.085415430861133, 11.261201056658251 ], [ 8.086505488601802, 11.261357236764354 ], [ 8.087304093144439, 11.261553043897379 ], [ 8.087589310338217, 11.261622974944942 ], [ 8.088207275758066, 11.2616579399687 ], [ 8.0885764420089, 11.261485199851279 ], [ 8.089217416444455, 11.261308284731115 ], [ 8.09145123796219, 11.261080812576552 ], [ 8.091891006260994, 11.261072051570579 ], [ 8.092033921358109, 11.261308284731115 ], [ 8.092366670584227, 11.261483112849874 ], [ 8.092889566939505, 11.261296629723176 ], [ 8.093828401577355, 11.2608304224064 ], [ 8.09431564490842, 11.260154419947128 ], [ 8.094695933166804, 11.259991245836261 ], [ 8.095599116780477, 11.260597318248017 ], [ 8.095824910933914, 11.261611318937014 ], [ 8.096181431176149, 11.261902698134975 ], [ 8.097013309741385, 11.262194077332936 ], [ 8.097690698201632, 11.262473800523026 ], [ 8.097916494355047, 11.262765178720997 ], [ 8.09799699040974, 11.262949386846174 ], [ 8.098130405500399, 11.263254694053614 ], [ 8.098189825540771, 11.263732552378258 ], [ 8.098463155726449, 11.263988963552492 ], [ 8.099164312202902, 11.263907379497084 ], [ 8.099627786517772, 11.263919033504976 ], [ 8.099865466679262, 11.264536751924709 ], [ 8.100031843792351, 11.264746543067247 ], [ 8.10028140596188, 11.264781508091005 ], [ 8.100602274179892, 11.264513441908832 ], [ 8.100804302317158, 11.263977308544554 ], [ 8.100958795422173, 11.26382579344164 ], [ 8.101232124607861, 11.263988963552492 ], [ 8.101588644850096, 11.263744207386196 ], [ 8.101897629060034, 11.263487795211972 ], [ 8.102138139223428, 11.263662925330948 ], [ 8.102087773189226, 11.264152134663334 ], [ 8.102349221366865, 11.264478476885074 ], [ 8.102622552552589, 11.264536751924709 ], [ 8.103014722819069, 11.264350270797991 ], [ 8.103359359053229, 11.264571716948467 ], [ 8.103668342263177, 11.265037919265183 ], [ 8.10407239753772, 11.26548080856611 ], [ 8.104179353610391, 11.265737219740345 ], [ 8.104767677010102, 11.265983803907886 ], [ 8.105462824482402, 11.266098523985818 ], [ 8.105534254530937, 11.266109293993168 ], [ 8.105158298275512, 11.268834664844917 ], [ 8.104687690955757, 11.270233246795215 ], [ 8.104812574040636, 11.271226655470173 ], [ 8.104659169936383, 11.271505949659911 ], [ 8.104516562839478, 11.272317121211074 ], [ 8.104388214752248, 11.272373064249109 ], [ 8.104345432723221, 11.272736691496164 ], [ 8.104316911703847, 11.273561844056815 ], [ 8.104331171713511, 11.273967427332366 ], [ 8.104305502696093, 11.274465313670703 ], [ 8.104217086636027, 11.274638734788539 ], [ 8.104217086636027, 11.276065259757786 ], [ 8.104559343868573, 11.277295980593976 ], [ 8.105636338600334, 11.27827106525649 ], [ 8.106404035121955, 11.278858130655408 ], [ 8.106612897263858, 11.279659510199906 ], [ 8.106584376244484, 11.281030069131134 ], [ 8.105942639808461, 11.281995049786758 ], [ 8.10592837979874, 11.282274753976822 ], [ 8.105671685624316, 11.282638369223889 ], [ 8.10531516638207, 11.283841092041087 ], [ 8.105229602323959, 11.284484407478203 ], [ 8.104915865110797, 11.284862003734759 ], [ 8.10483030005264, 11.285337496057821 ], [ 8.104530823849188, 11.285799002371391 ], [ 8.103689438277513, 11.286484267837011 ], [ 8.103385206070755, 11.286922464134705 ], [ 8.102615124547526, 11.286488928840186 ], [ 8.102130258218097, 11.286349078745161 ], [ 8.101531304811147, 11.286432988802176 ], [ 8.100818265326666, 11.286768629030234 ], [ 8.09926384027051, 11.287495846524337 ], [ 8.098222802563157, 11.287859454771365 ], [ 8.097221774882996, 11.287980045853317 ], [ 8.095528306732376, 11.288154857972074 ], [ 8.094577588086395, 11.288125721952269 ], [ 8.09338918927898, 11.288125721952269 ], [ 8.092333098561369, 11.288013289875892 ], [ 8.091318206871847, 11.287818665743657 ], [ 8.090804817523008, 11.28809836393367 ], [ 8.09048157430334, 11.288042424895707 ], [ 8.09024389414185, 11.288215682013401 ], [ 8.089732883794682, 11.287924329815439 ], [ 8.088710860100264, 11.287772826712512 ], [ 8.087997820615783, 11.287656284633329 ], [ 8.087165943050536, 11.287726209680841 ], [ 8.086536090622587, 11.287702901665 ], [ 8.085977544243065, 11.287574706577914 ], [ 8.085395227847414, 11.287388241451197 ], [ 8.085026824597094, 11.287598014593755 ], [ 8.084622769322607, 11.288204028005509 ], [ 8.083769498742811, 11.288881519465804 ], [ 8.083398719490901, 11.289229585702287 ], [ 8.081509165207024, 11.289089737607299 ], [ 8.081105108932491, 11.289264547726077 ], [ 8.080500154521474, 11.289540881913808 ], [ 8.080047434213839, 11.290150255327887 ], [ 8.078906572438711, 11.291199114040523 ], [ 8.078134111913869, 11.292119775666038 ], [ 8.07706178118525, 11.293096150329461 ], [ 8.075393270051563, 11.293949213909059 ], [ 8.07415258120858, 11.294298829146612 ], [ 8.071523745422439, 11.294314725157449 ], [ 8.070454283695767, 11.294693894415047 ], [ 8.069684203172528, 11.294833739510068 ], [ 8.069218594856181, 11.295125011707967 ], [ 8.068857075610538, 11.295351168861657 ], [ 8.068029951048572, 11.295602891032672 ], [ 8.067416736631912, 11.29586859821319 ], [ 8.066817784224952, 11.296092350365257 ], [ 8.066047701701677, 11.296190242431749 ], [ 8.065705444469131, 11.296372040555298 ], [ 8.065249098159086, 11.296763606821344 ], [ 8.06489257891684, 11.296889466906862 ], [ 8.064820382867822, 11.297832252547437 ], [ 8.064915455932407, 11.299100172408885 ], [ 8.064573195699836, 11.300349441257708 ], [ 8.064192909441431, 11.301188498827855 ], [ 8.064078822363911, 11.301691932169888 ], [ 8.063679521092638, 11.302232655537296 ], [ 8.063641492066779, 11.303034417082017 ], [ 8.064192909441431, 11.304693869209586 ], [ 8.064725311803215, 11.305644785855691 ], [ 8.065117644069744, 11.30730584198426 ], [ 8.063470361950522, 11.307266932957816 ], [ 8.061587938671494, 11.307621193198543 ], [ 8.061264694451893, 11.308255131629267 ], [ 8.060104816663795, 11.309206038275363 ], [ 8.059325228134071, 11.310492552149469 ], [ 8.058721619723997, 11.311650487936276 ], [ 8.059767411434564, 11.317849890148466 ], [ 8.060035006616374, 11.318971847910802 ], [ 8.060766167113172, 11.322037396993665 ], [ 8.060796564133796, 11.335373894055181 ], [ 8.060832216158019, 11.33967351297656 ], [ 8.060902338205665, 11.341895567486347 ], [ 8.060653957036891, 11.349461021626723 ], [ 8.060549627965997, 11.354779984240736 ], [ 8.060475697915763, 11.358549122801662 ], [ 8.060511348939997, 11.362568766532831 ], [ 8.06115308537602, 11.369734080401315 ], [ 8.064849095887325, 11.37103462928502 ], [ 8.064229448466278, 11.372976841604611 ], [ 8.063722585121866, 11.374565536684088 ], [ 8.06284298752422, 11.37421912544869 ], [ 8.062785944485483, 11.373734460119408 ], [ 8.061740153774906, 11.373603973030754 ], [ 8.060466189909334, 11.373324357840772 ], [ 8.060161960702601, 11.372802410486145 ], [ 8.059625060337794, 11.37244488324319 ], [ 8.058203479371912, 11.372522794296117 ], [ 8.056967543532153, 11.372299102144154 ], [ 8.056447150178599, 11.372086527999727 ], [ 8.055826680756979, 11.371833074827521 ], [ 8.053582985232538, 11.371441611561522 ], [ 8.053050581870764, 11.370938301219553 ], [ 8.052670294612369, 11.369167386016272 ], [ 8.052699910632498, 11.368802835768577 ], [ 8.052812307708848, 11.367419324828575 ], [ 8.051044564507777, 11.366961300517346 ], [ 8.047390239024821, 11.365814850738388 ], [ 8.043171424158345, 11.365028412204026 ], [ 8.040463221318248, 11.364528962864711 ], [ 8.036826721847433, 11.363433769120547 ], [ 8.033385479509263, 11.362267730328313 ], [ 8.03182436244856, 11.362015562156955 ], [ 8.029934009164151, 11.361860876051878 ], [ 8.027438373468499, 11.362058944186458 ], [ 8.023183904577763, 11.362501685487246 ], [ 8.021555799471571, 11.361744364972708 ], [ 8.019749434244204, 11.360940438426439 ], [ 8.019135582827118, 11.360808402336772 ], [ 8.018049766089348, 11.360132675877651 ], [ 8.017669478830953, 11.359946256750959 ], [ 8.017122815459516, 11.359643325545164 ], [ 8.016576152088078, 11.359456907418462 ], [ 8.016077024748995, 11.359153976212667 ], [ 8.015537748382542, 11.358840896999936 ], [ 8.015099174084583, 11.356924935698146 ], [ 8.015039731044169, 11.356665243521661 ], [ 8.014489323670205, 11.353402886305048 ], [ 8.014462796652197, 11.353402886305048 ], [ 8.014097153403725, 11.353402886305048 ], [ 8.011779774829165, 11.353332977257537 ], [ 8.009890220545344, 11.352563980735056 ], [ 8.010068480666462, 11.352004710355061 ], [ 8.009781943471751, 11.351178434793667 ], [ 8.009462398254641, 11.350256981167547 ], [ 8.008927617891288, 11.347845096528772 ], [ 8.010667567073483, 11.342121921640171 ], [ 8.008204544399973, 11.341870770469541 ], [ 8.005566298607448, 11.340775488725342 ], [ 8.003902541476975, 11.340216195345306 ], [ 8.00159704691049, 11.339074298569471 ], [ 8.000170968941575, 11.33807222388856 ], [ 7.99905387418255, 11.337745965666898 ], [ 7.99636809335766, 11.336394321748514 ], [ 7.992736346890069, 11.339569509905914 ], [ 7.990948995675637, 11.342496476894667 ], [ 7.990834908598117, 11.343074410287329 ], [ 7.99077786555938, 11.344360772161338 ], [ 7.989960248003854, 11.345460699908699 ], [ 7.98918819747928, 11.345619900016857 ], [ 7.988020780686099, 11.347119906036085 ], [ 7.9875834513889, 11.34743683225139 ], [ 7.988048050704606, 11.34806330767708 ], [ 7.987431336285567, 11.348928243264766 ], [ 7.987320216210094, 11.349503041655282 ], [ 7.987909661610558, 11.349978425978293 ], [ 7.987859362576387, 11.350401959266037 ], [ 7.987748039500786, 11.351339326902973 ], [ 7.987595925397386, 11.352224840504618 ], [ 7.98741528827469, 11.352616330770616 ], [ 7.987253666164861, 11.352895965960613 ], [ 7.987025494009799, 11.353399308302642 ], [ 7.986569147699754, 11.354014503720634 ], [ 7.981363844163013, 11.351466659989455 ], [ 7.978918237501318, 11.350810347543529 ], [ 7.976953978166705, 11.350121018075185 ], [ 7.97672470801092, 11.350040559020499 ], [ 7.976613898935625, 11.349994442989157 ], [ 7.973318503696589, 11.348591885036228 ], [ 7.973135432572178, 11.350021549007579 ], [ 7.972995956477405, 11.351110768747674 ], [ 7.971795201661564, 11.351932918306261 ], [ 7.971201289258033, 11.352309824562383 ], [ 7.970698745916593, 11.353063638074559 ], [ 7.970790117978652, 11.354971014370506 ], [ 7.971452560428759, 11.356375847325012 ], [ 7.971703830599495, 11.35701544675959 ], [ 7.974674096617605, 11.357076702801237 ], [ 7.974567140544934, 11.35747284607038 ], [ 7.97435322939964, 11.358136967521659 ], [ 7.974020477173553, 11.358707877909524 ], [ 7.973509465826339, 11.359383648368691 ], [ 7.97337874173752, 11.359838043677428 ], [ 7.973081642535647, 11.360234183946602 ], [ 7.972784543333773, 11.36063032321573 ], [ 7.972780595331074, 11.360635372219178 ], [ 7.972237879962336, 11.361329389690752 ], [ 7.971845707695877, 11.361842039039061 ], [ 7.971548608494004, 11.362191571276526 ], [ 7.970859337025672, 11.362832379711961 ], [ 7.970586004839959, 11.36319356195736 ], [ 7.970288905638085, 11.363461536139425 ], [ 7.970074994492734, 11.363717858313578 ], [ 7.971368707371767, 11.365289282381298 ], [ 7.972997320478328, 11.366833441430458 ], [ 7.973400129752008, 11.367054146580415 ], [ 7.974519604512636, 11.367667524997216 ], [ 7.975505976182831, 11.367982098210916 ], [ 7.976325970739992, 11.368156860329691 ], [ 7.976468578836887, 11.368343274456322 ], [ 7.972964681456176, 11.368845489797593 ], [ 7.97200293580272, 11.368983337891223 ], [ 7.968437740380296, 11.369440049201557 ], [ 7.967615238821452, 11.369555847280253 ], [ 7.96762012182478, 11.369756950416843 ], [ 7.967876815999205, 11.371537181626479 ], [ 7.965170040160046, 11.371725534754432 ], [ 7.96476598488556, 11.372168261055265 ], [ 7.964718448853262, 11.37258768534025 ], [ 7.963256717860077, 11.373251770791455 ], [ 7.962175275125276, 11.374160518408871 ], [ 7.962002324007756, 11.374370617551619 ], [ 7.961628611753838, 11.374824600860109 ], [ 7.960856153228974, 11.375523634335082 ], [ 7.960463980962516, 11.376141110754588 ], [ 7.960856153228974, 11.37711975241956 ], [ 7.962114371083885, 11.378314712231486 ], [ 7.962103972076818, 11.378960519670272 ], [ 7.963772150210275, 11.379080353751704 ], [ 7.964861055950109, 11.379158575804809 ], [ 7.966239598886773, 11.378797413559425 ], [ 7.967764908923186, 11.378567695403376 ], [ 7.968723351574397, 11.380335262604319 ], [ 7.969443522063727, 11.381763589574803 ], [ 7.967808284952639, 11.383087058474075 ], [ 7.966287134919071, 11.383161619524685 ], [ 7.965583603441075, 11.383478505740015 ], [ 7.964708940846776, 11.384335959322641 ], [ 7.963561633067229, 11.385225115926744 ], [ 7.963481704012906, 11.386623864877151 ], [ 7.963578314078575, 11.388012044820357 ], [ 7.965165286156832, 11.388334270039309 ], [ 7.966990667397113, 11.388283010004443 ], [ 7.967204578542464, 11.388898130422376 ], [ 7.967261621581201, 11.389443348792838 ], [ 7.967204578542464, 11.389848767068315 ], [ 7.967275881590865, 11.390100406239299 ], [ 7.967903357017235, 11.390967159828222 ], [ 7.968502310424185, 11.391442475151166 ], [ 7.968687699550173, 11.391764012369663 ], [ 7.969286652957123, 11.391987688521624 ], [ 7.969585589160204, 11.392125917615544 ], [ 7.96987286235543, 11.393171525325954 ], [ 7.969801558306983, 11.393474418531753 ], [ 7.968209104224968, 11.392903579143933 ], [ 7.967543600772785, 11.393416170492173 ], [ 7.967400992675891, 11.393835562777156 ], [ 7.967472296724338, 11.394185056014635 ], [ 7.967431639696713, 11.394610182303495 ], [ 7.967400992675891, 11.394930639521192 ], [ 7.96692563435289, 11.395781070099019 ], [ 7.966652302167176, 11.396410152526471 ], [ 7.966735490223698, 11.396747993756037 ], [ 7.968434900378384, 11.397435323223021 ], [ 7.968799216625939, 11.397627260353431 ], [ 7.968937153719651, 11.397699931402826 ], [ 7.968951920729694, 11.397707711408088 ], [ 7.969151571865325, 11.398224953759552 ], [ 7.969205434901937, 11.398615006024556 ], [ 7.96930843997194, 11.399133622376951 ], [ 7.969864611349806, 11.400419731250793 ], [ 7.970046414473359, 11.401310806856259 ], [ 7.970050001475784, 11.401328390868173 ], [ 7.9700072194467, 11.402013380333585 ], [ 7.970107043514531, 11.402432758618545 ], [ 7.970103676512224, 11.402849444901676 ], [ 7.970320955659872, 11.403299476207451 ], [ 7.971575904512576, 11.403271517188443 ], [ 7.974125446244841, 11.40168297710909 ], [ 7.97498423182833, 11.401090741706696 ], [ 7.975654489283784, 11.401398287915697 ], [ 7.975609197252993, 11.401818354201112 ], [ 7.975571301227262, 11.406804756589111 ], [ 7.975476229162666, 11.408552138776372 ], [ 7.97839969014899, 11.408505541744717 ], [ 7.978365860126019, 11.410070578808075 ], [ 7.977861409783259, 11.411961355092785 ], [ 7.977068683244624, 11.415215391303718 ], [ 7.976046660550196, 11.416310386047769 ], [ 7.975286085033474, 11.417638352950007 ], [ 7.974870145750856, 11.417917924139999 ], [ 7.974454206468238, 11.417696596989629 ], [ 7.97366986293531, 11.417277238704685 ], [ 7.972552769176275, 11.417020964530536 ], [ 7.972006104804848, 11.416811286388054 ], [ 7.97195664377125, 11.416755877350454 ], [ 7.971673353578751, 11.416438523134786 ], [ 7.971542630489921, 11.415727941651994 ], [ 7.971501072461706, 11.415405447432875 ], [ 7.969641192198026, 11.414062146520166 ], [ 7.968844964657023, 11.413689380266874 ], [ 7.967858593986819, 11.414830977042527 ], [ 7.96733569863153, 11.415867728747003 ], [ 7.966682079187422, 11.41685788241972 ], [ 7.965850199622196, 11.417813085068758 ], [ 7.965790779581823, 11.418220792345778 ], [ 7.9657551275576, 11.418558606575289 ], [ 7.965481797371865, 11.418989610868152 ], [ 7.965244117210375, 11.419653589319296 ], [ 7.964923248992363, 11.419851617453844 ], [ 7.964719155853686, 11.420236048715026 ], [ 7.964566729750175, 11.422752132424591 ], [ 7.965006437048885, 11.423451046899459 ], [ 7.965553101420369, 11.42428974346933 ], [ 7.965660056492993, 11.424732386770074 ], [ 7.965660056492993, 11.425629321379517 ], [ 7.965648172484919, 11.426200095767342 ], [ 7.965814547597972, 11.426759221147222 ], [ 7.967609029817254, 11.427341641542966 ], [ 7.968987572753917, 11.427795928851651 ], [ 7.970655335887045, 11.427667945764654 ], [ 7.970620134863168, 11.428577419382634 ], [ 7.970513178790497, 11.429334560897075 ], [ 7.970667670895466, 11.431186638155452 ], [ 7.969419853047611, 11.432526184065637 ], [ 7.968929228714273, 11.432847845284186 ], [ 7.968813768635812, 11.433225074540474 ], [ 7.968374062337034, 11.434809220616842 ], [ 7.968041310110948, 11.436008972431978 ], [ 7.967363922650691, 11.437336847334223 ], [ 7.966425088012841, 11.43869965926018 ], [ 7.966017161735635, 11.442093704566275 ], [ 7.965905361659679, 11.443026448200044 ], [ 7.965372959297952, 11.443846448757199 ], [ 7.961012666335307, 11.445355008782201 ], [ 7.958946098931222, 11.44656734460591 ], [ 7.957558049988052, 11.448300504783504 ], [ 7.956439010227768, 11.451009427624115 ], [ 7.95483899414063, 11.455903919949662 ], [ 7.954610820985579, 11.45702205170943 ], [ 7.954743922076034, 11.458904230988253 ], [ 7.955732668747828, 11.463264874951108 ], [ 7.956417187212935, 11.46663780524284 ], [ 7.956485308259175, 11.467413642769998 ], [ 7.956871878521838, 11.467608809902629 ], [ 7.959182126091548, 11.469369793099133 ], [ 7.962690278475179, 11.471382331466543 ], [ 7.964822975924278, 11.473508454911155 ], [ 7.966802277269096, 11.475481640251814 ], [ 7.967653030847146, 11.476329760828094 ], [ 7.968423113370363, 11.478677663423355 ], [ 7.97136961937241, 11.478525686320097 ], [ 7.973773782005935, 11.478401682235869 ], [ 7.974926030788822, 11.478342250195453 ], [ 7.977920794823604, 11.479013075651267 ], [ 7.978690878346868, 11.48328955755693 ], [ 7.980231042393314, 11.484295779240597 ], [ 7.982541288963034, 11.483038002386024 ], [ 7.985878313230387, 11.484547334411559 ], [ 7.988614934089753, 11.484735295539281 ], [ 7.991012194718621, 11.487649824519565 ], [ 7.99477704227661, 11.486895168006811 ], [ 7.995461558741738, 11.488069076804379 ], [ 7.994948171392934, 11.490081483171764 ], [ 7.995718252916163, 11.491590777197246 ], [ 7.996656989553969, 11.491410691074861 ], [ 7.99760067719518, 11.489326831659014 ], [ 7.999483100474208, 11.489578382829905 ], [ 8.0009000004369, 11.4920999995432 ], [ 8.005986016892621, 11.491926175425135 ], [ 8.009086667999327, 11.490827076678329 ], [ 8.012317805194755, 11.491842325368168 ], [ 8.019997119412494, 11.489326568658782 ], [ 8.022500001113087, 11.488800000301012 ], [ 8.025665899264141, 11.490668430570565 ], [ 8.027805015717604, 11.493016214165721 ], [ 8.030286393403571, 11.494106249906395 ], [ 8.033452286554621, 11.493519307507597 ], [ 8.0358302681704, 11.493379057412255 ], [ 8.039099999392022, 11.491700001271454 ], [ 8.039172547441297, 11.490833308682568 ], [ 8.03946964664317, 11.489703664914998 ], [ 8.039564718707766, 11.489109725511469 ], [ 8.039671674780436, 11.488504141100009 ], [ 8.039861818909628, 11.488096534823057 ], [ 8.039968773982309, 11.48772386456983 ], [ 8.040123266087278, 11.48739778034826 ], [ 8.040230222159948, 11.487153215182104 ], [ 8.04055109037796, 11.487036755102963 ], [ 8.040836304571712, 11.486943588039708 ], [ 8.041202756820724, 11.487108617151819 ], [ 8.041338578912985, 11.487312961290627 ], [ 8.041549345056239, 11.487490947411573 ], [ 8.041798908225758, 11.487537531443252 ], [ 8.042179196484199, 11.48739778034826 ], [ 8.042494190698221, 11.487487398409201 ], [ 8.042547599734462, 11.487502593419492 ], [ 8.043106147113974, 11.487560823459091 ], [ 8.04372411353387, 11.487700573554037 ], [ 8.044009329727658, 11.487793740617349 ], [ 8.044222398872421, 11.487743712583324 ], [ 8.044651065163691, 11.487863615664821 ], [ 8.045448915705776, 11.487455729387648 ], [ 8.045684971866194, 11.487188153205864 ], [ 8.045803811946939, 11.487094985142562 ], [ 8.046053375116514, 11.486920296023868 ], [ 8.046374243334526, 11.486792189936807 ], [ 8.046671342536399, 11.486535978762731 ], [ 8.046956557730141, 11.486477748723189 ], [ 8.047299999963514, 11.486599999806231 ], [ 8.047384382020823, 11.486803835944727 ], [ 8.047420034045047, 11.487071693126722 ], [ 8.047705250238891, 11.48743271737203 ], [ 8.047847857335739, 11.487653989522357 ], [ 8.048049885473006, 11.487805386625212 ], [ 8.048346984674879, 11.487898553688524 ], [ 8.048644084876742, 11.487968429736043 ], [ 8.048976836102838, 11.488026658775595 ], [ 8.049547267490425, 11.488108180830977 ], [ 8.049808714668075, 11.487980075743906 ], [ 8.050260306974906, 11.487875261672684 ], [ 8.050795086338269, 11.487805386625212 ], [ 8.051151605580515, 11.487956783728123 ], [ 8.051365516725866, 11.48816640987053 ], [ 8.051365516725866, 11.488504141100009 ], [ 8.051319973694888, 11.488910836376363 ], [ 8.051294212677419, 11.489086435495665 ], [ 8.051436820774313, 11.489261122614323 ], [ 8.051674500935803, 11.489435809733038 ], [ 8.051947833121517, 11.48952897679635 ], [ 8.052340004387986, 11.489668726891296 ], [ 8.052672755614026, 11.489785185970391 ], [ 8.052755943670547, 11.489913290057473 ], [ 8.052910435775573, 11.490076331168211 ], [ 8.053159998945091, 11.490227727271076 ], [ 8.053516519187326, 11.490239373278996 ], [ 8.053896806445721, 11.490216081263213 ], [ 8.054098833582998, 11.490355831358158 ], [ 8.054427250806157, 11.490528235475267 ], [ 8.054760392032506, 11.490919991741464 ], [ 8.05476433803517, 11.49138066005446 ], [ 8.054835641083628, 11.49189307440264 ], [ 8.054942597156298, 11.492265736655838 ], [ 8.055120857277416, 11.492638400909016 ], [ 8.055465492511587, 11.492929543106868 ], [ 8.055691287665013, 11.493139166249307 ], [ 8.056012155883025, 11.493313851367986 ], [ 8.056499400214079, 11.493907780771508 ], [ 8.056582587270611, 11.494210567977234 ], [ 8.056511284222154, 11.494571583222523 ], [ 8.056521583229141, 11.494964429489471 ], [ 8.056550105248505, 11.495383670774345 ], [ 8.056559612255001, 11.495779621043368 ], [ 8.056654684319597, 11.49623612835353 ], [ 8.056835320442303, 11.496678658654218 ], [ 8.057362968800817, 11.497069948920057 ], [ 8.05776702507535, 11.497293543071976 ], [ 8.058066501278859, 11.497451922179607 ], [ 8.058461049546906, 11.497517137223895 ], [ 8.058864312820901, 11.497529559232362 ], [ 8.059610435327897, 11.497394329140491 ], [ 8.060129560680593, 11.497461239185952 ], [ 8.060678601053667, 11.49771161735606 ], [ 8.060935295228035, 11.498165790664643 ], [ 8.061156338378225, 11.498508168897274 ], [ 8.061134946363723, 11.498948367196363 ], [ 8.061085034329778, 11.49940952650968 ], [ 8.061106425344349, 11.499975493894226 ], [ 8.061384509533298, 11.500583384307276 ], [ 8.06189076787723, 11.500918770535179 ], [ 8.062575286342337, 11.501044540620626 ], [ 8.063545019001253, 11.500709154392723 ], [ 8.064336491538995, 11.500324857131602 ], [ 8.065185009115567, 11.50004536694172 ], [ 8.065776831517667, 11.500066328955995 ], [ 8.066468479987577, 11.500220048060442 ], [ 8.067174388467208, 11.500380754169612 ], [ 8.06770005382441, 11.50124843675917 ], [ 8.067961108001782, 11.501850400168166 ], [ 8.068407946305399, 11.502185785396023 ], [ 8.068845321602566, 11.502312684482263 ], [ 8.071438838364713, 11.502830468834077 ], [ 8.072142369842766, 11.503650297391118 ], [ 8.072674773204483, 11.504190635758221 ], [ 8.073492390760009, 11.504619181049407 ], [ 8.074652267548117, 11.504898666239342 ], [ 8.0766111618791, 11.50492457025689 ], [ 8.078512187170759, 11.50517815142922 ], [ 8.080057791220895, 11.505248104476721 ], [ 8.081250257031115, 11.505401738581156 ], [ 8.081915760483298, 11.505513531657073 ], [ 8.082239004702956, 11.505960706960934 ], [ 8.082277033728758, 11.50665010042934 ], [ 8.081858717444561, 11.507414019948385 ], [ 8.081668573315369, 11.508420154632006 ], [ 8.08174463136703, 11.509109542100418 ], [ 8.082448162845026, 11.509892087632124 ], [ 8.082942537180941, 11.510749158214423 ], [ 8.082866479129279, 11.511568962771491 ], [ 8.083498590558747, 11.51381321829632 ], [ 8.085221768729582, 11.515967504760056 ], [ 8.086593296661476, 11.517386710724338 ], [ 8.08894632726026, 11.518644334578823 ], [ 8.089980233962706, 11.519028607839971 ], [ 8.091798483198147, 11.519412881101061 ], [ 8.093402822288226, 11.519552616195995 ], [ 8.094793248232975, 11.519692351290928 ], [ 8.096397586323008, 11.519901954433351 ], [ 8.097574101122404, 11.520111555575738 ], [ 8.098394095679566, 11.521299301382783 ], [ 8.099463655406282, 11.52273157435593 ], [ 8.100747125278303, 11.523604907949334 ], [ 8.101531467811242, 11.523989174210442 ], [ 8.102155055234959, 11.523279874728473 ] ] ] ] } },
{ "type": "Feature", "properties": { "fid": 410.0, "OBJECTID": 410.0, "lganame": "Kauru", "statecode": "KD", "LGA_UID": "18_14" }, "geometry": { "type": "MultiPolygon", "coordinates": [ [ [ [ 7.951844129105723, 10.694582015667208 ], [ 7.954139789665533, 10.69215434601773 ], [ 7.964104405436046, 10.698864306576866 ], [ 7.963028346704903, 10.702438789005555 ], [ 7.967507694748406, 10.71254095286946 ], [ 7.970980358107909, 10.70463647049877 ], [ 7.976918363142488, 10.712654694946764 ], [ 7.978703376355327, 10.710695752615777 ], [ 7.990107611103952, 10.710473119464496 ], [ 7.99973882464792, 10.708400029055952 ], [ 8.000961341478558, 10.705146720845448 ], [ 8.006708547383539, 10.706100125493265 ], [ 8.019246443902432, 10.707670967560546 ], [ 8.021272479279048, 10.705913580366484 ], [ 8.023420300738394, 10.704303110272235 ], [ 8.02830914606011, 10.700637381781576 ], [ 8.03205388860448, 10.701386094290285 ], [ 8.032684862033193, 10.700895891957202 ], [ 8.047895752368277, 10.691057819272714 ], [ 8.048833328005344, 10.690451415860707 ], [ 8.049720986608463, 10.690649723995421 ], [ 8.050654152242487, 10.691470985553451 ], [ 8.054364341763403, 10.694736259772014 ], [ 8.057675913013441, 10.695551313325836 ], [ 8.059133777004035, 10.693650172034097 ], [ 8.059973527574584, 10.692866942501894 ], [ 8.068314295241748, 10.686314425049773 ], [ 8.069131900797288, 10.685875558751604 ], [ 8.070019657400451, 10.685763302675355 ], [ 8.07198764473759, 10.685978175821333 ], [ 8.075277132972644, 10.685707248637243 ], [ 8.075990172457125, 10.685417636440491 ], [ 8.076417995747818, 10.685137366250046 ], [ 8.076760253980353, 10.684866438065967 ], [ 8.077054977180637, 10.684586166875533 ], [ 8.077397236413162, 10.68424049964068 ], [ 8.077739494645698, 10.683941544437516 ], [ 8.078166106935612, 10.683526605155578 ], [ 8.079154802607377, 10.683278487987025 ], [ 8.081419241145966, 10.682678143579096 ], [ 8.084167532013282, 10.682105687190131 ], [ 8.085932304212349, 10.681807895987845 ], [ 8.088758894132866, 10.681343493672273 ], [ 8.088922010243721, 10.680071532808029 ], [ 8.091268314837919, 10.67439636595202 ], [ 8.108810058756717, 10.67501607037309 ], [ 8.114279949473257, 10.671479281969994 ], [ 8.11666986109708, 10.673190486132683 ], [ 8.122167692832591, 10.678050065434547 ], [ 8.129901011087043, 10.684885609079004 ], [ 8.142322878527125, 10.677370592972864 ], [ 8.149461129377187, 10.675804356908714 ], [ 8.150762332261309, 10.677194550853244 ], [ 8.15090236735648, 10.677352104960335 ], [ 8.151751477933374, 10.678221017550698 ], [ 8.152059135142451, 10.678446099703649 ], [ 8.16617303473214, 10.670387769228398 ], [ 8.17321905551961, 10.674167458796489 ], [ 8.177300168292504, 10.680444012061116 ], [ 8.182203797624311, 10.679694956552169 ], [ 8.184923938472537, 10.675994294037764 ], [ 8.192951284926721, 10.672268113505993 ], [ 8.196301657203151, 10.672101677392902 ], [ 8.2022065322152, 10.670099025032187 ], [ 8.204770329957228, 10.669461023598672 ], [ 8.205852843692696, 10.668973678267548 ], [ 8.209079830885287, 10.658050602845833 ], [ 8.20921700697852, 10.657586276530367 ], [ 8.212389524134096, 10.651109271129542 ], [ 8.218058237985701, 10.654904337708103 ], [ 8.234868807407679, 10.666158606354884 ], [ 8.235047809529306, 10.66615895235509 ], [ 8.240458354205543, 10.662914230150477 ], [ 8.239071123262988, 10.654495736430476 ], [ 8.238476455858915, 10.653233175572666 ], [ 8.239939503853009, 10.648071100065238 ], [ 8.241867525163002, 10.641268453443161 ], [ 8.251996015044824, 10.635850208761724 ], [ 8.25215029114969, 10.633420474110835 ], [ 8.25435989065096, 10.630159608895212 ], [ 8.254354170647105, 10.630147329886881 ], [ 8.244271781796613, 10.60659090988139 ], [ 8.250447908992953, 10.596574635075797 ], [ 8.253761479244417, 10.595970150665096 ], [ 8.259157810910949, 10.589100152997275 ], [ 8.285025422486797, 10.584514770881697 ], [ 8.285580187863729, 10.582038422199162 ], [ 8.297012424631362, 10.57887020804651 ], [ 8.30518454518392, 10.577255441949319 ], [ 8.30666393918915, 10.577117544855639 ], [ 8.312119855896185, 10.567293522180705 ], [ 8.313378940751647, 10.565180192744776 ], [ 8.313711129977378, 10.564832512508531 ], [ 8.314519162526381, 10.551177734230748 ], [ 8.31683837410219, 10.547089289452856 ], [ 8.32294530725153, 10.542959592646923 ], [ 8.319117067650438, 10.52702544082041 ], [ 8.322420429894919, 10.509113729650267 ], [ 8.322356511851467, 10.508950116539097 ], [ 8.321180116052176, 10.503500077836009 ], [ 8.320273238436016, 10.493764353221081 ], [ 8.338732163977966, 10.490317448879068 ], [ 8.349323540174339, 10.492822039580801 ], [ 8.375654431064902, 10.471601199162251 ], [ 8.381025437714243, 10.473125387197854 ], [ 8.402559715345774, 10.45542849817366 ], [ 8.416218360626203, 10.444203809546991 ], [ 8.421671881331633, 10.435446546596836 ], [ 8.407109147436927, 10.403067306596711 ], [ 8.391299484695026, 10.393762058274206 ], [ 8.378735699158483, 10.39382866631945 ], [ 8.363964179121922, 10.393906979372673 ], [ 8.36302052448076, 10.39393900439444 ], [ 8.330452088352047, 10.353879671176003 ], [ 8.332795572944349, 10.343690281252805 ], [ 8.333538696449239, 10.341803441970796 ], [ 8.334204476901618, 10.339324886286704 ], [ 8.319850224148581, 10.296889680454001 ], [ 8.327987701677614, 10.246044278906936 ], [ 8.333351521322072, 10.248560025616257 ], [ 8.33720432893989, 10.25096946425333 ], [ 8.352958382644033, 10.265793369325479 ], [ 8.353054335709203, 10.266036152490472 ], [ 8.375893118227111, 10.291755059965226 ], [ 8.379436691634794, 10.295745502676539 ], [ 8.384231824892879, 10.299154416992792 ], [ 8.39588993781399, 10.294422600777693 ], [ 8.395746441716483, 10.290658813220375 ], [ 8.397648412008778, 10.28337288926997 ], [ 8.397734705067421, 10.278376421875066 ], [ 8.397820645125819, 10.276616196679129 ], [ 8.39796564622435, 10.273646286661176 ], [ 8.404237943486066, 10.254216699459676 ], [ 8.407011186370369, 10.249281711106619 ], [ 8.409127624808377, 10.24744935686158 ], [ 8.40939421098949, 10.246896565485997 ], [ 8.412078965813691, 10.242469907478323 ], [ 8.418912917457021, 10.233878789641039 ], [ 8.418354284077452, 10.230968590663679 ], [ 8.420258042370961, 10.22623792144941 ], [ 8.424289951110495, 10.209245258903707 ], [ 8.415336617027094, 10.18856109684981 ], [ 8.426798116814666, 10.175039262662324 ], [ 8.439529932465348, 10.176066506360314 ], [ 8.438878494022674, 10.152310856219458 ], [ 8.446744571367333, 10.146393824199095 ], [ 8.450046097610539, 10.14150592687804 ], [ 8.454344226530964, 10.141060788575601 ], [ 8.460017871385901, 10.142803823759891 ], [ 8.475540755932968, 10.137832642382193 ], [ 8.481926253271638, 10.130587655459578 ], [ 8.483843755574469, 10.130583116456478 ], [ 8.486242438204272, 10.130754603572996 ], [ 8.488526368756084, 10.124743397488658 ], [ 8.500901401164356, 10.092172844358515 ], [ 8.499623185295889, 10.090478220207103 ], [ 8.495727587649014, 10.087638680277735 ], [ 8.490994335432958, 10.083798000668196 ], [ 8.487252143890316, 10.083076836178179 ], [ 8.483251126171808, 10.082305792654324 ], [ 8.482178928443318, 10.082348408683288 ], [ 8.476658351692322, 10.079515053758143 ], [ 8.466340735682024, 10.05307835979562 ], [ 8.451285550452724, 10.044928575258268 ], [ 8.455274746163184, 10.017792851820786 ], [ 8.454153399401264, 10.016914582224047 ], [ 8.45165216670182, 10.016490025935582 ], [ 8.436237635228338, 10.000094121795371 ], [ 8.434284413901253, 9.998016549383749 ], [ 8.429871935903179, 10.003588770169813 ], [ 8.429508740656388, 10.004047424481428 ], [ 8.428347968867683, 10.004328898672668 ], [ 8.416031901499537, 10.007315424701858 ], [ 8.408066385087295, 10.002877310686415 ], [ 8.407345733597651, 10.003060198810658 ], [ 8.401327605508641, 10.001967962068534 ], [ 8.399918814551427, 10.002482694418291 ], [ 8.382547188748219, 10.013537042929158 ], [ 8.379513496686968, 10.017353790522463 ], [ 8.378916942281649, 10.019068308687395 ], [ 8.371391747168616, 10.040695953382397 ], [ 8.369818803099861, 10.042979079933673 ], [ 8.369746156050553, 10.042911323887608 ], [ 8.358198079204158, 10.029081092490628 ], [ 8.344395276825821, 10.02176010051636 ], [ 8.334911172381794, 10.016729741098459 ], [ 8.319868160160752, 10.028815455310166 ], [ 8.304269660562341, 10.025254891890881 ], [ 8.303344103933455, 10.025861264302932 ], [ 8.284477590114534, 10.026297958599628 ], [ 8.272103748707082, 10.022265417859728 ], [ 8.266823365119308, 10.02858636115451 ], [ 8.26595468252907, 10.0313743870488 ], [ 8.271633154387359, 10.054753133933559 ], [ 8.270971826938023, 10.055489563433923 ], [ 8.246256521145142, 10.06302179455173 ], [ 8.245911987911029, 10.07180700952091 ], [ 8.238404254809893, 10.078092446791572 ], [ 8.238431458828359, 10.090287940077815 ], [ 8.221110624059691, 10.104036242419113 ], [ 8.233989858810503, 10.114520435542659 ], [ 8.240058476933825, 10.119460523899193 ], [ 8.233993991813293, 10.124193828115267 ], [ 8.226504863724813, 10.129697502854754 ], [ 8.202955590724173, 10.14700359261343 ], [ 8.203197054888221, 10.150424713937923 ], [ 8.2034532550623, 10.154054645404301 ], [ 8.202803976621169, 10.156353203966034 ], [ 8.206225439945911, 10.16782777976249 ], [ 8.184035151868613, 10.184487959082276 ], [ 8.169394374920898, 10.18996289380226 ], [ 8.171844211585437, 10.19990461455717 ], [ 8.179672821904603, 10.20390973627849 ], [ 8.185653752968392, 10.208831244622388 ], [ 8.188595099966903, 10.211251581266936 ], [ 8.193356988202368, 10.213497512792912 ], [ 8.193600639367901, 10.21555946919392 ], [ 8.193875209554506, 10.218518908204715 ], [ 8.175706381209636, 10.225892396214647 ], [ 8.164278532444939, 10.230530179365815 ], [ 8.161457118527892, 10.2439035384524 ], [ 8.1456078687591, 10.249425520204341 ], [ 8.14455874004625, 10.250270814778673 ], [ 8.150413943024603, 10.268692342295196 ], [ 8.146968930683897, 10.27641588054297 ], [ 8.144460784979685, 10.282039015363637 ], [ 8.141225730781628, 10.282094114401104 ], [ 8.130425722443533, 10.282278057526071 ], [ 8.117092978384562, 10.288477517738329 ], [ 8.116571331030116, 10.29283394269828 ], [ 8.10835300544619, 10.296487240180568 ], [ 8.101908333067286, 10.306043486673559 ], [ 8.097690755201654, 10.312297367922781 ], [ 8.093140268109835, 10.310792386900232 ], [ 8.077238384305247, 10.3055331633268 ], [ 8.074217095252436, 10.315719883248221 ], [ 8.059350885151503, 10.317834555685067 ], [ 8.056363182121515, 10.315701056235412 ], [ 8.039805663871448, 10.303877433201819 ], [ 8.035306633814571, 10.298727360702571 ], [ 8.032714494053323, 10.302035070950012 ], [ 8.033641623683309, 10.325898405164025 ], [ 8.038124441729167, 10.339395269334545 ], [ 8.039373743577983, 10.343156665890206 ], [ 8.032847516143761, 10.351951964866203 ], [ 8.03403749195229, 10.353740565081466 ], [ 8.03334347948072, 10.357717967783969 ], [ 8.030549029582005, 10.373733013665401 ], [ 8.023418637737279, 10.393371148008612 ], [ 8.021932420727467, 10.395013766124691 ], [ 8.008309886471579, 10.410069459354304 ], [ 8.007782658113342, 10.411700345462407 ], [ 8.000226789979479, 10.449674071263814 ], [ 8.000215738971974, 10.451671022620644 ], [ 8.006765399422136, 10.45853930728731 ], [ 8.010606193031776, 10.470429554366149 ], [ 8.011132371389294, 10.472058474472931 ], [ 8.011358445542896, 10.475080675526385 ], [ 8.006379603160042, 10.478079132563721 ], [ 7.981303519122037, 10.476499789490617 ], [ 7.976743627023779, 10.479109380263708 ], [ 7.951981630199157, 10.475575550862629 ], [ 7.948861755079349, 10.476960888803887 ], [ 7.931657931390191, 10.466156977463129 ], [ 7.920992011143198, 10.478911430129187 ], [ 7.901905734174932, 10.487714556110518 ], [ 7.899797816742705, 10.488840778875726 ], [ 7.898006939525885, 10.488695623777119 ], [ 7.894566895188575, 10.504272638360931 ], [ 7.891286914959949, 10.507497633552191 ], [ 7.889504316748742, 10.509951412219436 ], [ 7.888866275315252, 10.512366453860295 ], [ 7.887465585363543, 10.514318233186486 ], [ 7.885012169696552, 10.515209441792024 ], [ 7.883015661340039, 10.515700187125447 ], [ 7.882445228952463, 10.518083793745006 ], [ 7.881732190467972, 10.519485907697629 ], [ 7.87980698415987, 10.519556012745284 ], [ 7.877881777851769, 10.519345696602386 ], [ 7.87581396544681, 10.520747803555082 ], [ 7.87360354294492, 10.52250042974589 ], [ 7.872911556474776, 10.523696937558839 ], [ 7.871749640685323, 10.524533463127227 ], [ 7.870751387007033, 10.525585025841735 ], [ 7.869681828280306, 10.526706689603827 ], [ 7.869182699941177, 10.527758246318342 ], [ 7.869254003989624, 10.528809799032786 ], [ 7.870358277739911, 10.529375190416943 ], [ 7.870751387007033, 10.530842790414113 ], [ 7.870751387007033, 10.532525255557289 ], [ 7.870893994103938, 10.533646894319361 ], [ 7.872143521952921, 10.534089937620422 ], [ 7.873389631799569, 10.534067507605187 ], [ 7.873778502063828, 10.535497163576565 ], [ 7.874420237499862, 10.536969298576821 ], [ 7.87456284459671, 10.538581629672308 ], [ 7.874634148645214, 10.539773348482015 ], [ 7.87456284459671, 10.540965061291729 ], [ 7.873849806112275, 10.542156769101439 ], [ 7.873564589918487, 10.543558773054031 ], [ 7.873707198015381, 10.544960770006639 ], [ 7.873707198015381, 10.546362760959198 ], [ 7.873208070676242, 10.547484348721298 ], [ 7.873065462579348, 10.549236822912007 ], [ 7.872566335240208, 10.550218202578833 ], [ 7.872423728143303, 10.551059384150335 ], [ 7.873421981821593, 10.551760366626638 ], [ 7.874063718257617, 10.552741739293424 ], [ 7.874348933451415, 10.554073597198339 ], [ 7.874063718257617, 10.555125059912768 ], [ 7.873421981821593, 10.556106421579557 ], [ 7.872352424094856, 10.556947587151114 ], [ 7.872231492012702, 10.557601450595371 ], [ 7.872303741061785, 10.559634169976505 ], [ 7.872494098191112, 10.562251576754932 ], [ 7.874397667484516, 10.56624907147102 ], [ 7.8811077470437, 10.578289143651716 ], [ 7.882107120722708, 10.582191460303136 ], [ 7.888817201281881, 10.58868262971356 ], [ 7.888388897990865, 10.592451696274509 ], [ 7.887646506486476, 10.59327974783713 ], [ 7.885704866167202, 10.592740087470418 ], [ 7.881364729218319, 10.589656305375172 ], [ 7.857515720014021, 10.579769247657339 ], [ 7.857283528856271, 10.582017916185237 ], [ 7.857283528856271, 10.584401009804424 ], [ 7.855928753935757, 10.586854175471217 ], [ 7.855144411402819, 10.589587678328542 ], [ 7.854074852676092, 10.591269822471475 ], [ 7.853433117240058, 10.593582755042974 ], [ 7.852933989900976, 10.595545230376388 ], [ 7.857016138674567, 10.607933061793346 ], [ 7.858917576966519, 10.616810406825095 ], [ 7.86485957000383, 10.623701852507509 ], [ 7.864978410084575, 10.626505109412165 ], [ 7.866642168215037, 10.630359543031091 ], [ 7.868900125749178, 10.633513135173814 ], [ 7.868662445587688, 10.637017087554568 ], [ 7.868781285668433, 10.640053813617897 ], [ 7.868543605506943, 10.646594353061857 ], [ 7.868900125749178, 10.649981363363167 ], [ 7.869256644991424, 10.6532515435851 ], [ 7.868187086264697, 10.657572799521233 ], [ 7.865453770407555, 10.659908588108294 ], [ 7.864740729923085, 10.663295450409464 ], [ 7.864183108544182, 10.667392724193405 ], [ 7.866383551039291, 10.670477815289587 ], [ 7.870445043798895, 10.671820831202069 ], [ 7.875058296933389, 10.674785146216209 ], [ 7.875357004136333, 10.674711679166251 ], [ 7.878050794966612, 10.673105457074939 ], [ 7.883042069357998, 10.67380615955102 ], [ 7.889447046709847, 10.677986308391212 ], [ 7.889790043942924, 10.678208540542244 ], [ 7.890413416366471, 10.678612433816625 ], [ 7.891119254846046, 10.679069758127412 ], [ 7.891593895168512, 10.679377285336329 ], [ 7.892166337557512, 10.67974817958833 ], [ 7.892602796854021, 10.680030967780453 ], [ 7.892885294045982, 10.680188987887846 ], [ 7.893643667561264, 10.680613198176104 ], [ 7.894868433393412, 10.681298288641585 ], [ 7.895061819524813, 10.682950426764137 ], [ 7.895079581536891, 10.683102160867236 ], [ 7.895601298891393, 10.687559259895579 ], [ 7.898839103091291, 10.695743428456353 ], [ 7.915224179224197, 10.687104957586939 ], [ 7.9177919379689, 10.70176088454491 ], [ 7.930253263435759, 10.703368492637253 ], [ 7.933526472659764, 10.707500737444889 ], [ 7.936575881731699, 10.709838183033071 ], [ 7.941699689213067, 10.711410130101171 ], [ 7.944864600363474, 10.714432097154429 ], [ 7.945053884492097, 10.714651597303543 ], [ 7.94772957631011, 10.714610851275893 ], [ 7.949721545663522, 10.713449779487007 ], [ 7.952204829350819, 10.711845379396891 ], [ 7.953355292132528, 10.709778992992881 ], [ 7.952688834679691, 10.703985599056523 ], [ 7.955582394645717, 10.701762231545842 ], [ 7.951844129105723, 10.694582015667208 ] ] ], [ [ [ 8.54223847625093, 10.031132113884212 ], [ 8.550900649136508, 10.030391962381316 ], [ 8.555304327128567, 10.03180759334316 ], [ 8.558358819203988, 10.027622110499294 ], [ 8.563137865451097, 10.025749946227279 ], [ 8.567542108443604, 10.025961057370694 ], [ 8.569139880529178, 10.024015320048704 ], [ 8.575335698738968, 10.021516755351001 ], [ 8.588975022006252, 10.022864613266847 ], [ 8.588907534960356, 10.022341317911298 ], [ 8.588830901908295, 10.017315413496419 ], [ 8.588818536899907, 10.016504474945407 ], [ 8.589347761259489, 10.01379991110781 ], [ 8.590121209785025, 10.012624958309459 ], [ 8.600355355738657, 10.004983105117162 ], [ 8.603729998031554, 10.005025875146259 ], [ 8.604904235829395, 10.003915701391918 ], [ 8.608556050310654, 10.00193580204666 ], [ 8.610724678784095, 10.001246254578177 ], [ 8.612829575214278, 10.002714049575445 ], [ 8.616330870593231, 10.005155590234381 ], [ 8.622154697550286, 10.002522480445293 ], [ 8.62405913584422, 10.002948187734546 ], [ 8.62611434124068, 10.003924367397815 ], [ 8.627486397172902, 10.004914835070792 ], [ 8.640112190751552, 10.015040199950533 ], [ 8.647116179510419, 10.014971271903676 ], [ 8.663226753456797, 10.016219870752025 ], [ 8.679643152610993, 10.011049349238931 ], [ 8.67964383061144, 10.011051521240404 ], [ 8.679643942611506, 10.011049100238722 ], [ 8.679919242798576, 10.005089760189662 ], [ 8.676608085548764, 9.993362427221484 ], [ 8.673029901117559, 9.987412453178763 ], [ 8.664923549609682, 9.963902227204642 ], [ 8.646598929158984, 9.905198654318326 ], [ 8.638149415417899, 9.885661396043702 ], [ 8.634692412069057, 9.866834108251453 ], [ 8.639313168208616, 9.855807975759717 ], [ 8.642165326146539, 9.844918800361029 ], [ 8.643947923357757, 9.834731826439452 ], [ 8.642878364631031, 9.825247119995026 ], [ 8.642521844388796, 9.810843898208702 ], [ 8.643947923357757, 9.77536012209913 ], [ 8.633608855332852, 9.754630222014157 ], [ 8.619429660698756, 9.746335090378011 ], [ 8.616753399880338, 9.744789940328133 ], [ 8.615465164005059, 9.742396354701839 ], [ 8.610640036726579, 9.741260366929964 ], [ 8.598860069722662, 9.727923997868515 ], [ 8.593510680088002, 9.727999183919621 ], [ 8.582174934385876, 9.723939720161411 ], [ 8.575959283162661, 9.725955529531063 ], [ 8.575618507931097, 9.726223206712916 ], [ 8.574303921037938, 9.736158050463189 ], [ 8.574478668156644, 9.737412263315377 ], [ 8.570832619679322, 9.740895865682319 ], [ 8.567558174454518, 9.741313557966123 ], [ 8.566821453953935, 9.741666484205894 ], [ 8.566583888792536, 9.742821028990363 ], [ 8.56146819431666, 9.744025415808721 ], [ 8.561452467305969, 9.741347455989171 ], [ 8.556973063262433, 9.742922382059248 ], [ 8.555808347471043, 9.743306860320445 ], [ 8.552634551314611, 9.743029075131744 ], [ 8.549250156015034, 9.742606245844456 ], [ 8.548993828840878, 9.742341289664409 ], [ 8.545242406292004, 9.738463581029691 ], [ 8.542444752391134, 9.742547284804402 ], [ 8.541069953456997, 9.743171101228256 ], [ 8.536039560039058, 9.745453647779129 ], [ 8.528316925791898, 9.755057586304531 ], [ 8.528076390628485, 9.753195465039312 ], [ 8.528894587184425, 9.744850594369382 ], [ 8.529499851595631, 9.738677441175014 ], [ 8.528965387232518, 9.73762609246063 ], [ 8.528481186903548, 9.736905729971227 ], [ 8.526872404810433, 9.736069743403164 ], [ 8.525283563730909, 9.741404786028113 ], [ 8.523934696814365, 9.739468760712668 ], [ 8.524400960131175, 9.737145232133912 ], [ 8.523064013222779, 9.735828895239536 ], [ 8.521739038322551, 9.737306925243786 ], [ 8.520111575216788, 9.73708999309639 ], [ 8.516829126986465, 9.734300194200841 ], [ 8.515484339072771, 9.733157240424305 ], [ 8.5010781072844, 9.740898151683894 ], [ 8.49757434390375, 9.750083322924752 ], [ 8.484279799870762, 9.754568773972437 ], [ 8.484650495122651, 9.76406353942366 ], [ 8.487400934991399, 9.770799512000451 ], [ 8.492918215740133, 9.779647742012401 ], [ 8.496040648861708, 9.781433201225525 ], [ 8.501740200734275, 9.787063406051004 ], [ 8.504556413647776, 9.793137320177948 ], [ 8.505727812443695, 9.808773720802151 ], [ 8.50870853746892, 9.811046270346196 ], [ 8.511959611677867, 9.811911284933956 ], [ 8.513896290993785, 9.829915514166998 ], [ 8.51377951591445, 9.830276203412041 ], [ 8.509866858255975, 9.838357798903132 ], [ 8.511918502649962, 9.841406985974913 ], [ 8.510693286817457, 9.848423384742205 ], [ 8.507910653926785, 9.853557726230747 ], [ 8.508069191034508, 9.853992239526008 ], [ 8.509226545820923, 9.862265408147209 ], [ 8.509620542088612, 9.865081823060848 ], [ 8.508168097101702, 9.866157991792022 ], [ 8.505783949481838, 9.869575146113846 ], [ 8.498284155386045, 9.872149363862889 ], [ 8.495562896537081, 9.87148448141113 ], [ 8.483143790098893, 9.868450125349455 ], [ 8.479842550855835, 9.87357744083323 ], [ 8.473576085598097, 9.880557003575518 ], [ 8.473448085511109, 9.880620831618842 ], [ 8.472948328171526, 9.880728944692294 ], [ 8.467284921323539, 9.878631417267172 ], [ 8.455688828444522, 9.882095906621089 ], [ 8.443488895155269, 9.877819275715353 ], [ 8.433199743164266, 9.886898039883931 ], [ 8.432689429817515, 9.892396762620081 ], [ 8.432542244717524, 9.895320353606508 ], [ 8.432699194824181, 9.896319585285426 ], [ 8.432912853969356, 9.897314095961178 ], [ 8.433788315564186, 9.89859224182959 ], [ 8.420198892330802, 9.91801559902683 ], [ 8.427195846084885, 9.923613251830204 ], [ 8.424867855503123, 9.928725398303641 ], [ 8.422882624154283, 9.929624188914318 ], [ 8.422019920568118, 9.937335014153462 ], [ 8.430632846420167, 9.94767459417875 ], [ 8.428714500116769, 9.949371382331606 ], [ 8.431301513874473, 9.956370162086955 ], [ 8.435741085890982, 9.965395401219212 ], [ 8.428540624998618, 9.966701983106987 ], [ 8.423772664758985, 9.970137681441372 ], [ 8.434795505248474, 9.977124171188336 ], [ 8.429010034317571, 9.988134597669386 ], [ 8.434238178869805, 9.993972758636176 ], [ 8.449645225338202, 9.990972526597659 ], [ 8.452709077419911, 9.990375900192248 ], [ 8.454277222485416, 9.987566452283374 ], [ 8.455134017067564, 9.986031440240424 ], [ 8.456299734859613, 9.983942968821395 ], [ 8.476863762831897, 9.985112008615715 ], [ 8.476344917479366, 9.992409316573912 ], [ 8.476108870318967, 9.995729206829594 ], [ 8.478489093936219, 9.99878518790598 ], [ 8.481655551087727, 10.003809590319861 ], [ 8.48273531182133, 10.004760191965715 ], [ 8.488597812804642, 10.014119583324998 ], [ 8.487828938282235, 10.018541350329372 ], [ 8.494043534504726, 10.021765939520321 ], [ 8.501216990378794, 10.018804103507875 ], [ 8.503379624848208, 10.018565398345686 ], [ 8.506881018227205, 10.018768516483703 ], [ 8.510088144406325, 10.019359939885589 ], [ 8.511938203663362, 10.019904504255578 ], [ 8.512886880307917, 10.018992438635848 ], [ 8.514645350502747, 10.018201721098592 ], [ 8.522736728000439, 10.022453922987779 ], [ 8.52413609295121, 10.022934594314393 ], [ 8.524672554315714, 10.023493436694082 ], [ 8.526884932818916, 10.023705710838328 ], [ 8.528326359798314, 10.023476401682501 ], [ 8.531287876810552, 10.023883417959041 ], [ 8.532082224350233, 10.024818320594306 ], [ 8.533903478587717, 10.025480172043956 ], [ 8.536221282162558, 10.029276478623387 ], [ 8.53845138767781, 10.032331951699462 ], [ 8.541554228786026, 10.031554822171415 ], [ 8.54223847625093, 10.031132113884212 ] ] ] ] } },
{ "type": "Feature", "properties": { "fid": 412.0, "OBJECTID": 412.0, "lganame": "Kagarko", "statecode": "KD", "LGA_UID": "18_11" }, "geometry": { "type": "MultiPolygon", "coordinates": [ [ [ [ 7.865592870502041, 9.6776631857187 ], [ 7.878683734396702, 9.673506186894201 ], [ 7.900421541166509, 9.674272041414554 ], [ 7.906146504056323, 9.662747587584249 ], [ 7.905014939287526, 9.65825512453182 ], [ 7.920609473883246, 9.637229643245973 ], [ 7.929450831890563, 9.642717154974491 ], [ 7.94075855357363, 9.642223139638816 ], [ 7.947850843392473, 9.634933760686067 ], [ 7.927464179540721, 9.614655013907566 ], [ 7.926954119194136, 9.609245254231894 ], [ 7.928361271150266, 9.606000561027315 ], [ 7.928957559555386, 9.586071112486195 ], [ 7.926939321184079, 9.581400803312931 ], [ 7.925682829330356, 9.574508121629663 ], [ 7.928679327366353, 9.567433486822779 ], [ 7.937871506611998, 9.562394746399207 ], [ 7.944323419995783, 9.559936803729158 ], [ 7.937367966269846, 9.548525183975471 ], [ 7.933610397716791, 9.541524031218501 ], [ 7.932645496061184, 9.539726209997013 ], [ 7.932716761109589, 9.538222173975043 ], [ 7.934482377309223, 9.533863869013828 ], [ 7.934808939531138, 9.533539442793369 ], [ 7.937033590042688, 9.531977917732377 ], [ 7.937467790337678, 9.530746520895718 ], [ 7.942297994619594, 9.513379556095686 ], [ 7.941809796287885, 9.508239624603334 ], [ 7.95300350889346, 9.502285082557478 ], [ 7.951593004935091, 9.48408687819267 ], [ 7.952614801629352, 9.480282862608021 ], [ 7.952917825835243, 9.478938344694484 ], [ 7.953203171029145, 9.475995783695168 ], [ 7.953445537193829, 9.47349641499693 ], [ 7.953504866234141, 9.470080571676021 ], [ 7.953663968342255, 9.469565619326147 ], [ 7.954128119657582, 9.466668112357468 ], [ 7.954157671677706, 9.465690827693436 ], [ 7.955574377640289, 9.460856986409055 ], [ 7.955629619677779, 9.460794757366784 ], [ 7.951719094020802, 9.452090906452895 ], [ 7.947347363050426, 9.444985548625141 ], [ 7.939079801432968, 9.443212488420443 ], [ 7.948192029624295, 9.437826003760563 ], [ 7.948498924832847, 9.431252124293962 ], [ 7.948325337714891, 9.430768910965639 ], [ 7.949186811300194, 9.430399477714616 ], [ 7.957556612987105, 9.422132218097374 ], [ 7.956015723940141, 9.418217372437425 ], [ 7.955201676387048, 9.417047301642413 ], [ 7.953932914524955, 9.416022056945849 ], [ 7.95297378387329, 9.415030893272387 ], [ 7.952981711878692, 9.414842032144065 ], [ 7.9536684803453, 9.41144713683741 ], [ 7.954323522790389, 9.409397055444458 ], [ 7.955142533346873, 9.408266149676081 ], [ 7.95930290917363, 9.397565770405663 ], [ 7.955062261292312, 9.395077982715293 ], [ 7.952033070234108, 9.392742936128741 ], [ 7.950900323464452, 9.386118259627608 ], [ 7.921558502528057, 9.349824922967969 ], [ 7.906537145321749, 9.329749252327531 ], [ 7.919086633848565, 9.317365550913394 ], [ 7.897410243120476, 9.305919619136375 ], [ 7.872501408196115, 9.289969745299231 ], [ 7.82679843914309, 9.276432991101615 ], [ 7.808387300633569, 9.272846277664598 ], [ 7.792929649130826, 9.27559661853337 ], [ 7.770024775568061, 9.292334556905985 ], [ 7.763857841377899, 9.295858383300242 ], [ 7.751534310004615, 9.306998554869494 ], [ 7.731188925180902, 9.326137384873391 ], [ 7.724080474351013, 9.329254915991612 ], [ 7.720921161204444, 9.330640485933088 ], [ 7.692970025212958, 9.349402782681182 ], [ 7.678709241523393, 9.368351675556028 ], [ 7.670723203097282, 9.383922765135878 ], [ 7.667490757900964, 9.401369057989825 ], [ 7.646955229948048, 9.408684982960608 ], [ 7.61406035559753, 9.40605877117622 ], [ 7.542094112699885, 9.387351140465285 ], [ 7.521070697415439, 9.367551484012381 ], [ 7.520007011692712, 9.366549715331701 ], [ 7.509100988282569, 9.35503127450545 ], [ 7.496931787014205, 9.352404656720807 ], [ 7.473734246252548, 9.350340871318565 ], [ 7.433763433094271, 9.343470005650147 ], [ 7.433763417094269, 9.343470077650181 ], [ 7.389690693148907, 9.335894030502629 ], [ 7.378645291644091, 9.336468363892834 ], [ 7.353584682616543, 9.337771450778234 ], [ 7.333978565295126, 9.3407722518171 ], [ 7.289767676255906, 9.332846282431774 ], [ 7.273702986340709, 9.329327088040657 ], [ 7.249344536790261, 9.322842828634919 ], [ 7.232822072564034, 9.318444451646428 ], [ 7.227878334205002, 9.32576212361846 ], [ 7.222364165458373, 9.332329134080396 ], [ 7.221413445812402, 9.375293091272397 ], [ 7.205061080701739, 9.444136890048526 ], [ 7.196694754017244, 9.475646633457927 ], [ 7.196520088898524, 9.496664317738464 ], [ 7.196504609888052, 9.498526896003966 ], [ 7.202753127133633, 9.519812843466809 ], [ 7.208695121170933, 9.540205600322736 ], [ 7.248441401176649, 9.522046538984455 ], [ 7.251372952168481, 9.521033496296184 ], [ 7.264851018326226, 9.520614769011672 ], [ 7.270595563229335, 9.521646302712554 ], [ 7.272913430804238, 9.52136729052296 ], [ 7.274851190120842, 9.521074734324202 ], [ 7.275293623421476, 9.520818465150057 ], [ 7.286142936793055, 9.514982129184546 ], [ 7.289829409297852, 9.514163778628529 ], [ 7.289979772399988, 9.514131783606786 ], [ 7.300164650320141, 9.527228105505117 ], [ 7.300206285348452, 9.527393881617741 ], [ 7.30419100005588, 9.547300685143512 ], [ 7.304395142194608, 9.547474882261838 ], [ 7.303444442548653, 9.559955887742092 ], [ 7.30532795182836, 9.566492708183546 ], [ 7.30873371414242, 9.572855737506927 ], [ 7.317626200184463, 9.572970923585217 ], [ 7.332035828975108, 9.579954628330313 ], [ 7.343485753754806, 9.58253308308224 ], [ 7.351852081439347, 9.581033154063107 ], [ 7.361929702286602, 9.579720711171376 ], [ 7.372396630398384, 9.579269209864606 ], [ 7.375000296167457, 9.579304672888668 ], [ 7.381035086267843, 9.582292416918733 ], [ 7.403190902321683, 9.58797026877653 ], [ 7.420751026252958, 9.591051788870288 ], [ 7.431459619528937, 9.591169356950161 ], [ 7.433726302069033, 9.593271192378268 ], [ 7.436214441759603, 9.602056903347773 ], [ 7.43852545932981, 9.608440339684989 ], [ 7.440944064973166, 9.609245946232363 ], [ 7.447984378756701, 9.616203568959747 ], [ 7.45245360679337, 9.614469605781608 ], [ 7.456800573746932, 9.61111178450011 ], [ 7.459284342434501, 9.610195870877817 ], [ 7.460350119158647, 9.609704445543912 ], [ 7.467993305351854, 9.604748946176869 ], [ 7.475664632564133, 9.603468984307199 ], [ 7.477656540917565, 9.604928344298798 ], [ 7.482539374235216, 9.605366417596429 ], [ 7.486786867121168, 9.603325270209552 ], [ 7.496385728643133, 9.594975150536072 ], [ 7.506397891445943, 9.589276894664351 ], [ 7.512177926373226, 9.587100785185783 ], [ 7.517209454791896, 9.588901780409458 ], [ 7.529709484285092, 9.602281488500353 ], [ 7.545547737046434, 9.592261134692023 ], [ 7.547805846580729, 9.589108268549751 ], [ 7.556683120612377, 9.579290013878733 ], [ 7.55943110247955, 9.579057670720886 ], [ 7.560150939968651, 9.578987792673388 ], [ 7.56705660966071, 9.57716437543445 ], [ 7.567925336250937, 9.577290568520198 ], [ 7.580258708630936, 9.584000703079425 ], [ 7.589209366712453, 9.588461006109981 ], [ 7.591370830181063, 9.58903862450245 ], [ 7.612085752255894, 9.595344276786875 ], [ 7.612058042237038, 9.597434571207089 ], [ 7.620260895810532, 9.608402973659622 ], [ 7.63085033800553, 9.616538439187309 ], [ 7.648001144658735, 9.627124532380037 ], [ 7.658925388081229, 9.628927286604949 ], [ 7.6628186487265, 9.625852149515538 ], [ 7.680102935470359, 9.620425186828129 ], [ 7.683420066724182, 9.620976752202921 ], [ 7.692006674558399, 9.617421920787592 ], [ 7.699563493692892, 9.612300027307469 ], [ 7.71237365339681, 9.60361750040812 ], [ 7.713650868264608, 9.603990544661599 ], [ 7.71599387885658, 9.60395275563593 ], [ 7.719879439496651, 9.605761280864726 ], [ 7.734252787262676, 9.609236391225863 ], [ 7.744100860953949, 9.631604841424178 ], [ 7.747801421468296, 9.635604330141689 ], [ 7.746902546857541, 9.656909405617455 ], [ 7.746343508477707, 9.670159692620416 ], [ 7.748326673825204, 9.676092717651613 ], [ 7.748640152038206, 9.676511909936437 ], [ 7.769508212217033, 9.67950153896777 ], [ 7.77601418063756, 9.676192364719327 ], [ 7.777039704334356, 9.675201573046138 ], [ 7.800819283491478, 9.652227319436179 ], [ 7.815792146664819, 9.647899539495654 ], [ 7.817323671705424, 9.651272276787324 ], [ 7.830966201974888, 9.681315991200563 ], [ 7.833403620630975, 9.683747585852757 ], [ 7.834848030612363, 9.688054974779391 ], [ 7.836522868750365, 9.691601989189451 ], [ 7.846914336810869, 9.695358964742127 ], [ 7.847621647291476, 9.695298651701137 ], [ 7.867276489645974, 9.693409107417267 ], [ 7.865592870502041, 9.6776631857187 ] ] ] ] } },
{ "type": "Feature", "properties": { "fid": 442.0, "OBJECTID": 442.0, "lganame": "Jaba", "statecode": "KD", "LGA_UID": "18_06" }, "geometry": { "type": "MultiPolygon", "coordinates": [ [ [ [ 8.035824098166188, 9.570606888978944 ], [ 8.037783917497791, 9.567834713095408 ], [ 8.048695094911409, 9.572342830158448 ], [ 8.055024953212239, 9.581229953196839 ], [ 8.062036392976211, 9.581770308563989 ], [ 8.064531387671423, 9.584595069483271 ], [ 8.068974827690568, 9.585513855107536 ], [ 8.079111604578031, 9.581908074657576 ], [ 8.082513662889539, 9.585810737309259 ], [ 8.087283174130221, 9.588853020376348 ], [ 8.092767264856377, 9.595539962919815 ], [ 8.09284161190692, 9.595815703107178 ], [ 8.092753901847288, 9.596098454299295 ], [ 8.093502817356182, 9.600553824326482 ], [ 8.091703121133378, 9.609068284111686 ], [ 8.091559588035807, 9.610436240041111 ], [ 8.091263553834665, 9.611412852704689 ], [ 8.091257266830439, 9.611432111717761 ], [ 8.091215939802339, 9.611637344857229 ], [ 8.091683547120056, 9.612718038591481 ], [ 8.094278487883173, 9.618385923442588 ], [ 8.094377224950279, 9.618581183575259 ], [ 8.095753891885636, 9.61931281907232 ], [ 8.114836312851253, 9.623612482993792 ], [ 8.11665477408684, 9.624980528923288 ], [ 8.122205340858159, 9.62240455117302 ], [ 8.126763130954998, 9.620289312735849 ], [ 8.128616893214542, 9.619428996151271 ], [ 8.129993561149888, 9.618218932329114 ], [ 8.131374343088055, 9.61551301949055 ], [ 8.133268416375017, 9.614332830688681 ], [ 8.135109302625835, 9.610300470948857 ], [ 8.13988860987314, 9.601194057761518 ], [ 8.146432042319077, 9.597872125504409 ], [ 8.149874519658056, 9.597146601011445 ], [ 8.15135716866547, 9.595611974968733 ], [ 8.152072816151701, 9.59285250109383 ], [ 8.156482929148183, 9.587554015493708 ], [ 8.163277907765064, 9.580361903607013 ], [ 8.171027677030679, 9.582599205127167 ], [ 8.17252445104765, 9.581972492701368 ], [ 8.171753258523665, 9.565801940714209 ], [ 8.15742833779052, 9.567557005906679 ], [ 8.165233931094065, 9.553595476420526 ], [ 8.164807854804565, 9.551061678698886 ], [ 8.159333242084813, 9.550672310434322 ], [ 8.156681668283227, 9.550328452200688 ], [ 8.155776849668428, 9.550211115120987 ], [ 8.152115216180505, 9.55028767117301 ], [ 8.1520536471387, 9.550278416166691 ], [ 8.148899976995949, 9.543034668244957 ], [ 8.14668311448969, 9.536276938653373 ], [ 8.145826280907499, 9.534468358424533 ], [ 8.159300256062409, 9.524566275696543 ], [ 8.156857322402573, 9.519522549269539 ], [ 8.151802481968048, 9.506836288649822 ], [ 8.148275665571759, 9.505696410875316 ], [ 8.13923319142782, 9.50369949651855 ], [ 8.130344575388392, 9.504149635824376 ], [ 8.129740942978287, 9.503817573598781 ], [ 8.121795470579684, 9.502066160408731 ], [ 8.10870695768665, 9.493507908593813 ], [ 8.107108673600692, 9.49460421733869 ], [ 8.098507031756299, 9.495945032249722 ], [ 8.092001205335862, 9.496576919679057 ], [ 8.077266908324646, 9.496319214503956 ], [ 8.069830818272123, 9.495449404912961 ], [ 8.068419025312892, 9.491176609009813 ], [ 8.072196517879547, 9.4795609181175 ], [ 8.071419544351613, 9.472601263388754 ], [ 8.071768585588757, 9.465796097764951 ], [ 8.074920041730024, 9.459680928609998 ], [ 8.076201997601061, 9.458224228620224 ], [ 8.078408076100004, 9.457776025315695 ], [ 8.09065733142279, 9.455287368624738 ], [ 8.104741683992415, 9.447723876485725 ], [ 8.102949695774896, 9.440724343729869 ], [ 8.09731857294878, 9.433222391632626 ], [ 8.093167005128009, 9.428787827619544 ], [ 8.073500839765757, 9.415789600787889 ], [ 8.069997769385566, 9.416785793464726 ], [ 8.06298883062334, 9.411481963861036 ], [ 8.053438210134118, 9.401957431389576 ], [ 8.044995007397404, 9.393537290668462 ], [ 8.04709843482658, 9.388464752221921 ], [ 8.047799246302759, 9.387590200627699 ], [ 8.04924267128348, 9.386070710595277 ], [ 8.056768717397063, 9.378148063212222 ], [ 8.058868712823937, 9.369795299536918 ], [ 8.059090779974781, 9.358254416695445 ], [ 8.04614226717689, 9.35745950715534 ], [ 8.043254329214676, 9.357408499120652 ], [ 8.039267651505895, 9.360047749913917 ], [ 8.038366505893634, 9.360644323319264 ], [ 8.033820791805056, 9.362393502507757 ], [ 8.030228900364534, 9.361805083107924 ], [ 8.026216197638064, 9.356902684776969 ], [ 8.02682521805184, 9.355896837093553 ], [ 8.03148673221915, 9.349905964023037 ], [ 8.031754779401297, 9.349718934895975 ], [ 8.035661265055523, 9.346993202043961 ], [ 8.035785955140284, 9.344942241650415 ], [ 8.035813199158781, 9.340703589770499 ], [ 8.034471232246972, 9.340345658527269 ], [ 8.033486787578113, 9.340286926487352 ], [ 8.027502058511743, 9.343097766397193 ], [ 8.027004793173887, 9.343213621475911 ], [ 8.025483862140504, 9.343567974716677 ], [ 8.024889797736819, 9.343629734758622 ], [ 8.023949610098043, 9.343551295705367 ], [ 8.021015682104576, 9.342944930293356 ], [ 8.016247330864701, 9.33266527630883 ], [ 8.01696821235447, 9.331693179648312 ], [ 8.017125215461192, 9.331481463504474 ], [ 8.017572373765006, 9.33013179458743 ], [ 8.011997366977027, 9.325363049347288 ], [ 8.008332776487123, 9.323126826827888 ], [ 8.00766373303253, 9.323087149800926 ], [ 8.006063555945275, 9.32284262863476 ], [ 7.997314930001039, 9.321505762726474 ], [ 7.940572881447451, 9.31417573874603 ], [ 7.919086633848565, 9.317365550913394 ], [ 7.906537145321749, 9.329749252327531 ], [ 7.921558502528057, 9.349824922967969 ], [ 7.950900323464452, 9.386118259627608 ], [ 7.952033070234108, 9.392742936128741 ], [ 7.955062261292312, 9.395077982715293 ], [ 7.95930290917363, 9.397565770405663 ], [ 7.955142533346873, 9.408266149676081 ], [ 7.954323522790389, 9.409397055444458 ], [ 7.9536684803453, 9.41144713683741 ], [ 7.952981711878692, 9.414842032144065 ], [ 7.95297378387329, 9.415030893272387 ], [ 7.953932914524955, 9.416022056945849 ], [ 7.955201676387048, 9.417047301642413 ], [ 7.956015723940141, 9.418217372437425 ], [ 7.957556612987105, 9.422132218097374 ], [ 7.949186811300194, 9.430399477714616 ], [ 7.948325337714891, 9.430768910965639 ], [ 7.948498924832847, 9.431252124293962 ], [ 7.948192029624295, 9.437826003760563 ], [ 7.939079801432968, 9.443212488420443 ], [ 7.947347363050426, 9.444985548625141 ], [ 7.951719094020802, 9.452090906452895 ], [ 7.955629619677779, 9.460794757366784 ], [ 7.955574377640289, 9.460856986409055 ], [ 7.954157671677706, 9.465690827693436 ], [ 7.954128119657582, 9.466668112357468 ], [ 7.953663968342255, 9.469565619326147 ], [ 7.953504866234141, 9.470080571676021 ], [ 7.953445537193829, 9.47349641499693 ], [ 7.953203171029145, 9.475995783695168 ], [ 7.952917825835243, 9.478938344694484 ], [ 7.952614801629352, 9.480282862608021 ], [ 7.951593004935091, 9.48408687819267 ], [ 7.95300350889346, 9.502285082557478 ], [ 7.941809796287885, 9.508239624603334 ], [ 7.942297994619594, 9.513379556095686 ], [ 7.937467790337678, 9.530746520895718 ], [ 7.937033590042688, 9.531977917732377 ], [ 7.934808939531138, 9.533539442793369 ], [ 7.934482377309223, 9.533863869013828 ], [ 7.932716761109589, 9.538222173975043 ], [ 7.932645496061184, 9.539726209997013 ], [ 7.933610397716791, 9.541524031218501 ], [ 7.937367966269846, 9.548525183975471 ], [ 7.944323419995783, 9.559936803729158 ], [ 7.937871506611998, 9.562394746399207 ], [ 7.928679327366353, 9.567433486822779 ], [ 7.925682829330356, 9.574508121629663 ], [ 7.926939321184079, 9.581400803312931 ], [ 7.928957559555386, 9.586071112486195 ], [ 7.928361271150266, 9.606000561027315 ], [ 7.926954119194136, 9.609245254231894 ], [ 7.927464179540721, 9.614655013907566 ], [ 7.947850843392473, 9.634933760686067 ], [ 7.948537515859073, 9.634975836714659 ], [ 7.948962536147803, 9.635018421743553 ], [ 7.94994143981296, 9.635125914816626 ], [ 7.957857682191673, 9.633508298717516 ], [ 7.966001065724697, 9.617179584622932 ], [ 7.970734770941021, 9.614659725910769 ], [ 7.971529113480756, 9.613681660246243 ], [ 7.972761946318428, 9.610086174803257 ], [ 7.979476423880612, 9.606736331527202 ], [ 7.985616260052325, 9.600805604497566 ], [ 7.988527226030158, 9.594539091239767 ], [ 8.00468735301024, 9.589087215535471 ], [ 8.004690645012488, 9.586612547854031 ], [ 8.004695491015752, 9.586548127810261 ], [ 8.004083879600216, 9.58246213003406 ], [ 8.006608291315388, 9.575599619371303 ], [ 8.012684657444026, 9.573695778077706 ], [ 8.013312920870874, 9.573550645979083 ], [ 8.016318715913201, 9.573205822744796 ], [ 8.016960979349562, 9.572532255287172 ], [ 8.017520099729495, 9.571793373785113 ], [ 8.035824098166188, 9.570606888978944 ] ] ] ] } },
{ "type": "Feature", "properties": { "fid": 447.0, "OBJECTID": 447.0, "lganame": "Jema'A", "statecode": "KD", "LGA_UID": "18_07" }, "geometry": { "type": "MultiPolygon", "coordinates": [ [ [ [ 8.318807408440023, 9.608167663499728 ], [ 8.319178307692027, 9.606759337542826 ], [ 8.319254244743661, 9.606470996346957 ], [ 8.319472909892227, 9.606414753308741 ], [ 8.319756702085044, 9.606431542320138 ], [ 8.320423629538197, 9.606470996346957 ], [ 8.321051373964735, 9.606604059437359 ], [ 8.321431391222916, 9.606630352455227 ], [ 8.32145040623584, 9.605458616659064 ], [ 8.321404902204904, 9.603690885457979 ], [ 8.321364841177683, 9.602046500340691 ], [ 8.321612028345669, 9.602074622359794 ], [ 8.321801363474265, 9.602096330374536 ], [ 8.321802184474848, 9.602096423374633 ], [ 8.321802268474926, 9.602096433374641 ], [ 8.321802583475119, 9.602096469374658 ], [ 8.321803117475497, 9.602096530374695 ], [ 8.321803394475694, 9.602096562374697 ], [ 8.3218040064761, 9.602096632374753 ], [ 8.322838456178943, 9.602215232455364 ], [ 8.323342335521318, 9.602318345525418 ], [ 8.324298372170915, 9.602482079636673 ], [ 8.324482097295743, 9.60108675768862 ], [ 8.324618125388156, 9.599723995762645 ], [ 8.324693342439275, 9.598869009181726 ], [ 8.324566110352805, 9.59666547168456 ], [ 8.324993932643508, 9.596543607601745 ], [ 8.325507320992301, 9.596421743518931 ], [ 8.326904877941899, 9.596056152270535 ], [ 8.327465803323037, 9.595915540174985 ], [ 8.327988698678269, 9.595774927079447 ], [ 8.329034488388857, 9.595474953875623 ], [ 8.330270423228626, 9.595156231659075 ], [ 8.331278184913344, 9.594565658257807 ], [ 8.33248559873374, 9.593478247518988 ], [ 8.333654981528241, 9.592606443926627 ], [ 8.333460468396083, 9.592415699797016 ], [ 8.333135890175583, 9.59199656651225 ], [ 8.332171227520121, 9.591250221005112 ], [ 8.330060631086099, 9.589712832960572 ], [ 8.328444408987934, 9.588466044113432 ], [ 8.327693341477641, 9.588006699801326 ], [ 8.326561985708906, 9.58708800917708 ], [ 8.325611267062925, 9.586319306654786 ], [ 8.324432376261939, 9.585209372900636 ], [ 8.323714700774303, 9.584442250379425 ], [ 8.325159675756083, 9.583606335811453 ], [ 8.333796166624211, 9.578243883167943 ], [ 8.341761078035972, 9.568231957365299 ], [ 8.341527683877416, 9.565754053681701 ], [ 8.342188172326189, 9.563054276847311 ], [ 8.345994399912342, 9.547496144276295 ], [ 8.346520535269804, 9.546738489761481 ], [ 8.351265792493962, 9.542735915041931 ], [ 8.355842989603957, 9.543679129682801 ], [ 8.375295220820874, 9.547687620406407 ], [ 8.395576156600782, 9.546064941303882 ], [ 8.396357785131897, 9.546598597666446 ], [ 8.402562577347737, 9.550512534325776 ], [ 8.412327105982286, 9.55016479408954 ], [ 8.41345505574867, 9.549923053925284 ], [ 8.442879223740988, 9.534104395177224 ], [ 8.444516450853428, 9.533028568446241 ], [ 8.451954898907502, 9.532242994912508 ], [ 8.454134318388299, 9.532627761173899 ], [ 8.47391258182671, 9.555036969399907 ], [ 8.481682936106324, 9.56201437714077 ], [ 8.498695855665801, 9.575584385360912 ], [ 8.501631356660312, 9.575449093269015 ], [ 8.519417417745103, 9.572967698583 ], [ 8.521682201283909, 9.572286392120077 ], [ 8.533647312413677, 9.574522641639533 ], [ 8.536208414153805, 9.575364593211589 ], [ 8.54733872971633, 9.579972973342763 ], [ 8.549537925210586, 9.580914841982747 ], [ 8.55111472128192, 9.581542319409095 ], [ 8.555676342381332, 9.581567807426381 ], [ 8.55503845294794, 9.580629348788761 ], [ 8.553649903004498, 9.568984031876312 ], [ 8.556285857795501, 9.553657532462694 ], [ 8.561683791463111, 9.540590161584021 ], [ 8.565771882240767, 9.527463943665339 ], [ 8.568528966114116, 9.519681733377695 ], [ 8.574328353054511, 9.513680872300426 ], [ 8.575469214829695, 9.509461453433516 ], [ 8.577750940379985, 9.499240867489107 ], [ 8.555030842942756, 9.492707435049965 ], [ 8.543400028040196, 9.49227767375794 ], [ 8.515946999387154, 9.493405300524103 ], [ 8.515908887361206, 9.493371578501183 ], [ 8.511949812671219, 9.489868560121067 ], [ 8.511535092389465, 9.489041209558934 ], [ 8.511126511111854, 9.485187939940772 ], [ 8.510218239494691, 9.483246739621848 ], [ 8.50915740477393, 9.481626573520998 ], [ 8.504666111722315, 9.479080499791053 ], [ 8.504649466710987, 9.477871194969396 ], [ 8.505014853959267, 9.473957040309926 ], [ 8.495635007586088, 9.465059863264742 ], [ 8.495539720521322, 9.464771681068896 ], [ 8.487824177278981, 9.462213542330801 ], [ 8.485784889893409, 9.460909268444595 ], [ 8.480992831637423, 9.459229953303577 ], [ 8.472953262174883, 9.444648196395974 ], [ 8.471857868430618, 9.444682603419324 ], [ 8.465748247279407, 9.444516822306696 ], [ 8.465256956945609, 9.444364417203133 ], [ 8.457961878988954, 9.440989474909998 ], [ 8.447689717009496, 9.434247486329127 ], [ 8.441210209606993, 9.415947337895034 ], [ 8.434607547120777, 9.403106443170259 ], [ 8.431399188940873, 9.397275405208347 ], [ 8.431035136693481, 9.397202320158726 ], [ 8.412779851289883, 9.369376997252687 ], [ 8.405560907384938, 9.36600309496032 ], [ 8.397401596841121, 9.361095440625775 ], [ 8.379198030472651, 9.357098474910003 ], [ 8.374264780120711, 9.355890339089171 ], [ 8.367309682395046, 9.352162844556517 ], [ 8.349704546433202, 9.333384062797222 ], [ 8.347150828698091, 9.329694917290567 ], [ 8.347562875978042, 9.327156504565835 ], [ 8.347211039738966, 9.326471860100696 ], [ 8.310809576005909, 9.298107912828698 ], [ 8.309722962267585, 9.294640695472879 ], [ 8.296559892323899, 9.285705284401729 ], [ 8.266924923188355, 9.280289569721958 ], [ 8.270530849638362, 9.267323118911861 ], [ 8.268127919005735, 9.264755747167499 ], [ 8.263215472667923, 9.259507126601306 ], [ 8.252361287293013, 9.252036664525463 ], [ 8.250483680017282, 9.250744388647433 ], [ 8.247042971679491, 9.239350156905573 ], [ 8.232822183017106, 9.241019987040147 ], [ 8.229458033731362, 9.237810583859527 ], [ 8.210687569977665, 9.236160235738168 ], [ 8.207700449948106, 9.2338668051799 ], [ 8.206885046394063, 9.233176361710775 ], [ 8.19844601166011, 9.237891687914612 ], [ 8.186477291527922, 9.238552840363809 ], [ 8.177473416410237, 9.234417602554117 ], [ 8.172675440150215, 9.222939581755384 ], [ 8.172606449103341, 9.222618516537239 ], [ 8.149837758633112, 9.228673030650953 ], [ 8.143681346450137, 9.217110418794732 ], [ 8.130422622441415, 9.215403136634677 ], [ 8.107688656994753, 9.2289687768519 ], [ 8.087242994102894, 9.230739066054753 ], [ 8.083456038529846, 9.236811638180768 ], [ 8.078225136975675, 9.245200156880401 ], [ 8.0780791808765, 9.246327088646069 ], [ 8.060933896227084, 9.265762077851207 ], [ 8.044201242858037, 9.273268509951492 ], [ 8.014919099962242, 9.284903161856676 ], [ 7.996665296559627, 9.294660960486681 ], [ 7.983925663903619, 9.297850949654105 ], [ 7.940572881447451, 9.31417573874603 ], [ 7.997314931001029, 9.321505762726474 ], [ 8.006063556945264, 9.32284262863476 ], [ 8.007663734032519, 9.323087149800926 ], [ 8.008332776487123, 9.323126826827888 ], [ 8.011997366977027, 9.325363049347288 ], [ 8.017572373765006, 9.33013179458743 ], [ 8.017125215461192, 9.331481463504474 ], [ 8.01696821235447, 9.331693179648312 ], [ 8.016247330864701, 9.33266527630883 ], [ 8.021015682104576, 9.342944930293356 ], [ 8.023949610098043, 9.343551295705367 ], [ 8.024889798736865, 9.343629734758622 ], [ 8.025483862140504, 9.343567974716677 ], [ 8.027004794173877, 9.343213621475911 ], [ 8.027502058511743, 9.343097766397193 ], [ 8.033486788578102, 9.340286926487352 ], [ 8.034471232246972, 9.340345658527269 ], [ 8.035813200158771, 9.340703589770499 ], [ 8.035785955140284, 9.344942241650415 ], [ 8.035661265055523, 9.346993202043961 ], [ 8.031754779401297, 9.349718934895975 ], [ 8.03148673321914, 9.349905964023037 ], [ 8.02682521805184, 9.355896837093553 ], [ 8.026216197638064, 9.356902684776969 ], [ 8.030228900364534, 9.361805083107924 ], [ 8.033820791805056, 9.362393502507757 ], [ 8.038366505893634, 9.360644323319264 ], [ 8.039267651505895, 9.360047749913917 ], [ 8.043254329214676, 9.357408499120652 ], [ 8.04614226717689, 9.35745950715534 ], [ 8.05909078097477, 9.358254416695445 ], [ 8.058868712823937, 9.369795299536918 ], [ 8.056768718397052, 9.378148063212222 ], [ 8.04924267128348, 9.386070710595277 ], [ 8.047799247302748, 9.387590200627699 ], [ 8.04709843582657, 9.388464752221921 ], [ 8.044995008397393, 9.393537290668462 ], [ 8.053438210134118, 9.401957431389576 ], [ 8.06298883062334, 9.411481963861036 ], [ 8.069997769385566, 9.416785793464726 ], [ 8.073500840765746, 9.415789600787889 ], [ 8.093167005128009, 9.428787827619544 ], [ 8.09731857294878, 9.433222391632626 ], [ 8.102949695774896, 9.440724343729869 ], [ 8.104741683992415, 9.447723876485725 ], [ 8.09065733142279, 9.455287368624738 ], [ 8.078408077099994, 9.457776025315695 ], [ 8.076201997601061, 9.458224228620224 ], [ 8.074920041730024, 9.459680928609998 ], [ 8.071768586588746, 9.465796097764951 ], [ 8.071419544351613, 9.472601263388754 ], [ 8.072196517879547, 9.4795609181175 ], [ 8.068419025312892, 9.491176609009813 ], [ 8.06983081927217, 9.495449404912961 ], [ 8.077266909324635, 9.496319214503956 ], [ 8.092001205335862, 9.496576919679057 ], [ 8.098507031756299, 9.495945032249722 ], [ 8.107108674600681, 9.49460421733869 ], [ 8.10870695768665, 9.493507908593813 ], [ 8.121795470579684, 9.502066160408731 ], [ 8.129740942978287, 9.503817573598781 ], [ 8.130344575388392, 9.504149635824376 ], [ 8.13923319242781, 9.50369949651855 ], [ 8.148275666571749, 9.505696410875316 ], [ 8.151802481968048, 9.506836288649822 ], [ 8.156857323402562, 9.519522549269539 ], [ 8.159300256062409, 9.524566275696543 ], [ 8.145826280907499, 9.534468358424533 ], [ 8.14668311448969, 9.536276938653373 ], [ 8.148899976995949, 9.543034668244957 ], [ 8.1520536471387, 9.550278416166691 ], [ 8.152115216180505, 9.55028767117301 ], [ 8.155776849668428, 9.550211115120987 ], [ 8.156681668283227, 9.550328452200688 ], [ 8.159333242084813, 9.550672310434322 ], [ 8.164807854804565, 9.551061678698886 ], [ 8.174821383608332, 9.533207413567766 ], [ 8.175650991172006, 9.533086875485878 ], [ 8.176683897873772, 9.53206877579413 ], [ 8.182574579876245, 9.527748220858484 ], [ 8.191405703876569, 9.521770947797222 ], [ 8.207246278639502, 9.511049387512458 ], [ 8.226533973744552, 9.504888136326144 ], [ 8.227080834116123, 9.504993345397622 ], [ 8.234371181069605, 9.523035876656706 ], [ 8.234824213377408, 9.5241570634185 ], [ 8.241916231196114, 9.528958892681089 ], [ 8.244786750146488, 9.531609362481959 ], [ 8.245098401358234, 9.558810359963786 ], [ 8.239021044228934, 9.571048329278881 ], [ 8.240189225022675, 9.574128229371524 ], [ 8.240929229525477, 9.575400007235658 ], [ 8.251260539545115, 9.575819254520525 ], [ 8.255252681257616, 9.571024382262635 ], [ 8.258809488674274, 9.571451418552783 ], [ 8.263651659964296, 9.56897774287205 ], [ 8.26374978203097, 9.569000966887813 ], [ 8.267274500425856, 9.572275388112644 ], [ 8.273767932837814, 9.573371177857155 ], [ 8.277937816671056, 9.567708496009629 ], [ 8.278001635714418, 9.567710884011262 ], [ 8.280251628243207, 9.568445743510551 ], [ 8.281609764165978, 9.569574275277319 ], [ 8.283137847204273, 9.57028591376087 ], [ 8.283069851158075, 9.570689157034849 ], [ 8.2828202879885, 9.570806342114452 ], [ 8.282237972592839, 9.571134462337398 ], [ 8.281679425213326, 9.571626640671809 ], [ 8.281400389023702, 9.572175186044547 ], [ 8.28160004015939, 9.57443919658283 ], [ 8.281999343430698, 9.57577509849051 ], [ 8.282089660492034, 9.576445389945945 ], [ 8.28221325357606, 9.577082869379069 ], [ 8.282365368679393, 9.578170330117985 ], [ 8.282804623977825, 9.579113522758803 ], [ 8.283034437134006, 9.579606993094103 ], [ 8.283680925573265, 9.581256921215129 ], [ 8.283804519657224, 9.581613155457205 ], [ 8.284117067869602, 9.582308042929355 ], [ 8.284327416012502, 9.582888092323458 ], [ 8.284603124199862, 9.583525558756605 ], [ 8.284650659232113, 9.58450988142539 ], [ 8.283822051669119, 9.58758387851401 ], [ 8.283697044584187, 9.588047627829098 ], [ 8.283636856543296, 9.588122287879855 ], [ 8.285594307873282, 9.591048793868254 ], [ 8.286467902466882, 9.59323829235592 ], [ 8.286899931760388, 9.599866253859318 ], [ 8.289207734328443, 9.600590624351469 ], [ 8.292068395272111, 9.601773048154882 ], [ 8.292560715606669, 9.602732049806491 ], [ 8.292644339663468, 9.602823448868605 ], [ 8.298911063921423, 9.609672751522396 ], [ 8.303536534064222, 9.608100575454159 ], [ 8.309201144913061, 9.611970063083277 ], [ 8.311799445678446, 9.612365008351617 ], [ 8.311995163811446, 9.61196120507725 ], [ 8.318712335375437, 9.609376884321364 ], [ 8.318807408440023, 9.608167663499728 ] ] ] ] } },
{ "type": "Feature", "properties": { "fid": 448.0, "OBJECTID": 448.0, "lganame": "Zangon Kataf", "statecode": "KD", "LGA_UID": "18_22" }, "geometry": { "type": "MultiPolygon", "coordinates": [ [ [ [ 8.175706381209636, 10.225892396214647 ], [ 8.193875209554506, 10.218518908204715 ], [ 8.193600639367901, 10.21555946919392 ], [ 8.193356988202368, 10.213497512792912 ], [ 8.188595099966903, 10.211251581266936 ], [ 8.185653752968392, 10.208831244622388 ], [ 8.179672821904603, 10.20390973627849 ], [ 8.171844211585437, 10.19990461455717 ], [ 8.169394374920898, 10.18996289380226 ], [ 8.184035151868613, 10.184487959082276 ], [ 8.206225439945911, 10.16782777976249 ], [ 8.202803976621169, 10.156353203966034 ], [ 8.2034532550623, 10.154054645404301 ], [ 8.203197054888221, 10.150424713937923 ], [ 8.202955590724173, 10.14700359261343 ], [ 8.226504863724813, 10.129697502854754 ], [ 8.233993991813293, 10.124193828115267 ], [ 8.240058476933825, 10.119460523899193 ], [ 8.233989858810503, 10.114520435542659 ], [ 8.221110624059691, 10.104036242419113 ], [ 8.238431458828359, 10.090287940077815 ], [ 8.238404254809893, 10.078092446791572 ], [ 8.245911987911029, 10.07180700952091 ], [ 8.246256521145142, 10.06302179455173 ], [ 8.270971826938023, 10.055489563433923 ], [ 8.271633154387359, 10.054753133933559 ], [ 8.26595468252907, 10.0313743870488 ], [ 8.266823365119308, 10.02858636115451 ], [ 8.272103748707082, 10.022265417859728 ], [ 8.284477590114534, 10.026297958599628 ], [ 8.303344103933455, 10.025861264302932 ], [ 8.304269660562341, 10.025254891890881 ], [ 8.319868160160752, 10.028815455310166 ], [ 8.334911172381794, 10.016729741098459 ], [ 8.344395276825821, 10.02176010051636 ], [ 8.358198079204158, 10.029081092490628 ], [ 8.369746157050542, 10.042911323887608 ], [ 8.369818803099861, 10.042979079933673 ], [ 8.371391748168605, 10.040695953382397 ], [ 8.378916942281649, 10.019068308687395 ], [ 8.379513497686958, 10.017353790522463 ], [ 8.382547188748219, 10.013537042929158 ], [ 8.399918814551427, 10.002482694418291 ], [ 8.401327605508641, 10.001967962068534 ], [ 8.407345733597651, 10.003060198810658 ], [ 8.408066385087295, 10.002877310686415 ], [ 8.416031901499537, 10.007315424701858 ], [ 8.42834796986773, 10.004328898672668 ], [ 8.429508741656377, 10.004047424481428 ], [ 8.429871935903179, 10.003588770169813 ], [ 8.434284413901253, 9.998016549383749 ], [ 8.434238178869805, 9.993972758636176 ], [ 8.429010034317571, 9.988134597669386 ], [ 8.43479550624852, 9.977124171188336 ], [ 8.423772664758985, 9.970137681441372 ], [ 8.428540624998618, 9.966701983106987 ], [ 8.435741086890971, 9.965395401219212 ], [ 8.431301513874473, 9.956370162086955 ], [ 8.428714501116758, 9.949371382331606 ], [ 8.430632846420167, 9.94767459417875 ], [ 8.422019921568108, 9.937335014153462 ], [ 8.422882625154273, 9.929624188914318 ], [ 8.424867855503123, 9.928725398303641 ], [ 8.427195847084874, 9.923613251830204 ], [ 8.420198892330802, 9.91801559902683 ], [ 8.433788316564176, 9.89859224182959 ], [ 8.432912853969356, 9.897314095961178 ], [ 8.432699194824181, 9.896319585285426 ], [ 8.432542244717524, 9.895320353606508 ], [ 8.432689429817515, 9.892396762620081 ], [ 8.433199743164266, 9.886898039883931 ], [ 8.443488895155269, 9.877819275715353 ], [ 8.455688829444512, 9.882095906621089 ], [ 8.467284921323539, 9.878631417267172 ], [ 8.472948328171526, 9.880728944692294 ], [ 8.473448086511098, 9.880620831618842 ], [ 8.473576085598097, 9.880557003575518 ], [ 8.479842550855835, 9.87357744083323 ], [ 8.483143790098893, 9.868450125349455 ], [ 8.49556289753707, 9.87148448141113 ], [ 8.498284155386045, 9.872149363862889 ], [ 8.505783949481838, 9.869575146113846 ], [ 8.508168098101748, 9.866157991792022 ], [ 8.509620542088612, 9.865081823060848 ], [ 8.509226545820923, 9.862265408147209 ], [ 8.508069192034554, 9.853992239526008 ], [ 8.507910653926785, 9.853557726230747 ], [ 8.510693286817457, 9.848423384742205 ], [ 8.511918503649952, 9.841406985974913 ], [ 8.509866859255965, 9.838357798903132 ], [ 8.51377951591445, 9.830276203412041 ], [ 8.513896290993785, 9.829915514166998 ], [ 8.511959611677867, 9.811911284933956 ], [ 8.508708538468909, 9.811046270346196 ], [ 8.505727812443695, 9.808773720802151 ], [ 8.504556413647776, 9.793137320177948 ], [ 8.501740201734265, 9.787063406051004 ], [ 8.496040649861698, 9.781433201225525 ], [ 8.492918215740133, 9.779647742012401 ], [ 8.487400934991399, 9.770799512000451 ], [ 8.484650495122651, 9.76406353942366 ], [ 8.484279799870762, 9.754568773972437 ], [ 8.49757434390375, 9.750083322924752 ], [ 8.501078108284389, 9.740898151683894 ], [ 8.500739824054563, 9.730292914478127 ], [ 8.499665206324437, 9.729423669887524 ], [ 8.492424749404847, 9.716750240276497 ], [ 8.492499130455428, 9.716682701230582 ], [ 8.492128763203766, 9.714510936755005 ], [ 8.491046694468537, 9.710990639363104 ], [ 8.49029423895729, 9.710402118963259 ], [ 8.488814778952076, 9.705194471424875 ], [ 8.486986819710069, 9.693945038781408 ], [ 8.486402142312784, 9.691807289328949 ], [ 8.479145808382441, 9.689289118617978 ], [ 8.477909615542501, 9.688860122326446 ], [ 8.477083815981416, 9.689284102614522 ], [ 8.475857123147932, 9.689913907042467 ], [ 8.473485430536471, 9.691588811180509 ], [ 8.471670616303413, 9.692401717732821 ], [ 8.461450130359083, 9.693638290573006 ], [ 8.448821803778685, 9.693358613382998 ], [ 8.44492457313072, 9.691529873140439 ], [ 8.444878797099648, 9.691514037129707 ], [ 8.430265174170358, 9.69461601523733 ], [ 8.424994115588902, 9.699726848709929 ], [ 8.423106960306711, 9.70176138009225 ], [ 8.403878741242011, 9.704667671066943 ], [ 8.401199614421671, 9.704065002657501 ], [ 8.39820826638919, 9.706081027027267 ], [ 8.391589351891923, 9.709357724253607 ], [ 8.388665279905183, 9.712287000243919 ], [ 8.387054895810991, 9.714243675573414 ], [ 8.380626426443143, 9.72406123024399 ], [ 8.38016950313272, 9.724905422817585 ], [ 8.379815635892271, 9.725672397338656 ], [ 8.378685099124141, 9.726526204918798 ], [ 8.365061706867664, 9.707782562183354 ], [ 8.358859636653619, 9.70628908216861 ], [ 8.352034089016001, 9.706970564631661 ], [ 8.357747949898283, 9.699075685267474 ], [ 8.357936608026478, 9.698830954101197 ], [ 8.359843195321957, 9.69188995438509 ], [ 8.368018892876933, 9.679232516784964 ], [ 8.367456382494709, 9.67887212154011 ], [ 8.364397868416631, 9.677912407888016 ], [ 8.358413140350251, 9.665394441382659 ], [ 8.3544161566345, 9.665279415304497 ], [ 8.348998283953335, 9.660914541338741 ], [ 8.342648810639162, 9.660908900334903 ], [ 8.341859723103028, 9.65856765674414 ], [ 8.350551476008661, 9.651007343607262 ], [ 8.347969040253986, 9.648594492967845 ], [ 8.338880071078449, 9.654672451097554 ], [ 8.330962875699129, 9.650811789474403 ], [ 8.329881033964057, 9.648972836224914 ], [ 8.328165342798343, 9.644825490407015 ], [ 8.335964817097704, 9.639599145855982 ], [ 8.336274147307847, 9.639106999521573 ], [ 8.338496729818019, 9.62523609309693 ], [ 8.336415527403915, 9.62397478323993 ], [ 8.328243565851494, 9.622572973287447 ], [ 8.317541160579708, 9.628381666234191 ], [ 8.31569780732724, 9.620813411091945 ], [ 8.31561570227143, 9.620667869993042 ], [ 8.315348638089972, 9.619931368492644 ], [ 8.314848475750125, 9.616858694404868 ], [ 8.312982275482113, 9.613419430068063 ], [ 8.311799445678446, 9.612365008351617 ], [ 8.309201144913061, 9.611970063083277 ], [ 8.303536534064222, 9.608100575454159 ], [ 8.298911063921423, 9.609672751522396 ], [ 8.292644339663468, 9.602823448868605 ], [ 8.292560715606669, 9.602732049806491 ], [ 8.292068395272111, 9.601773048154882 ], [ 8.289207734328443, 9.600590624351469 ], [ 8.286899931760388, 9.599866253859318 ], [ 8.286467902466882, 9.59323829235592 ], [ 8.285594307873282, 9.591048793868254 ], [ 8.283636856543296, 9.588122287879855 ], [ 8.283697044584187, 9.588047627829098 ], [ 8.283822051669119, 9.58758387851401 ], [ 8.284650659232113, 9.58450988142539 ], [ 8.284603124199862, 9.583525558756605 ], [ 8.284327416012502, 9.582888092323458 ], [ 8.284117067869602, 9.582308042929355 ], [ 8.283804519657224, 9.581613155457205 ], [ 8.283680925573265, 9.581256921215129 ], [ 8.283034437134006, 9.579606993094103 ], [ 8.282804623977825, 9.579113522758803 ], [ 8.282365368679393, 9.578170330117985 ], [ 8.28221325357606, 9.577082869379069 ], [ 8.282089660492034, 9.576445389945945 ], [ 8.281999343430698, 9.57577509849051 ], [ 8.28160004015939, 9.57443919658283 ], [ 8.281400389023702, 9.572175186044547 ], [ 8.281679425213326, 9.571626640671809 ], [ 8.282237972592839, 9.571134462337398 ], [ 8.2828202879885, 9.570806342114452 ], [ 8.283069851158075, 9.570689157034849 ], [ 8.283137847204273, 9.57028591376087 ], [ 8.281609764165978, 9.569574275277319 ], [ 8.280251628243207, 9.568445743510551 ], [ 8.278001635714418, 9.567710884011262 ], [ 8.277937816671056, 9.567708496009629 ], [ 8.273767932837814, 9.573371177857155 ], [ 8.267274500425856, 9.572275388112644 ], [ 8.26374978203097, 9.569000966887813 ], [ 8.263651659964296, 9.56897774287205 ], [ 8.258809488674274, 9.571451418552783 ], [ 8.255252681257616, 9.571024382262635 ], [ 8.251260539545115, 9.575819254520525 ], [ 8.240929229525477, 9.575400007235658 ], [ 8.240189225022675, 9.574128229371524 ], [ 8.239021044228934, 9.571048329278881 ], [ 8.245098401358234, 9.558810359963786 ], [ 8.244786750146488, 9.531609362481959 ], [ 8.241916231196114, 9.528958892681089 ], [ 8.234824213377408, 9.5241570634185 ], [ 8.234371181069605, 9.523035876656706 ], [ 8.227080834116123, 9.504993345397622 ], [ 8.226533973744552, 9.504888136326144 ], [ 8.207246278639502, 9.511049387512458 ], [ 8.191405703876569, 9.521770947797222 ], [ 8.182574579876245, 9.527748220858484 ], [ 8.176683897873772, 9.53206877579413 ], [ 8.175650991172006, 9.533086875485878 ], [ 8.174821383608332, 9.533207413567766 ], [ 8.164807854804565, 9.551061678698886 ], [ 8.165233931094065, 9.553595476420526 ], [ 8.15742833779052, 9.567557005906679 ], [ 8.171753259523655, 9.565801940714209 ], [ 8.172524452047639, 9.581972492701368 ], [ 8.171027677030679, 9.582599205127167 ], [ 8.163277907765064, 9.580361903607013 ], [ 8.156482929148183, 9.587554015493708 ], [ 8.152072816151701, 9.59285250109383 ], [ 8.15135716866547, 9.595611974968733 ], [ 8.149874519658056, 9.597146601011445 ], [ 8.146432043319066, 9.597872125504409 ], [ 8.139888610873129, 9.601194057761518 ], [ 8.135109302625835, 9.610300470948857 ], [ 8.133268416375017, 9.614332830688681 ], [ 8.131374344088101, 9.61551301949055 ], [ 8.129993561149888, 9.618218932329114 ], [ 8.128616894214531, 9.619428996151271 ], [ 8.126763131954988, 9.620289312735849 ], [ 8.122205340858159, 9.62240455117302 ], [ 8.11665477408684, 9.624980528923288 ], [ 8.114726581776722, 9.630275746521136 ], [ 8.124835393645185, 9.644842276418387 ], [ 8.132075904564772, 9.655275662507393 ], [ 8.130568734540702, 9.658277653547145 ], [ 8.133387707456052, 9.668889126757108 ], [ 8.12693860707418, 9.67741585255061 ], [ 8.121054209076021, 9.677340071499145 ], [ 8.115629233389996, 9.680432832600502 ], [ 8.113775573130567, 9.696506165521612 ], [ 8.114001895284332, 9.697906394472966 ], [ 8.110050247599361, 9.706712728456466 ], [ 8.101273745636149, 9.705492546627397 ], [ 8.095028937393067, 9.710338036919723 ], [ 8.094248780862983, 9.711005135372943 ], [ 8.091263410834586, 9.713790073265216 ], [ 8.089343014529788, 9.718407328402407 ], [ 8.080322244400577, 9.725142190978431 ], [ 8.070821158945023, 9.732682053101428 ], [ 8.070784516920128, 9.739371146646363 ], [ 8.078640082257607, 9.757477717948916 ], [ 8.077147548243545, 9.760850173240328 ], [ 8.067696443821944, 9.77159971754412 ], [ 8.067218122496968, 9.771751325647131 ], [ 8.061404274546703, 9.773721270985618 ], [ 8.043462183355928, 9.776140922629679 ], [ 8.04317140315834, 9.776354162774567 ], [ 8.02692248511795, 9.780092200314357 ], [ 8.023370843704754, 9.783570934678039 ], [ 8.021843716667149, 9.799636328593692 ], [ 8.022831065338039, 9.801624343944468 ], [ 8.0422833125549, 9.816393520979432 ], [ 8.042441383662322, 9.817679257853001 ], [ 8.050424529086513, 9.827458405497509 ], [ 8.055551306569896, 9.830710869707389 ], [ 8.055573117584686, 9.830895621832894 ], [ 8.05723665671502, 9.842183000502189 ], [ 8.06855926340819, 9.848577925847223 ], [ 8.07107622611835, 9.848559439834673 ], [ 8.086996875935654, 9.861099813355224 ], [ 8.089907540913316, 9.886449845579421 ], [ 8.087202296075247, 9.887642506389739 ], [ 8.080766987702759, 9.904121175586226 ], [ 8.080993465856636, 9.905026336201274 ], [ 8.07765429458783, 9.920330811599911 ], [ 8.07386756601494, 9.921501966395681 ], [ 8.072349802983695, 9.921671558510923 ], [ 8.068561097409429, 9.910849752158015 ], [ 8.059806245460948, 9.915847174553505 ], [ 8.061069127319001, 9.924276276280693 ], [ 8.060292060791028, 9.933579551601838 ], [ 8.054836534084245, 9.939023494300727 ], [ 8.042265947543115, 9.949183013203651 ], [ 8.010843351192932, 9.949403815353662 ], [ 8.017048644409158, 9.973856059967829 ], [ 8.021022365109104, 9.979957228113278 ], [ 8.02762745259696, 10.013131758653799 ], [ 8.029032504551594, 10.036706896672001 ], [ 8.028020251863836, 10.040008880915536 ], [ 8.014517925689631, 10.052169268177977 ], [ 8.009239011102864, 10.057353415700334 ], [ 8.000530164185591, 10.062247869025896 ], [ 7.994306209956733, 10.069677058073694 ], [ 7.984291214151995, 10.07690661598582 ], [ 7.982611385010671, 10.079614737825864 ], [ 7.979736675057438, 10.089018983215624 ], [ 7.980315970451045, 10.097204200777071 ], [ 7.98794371463373, 10.095420134564904 ], [ 7.997115094865251, 10.093508055265715 ], [ 7.997476563110808, 10.099871542589426 ], [ 7.99851095381365, 10.118081542962273 ], [ 7.973763460998896, 10.117874211821402 ], [ 7.951874840126607, 10.131236840900669 ], [ 7.966923195351228, 10.147004560614107 ], [ 7.970398077712275, 10.149662855420274 ], [ 7.976009158524732, 10.152498928347256 ], [ 7.995613450844928, 10.149652627413332 ], [ 8.005409459500868, 10.170766864759457 ], [ 8.003996393540774, 10.171159920026525 ], [ 7.990305462238382, 10.178534297037061 ], [ 7.992271549574298, 10.194997623223117 ], [ 7.999371561398391, 10.200726538115646 ], [ 8.023113787530121, 10.231906716301125 ], [ 8.023059943493536, 10.233352870283682 ], [ 8.017288177571913, 10.244024738534733 ], [ 8.027535119534207, 10.265637657219713 ], [ 8.03903279934633, 10.282870932928915 ], [ 8.070962899041319, 10.286053730091453 ], [ 8.071265019246596, 10.285681872838779 ], [ 8.081868086450925, 10.268059619865312 ], [ 8.082888890144488, 10.261061638110505 ], [ 8.064820164867626, 10.238867680030751 ], [ 8.077786852677889, 10.231037080710223 ], [ 8.088364854865176, 10.228011090654206 ], [ 8.092518070687049, 10.222398365840661 ], [ 8.109472318206713, 10.235776374930367 ], [ 8.109948553530273, 10.236674120540329 ], [ 8.118817745556441, 10.238368747691766 ], [ 8.122179581840669, 10.243265294018727 ], [ 8.127609995530406, 10.249041302943283 ], [ 8.114145921382203, 10.267109460219729 ], [ 8.112267312105757, 10.277474493262275 ], [ 8.113921135229475, 10.282794757877127 ], [ 8.117092978384562, 10.288477517738329 ], [ 8.130425722443533, 10.282278057526071 ], [ 8.141225730781628, 10.282094114401104 ], [ 8.144460784979685, 10.282039015363637 ], [ 8.146968930683897, 10.27641588054297 ], [ 8.150413943024603, 10.268692342295196 ], [ 8.14455874004625, 10.250270814778673 ], [ 8.1456078687591, 10.249425520204341 ], [ 8.161457118527892, 10.2439035384524 ], [ 8.164278532444939, 10.230530179365815 ], [ 8.175706381209636, 10.225892396214647 ] ] ] ] } },
{ "type": "Feature", "properties": { "fid": 463.0, "OBJECTID": 463.0, "lganame": "Sanga", "statecode": "KD", "LGA_UID": "18_20" }, "geometry": { "type": "MultiPolygon", "coordinates": [ [ [ [ 8.584310899837192, 9.493239646411553 ], [ 8.588208848485635, 9.4893012877356 ], [ 8.59552938445961, 9.485925517441956 ], [ 8.601423841464623, 9.483393666721668 ], [ 8.602659776304392, 9.482549712148227 ], [ 8.602242470020826, 9.476547241069852 ], [ 8.602418900140719, 9.472694397452017 ], [ 8.605117797974515, 9.466742516407976 ], [ 8.607570647641069, 9.464001655545701 ], [ 8.60811615001171, 9.461351394745009 ], [ 8.608900070544394, 9.4575376511537 ], [ 8.609591078013864, 9.4560142111186 ], [ 8.613191605460258, 9.448076247725169 ], [ 8.617661476497346, 9.434761046678091 ], [ 8.619672774863943, 9.432920456427496 ], [ 8.623696327597713, 9.429237365925019 ], [ 8.626934967798263, 9.423431033979909 ], [ 8.627899170453361, 9.421702384805371 ], [ 8.63183307612627, 9.419945716611778 ], [ 8.636124612042181, 9.410484314183179 ], [ 8.63668241242118, 9.409483917503451 ], [ 8.638225556469649, 9.406716346623057 ], [ 8.642338753264369, 9.401107787812293 ], [ 8.648111928187006, 9.395824452222485 ], [ 8.648374558365447, 9.395584106059175 ], [ 8.654666743640689, 9.39430222218823 ], [ 8.656154632651635, 9.393999099982238 ], [ 8.662516374974132, 9.39340042857549 ], [ 8.662518668975679, 9.39340021257533 ], [ 8.664890288587117, 9.393177032423694 ], [ 8.669525146736248, 9.39652347569745 ], [ 8.679407121450595, 9.391171455060999 ], [ 8.683341980124169, 9.389414786867462 ], [ 8.687276839797676, 9.387659072674523 ], [ 8.691300392531502, 9.383975983172036 ], [ 8.695412637325603, 9.378367424361272 ], [ 8.695610047459752, 9.374082565449896 ], [ 8.69585800162821, 9.368734359816074 ], [ 8.69245815431816, 9.358931541155528 ], [ 8.690724752140397, 9.355017410496032 ], [ 8.690713883133014, 9.354992867479382 ], [ 8.689414978250454, 9.341422081258656 ], [ 8.69142627761704, 9.339580536007418 ], [ 8.69397258934714, 9.326180457902694 ], [ 8.694150925468307, 9.322327614284859 ], [ 8.69808578514187, 9.320570946091266 ], [ 8.69267368446458, 9.312608718681304 ], [ 8.689273835154552, 9.302804947020149 ], [ 8.687528610968798, 9.298867226344612 ], [ 8.687486220939945, 9.29865636220137 ], [ 8.687485811939666, 9.298654329199962 ], [ 8.684828498134152, 9.28543570621855 ], [ 8.684828052133867, 9.285433493217056 ], [ 8.684395789840153, 9.283283233756038 ], [ 8.678983689162919, 9.27532196034673 ], [ 8.657807349774544, 9.207689285393485 ], [ 8.656348228783145, 9.197079659184737 ], [ 8.654774665714001, 9.187271117520311 ], [ 8.653388022771821, 9.183591843020395 ], [ 8.649804975337304, 9.173118754904465 ], [ 8.647151623534512, 9.167614502164554 ], [ 8.64715132553431, 9.167613960164203 ], [ 8.645145416171374, 9.163964271684392 ], [ 8.641136169447293, 9.157826423514052 ], [ 8.635703086755768, 9.146783829011099 ], [ 8.630307198089497, 9.136966705340853 ], [ 8.628921510148018, 9.133287429840948 ], [ 8.62618541728898, 9.127152442672525 ], [ 8.624419848089303, 9.123192840982142 ], [ 8.624419310088967, 9.123191633981321 ], [ 8.623955617773902, 9.122151723274726 ], [ 8.623954654773229, 9.122149563273297 ], [ 8.623450279430529, 9.1210184095047 ], [ 8.620715141572134, 9.114884377336921 ], [ 8.616780280898581, 9.11119842483248 ], [ 8.610223771443771, 9.105054854658249 ], [ 8.604977608879267, 9.100140572319219 ], [ 8.594523429776132, 9.091536522473177 ], [ 8.593631555170134, 9.090566538814073 ], [ 8.593629503168756, 9.090564308812588 ], [ 8.586617470404406, 9.08293819363098 ], [ 8.579985619898366, 9.074343680791458 ], [ 8.579070887276828, 9.073486605209098 ], [ 8.573298588354817, 9.066846774697638 ], [ 8.570730208609746, 9.063291550282031 ], [ 8.56683349696209, 9.060831069610231 ], [ 8.564023018052524, 9.052246093777171 ], [ 8.566467991713751, 9.05072497974362 ], [ 8.567724346567388, 9.049468624889982 ], [ 8.569608880847852, 9.04398634716506 ], [ 8.57583355107721, 9.041987598806998 ], [ 8.576347514426459, 9.034392359646404 ], [ 8.571559452173176, 9.034215540526247 ], [ 8.568181203877828, 9.034106825452398 ], [ 8.564012388045285, 9.032679148482316 ], [ 8.562242068842465, 9.030166436775062 ], [ 8.562070747726068, 9.026682906408155 ], [ 8.557604106691201, 9.02592669089438 ], [ 8.554131509331683, 9.020359039111383 ], [ 8.547574042876192, 9.014216422937807 ], [ 8.54109191947191, 9.010523796428799 ], [ 8.537016400702782, 9.007324830255243 ], [ 8.533261299151377, 9.004377365252594 ], [ 8.521719933309555, 9.001897811567858 ], [ 8.517500190442433, 9.001214082103331 ], [ 8.514039040090779, 9.000653266722281 ], [ 8.508942603627986, 9.000640868713845 ], [ 8.504345893504706, 9.001431465251017 ], [ 8.498586654591577, 9.011305808960174 ], [ 8.494181632598611, 9.02363967934042 ], [ 8.493748929304559, 9.025370492516458 ], [ 8.493748873304526, 9.025370715516601 ], [ 8.490657806204297, 9.037734984917563 ], [ 8.486616135458178, 9.042786598349892 ], [ 8.481604971053343, 9.049050076605624 ], [ 8.479083061339793, 9.052202224747361 ], [ 8.476561545626566, 9.055354117888896 ], [ 8.47436904913684, 9.069972991821771 ], [ 8.473918914831017, 9.072973250860286 ], [ 8.47141933413269, 9.076597214322589 ], [ 8.469361666734585, 9.079581185350094 ], [ 8.466701507927155, 9.083438872971158 ], [ 8.465571185159149, 9.085077841084797 ], [ 8.462759176248483, 9.089155252855221 ], [ 8.462333678959396, 9.089772224274384 ], [ 8.456299781859627, 9.098521233218946 ], [ 8.454324721517708, 9.101393700170661 ], [ 8.452239550100899, 9.104426748231447 ], [ 8.44660854327492, 9.112617492796687 ], [ 8.441974640126375, 9.11647892042032 ], [ 8.43696784972451, 9.12065124525526 ], [ 8.430751800501014, 9.125831603775055 ], [ 8.429317815526645, 9.12747044288858 ], [ 8.42418289203772, 9.133338927875911 ], [ 8.41943552181209, 9.138764044562038 ], [ 8.4184179311207, 9.139926910352131 ], [ 8.412955284409122, 9.145178794920582 ], [ 8.401764869805731, 9.155939102231685 ], [ 8.395512580557579, 9.161951065316543 ], [ 8.39178180702271, 9.16816902154136 ], [ 8.389691684602553, 9.171698638939574 ], [ 8.389398590403459, 9.172193593275836 ], [ 8.387311934985632, 9.175717353670052 ], [ 8.381496429034257, 9.177421569828027 ], [ 8.357630729818652, 9.177808762091104 ], [ 8.352755939506494, 9.177808762091104 ], [ 8.346986770586568, 9.177808762091104 ], [ 8.336584090518443, 9.177808762091104 ], [ 8.332963943058758, 9.177808762091104 ], [ 8.331637031157186, 9.178693289692092 ], [ 8.258445749427153, 9.1829109355578 ], [ 8.255973879747614, 9.160197676125165 ], [ 8.253502011068065, 9.147244836324319 ], [ 8.232776338985957, 9.104816294496118 ], [ 8.191895425209339, 9.052430752902637 ], [ 8.174012301058553, 9.047072487261914 ], [ 8.137571263298582, 9.036153770843157 ], [ 8.09906714713685, 9.039674704235495 ], [ 8.061646934711575, 9.052055201647477 ], [ 8.067351247587396, 9.118146158553145 ], [ 8.070079073440809, 9.147037881183735 ], [ 8.070797603929009, 9.154648192354557 ], [ 8.087242994102894, 9.230739066054753 ], [ 8.107688656994753, 9.2289687768519 ], [ 8.130422622441415, 9.215403136634677 ], [ 8.143681346450137, 9.217110418794732 ], [ 8.149837758633112, 9.228673030650953 ], [ 8.172606449103341, 9.222618516537239 ], [ 8.172675440150215, 9.222939581755384 ], [ 8.177473416410237, 9.234417602554117 ], [ 8.186477291527922, 9.238552840363809 ], [ 8.19844601166011, 9.237891687914612 ], [ 8.206885046394063, 9.233176361710775 ], [ 8.207700449948106, 9.2338668051799 ], [ 8.210687569977665, 9.236160235738168 ], [ 8.229458033731362, 9.237810583859527 ], [ 8.232822183017106, 9.241019987040147 ], [ 8.247042971679491, 9.239350156905573 ], [ 8.250483680017282, 9.250744388647433 ], [ 8.252361287293013, 9.252036664525463 ], [ 8.263215473667913, 9.259507126601306 ], [ 8.268127919005735, 9.264755747167499 ], [ 8.270530849638362, 9.267323118911861 ], [ 8.266924923188355, 9.280289569721958 ], [ 8.296559892323899, 9.285705284401729 ], [ 8.309722962267585, 9.294640695472879 ], [ 8.310809576005909, 9.298107912828698 ], [ 8.347211039738966, 9.326471860100696 ], [ 8.347562875978042, 9.327156504565835 ], [ 8.347150828698091, 9.329694917290567 ], [ 8.349704546433202, 9.333384062797222 ], [ 8.367309682395046, 9.352162844556517 ], [ 8.374264780120711, 9.355890339089171 ], [ 8.379198030472651, 9.357098474910003 ], [ 8.397401596841121, 9.361095440625775 ], [ 8.405560907384938, 9.36600309496032 ], [ 8.412779851289883, 9.369376997252687 ], [ 8.431035136693481, 9.397202320158726 ], [ 8.431399188940873, 9.397275405208347 ], [ 8.434607547120777, 9.403106443170259 ], [ 8.441210209606993, 9.415947337895034 ], [ 8.447689718009485, 9.434247486329127 ], [ 8.457961878988954, 9.440989474909998 ], [ 8.465256956945609, 9.444364417203133 ], [ 8.465748247279407, 9.444516822306696 ], [ 8.471857868430618, 9.444682603419324 ], [ 8.472953262174883, 9.444648196395974 ], [ 8.480992831637423, 9.459229953303577 ], [ 8.485784889893409, 9.460909268444595 ], [ 8.487824177278981, 9.462213542330801 ], [ 8.495539720521322, 9.464771681068896 ], [ 8.495635007586088, 9.465059863264742 ], [ 8.505014853959267, 9.473957040309926 ], [ 8.504649466710987, 9.477871194969396 ], [ 8.504666111722315, 9.479080499791053 ], [ 8.50915740477393, 9.481626573520998 ], [ 8.510218239494691, 9.483246739621848 ], [ 8.511126511111854, 9.485187939940772 ], [ 8.511535092389465, 9.489041209558934 ], [ 8.511949812671219, 9.489868560121067 ], [ 8.515908887361206, 9.493371578501183 ], [ 8.515946999387154, 9.493405300524103 ], [ 8.543400028040196, 9.49227767375794 ], [ 8.555030842942756, 9.492707435049965 ], [ 8.577750940379985, 9.499240867489107 ], [ 8.580127736994939, 9.495583885004351 ], [ 8.584310899837192, 9.493239646411553 ] ] ] ] } },
{ "type": "Feature", "properties": { "fid": 468.0, "OBJECTID": 468.0, "lganame": "Kubau", "statecode": "KD", "LGA_UID": "18_15" }, "geometry": { "type": "MultiPolygon", "coordinates": [ [ [ [ 8.320448531555087, 11.181575667556558 ], [ 8.321375483184909, 11.180526409843594 ], [ 8.322872867202307, 11.181016064176333 ], [ 8.32479807051044, 11.178707686607879 ], [ 8.328434570981244, 11.175419967374012 ], [ 8.332071071452049, 11.173811070280863 ], [ 8.3344954040993, 11.172132210140148 ], [ 8.335707570922921, 11.169753809524138 ], [ 8.337662220250991, 11.169322654231166 ], [ 8.340308338048885, 11.169946615655135 ], [ 8.346973590577647, 11.166605897385296 ], [ 8.356863170297117, 11.171857249953348 ], [ 8.36036045867337, 11.171711750854456 ], [ 8.363823328026228, 11.168872785925544 ], [ 8.376331656525053, 11.166953938621759 ], [ 8.385884918016075, 11.162047627288132 ], [ 8.392037666196586, 11.158980810204412 ], [ 8.40166369473701, 11.153873987734528 ], [ 8.406441057982988, 11.145898772315775 ], [ 8.407909513980712, 11.138828056511556 ], [ 8.404683416788771, 11.129426850123878 ], [ 8.404444548626429, 11.120782410250399 ], [ 8.406298450886084, 11.115884816922687 ], [ 8.408511057389433, 11.11024234608891 ], [ 8.411574940471212, 11.108468304883502 ], [ 8.415842978371131, 11.107271232070161 ], [ 8.42266817400855, 11.105734383025947 ], [ 8.424936752549968, 11.106509238552405 ], [ 8.431694231141307, 11.109513003593349 ], [ 8.4454155454643, 11.115371289573773 ], [ 8.453572948006865, 11.115954782970221 ], [ 8.460703340851637, 11.115674918780087 ], [ 8.467905034744888, 11.113715857448994 ], [ 8.472753702039313, 11.113296056163733 ], [ 8.478885839205816, 11.113366023211313 ], [ 8.482165819434385, 11.116164682112867 ], [ 8.485160584469213, 11.119872863632395 ], [ 8.490750524267298, 11.124894479044315 ], [ 8.496811358385344, 11.129721958324353 ], [ 8.501873934825142, 11.131331099417707 ], [ 8.506047334660764, 11.13223561603229 ], [ 8.513274619571348, 11.122156903184248 ], [ 8.519632076890957, 11.114907427258572 ], [ 8.533952279620848, 11.10732763110849 ], [ 8.541662543859616, 11.104601462256198 ], [ 8.54648112913361, 11.102494883824875 ], [ 8.555417887205749, 11.101072168858195 ], [ 8.559244529805767, 11.099766063970776 ], [ 8.570588551513481, 11.094416354335863 ], [ 8.574082443887448, 11.092830332258245 ], [ 8.583729995442468, 11.08715333940097 ], [ 8.589245749190184, 11.085059969978659 ], [ 8.58962562644831, 11.084880767856873 ], [ 8.589947695667149, 11.082133892990498 ], [ 8.590612830119028, 11.082128373986791 ], [ 8.591582932778181, 11.081723376711579 ], [ 8.592419565346631, 11.081555437597501 ], [ 8.593282251932806, 11.081702187697203 ], [ 8.594639290854843, 11.082515630249873 ], [ 8.595471537420337, 11.081871710812379 ], [ 8.60154839554923, 11.076897629432722 ], [ 8.607312128465423, 11.071241217589431 ], [ 8.60790632686917, 11.067567408093282 ], [ 8.608678787394012, 11.054213012019602 ], [ 8.609391825878504, 11.045465262075936 ], [ 8.609867185201495, 11.040333126588848 ], [ 8.611051623006233, 11.031877544843667 ], [ 8.614759425525506, 11.017739975237873 ], [ 8.60991076023106, 11.013960509669914 ], [ 8.607510194600025, 11.011417508942088 ], [ 8.598995209814461, 11.002059936584033 ], [ 8.598156929244908, 10.992710114231272 ], [ 8.59711456253666, 10.98917961083248 ], [ 8.594908714037899, 10.985610008407093 ], [ 8.593906404356858, 10.980919838220302 ], [ 8.591822623941027, 10.973859787423351 ], [ 8.588533401706172, 10.967920303387757 ], [ 8.586571693373287, 10.957369804219184 ], [ 8.583363534193495, 10.949110030607073 ], [ 8.581279754777654, 10.942049979810065 ], [ 8.57682704875225, 10.93607044174729 ], [ 8.573578834545231, 10.928970336923101 ], [ 8.571494102128781, 10.921910286126092 ], [ 8.570492744448416, 10.917220115939358 ], [ 8.568487802086111, 10.907467919313206 ], [ 8.578003111551368, 10.907411560274909 ], [ 8.580770009431319, 10.901693660389867 ], [ 8.580770009431319, 10.897901042812975 ], [ 8.583741006449998, 10.88798166207323 ], [ 8.585043323334844, 10.861487556071722 ], [ 8.58147812691243, 10.858919904327081 ], [ 8.579339011459012, 10.85425139115506 ], [ 8.57719989300557, 10.848415647189938 ], [ 8.575536134875165, 10.845381015128055 ], [ 8.573902085764871, 10.842083734887694 ], [ 8.573189047280437, 10.839632637222337 ], [ 8.573845043726124, 10.831284744550317 ], [ 8.574666371284195, 10.829160271106844 ], [ 8.575010748518196, 10.827248365807804 ], [ 8.574998073509562, 10.827132029728716 ], [ 8.572491344806338, 10.827639392073479 ], [ 8.570465125429621, 10.828094615382781 ], [ 8.570002392115214, 10.828210392461415 ], [ 8.568400083026518, 10.82791641726169 ], [ 8.567782115606633, 10.827701645115781 ], [ 8.567458872387022, 10.827486871969825 ], [ 8.56697123305571, 10.827184166764141 ], [ 8.567434709370616, 10.825491659614158 ], [ 8.567595141479615, 10.823740780424544 ], [ 8.567458872387022, 10.821342447794962 ], [ 8.567525423432244, 10.820940907522186 ], [ 8.568086345813356, 10.819979077868652 ], [ 8.568350701992983, 10.819081534258828 ], [ 8.569151853537335, 10.817373841098515 ], [ 8.563054369394365, 10.816451433471798 ], [ 8.562530026038132, 10.796453230883913 ], [ 8.558667730413845, 10.789157125926579 ], [ 8.55926192981758, 10.784633451852926 ], [ 8.562844576251848, 10.778314761559727 ], [ 8.566476308719416, 10.776153177090976 ], [ 8.572947188116075, 10.773653595392659 ], [ 8.573397543422061, 10.768673988009255 ], [ 8.572532388834247, 10.763574433544363 ], [ 8.571753749305174, 10.758984762425882 ], [ 8.57149420312885, 10.75388504396085 ], [ 8.571580719187637, 10.750485183650824 ], [ 8.571637027225904, 10.748272388147313 ], [ 8.568898741365331, 10.747850265860507 ], [ 8.558516889311363, 10.74207036593333 ], [ 8.554796726783707, 10.740115374605011 ], [ 8.550038378550596, 10.738415373449925 ], [ 8.544587906847255, 10.735865350717347 ], [ 8.539378994308095, 10.733442759071295 ], [ 8.520602249550166, 10.731401415684275 ], [ 8.501429727523316, 10.725783977867479 ], [ 8.487549232092192, 10.719618794678524 ], [ 8.481234260801443, 10.715861896125887 ], [ 8.446890827466689, 10.732125293176125 ], [ 8.433711764512168, 10.730720117221381 ], [ 8.432590146750044, 10.731157120518276 ], [ 8.419243767681849, 10.734083173506406 ], [ 8.414138883213298, 10.736580258203048 ], [ 8.399452454234563, 10.732097061156935 ], [ 8.390640704247403, 10.727631472122766 ], [ 8.38689724870386, 10.723439654274671 ], [ 8.383522197410684, 10.71974987176759 ], [ 8.379814392891433, 10.7165271145779 ], [ 8.369487423874716, 10.706945733067812 ], [ 8.372056215620091, 10.695676221410679 ], [ 8.372106897654533, 10.692557489291687 ], [ 8.370934770858128, 10.685995836833342 ], [ 8.371801615447112, 10.679862914666273 ], [ 8.370898431833439, 10.673696799476716 ], [ 8.365802579371064, 10.669828897848674 ], [ 8.362779293316862, 10.667698729401309 ], [ 8.354590609753018, 10.664407633165183 ], [ 8.341004824522145, 10.66107661790187 ], [ 8.336876108716865, 10.65739729440196 ], [ 8.334837147331484, 10.651658378502646 ], [ 8.334457021073206, 10.651213306200248 ], [ 8.334372305015677, 10.626357950312183 ], [ 8.345861317821914, 10.624573037099424 ], [ 8.356555259087941, 10.613005991240186 ], [ 8.352920057618007, 10.604011253128647 ], [ 8.346043438945628, 10.599669861178882 ], [ 8.357276733578146, 10.591289608484885 ], [ 8.363784871000121, 10.587980796236707 ], [ 8.352676945452799, 10.582375706428309 ], [ 8.346379144173738, 10.578036521480044 ], [ 8.345094885301137, 10.57715166587883 ], [ 8.345084977294391, 10.577090769837469 ], [ 8.348402579548576, 10.57738626303825 ], [ 8.354366789600988, 10.577917484399165 ], [ 8.366633585935688, 10.573375709313268 ], [ 8.364606478558358, 10.572009242384809 ], [ 8.358846197644539, 10.568126282746505 ], [ 8.361455565417486, 10.558165629978703 ], [ 8.363851377045307, 10.552894313397076 ], [ 8.368635869296156, 10.545170011148798 ], [ 8.370026296240894, 10.542926813624661 ], [ 8.373021060275676, 10.540823801195756 ], [ 8.378474041980724, 10.537573359987221 ], [ 8.383365573304275, 10.527918220427011 ], [ 8.384293233934557, 10.519797007909062 ], [ 8.395733058707378, 10.511692173402196 ], [ 8.392058489210683, 10.494104356452112 ], [ 8.408549673415678, 10.487030019645431 ], [ 8.412166783873374, 10.485478362591152 ], [ 8.421797666417092, 10.468229196871107 ], [ 8.416218360626203, 10.444203809546991 ], [ 8.402559715345774, 10.45542849817366 ], [ 8.381025437714243, 10.473125387197854 ], [ 8.375654431064902, 10.471601199162251 ], [ 8.349323540174339, 10.492822039580801 ], [ 8.338732163977966, 10.490317448879068 ], [ 8.320273238436016, 10.493764353221081 ], [ 8.321180116052176, 10.503500077836009 ], [ 8.322356511851467, 10.508950116539097 ], [ 8.322420429894919, 10.509113729650267 ], [ 8.319117067650438, 10.52702544082041 ], [ 8.32294530725153, 10.542959592646923 ], [ 8.31683837410219, 10.547089289452856 ], [ 8.314519162526381, 10.551177734230748 ], [ 8.313711129977378, 10.564832512508531 ], [ 8.313378940751647, 10.565180192744776 ], [ 8.312119855896185, 10.567293522180705 ], [ 8.30666393918915, 10.577117544855639 ], [ 8.30518454518392, 10.577255441949319 ], [ 8.297012424631362, 10.57887020804651 ], [ 8.285580187863729, 10.582038422199162 ], [ 8.285025422486797, 10.584514770881697 ], [ 8.259157810910949, 10.589100152997275 ], [ 8.253761479244417, 10.595970150665096 ], [ 8.250447908992953, 10.596574635075797 ], [ 8.244271781796613, 10.60659090988139 ], [ 8.254354170647105, 10.630147329886881 ], [ 8.25435989065096, 10.630159608895212 ], [ 8.25215029114969, 10.633420474110835 ], [ 8.251996015044824, 10.635850208761724 ], [ 8.241867525163002, 10.641268453443161 ], [ 8.239939503853009, 10.648071100065238 ], [ 8.238476455858915, 10.653233175572666 ], [ 8.239071123262988, 10.654495736430476 ], [ 8.240458354205543, 10.662914230150477 ], [ 8.235047809529306, 10.66615895235509 ], [ 8.234868807407679, 10.666158606354884 ], [ 8.218058237985701, 10.654904337708103 ], [ 8.212389524134096, 10.651109271129542 ], [ 8.20921700697852, 10.657586276530367 ], [ 8.209079830885287, 10.658050602845833 ], [ 8.205852843692696, 10.668973678267548 ], [ 8.204770329957228, 10.669461023598672 ], [ 8.2022065322152, 10.670099025032187 ], [ 8.196301657203151, 10.672101677392902 ], [ 8.192951284926721, 10.672268113505993 ], [ 8.184923938472537, 10.675994294037764 ], [ 8.182203797624311, 10.679694956552169 ], [ 8.177300168292504, 10.680444012061116 ], [ 8.17321905551961, 10.674167458796489 ], [ 8.16617303473214, 10.670387769228398 ], [ 8.152059135142451, 10.678446099703649 ], [ 8.151751477933374, 10.678221017550698 ], [ 8.150902368356469, 10.677352104960335 ], [ 8.150762332261309, 10.677194550853244 ], [ 8.149461129377187, 10.675804356908714 ], [ 8.142322879527114, 10.677370592972864 ], [ 8.129901012087032, 10.684885609079004 ], [ 8.122167692832591, 10.678050065434547 ], [ 8.11666986109708, 10.673190486132683 ], [ 8.114279949473257, 10.671479281969994 ], [ 8.108810059756706, 10.67501607037309 ], [ 8.091268314837919, 10.67439636595202 ], [ 8.088922010243721, 10.680071532808029 ], [ 8.088758894132866, 10.681343493672273 ], [ 8.087673377395333, 10.689808105423594 ], [ 8.086752563769664, 10.696988416302247 ], [ 8.080675320640466, 10.701027736046797 ], [ 8.075168716898986, 10.706399386696603 ], [ 8.074437923402456, 10.718862643164755 ], [ 8.074622019527567, 10.724535209018995 ], [ 8.086666676711332, 10.73393349340472 ], [ 8.086877156854314, 10.740333474753186 ], [ 8.080092573244542, 10.7476674817363 ], [ 8.078873931416524, 10.749125907727262 ], [ 8.063645513069503, 10.763044615184356 ], [ 8.06268333041578, 10.765094638577239 ], [ 8.060677802053078, 10.767161202981356 ], [ 8.060839851163223, 10.767700271347678 ], [ 8.062732143448955, 10.774505704971602 ], [ 8.062820556508996, 10.775524432663815 ], [ 8.063294508831007, 10.780985416374278 ], [ 8.066009387675649, 10.781951904030961 ], [ 8.070786391921445, 10.783521247097269 ], [ 8.077872076735787, 10.788021863155222 ], [ 8.083600880628239, 10.797750124765116 ], [ 8.087159547046213, 10.79983945118471 ], [ 8.0907365134766, 10.796828136138686 ], [ 8.091978204320242, 10.795782803428438 ], [ 8.104208286630012, 10.79966714106763 ], [ 8.109521893240355, 10.801675340432098 ], [ 8.120060145400601, 10.799869207204949 ], [ 8.121467265356671, 10.800662141743715 ], [ 8.126603987846863, 10.808958812380865 ], [ 8.144945764309227, 10.796618613996316 ], [ 8.148017132396092, 10.801018304985689 ], [ 8.149099360131402, 10.804233523170296 ], [ 8.153484927111208, 10.805837708260242 ], [ 8.15661996224128, 10.808455521038923 ], [ 8.160854944118739, 10.815307495694526 ], [ 8.163280629766916, 10.821490470895583 ], [ 8.159720929348282, 10.824327951823477 ], [ 8.158643514616188, 10.836024036770425 ], [ 8.158131992268636, 10.841576985543384 ], [ 8.159580432252767, 10.84895266755484 ], [ 8.164719829744797, 10.852919908250385 ], [ 8.164681401718667, 10.853353366544923 ], [ 8.169152383756511, 10.865769232980881 ], [ 8.174004887053513, 10.875917328876085 ], [ 8.180540310494052, 10.884761136885004 ], [ 8.181443823107941, 10.887476632730056 ], [ 8.182085557543985, 10.891957907774895 ], [ 8.183170719281293, 10.896002994523315 ], [ 8.207194425604257, 10.901773817444337 ], [ 8.223470768663276, 10.908178913796291 ], [ 8.231926997408891, 10.913593114474963 ], [ 8.242109968327725, 10.930474475945061 ], [ 8.245576826683305, 10.933511026008262 ], [ 8.250274853875396, 10.93663395813013 ], [ 8.250381930948151, 10.943215834602256 ], [ 8.249827068571165, 10.945249666984125 ], [ 8.249344009242918, 10.952040617598243 ], [ 8.245278668480694, 10.956463950603677 ], [ 8.234206192957515, 10.972785321693323 ], [ 8.227958346712398, 10.996515066816528 ], [ 8.225036908727418, 10.999677429965232 ], [ 8.223291111541187, 11.002561602924914 ], [ 8.222330838888752, 11.005860994166653 ], [ 8.217415794549197, 11.022748532640946 ], [ 8.215401192180366, 11.025437763468176 ], [ 8.214284508421656, 11.026628850277461 ], [ 8.197415288959803, 11.032260664104001 ], [ 8.196336272226688, 11.034319465502847 ], [ 8.196240806161768, 11.034431457578933 ], [ 8.195653399762705, 11.035382540225157 ], [ 8.177076169140321, 11.071741024929054 ], [ 8.173206681511203, 11.072654754549887 ], [ 8.171446339315139, 11.074269683647174 ], [ 8.166059503654992, 11.080242092705134 ], [ 8.163508407921654, 11.098566807155919 ], [ 8.158578938572305, 11.105085667585172 ], [ 8.157402651773111, 11.109395329513404 ], [ 8.157146213598878, 11.112120076364704 ], [ 8.157915694121698, 11.115502652662997 ], [ 8.161210802360529, 11.117709099162198 ], [ 8.16707577834552, 11.124731590933663 ], [ 8.180822465685765, 11.128932207787784 ], [ 8.182207862627081, 11.128093072217609 ], [ 8.192197520414595, 11.132084416929558 ], [ 8.205307667322302, 11.137322545488644 ], [ 8.205540643480617, 11.137978060934017 ], [ 8.21316732366256, 11.140346232543095 ], [ 8.215837585476891, 11.138562545331126 ], [ 8.225035123726173, 11.136000992590709 ], [ 8.227520637414955, 11.132826724433926 ], [ 8.226356738624133, 11.13082312307256 ], [ 8.225915999324684, 11.130337671742723 ], [ 8.218943684587316, 11.122658035524751 ], [ 8.219206165765684, 11.117700106156065 ], [ 8.222505296007284, 11.104222582998773 ], [ 8.225311394913888, 11.10527898871652 ], [ 8.238911718154668, 11.102337762718093 ], [ 8.239664606666224, 11.101759155324942 ], [ 8.245399167562596, 11.100913489750383 ], [ 8.253908149344056, 11.100743186634645 ], [ 8.256456178075325, 11.099807562998933 ], [ 8.263612765937864, 11.104836786416058 ], [ 8.266906057175504, 11.105631288955919 ], [ 8.267995834915951, 11.105496118864039 ], [ 8.271725369449996, 11.103414932449994 ], [ 8.272706755116815, 11.103563316550833 ], [ 8.280649665513636, 11.106656032652154 ], [ 8.288719396996669, 11.105376934783067 ], [ 8.288835775075711, 11.105405569802542 ], [ 8.289372540440411, 11.10631918742331 ], [ 8.291740806049575, 11.114526526999782 ], [ 8.296462287257555, 11.116251532171873 ], [ 8.299644383419661, 11.121067140443813 ], [ 8.300961612314666, 11.123060563798276 ], [ 8.301750121850432, 11.123753837269305 ], [ 8.302107617093327, 11.123994952433122 ], [ 8.303114345777317, 11.123714494242563 ], [ 8.31073275995368, 11.127387127737961 ], [ 8.31030735066463, 11.139008992634501 ], [ 8.310163428566852, 11.139361233873785 ], [ 8.310276573643762, 11.139592051030661 ], [ 8.309875773371402, 11.141738732489216 ], [ 8.307899043028328, 11.14883703531217 ], [ 8.307043396446943, 11.15156539616595 ], [ 8.305617317477981, 11.153314331354295 ], [ 8.304761670896596, 11.156462388493253 ], [ 8.302194730152507, 11.161709075058127 ], [ 8.303763415218327, 11.164367359864286 ], [ 8.306330356962462, 11.168214834478476 ], [ 8.307542522786093, 11.169543950381524 ], [ 8.308789401633248, 11.171268623553374 ], [ 8.315345208087649, 11.178596017532016 ], [ 8.319467514888572, 11.184736317704051 ], [ 8.320591139651981, 11.183114571602118 ], [ 8.320448531555087, 11.181575667556558 ] ] ] ] } },
{ "type": "Feature", "properties": { "fid": 496.0, "OBJECTID": 496.0, "lganame": "Kaura", "statecode": "KD", "LGA_UID": "18_13" }, "geometry": { "type": "MultiPolygon", "coordinates": [ [ [ [ 8.542444752391134, 9.742547284804402 ], [ 8.545242406292004, 9.738463581029691 ], [ 8.548993828840878, 9.742341289664409 ], [ 8.549250156015034, 9.742606245844456 ], [ 8.552634551314611, 9.743029075131744 ], [ 8.555808347471043, 9.743306860320445 ], [ 8.556973063262433, 9.742922382059248 ], [ 8.561452467305969, 9.741347455989171 ], [ 8.56146819431666, 9.744025415808721 ], [ 8.566583889792525, 9.742821028990363 ], [ 8.566821453953935, 9.741666484205894 ], [ 8.567558174454518, 9.741313557966123 ], [ 8.570832619679322, 9.740895865682319 ], [ 8.574478668156644, 9.737412263315377 ], [ 8.574303921037938, 9.736158050463189 ], [ 8.575618507931097, 9.726223206712916 ], [ 8.575959283162661, 9.725955529531063 ], [ 8.582174934385876, 9.723939720161411 ], [ 8.593510681087992, 9.727999183919621 ], [ 8.598860069722662, 9.727923997868515 ], [ 8.601522090531375, 9.715275004274133 ], [ 8.6018786117736, 9.706138308066215 ], [ 8.6018786117736, 9.690675639560027 ], [ 8.599026454835723, 9.678726727441301 ], [ 8.587653160108118, 9.667018890486361 ], [ 8.57781353942255, 9.656409237277614 ], [ 8.570386047375905, 9.640006988133052 ], [ 8.565616375135107, 9.624314959471064 ], [ 8.566984177064512, 9.6139774324472 ], [ 8.566905273010889, 9.603410765267654 ], [ 8.565863610303097, 9.59655380160865 ], [ 8.562284470871248, 9.590602874565263 ], [ 8.560450553625174, 9.588591576198723 ], [ 8.555676342381332, 9.581567807426381 ], [ 8.55111472128192, 9.581542319409095 ], [ 8.549537925210586, 9.580914841982747 ], [ 8.54733872971633, 9.579972973342763 ], [ 8.536208414153805, 9.575364593211589 ], [ 8.533647312413677, 9.574522641639533 ], [ 8.521682201283909, 9.572286392120077 ], [ 8.519417417745103, 9.572967698583 ], [ 8.501631356660312, 9.575449093269015 ], [ 8.498695855665801, 9.575584385360912 ], [ 8.481682936106324, 9.56201437714077 ], [ 8.47391258182671, 9.555036969399907 ], [ 8.454134318388299, 9.532627761173899 ], [ 8.451954898907502, 9.532242994912508 ], [ 8.444516450853428, 9.533028568446241 ], [ 8.442879223740988, 9.534104395177224 ], [ 8.41345505574867, 9.549923053925284 ], [ 8.412327105982286, 9.55016479408954 ], [ 8.402562577347737, 9.550512534325776 ], [ 8.396357785131897, 9.546598597666446 ], [ 8.395576156600782, 9.546064941303882 ], [ 8.375295220820874, 9.547687620406407 ], [ 8.355842989603957, 9.543679129682801 ], [ 8.351265792493962, 9.542735915041931 ], [ 8.346520535269804, 9.546738489761481 ], [ 8.345994399912342, 9.547496144276295 ], [ 8.342188172326189, 9.563054276847311 ], [ 8.341527683877416, 9.565754053681701 ], [ 8.341761078035972, 9.568231957365299 ], [ 8.333796166624211, 9.578243883167943 ], [ 8.325159675756083, 9.583606335811453 ], [ 8.323714700774303, 9.584442250379425 ], [ 8.324432376261939, 9.585209372900636 ], [ 8.325611267062925, 9.586319306654786 ], [ 8.326561985708906, 9.58708800917708 ], [ 8.327693341477641, 9.588006699801326 ], [ 8.328444408987934, 9.588466044113432 ], [ 8.330060631086099, 9.589712832960572 ], [ 8.332171227520121, 9.591250221005112 ], [ 8.333135890175583, 9.59199656651225 ], [ 8.333460468396083, 9.592415699797016 ], [ 8.333654981528241, 9.592606443926627 ], [ 8.33248559873374, 9.593478247518988 ], [ 8.331278184913344, 9.594565658257807 ], [ 8.330270423228626, 9.595156231659075 ], [ 8.329034488388857, 9.595474953875623 ], [ 8.327988698678269, 9.595774927079447 ], [ 8.327465803323037, 9.595915540174985 ], [ 8.326904877941899, 9.596056152270535 ], [ 8.325507320992301, 9.596421743518931 ], [ 8.324993932643508, 9.596543607601745 ], [ 8.324566110352805, 9.59666547168456 ], [ 8.324693342439275, 9.598869009181726 ], [ 8.324618125388156, 9.599723995762645 ], [ 8.324482097295743, 9.60108675768862 ], [ 8.324298372170915, 9.602482079636673 ], [ 8.323342335521318, 9.602318345525418 ], [ 8.322838456178943, 9.602215232455364 ], [ 8.3218040064761, 9.602096632374753 ], [ 8.321803394475694, 9.602096562374697 ], [ 8.321803117475497, 9.602096530374695 ], [ 8.321802583475119, 9.602096469374658 ], [ 8.321802268474926, 9.602096433374641 ], [ 8.321802184474848, 9.602096423374633 ], [ 8.321801364474311, 9.602096330374536 ], [ 8.321612028345669, 9.602074622359794 ], [ 8.321364841177683, 9.602046500340691 ], [ 8.321404902204904, 9.603690885457979 ], [ 8.32145040623584, 9.605458616659064 ], [ 8.321431391222916, 9.606630352455227 ], [ 8.321051373964735, 9.606604059437359 ], [ 8.320423629538197, 9.606470996346957 ], [ 8.319756702085044, 9.606431542320138 ], [ 8.319472909892227, 9.606414753308741 ], [ 8.319254244743661, 9.606470996346957 ], [ 8.319178307692027, 9.606759337542826 ], [ 8.318807408440023, 9.608167663499728 ], [ 8.318712335375437, 9.609376884321364 ], [ 8.311995163811446, 9.61196120507725 ], [ 8.311799445678446, 9.612365008351617 ], [ 8.312982275482113, 9.613419430068063 ], [ 8.314848475750125, 9.616858694404868 ], [ 8.315348638089972, 9.619931368492644 ], [ 8.31561570227143, 9.620667869993042 ], [ 8.31569780732724, 9.620813411091945 ], [ 8.317541160579708, 9.628381666234191 ], [ 8.328243565851494, 9.622572973287447 ], [ 8.336415527403915, 9.62397478323993 ], [ 8.338496729818019, 9.62523609309693 ], [ 8.336274147307847, 9.639106999521573 ], [ 8.335964817097704, 9.639599145855982 ], [ 8.328165342798343, 9.644825490407015 ], [ 8.329881033964057, 9.648972836224914 ], [ 8.330962875699129, 9.650811789474403 ], [ 8.338880071078449, 9.654672451097554 ], [ 8.347969040253986, 9.648594492967845 ], [ 8.350551476008661, 9.651007343607262 ], [ 8.341859723103028, 9.65856765674414 ], [ 8.342648810639162, 9.660908900334903 ], [ 8.348998283953335, 9.660914541338741 ], [ 8.3544161566345, 9.665279415304497 ], [ 8.358413140350251, 9.665394441382659 ], [ 8.364397868416631, 9.677912407888016 ], [ 8.367456382494709, 9.67887212154011 ], [ 8.368018892876933, 9.679232516784964 ], [ 8.359843195321957, 9.69188995438509 ], [ 8.357936608026478, 9.698830954101197 ], [ 8.357747949898283, 9.699075685267474 ], [ 8.352034089016001, 9.706970564631661 ], [ 8.358859636653619, 9.70628908216861 ], [ 8.365061706867664, 9.707782562183354 ], [ 8.378685099124141, 9.726526204918798 ], [ 8.379815635892271, 9.725672397338656 ], [ 8.38016950313272, 9.724905422817585 ], [ 8.380626426443143, 9.72406123024399 ], [ 8.387054895810991, 9.714243675573414 ], [ 8.388665279905183, 9.712287000243919 ], [ 8.391589351891923, 9.709357724253607 ], [ 8.39820826638919, 9.706081027027267 ], [ 8.401199614421671, 9.704065002657501 ], [ 8.403878741242011, 9.704667671066943 ], [ 8.423106960306711, 9.70176138009225 ], [ 8.424994115588902, 9.699726848709929 ], [ 8.430265174170358, 9.69461601523733 ], [ 8.444878797099648, 9.691514037129707 ], [ 8.44492457313072, 9.691529873140439 ], [ 8.448821803778685, 9.693358613382998 ], [ 8.461450130359083, 9.693638290573006 ], [ 8.471670616303413, 9.692401717732821 ], [ 8.473485430536471, 9.691588811180509 ], [ 8.475857123147932, 9.689913907042467 ], [ 8.477083815981416, 9.689284102614522 ], [ 8.477909615542501, 9.688860122326446 ], [ 8.479145808382441, 9.689289118617978 ], [ 8.486402142312784, 9.691807289328949 ], [ 8.486986819710069, 9.693945038781408 ], [ 8.488814778952076, 9.705194471424875 ], [ 8.49029423895729, 9.710402118963259 ], [ 8.491046694468537, 9.710990639363104 ], [ 8.492128763203766, 9.714510936755005 ], [ 8.492499130455428, 9.716682701230582 ], [ 8.492424749404847, 9.716750240276497 ], [ 8.499665206324437, 9.729423669887524 ], [ 8.500739824054563, 9.730292914478127 ], [ 8.501078108284389, 9.740898151683894 ], [ 8.51548434007276, 9.733157240424305 ], [ 8.516829126986465, 9.734300194200841 ], [ 8.520111575216788, 9.73708999309639 ], [ 8.521739038322551, 9.737306925243786 ], [ 8.523064014222825, 9.735828895239536 ], [ 8.524400960131175, 9.737145232133912 ], [ 8.523934697814411, 9.739468760712668 ], [ 8.525283564730898, 9.741404786028113 ], [ 8.526872405810423, 9.736069743403164 ], [ 8.528481187903537, 9.736905729971227 ], [ 8.528965387232518, 9.73762609246063 ], [ 8.529499852595677, 9.738677441175014 ], [ 8.528894587184425, 9.744850594369382 ], [ 8.528076391628474, 9.753195465039312 ], [ 8.528316925791898, 9.755057586304531 ], [ 8.536039561039104, 9.745453647779129 ], [ 8.541069953456997, 9.743171101228256 ], [ 8.542444752391134, 9.742547284804402 ] ] ] ] } },
{ "type": "Feature", "properties": { "fid": 502.0, "OBJECTID": 502.0, "lganame": "Lere", "statecode": "KD", "LGA_UID": "18_17" }, "geometry": { "type": "MultiPolygon", "coordinates": [ [ [ [ 8.432590146750044, 10.731157120518276 ], [ 8.433711764512168, 10.730720117221381 ], [ 8.446890827466689, 10.732125293176125 ], [ 8.481234260801443, 10.715861896125887 ], [ 8.483955411650356, 10.709257455638522 ], [ 8.48966377152891, 10.702864908295055 ], [ 8.489836803646483, 10.697424196598377 ], [ 8.497382887773711, 10.679779700609743 ], [ 8.498228800348443, 10.664692858358933 ], [ 8.500997292229499, 10.660526798528338 ], [ 8.507399433579451, 10.655850541351015 ], [ 8.506919937253656, 10.653515083764205 ], [ 8.506919880253633, 10.653514781763988 ], [ 8.50633035185308, 10.650457082686387 ], [ 8.509543891036515, 10.647911312956694 ], [ 8.514212301208488, 10.643323252839309 ], [ 8.51903130548277, 10.641695214733147 ], [ 8.522645557938461, 10.637551078917397 ], [ 8.530476440259179, 10.634738955006696 ], [ 8.533056724012397, 10.633424008113252 ], [ 8.534542474021862, 10.632666846598795 ], [ 8.54372870126349, 10.631778795995388 ], [ 8.553934644197966, 10.636182302987379 ], [ 8.58273202876444, 10.641332718486865 ], [ 8.587532023025801, 10.642532716302185 ], [ 8.593646540180316, 10.64506543602306 ], [ 8.600854472077742, 10.643814354173003 ], [ 8.615607464101743, 10.639751539412487 ], [ 8.616594807772572, 10.639072245950956 ], [ 8.628080317576462, 10.634655305949877 ], [ 8.638812114868188, 10.630528219145674 ], [ 8.643929964345546, 10.63047962111267 ], [ 8.649561700172057, 10.624065508754597 ], [ 8.65637089979856, 10.610674916656308 ], [ 8.660872553857246, 10.601900186694309 ], [ 8.666434259636162, 10.593302762852716 ], [ 8.683900559503684, 10.571553251074988 ], [ 8.703522492835873, 10.549340326982303 ], [ 8.711128245003636, 10.543358511917972 ], [ 8.719494570688141, 10.548592607474291 ], [ 8.728100836535702, 10.555011092835343 ], [ 8.736037080927986, 10.560929762856802 ], [ 8.749727432229918, 10.565042037650926 ], [ 8.758464233166194, 10.573133636148782 ], [ 8.760375485464806, 10.581864408080889 ], [ 8.765129077694667, 10.584668046985882 ], [ 8.770643248441274, 10.587284753763811 ], [ 8.779194469251422, 10.598132019133971 ], [ 8.783176767957173, 10.596968705343556 ], [ 8.793080213686096, 10.565462607936638 ], [ 8.790980088259175, 10.560161621334885 ], [ 8.788272441419451, 10.553327169691215 ], [ 8.784286064710898, 10.543265045854469 ], [ 8.782862240743498, 10.533326307101561 ], [ 8.781909268096001, 10.526674242581805 ], [ 8.782135232249516, 10.525884326045059 ], [ 8.775268778584064, 10.519114706445464 ], [ 8.774613963139188, 10.517221670159188 ], [ 8.773663244493207, 10.513786455825141 ], [ 8.773012001050688, 10.510182946376744 ], [ 8.773050030076547, 10.504462111489715 ], [ 8.774162370832357, 10.501096865203181 ], [ 8.776109741155494, 10.496257448915003 ], [ 8.776749334590079, 10.479468603507769 ], [ 8.772652945806726, 10.474006763796694 ], [ 8.771644925121848, 10.472662739883503 ], [ 8.771491930017874, 10.472519053785902 ], [ 8.767081045020916, 10.468376536971221 ], [ 8.763945052890165, 10.465431346970149 ], [ 8.761754706401916, 10.462704842117603 ], [ 8.758336980079719, 10.45786260482754 ], [ 8.752846087348928, 10.454557980582194 ], [ 8.749397789005968, 10.4451975492222 ], [ 8.74921952988484, 10.440698001165003 ], [ 8.750324546635682, 10.440433662985356 ], [ 8.750324959635918, 10.440433563985323 ], [ 8.751622864517799, 10.440123083774324 ], [ 8.751623386518133, 10.440122958774282 ], [ 8.753616603872445, 10.439646149450311 ], [ 8.755220941962534, 10.439120222092924 ], [ 8.756974985154329, 10.435713483778216 ], [ 8.757559691551592, 10.435002209294964 ], [ 8.761547547261159, 10.432287846450663 ], [ 8.762534133931524, 10.432126289340886 ], [ 8.764975768590489, 10.431726463069253 ], [ 8.765025229624086, 10.43041307417684 ], [ 8.767283188158274, 10.427724912350357 ], [ 8.770194765136523, 10.428133981628321 ], [ 8.773693278513633, 10.42709761592414 ], [ 8.773695558515158, 10.427096939923672 ], [ 8.774303429928182, 10.426916869801346 ], [ 8.77512661948748, 10.426673016635675 ], [ 8.776540733448314, 10.425892350105244 ], [ 8.778038197465776, 10.424218579967999 ], [ 8.782257012332252, 10.42416013992829 ], [ 8.793086244690244, 10.410717848794889 ], [ 8.793907040247916, 10.408477989272967 ], [ 8.793372260884553, 10.407881878867954 ], [ 8.792730526448508, 10.407601355677343 ], [ 8.793015740642318, 10.406794851129405 ], [ 8.793336608860329, 10.406093539652886 ], [ 8.794120952393257, 10.405742884414622 ], [ 8.79355052100567, 10.405181834033385 ], [ 8.793087044690765, 10.404761045747478 ], [ 8.793015740642318, 10.404235060390135 ], [ 8.793764433151011, 10.403814270104192 ], [ 8.794227908465928, 10.403603874961277 ], [ 8.793621825054117, 10.403007754556199 ], [ 8.793693129102564, 10.402411634151179 ], [ 8.794498429649707, 10.402185649997648 ], [ 8.795547031362219, 10.402201238008217 ], [ 8.79636702591938, 10.402516832222659 ], [ 8.796901805282687, 10.403042820580026 ], [ 8.797686147815625, 10.402341502103525 ], [ 8.798327883251659, 10.401710313674698 ], [ 8.798113972106307, 10.401219388341133 ], [ 8.797151369452308, 10.400903793126702 ], [ 8.796652241113122, 10.40037780076932 ], [ 8.796224417822486, 10.400237535673966 ], [ 8.795939201628698, 10.399816741388065 ], [ 8.795547031362219, 10.399395945102185 ], [ 8.796438329967827, 10.398905015768605 ], [ 8.797361052594738, 10.398771545677903 ], [ 8.797864407936743, 10.398905015768605 ], [ 8.798220927178988, 10.398168622268258 ], [ 8.799076573760374, 10.39750235781554 ], [ 8.799361789954162, 10.396625694219892 ], [ 8.799898771319022, 10.396227822949584 ], [ 8.800253088559771, 10.395854226695747 ], [ 8.801073084116922, 10.395643826552771 ], [ 8.801679167528732, 10.394977558100095 ], [ 8.802213946892039, 10.394451554742716 ], [ 8.802855682328072, 10.394241153599751 ], [ 8.803354809667212, 10.393329412980222 ], [ 8.803746980933681, 10.39283847464668 ], [ 8.804353064345491, 10.393048876789635 ], [ 8.805101755854196, 10.392803407622864 ], [ 8.805386971047994, 10.393189144884957 ], [ 8.806206837605032, 10.393186446883135 ], [ 8.806599137871615, 10.393224211908773 ], [ 8.806991309138084, 10.392452737384588 ], [ 8.807597392549837, 10.392066999122505 ], [ 8.807419133428766, 10.391365654645938 ], [ 8.807347829380319, 10.390874714312417 ], [ 8.806884354065403, 10.390348703954999 ], [ 8.806884354065403, 10.389787625573774 ], [ 8.806741745968509, 10.389401885311656 ], [ 8.806100009532486, 10.389296682240172 ], [ 8.805672187241782, 10.388735602858958 ], [ 8.805315666999547, 10.38806931940627 ], [ 8.8058504473629, 10.387648508120321 ], [ 8.806972590125326, 10.387366130928456 ], [ 8.807597392549837, 10.38736796692973 ], [ 8.808274780010095, 10.386806882548512 ], [ 8.808893803430692, 10.386257321175094 ], [ 8.809094774567257, 10.385439238619256 ], [ 8.809051400537783, 10.38444861894618 ], [ 8.809486946833715, 10.383475431284921 ], [ 8.809986074172855, 10.382633795713105 ], [ 8.810235638342419, 10.382002567284189 ], [ 8.810306942390866, 10.381231064760016 ], [ 8.81073476468157, 10.380740107426391 ], [ 8.811931549494716, 10.380296642125074 ], [ 8.813119948302187, 10.379782303775642 ], [ 8.814498490238861, 10.380109609997987 ], [ 8.815544280949382, 10.38043691622039 ], [ 8.816922822886056, 10.380343400156846 ], [ 8.818318428834289, 10.380446248226747 ], [ 8.810799091725244, 10.367888513694368 ], [ 8.80509477884948, 10.355613826354272 ], [ 8.804025219122764, 10.345443006443702 ], [ 8.80109312913055, 10.338476488710285 ], [ 8.800216090534605, 10.329859289855278 ], [ 8.799274878895119, 10.322872451108026 ], [ 8.800044963418316, 10.316138001532295 ], [ 8.799274878895119, 10.308393207270115 ], [ 8.799274878895119, 10.302921225552154 ], [ 8.795766726511488, 10.299048689920937 ], [ 8.794568820697577, 10.29753333689132 ], [ 8.790718409081364, 10.293492360145649 ], [ 8.783359846081567, 10.290293215971985 ], [ 8.769241669488963, 10.285157680482655 ], [ 8.763423268535632, 10.281369116908479 ], [ 8.757262611349745, 10.280106253050405 ], [ 8.749561788117376, 10.280948162622451 ], [ 8.742437363276679, 10.278140067714503 ], [ 8.738592148664054, 10.277970313599155 ], [ 8.734277066732147, 10.275103277651169 ], [ 8.728683999931945, 10.248280401426257 ], [ 8.712531285956914, 10.230251818176669 ], [ 8.699126148848734, 10.220895635819602 ], [ 8.686072778979621, 10.211230412252519 ], [ 8.680872346446165, 10.17701147400237 ], [ 8.678200825630995, 10.168617589299117 ], [ 8.672030661438669, 10.146223459083387 ], [ 8.673171524213785, 10.137613514233294 ], [ 8.672125731503229, 10.128816157255926 ], [ 8.671650373180228, 10.124604572394333 ], [ 8.672125731503229, 10.119176223706063 ], [ 8.672410947697017, 10.107944868074867 ], [ 8.672268339600123, 10.081736846267745 ], [ 8.67947387749598, 10.014730452740025 ], [ 8.67964383061144, 10.011051521240404 ], [ 8.679643152610993, 10.011049349238931 ], [ 8.663226754456787, 10.016219870752025 ], [ 8.647116180510409, 10.014971271903676 ], [ 8.640112191751541, 10.015040199950533 ], [ 8.627486397172902, 10.004914835070792 ], [ 8.626114342240669, 10.003924367397815 ], [ 8.62405913584422, 10.002948187734546 ], [ 8.622154697550286, 10.002522480445293 ], [ 8.616330871593277, 10.005155590234381 ], [ 8.612829575214278, 10.002714049575445 ], [ 8.610724678784095, 10.001246254578177 ], [ 8.608556051310643, 10.00193580204666 ], [ 8.604904235829395, 10.003915701391918 ], [ 8.603729999031543, 10.005025875146259 ], [ 8.600355355738657, 10.004983105117162 ], [ 8.590121210785014, 10.012624958309459 ], [ 8.589347761259489, 10.01379991110781 ], [ 8.588818537899897, 10.016504474945407 ], [ 8.588830901908295, 10.017315413496419 ], [ 8.588907534960356, 10.022341317911298 ], [ 8.588975022006252, 10.022864613266847 ], [ 8.575335698738968, 10.021516755351001 ], [ 8.569139881529168, 10.024015320048704 ], [ 8.567542108443604, 10.025961057370694 ], [ 8.563137865451097, 10.025749946227279 ], [ 8.558358819203988, 10.027622110499294 ], [ 8.555304327128567, 10.03180759334316 ], [ 8.550900649136508, 10.030391962381316 ], [ 8.54223847625093, 10.031132113884212 ], [ 8.541554228786026, 10.031554822171415 ], [ 8.53845138767781, 10.032331951699462 ], [ 8.536221282162558, 10.029276478623387 ], [ 8.533903479587707, 10.025480172043956 ], [ 8.532082224350233, 10.024818320594306 ], [ 8.531287877810541, 10.023883417959041 ], [ 8.528326359798314, 10.023476401682501 ], [ 8.526884933818963, 10.023705710838328 ], [ 8.52467255531576, 10.023493436694082 ], [ 8.52413609295121, 10.022934594314393 ], [ 8.522736728000439, 10.022453922987779 ], [ 8.514645351502736, 10.018201721098592 ], [ 8.512886880307917, 10.018992438635848 ], [ 8.511938203663362, 10.019904504255578 ], [ 8.510088145406314, 10.019359939885589 ], [ 8.506881018227205, 10.018768516483703 ], [ 8.503379624848208, 10.018565398345686 ], [ 8.501216990378794, 10.018804103507875 ], [ 8.494043535504773, 10.021765939520321 ], [ 8.487828939282224, 10.018541350329372 ], [ 8.488597813804631, 10.014119583324998 ], [ 8.48273531182133, 10.004760191965715 ], [ 8.481655552087716, 10.003809590319861 ], [ 8.478489093936219, 9.99878518790598 ], [ 8.476108871319013, 9.995729206829594 ], [ 8.476344918479356, 9.992409316573912 ], [ 8.476863762831897, 9.985112008615715 ], [ 8.456299735859602, 9.983942968821395 ], [ 8.455134017067564, 9.986031440240424 ], [ 8.454277222485416, 9.987566452283374 ], [ 8.452709078419957, 9.990375900192248 ], [ 8.449645225338202, 9.990972526597659 ], [ 8.434238178869805, 9.993972758636176 ], [ 8.434284413901253, 9.998016549383749 ], [ 8.436237635228338, 10.000094121795371 ], [ 8.451652167701809, 10.016490025935582 ], [ 8.45415340040131, 10.016914582224047 ], [ 8.455274746163184, 10.017792851820786 ], [ 8.451285550452724, 10.044928575258268 ], [ 8.466340736682014, 10.05307835979562 ], [ 8.476658352692311, 10.079515053758143 ], [ 8.482178928443318, 10.082348408683288 ], [ 8.483251126171808, 10.082305792654324 ], [ 8.487252143890316, 10.083076836178179 ], [ 8.490994335432958, 10.083798000668196 ], [ 8.495727587649014, 10.087638680277735 ], [ 8.499623186295878, 10.090478220207103 ], [ 8.500901401164356, 10.092172844358515 ], [ 8.488526368756084, 10.124743397488658 ], [ 8.486242438204272, 10.130754603572996 ], [ 8.483843755574469, 10.130583116456478 ], [ 8.481926253271638, 10.130587655459578 ], [ 8.475540755932968, 10.137832642382193 ], [ 8.460017871385901, 10.142803823759891 ], [ 8.454344226530964, 10.141060788575601 ], [ 8.450046097610539, 10.14150592687804 ], [ 8.446744572367322, 10.146393824199095 ], [ 8.438878494022674, 10.152310856219458 ], [ 8.439529932465348, 10.176066506360314 ], [ 8.426798116814666, 10.175039262662324 ], [ 8.415336617027094, 10.18856109684981 ], [ 8.424289951110495, 10.209245258903707 ], [ 8.420258042370961, 10.22623792144941 ], [ 8.418354284077452, 10.230968590663679 ], [ 8.418912917457021, 10.233878789641039 ], [ 8.412078965813691, 10.242469907478323 ], [ 8.409394211989536, 10.246896565485997 ], [ 8.409127624808377, 10.24744935686158 ], [ 8.407011186370369, 10.249281711106619 ], [ 8.404237943486066, 10.254216699459676 ], [ 8.39796564622435, 10.273646286661176 ], [ 8.397820645125819, 10.276616196679129 ], [ 8.397734706067411, 10.278376421875066 ], [ 8.397648412008778, 10.28337288926997 ], [ 8.395746442716472, 10.290658813220375 ], [ 8.39588993781399, 10.294422600777693 ], [ 8.384231824892879, 10.299154416992792 ], [ 8.379436692634783, 10.295745502676539 ], [ 8.375893118227111, 10.291755059965226 ], [ 8.353054336709192, 10.266036152490472 ], [ 8.352958382644033, 10.265793369325479 ], [ 8.33720432893989, 10.25096946425333 ], [ 8.333351521322072, 10.248560025616257 ], [ 8.327987701677614, 10.246044278906936 ], [ 8.319850224148581, 10.296889680454001 ], [ 8.334204477901608, 10.339324886286704 ], [ 8.333538697449285, 10.341803441970796 ], [ 8.332795572944349, 10.343690281252805 ], [ 8.330452089352036, 10.353879671176003 ], [ 8.36302052448076, 10.39393900439444 ], [ 8.363964179121922, 10.393906979372673 ], [ 8.378735700158472, 10.39382866631945 ], [ 8.391299484695026, 10.393762058274206 ], [ 8.407109147436927, 10.403067306596711 ], [ 8.421671882331623, 10.435446546596836 ], [ 8.416218360626203, 10.444203809546991 ], [ 8.421797666417092, 10.468229196871107 ], [ 8.412166783873374, 10.485478362591152 ], [ 8.408549673415678, 10.487030019645431 ], [ 8.392058489210683, 10.494104356452112 ], [ 8.395733058707378, 10.511692173402196 ], [ 8.384293233934557, 10.519797007909062 ], [ 8.383365573304275, 10.527918220427011 ], [ 8.378474041980724, 10.537573359987221 ], [ 8.373021060275676, 10.540823801195756 ], [ 8.370026296240894, 10.542926813624661 ], [ 8.368635869296156, 10.545170011148798 ], [ 8.363851377045307, 10.552894313397076 ], [ 8.361455565417486, 10.558165629978703 ], [ 8.358846197644539, 10.568126282746505 ], [ 8.364606478558358, 10.572009242384809 ], [ 8.366633585935688, 10.573375709313268 ], [ 8.354366789600988, 10.577917484399165 ], [ 8.348402579548576, 10.57738626303825 ], [ 8.345084977294391, 10.577090769837469 ], [ 8.345094885301137, 10.57715166587883 ], [ 8.346379144173738, 10.578036521480044 ], [ 8.352676945452799, 10.582375706428309 ], [ 8.363784871000121, 10.587980796236707 ], [ 8.357276733578146, 10.591289608484885 ], [ 8.346043438945628, 10.599669861178882 ], [ 8.352920057618007, 10.604011253128647 ], [ 8.356555259087941, 10.613005991240186 ], [ 8.345861317821914, 10.624573037099424 ], [ 8.334372305015677, 10.626357950312183 ], [ 8.334457021073206, 10.651213306200248 ], [ 8.334837147331484, 10.651658378502646 ], [ 8.336876108716865, 10.65739729440196 ], [ 8.341004824522145, 10.66107661790187 ], [ 8.354590609753018, 10.664407633165183 ], [ 8.362779293316862, 10.667698729401309 ], [ 8.365802579371064, 10.669828897848674 ], [ 8.370898431833439, 10.673696799476716 ], [ 8.371801615447112, 10.679862914666273 ], [ 8.370934770858128, 10.685995836833342 ], [ 8.372106897654533, 10.692557489291687 ], [ 8.372056215620091, 10.695676221410679 ], [ 8.369487423874716, 10.706945733067812 ], [ 8.379814392891433, 10.7165271145779 ], [ 8.383522197410684, 10.71974987176759 ], [ 8.38689724870386, 10.723439654274671 ], [ 8.390640704247403, 10.727631472122766 ], [ 8.399452454234563, 10.732097061156935 ], [ 8.414138883213298, 10.736580258203048 ], [ 8.419243767681849, 10.734083173506406 ], [ 8.432590146750044, 10.731157120518276 ] ] ] ] } },
{ "type": "Feature", "properties": { "fid": 735.0, "OBJECTID": 735.0, "lganame": "Igabi", "statecode": "KD", "LGA_UID": "18_04" }, "geometry": { "type": "MultiPolygon", "coordinates": [ [ [ [ 7.430087038596298, 11.000589626584997 ], [ 7.432344995130507, 10.990207040530549 ], [ 7.439118866732997, 10.981340723506321 ], [ 7.451741143309278, 10.972026402177676 ], [ 7.462271630464215, 10.968744072947459 ], [ 7.473694042225247, 10.965399722675159 ], [ 7.479275503017561, 10.964327575946641 ], [ 7.483365326796388, 10.963541956412882 ], [ 7.49197883964888, 10.962925932994324 ], [ 7.506125537260914, 10.965278012592421 ], [ 7.507116316934116, 10.965714943889338 ], [ 7.516792602508644, 10.969982116788685 ], [ 7.52310972680084, 10.970596141205874 ], [ 7.535143104976953, 10.978843304809402 ], [ 7.544650295436668, 10.985003142994742 ], [ 7.550829966635433, 10.989202957848306 ], [ 7.568513338650462, 10.995521235141268 ], [ 7.571840855911375, 11.002707293023889 ], [ 7.57597070971741, 11.00397066088226 ], [ 7.582102846883913, 11.005930456213889 ], [ 7.589499143909336, 11.006499387600456 ], [ 7.59688807492978, 11.006667481714658 ], [ 7.602433189697422, 11.005060612622856 ], [ 7.60660309253069, 10.999691946975076 ], [ 7.612151337300475, 11.000432505478273 ], [ 7.619578829347063, 10.99839101309118 ], [ 7.625520822384374, 10.996641150902235 ], [ 7.630571515816087, 10.990954030038097 ], [ 7.630574309817973, 10.976845455451951 ], [ 7.632870808378357, 10.972777300687881 ], [ 7.634122259228661, 10.970560390181561 ], [ 7.637766251704591, 10.969404576396244 ], [ 7.642323445800969, 10.968678207902713 ], [ 7.64595994727182, 10.970708239282033 ], [ 7.652805122922814, 10.973368258089408 ], [ 7.657867700362544, 10.981068177321106 ], [ 7.660648553252031, 10.984568073699108 ], [ 7.661005074494255, 10.990097827456339 ], [ 7.66442766081974, 10.993527621786711 ], [ 7.668397073516758, 10.999864930092599 ], [ 7.67154989065898, 10.998225930979004 ], [ 7.686317964693217, 10.992547684120893 ], [ 7.691166629987606, 10.987717945839336 ], [ 7.696015297282088, 10.987787942886882 ], [ 7.700935266624981, 10.990657795836796 ], [ 7.702111528424155, 10.98917021582605 ], [ 7.704795201247578, 10.985776230520003 ], [ 7.708051413460055, 10.985822894551745 ], [ 7.710515545134285, 10.986932916305932 ], [ 7.71319954095793, 10.984918061936924 ], [ 7.717076225591995, 10.979290526113289 ], [ 7.719273447084902, 10.977411355836466 ], [ 7.719751185409507, 10.977348356793698 ], [ 7.72077857110753, 10.976348765114494 ], [ 7.722063825980797, 10.975156221304246 ], [ 7.724489640629031, 10.973977499503349 ], [ 7.72526447715552, 10.973355666080806 ], [ 7.725578214368682, 10.972914663781182 ], [ 7.725731517472866, 10.97236866241019 ], [ 7.725827777538257, 10.971339653711027 ], [ 7.725939487614141, 10.971014617490198 ], [ 7.726078344708526, 10.970423881088834 ], [ 7.725989215647928, 10.969753037632984 ], [ 7.726018924668153, 10.96908219417719 ], [ 7.726167474769056, 10.968353013681735 ], [ 7.726018924668153, 10.967565498146655 ], [ 7.72693993429391, 10.966398803353968 ], [ 7.727492060669078, 10.964758499239451 ], [ 7.730140319468433, 10.961956471335611 ], [ 7.736440701749245, 10.961926896315504 ], [ 7.739806247035972, 10.962654924810181 ], [ 7.742312266738679, 10.964483717052758 ], [ 7.747498236262288, 10.969064274165021 ], [ 7.754044996710547, 10.96844754474597 ], [ 7.759929983709071, 10.97032110101901 ], [ 7.76011864783726, 10.970182649924936 ], [ 7.767198904648012, 10.967815438316507 ], [ 7.767730723009322, 10.966942488723362 ], [ 7.77015333465539, 10.962965908021488 ], [ 7.769261880049669, 10.956965364944381 ], [ 7.764878982071707, 10.943524657812077 ], [ 7.764933091108446, 10.943421804742172 ], [ 7.765469430472876, 10.943186498582293 ], [ 7.773526792947507, 10.935662456470084 ], [ 7.775463334263293, 10.932299202184879 ], [ 7.776211067771328, 10.929595071347535 ], [ 7.776206595768315, 10.924652344989227 ], [ 7.77825962516323, 10.921061027549058 ], [ 7.78395951603602, 10.920489554160781 ], [ 7.786305089629764, 10.920118588908736 ], [ 7.789597987867126, 10.921686065973745 ], [ 7.791835599387468, 10.922590783588475 ], [ 7.791879997417652, 10.922604703597926 ], [ 7.799143356352715, 10.909566066738819 ], [ 7.799154700360475, 10.908353358914837 ], [ 7.810132573819374, 10.89898940655246 ], [ 7.810707119209781, 10.898261734058053 ], [ 7.812871431680321, 10.895520591195577 ], [ 7.818536874529741, 10.891247653292282 ], [ 7.819205782984227, 10.8891052098366 ], [ 7.823399897833895, 10.886713556211589 ], [ 7.833875808951802, 10.873107381966804 ], [ 7.820688652991748, 10.858039974729252 ], [ 7.817151550588449, 10.853984661973868 ], [ 7.814343786680695, 10.850843773839756 ], [ 7.814318009663225, 10.847491707562199 ], [ 7.814103857517694, 10.845921264495132 ], [ 7.814627339873368, 10.842566224215545 ], [ 7.814960464099727, 10.836474803076726 ], [ 7.815559266506568, 10.830700772153534 ], [ 7.820279657713854, 10.828329537542402 ], [ 7.824810564792415, 10.821728358057214 ], [ 7.829328856862389, 10.816522313519954 ], [ 7.832394924945618, 10.814701344282696 ], [ 7.837172288191596, 10.812109944521922 ], [ 7.841650174234132, 10.809028253428096 ], [ 7.846142320286333, 10.805316171905872 ], [ 7.847996221545941, 10.803425094620991 ], [ 7.852773584791976, 10.797821831813849 ], [ 7.85569704477831, 10.793759401053592 ], [ 7.858522826698277, 10.795460938209715 ], [ 7.865037859124982, 10.79382944410122 ], [ 7.869601310225619, 10.795300330100588 ], [ 7.878956383581965, 10.795230288053006 ], [ 7.879927835241972, 10.79054962487271 ], [ 7.878726387425672, 10.785326505323837 ], [ 7.876884333174075, 10.775447467611514 ], [ 7.880646858730529, 10.770820006467375 ], [ 7.886192190498321, 10.764391560099511 ], [ 7.850714386392838, 10.74772599477609 ], [ 7.854841596197105, 10.736987355479641 ], [ 7.861525724738613, 10.733296539971946 ], [ 7.863880653338697, 10.730849477309278 ], [ 7.869611685232655, 10.709255211636957 ], [ 7.873272757720201, 10.703686144853066 ], [ 7.872566436240277, 10.699574518059421 ], [ 7.881081219025646, 10.688586485593532 ], [ 7.881352204209804, 10.685628480583716 ], [ 7.883759504845443, 10.683691675267767 ], [ 7.886440720667224, 10.681534487802026 ], [ 7.889447046709847, 10.677986308391212 ], [ 7.883042069357998, 10.67380615955102 ], [ 7.878050794966612, 10.673105457074939 ], [ 7.875357004136333, 10.674711679166251 ], [ 7.875058296933389, 10.674785146216209 ], [ 7.870445043798895, 10.671820831202069 ], [ 7.866383551039291, 10.670477815289587 ], [ 7.864183108544182, 10.667392724193405 ], [ 7.864740729923085, 10.663295450409464 ], [ 7.865453770407555, 10.659908588108294 ], [ 7.868187086264697, 10.657572799521233 ], [ 7.869256644991424, 10.6532515435851 ], [ 7.868900125749178, 10.649981363363167 ], [ 7.868543605506943, 10.646594353061857 ], [ 7.868781285668433, 10.640053813617897 ], [ 7.868662445587688, 10.637017087554568 ], [ 7.868900125749178, 10.633513135173814 ], [ 7.866642168215037, 10.630359543031091 ], [ 7.864978410084575, 10.626505109412165 ], [ 7.86485957000383, 10.623701852507509 ], [ 7.858917576966519, 10.616810406825095 ], [ 7.857016138674567, 10.607933061793346 ], [ 7.852933989900976, 10.595545230376388 ], [ 7.853433117240058, 10.593582755042974 ], [ 7.854074852676092, 10.591269822471475 ], [ 7.855144411402819, 10.589587678328542 ], [ 7.855928753935757, 10.586854175471217 ], [ 7.857283528856271, 10.584401009804424 ], [ 7.857283528856271, 10.582017916185237 ], [ 7.857515720014021, 10.579769247657339 ], [ 7.881364729218319, 10.589656305375172 ], [ 7.885704866167202, 10.592740087470418 ], [ 7.887646506486476, 10.59327974783713 ], [ 7.888388897990865, 10.592451696274509 ], [ 7.888817201281881, 10.58868262971356 ], [ 7.882107120722708, 10.582191460303136 ], [ 7.8811077470437, 10.578289143651716 ], [ 7.874397667484516, 10.56624907147102 ], [ 7.872494098191112, 10.562251576754932 ], [ 7.872303741061785, 10.559634169976505 ], [ 7.872231492012702, 10.557601450595371 ], [ 7.872352424094856, 10.556947587151114 ], [ 7.873421981821593, 10.556106421579557 ], [ 7.874063718257617, 10.555125059912768 ], [ 7.874348933451415, 10.554073597198339 ], [ 7.874063718257617, 10.552741739293424 ], [ 7.873421981821593, 10.551760366626638 ], [ 7.872423728143303, 10.551059384150335 ], [ 7.872566335240208, 10.550218202578833 ], [ 7.873065462579348, 10.549236822912007 ], [ 7.873208070676242, 10.547484348721298 ], [ 7.873707198015381, 10.546362760959198 ], [ 7.873707198015381, 10.544960770006639 ], [ 7.873564589918487, 10.543558773054031 ], [ 7.873849806112275, 10.542156769101439 ], [ 7.87456284459671, 10.540965061291729 ], [ 7.874634148645214, 10.539773348482015 ], [ 7.87456284459671, 10.538581629672308 ], [ 7.874420237499862, 10.536969298576821 ], [ 7.873778502063828, 10.535497163576565 ], [ 7.873389631799569, 10.534067507605187 ], [ 7.872143521952921, 10.534089937620422 ], [ 7.870893994103938, 10.533646894319361 ], [ 7.870751387007033, 10.532525255557289 ], [ 7.870751387007033, 10.530842790414113 ], [ 7.870358277739911, 10.529375190416943 ], [ 7.869254003989624, 10.528809799032786 ], [ 7.869182699941177, 10.527758246318342 ], [ 7.869681828280306, 10.526706689603827 ], [ 7.867068802504889, 10.527223162954783 ], [ 7.863622447163266, 10.52658054451814 ], [ 7.860592031104204, 10.52512004352576 ], [ 7.8577992942067, 10.525236883605203 ], [ 7.853342799178733, 10.525178463565453 ], [ 7.850193543038927, 10.522783227938021 ], [ 7.849837022796692, 10.519862181953329 ], [ 7.850550062281172, 10.516532156690744 ], [ 7.851084841644536, 10.513318939507485 ], [ 7.852510919613508, 10.510865188840285 ], [ 7.852035560290517, 10.509579882966989 ], [ 7.852154400371262, 10.508002453895188 ], [ 7.851381940846409, 10.507651913657014 ], [ 7.850431222200427, 10.507067678260057 ], [ 7.849896442837064, 10.506074474585205 ], [ 7.848798328090936, 10.505411386134654 ], [ 7.8463945144577, 10.504910031794054 ], [ 7.843553642527468, 10.503764079015411 ], [ 7.841004142795157, 10.502546499188099 ], [ 7.838964543409361, 10.501901895750166 ], [ 7.837362001320514, 10.501687027604135 ], [ 7.835468087033689, 10.501687027604135 ], [ 7.834521129390282, 10.500469438776861 ], [ 7.833064272400406, 10.499753209290191 ], [ 7.831519944351101, 10.499084740835997 ], [ 7.829203600777248, 10.497891001024925 ], [ 7.827164001391452, 10.497246387586927 ], [ 7.824905872857187, 10.497103141489617 ], [ 7.823740387065243, 10.498105872170925 ], [ 7.823084801619814, 10.500111323533531 ], [ 7.822647745322854, 10.501687027604135 ], [ 7.822210687025915, 10.503978945161407 ], [ 7.821789494739733, 10.506178725656071 ], [ 7.816918390430033, 10.507640100648985 ], [ 7.813733798266242, 10.50386353208296 ], [ 7.811944741050695, 10.502175006935715 ], [ 7.798935060211193, 10.489896373592956 ], [ 7.794130531946735, 10.495023422076542 ], [ 7.778174349105313, 10.49983859734823 ], [ 7.769923845499477, 10.491985362012315 ], [ 7.768536627556898, 10.490664941115142 ], [ 7.767556341890838, 10.489236072144308 ], [ 7.75630703524746, 10.494658447828556 ], [ 7.754645207118358, 10.492144070120162 ], [ 7.743532818567985, 10.487456411935113 ], [ 7.742033466549231, 10.488403297578486 ], [ 7.739758592003568, 10.48828362649715 ], [ 7.731956993702738, 10.482699380702968 ], [ 7.729650815135813, 10.477522777185698 ], [ 7.717310015750854, 10.486123633029536 ], [ 7.71710443061113, 10.486121030027789 ], [ 7.710266036964754, 10.490505933007114 ], [ 7.71088955938842, 10.498545063469351 ], [ 7.702288319544323, 10.504978945840833 ], [ 7.702125605433764, 10.507099506281691 ], [ 7.698606358042582, 10.509977578237169 ], [ 7.698270174814127, 10.514027254988775 ], [ 7.699081417365335, 10.519011337375218 ], [ 7.698723495122181, 10.522889842010443 ], [ 7.698605780042158, 10.523153171189392 ], [ 7.69410754098584, 10.525965476100225 ], [ 7.695343876825859, 10.540946207278921 ], [ 7.699367005559395, 10.548950830717672 ], [ 7.705131857476317, 10.550140639526091 ], [ 7.705144652485046, 10.55017432154898 ], [ 7.70131438588254, 10.573059181098188 ], [ 7.699441273609864, 10.575851016995102 ], [ 7.698164642742427, 10.57775380828798 ], [ 7.697515931301666, 10.590365279856883 ], [ 7.694739391415169, 10.593051229681862 ], [ 7.692559947934342, 10.595349251243249 ], [ 7.679759684237126, 10.585459777523795 ], [ 7.679181935844611, 10.571454921008183 ], [ 7.679108502794691, 10.569674874798693 ], [ 7.674577553716119, 10.560355939466945 ], [ 7.668247872415407, 10.56205435162093 ], [ 7.661690355959877, 10.561281960096096 ], [ 7.651888268299842, 10.562259305760165 ], [ 7.651648037136624, 10.562409746862386 ], [ 7.647210723121646, 10.561496331241756 ], [ 7.643667597714284, 10.563662662713682 ], [ 7.636381195763477, 10.5681177047407 ], [ 7.624907491967633, 10.565549247995534 ], [ 7.622256626166518, 10.569745401846603 ], [ 7.621557141691255, 10.571826030260297 ], [ 7.619874053547676, 10.575920848042529 ], [ 7.619804401500346, 10.575923108044094 ], [ 7.602054000439807, 10.587787152105136 ], [ 7.597155052111191, 10.586929525522407 ], [ 7.597007240010726, 10.586677132350928 ], [ 7.575812708610044, 10.576135198188183 ], [ 7.573455632008518, 10.572800230922212 ], [ 7.564428319874878, 10.580333020040428 ], [ 7.559351154425201, 10.581740291996596 ], [ 7.551010075757858, 10.57900570613856 ], [ 7.550623250494993, 10.578367387704873 ], [ 7.549142330488792, 10.574399660008964 ], [ 7.547933062667141, 10.572862287964426 ], [ 7.547242695198065, 10.571757350213659 ], [ 7.535987529550709, 10.570680809482212 ], [ 7.530708430963841, 10.5706535614637 ], [ 7.528697608597554, 10.5705370693845 ], [ 7.527604282854725, 10.572172589495779 ], [ 7.521709824849665, 10.571565111083032 ], [ 7.521424609655924, 10.567686572447769 ], [ 7.52075910720373, 10.558620879288014 ], [ 7.517288982845912, 10.559555498923089 ], [ 7.506498322514176, 10.560723769716844 ], [ 7.502077479510433, 10.563153759367935 ], [ 7.497230857217403, 10.564929831574659 ], [ 7.496936404017333, 10.564873850536628 ], [ 7.494321134240352, 10.565327101844616 ], [ 7.488529780305385, 10.563792916802186 ], [ 7.487053292302221, 10.562539201950358 ], [ 7.485439128205485, 10.564886352545102 ], [ 7.483014794558244, 10.566778916831026 ], [ 7.480340897741428, 10.567479863307312 ], [ 7.477381784730881, 10.56758500537876 ], [ 7.475420927398545, 10.567690147450151 ], [ 7.472935898710091, 10.568470394980295 ], [ 7.472330688298882, 10.56942599262959 ], [ 7.471471702715235, 10.571599499106412 ], [ 7.47135286263449, 10.572160248487421 ], [ 7.470877503311499, 10.574543418106657 ], [ 7.470378375972359, 10.576926568725867 ], [ 7.470687360182353, 10.578328413678378 ], [ 7.471309663605155, 10.579208811276544 ], [ 7.471850009972286, 10.579884551735688 ], [ 7.471434069689678, 10.580620515235751 ], [ 7.471333055621074, 10.580807426362753 ], [ 7.471184505520114, 10.580941768454011 ], [ 7.471065667439348, 10.581099472561164 ], [ 7.470908984332937, 10.581237915655265 ], [ 7.470328858938728, 10.581368156743736 ], [ 7.470198135849898, 10.581520021846927 ], [ 7.470025817732846, 10.581695249966003 ], [ 7.469920236661096, 10.581836029061662 ], [ 7.469607417448572, 10.581970065152689 ], [ 7.469496980373492, 10.582092434235847 ], [ 7.469413793317017, 10.58219757130729 ], [ 7.469283069228197, 10.582215094319167 ], [ 7.469011042043348, 10.582225596326339 ], [ 7.468855244937515, 10.58220341231123 ], [ 7.468837418925375, 10.582390322438243 ], [ 7.468801766901151, 10.582507140517635 ], [ 7.468653216800249, 10.582530503533519 ], [ 7.468480899683129, 10.582588913573204 ], [ 7.468344233590301, 10.582588913573204 ], [ 7.468204003494975, 10.58257139056127 ], [ 7.468075542407746, 10.582705557652446 ], [ 7.467975830339981, 10.582809699723214 ], [ 7.467783310209143, 10.582837736742249 ], [ 7.467555137054148, 10.582809699723214 ], [ 7.467291312874863, 10.583132118942274 ], [ 7.466969176655994, 10.583425180141376 ], [ 7.466820706555097, 10.583412483132747 ], [ 7.466713751482473, 10.583391456118477 ], [ 7.466578273390382, 10.583314356066069 ], [ 7.466385753259601, 10.583447529156558 ], [ 7.466228884152997, 10.58350360119465 ], [ 7.46615045009969, 10.583622756275645 ], [ 7.465986450988282, 10.583865270440413 ], [ 7.465945289960302, 10.584189053660396 ], [ 7.465686973784784, 10.584292823730891 ], [ 7.465373236571622, 10.584734395030921 ], [ 7.465145065416607, 10.585063821254778 ], [ 7.465124488402637, 10.585282299403218 ], [ 7.465130004406376, 10.585470628531198 ], [ 7.465088021377824, 10.58556146359291 ], [ 7.464881426237469, 10.58566766266506 ], [ 7.464631676067768, 10.585820797769088 ], [ 7.464560372019321, 10.58603106891195 ], [ 7.464510459985433, 10.586269376073858 ], [ 7.46447480796121, 10.586416566173909 ], [ 7.464359225882674, 10.586481307217866 ], [ 7.464310808849746, 10.586556746269139 ], [ 7.464296547840092, 10.586731972388179 ], [ 7.464232373796449, 10.586914205512016 ], [ 7.464210982781935, 10.587082422626338 ], [ 7.464260895815869, 10.587341755802527 ], [ 7.464307022847208, 10.587574056960364 ], [ 7.464228162793631, 10.587814123123451 ], [ 7.463997071636584, 10.588035646273966 ], [ 7.463768899481579, 10.588358060493022 ], [ 7.463562118341088, 10.588925786878804 ], [ 7.463462292273221, 10.589171100045462 ], [ 7.463291163156953, 10.58939538719784 ], [ 7.46326264113759, 10.589528557288361 ], [ 7.463084381016472, 10.589738826431187 ], [ 7.463005946963165, 10.590026192626453 ], [ 7.462784904812963, 10.59021543375502 ], [ 7.463421813245702, 10.590600318016584 ], [ 7.464074503689176, 10.5910120112963 ], [ 7.46400835364426, 10.592231191124654 ], [ 7.463955663608431, 10.593202290784461 ], [ 7.463359484203352, 10.594761759844062 ], [ 7.462658328727002, 10.595766357526657 ], [ 7.461850218177915, 10.597051304399713 ], [ 7.461458045911456, 10.597541917733054 ], [ 7.459128785328801, 10.598733406542635 ], [ 7.458594004965448, 10.59854650741562 ], [ 7.457540504249664, 10.598490594377608 ], [ 7.457212666026919, 10.5990395027506 ], [ 7.457162181992601, 10.599056718762256 ], [ 7.45674010370584, 10.599200655860102 ], [ 7.455020615537535, 10.601122695165998 ], [ 7.454931438476933, 10.601222378233729 ], [ 7.465639923752803, 10.61117880799867 ], [ 7.460862705506941, 10.612239091719061 ], [ 7.45307855121797, 10.61683224583993 ], [ 7.451319722022902, 10.618607684046253 ], [ 7.443000930370715, 10.615150241697052 ], [ 7.435117553014322, 10.611483917205987 ], [ 7.434945953897738, 10.61191307349759 ], [ 7.432386153158461, 10.610600375605657 ], [ 7.429034869881434, 10.609023465534221 ], [ 7.424578373853421, 10.606149964581789 ], [ 7.421575575813165, 10.597665119816781 ], [ 7.418993802058992, 10.59555177738082 ], [ 7.415061745387334, 10.588008007255212 ], [ 7.416224156177122, 10.587355210811666 ], [ 7.4152282765005, 10.584523559887657 ], [ 7.414429674957887, 10.582766614693924 ], [ 7.413859241570265, 10.582149813274839 ], [ 7.413233413145065, 10.58096052046676 ], [ 7.412737393808072, 10.579607827547648 ], [ 7.413193740118118, 10.575776117944201 ], [ 7.413478956311906, 10.574271457921839 ], [ 7.413688709454448, 10.573657233504548 ], [ 7.414354212906574, 10.570526390377267 ], [ 7.41364117342215, 10.566928215932478 ], [ 7.412663432757768, 10.561350155142463 ], [ 7.41252883166635, 10.560582243620672 ], [ 7.411170096743149, 10.559165129657799 ], [ 7.410112495024578, 10.55859530827064 ], [ 7.410045495979034, 10.557350383424762 ], [ 7.407640444344906, 10.557367090436117 ], [ 7.407129540997801, 10.556174331625698 ], [ 7.407034468933205, 10.555006043831895 ], [ 7.405846071125723, 10.551688081577538 ], [ 7.407367221159291, 10.54822988622783 ], [ 7.409159292376899, 10.547256151566216 ], [ 7.408413011869811, 10.546033443735439 ], [ 7.408032723611427, 10.5434163859573 ], [ 7.407604901320781, 10.540939507274345 ], [ 7.405920034175949, 10.538723255768502 ], [ 7.404847816447443, 10.536873643511797 ], [ 7.405172070667788, 10.533987521550841 ], [ 7.403991295865467, 10.535289767435643 ], [ 7.402311150723904, 10.534826406120828 ], [ 7.400306635361915, 10.53490015717091 ], [ 7.399511335821558, 10.534598401965866 ], [ 7.399481910801569, 10.534591400961119 ], [ 7.398956583444658, 10.533627584306259 ], [ 7.397981634782184, 10.532876310795814 ], [ 7.397387063378233, 10.530996391518499 ], [ 7.397465610431595, 10.530518815194 ], [ 7.397166195228124, 10.529477799486699 ], [ 7.397160764224452, 10.528986715152996 ], [ 7.396875548030664, 10.527993583478235 ], [ 7.396994388111409, 10.527245810970157 ], [ 7.396787753971012, 10.525404058718777 ], [ 7.396250450605919, 10.52409502082935 ], [ 7.395827901318853, 10.523346157320532 ], [ 7.395238454918342, 10.522392732672699 ], [ 7.394803246622644, 10.521488715058467 ], [ 7.39434771731311, 10.52040224432028 ], [ 7.394399135348067, 10.519243776533131 ], [ 7.3947868636115, 10.51829624588936 ], [ 7.395594975160577, 10.515865903238023 ], [ 7.395428599047534, 10.514580617364743 ], [ 7.394430344369255, 10.512664364062744 ], [ 7.394002521078562, 10.512010030618171 ], [ 7.393438527695366, 10.511731107428659 ], [ 7.393293607596888, 10.511164340043536 ], [ 7.391678934499794, 10.509525768930189 ], [ 7.390248643528025, 10.508476799217476 ], [ 7.389518469031884, 10.507486550544684 ], [ 7.388644306437925, 10.507039581240974 ], [ 7.387539094686986, 10.506373551788442 ], [ 7.385506933306203, 10.505076541907158 ], [ 7.383617379022382, 10.503428980787703 ], [ 7.382887183526236, 10.500971611118075 ], [ 7.382836257491647, 10.499722601269411 ], [ 7.382886106525518, 10.499598712185218 ], [ 7.382789211459681, 10.499416964061766 ], [ 7.381559129623895, 10.496599868147655 ], [ 7.379873924478886, 10.494595101785535 ], [ 7.379339144115534, 10.492877373618398 ], [ 7.378020022219232, 10.490143011760551 ], [ 7.373910673427133, 10.489953607631833 ], [ 7.370431041062886, 10.48972924947941 ], [ 7.367578885124942, 10.489785337517503 ], [ 7.364213339838216, 10.489504889326952 ], [ 7.357710422419814, 10.490570594051064 ], [ 7.35137863411768, 10.491131490432167 ], [ 7.34836439306963, 10.491526032700222 ], [ 7.340891048991807, 10.491412944623391 ], [ 7.337117851428104, 10.49135584858459 ], [ 7.333923435257645, 10.492589815423003 ], [ 7.330957192242238, 10.494609022794975 ], [ 7.325424008482685, 10.496572129128822 ], [ 7.320803514343311, 10.499264367958062 ], [ 7.315954848048875, 10.501003094139435 ], [ 7.311961828335768, 10.502012671825412 ], [ 7.309451930630416, 10.501451796444314 ], [ 7.306143429382473, 10.50016177556779 ], [ 7.303234229405803, 10.498423046386449 ], [ 7.299535820892913, 10.495816676615505 ], [ 7.296332009716082, 10.493543332070885 ], [ 7.294191212261467, 10.492888213625747 ], [ 7.292742500277143, 10.491858534926166 ], [ 7.291312214305322, 10.48911226006021 ], [ 7.291160053201963, 10.487087492684452 ], [ 7.289600920142618, 10.488326999526635 ], [ 7.289030487755042, 10.489504889326952 ], [ 7.287889625979858, 10.490738863165404 ], [ 7.287262150553545, 10.491580206737069 ], [ 7.286875940291111, 10.496711506223505 ], [ 7.285531050377301, 10.498119624180276 ], [ 7.285828149579174, 10.499872378371208 ], [ 7.286586580094479, 10.500555963835666 ], [ 7.287254228548136, 10.501157725244525 ], [ 7.287670167830754, 10.504020523189638 ], [ 7.285493915352106, 10.515072763699152 ], [ 7.286065829740664, 10.518217271835681 ], [ 7.285263042195197, 10.518139981783179 ], [ 7.271700966980404, 10.516834271896016 ], [ 7.262930863021552, 10.516508257674502 ], [ 7.258613821088318, 10.516347778565432 ], [ 7.255702245110058, 10.516347778565432 ], [ 7.256118184392676, 10.518275693875353 ], [ 7.256771802836738, 10.519619384788371 ], [ 7.254692106423704, 10.522774114931849 ], [ 7.253384866535498, 10.523884104686033 ], [ 7.252299766798217, 10.523741999589447 ], [ 7.250592130637983, 10.523884104686033 ], [ 7.249047211588277, 10.523825683646351 ], [ 7.248334173103785, 10.524176206884476 ], [ 7.248155912982668, 10.525519871797428 ], [ 7.248037072901923, 10.526688271591297 ], [ 7.246967515175186, 10.527038790829465 ], [ 7.245600856246654, 10.526571432511957 ], [ 7.244353038398799, 10.526454593432561 ], [ 7.242451600106847, 10.527214050948544 ], [ 7.24138204138012, 10.528148765583637 ], [ 7.240550161814895, 10.529433995456941 ], [ 7.239302342967108, 10.530076606893545 ], [ 7.238113945159625, 10.531361827766773 ], [ 7.237698004877018, 10.532588624600351 ], [ 7.238382342341993, 10.533830702444277 ], [ 7.239718283249715, 10.533873835473571 ], [ 7.241025521137885, 10.53323123103695 ], [ 7.242035659824239, 10.533640161314793 ], [ 7.242570440187592, 10.535509548584969 ], [ 7.243482817807546, 10.536483572246766 ], [ 7.245006656842918, 10.536561076299449 ], [ 7.248851197455053, 10.542214602140746 ], [ 7.254783799486006, 10.559178176666705 ], [ 7.272281482374865, 10.573990137730732 ], [ 7.274764401061873, 10.579720554624259 ], [ 7.275229146377683, 10.580367788064052 ], [ 7.279846042514635, 10.585280949402318 ], [ 7.286387615959313, 10.587231837727813 ], [ 7.293076646504176, 10.586990383563773 ], [ 7.307671749420876, 10.594252379497959 ], [ 7.31061085441786, 10.627190916878135 ], [ 7.303850518824561, 10.636058248903112 ], [ 7.294566536516527, 10.649530708057 ], [ 7.292623309196188, 10.649942977337105 ], [ 7.284698692811787, 10.653093749477932 ], [ 7.280300034823085, 10.652814442288104 ], [ 7.279889947544461, 10.652749248243822 ], [ 7.263554548445313, 10.657518475484324 ], [ 7.212676097875772, 10.692951180559135 ], [ 7.21264595685534, 10.693007612597512 ], [ 7.192660552276152, 10.722698023770761 ], [ 7.188184392234859, 10.726181110137361 ], [ 7.195117680945657, 10.737032110510086 ], [ 7.205593976063824, 10.750334991548755 ], [ 7.205603823070533, 10.750340321552358 ], [ 7.207991657692958, 10.789047409852003 ], [ 7.206582845735738, 10.809671000864796 ], [ 7.207642252455514, 10.825770063803361 ], [ 7.208042031727189, 10.831845244931174 ], [ 7.208123424782457, 10.834763981914307 ], [ 7.210172817174964, 10.838185800239273 ], [ 7.215653319898706, 10.852095513690244 ], [ 7.217380307072062, 10.854452569291766 ], [ 7.223451336197058, 10.865461143771597 ], [ 7.225502562590805, 10.866563598520656 ], [ 7.242904429414523, 10.888207700226758 ], [ 7.243831360044339, 10.889609433179203 ], [ 7.243875670074431, 10.889680400227405 ], [ 7.247339578428011, 10.895797407383611 ], [ 7.258022202686334, 10.91602868212982 ], [ 7.261884927310859, 10.918156039575251 ], [ 7.26702217780138, 10.919011006156211 ], [ 7.276395229169964, 10.929166211056156 ], [ 7.309714766809009, 10.941955056745599 ], [ 7.315503095741917, 10.962254645538223 ], [ 7.325445635497374, 10.977518556909331 ], [ 7.332373205204362, 10.98816241314131 ], [ 7.339103673777402, 10.992357511991713 ], [ 7.343239299587367, 11.000196923318185 ], [ 7.353219282368286, 11.010973001640025 ], [ 7.366902682665511, 11.005516405932553 ], [ 7.366905684667529, 11.005519004934285 ], [ 7.376600016254372, 11.013915391639273 ], [ 7.376606396258751, 11.013912673637435 ], [ 7.40857460897962, 11.000290059381484 ], [ 7.408577855981832, 11.000292731383297 ], [ 7.425982572807527, 11.01460948311086 ], [ 7.430087038596298, 11.000589626584997 ] ] ] ] } }
]
}
