{
"type": "FeatureCollection",
"name": "Kano",
"crs": { "type": "name", "properties": { "name": "urn:ogc:def:crs:OGC:1.3:CRS84" } },
"features": [
{ "type": "Feature", "properties": { "fid": 359.0, "OBJECTID": 359.0, "lganame": "Rogo", "statecode": "KN", "LGA_UID": "19_33" }, "geometry": { "type": "MultiPolygon", "coordinates": [ [ [ [ 7.878935958568036, 11.654359609791015 ], [ 7.881761570487924, 11.653616028285796 ], [ 7.885156136794365, 11.653944163508754 ], [ 7.889197384540239, 11.655103191296234 ], [ 7.891725562257989, 11.654954475195211 ], [ 7.893361443369486, 11.653467312184716 ], [ 7.895671703939229, 11.650913958449848 ], [ 7.897026478859743, 11.64888874207378 ], [ 7.901046952591457, 11.649646960588996 ], [ 7.908966634972501, 11.650318324045145 ], [ 7.9142151675386, 11.64999556782584 ], [ 7.917047746463254, 11.648106874542577 ], [ 7.920018743481876, 11.646360983356317 ], [ 7.920615502887358, 11.642532519755036 ], [ 7.923281674698899, 11.641877906310299 ], [ 7.926549932919499, 11.641831664278868 ], [ 7.926792615084423, 11.644847867328224 ], [ 7.934754886494375, 11.645662621881797 ], [ 7.932615768040989, 11.653693658338511 ], [ 7.9385577610783, 11.652646144626772 ], [ 7.942479476742903, 11.653111706943093 ], [ 7.943073676146639, 11.657418117869099 ], [ 7.946757711649752, 11.658582000659919 ], [ 7.948540309860959, 11.657418117869099 ], [ 7.953888104494524, 11.655323116445686 ], [ 7.954998428248928, 11.647461180103846 ], [ 7.955235360409915, 11.641324478934223 ], [ 7.955326321471716, 11.636812212868392 ], [ 7.955423038537447, 11.632014332608435 ], [ 7.955607604662816, 11.622823463363659 ], [ 7.955258048425321, 11.614195113501125 ], [ 7.955251086420617, 11.614023252384357 ], [ 7.959881797566936, 11.611790183867072 ], [ 7.963207323826509, 11.608675932751112 ], [ 7.963211602829404, 11.608673762749618 ], [ 7.963597119091332, 11.608312736504331 ], [ 7.966659713172248, 11.606759378448885 ], [ 7.970909314059611, 11.60591247787346 ], [ 7.973810962031166, 11.599624470601043 ], [ 7.975001665840182, 11.595102346528449 ], [ 7.976247178686492, 11.594385848041668 ], [ 7.977734981697381, 11.593472537421121 ], [ 7.978828309440246, 11.592378230677582 ], [ 7.979256132730882, 11.591353769981481 ], [ 7.97873323737565, 11.590096473127232 ], [ 7.977806285745828, 11.58872275219386 ], [ 7.979184828682435, 11.587977679687583 ], [ 7.980088012296108, 11.587395592292125 ], [ 7.980192238366953, 11.586413018624512 ], [ 7.978875845472544, 11.585346629899902 ], [ 7.977711213681232, 11.5846015503937 ], [ 7.977473534519731, 11.583646911745063 ], [ 7.978304154084071, 11.582629294053618 ], [ 7.98010383630691, 11.579254321760516 ], [ 7.980254388409151, 11.577825880789931 ], [ 7.981353984156272, 11.576909877167566 ], [ 7.98198944958807, 11.576242539714144 ], [ 7.981656698361974, 11.574892035796495 ], [ 7.98101496292594, 11.573308677720718 ], [ 7.981561626297378, 11.571702025629065 ], [ 7.982235583755312, 11.570508675818246 ], [ 7.982773793120998, 11.569024252809641 ], [ 7.983035240298648, 11.566369739006007 ], [ 7.983249152443989, 11.564390479661199 ], [ 7.983605671686234, 11.563133060806877 ], [ 7.98396219092848, 11.561992065031575 ], [ 7.983653207718532, 11.561177064477818 ], [ 7.982274664781869, 11.561386635620238 ], [ 7.981585394313527, 11.560990778351254 ], [ 7.981205106055143, 11.559942916639272 ], [ 7.981564980299652, 11.558068516365722 ], [ 7.981823074475017, 11.556473303281848 ], [ 7.981419018200484, 11.555239135443287 ], [ 7.980492066570662, 11.554517260952821 ], [ 7.980206852376853, 11.553678952383223 ], [ 7.981062498958238, 11.553166652035145 ], [ 7.982750025104849, 11.552887214845271 ], [ 7.983255835448517, 11.55259561864716 ], [ 7.98346306358934, 11.550931146516234 ], [ 7.982512344943359, 11.549673666661818 ], [ 7.981965681571921, 11.54867233698144 ], [ 7.981906712531838, 11.547771012369083 ], [ 7.982784489128278, 11.547262357023442 ], [ 7.982963936250201, 11.546436796462501 ], [ 7.982940168234052, 11.545435454782137 ], [ 7.983106544347095, 11.544434109101815 ], [ 7.984970083613291, 11.54372322261878 ], [ 7.985293197832789, 11.542850579025867 ], [ 7.986101309381866, 11.540684854554343 ], [ 7.990926206660163, 11.540614991506857 ], [ 7.996836718676093, 11.5389818173972 ], [ 8.010769586142828, 11.536107123443969 ], [ 8.013568222044341, 11.533930746965268 ], [ 8.020072944464005, 11.533480240659173 ], [ 8.022093221836712, 11.534644641450313 ], [ 8.023935240088235, 11.538137812823777 ], [ 8.02856191923189, 11.539355972651435 ], [ 8.031155021993754, 11.534299082215512 ], [ 8.026898518101689, 11.517356208703632 ], [ 8.024751959643197, 11.507421236953292 ], [ 8.02475191764313, 11.507421043953173 ], [ 8.028441949150363, 11.50234594250486 ], [ 8.028448526154818, 11.502336897498708 ], [ 8.029020289543325, 11.501550471964379 ], [ 8.031819108445006, 11.497687223339483 ], [ 8.031829997452405, 11.497686096338725 ], [ 8.031955929537958, 11.497673069329835 ], [ 8.03220890270984, 11.497323883092633 ], [ 8.032219791717239, 11.497322756091819 ], [ 8.0358302681704, 11.493379057412255 ], [ 8.033452286554621, 11.493519307507597 ], [ 8.030286393403571, 11.494106249906395 ], [ 8.027805015717604, 11.493016214165721 ], [ 8.025665899264141, 11.490668430570565 ], [ 8.022500001113087, 11.488800000301012 ], [ 8.019997119412494, 11.489326568658782 ], [ 8.012317805194755, 11.491842325368168 ], [ 8.009086667999327, 11.490827076678329 ], [ 8.005986016892621, 11.491926175425135 ], [ 8.0009000004369, 11.4920999995432 ], [ 7.999483100474208, 11.489578382829905 ], [ 7.99760067719518, 11.489326831659014 ], [ 7.996656989553969, 11.491410691074861 ], [ 7.995718252916163, 11.491590777197246 ], [ 7.994948171392934, 11.490081483171764 ], [ 7.995461558741738, 11.488069076804379 ], [ 7.99477704227661, 11.486895168006811 ], [ 7.991012194718621, 11.487649824519565 ], [ 7.988614934089753, 11.484735295539281 ], [ 7.985878313230387, 11.484547334411559 ], [ 7.982541288963034, 11.483038002386024 ], [ 7.980231042393314, 11.484295779240597 ], [ 7.978690878346868, 11.48328955755693 ], [ 7.977920794823604, 11.479013075651267 ], [ 7.974926030788822, 11.478342250195453 ], [ 7.973773782005935, 11.478401682235869 ], [ 7.97136961937241, 11.478525686320097 ], [ 7.968423113370363, 11.478677663423355 ], [ 7.967653030847146, 11.476329760828094 ], [ 7.966802277269096, 11.475481640251814 ], [ 7.964822975924278, 11.473508454911155 ], [ 7.962690278475179, 11.471382331466543 ], [ 7.959182126091548, 11.469369793099133 ], [ 7.956871878521838, 11.467608809902629 ], [ 7.956485308259175, 11.467413642769998 ], [ 7.955983043917911, 11.467160064597692 ], [ 7.954048242603335, 11.466183243933983 ], [ 7.948743231998833, 11.466183243933983 ], [ 7.944853330355841, 11.464332057676188 ], [ 7.944795153316306, 11.464396230719842 ], [ 7.9446629852265, 11.464257011625193 ], [ 7.94453463813926, 11.464089296511247 ], [ 7.944527508134456, 11.463900617383047 ], [ 7.944607434188754, 11.463820861328884 ], [ 7.944919679400925, 11.463509281117183 ], [ 7.945055157492959, 11.463299635974749 ], [ 7.945026635473596, 11.463131919860757 ], [ 7.944777072304021, 11.463055050808521 ], [ 7.944441943076299, 11.46300613277532 ], [ 7.944121075858277, 11.463131919860757 ], [ 7.943055915134551, 11.463084712828675 ], [ 7.942680735879662, 11.463187825898785 ], [ 7.942495345753684, 11.463187825898785 ], [ 7.942237645578587, 11.462947794735669 ], [ 7.941826171298999, 11.461648277852703 ], [ 7.941762286255596, 11.460938690370597 ], [ 7.94201315842605, 11.460342206965322 ], [ 7.941881126336341, 11.45968663251989 ], [ 7.941018405750185, 11.45922012920289 ], [ 7.940530415418607, 11.459091365115398 ], [ 7.939794794918782, 11.459136125145847 ], [ 7.939200165514762, 11.458699027848809 ], [ 7.938315684913789, 11.45813483646549 ], [ 7.937676915479756, 11.457365817942957 ], [ 7.937668110473794, 11.457114085771934 ], [ 7.937658774467479, 11.45684719359059 ], [ 7.937201477156748, 11.456443827316548 ], [ 7.936933869974894, 11.456354498255848 ], [ 7.936701560817085, 11.456276951203165 ], [ 7.936666179793008, 11.456077566067677 ], [ 7.936551408715047, 11.455430781628195 ], [ 7.935820293218285, 11.455184078460604 ], [ 7.935771089184868, 11.455178995457118 ], [ 7.935181279784103, 11.455118067415754 ], [ 7.934618213401563, 11.455338806565692 ], [ 7.933323159521592, 11.454694981128284 ], [ 7.933191777432341, 11.454382264915807 ], [ 7.933384108563018, 11.45400676866069 ], [ 7.93295200826941, 11.453572936365902 ], [ 7.932636559055084, 11.453509773322992 ], [ 7.931389963208119, 11.453260163153402 ], [ 7.931258581118811, 11.453002630978403 ], [ 7.931540115310099, 11.452653121740923 ], [ 7.931494591279204, 11.452589518697721 ], [ 7.931283792135957, 11.4522950004976 ], [ 7.930657976710734, 11.451420641903496 ], [ 7.930808127812782, 11.45079520247856 ], [ 7.930996978941096, 11.45032727316061 ], [ 7.930829018826955, 11.449174951377643 ], [ 7.930151216366426, 11.448440592878683 ], [ 7.929402939857994, 11.448563455962187 ], [ 7.927486032555578, 11.447557609278761 ], [ 7.927153504329624, 11.447144928998341 ], [ 7.92721250436972, 11.447019053912811 ], [ 7.927486032555578, 11.44643547951631 ], [ 7.927223269377009, 11.44614115031635 ], [ 7.92652543190286, 11.446329224444128 ], [ 7.926190979675653, 11.44632510644135 ], [ 7.926047851578403, 11.446054565257498 ], [ 7.925367801116295, 11.445628904968316 ], [ 7.924985148856308, 11.445511095888264 ], [ 7.924292826385908, 11.44471974435055 ], [ 7.924151055289599, 11.444419083146272 ], [ 7.924013788196305, 11.443988855853945 ], [ 7.923853228087239, 11.443928527812943 ], [ 7.923435277803264, 11.443771488706261 ], [ 7.923021344521999, 11.443498375520676 ], [ 7.922943073468844, 11.443236247342611 ], [ 7.922823247387441, 11.442834953069962 ], [ 7.922391389094003, 11.442652270945814 ], [ 7.921614846566342, 11.442068164548914 ], [ 7.921439951447553, 11.441674832281706 ], [ 7.920669867924289, 11.441059826863807 ], [ 7.920494864805391, 11.440914321764978 ], [ 7.920144381567241, 11.440744915649873 ], [ 7.919348947026776, 11.440434010438594 ], [ 7.919145746888717, 11.440396691413241 ], [ 7.919120616871623, 11.440425904433084 ], [ 7.918939297748466, 11.440636683576315 ], [ 7.918716140596814, 11.440836187711852 ], [ 7.918430925403015, 11.4407383456454 ], [ 7.918345361344905, 11.440458798455438 ], [ 7.918499383449557, 11.440031509165124 ], [ 7.91845918542225, 11.439879059061525 ], [ 7.918231274267384, 11.439815835018578 ], [ 7.918046288141682, 11.440104935215004 ], [ 7.917903276044512, 11.440165271256035 ], [ 7.917703624908881, 11.440109361218049 ], [ 7.917603799841061, 11.43964810490462 ], [ 7.917753418942709, 11.43937554371945 ], [ 7.917739015932909, 11.439196724597934 ], [ 7.917614185848095, 11.439022612479619 ], [ 7.917676600890502, 11.438914379406071 ], [ 7.917878249027524, 11.438876733380539 ], [ 7.918079075163973, 11.438840501355912 ], [ 7.918161330219846, 11.438401052057316 ], [ 7.918190322239582, 11.438246159952087 ], [ 7.918091725172587, 11.437906554721337 ], [ 7.917782225962299, 11.437615584523598 ], [ 7.917208495572481, 11.43731340631831 ], [ 7.916841204322907, 11.436947363069578 ], [ 7.916687075218192, 11.436566241810624 ], [ 7.916924755379682, 11.436158559533624 ], [ 7.916984175420055, 11.435576158137906 ], [ 7.916841204322907, 11.435347387982517 ], [ 7.916687075218192, 11.435284955940062 ], [ 7.915891627677695, 11.435327098968685 ], [ 7.915246764239555, 11.434997146744536 ], [ 7.914666077845027, 11.434700032542651 ], [ 7.914498440731109, 11.434237840228604 ], [ 7.91410153746142, 11.434045859098148 ], [ 7.913983964381544, 11.434123285150747 ], [ 7.91393714134972, 11.43415412017174 ], [ 7.913340961944641, 11.434546729438466 ], [ 7.912675459492448, 11.434453544375174 ], [ 7.91189111595952, 11.433859488971507 ], [ 7.911817367909464, 11.433741424891309 ], [ 7.911534595717285, 11.433288729583751 ], [ 7.911266457535135, 11.433325171608487 ], [ 7.910989170346738, 11.4334562106975 ], [ 7.910956693324636, 11.433471558707936 ], [ 7.910702717152105, 11.433591581789528 ], [ 7.910157551781651, 11.433344510621623 ], [ 7.909907044611487, 11.43315826749506 ], [ 7.909549970368857, 11.433510044734078 ], [ 7.909395478263889, 11.433521692742033 ], [ 7.908814559869143, 11.432793056246965 ], [ 7.908254616488705, 11.432112262784358 ], [ 7.907755488149576, 11.431867650618187 ], [ 7.907268244818511, 11.431751167539005 ], [ 7.906911724576275, 11.431390073293699 ], [ 7.906650278398615, 11.431378425285743 ], [ 7.906674045414775, 11.431657982475713 ], [ 7.90653143831787, 11.431762815546961 ], [ 7.9058183978334, 11.431541500396577 ], [ 7.905485646607303, 11.431925891657727 ], [ 7.905142417374122, 11.432140893803819 ], [ 7.904974635260146, 11.432030725728964 ], [ 7.903945460560863, 11.432327540930658 ], [ 7.903310877129684, 11.432312611920509 ], [ 7.903329727142477, 11.432081662763608 ], [ 7.903348906155486, 11.431846683603908 ], [ 7.902907840855846, 11.431913193649109 ], [ 7.902607344651642, 11.431958506679905 ], [ 7.901917184182707, 11.431669407483469 ], [ 7.90191503318124, 11.431610981443782 ], [ 7.901903813173647, 11.431306206236684 ], [ 7.901599582966924, 11.431306206236684 ], [ 7.9014797158855, 11.431492070362992 ], [ 7.901427135849758, 11.431573601418393 ], [ 7.900673778337875, 11.431426316318323 ], [ 7.900477735204674, 11.431585763426654 ], [ 7.900059418920478, 11.431306206236684 ], [ 7.899880100798612, 11.431055119066116 ], [ 7.899660116649159, 11.430747088856776 ], [ 7.899530052560806, 11.430781073879871 ], [ 7.899353977441137, 11.430827082911151 ], [ 7.898614325938581, 11.431082559084757 ], [ 7.898405167796454, 11.430933461983443 ], [ 7.898551368895824, 11.430442101649589 ], [ 7.898299390724617, 11.430321236567465 ], [ 7.897644593279722, 11.430262520527549 ], [ 7.897283319034216, 11.429833864236286 ], [ 7.897441688141839, 11.429169813785109 ], [ 7.89732484206246, 11.428849630567584 ], [ 7.897480573168252, 11.428646685429669 ], [ 7.896788945698347, 11.427653292754712 ], [ 7.896636830594957, 11.427578742704043 ], [ 7.896370629414093, 11.42793285394464 ], [ 7.895952313129897, 11.427970128970003 ], [ 7.895629068910239, 11.427765116830699 ], [ 7.895572024871512, 11.427485555640772 ], [ 7.895134694574324, 11.427336455539432 ], [ 7.894716378290127, 11.42750419265343 ], [ 7.894298062005873, 11.427205994450787 ], [ 7.89378467365708, 11.427243269476151 ], [ 7.89367058757955, 11.427000982311483 ], [ 7.893024099140291, 11.426367306880934 ], [ 7.893024099140291, 11.426069106678312 ], [ 7.89294804108863, 11.425155866057821 ], [ 7.893100156191963, 11.424186709399351 ], [ 7.893765658644156, 11.423012534601526 ], [ 7.894317076018808, 11.422229749069686 ], [ 7.894707402284041, 11.421297149435986 ], [ 7.895191737613118, 11.420831911119933 ], [ 7.895667096936108, 11.420030480575349 ], [ 7.896561624543892, 11.419072995924807 ], [ 7.896634328593279, 11.418940977835121 ], [ 7.896185546288336, 11.418363610442839 ], [ 7.896143406259739, 11.418276000383287 ], [ 7.895686111949033, 11.417178862637854 ], [ 7.894953867451477, 11.416085957895234 ], [ 7.894192737934304, 11.413745715305197 ], [ 7.894148478904242, 11.413609633212729 ], [ 7.893773749649654, 11.413121843881299 ], [ 7.892453198752378, 11.41076819528206 ], [ 7.891740102267875, 11.410779412289685 ], [ 7.890575471476552, 11.409055342118279 ], [ 7.890636376517932, 11.408345717636109 ], [ 7.890291742283807, 11.407611818137468 ], [ 7.88988057600443, 11.407040929749598 ], [ 7.889682131869563, 11.406635226473952 ], [ 7.889421247692326, 11.406174382160827 ], [ 7.889299999609932, 11.405599999770516 ], [ 7.889118206486444, 11.405236613523641 ], [ 7.888424865015338, 11.404462323997564 ], [ 7.887951120693458, 11.404064390727171 ], [ 7.88700285704914, 11.403267873185996 ], [ 7.886547384739686, 11.402549488697844 ], [ 7.88604619639915, 11.40203885935091 ], [ 7.885428227979276, 11.401287468840394 ], [ 7.885299055891494, 11.401750299154855 ], [ 7.885255910862156, 11.401904891259903 ], [ 7.885113280765268, 11.402142837421536 ], [ 7.884601830417751, 11.401551635019871 ], [ 7.883503022671164, 11.400017672977583 ], [ 7.883348530566195, 11.399790506823251 ], [ 7.882652795093463, 11.399460078598736 ], [ 7.882820280207284, 11.398991006280028 ], [ 7.882855819231452, 11.398802298151793 ], [ 7.882868006239732, 11.398737589107839 ], [ 7.88294754929376, 11.398577740999258 ], [ 7.88303998635655, 11.398421646893212 ], [ 7.883008333335056, 11.398219486755806 ], [ 7.883027093347778, 11.398031918628362 ], [ 7.883011184336965, 11.397755108440322 ], [ 7.882906280265729, 11.397567705312952 ], [ 7.882821072207832, 11.397289574123988 ], [ 7.882792905188694, 11.397207722068401 ], [ 7.882592488052524, 11.396761157764956 ], [ 7.88244887295491, 11.396104317318645 ], [ 7.882312906862524, 11.395641320004074 ], [ 7.882297819852283, 11.395563960951506 ], [ 7.882270760833933, 11.395202886706215 ], [ 7.882250283819985, 11.395108223641842 ], [ 7.882057762689158, 11.39483562145665 ], [ 7.881651331413025, 11.394556027266674 ], [ 7.881166464083606, 11.39411566596749 ], [ 7.880603162700822, 11.39357744560175 ], [ 7.880153949395606, 11.39300427521232 ], [ 7.879861603197014, 11.392305285737393 ], [ 7.879790299148567, 11.391913851471429 ], [ 7.879325342832658, 11.391934292485359 ], [ 7.878981561599062, 11.391949406495598 ], [ 7.879028336630824, 11.391441879150761 ], [ 7.879067018657111, 11.391343410083834 ], [ 7.87919061174108, 11.389880181089666 ], [ 7.879212142755705, 11.389047969524199 ], [ 7.879081024666618, 11.388411057091446 ], [ 7.879055716649418, 11.387248770301767 ], [ 7.878918251556058, 11.386228913608818 ], [ 7.877634926684095, 11.386057359492213 ], [ 7.87640835385065, 11.385893391380819 ], [ 7.875039318920471, 11.385716310260477 ], [ 7.874174165332647, 11.38547398709585 ], [ 7.87265301429909, 11.384961380747541 ], [ 7.869301730022073, 11.383838304984465 ], [ 7.868717037624776, 11.383223173566535 ], [ 7.868446083440688, 11.382915608357564 ], [ 7.867989738130632, 11.38249620007258 ], [ 7.867134090549257, 11.382048829768621 ], [ 7.866575683169856, 11.381964189711141 ], [ 7.866036010803157, 11.381783203588157 ], [ 7.865879141696553, 11.382160671844645 ], [ 7.865280189289592, 11.382482219063093 ], [ 7.864823843979536, 11.382622022158102 ], [ 7.864239151582296, 11.382999490414534 ], [ 7.863412026020285, 11.38357267980399 ], [ 7.860417261985504, 11.384537316459443 ], [ 7.859946655665738, 11.384523335449956 ], [ 7.859704222501023, 11.384914780715917 ], [ 7.859233617181246, 11.384914780715917 ], [ 7.859319182239403, 11.385320204991388 ], [ 7.85866318579366, 11.385432047067354 ], [ 7.858463534658028, 11.385278264962892 ], [ 7.858149797444867, 11.385264284953394 ], [ 7.857836237231822, 11.385452791081434 ], [ 7.857126936749864, 11.385470584093525 ], [ 7.856745585490728, 11.384843015667116 ], [ 7.856422341271127, 11.383603436824899 ], [ 7.856270226167737, 11.382540937102988 ], [ 7.856289240180672, 11.382130847824328 ], [ 7.855946981948136, 11.381562314438042 ], [ 7.855728315799581, 11.380853975956768 ], [ 7.855747330812505, 11.380490485709799 ], [ 7.855766344825383, 11.38025747955146 ], [ 7.855712006788451, 11.379825999258344 ], [ 7.855800877848878, 11.379575992088462 ], [ 7.855889937909353, 11.379325450918202 ], [ 7.855870923896475, 11.378831474582569 ], [ 7.85585190988354, 11.378225653170944 ], [ 7.855785314838272, 11.378065418062079 ], [ 7.855670277760112, 11.378065418062079 ], [ 7.85540185857775, 11.378027826036544 ], [ 7.85528043149526, 11.377996499015239 ], [ 7.854977248289231, 11.377974003999952 ], [ 7.854344574859397, 11.378119259098639 ], [ 7.854054158662052, 11.378209848160225 ], [ 7.85373329144403, 11.378286741212435 ], [ 7.853562162327762, 11.378279751207685 ], [ 7.853298338148477, 11.378300722221979 ], [ 7.853048773978912, 11.378307712226729 ], [ 7.852834861833571, 11.378321692236227 ], [ 7.85264947170765, 11.378321692236227 ], [ 7.852506863610756, 11.378335673245715 ], [ 7.852314343479918, 11.378279751207685 ], [ 7.852214518412097, 11.378258780193448 ], [ 7.85214321436365, 11.378237809179211 ], [ 7.852086171324913, 11.37824480018395 ], [ 7.85205051930069, 11.37824480018395 ], [ 7.851970302246173, 11.378247130185571 ], [ 7.851328566810139, 11.378365964266266 ], [ 7.851136045679311, 11.378317032233042 ], [ 7.850579876301424, 11.37838693528056 ], [ 7.849503371569995, 11.378274563204172 ], [ 7.848925625177458, 11.378079364071539 ], [ 7.84873310404663, 11.378149266119067 ], [ 7.848212585692977, 11.37799548101458 ], [ 7.847799023411994, 11.377722859829305 ], [ 7.846879201786976, 11.377380336596616 ], [ 7.846007868194988, 11.37743159863146 ], [ 7.845556276888146, 11.377445579640948 ], [ 7.845199756645911, 11.377496841675736 ], [ 7.844978794495773, 11.377471132658286 ], [ 7.844218218978995, 11.377459482650352 ], [ 7.843825837712359, 11.377497824676425 ], [ 7.843442150451665, 11.377429415629933 ], [ 7.843147692251591, 11.377316390553176 ], [ 7.843013847160705, 11.37729557053899 ], [ 7.842874054065703, 11.377310442549117 ], [ 7.842645029910102, 11.377313416551146 ], [ 7.842487390803001, 11.377328288561216 ], [ 7.842398160742334, 11.377361005583452 ], [ 7.84234462270598, 11.377402646611756 ], [ 7.842273239657459, 11.377423466625885 ], [ 7.842157240578672, 11.37744428664007 ], [ 7.842038268497845, 11.377465107654189 ], [ 7.841841962364413, 11.377474030660267 ], [ 7.841660528241164, 11.377477004662296 ], [ 7.841505863136092, 11.377477004662296 ], [ 7.84136607004109, 11.377482953666345 ], [ 7.841226276946088, 11.377477004662296 ], [ 7.84113109788143, 11.37746213265217 ], [ 7.841053765828917, 11.377435363633992 ], [ 7.840958586764202, 11.377405620613786 ], [ 7.840857459695485, 11.37736992858953 ], [ 7.840765255632846, 11.377343159571353 ], [ 7.840693871584335, 11.377316390553176 ], [ 7.840577080505, 11.37727673352623 ], [ 7.840491420446824, 11.377291010535885 ], [ 7.840420036398314, 11.377351686577128 ], [ 7.84035936035707, 11.377448054642628 ], [ 7.840298684315826, 11.377512299686259 ], [ 7.840195177245505, 11.377540853705682 ], [ 7.840091670175184, 11.377580114732325 ], [ 7.839943351074396, 11.377697739812277 ], [ 7.839800582977432, 11.377745328844583 ], [ 7.839672091890122, 11.377750087847858 ], [ 7.839450801739758, 11.377700118813891 ], [ 7.839248547602324, 11.377635397769893 ], [ 7.83901060244068, 11.377602084747252 ], [ 7.838725067246628, 11.377535459702017 ], [ 7.83850380409632, 11.377518316690328 ], [ 7.838087523813499, 11.377395636606991 ], [ 7.837535260438244, 11.377232881496411 ], [ 7.837327290296912, 11.377203755476614 ], [ 7.836851929973932, 11.377314433551817 ], [ 7.836588105794704, 11.377284142531266 ], [ 7.836240004558192, 11.377343355571497 ], [ 7.835938250353138, 11.377384952599755 ], [ 7.835548362088218, 11.376838534228455 ], [ 7.835486777046412, 11.376650702100847 ], [ 7.835358429959172, 11.376287206853874 ], [ 7.835327015937821, 11.37623328581725 ], [ 7.835221453866097, 11.376052092694124 ], [ 7.835019504728905, 11.375645326417725 ], [ 7.834985506705777, 11.375596122384309 ], [ 7.83473700953698, 11.375236502139956 ], [ 7.834515545386466, 11.374812475851854 ], [ 7.834230330192668, 11.374593445703056 ], [ 7.834046917068065, 11.374311804511706 ], [ 7.833940360995655, 11.374034218323061 ], [ 7.833782386888345, 11.373843423193421 ], [ 7.833650390798653, 11.373600815028624 ], [ 7.833480651683317, 11.373471931941026 ], [ 7.833165525469212, 11.373232655778452 ], [ 7.833072219405835, 11.373104038691054 ], [ 7.833027134375186, 11.372895582549404 ], [ 7.832934183312034, 11.372465811257428 ], [ 7.832862880263576, 11.371885606863202 ], [ 7.832741662181206, 11.371864635848965 ], [ 7.832549143050414, 11.371808712810946 ], [ 7.832058305716885, 11.371664352712855 ], [ 7.831836102565944, 11.371598999668436 ], [ 7.830550871692651, 11.370923989209814 ], [ 7.829081395694232, 11.370428335873044 ], [ 7.827821600838263, 11.369977644566802 ], [ 7.827726619773728, 11.369943664543712 ], [ 7.826804423147109, 11.36959880330943 ], [ 7.826717890088332, 11.369770458426046 ], [ 7.826701533077198, 11.369802907448104 ], [ 7.825744371426879, 11.371253790433911 ], [ 7.825456186231065, 11.371017863273607 ], [ 7.825343288154386, 11.370883880182589 ], [ 7.825283867113967, 11.370726595075723 ], [ 7.825263903100449, 11.370589582982632 ], [ 7.825084188978337, 11.370716801069022 ], [ 7.824788502777437, 11.370883880182589 ], [ 7.824266890423019, 11.371254565434413 ], [ 7.824097080307638, 11.37127860845078 ], [ 7.823866130150691, 11.371340181492599 ], [ 7.823533553924733, 11.371568941648036 ], [ 7.823169903677638, 11.371595737666212 ], [ 7.823139982657324, 11.371653541705541 ], [ 7.823079617616315, 11.371668158715465 ], [ 7.822633738313357, 11.371839237831693 ], [ 7.822552789258339, 11.371914925883118 ], [ 7.822498042221127, 11.371937604898505 ], [ 7.822404971157937, 11.37201108494844 ], [ 7.822332701108792, 11.372065813985614 ], [ 7.822254838055926, 11.372184098065986 ], [ 7.821844838777338, 11.372830708505319 ], [ 7.821507359548036, 11.373270177803931 ], [ 7.821361161448692, 11.37349362995576 ], [ 7.821232814361508, 11.373343336853679 ], [ 7.821054554240391, 11.373017118631992 ], [ 7.820840643095039, 11.372906437556821 ], [ 7.82006224156612, 11.372473034262327 ], [ 7.81971309632894, 11.372327709163585 ], [ 7.819492375178925, 11.372235838101176 ], [ 7.818436513461506, 11.373437706917798 ], [ 7.81385880035117, 11.377422189625065 ], [ 7.813533147129931, 11.377546574709527 ], [ 7.813471382087982, 11.378306225225685 ], [ 7.813499904107346, 11.378473991339717 ], [ 7.812044888118749, 11.378915179639478 ], [ 7.811736319909073, 11.379008743703025 ], [ 7.811258091584136, 11.379175055816006 ], [ 7.81003896475579, 11.378935989653598 ], [ 7.809768331571888, 11.378882919617524 ], [ 7.809446971353566, 11.378671759474059 ], [ 7.808228167525442, 11.37830972022806 ], [ 7.806160354120436, 11.377498849677124 ], [ 7.806080732066334, 11.377039822365248 ], [ 7.806152035114792, 11.37621496680481 ], [ 7.806066471056681, 11.375809528529317 ], [ 7.806064243055175, 11.375362315225459 ], [ 7.80585255991133, 11.374397482569918 ], [ 7.805681429795072, 11.373810293170948 ], [ 7.805396213601284, 11.37340485189543 ], [ 7.805410473610948, 11.372510083287523 ], [ 7.805496038669105, 11.372020754955031 ], [ 7.805519806685254, 11.371695700734165 ], [ 7.805120505413925, 11.371709681743653 ], [ 7.804763986171679, 11.372031240962144 ], [ 7.804077378705188, 11.372376772196901 ], [ 7.803566080357768, 11.372548530313622 ], [ 7.802839745864276, 11.372638271374569 ], [ 7.801633279044552, 11.37360675003265 ], [ 7.80133381384104, 11.374112957376553 ], [ 7.800465461251065, 11.376739246161037 ], [ 7.798442528876535, 11.376736054158869 ], [ 7.798414837857763, 11.376403531932908 ], [ 7.798376642831784, 11.37612164674141 ], [ 7.798246602743461, 11.375731985476648 ], [ 7.79792760252667, 11.374982942967677 ], [ 7.797367031145825, 11.373890884225659 ], [ 7.796642108653259, 11.372457857252016 ], [ 7.796196458350437, 11.371770466784938 ], [ 7.795478585862725, 11.372011821948945 ], [ 7.794942959498769, 11.371480628588017 ], [ 7.794605454269458, 11.371009941268198 ], [ 7.794087311917394, 11.370348178818574 ], [ 7.793464924494515, 11.369259151078666 ], [ 7.790921750766529, 11.364412381785485 ], [ 7.789887844064083, 11.361231644624354 ], [ 7.788996545458474, 11.359880111706048 ], [ 7.783107712457252, 11.361145813565997 ], [ 7.780968594003866, 11.362124506230998 ], [ 7.778621826409335, 11.364121106587561 ], [ 7.777470322626925, 11.364944604147126 ], [ 7.77922790782111, 11.366020212877913 ], [ 7.778788200522342, 11.366509552210402 ], [ 7.778039510013684, 11.367418319827891 ], [ 7.777801829852194, 11.367534828907026 ], [ 7.776447055931669, 11.368501848564108 ], [ 7.775971695608689, 11.369061086944043 ], [ 7.775472569269539, 11.370249465751499 ], [ 7.775484453277613, 11.370470829901933 ], [ 7.775127933035378, 11.371903866875584 ], [ 7.775223005099974, 11.372090278002247 ], [ 7.77497344093041, 11.372672811398047 ], [ 7.774902136881963, 11.373453403928465 ], [ 7.775175469067676, 11.374012633308382 ], [ 7.775187353075751, 11.374513607648794 ], [ 7.77549982428809, 11.374940017938513 ], [ 7.772609638324298, 11.376487207989783 ], [ 7.771687439697757, 11.377437886635732 ], [ 7.771449759536267, 11.377736137838326 ], [ 7.771183319355202, 11.37813730011095 ], [ 7.770888836155109, 11.378304679224641 ], [ 7.770461011864427, 11.378509726363973 ], [ 7.769681424334749, 11.378733413515931 ], [ 7.769548322244304, 11.37883593758562 ], [ 7.769377193128037, 11.379124866781922 ], [ 7.768958876843783, 11.379115546775608 ], [ 7.768464503507914, 11.37897574168062 ], [ 7.76832189541102, 11.37897574168062 ], [ 7.76757082690068, 11.379152827800908 ], [ 7.76698138050017, 11.379469718016253 ], [ 7.766658137280558, 11.379479039022556 ], [ 7.765935589789649, 11.379348554933927 ], [ 7.765222551305158, 11.379348554933927 ], [ 7.764804235020904, 11.379283311889594 ], [ 7.763026390812968, 11.377801380882659 ], [ 7.760005240760222, 11.375406427255427 ], [ 7.757087549777793, 11.377113221415129 ], [ 7.756267553220653, 11.37572681247309 ], [ 7.755590165760395, 11.374188938428176 ], [ 7.754816426234697, 11.372430236233242 ], [ 7.754318580896438, 11.372499598280399 ], [ 7.754022205695037, 11.372466718258011 ], [ 7.753751673511204, 11.372374910195674 ], [ 7.752903658935054, 11.372084186998109 ], [ 7.752487454652226, 11.371910773880302 ], [ 7.752071253369479, 11.371655752706999 ], [ 7.751842340213898, 11.3715282426204 ], [ 7.75162383306548, 11.371492539596147 ], [ 7.75117641376147, 11.371497639599568 ], [ 7.750874666556456, 11.371446635564951 ], [ 7.750667225415498, 11.371434143556428 ], [ 7.750657879409118, 11.371444528563472 ], [ 7.750448084266566, 11.371677642721863 ], [ 7.750191390092198, 11.372069105987862 ], [ 7.749425583571849, 11.373252627791999 ], [ 7.749341399514662, 11.373361211865813 ], [ 7.749504970625765, 11.373524271976578 ], [ 7.749552506658063, 11.373733983119052 ], [ 7.749885258884206, 11.374316511514905 ], [ 7.750289314158692, 11.376751473169293 ], [ 7.750647792402276, 11.379115933775836 ], [ 7.750362575208499, 11.381725607549015 ], [ 7.749887214885518, 11.384381859353823 ], [ 7.748984033271825, 11.385873077367023 ], [ 7.748175920722758, 11.38759728753854 ], [ 7.745038549591072, 11.389181687615064 ], [ 7.739993187162952, 11.391367401100183 ], [ 7.73094828201738, 11.398194652738937 ], [ 7.719514904248967, 11.408776095928545 ], [ 7.722348716174395, 11.415519916510675 ], [ 7.70569209385701, 11.426028397650668 ], [ 7.700968041647229, 11.423865051180769 ], [ 7.696640511706846, 11.421557105612635 ], [ 7.694477605237296, 11.420322715773921 ], [ 7.694771586437014, 11.424126928358703 ], [ 7.694949845558142, 11.430242344513829 ], [ 7.695207600733283, 11.431490146361682 ], [ 7.693061753275288, 11.433996750064807 ], [ 7.693115563311835, 11.435183939871422 ], [ 7.69396738689062, 11.453977134640525 ], [ 7.693414417514873, 11.455759331851425 ], [ 7.692107179626703, 11.460534659096083 ], [ 7.689476205839071, 11.466146038908732 ], [ 7.687400396428643, 11.469605723259406 ], [ 7.686267728659061, 11.47104043823424 ], [ 7.682778251288141, 11.475756932438856 ], [ 7.675170904119284, 11.483252130531525 ], [ 7.679354413961789, 11.492178887596822 ], [ 7.680050861435006, 11.506551758362491 ], [ 7.682642170195663, 11.51067520216418 ], [ 7.682047968791949, 11.514459791735646 ], [ 7.682296549960824, 11.516548971155146 ], [ 7.681742822584567, 11.517886723064066 ], [ 7.680797475942256, 11.520350630738221 ], [ 7.679604869131936, 11.523740264041294 ], [ 7.697987018621745, 11.53537979494979 ], [ 7.700275288176556, 11.539562742791929 ], [ 7.71120349760173, 11.549004337207066 ], [ 7.716876703456421, 11.563394991984808 ], [ 7.717030800561133, 11.563915506338503 ], [ 7.71853993158652, 11.569013018802025 ], [ 7.716868408450807, 11.571671165608109 ], [ 7.713192939953444, 11.573236465671641 ], [ 7.711164944575557, 11.575869275460491 ], [ 7.709270576288418, 11.578316167123035 ], [ 7.706823683625885, 11.582183833750946 ], [ 7.705306817595215, 11.586044485374089 ], [ 7.704956242357014, 11.591295541941918 ], [ 7.704876690302967, 11.59248709775153 ], [ 7.706871185658144, 11.595021801473763 ], [ 7.710589094184286, 11.5974012620905 ], [ 7.715027943200255, 11.598239093659743 ], [ 7.718140342314996, 11.599647910616966 ], [ 7.721491625592023, 11.59971775866444 ], [ 7.72198313292597, 11.603416163177315 ], [ 7.728215732160777, 11.605367879503433 ], [ 7.736461717763518, 11.6085534666679 ], [ 7.739544721858294, 11.616753045239136 ], [ 7.745534249927857, 11.619407080042379 ], [ 7.75815504250312, 11.623737293984561 ], [ 7.766854121413701, 11.628626163306308 ], [ 7.779246970834095, 11.630092376302571 ], [ 7.783757519898813, 11.629375268815295 ], [ 7.786823964982318, 11.629824339120432 ], [ 7.789762934979194, 11.628467727198711 ], [ 7.791594143223392, 11.627118733282089 ], [ 7.793275363365694, 11.62550864518812 ], [ 7.796547121588731, 11.625359929087097 ], [ 7.796993271891836, 11.626698375996511 ], [ 7.796973117878167, 11.628508222226174 ], [ 7.797885570498124, 11.630564999623687 ], [ 7.801260855791497, 11.63261428201605 ], [ 7.805023952348336, 11.634431624250851 ], [ 7.807917247314208, 11.634522825312843 ], [ 7.810823889289111, 11.636364935564472 ], [ 7.813377366024099, 11.637743246500975 ], [ 7.814393079714193, 11.638149531777003 ], [ 7.816623824229907, 11.637554666372807 ], [ 7.820166792637167, 11.634908946575194 ], [ 7.828212504103874, 11.63588547123868 ], [ 7.83043838461623, 11.634558955337411 ], [ 7.831198024132391, 11.63279574513939 ], [ 7.831910031616133, 11.63226173777656 ], [ 7.832387752940747, 11.631903446533101 ], [ 7.835659513163762, 11.631903446533101 ], [ 7.839674853892006, 11.632200878735205 ], [ 7.841162015902455, 11.632944461240413 ], [ 7.842054313508697, 11.635472637958173 ], [ 7.843244045317078, 11.637852098574911 ], [ 7.843838908721295, 11.639785410888521 ], [ 7.844855958412325, 11.641844808287772 ], [ 7.847808488418423, 11.644444157053897 ], [ 7.851572158975671, 11.645585347829297 ], [ 7.852464455581924, 11.646477645435596 ], [ 7.853802903491328, 11.648262240648137 ], [ 7.855884929905983, 11.649451971456472 ], [ 7.857818243219583, 11.649749403658575 ], [ 7.860589065102204, 11.64954002651632 ], [ 7.863126170826035, 11.649043967179296 ], [ 7.865997639777106, 11.648857107052322 ], [ 7.866776641306387, 11.649964900805003 ], [ 7.865848923676026, 11.651385283770082 ], [ 7.865997639777106, 11.652723730679497 ], [ 7.867187370585441, 11.654210893689935 ], [ 7.867895245066393, 11.655390685491568 ], [ 7.868957112787882, 11.657064622628923 ], [ 7.869864264404271, 11.658374949519214 ], [ 7.870905279111582, 11.659267249125492 ], [ 7.871620365597437, 11.658895014872598 ], [ 7.87268987532417, 11.658523666620283 ], [ 7.873646301973963, 11.657567239970433 ], [ 7.875263857073037, 11.656350093143431 ], [ 7.878935958568036, 11.654359609791015 ] ] ] ] } },
{ "type": "Feature", "properties": { "fid": 382.0, "OBJECTID": 382.0, "lganame": "Kiru", "statecode": "KN", "LGA_UID": "19_24" }, "geometry": { "type": "MultiPolygon", "coordinates": [ [ [ [ 8.195296390520127, 11.795861253934731 ], [ 8.197792028215758, 11.789928348903572 ], [ 8.202486202405225, 11.788067018638912 ], [ 8.215435793203881, 11.788647068033015 ], [ 8.21576522642772, 11.787875269508618 ], [ 8.217028599286095, 11.776561586821515 ], [ 8.222627217090121, 11.771666752495719 ], [ 8.226262305559999, 11.773105074472937 ], [ 8.235822890055942, 11.781506746181492 ], [ 8.243416757215641, 11.786741829738503 ], [ 8.246892681577378, 11.788826083154675 ], [ 8.250879755286405, 11.788295133793895 ], [ 8.256304925972529, 11.789008972278907 ], [ 8.256737260266277, 11.78767370037167 ], [ 8.255686334552252, 11.772867786311735 ], [ 8.25452293576177, 11.764119316367555 ], [ 8.256365161013491, 11.76077838709756 ], [ 8.259493538139054, 11.756124287935336 ], [ 8.25806571916894, 11.754068425538435 ], [ 8.257079634498893, 11.751073393503475 ], [ 8.250002565690409, 11.744903080311019 ], [ 8.248350861568156, 11.74155710603759 ], [ 8.244888123215333, 11.737062138983504 ], [ 8.244294056811725, 11.735189345711035 ], [ 8.246934290605623, 11.735376354838081 ], [ 8.250794210228264, 11.736754004774127 ], [ 8.251744928874245, 11.733980081889399 ], [ 8.246931186603547, 11.730220856335166 ], [ 8.252398736318469, 11.727471332466962 ], [ 8.261351055401121, 11.725842758360443 ], [ 8.270953714925724, 11.724389824373247 ], [ 8.273031649337554, 11.724336853337263 ], [ 8.27061638869651, 11.717736477852611 ], [ 8.260854409063711, 11.716890687277953 ], [ 8.244368942862593, 11.71476820583581 ], [ 8.232446927762169, 11.71253399931777 ], [ 8.227598261467733, 11.708568236623194 ], [ 8.221736504484909, 11.70043566409754 ], [ 8.217791019804167, 11.694337780954299 ], [ 8.211987969861241, 11.685328175832694 ], [ 8.220215781451657, 11.680194301344443 ], [ 8.2189323095796, 11.675725311307986 ], [ 8.222925330292696, 11.673351129694822 ], [ 8.223733972842126, 11.669495714075254 ], [ 8.222811905215622, 11.666296818901799 ], [ 8.219701768102425, 11.663138777756046 ], [ 8.217665762719037, 11.660399992895179 ], [ 8.217987806937856, 11.657802485130276 ], [ 8.217930318898823, 11.656855114486575 ], [ 8.218144231044164, 11.655807612774879 ], [ 8.217930318898823, 11.654934692181769 ], [ 8.217680755729248, 11.653712598351376 ], [ 8.21750249560813, 11.65193182314141 ], [ 8.216575544978298, 11.649871696741684 ], [ 8.216325980808733, 11.646903691725072 ], [ 8.217181628390108, 11.646519595464099 ], [ 8.220415166587145, 11.646095569175998 ], [ 8.223028550362812, 11.645786316965825 ], [ 8.228518951093292, 11.644738774254108 ], [ 8.232695410931001, 11.643608120485851 ], [ 8.226044705412164, 11.638404545950266 ], [ 8.224504541365661, 11.636449076621659 ], [ 8.222108728737851, 11.633711396761498 ], [ 8.21985715520799, 11.630539131606099 ], [ 8.208798414694115, 11.633874992872677 ], [ 8.203126191840113, 11.627653876645695 ], [ 8.200956448365844, 11.629414165841752 ], [ 8.192221718431028, 11.624245944330198 ], [ 8.190375482176592, 11.619591850167922 ], [ 8.189730321738239, 11.615086471106736 ], [ 8.188542651931243, 11.608136066384304 ], [ 8.192389747545178, 11.607868373202393 ], [ 8.199158753144388, 11.607143710710034 ], [ 8.204867620023322, 11.606277161121227 ], [ 8.206937213429512, 11.603719016383081 ], [ 8.207728717967314, 11.601867708125212 ], [ 8.2094970561688, 11.599744347682474 ], [ 8.208470279471157, 11.597900365429609 ], [ 8.206987158463448, 11.59583285402482 ], [ 8.207044200502196, 11.594324119999726 ], [ 8.208812537703693, 11.592480100746798 ], [ 8.208983666819961, 11.590747829569807 ], [ 8.207605124883344, 11.589171547498779 ], [ 8.209447143134867, 11.587076031074957 ], [ 8.210923134137772, 11.58599799934251 ], [ 8.211699999665598, 11.583099999373474 ], [ 8.214927671858618, 11.579632465017426 ], [ 8.214260157405079, 11.576481794876713 ], [ 8.214131171317433, 11.574593090593396 ], [ 8.213559129928797, 11.569269808976458 ], [ 8.210955291159621, 11.560197574812321 ], [ 8.209928552461975, 11.5553493625182 ], [ 8.210053259546726, 11.552297970444897 ], [ 8.210409778788971, 11.54991109482313 ], [ 8.210825719071579, 11.547233113003585 ], [ 8.210706878990834, 11.544729759302697 ], [ 8.210290938708226, 11.542983220115957 ], [ 8.210290938708226, 11.540945576731474 ], [ 8.210706878990834, 11.538186002856492 ], [ 8.211800205733653, 11.534133921103319 ], [ 8.212655853315027, 11.53152565333113 ], [ 8.213226283702625, 11.529848897191812 ], [ 8.214177003348595, 11.527520051609486 ], [ 8.214937577865385, 11.525377498153716 ], [ 8.215317866123769, 11.522722571349846 ], [ 8.216458727898896, 11.520356403742142 ], [ 8.217428461557802, 11.517841166033122 ], [ 8.217770719790337, 11.515381800362093 ], [ 8.218059298986418, 11.51193456301985 ], [ 8.217433385561151, 11.511058327424507 ], [ 8.216463651902245, 11.509605033437083 ], [ 8.215151660010804, 11.508934279981304 ], [ 8.214752357739542, 11.507872250259709 ], [ 8.213582861944928, 11.500711318394224 ], [ 8.2128983454798, 11.498009575558513 ], [ 8.212470633189184, 11.496748643701778 ], [ 8.211900201801598, 11.495407072790215 ], [ 8.211386813452805, 11.494009597840716 ], [ 8.211101598259006, 11.492723913967154 ], [ 8.211158641297743, 11.491997221473412 ], [ 8.210588208910167, 11.491550024169555 ], [ 8.209675519290045, 11.491270524979655 ], [ 8.21001777752258, 11.490711527599842 ], [ 8.209632737260961, 11.490521468470661 ], [ 8.208848393728033, 11.489333593663559 ], [ 8.207022281487298, 11.488418530041827 ], [ 8.205952721760582, 11.486846329973616 ], [ 8.204215102579951, 11.483804451906792 ], [ 8.20321940490345, 11.482711986164531 ], [ 8.20161506681336, 11.480266288502776 ], [ 8.201469772714631, 11.478005855966899 ], [ 8.202031006095979, 11.476073615654059 ], [ 8.202947678718772, 11.474568781631604 ], [ 8.202803465620832, 11.47339493083399 ], [ 8.203159984863078, 11.470774454053526 ], [ 8.203333956981282, 11.468976742832069 ], [ 8.205833692679732, 11.465578865523355 ], [ 8.204306535642104, 11.464001002451255 ], [ 8.203935161389722, 11.463174070889409 ], [ 8.202750976585151, 11.4621776902124 ], [ 8.201956176045144, 11.461512413760374 ], [ 8.203378461011482, 11.458537276738923 ], [ 8.203200000890263, 11.458399999645678 ], [ 8.2041519985371, 11.456559002394783 ], [ 8.206192575923581, 11.452632608726958 ], [ 8.20174294190025, 11.450064145981855 ], [ 8.204799998977364, 11.443100002250048 ], [ 8.20935454507196, 11.439859371048158 ], [ 8.239376006470138, 11.455331237560586 ], [ 8.241920086198718, 11.456325617236189 ], [ 8.244867314201201, 11.45684741059074 ], [ 8.247168053764483, 11.456903317628758 ], [ 8.248676389789296, 11.456962874669216 ], [ 8.249592483411732, 11.456106269087172 ], [ 8.250294423888704, 11.454678593117137 ], [ 8.251043954397971, 11.453012969985423 ], [ 8.251829175931505, 11.451347346853709 ], [ 8.252401722320485, 11.449027662277615 ], [ 8.253802154272023, 11.445083705597881 ], [ 8.262916000464429, 11.439455313773635 ], [ 8.272819922193719, 11.437526607463155 ], [ 8.265982068547714, 11.427713977795975 ], [ 8.266883528160179, 11.413136236891035 ], [ 8.267445436542005, 11.410940828399362 ], [ 8.267528242598246, 11.410713827245161 ], [ 8.267812349791313, 11.410005699763985 ], [ 8.268102168988207, 11.409283295273156 ], [ 8.268310609129855, 11.408630846829851 ], [ 8.268282056110422, 11.408605148812399 ], [ 8.268336308147298, 11.408428116692107 ], [ 8.26836200616475, 11.408071198449591 ], [ 8.268384135179815, 11.407914153342915 ], [ 8.268394842187092, 11.407764247241062 ], [ 8.268548317291334, 11.40742160500821 ], [ 8.268683947383522, 11.407189606850579 ], [ 8.268773177444132, 11.40699092171559 ], [ 8.266436458856447, 11.405453913671295 ], [ 8.268032051940565, 11.403785950537952 ], [ 8.269208565739973, 11.40231812554066 ], [ 8.27074283078241, 11.399856872868327 ], [ 8.2712452821238, 11.397783564459644 ], [ 8.27433677322432, 11.394664979340689 ], [ 8.272671924093174, 11.389745002997813 ], [ 8.274123175079183, 11.381457893367099 ], [ 8.274553375371511, 11.379826848258915 ], [ 8.275287805870505, 11.37851967537074 ], [ 8.27503824170094, 11.378248221186311 ], [ 8.274699548470835, 11.377834630905284 ], [ 8.274592592398164, 11.377619096758849 ], [ 8.274586650394099, 11.377490941671738 ], [ 8.274634186426397, 11.377129778426365 ], [ 8.27471143247891, 11.376867643248261 ], [ 8.274657954442546, 11.376722012149287 ], [ 8.274509405341632, 11.37657638105037 ], [ 8.274142189092117, 11.376286282853243 ], [ 8.273944428957748, 11.376058758698662 ], [ 8.273744554821974, 11.375630456407634 ], [ 8.273696964789622, 11.375054626016379 ], [ 8.277506482377987, 11.370783494114335 ], [ 8.283302625316196, 11.369675375361453 ], [ 8.290253257038842, 11.363535013189335 ], [ 8.286886261751135, 11.358804794975413 ], [ 8.289952330834353, 11.353981151697951 ], [ 8.294800997128789, 11.35020606913298 ], [ 8.301340777572307, 11.346696528748396 ], [ 8.299730676478305, 11.345775646122718 ], [ 8.298726300795863, 11.344310249127034 ], [ 8.29806079834367, 11.338530895200222 ], [ 8.296349504180967, 11.333217513590057 ], [ 8.291786053080273, 11.327717593853095 ], [ 8.286652170592049, 11.323615891066197 ], [ 8.283788253646151, 11.320586706007987 ], [ 8.283324655331171, 11.31886156983586 ], [ 8.281898577362199, 11.319048014962505 ], [ 8.28066264152244, 11.321285351482686 ], [ 8.278095700778351, 11.319887017532608 ], [ 8.274768184517484, 11.319420906215896 ], [ 8.271345597191953, 11.318209010392479 ], [ 8.268873727512471, 11.316810662442379 ], [ 8.266877218155912, 11.314573290922169 ], [ 8.264405351476398, 11.313230860010037 ], [ 8.258605962535967, 11.312857961756663 ], [ 8.2556809715486, 11.315035737236371 ], [ 8.254251671577435, 11.317220844721078 ], [ 8.252939679685994, 11.318954792899206 ], [ 8.251171341484508, 11.322198925103407 ], [ 8.250600910096921, 11.323765045167534 ], [ 8.248775529856687, 11.325722682497656 ], [ 8.241017662585591, 11.326561666067732 ], [ 8.237366904105045, 11.327065055409719 ], [ 8.226756879896016, 11.325946410649692 ], [ 8.216727855081785, 11.32289436857593 ], [ 8.206780772323214, 11.318701682727237 ], [ 8.200242825880991, 11.32435762757018 ], [ 8.197249055846839, 11.328303765251405 ], [ 8.193455696269439, 11.333820342999616 ], [ 8.187391281148962, 11.340609549612566 ], [ 8.175464630045383, 11.34838008889227 ], [ 8.16744860459886, 11.354343509944158 ], [ 8.165246165102417, 11.362968230804256 ], [ 8.15432433268154, 11.369530029262705 ], [ 8.148754350896979, 11.373381996879914 ], [ 8.14993198769713, 11.375393113246389 ], [ 8.146133755116409, 11.377319538555298 ], [ 8.143330114211494, 11.377934576973189 ], [ 8.137068029956652, 11.380693107847492 ], [ 8.122913757339518, 11.386672796910375 ], [ 8.122308050927984, 11.391738072351984 ], [ 8.120668060813671, 11.394673824346739 ], [ 8.11874285450557, 11.398448316911299 ], [ 8.11724547248815, 11.402502346665813 ], [ 8.113721871094072, 11.408484263730259 ], [ 8.128576853187326, 11.411280053629866 ], [ 8.140579679342693, 11.416289108033311 ], [ 8.143324522207649, 11.420267574736442 ], [ 8.142558362687112, 11.43709903517265 ], [ 8.14038953621349, 11.456754361527544 ], [ 8.142885172909132, 11.460318381949094 ], [ 8.14874741089227, 11.4686880806359 ], [ 8.153881293380493, 11.477422974570857 ], [ 8.153453469089811, 11.48573834222077 ], [ 8.152455214411532, 11.489022496452208 ], [ 8.156091714882393, 11.492376484731096 ], [ 8.158965018834635, 11.49522431166605 ], [ 8.161703089695038, 11.49715281897636 ], [ 8.162473171218267, 11.503105950021222 ], [ 8.16178865275316, 11.505537474673361 ], [ 8.158366065427685, 11.509226645179979 ], [ 8.150081419798653, 11.519170437936339 ], [ 8.12099706303718, 11.52020805464133 ], [ 8.114469871602296, 11.521693367650528 ], [ 8.114466487599998, 11.521697533653366 ], [ 8.113988850275462, 11.522285461052832 ], [ 8.111870535836147, 11.521089699240349 ], [ 8.109999880565113, 11.520858258083081 ], [ 8.108514382555825, 11.522721380349026 ], [ 8.106874134441341, 11.523747526046236 ], [ 8.105417532451668, 11.523500107878135 ], [ 8.104098408555387, 11.522766508379675 ], [ 8.102993198804427, 11.522661708308476 ], [ 8.102155055234959, 11.523279874728473 ], [ 8.101531467811242, 11.523989174210442 ], [ 8.100747125278303, 11.523604907949334 ], [ 8.099463655406282, 11.52273157435593 ], [ 8.098394095679566, 11.521299301382783 ], [ 8.097574101122404, 11.520111555575738 ], [ 8.096397586323008, 11.519901954433351 ], [ 8.094793248232975, 11.519692351290928 ], [ 8.093402822288226, 11.519552616195995 ], [ 8.091798483198147, 11.519412881101061 ], [ 8.089980233962706, 11.519028607839971 ], [ 8.08894632726026, 11.518644334578823 ], [ 8.086593296661476, 11.517386710724338 ], [ 8.085221768729582, 11.515967504760056 ], [ 8.083498590558747, 11.51381321829632 ], [ 8.082866479129279, 11.511568962771491 ], [ 8.082942537180941, 11.510749158214423 ], [ 8.082448162845026, 11.509892087632124 ], [ 8.08174463136703, 11.509109542100418 ], [ 8.081668573315369, 11.508420154632006 ], [ 8.081858717444561, 11.507414019948385 ], [ 8.082277033728758, 11.50665010042934 ], [ 8.082239004702956, 11.505960706960934 ], [ 8.081915760483298, 11.505513531657073 ], [ 8.081250257031115, 11.505401738581156 ], [ 8.080057791220895, 11.505248104476721 ], [ 8.078512187170759, 11.50517815142922 ], [ 8.0766111618791, 11.50492457025689 ], [ 8.074652267548117, 11.504898666239342 ], [ 8.073492390760009, 11.504619181049407 ], [ 8.072674773204483, 11.504190635758221 ], [ 8.072142369842766, 11.503650297391118 ], [ 8.071438838364713, 11.502830468834077 ], [ 8.068845321602566, 11.502312684482263 ], [ 8.068407946305399, 11.502185785396023 ], [ 8.067961108001782, 11.501850400168166 ], [ 8.06770005382441, 11.50124843675917 ], [ 8.067174388467208, 11.500380754169612 ], [ 8.066468479987577, 11.500220048060442 ], [ 8.065776831517667, 11.500066328955995 ], [ 8.065185009115567, 11.50004536694172 ], [ 8.064336491538995, 11.500324857131602 ], [ 8.063545019001253, 11.500709154392723 ], [ 8.062575286342337, 11.501044540620626 ], [ 8.06189076787723, 11.500918770535179 ], [ 8.061384509533298, 11.500583384307276 ], [ 8.061106425344349, 11.499975493894226 ], [ 8.061085034329778, 11.49940952650968 ], [ 8.061134946363723, 11.498948367196363 ], [ 8.061156338378225, 11.498508168897274 ], [ 8.060935295228035, 11.498165790664643 ], [ 8.060678601053667, 11.49771161735606 ], [ 8.060129560680593, 11.497461239185952 ], [ 8.059610435327897, 11.497394329140491 ], [ 8.058864312820901, 11.497529559232362 ], [ 8.058461049546906, 11.497517137223895 ], [ 8.058066501278859, 11.497451922179607 ], [ 8.05776702507535, 11.497293543071976 ], [ 8.057362968800817, 11.497069948920057 ], [ 8.056835320442303, 11.496678658654218 ], [ 8.056654684319597, 11.49623612835353 ], [ 8.056559612255001, 11.495779621043368 ], [ 8.056550105248505, 11.495383670774345 ], [ 8.056521583229141, 11.494964429489471 ], [ 8.056511284222154, 11.494571583222523 ], [ 8.056582587270611, 11.494210567977234 ], [ 8.056499400214079, 11.493907780771508 ], [ 8.056012155883025, 11.493313851367986 ], [ 8.055691287665013, 11.493139166249307 ], [ 8.055465492511587, 11.492929543106868 ], [ 8.055120857277416, 11.492638400909016 ], [ 8.054942597156298, 11.492265736655838 ], [ 8.054835641083628, 11.49189307440264 ], [ 8.05476433803517, 11.49138066005446 ], [ 8.054760392032506, 11.490919991741464 ], [ 8.054427250806157, 11.490528235475267 ], [ 8.054098833582998, 11.490355831358158 ], [ 8.053896806445721, 11.490216081263213 ], [ 8.053516519187326, 11.490239373278996 ], [ 8.053159998945091, 11.490227727271076 ], [ 8.052910435775573, 11.490076331168211 ], [ 8.052755943670547, 11.489913290057473 ], [ 8.052672755614026, 11.489785185970391 ], [ 8.052340004387986, 11.489668726891296 ], [ 8.051947833121517, 11.48952897679635 ], [ 8.051674500935803, 11.489435809733038 ], [ 8.051436820774313, 11.489261122614323 ], [ 8.051294212677419, 11.489086435495665 ], [ 8.051319973694888, 11.488910836376363 ], [ 8.051365516725866, 11.488504141100009 ], [ 8.051365516725866, 11.48816640987053 ], [ 8.051151605580515, 11.487956783728123 ], [ 8.050795086338269, 11.487805386625212 ], [ 8.050260306974906, 11.487875261672684 ], [ 8.049808714668075, 11.487980075743906 ], [ 8.049547267490425, 11.488108180830977 ], [ 8.048976836102838, 11.488026658775595 ], [ 8.048644084876742, 11.487968429736043 ], [ 8.048346984674879, 11.487898553688524 ], [ 8.048049885473006, 11.487805386625212 ], [ 8.047847857335739, 11.487653989522357 ], [ 8.047705250238891, 11.48743271737203 ], [ 8.047420034045047, 11.487071693126722 ], [ 8.047384382020823, 11.486803835944727 ], [ 8.047299999963514, 11.486599999806231 ], [ 8.046956557730141, 11.486477748723189 ], [ 8.046671342536399, 11.486535978762731 ], [ 8.046374243334526, 11.486792189936807 ], [ 8.046053375116514, 11.486920296023868 ], [ 8.045803811946939, 11.487094985142562 ], [ 8.045684971866194, 11.487188153205864 ], [ 8.045448915705776, 11.487455729387648 ], [ 8.044651065163691, 11.487863615664821 ], [ 8.044222398872421, 11.487743712583324 ], [ 8.044009329727658, 11.487793740617349 ], [ 8.04372411353387, 11.487700573554037 ], [ 8.043106147113974, 11.487560823459091 ], [ 8.042547599734462, 11.487502593419492 ], [ 8.042494190698221, 11.487487398409201 ], [ 8.042179196484199, 11.48739778034826 ], [ 8.041798908225758, 11.487537531443252 ], [ 8.041549345056239, 11.487490947411573 ], [ 8.041338578912985, 11.487312961290627 ], [ 8.041202756820724, 11.487108617151819 ], [ 8.040836304571712, 11.486943588039708 ], [ 8.04055109037796, 11.487036755102963 ], [ 8.040230222159948, 11.487153215182104 ], [ 8.040123266087278, 11.48739778034826 ], [ 8.039968773982309, 11.48772386456983 ], [ 8.039861818909628, 11.488096534823057 ], [ 8.039671674780436, 11.488504141100009 ], [ 8.039564718707766, 11.489109725511469 ], [ 8.03946964664317, 11.489703664914998 ], [ 8.039172547441297, 11.490833308682568 ], [ 8.039099999392022, 11.491700001271454 ], [ 8.0358302681704, 11.493379057412255 ], [ 8.032219791717239, 11.497322756091819 ], [ 8.03220890270984, 11.497323883092633 ], [ 8.031955929537958, 11.497673069329835 ], [ 8.031829997452405, 11.497686096338725 ], [ 8.031819108445006, 11.497687223339483 ], [ 8.029020289543325, 11.501550471964379 ], [ 8.028448526154818, 11.502336897498708 ], [ 8.028441949150363, 11.50234594250486 ], [ 8.02475191764313, 11.507421043953173 ], [ 8.024751959643197, 11.507421236953292 ], [ 8.026898518101689, 11.517356208703632 ], [ 8.031155021993754, 11.534299082215512 ], [ 8.02856191923189, 11.539355972651435 ], [ 8.023935240088235, 11.538137812823777 ], [ 8.022093221836712, 11.534644641450313 ], [ 8.020072944464005, 11.533480240659173 ], [ 8.013568222044341, 11.533930746965268 ], [ 8.010769586142828, 11.536107123443969 ], [ 7.996836718676093, 11.5389818173972 ], [ 7.990926206660163, 11.540614991506857 ], [ 7.986101309381866, 11.540684854554343 ], [ 7.985293197832789, 11.542850579025867 ], [ 7.984970083613291, 11.54372322261878 ], [ 7.983106544347095, 11.544434109101815 ], [ 7.982940168234052, 11.545435454782137 ], [ 7.982963936250201, 11.546436796462501 ], [ 7.982784489128278, 11.547262357023442 ], [ 7.981906712531838, 11.547771012369083 ], [ 7.981965681571921, 11.54867233698144 ], [ 7.982512344943359, 11.549673666661818 ], [ 7.98346306358934, 11.550931146516234 ], [ 7.983255835448517, 11.55259561864716 ], [ 7.982750025104849, 11.552887214845271 ], [ 7.981062498958238, 11.553166652035145 ], [ 7.980206852376853, 11.553678952383223 ], [ 7.980492066570662, 11.554517260952821 ], [ 7.981419018200484, 11.555239135443287 ], [ 7.981823074475017, 11.556473303281848 ], [ 7.981564980299652, 11.558068516365722 ], [ 7.981205106055143, 11.559942916639272 ], [ 7.981585394313527, 11.560990778351254 ], [ 7.982274664781869, 11.561386635620238 ], [ 7.983653207718532, 11.561177064477818 ], [ 7.98396219092848, 11.561992065031575 ], [ 7.983605671686234, 11.563133060806877 ], [ 7.983249152443989, 11.564390479661199 ], [ 7.983035240298648, 11.566369739006007 ], [ 7.982773793120998, 11.569024252809641 ], [ 7.982235583755312, 11.570508675818246 ], [ 7.981561626297378, 11.571702025629065 ], [ 7.98101496292594, 11.573308677720718 ], [ 7.981656698361974, 11.574892035796495 ], [ 7.98198944958807, 11.576242539714144 ], [ 7.981353984156272, 11.576909877167566 ], [ 7.980254388409151, 11.577825880789931 ], [ 7.98010383630691, 11.579254321760516 ], [ 7.978304154084071, 11.582629294053618 ], [ 7.977473534519731, 11.583646911745063 ], [ 7.977711213681232, 11.5846015503937 ], [ 7.978875845472544, 11.585346629899902 ], [ 7.980192238366953, 11.586413018624512 ], [ 7.980088012296108, 11.587395592292125 ], [ 7.979184828682435, 11.587977679687583 ], [ 7.977806285745828, 11.58872275219386 ], [ 7.97873323737565, 11.590096473127232 ], [ 7.979256132730882, 11.591353769981481 ], [ 7.978828309440246, 11.592378230677582 ], [ 7.977734981697381, 11.593472537421121 ], [ 7.976247178686492, 11.594385848041668 ], [ 7.975001665840182, 11.595102346528449 ], [ 7.973810962031166, 11.599624470601043 ], [ 7.970909314059611, 11.60591247787346 ], [ 7.966659713172248, 11.606759378448885 ], [ 7.963597119091332, 11.608312736504331 ], [ 7.963211602829404, 11.608673762749618 ], [ 7.963207323826509, 11.608675932751112 ], [ 7.959881797566936, 11.611790183867072 ], [ 7.955251086420617, 11.614023252384357 ], [ 7.955258048425321, 11.614195113501125 ], [ 7.955607604662816, 11.622823463363659 ], [ 7.955423038537447, 11.632014332608435 ], [ 7.955326321471716, 11.636812212868392 ], [ 7.955235360409915, 11.641324478934223 ], [ 7.954998428248928, 11.647461180103846 ], [ 7.953888104494524, 11.655323116445686 ], [ 7.958166339401373, 11.660560592004288 ], [ 7.962206894146732, 11.662073622032324 ], [ 7.967317007618817, 11.661840848874135 ], [ 7.972070602848703, 11.667892892986231 ], [ 7.978487956208994, 11.665681584483764 ], [ 7.982409670873608, 11.668125661144416 ], [ 7.96993148539525, 11.676970711154183 ], [ 7.9594735772896, 11.687095620033574 ], [ 7.958589846689165, 11.692824330925987 ], [ 7.962801093550468, 11.693030739066216 ], [ 7.966960489376618, 11.687211996112637 ], [ 7.976824197078543, 11.686397361559159 ], [ 7.988351663910919, 11.686397361559159 ], [ 8.02069492688662, 11.69264860380656 ], [ 8.027925338799321, 11.693379859303434 ], [ 8.032441253867717, 11.6891903824569 ], [ 8.033986171917377, 11.686164609401033 ], [ 8.038044129674574, 11.684102669000026 ], [ 8.041710763165895, 11.684186201056775 ], [ 8.048033615461975, 11.680046399243963 ], [ 8.051198240612166, 11.685151489712609 ], [ 8.052053888193541, 11.689387578590868 ], [ 8.053384895097906, 11.69106337572947 ], [ 8.054097933582398, 11.692832261931358 ], [ 8.05476343703458, 11.694880432322975 ], [ 8.054715901002282, 11.696323452303488 ], [ 8.054715901002282, 11.697999207442081 ], [ 8.054715901002282, 11.699814596675537 ], [ 8.055282979387584, 11.701873461074456 ], [ 8.056712411358831, 11.703631533268947 ], [ 8.058186025360044, 11.704515936869882 ], [ 8.05828109742464, 11.706852613457556 ], [ 8.059041671941429, 11.710483264924392 ], [ 8.059587055311965, 11.713269437817473 ], [ 8.060562997975126, 11.714686374780229 ], [ 8.060657894039593, 11.716627337098998 ], [ 8.061466004588624, 11.717278972541749 ], [ 8.06156107665322, 11.718116789111036 ], [ 8.062844547525287, 11.720723308882043 ], [ 8.063557587009768, 11.722957450400031 ], [ 8.063937875268152, 11.724307235317099 ], [ 8.064270626494249, 11.725796645329126 ], [ 8.064924245938357, 11.728624175250275 ], [ 8.066290903866957, 11.729147787606053 ], [ 8.068708220509393, 11.730331464410312 ], [ 8.069656921153978, 11.734310452113846 ], [ 8.070278665576438, 11.737327079163492 ], [ 8.075441572084401, 11.742559112718425 ], [ 8.079124520586788, 11.748387555678562 ], [ 8.081113576938264, 11.75101220146189 ], [ 8.082842219112763, 11.752745985639933 ], [ 8.085840340149844, 11.75317428893095 ], [ 8.088124621701922, 11.752888753736897 ], [ 8.091979350321026, 11.756600714259037 ], [ 8.094427527984465, 11.759701911366164 ], [ 8.097261752910185, 11.76316802472121 ], [ 8.099501755432129, 11.764950003931972 ], [ 8.10201789214176, 11.76846520532041 ], [ 8.104726009981789, 11.77022171951387 ], [ 8.107723153018185, 11.770932972997116 ], [ 8.110681913028543, 11.770734711862417 ], [ 8.112729262419634, 11.769201933820966 ], [ 8.11555887734221, 11.768157273111171 ], [ 8.117152103424758, 11.768171468120784 ], [ 8.11923364083907, 11.76938123094277 ], [ 8.122436780015448, 11.772239372884769 ], [ 8.126310325647296, 11.776083854496903 ], [ 8.128783727327857, 11.777798594661988 ], [ 8.131646449272978, 11.779216243625228 ], [ 8.133341360424595, 11.781424982125941 ], [ 8.132489522845788, 11.782296814718336 ], [ 8.132036299537845, 11.783578317589047 ], [ 8.132226442667047, 11.785765415075048 ], [ 8.133604985603711, 11.788510894940487 ], [ 8.13664728567079, 11.789860358857368 ], [ 8.141134292719528, 11.790183438076895 ], [ 8.146999999704974, 11.789392019539207 ], [ 8.150456479053503, 11.78839456186148 ], [ 8.154868336051152, 11.788615787011793 ], [ 8.156139057914515, 11.788668703047733 ], [ 8.157652472942857, 11.78972280976393 ], [ 8.158223544330838, 11.791293254830975 ], [ 8.162906022512402, 11.792542377679695 ], [ 8.171621340434001, 11.794462685984456 ], [ 8.175070127777303, 11.793863072577039 ], [ 8.178808532317362, 11.795316896564827 ], [ 8.183636187597529, 11.797860567293185 ], [ 8.187493021218074, 11.801061021467717 ], [ 8.188245257729193, 11.801012520434767 ], [ 8.191077504653549, 11.800453617055041 ], [ 8.195296390520127, 11.795861253934731 ] ] ] ] } },
{ "type": "Feature", "properties": { "fid": 419.0, "OBJECTID": 419.0, "lganame": "Gwarzo", "statecode": "KN", "LGA_UID": "19_19" }, "geometry": { "type": "MultiPolygon", "coordinates": [ [ [ [ 7.904149243699294, 11.970184546379187 ], [ 7.90571793076515, 11.965952802503921 ], [ 7.921017198160314, 11.960245970626431 ], [ 7.925719583355317, 11.963418459781963 ], [ 7.927602954635006, 11.964091427239225 ], [ 7.939604118789248, 11.972797916154889 ], [ 7.941205629877402, 11.973043471321716 ], [ 7.954207446711507, 11.97593775028821 ], [ 7.961617078745974, 11.976285496524497 ], [ 7.964852868944547, 11.976085911388907 ], [ 7.965758681560033, 11.975379733909108 ], [ 7.966882035323295, 11.974071118019936 ], [ 7.969353904002787, 11.972234296771887 ], [ 7.972087220859976, 11.971792528471724 ], [ 7.978005445881138, 11.972652815056279 ], [ 7.981239439078479, 11.972865606200855 ], [ 7.98332891749817, 11.97307560734356 ], [ 7.983360989519952, 11.973079586346273 ], [ 7.983289686471494, 11.974090998033432 ], [ 7.983135599366847, 11.974787233506504 ], [ 7.982707776076154, 11.97712392509419 ], [ 7.983242555439517, 11.979495470705558 ], [ 7.983243569440162, 11.982163026518037 ], [ 7.983244106440566, 11.983575933478051 ], [ 7.984785724488006, 11.985872005038118 ], [ 7.992121310472214, 11.993680160343388 ], [ 8.00031910104218, 11.998123379362312 ], [ 8.002605917595986, 11.999103069027967 ], [ 8.004203124681226, 11.999047272990083 ], [ 8.005286945417595, 11.99826611645932 ], [ 8.005743289727661, 11.996982782587338 ], [ 8.006028505921449, 11.995866835829133 ], [ 8.007682757045472, 11.994806682108788 ], [ 8.009804681487196, 11.993116795960589 ], [ 8.014235707497903, 11.991911435141617 ], [ 8.01675261520802, 11.989003662165885 ], [ 8.019718858223428, 11.988501470824701 ], [ 8.020172474531648, 11.987502150145701 ], [ 8.02182945365746, 11.9847071132466 ], [ 8.022970317432623, 11.983033114109219 ], [ 8.025023869827919, 11.982084511464677 ], [ 8.027191509300735, 11.98180551027508 ], [ 8.028788716385975, 11.980856901630546 ], [ 8.02964436296736, 11.979127078455235 ], [ 8.025886682414182, 11.975902519264309 ], [ 8.024821835690659, 11.972673396070263 ], [ 8.012164147090346, 11.95740739869774 ], [ 8.006875773497143, 11.950867624254272 ], [ 8.005390274487809, 11.943194087040467 ], [ 8.005499999562403, 11.94119999868559 ], [ 8.007902822194978, 11.941800144093349 ], [ 8.010778746149015, 11.942148947330338 ], [ 8.01409152539992, 11.938092874574409 ], [ 8.014847245913415, 11.938946343154328 ], [ 8.015263186196023, 11.940864778457808 ], [ 8.015229707173262, 11.94249888056811 ], [ 8.018824845615995, 11.94282818979184 ], [ 8.020500000754168, 11.942999999908579 ], [ 8.022399999045149, 11.943200000044499 ], [ 8.025435096107344, 11.943787018443345 ], [ 8.02870803833116, 11.944460006900613 ], [ 8.031021594903109, 11.945170506383363 ], [ 8.033000000247341, 11.945799998811026 ], [ 8.034344834161118, 11.946295466147717 ], [ 8.034899997538275, 11.946500000286676 ], [ 8.036999999965133, 11.947399999898153 ], [ 8.03895960729659, 11.948270938489941 ], [ 8.046845899654954, 11.951733002842275 ], [ 8.04750062809984, 11.948537799671271 ], [ 8.047054977797018, 11.94522422541985 ], [ 8.047322734978991, 11.944926134217326 ], [ 8.047916567382458, 11.944265024768129 ], [ 8.049312936331205, 11.944119690669368 ], [ 8.049797284660315, 11.944342685820857 ], [ 8.050323075017559, 11.944584758985343 ], [ 8.051698592952164, 11.943807728457386 ], [ 8.0539476904803, 11.943712757392859 ], [ 8.056057097913538, 11.943567423294098 ], [ 8.057453465862295, 11.943305821116383 ], [ 8.057551132928666, 11.943007217913475 ], [ 8.057928826185332, 11.941852476128872 ], [ 8.057512885902668, 11.939439905489678 ], [ 8.058394102501438, 11.938445145813773 ], [ 8.062957553602075, 11.936380193410741 ], [ 8.064725890803572, 11.935487235804032 ], [ 8.071285852260758, 11.932696724907998 ], [ 8.077242982308348, 11.932710299917233 ], [ 8.081064871905141, 11.93388231771354 ], [ 8.083974070881823, 11.93360326652396 ], [ 8.08579036611593, 11.926332021583448 ], [ 8.091256668829999, 11.926645596796561 ], [ 8.097328554955595, 11.929679185857708 ], [ 8.098446924715461, 11.935037591498485 ], [ 8.105089794228945, 11.933637232547028 ], [ 8.111997888922701, 11.931531826116498 ], [ 8.114146616382641, 11.925577740070992 ], [ 8.122054221755491, 11.905337695318792 ], [ 8.12343915069647, 11.899932802646447 ], [ 8.121346324274498, 11.899365162260779 ], [ 8.119088365740311, 11.898609300747182 ], [ 8.117186929448394, 11.897620864075577 ], [ 8.114006774287645, 11.897595281058216 ], [ 8.098662170861701, 11.895418381579134 ], [ 8.095648840814306, 11.894071536664001 ], [ 8.090695150448482, 11.893262770114461 ], [ 8.085020362592729, 11.890520182251009 ], [ 8.081882990461054, 11.885589443900813 ], [ 8.076842010035932, 11.879758465938949 ], [ 8.074132461194893, 11.879339805654467 ], [ 8.073609564839614, 11.877432566358607 ], [ 8.075208962926354, 11.867254612443162 ], [ 8.072373217999598, 11.86485413881212 ], [ 8.065833143555892, 11.862262220051036 ], [ 8.050581930193459, 11.854765778957585 ], [ 8.050635248229639, 11.854663554888134 ], [ 8.048897041048633, 11.844893248249662 ], [ 8.048185570565238, 11.842567405669342 ], [ 8.040815348557487, 11.844369510893785 ], [ 8.037250153135119, 11.842904005898049 ], [ 8.031077559941139, 11.836250881377566 ], [ 8.028409260128171, 11.834813444400879 ], [ 8.026233697649957, 11.833343138401915 ], [ 8.025211674955528, 11.83308143022407 ], [ 8.02455805551142, 11.833093061231978 ], [ 8.023975741115805, 11.832825538050201 ], [ 8.012943726620051, 11.8293096386613 ], [ 8.00973159443754, 11.828718441259639 ], [ 8.005001768223849, 11.828811495322839 ], [ 8.001531643866088, 11.83032360235029 ], [ 7.998611337881869, 11.83178036534008 ], [ 7.991569141097045, 11.83215936659758 ], [ 7.985021309648062, 11.82850292711322 ], [ 7.982266654776424, 11.825987691404237 ], [ 7.981903274529543, 11.825376150988689 ], [ 7.978263098056175, 11.822991017368111 ], [ 7.967020424417342, 11.820553859712163 ], [ 7.95025949302908, 11.818167461090752 ], [ 7.94557219584425, 11.817721259787561 ], [ 7.934693879452936, 11.818035946001373 ], [ 7.934651818424356, 11.81803693200203 ], [ 7.932485733952603, 11.817750368807367 ], [ 7.92358374190411, 11.816393294885302 ], [ 7.905361018522626, 11.813186216706242 ], [ 7.905714384762746, 11.812233998059241 ], [ 7.910439644973337, 11.799633289497649 ], [ 7.9069361785929, 11.78846083390647 ], [ 7.899056030238683, 11.780035805182081 ], [ 7.857506040007422, 11.794943217310959 ], [ 7.854975180287852, 11.801902478039437 ], [ 7.855532134666248, 11.810936788177855 ], [ 7.855323080524215, 11.817255320470963 ], [ 7.853000920946442, 11.824344345287614 ], [ 7.854473156946767, 11.83230242669481 ], [ 7.854918807249533, 11.833262022346787 ], [ 7.852334041493293, 11.835995395204009 ], [ 7.855177951425617, 11.842523576639564 ], [ 7.85558440770177, 11.845623373745752 ], [ 7.860361769947758, 11.863487863883847 ], [ 7.865105310170804, 11.873462987661469 ], [ 7.862841567632699, 11.874246594193892 ], [ 7.85987240461526, 11.876863326971829 ], [ 7.855368936555408, 11.881496348119754 ], [ 7.848209579690945, 11.886129290267604 ], [ 7.847689957337877, 11.893341342167844 ], [ 7.843712025635057, 11.901946553014682 ], [ 7.829526780996844, 11.922049633673794 ], [ 7.828642481396002, 11.930938420713289 ], [ 7.828649461400744, 11.938894805119276 ], [ 7.827986704950433, 11.942975960892227 ], [ 7.826216259747525, 11.953329438926971 ], [ 7.831798488540358, 11.963992492171997 ], [ 7.833395843625681, 11.969740261077334 ], [ 7.829349077876088, 11.968646744334364 ], [ 7.834676900496106, 11.980190557177821 ], [ 7.844799999374288, 11.995000001240157 ], [ 7.855596983710313, 12.00023115279447 ], [ 7.856705600463556, 12.001227859471669 ], [ 7.858477951667794, 12.004126590441217 ], [ 7.85973590752252, 12.008163023183783 ], [ 7.862991388734486, 12.017696402661272 ], [ 7.86557850049229, 12.021391929172239 ], [ 7.884411077288121, 12.020989888899067 ], [ 7.885543366057504, 12.01352141082458 ], [ 7.887024420063767, 11.996178085040583 ], [ 7.889020930420315, 11.990179797965027 ], [ 7.88912618249185, 11.989713369648143 ], [ 7.892079922498795, 11.989217250311015 ], [ 7.894892921410076, 11.98508982150662 ], [ 7.897969570500493, 11.984832376331724 ], [ 7.901344623793705, 11.975448555955836 ], [ 7.902834673806126, 11.972894195220306 ], [ 7.904149243699294, 11.970184546379187 ] ] ] ] } },
{ "type": "Feature", "properties": { "fid": 425.0, "OBJECTID": 425.0, "lganame": "Karaye", "statecode": "KN", "LGA_UID": "19_22" }, "geometry": { "type": "MultiPolygon", "coordinates": [ [ [ [ 8.080407493458495, 11.859691196304141 ], [ 8.07860715623525, 11.848343926594225 ], [ 8.096124524137508, 11.850461218032819 ], [ 8.107354890767965, 11.853136266850413 ], [ 8.113555285980851, 11.855580477511126 ], [ 8.120314453573428, 11.859217904982586 ], [ 8.122214114864164, 11.85705610551372 ], [ 8.128583006191491, 11.851937362035812 ], [ 8.133476735516581, 11.840367283174487 ], [ 8.133853709772723, 11.83813292465635 ], [ 8.137322420129522, 11.832254457662202 ], [ 8.137480797237117, 11.823302179579514 ], [ 8.138669196044589, 11.817195387430274 ], [ 8.138836261158133, 11.814696818732614 ], [ 8.139192781400368, 11.812370365151878 ], [ 8.138836261158133, 11.810741835045349 ], [ 8.139430459561822, 11.808822483741267 ], [ 8.14008408000592, 11.806554142200014 ], [ 8.140202920086665, 11.804402107737815 ], [ 8.141222471779429, 11.803349622022722 ], [ 8.142163777419, 11.802133730196545 ], [ 8.143050519021472, 11.800568761133263 ], [ 8.143708696468707, 11.798818374943949 ], [ 8.144715914153039, 11.796815653583167 ], [ 8.143314203200646, 11.793894167598182 ], [ 8.141134292719528, 11.790183438076895 ], [ 8.13664728567079, 11.789860358857368 ], [ 8.133604985603711, 11.788510894940487 ], [ 8.132226442667047, 11.785765415075048 ], [ 8.132036299537845, 11.783578317589047 ], [ 8.132489522845788, 11.782296814718336 ], [ 8.133341360424595, 11.781424982125941 ], [ 8.131646449272978, 11.779216243625228 ], [ 8.128783727327857, 11.777798594661988 ], [ 8.126310325647296, 11.776083854496903 ], [ 8.122436780015448, 11.772239372884769 ], [ 8.11923364083907, 11.76938123094277 ], [ 8.117152103424758, 11.768171468120784 ], [ 8.11555887734221, 11.768157273111171 ], [ 8.112729262419634, 11.769201933820966 ], [ 8.110681913028543, 11.770734711862417 ], [ 8.107723153018185, 11.770932972997116 ], [ 8.104726009981789, 11.77022171951387 ], [ 8.10201789214176, 11.76846520532041 ], [ 8.099501755432129, 11.764950003931972 ], [ 8.097261752910185, 11.76316802472121 ], [ 8.094427527984465, 11.759701911366164 ], [ 8.091979350321026, 11.756600714259037 ], [ 8.088124621701922, 11.752888753736897 ], [ 8.085840340149844, 11.75317428893095 ], [ 8.082842219112763, 11.752745985639933 ], [ 8.081113576938264, 11.75101220146189 ], [ 8.079124520586788, 11.748387555678562 ], [ 8.075441572084401, 11.742559112718425 ], [ 8.070278665576438, 11.737327079163492 ], [ 8.069656921153978, 11.734310452113846 ], [ 8.068708220509393, 11.730331464410312 ], [ 8.066290903866957, 11.729147787606053 ], [ 8.064924245938357, 11.728624175250275 ], [ 8.064270626494249, 11.725796645329126 ], [ 8.063937875268152, 11.724307235317099 ], [ 8.063557587009768, 11.722957450400031 ], [ 8.062844547525287, 11.720723308882043 ], [ 8.06156107665322, 11.718116789111036 ], [ 8.061466004588624, 11.717278972541749 ], [ 8.060657894039593, 11.716627337098998 ], [ 8.060562997975126, 11.714686374780229 ], [ 8.059587055311965, 11.713269437817473 ], [ 8.059041671941429, 11.710483264924392 ], [ 8.05828109742464, 11.706852613457556 ], [ 8.058186025360044, 11.704515936869882 ], [ 8.056712411358831, 11.703631533268947 ], [ 8.055282979387584, 11.701873461074456 ], [ 8.054715901002282, 11.699814596675537 ], [ 8.054715901002282, 11.697999207442081 ], [ 8.054715901002282, 11.696323452303488 ], [ 8.05476343703458, 11.694880432322975 ], [ 8.054097933582398, 11.692832261931358 ], [ 8.053384895097906, 11.69106337572947 ], [ 8.052053888193541, 11.689387578590868 ], [ 8.051198240612166, 11.685151489712609 ], [ 8.048033615461975, 11.680046399243963 ], [ 8.041710763165895, 11.684186201056775 ], [ 8.038044129674574, 11.684102669000026 ], [ 8.033986171917377, 11.686164609401033 ], [ 8.032441253867717, 11.6891903824569 ], [ 8.027925338799321, 11.693379859303434 ], [ 8.02069492688662, 11.69264860380656 ], [ 7.988351663910919, 11.686397361559159 ], [ 7.976824197078543, 11.686397361559159 ], [ 7.966960489376618, 11.687211996112637 ], [ 7.962801093550468, 11.693030739066216 ], [ 7.958589846689165, 11.692824330925987 ], [ 7.9594735772896, 11.687095620033574 ], [ 7.96993148539525, 11.676970711154183 ], [ 7.982409670873608, 11.668125661144416 ], [ 7.978487956208994, 11.665681584483764 ], [ 7.972070602848703, 11.667892892986231 ], [ 7.967317007618817, 11.661840848874135 ], [ 7.962206894146732, 11.662073622032324 ], [ 7.958166339401373, 11.660560592004288 ], [ 7.953888104494524, 11.655323116445686 ], [ 7.948540309860959, 11.657418117869099 ], [ 7.946757711649752, 11.658582000659919 ], [ 7.943073676146639, 11.657418117869099 ], [ 7.942479476742903, 11.653111706943093 ], [ 7.9385577610783, 11.652646144626772 ], [ 7.932615768040989, 11.653693658338511 ], [ 7.934754886494375, 11.645662621881797 ], [ 7.926792615084423, 11.644847867328224 ], [ 7.926549932919499, 11.641831664278868 ], [ 7.923281674698899, 11.641877906310299 ], [ 7.920615502887358, 11.642532519755036 ], [ 7.920018743481876, 11.646360983356317 ], [ 7.917047746463254, 11.648106874542577 ], [ 7.9142151675386, 11.64999556782584 ], [ 7.908966634972501, 11.650318324045145 ], [ 7.901046952591457, 11.649646960588996 ], [ 7.90230297044485, 11.653218496015654 ], [ 7.900948193524357, 11.661528641662017 ], [ 7.892890852049732, 11.664740900844606 ], [ 7.891892597371509, 11.667534138742496 ], [ 7.896883870762849, 11.673050702490741 ], [ 7.897668214295777, 11.674517112487081 ], [ 7.896598654569061, 11.67563437124619 ], [ 7.894442998104353, 11.678982099520852 ], [ 7.895315185696973, 11.683300000454665 ], [ 7.893531578485124, 11.68709739703479 ], [ 7.891607381177721, 11.691066054731323 ], [ 7.892391723710602, 11.692462544680154 ], [ 7.894459538115598, 11.692672017822474 ], [ 7.896098520229202, 11.694359172968802 ], [ 7.896597646568353, 11.69666334953439 ], [ 7.894957656454039, 11.698339102673003 ], [ 7.893602881533525, 11.700154490906471 ], [ 7.892296159645696, 11.702260991337766 ], [ 7.888326392948443, 11.707206461697979 ], [ 7.886591846769875, 11.707753589069682 ], [ 7.882550774024139, 11.708393409504424 ], [ 7.880554264667637, 11.70930107212115 ], [ 7.877844715826598, 11.711256027449451 ], [ 7.877274620439266, 11.712337407184179 ], [ 7.876846462148364, 11.718098262098408 ], [ 7.875345138128296, 11.72127225025497 ], [ 7.870878862093662, 11.733795056763654 ], [ 7.869180595939781, 11.738556602998926 ], [ 7.867501705799043, 11.743263745197169 ], [ 7.869046625848739, 11.745532608738756 ], [ 7.869403144090938, 11.750012105782389 ], [ 7.867620546879778, 11.756411261130324 ], [ 7.86084667527723, 11.761995856924784 ], [ 7.860582529097769, 11.767992781999396 ], [ 7.85932946524639, 11.777216009266169 ], [ 7.857506040007422, 11.794943217310959 ], [ 7.899056030238683, 11.780035805182081 ], [ 7.9069361785929, 11.78846083390647 ], [ 7.910439644973337, 11.799633289497649 ], [ 7.905714384762746, 11.812233998059241 ], [ 7.905361018522626, 11.813186216706242 ], [ 7.92358374190411, 11.816393294885302 ], [ 7.932485733952603, 11.817750368807367 ], [ 7.934651818424356, 11.81803693200203 ], [ 7.934693879452936, 11.818035946001373 ], [ 7.94557219584425, 11.817721259787561 ], [ 7.95025949302908, 11.818167461090752 ], [ 7.967020424417342, 11.820553859712163 ], [ 7.978263098056175, 11.822991017368111 ], [ 7.981903274529543, 11.825376150988689 ], [ 7.982266654776424, 11.825987691404237 ], [ 7.985021309648062, 11.82850292711322 ], [ 7.991569141097045, 11.83215936659758 ], [ 7.998611337881869, 11.83178036534008 ], [ 8.001531643866088, 11.83032360235029 ], [ 8.005001768223849, 11.828811495322839 ], [ 8.00973159443754, 11.828718441259639 ], [ 8.012943726620051, 11.8293096386613 ], [ 8.023975741115805, 11.832825538050201 ], [ 8.02455805551142, 11.833093061231978 ], [ 8.025211674955528, 11.83308143022407 ], [ 8.026233697649957, 11.833343138401915 ], [ 8.028409260128171, 11.834813444400879 ], [ 8.031077559941139, 11.836250881377566 ], [ 8.037250153135119, 11.842904005898049 ], [ 8.040815348557487, 11.844369510893785 ], [ 8.048185570565238, 11.842567405669342 ], [ 8.048897041048633, 11.844893248249662 ], [ 8.050635248229639, 11.854663554888134 ], [ 8.050581930193459, 11.854765778957585 ], [ 8.065833143555892, 11.862262220051036 ], [ 8.072373217999598, 11.86485413881212 ], [ 8.075208962926354, 11.867254612443162 ], [ 8.073609564839614, 11.877432566358607 ], [ 8.074132461194893, 11.879339805654467 ], [ 8.076842010035932, 11.879758465938949 ], [ 8.085134883670548, 11.879109348497877 ], [ 8.084596529304747, 11.874702841503847 ], [ 8.080407493458495, 11.859691196304141 ] ] ] ] } },
{ "type": "Feature", "properties": { "fid": 428.0, "OBJECTID": 428.0, "lganame": "Shanono", "statecode": "KN", "LGA_UID": "19_35" }, "geometry": { "type": "MultiPolygon", "coordinates": [ [ [ [ 7.88011971437237, 12.223650382597327 ], [ 7.881332021196101, 12.222380561734553 ], [ 7.887076622099244, 12.223080965210443 ], [ 7.894091443865477, 12.219440997737252 ], [ 7.895517521834449, 12.216560525780096 ], [ 7.896635437594, 12.21497135470031 ], [ 7.897930175473732, 12.21436779429024 ], [ 7.898855886102695, 12.213936258997023 ], [ 7.900230344036572, 12.213171033477124 ], [ 7.901184327684803, 12.212413515962396 ], [ 7.90177654308718, 12.211726587495662 ], [ 7.902547720611153, 12.210964170977661 ], [ 7.903498440257124, 12.210238225484375 ], [ 7.903706410398399, 12.208466909280844 ], [ 7.90418176972139, 12.207421535570575 ], [ 7.90418176972139, 12.206579427998406 ], [ 7.90578610781148, 12.205766355445974 ], [ 7.907116820715657, 12.205413907206491 ], [ 7.908252035486953, 12.203327120788629 ], [ 7.906816115511333, 12.202347579123057 ], [ 7.90554842764999, 12.201991340881023 ], [ 7.907390445901569, 12.200452281835283 ], [ 7.909351304233837, 12.199813424401214 ], [ 7.910391206940403, 12.197565535873878 ], [ 7.911602129763196, 12.195449558436167 ], [ 7.911946764997367, 12.195008157136272 ], [ 7.912160677142708, 12.194694529923197 ], [ 7.912529081393018, 12.194485444781151 ], [ 7.912838063602976, 12.194369286702226 ], [ 7.913087627772541, 12.194369286702226 ], [ 7.91334907595018, 12.194287975646944 ], [ 7.913598639119698, 12.194229895607464 ], [ 7.913729363208574, 12.194055659489095 ], [ 7.913669943168202, 12.193683951236551 ], [ 7.913729363208574, 12.193405170047129 ], [ 7.913871971305468, 12.193172851889301 ], [ 7.914014579402362, 12.192777910620919 ], [ 7.914133419483107, 12.192452665399969 ], [ 7.914204722531508, 12.192173883210501 ], [ 7.914466169709158, 12.191964796068476 ], [ 7.914632545822201, 12.19182540497377 ], [ 7.914632545822201, 12.191686012879018 ], [ 7.914929646024063, 12.19158146880801 ], [ 7.915345585306682, 12.19163954884749 ], [ 7.9157615245893, 12.191686012879018 ], [ 7.915950539717755, 12.191781920944209 ], [ 7.916224999904216, 12.19176732493429 ], [ 7.916510216098004, 12.191697628886914 ], [ 7.91697369241291, 12.191604700823802 ], [ 7.917318326647091, 12.191616316831698 ], [ 7.917686730897401, 12.19163954884749 ], [ 7.917888759034668, 12.192417818376271 ], [ 7.918173974228466, 12.194032427473303 ], [ 7.922683837292709, 12.195198442265564 ], [ 7.928969188563315, 12.202476781210862 ], [ 7.935444641963045, 12.201248150376045 ], [ 7.939280889569602, 12.194960605103972 ], [ 7.942705278896312, 12.183231571134627 ], [ 7.9429069960334, 12.180718702427271 ], [ 7.945055804493393, 12.178009208586275 ], [ 7.954687493037682, 12.178231897737589 ], [ 7.967280012593676, 12.189546056425058 ], [ 7.971657826568219, 12.190800708277493 ], [ 7.987011936000613, 12.192194624224612 ], [ 7.993555453446618, 12.192336958321334 ], [ 7.993418719353713, 12.189496552391404 ], [ 8.002095384249117, 12.181442536919064 ], [ 8.003106496936084, 12.178082136635851 ], [ 8.002095384249117, 12.173832156748176 ], [ 7.999461120459273, 12.167172319223141 ], [ 7.999289543342684, 12.166555298803928 ], [ 7.999013209154896, 12.165561547128675 ], [ 7.999180456268562, 12.162876900304582 ], [ 7.994527025106777, 12.162103363779011 ], [ 7.992317587605555, 12.160835867917797 ], [ 7.99100853971612, 12.157865539899603 ], [ 7.99116245482071, 12.153199994729619 ], [ 7.991886588312695, 12.149437319173046 ], [ 7.992137682483303, 12.147726145010381 ], [ 7.992819327946449, 12.141788231975852 ], [ 7.994007726753921, 12.128368938858046 ], [ 8.001110885580204, 12.128899173218315 ], [ 8.001653803949068, 12.12642848053963 ], [ 8.000951865472132, 12.121308454060795 ], [ 7.996960558760236, 12.118682010276245 ], [ 7.992348641626677, 12.116842789026578 ], [ 7.990733125529005, 12.11617471557264 ], [ 7.988690325141022, 12.111637641489949 ], [ 7.987669407447356, 12.108607451431055 ], [ 7.985717766121297, 12.105458844291718 ], [ 7.983578647667855, 12.098068597270412 ], [ 7.98473287945211, 12.09333219305222 ], [ 7.988696635145288, 12.090613760205201 ], [ 7.990779955560811, 12.087456140059714 ], [ 7.992919074014253, 12.083795654572612 ], [ 8.000762506343449, 12.080797505535486 ], [ 8.009540461307665, 12.077630284383531 ], [ 8.008700034736648, 12.07563001102443 ], [ 8.008564405644506, 12.074287995112627 ], [ 8.008057581300136, 12.072660444006772 ], [ 8.00795050522737, 12.071361258124 ], [ 8.008050119295092, 12.069654828964588 ], [ 8.008214625406822, 12.069276849707762 ], [ 8.008660549709816, 12.06905099155432 ], [ 8.008764280780326, 12.068998452518599 ], [ 8.009606610352648, 12.069312541732018 ], [ 8.01029903282307, 12.069690876989057 ], [ 8.010589895020701, 12.069874686113963 ], [ 8.011326959521512, 12.070340469430448 ], [ 8.012504793321796, 12.070868709789352 ], [ 8.013204354797153, 12.07105430791546 ], [ 8.013343980891989, 12.071078367931818 ], [ 8.014046684369475, 12.071199455014096 ], [ 8.014396464607103, 12.071197075012492 ], [ 8.014722450828629, 12.07093295483304 ], [ 8.014808111886794, 12.070390438464415 ], [ 8.014884253938533, 12.069667081972909 ], [ 8.015181687140625, 12.069441032819327 ], [ 8.015560021397675, 12.069343474753055 ], [ 8.019329043958578, 12.068535691204204 ], [ 8.015836182585304, 12.059860437309737 ], [ 8.031808146437527, 12.054512306675974 ], [ 8.032806402115796, 12.056918037310538 ], [ 8.033162921358041, 12.058835631613476 ], [ 8.034636054358941, 12.063090898504697 ], [ 8.03713684805814, 12.066599272888482 ], [ 8.038958999296199, 12.069087666579208 ], [ 8.044080768776212, 12.067629905588774 ], [ 8.044250680891651, 12.066122369564425 ], [ 8.043858507625202, 12.063925910072044 ], [ 8.043288077237605, 12.061694566555957 ], [ 8.04373886654389, 12.059838335294728 ], [ 8.044214759867259, 12.0586390864799 ], [ 8.045242686565643, 12.057820551923726 ], [ 8.046575185471056, 12.057040088393478 ], [ 8.047355648001314, 12.056202517824374 ], [ 8.047736362260025, 12.05473676982848 ], [ 8.048326467660956, 12.053880164246436 ], [ 8.049259217294718, 12.053366200897244 ], [ 8.050682099261508, 12.053564119031705 ], [ 8.051562049859399, 12.054430207620157 ], [ 8.052771497681135, 12.054547171699653 ], [ 8.054482791843895, 12.054477440652249 ], [ 8.056407998151997, 12.054198514462769 ], [ 8.057255744727968, 12.062470436083117 ], [ 8.063117981711116, 12.061499596423516 ], [ 8.082761753058094, 12.062327089985729 ], [ 8.088233056775607, 12.064043293151826 ], [ 8.088964766272795, 12.064755236635563 ], [ 8.092028804354641, 12.068287162035347 ], [ 8.102120991211791, 12.06898322250828 ], [ 8.10382812937172, 12.069065122563927 ], [ 8.104506208832447, 12.069097654586017 ], [ 8.105117861248061, 12.067364119408182 ], [ 8.109050604920128, 12.067370271412358 ], [ 8.111959833896833, 12.069455240828972 ], [ 8.114724485775298, 12.062110489838574 ], [ 8.117194396453499, 12.059909183342882 ], [ 8.11675030115174, 12.05776913888883 ], [ 8.116240822805594, 12.056636573119306 ], [ 8.113993244278447, 12.047648117012045 ], [ 8.114071079331325, 12.045856755794887 ], [ 8.114343511516438, 12.045051169247529 ], [ 8.118841706572766, 12.042108148247905 ], [ 8.123657978845188, 12.041150121596957 ], [ 8.124715831563947, 12.033373494313139 ], [ 8.12199045071219, 12.026751305813661 ], [ 8.122042512747555, 12.019613926964155 ], [ 8.120621206781834, 12.015231889986751 ], [ 8.122770710242321, 12.011963741766181 ], [ 8.115613672379425, 12.007088464453659 ], [ 8.100286359965253, 11.998221905429261 ], [ 8.101561295831516, 11.989637627596665 ], [ 8.102671087585577, 11.984354103006751 ], [ 8.102610888544689, 11.984250229936151 ], [ 8.09781037728294, 11.975967034308155 ], [ 8.092577771727633, 11.969440983873994 ], [ 8.085667399032388, 11.961949197783667 ], [ 8.085841799150842, 11.961594156542446 ], [ 8.077111957219358, 11.963392580764378 ], [ 8.07511544686281, 11.96501089686393 ], [ 8.075140083879546, 11.967556946593845 ], [ 8.076356134705804, 11.969173830692455 ], [ 8.078138733917001, 11.970033196276347 ], [ 8.077211783287169, 11.976149113431859 ], [ 8.077283086335626, 11.979776188896267 ], [ 8.072447501050078, 11.980302109253614 ], [ 8.065975366652538, 11.980302109253614 ], [ 8.054693465987043, 11.982842752979877 ], [ 8.046778729609343, 11.981587246126821 ], [ 8.038436171940987, 11.982738126908771 ], [ 8.02964436296736, 11.979127078455235 ], [ 8.028788716385975, 11.980856901630546 ], [ 8.027191509300735, 11.98180551027508 ], [ 8.025023869827919, 11.982084511464677 ], [ 8.022970317432623, 11.983033114109219 ], [ 8.02182945365746, 11.9847071132466 ], [ 8.020172474531648, 11.987502150145701 ], [ 8.019718858223428, 11.988501470824701 ], [ 8.01675261520802, 11.989003662165885 ], [ 8.014235707497903, 11.991911435141617 ], [ 8.009804681487196, 11.993116795960589 ], [ 8.007682757045472, 11.994806682108788 ], [ 8.006028505921449, 11.995866835829133 ], [ 8.005743289727661, 11.996982782587338 ], [ 8.005286945417595, 11.99826611645932 ], [ 8.004203124681226, 11.999047272990083 ], [ 8.002605917595986, 11.999103069027967 ], [ 8.00031910104218, 11.998123379362312 ], [ 7.992121310472214, 11.993680160343388 ], [ 7.984785724488006, 11.985872005038118 ], [ 7.983244106440566, 11.983575933478051 ], [ 7.983243569440162, 11.982163026518037 ], [ 7.983242555439517, 11.979495470705558 ], [ 7.982707776076154, 11.97712392509419 ], [ 7.983135599366847, 11.974787233506504 ], [ 7.983289686471494, 11.974090998033432 ], [ 7.983360989519952, 11.973079586346273 ], [ 7.98332891749817, 11.97307560734356 ], [ 7.981239439078479, 11.972865606200855 ], [ 7.978005445881138, 11.972652815056279 ], [ 7.972087220859976, 11.971792528471724 ], [ 7.969353904002787, 11.972234296771887 ], [ 7.966882035323295, 11.974071118019936 ], [ 7.965758681560033, 11.975379733909108 ], [ 7.964852868944547, 11.976085911388907 ], [ 7.961617078745974, 11.976285496524497 ], [ 7.954207446711507, 11.97593775028821 ], [ 7.941205629877402, 11.973043471321716 ], [ 7.939604118789248, 11.972797916154889 ], [ 7.927602954635006, 11.964091427239225 ], [ 7.925719583355317, 11.963418459781963 ], [ 7.921017198160314, 11.960245970626431 ], [ 7.90571793076515, 11.965952802503921 ], [ 7.904149243699294, 11.970184546379187 ], [ 7.902834673806126, 11.972894195220306 ], [ 7.901344623793705, 11.975448555955836 ], [ 7.897969570500493, 11.984832376331724 ], [ 7.894892921410076, 11.98508982150662 ], [ 7.892079922498795, 11.989217250311015 ], [ 7.88912618249185, 11.989713369648143 ], [ 7.889020930420315, 11.990179797965027 ], [ 7.887024420063767, 11.996178085040583 ], [ 7.885543366057504, 12.01352141082458 ], [ 7.884411077288121, 12.020989888899067 ], [ 7.86557850049229, 12.021391929172239 ], [ 7.869865845405343, 12.027516022333259 ], [ 7.879790755148861, 12.044340710764857 ], [ 7.877709960735046, 12.050161099719503 ], [ 7.875736921394491, 12.061599994491701 ], [ 7.875642148330087, 12.065083492858605 ], [ 7.872362168101461, 12.075682072059806 ], [ 7.868225087290512, 12.082633257782845 ], [ 7.869936382453261, 12.086398344341035 ], [ 7.869817541372527, 12.090209858930791 ], [ 7.867036688483097, 12.093068458873063 ], [ 7.867179296579991, 12.094741772009968 ], [ 7.86899999881706, 12.095499999525146 ], [ 7.869461022130281, 12.096345353099537 ], [ 7.867321903676839, 12.10136519851028 ], [ 7.867615860876583, 12.10422380745257 ], [ 7.869175805936493, 12.107082130394701 ], [ 7.869817541372527, 12.109661681147372 ], [ 7.871317662391789, 12.112837165304938 ], [ 7.870887101099242, 12.114332696321071 ], [ 7.869603630227175, 12.115517866126368 ], [ 7.866323648998616, 12.117400184405312 ], [ 7.864211385563408, 12.118330583037448 ], [ 7.863217137887887, 12.121608742264812 ], [ 7.863186277866873, 12.131970270304976 ], [ 7.864839189989993, 12.1349436863253 ], [ 7.865468002417231, 12.139986962751948 ], [ 7.862785223594415, 12.141035855464622 ], [ 7.859478473347622, 12.144378614735899 ], [ 7.857125444748817, 12.14514540325689 ], [ 7.855200239440762, 12.147097219583031 ], [ 7.855267529486468, 12.15012351563928 ], [ 7.856598535390845, 12.150774110081329 ], [ 7.854221736775912, 12.155142349049356 ], [ 7.85432014884276, 12.156666589084978 ], [ 7.858542122711413, 12.159337129899484 ], [ 7.859977481686656, 12.162917498332206 ], [ 7.859628634449621, 12.169506959809439 ], [ 7.855837958874076, 12.172790502040414 ], [ 7.855508461650174, 12.176767368742503 ], [ 7.859509019368375, 12.178797566121943 ], [ 7.860174521820568, 12.182561293679214 ], [ 7.861648135821781, 12.189205769193848 ], [ 7.860980096367882, 12.193307289980623 ], [ 7.862884070661551, 12.197151041592292 ], [ 7.864262612598225, 12.201518517559748 ], [ 7.864187280547014, 12.207271498468629 ], [ 7.864402685693392, 12.209685190108644 ], [ 7.868328260360613, 12.214145002138878 ], [ 7.86957007820439, 12.21595157236635 ], [ 7.870758477011861, 12.21994706708108 ], [ 7.870784385029424, 12.223729883651345 ], [ 7.867522965813464, 12.226572259582611 ], [ 7.865864414686541, 12.229165440344559 ], [ 7.863154865845559, 12.232580026664607 ], [ 7.867461609771794, 12.233939370588189 ], [ 7.876404742848194, 12.235241306472801 ], [ 7.876488237904937, 12.235253461481079 ], [ 7.879963711266385, 12.234094260693439 ], [ 7.879592981014468, 12.231612970007518 ], [ 7.878927476562296, 12.229986975902762 ], [ 7.878451904239171, 12.227158672981034 ], [ 7.878063108975027, 12.224830218398949 ], [ 7.88011971437237, 12.223650382597327 ] ] ] ] } },
{ "type": "Feature", "properties": { "fid": 431.0, "OBJECTID": 431.0, "lganame": "Tsanyawa", "statecode": "KN", "LGA_UID": "19_40" }, "geometry": { "type": "MultiPolygon", "coordinates": [ [ [ [ 8.114332476508935, 12.380877553425819 ], [ 8.110265920745917, 12.368585402073847 ], [ 8.08118117598417, 12.366335910545445 ], [ 8.077825705704299, 12.355741377346931 ], [ 8.082802031085464, 12.355703984321565 ], [ 8.090862235561985, 12.356099089589975 ], [ 8.093501314355137, 12.352662612255074 ], [ 8.092761386852374, 12.348915981709411 ], [ 8.093600001422203, 12.347600001815294 ], [ 8.094500003033716, 12.346299997931965 ], [ 8.096099999120838, 12.345100001116634 ], [ 8.097800002275903, 12.3438999993013 ], [ 8.09739416400015, 12.340935321286906 ], [ 8.090824332536272, 12.338992903967153 ], [ 8.082553078916305, 12.334395512843457 ], [ 8.090228536131463, 12.322818623977469 ], [ 8.096224200205199, 12.314678063446365 ], [ 8.110076172616971, 12.305206007010554 ], [ 8.118274862187604, 12.298578378507386 ], [ 8.115470706282281, 12.296725594248528 ], [ 8.113793171142504, 12.291109579432657 ], [ 8.113925469232413, 12.288820433877333 ], [ 8.140407225225488, 12.276303595372724 ], [ 8.141338801858467, 12.266833273938062 ], [ 8.140386032211097, 12.259044437645912 ], [ 8.130891775760176, 12.25515477000306 ], [ 8.129377085731051, 12.254696839691917 ], [ 8.128707804276303, 12.254661614668009 ], [ 8.127334015342853, 12.255119544979152 ], [ 8.125889776361589, 12.255401347170618 ], [ 8.121739061541348, 12.255256014071847 ], [ 8.11939767295047, 12.25445651452867 ], [ 8.118644556438767, 12.252798641402194 ], [ 8.118610411415602, 12.250801453045199 ], [ 8.118564520384382, 12.248117230221396 ], [ 8.118286946195838, 12.231881608190065 ], [ 8.115045768993582, 12.22651691254498 ], [ 8.115290246159702, 12.224099801902696 ], [ 8.115627971389188, 12.220403022390883 ], [ 8.116353751882286, 12.214007382045338 ], [ 8.116911324261139, 12.209246352810453 ], [ 8.119271427864703, 12.204907482862382 ], [ 8.120376820615775, 12.204124883330678 ], [ 8.121688813507205, 12.203567342951828 ], [ 8.12305784943743, 12.202619521307838 ], [ 8.123970539057552, 12.201002641209243 ], [ 8.124598013483876, 12.199162730959131 ], [ 8.124826185638938, 12.19715554159535 ], [ 8.125061090798511, 12.195712696614976 ], [ 8.125168444871463, 12.193308386981357 ], [ 8.123970539057552, 12.191635692844841 ], [ 8.121974028701004, 12.188011488382358 ], [ 8.120205692499496, 12.188067245420257 ], [ 8.119064828724333, 12.18923814821585 ], [ 8.117524664677887, 12.189739960556778 ], [ 8.115699284437596, 12.189126633140063 ], [ 8.11396549425956, 12.191754657925685 ], [ 8.112162610034602, 12.190018745746215 ], [ 8.113421385889865, 12.187767378216506 ], [ 8.112307812133281, 12.186134661107133 ], [ 8.107210970670224, 12.183592113379632 ], [ 8.098301127616367, 12.183718134465266 ], [ 8.092991988009089, 12.182216541444973 ], [ 8.087462933252368, 12.185390877601776 ], [ 8.07987619609753, 12.185056330374493 ], [ 8.074265717285471, 12.182820488855327 ], [ 8.069621270129744, 12.182183018422222 ], [ 8.055196886329099, 12.179709739741725 ], [ 8.050717298285406, 12.179602980669188 ], [ 8.041776583210606, 12.18161721703774 ], [ 8.033364135494764, 12.174842393434574 ], [ 8.02639999976293, 12.16690000103813 ], [ 8.027199999306504, 12.165299999951003 ], [ 8.027699999646245, 12.163499999727946 ], [ 8.028200001985965, 12.162300001912627 ], [ 8.028600000257768, 12.160799998893424 ], [ 8.029199999665423, 12.159400000942185 ], [ 8.030000002208965, 12.157799999855115 ], [ 8.030699997684621, 12.155900001564135 ], [ 8.031640714323771, 12.154923802900839 ], [ 8.03253201292938, 12.153982779261469 ], [ 8.032856981150189, 12.152851133492561 ], [ 8.03286628815647, 12.151621042656757 ], [ 8.028403416124149, 12.150309215765446 ], [ 8.005300000426473, 12.144499998818389 ], [ 8.005436524519268, 12.14634989907529 ], [ 8.005686088688833, 12.148301706401469 ], [ 8.004492285877689, 12.153822984152896 ], [ 8.001313882718136, 12.156241963796447 ], [ 8.000359807069856, 12.161406819305739 ], [ 7.999180456268562, 12.162876900304582 ], [ 7.999013209154896, 12.165561547128675 ], [ 7.999289543342684, 12.166555298803928 ], [ 7.999461120459273, 12.167172319223141 ], [ 8.002095384249117, 12.173832156748176 ], [ 8.003106496936084, 12.178082136635851 ], [ 8.002095384249117, 12.181442536919064 ], [ 7.993418719353713, 12.189496552391404 ], [ 7.993555453446618, 12.192336958321334 ], [ 7.987011936000613, 12.192194624224612 ], [ 7.971657826568219, 12.190800708277493 ], [ 7.967280012593676, 12.189546056425058 ], [ 7.954687493037682, 12.178231897737589 ], [ 7.945055804493393, 12.178009208586275 ], [ 7.9429069960334, 12.180718702427271 ], [ 7.942705278896312, 12.183231571134627 ], [ 7.939280889569602, 12.194960605103972 ], [ 7.935444641963045, 12.201248150376045 ], [ 7.928969188563315, 12.202476781210862 ], [ 7.922683837292709, 12.195198442265564 ], [ 7.918173974228466, 12.194032427473303 ], [ 7.917888759034668, 12.192417818376271 ], [ 7.917686730897401, 12.19163954884749 ], [ 7.917318326647091, 12.191616316831698 ], [ 7.91697369241291, 12.191604700823802 ], [ 7.916510216098004, 12.191697628886914 ], [ 7.916224999904216, 12.19176732493429 ], [ 7.915950539717755, 12.191781920944209 ], [ 7.9157615245893, 12.191686012879018 ], [ 7.915345585306682, 12.19163954884749 ], [ 7.914929646024063, 12.19158146880801 ], [ 7.914632545822201, 12.191686012879018 ], [ 7.914632545822201, 12.19182540497377 ], [ 7.914466169709158, 12.191964796068476 ], [ 7.914204722531508, 12.192173883210501 ], [ 7.914133419483107, 12.192452665399969 ], [ 7.914014579402362, 12.192777910620919 ], [ 7.913871971305468, 12.193172851889301 ], [ 7.913729363208574, 12.193405170047129 ], [ 7.913669943168202, 12.193683951236551 ], [ 7.913729363208574, 12.194055659489095 ], [ 7.913598639119698, 12.194229895607464 ], [ 7.91334907595018, 12.194287975646944 ], [ 7.913087627772541, 12.194369286702226 ], [ 7.912838063602976, 12.194369286702226 ], [ 7.912529081393018, 12.194485444781151 ], [ 7.912160677142708, 12.194694529923197 ], [ 7.911946764997367, 12.195008157136272 ], [ 7.911602129763196, 12.195449558436167 ], [ 7.910391206940403, 12.197565535873878 ], [ 7.909351304233837, 12.199813424401214 ], [ 7.907390445901569, 12.200452281835283 ], [ 7.90554842764999, 12.201991340881023 ], [ 7.906816115511333, 12.202347579123057 ], [ 7.908252035486953, 12.203327120788629 ], [ 7.907116820715657, 12.205413907206491 ], [ 7.90578610781148, 12.205766355445974 ], [ 7.90418176972139, 12.206579427998406 ], [ 7.90418176972139, 12.207421535570575 ], [ 7.903706410398399, 12.208466909280844 ], [ 7.903498440257124, 12.210238225484375 ], [ 7.902547720611153, 12.210964170977661 ], [ 7.90177654308718, 12.211726587495662 ], [ 7.901184327684803, 12.212413515962396 ], [ 7.900230344036572, 12.213171033477124 ], [ 7.898855886102695, 12.213936258997023 ], [ 7.897930175473732, 12.21436779429024 ], [ 7.896635437594, 12.21497135470031 ], [ 7.895517521834449, 12.216560525780096 ], [ 7.894091443865477, 12.219440997737252 ], [ 7.887076622099244, 12.223080965210443 ], [ 7.881332021196101, 12.222380561734553 ], [ 7.88011971437237, 12.223650382597327 ], [ 7.878063108975027, 12.224830218398949 ], [ 7.878451904239171, 12.227158672981034 ], [ 7.878927476562296, 12.229986975902762 ], [ 7.879592981014468, 12.231612970007518 ], [ 7.879963711266385, 12.234094260693439 ], [ 7.876488237904937, 12.235253461481079 ], [ 7.876404742848194, 12.235241306472801 ], [ 7.876453491881364, 12.235753188820638 ], [ 7.878136519024906, 12.253424836827662 ], [ 7.873676391994422, 12.260646073734165 ], [ 7.870141528592683, 12.266369104622697 ], [ 7.864537482784954, 12.280680186346387 ], [ 7.876962580227257, 12.289576294390884 ], [ 7.885003809690886, 12.298521295468618 ], [ 7.886647852807926, 12.309818841144761 ], [ 7.892354398685256, 12.330264884036865 ], [ 7.902729067734356, 12.332475204538696 ], [ 7.918561890492015, 12.335848346830574 ], [ 7.922605117239186, 12.336709739415824 ], [ 7.933693566773286, 12.344440125668257 ], [ 7.944876814371753, 12.349234276925699 ], [ 7.950356770095141, 12.358766385402305 ], [ 7.95187962612988, 12.358861563466974 ], [ 7.953523031246448, 12.35818094900452 ], [ 7.955781941781311, 12.359527811919634 ], [ 7.95682890649266, 12.361716917407023 ], [ 7.959969794626772, 12.363144593377115 ], [ 7.961683004790814, 12.364572270347139 ], [ 7.962634790437505, 12.364952982605814 ], [ 7.965299787248227, 12.36447709228247 ], [ 7.967012998412258, 12.365904768252506 ], [ 7.967769682926416, 12.364505547301803 ], [ 7.968059961123629, 12.362763880118393 ], [ 7.969106924834989, 12.3630494143124 ], [ 7.971493782456776, 12.365473906959721 ], [ 7.972438169098439, 12.368569764063238 ], [ 7.973618379900302, 12.369480587682119 ], [ 7.975785371372694, 12.371152951818374 ], [ 7.979291016754587, 12.372186544520673 ], [ 7.980718692724622, 12.372852794973369 ], [ 7.980528335595295, 12.374946720396053 ], [ 7.981194585048001, 12.375327433654775 ], [ 7.982812620147399, 12.374946720396053 ], [ 7.982527083953357, 12.372472079714669 ], [ 7.983764403794055, 12.371901010326667 ], [ 7.986143864410792, 12.372852794973369 ], [ 7.987286006186821, 12.372757615908711 ], [ 7.987626017417824, 12.374770629276441 ], [ 7.989189576480214, 12.375803324978108 ], [ 7.992615998808333, 12.380467069146903 ], [ 7.993377426325651, 12.381323674728947 ], [ 7.995471351748392, 12.381894746116927 ], [ 7.997133493877755, 12.382949490833596 ], [ 7.998843571039629, 12.384095649612334 ], [ 7.998992955141148, 12.386653668350391 ], [ 7.999278490335143, 12.388842771837801 ], [ 8.000741866329463, 12.389651795387465 ], [ 8.001498986843899, 12.39080329616985 ], [ 8.001277235693237, 12.39217401710124 ], [ 8.002419379469245, 12.393601694071265 ], [ 8.013044724688655, 12.394712782826161 ], [ 8.030248310377715, 12.395402799295027 ], [ 8.030248358377719, 12.395402801295006 ], [ 8.033571198635457, 12.404365113384472 ], [ 8.047943132400519, 12.412637168004949 ], [ 8.055168494309783, 12.417187664096787 ], [ 8.07702371815941, 12.417476686293185 ], [ 8.077202304280718, 12.417488839301427 ], [ 8.078651895265637, 12.417515496319538 ], [ 8.108160370315261, 12.416365815538427 ], [ 8.112340582155525, 12.413201193388204 ], [ 8.113854984184513, 12.411432810186682 ], [ 8.11906083172164, 12.406135407587328 ], [ 8.114332476508935, 12.380877553425819 ] ] ] ] } },
{ "type": "Feature", "properties": { "fid": 443.0, "OBJECTID": 443.0, "lganame": "Tudun Wada", "statecode": "KN", "LGA_UID": "19_41" }, "geometry": { "type": "MultiPolygon", "coordinates": [ [ [ [ 8.767499999305585, 11.471299998410586 ], [ 8.76931185653666, 11.47096271318145 ], [ 8.769751889835618, 11.470783161059444 ], [ 8.771663690134574, 11.470400329799304 ], [ 8.771598996090631, 11.470106799599876 ], [ 8.771337697913111, 11.469406739124224 ], [ 8.77010319707432, 11.452496480634466 ], [ 8.772594193766849, 11.447916929522876 ], [ 8.773797016584069, 11.441981818490262 ], [ 8.785789636732545, 11.434753511579004 ], [ 8.783145116935714, 11.428150241092339 ], [ 8.782531223518561, 11.423784981126403 ], [ 8.785220847346068, 11.422646383352742 ], [ 8.791243923438458, 11.416723787328635 ], [ 8.793898694242216, 11.415945813800022 ], [ 8.794894681918947, 11.414470337797525 ], [ 8.794093428374538, 11.412403205392991 ], [ 8.791364237520213, 11.410254202932833 ], [ 8.785803764742127, 11.404226732837458 ], [ 8.786088820935788, 11.395218836717049 ], [ 8.783675917296364, 11.390601704579922 ], [ 8.793617469051185, 11.375915784601489 ], [ 8.790103475663557, 11.365663217635358 ], [ 8.787794497094751, 11.35971852959625 ], [ 8.786899872486856, 11.356844442643421 ], [ 8.786835139442871, 11.351621563094739 ], [ 8.786108658949274, 11.346075368326353 ], [ 8.783737416338113, 11.330779975933865 ], [ 8.779434104414236, 11.313716731340151 ], [ 8.779431291412322, 11.313716098339739 ], [ 8.767868008555638, 11.311051113529004 ], [ 8.760520471563325, 11.304433458032634 ], [ 8.759111520605984, 11.301747509207644 ], [ 8.757943797812572, 11.300340864251893 ], [ 8.758407273127489, 11.298802585206715 ], [ 8.758549881224383, 11.295236542783755 ], [ 8.759191615660427, 11.293628312691055 ], [ 8.760225523362919, 11.291250914075704 ], [ 8.761651601331835, 11.287824626747692 ], [ 8.761116821968528, 11.285202441966078 ], [ 8.759334223757321, 11.283384378730773 ], [ 8.757658581618784, 11.281846008685534 ], [ 8.755555116189555, 11.280377556687768 ], [ 8.753950778099522, 11.278734280571257 ], [ 8.752382092033656, 11.277475594716009 ], [ 8.750635145846672, 11.276216902860824 ], [ 8.748745591562852, 11.274748422863013 ], [ 8.746392562964047, 11.273629576102849 ], [ 8.744823876898238, 11.272650581437631 ], [ 8.743005626662807, 11.27226597517631 ], [ 8.741615199718069, 11.271916331938769 ], [ 8.740046513652203, 11.272091154057534 ], [ 8.737408268859667, 11.272720509485168 ], [ 8.735554366600013, 11.272790436532659 ], [ 8.734884797145071, 11.275660056482479 ], [ 8.734732107041339, 11.277171091509103 ], [ 8.731604816916501, 11.2772334215515 ], [ 8.728885045068523, 11.277891226998406 ], [ 8.728414837749028, 11.278004952075719 ], [ 8.727910957406664, 11.278014275082057 ], [ 8.727636115219923, 11.278099965140257 ], [ 8.727321512006199, 11.278247365240418 ], [ 8.72704580281885, 11.278256689246746 ], [ 8.726722117598911, 11.278353557312585 ], [ 8.726399314379591, 11.278480455398778 ], [ 8.726114099185793, 11.27847113139245 ], [ 8.725648245869252, 11.278499102411445 ], [ 8.725401058701323, 11.278527073430439 ], [ 8.725206697569263, 11.278237570233728 ], [ 8.723210188212704, 11.278167643186237 ], [ 8.720393683299051, 11.277363480639849 ], [ 8.716864139900906, 11.274985947024447 ], [ 8.705506348183803, 11.254419416050439 ], [ 8.707003731201212, 11.243859375875388 ], [ 8.709356759799959, 11.24078220478458 ], [ 8.710782837768932, 11.237145506313652 ], [ 8.711139358011167, 11.234907514793008 ], [ 8.712708044077033, 11.231760310654636 ], [ 8.71327847546462, 11.227843741993524 ], [ 8.713634994706808, 11.224696459855068 ], [ 8.713563690658361, 11.221549143716629 ], [ 8.71456194633663, 11.218191970435612 ], [ 8.716201936450943, 11.213995446584249 ], [ 8.720337563260898, 11.21343590620404 ], [ 8.725257533603781, 11.213086191966454 ], [ 8.729535768510686, 11.211617389968467 ], [ 8.737141567678464, 11.210026696887667 ], [ 8.744842390910776, 11.209560406570859 ], [ 8.74960786914869, 11.210481330196558 ], [ 8.754443791434483, 11.213120030989444 ], [ 8.766458574597948, 11.217884868226918 ], [ 8.769139019419185, 11.218878520902081 ], [ 8.771360167928378, 11.218618989725712 ], [ 8.772846822938504, 11.217304834832817 ], [ 8.773381602301868, 11.213912639527962 ], [ 8.775663327852158, 11.212059156268651 ], [ 8.776518975433532, 11.210240631033003 ], [ 8.776725070573548, 11.208840784081872 ], [ 8.772604880774111, 11.207798579373787 ], [ 8.765838890176951, 11.206087109210898 ], [ 8.752645382212563, 11.196195841490237 ], [ 8.68345468420074, 11.139442702929159 ], [ 8.643344139947487, 11.140027794326727 ], [ 8.644097111459132, 11.146529001743943 ], [ 8.644247703561405, 11.152882315060765 ], [ 8.645301862277677, 11.156428289470057 ], [ 8.643645328152161, 11.16219040638515 ], [ 8.643193545845179, 11.167213695798239 ], [ 8.643645328152161, 11.173123337813593 ], [ 8.641838200924269, 11.178146439226509 ], [ 8.642139389128943, 11.180510220832616 ], [ 8.643795922254469, 11.181987574836398 ], [ 8.645301862277677, 11.184203592342101 ], [ 8.643776514241267, 11.187815462796152 ], [ 8.641235826515015, 11.191737923461289 ], [ 8.641085232412649, 11.194840236569178 ], [ 8.641085232412649, 11.200010688082273 ], [ 8.638374542570887, 11.20429470499306 ], [ 8.635061477319823, 11.208578658903775 ], [ 8.632953162887304, 11.212419390513389 ], [ 8.632501380580379, 11.215078330320011 ], [ 8.631146036659459, 11.219509840331 ], [ 8.629322804420667, 11.223689040170598 ], [ 8.597668827913253, 11.221119583424752 ], [ 8.591397002651831, 11.221380469602025 ], [ 8.585597618711461, 11.221212612487989 ], [ 8.58375398545877, 11.221307774552656 ], [ 8.583254858119631, 11.21983901455468 ], [ 8.582113995344514, 11.219139602079451 ], [ 8.579832269794167, 11.217950597271567 ], [ 8.578406190825206, 11.218020539319127 ], [ 8.576837504759339, 11.217461005938958 ], [ 8.57576794603267, 11.216691646416166 ], [ 8.575427577801406, 11.216320683164156 ], [ 8.57576794603267, 11.2157823997984 ], [ 8.576552288565551, 11.215222862418216 ], [ 8.576195770323352, 11.213264472087587 ], [ 8.575197514645083, 11.211585840947009 ], [ 8.572259074648514, 11.208551369885242 ], [ 8.568779444284303, 11.204242794957793 ], [ 8.565286269910871, 11.202143362531331 ], [ 8.564501927377933, 11.200744450580828 ], [ 8.562648025118278, 11.199625315820413 ], [ 8.560794122858624, 11.196757514871877 ], [ 8.554705510721703, 11.18939690187068 ], [ 8.546283102999098, 11.181718394653501 ], [ 8.546202703944459, 11.181685060630855 ], [ 8.542802383634125, 11.178412047406994 ], [ 8.540948482374461, 11.178412047406994 ], [ 8.539379796308594, 11.176313503981135 ], [ 8.537240677855209, 11.175613986505823 ], [ 8.53574329583779, 11.173655329175062 ], [ 8.532891139899903, 11.172675994509632 ], [ 8.529468550574393, 11.171067082416471 ], [ 8.527828561460069, 11.16889853294299 ], [ 8.519486002791723, 11.166310244184388 ], [ 8.520199042276204, 11.163861839520791 ], [ 8.518701660258785, 11.162322834475162 ], [ 8.514645405502733, 11.163042590964153 ], [ 8.510929063977699, 11.160464650212589 ], [ 8.509004327669913, 11.158615192955949 ], [ 8.506108090702071, 11.158209150680079 ], [ 8.502087846970483, 11.158895017146108 ], [ 8.497595699918293, 11.16260265366526 ], [ 8.491820082994025, 11.162532698617724 ], [ 8.487399239990282, 11.161623281999823 ], [ 8.483406221277221, 11.161623281999823 ], [ 8.477915817546716, 11.164981113281328 ], [ 8.473281064397611, 11.166660014422064 ], [ 8.470072388217488, 11.169318253228198 ], [ 8.46686371103732, 11.168129044420198 ], [ 8.464653289535477, 11.169598067418292 ], [ 8.46187243764598, 11.171766609891733 ], [ 8.457492399670002, 11.184109323278051 ], [ 8.451292400457362, 11.195509337023793 ], [ 8.450590832980708, 11.196914073978235 ], [ 8.447885752142724, 11.202839500004302 ], [ 8.447523196896384, 11.203215781259985 ], [ 8.447175288659992, 11.203977862777776 ], [ 8.446080547916154, 11.204540581160131 ], [ 8.443410938102261, 11.205912809092467 ], [ 8.437781432277291, 11.210020653883589 ], [ 8.437878668343387, 11.216791705484184 ], [ 8.433814344581833, 11.22658340213718 ], [ 8.428038726657576, 11.229101213847912 ], [ 8.421122246958191, 11.230569926845817 ], [ 8.416958813129327, 11.230588854858695 ], [ 8.416957371128319, 11.230588899858731 ], [ 8.416888562081567, 11.230591038860155 ], [ 8.415070412846205, 11.230647559898557 ], [ 8.411518247432696, 11.229944930421198 ], [ 8.408948145686452, 11.229662197229061 ], [ 8.402927395595611, 11.22786172400572 ], [ 8.398438753545804, 11.227755608933649 ], [ 8.393929004481663, 11.22764899486117 ], [ 8.393926104479647, 11.227648675860962 ], [ 8.389492990467545, 11.227160453529279 ], [ 8.38769934124889, 11.227106332492497 ], [ 8.374399818212453, 11.226705031219808 ], [ 8.372933807216384, 11.226672661197824 ], [ 8.372630460010271, 11.226665963193284 ], [ 8.369498629882344, 11.226596812146283 ], [ 8.365961853479291, 11.226812648292935 ], [ 8.359306821957489, 11.226579517134553 ], [ 8.355741625535131, 11.226987497411756 ], [ 8.353394536940357, 11.227366334669114 ], [ 8.345848205813013, 11.230251317629325 ], [ 8.336172143238571, 11.233279501686866 ], [ 8.335161649551992, 11.2317281846328 ], [ 8.334020787776808, 11.229490152112191 ], [ 8.330669503499792, 11.227951494066701 ], [ 8.325179101769322, 11.227182161544022 ], [ 8.322968680267422, 11.228511007446912 ], [ 8.319617396990395, 11.230399354729911 ], [ 8.314982640841265, 11.232847195393106 ], [ 8.308208769238774, 11.23543488915135 ], [ 8.297907885239795, 11.234223939328558 ], [ 8.295862940850327, 11.237838295784343 ], [ 8.293980518571345, 11.242482060939551 ], [ 8.293638259338763, 11.24550326599234 ], [ 8.293745215411434, 11.249498853707166 ], [ 8.291430681838847, 11.251147754827514 ], [ 8.290964362522004, 11.252366130655332 ], [ 8.291677403006474, 11.256002638126176 ], [ 8.289466979504596, 11.257750942314033 ], [ 8.287826990390329, 11.258939783121832 ], [ 8.287755686341882, 11.262016759212486 ], [ 8.287371750080979, 11.264617427979488 ], [ 8.286115696227569, 11.268240543441266 ], [ 8.281837462320709, 11.271946777959442 ], [ 8.278023880729563, 11.274903957968718 ], [ 8.276632274783992, 11.277750784902992 ], [ 8.274207941136808, 11.277890638998031 ], [ 8.273090847377773, 11.276492094047796 ], [ 8.269525650955416, 11.276841731285344 ], [ 8.266079294613746, 11.277424457681263 ], [ 8.26304030654893, 11.276536842078201 ], [ 8.260703379961058, 11.276322789932749 ], [ 8.257274956631647, 11.27966804520571 ], [ 8.256419311050252, 11.284516250499848 ], [ 8.254898160016694, 11.291601940314195 ], [ 8.254708015887502, 11.295797332164796 ], [ 8.255563663468877, 11.298407767938443 ], [ 8.256324237985666, 11.301204635838815 ], [ 8.258510893471396, 11.302230147535568 ], [ 8.260032041504928, 11.30418793286583 ], [ 8.262123622926083, 11.307357651019458 ], [ 8.263454630830438, 11.310247657983098 ], [ 8.264405351476398, 11.313230860010037 ], [ 8.266877218155912, 11.314573290922169 ], [ 8.26887372851246, 11.316810662442379 ], [ 8.271345597191953, 11.318209010392479 ], [ 8.274768184517484, 11.319420906215896 ], [ 8.278095700778351, 11.319887017532608 ], [ 8.28066264152244, 11.321285351482686 ], [ 8.281898577362199, 11.319048014962505 ], [ 8.283324655331171, 11.31886156983586 ], [ 8.283788253646151, 11.320586706007987 ], [ 8.286652171592095, 11.323615891066197 ], [ 8.291786054080319, 11.327717593853095 ], [ 8.296349504180967, 11.333217513590057 ], [ 8.29806079834367, 11.338530895200222 ], [ 8.298726300795863, 11.344310249127034 ], [ 8.299730676478305, 11.345775646122718 ], [ 8.301340777572307, 11.346696528748396 ], [ 8.303670040154884, 11.347628665381762 ], [ 8.305335264286327, 11.348285537828076 ], [ 8.307324011637604, 11.348194926766496 ], [ 8.309421889063003, 11.346603315685059 ], [ 8.311418399419551, 11.345111891671706 ], [ 8.313937804131399, 11.344552607291689 ], [ 8.317859606796048, 11.346145044373714 ], [ 8.320830515814635, 11.347488845286762 ], [ 8.323207314429567, 11.348514189983405 ], [ 8.325203822786079, 11.350471658313438 ], [ 8.326107006399752, 11.352708747833447 ], [ 8.328246123853205, 11.354479765036729 ], [ 8.330004955048253, 11.355272058575054 ], [ 8.332001463404765, 11.355318663606738 ], [ 8.333047255115332, 11.354339947941753 ], [ 8.334853620342699, 11.354339947941753 ], [ 8.33532897966569, 11.356437192366741 ], [ 8.334758548278103, 11.357835346316676 ], [ 8.334520868116613, 11.35862763085504 ], [ 8.335794455981954, 11.358538497794484 ], [ 8.336612450537757, 11.35951312245669 ], [ 8.338276207668173, 11.360072377836673 ], [ 8.340415326121615, 11.359652935551651 ], [ 8.341746333025981, 11.359839354678343 ], [ 8.34283965876881, 11.35988595970997 ], [ 8.343695306350185, 11.360025773804978 ], [ 8.343136243970321, 11.361247273634945 ], [ 8.341929022150111, 11.362287194341548 ], [ 8.342031548219779, 11.363660914274874 ], [ 8.343267482059503, 11.363987142496569 ], [ 8.346880214514215, 11.364220161654885 ], [ 8.350207729775093, 11.364639597939856 ], [ 8.352061633034737, 11.36552507054148 ], [ 8.3534401759714, 11.367016386554781 ], [ 8.354628573778825, 11.368321283441389 ], [ 8.356530012070778, 11.369113537979729 ], [ 8.358526521427336, 11.369253347074675 ], [ 8.360205453568085, 11.368546575594451 ], [ 8.36127501429479, 11.367777621072037 ], [ 8.363057609505972, 11.36665913731207 ], [ 8.364626296571828, 11.365121215267095 ], [ 8.365909768443885, 11.364072626554616 ], [ 8.369047139575571, 11.36665913731207 ], [ 8.371400169174365, 11.366239705027056 ], [ 8.371910021520762, 11.363145901924952 ], [ 8.37330160746626, 11.36195213711386 ], [ 8.375678404081214, 11.364864894092932 ], [ 8.377104482050186, 11.366379515122048 ], [ 8.378768240180591, 11.366962059517846 ], [ 8.378174040776855, 11.368593178626156 ], [ 8.378608245071916, 11.373732483118033 ], [ 8.379600119745817, 11.375583582375782 ], [ 8.382238364538409, 11.37679523519904 ], [ 8.385696052887738, 11.376567291044182 ], [ 8.399890090531926, 11.404070843731574 ], [ 8.407187037489848, 11.408374029655363 ], [ 8.43307568107997, 11.422503383255616 ], [ 8.432956842999204, 11.421455005543294 ], [ 8.433253941201087, 11.42011540863308 ], [ 8.434145239806696, 11.419416486158184 ], [ 8.435533243749774, 11.417844018089795 ], [ 8.436581457461955, 11.41615482194203 ], [ 8.438898835036525, 11.413999773477769 ], [ 8.440882655384428, 11.412051868154265 ], [ 8.442642289580021, 11.410854538340743 ], [ 8.44424662967009, 11.410330328984571 ], [ 8.445137929275688, 11.410912783380297 ], [ 8.446445166163926, 11.411320500657325 ], [ 8.446920526486906, 11.41271838460716 ], [ 8.447930665173203, 11.412834874686268 ], [ 8.447990084213586, 11.411611726855199 ], [ 8.449474648222292, 11.411831060004261 ], [ 8.449356744142165, 11.410796293301189 ], [ 8.447990084213586, 11.409864363667964 ], [ 8.449891521505549, 11.407418037005812 ], [ 8.451020502272627, 11.404622210106197 ], [ 8.453159617726044, 11.403224285156341 ], [ 8.454704536775751, 11.402467073641844 ], [ 8.455952354623605, 11.401476869969088 ], [ 8.457588417735224, 11.399943155926962 ], [ 8.459398711965207, 11.399321710504751 ], [ 8.461181309176425, 11.397923759554885 ], [ 8.461716088539788, 11.396467554565447 ], [ 8.463023327428004, 11.395360833813527 ], [ 8.464627664518048, 11.39343862250746 ], [ 8.46676678297149, 11.392215391676302 ], [ 8.469381259747877, 11.392273640715928 ], [ 8.471104437918711, 11.392972631190844 ], [ 8.472159801635769, 11.392253618702284 ], [ 8.474250777056511, 11.391373857104554 ], [ 8.475074312616073, 11.391399392121912 ], [ 8.476047236277111, 11.393068786256151 ], [ 8.47580473511232, 11.394065930933664 ], [ 8.477165271036768, 11.394661849338604 ], [ 8.47859134900574, 11.394370606140683 ], [ 8.479244969449837, 11.395535578932254 ], [ 8.480195687095772, 11.395419081853106 ], [ 8.480552208338054, 11.39693354088206 ], [ 8.481324665862871, 11.396875292842537 ], [ 8.482015126331987, 11.39659453565173 ], [ 8.482572484710715, 11.395535578932254 ], [ 8.483620660422901, 11.395231176725417 ], [ 8.485311743571913, 11.394893679496079 ], [ 8.486179275161362, 11.397019748940636 ], [ 8.488681572861537, 11.398413315887524 ], [ 8.48782758428132, 11.399741093789714 ], [ 8.489236803238782, 11.400376296221282 ], [ 8.49086394234439, 11.401952168291984 ], [ 8.491557967815936, 11.403738022505422 ], [ 8.493190405925077, 11.403656326449891 ], [ 8.493711107278898, 11.401868609235237 ], [ 8.493586872194498, 11.399863044872575 ], [ 8.494092159537786, 11.39820996974936 ], [ 8.495790805691968, 11.397849519504462 ], [ 8.495850224732294, 11.396975796910795 ], [ 8.495077767207476, 11.395927326198432 ], [ 8.495256026328605, 11.394937099525578 ], [ 8.494762295993098, 11.393505822553095 ], [ 8.495018346167114, 11.391733405348816 ], [ 8.494602406884496, 11.390044169201076 ], [ 8.493253811968202, 11.38913282458185 ], [ 8.495553125530478, 11.388762673330348 ], [ 8.495820752712291, 11.387734824631991 ], [ 8.497093001576729, 11.387472256453577 ], [ 8.497692243983863, 11.388762673330348 ], [ 8.498821222750962, 11.388354923053328 ], [ 8.499474841195081, 11.387539421499241 ], [ 8.500187879679572, 11.386257913628526 ], [ 8.501376279487033, 11.386199662588922 ], [ 8.502386419173376, 11.386782167984734 ], [ 8.502921196536704, 11.385733659272319 ], [ 8.504109596344165, 11.385151152876517 ], [ 8.504763214788284, 11.38608316150976 ], [ 8.505476254272764, 11.388121922894982 ], [ 8.506664653080236, 11.38777242165753 ], [ 8.506248712797571, 11.385384156034831 ], [ 8.506842912201307, 11.384452144401564 ], [ 8.508625510412514, 11.383578379807886 ], [ 8.510764628865957, 11.38119007918516 ], [ 8.516356281665196, 11.380465111692558 ], [ 8.517847484678441, 11.381469686375112 ], [ 8.519493653796928, 11.380604915787558 ], [ 8.521056159858574, 11.382448308040068 ], [ 8.523123974263569, 11.382238603897576 ], [ 8.524478748184038, 11.382028898755095 ], [ 8.524763964377826, 11.380980373042632 ], [ 8.523123974263569, 11.379232821855283 ], [ 8.521341377052352, 11.378673603475306 ], [ 8.519967404118802, 11.379002584698867 ], [ 8.518780614312448, 11.3780884350777 ], [ 8.515785850277609, 11.374313671512937 ], [ 8.517211928246581, 11.373614636037985 ], [ 8.519778868990727, 11.373335020848003 ], [ 8.522773634025498, 11.37543212527288 ], [ 8.525362636784621, 11.37670110813508 ], [ 8.525895290146536, 11.374637487732969 ], [ 8.524627536285152, 11.374733091797907 ], [ 8.524770144382046, 11.373195213753036 ], [ 8.523908317796497, 11.371613370678233 ], [ 8.522981367166665, 11.370355093823264 ], [ 8.523409190457357, 11.369096810968358 ], [ 8.526624045641654, 11.368022288238251 ], [ 8.527907515513732, 11.366064940908302 ], [ 8.529048380288884, 11.363967768483406 ], [ 8.530759673451655, 11.361451139773465 ], [ 8.535465730649207, 11.359214118253533 ], [ 8.535180516455398, 11.357676156208527 ], [ 8.539458751362247, 11.355019656403556 ], [ 8.542310907300191, 11.35334185426359 ], [ 8.545876103722549, 11.353621488453598 ], [ 8.546874358400828, 11.350964950648574 ], [ 8.554004750245554, 11.347189828083572 ], [ 8.561911777618036, 11.342022786572784 ], [ 8.57190000440454, 11.338921232465452 ], [ 8.580197056042039, 11.343577781629335 ], [ 8.597191156588735, 11.347539379321063 ], [ 8.614649258450697, 11.349573151702941 ], [ 8.618450169033224, 11.351709264154294 ], [ 8.637156069743014, 11.36541643046769 ], [ 8.642632209463784, 11.368799843766567 ], [ 8.643416553996701, 11.368618091643043 ], [ 8.645000000072571, 11.368400000494887 ], [ 8.645199999208444, 11.368299998426949 ], [ 8.645600000480272, 11.367899999155156 ], [ 8.645899999684104, 11.367499999883364 ], [ 8.646099999819967, 11.36740000181544 ], [ 8.646617145171376, 11.366989712536679 ], [ 8.647068725478164, 11.366718768352541 ], [ 8.64743895572974, 11.36653052322464 ], [ 8.647799998975017, 11.366300002068044 ], [ 8.647900000042966, 11.368299998426949 ], [ 8.648300001314794, 11.369100000970491 ], [ 8.648300001314794, 11.370299998785868 ], [ 8.653926001137393, 11.373597600026415 ], [ 8.658204236044241, 11.377008878344213 ], [ 8.663200119438727, 11.382977085399318 ], [ 8.670231797216388, 11.388798431354644 ], [ 8.671667093191616, 11.388034831835853 ], [ 8.671799999281916, 11.388500001151897 ], [ 8.672786227952031, 11.389972458152386 ], [ 8.673265760277843, 11.391049379884066 ], [ 8.673599998504926, 11.391800001394074 ], [ 8.673500001436992, 11.392800000073521 ], [ 8.67338618235965, 11.39436881613949 ], [ 8.669599999787124, 11.396000002247774 ], [ 8.671567100123696, 11.406290754239876 ], [ 8.671618910158884, 11.407077948774713 ], [ 8.679342508406705, 11.406309525252652 ], [ 8.685601297659275, 11.406617688462006 ], [ 8.694445067668198, 11.411830424003824 ], [ 8.712264047775363, 11.417544918886563 ], [ 8.716958502964985, 11.407762439239832 ], [ 8.721890358315989, 11.415683791621973 ], [ 8.725633812859485, 11.419411411154726 ], [ 8.728961331120331, 11.423721409083157 ], [ 8.730230554982711, 11.425816606506771 ], [ 8.732170006300521, 11.429720352159165 ], [ 8.736032302924741, 11.433913712008348 ], [ 8.737874320176331, 11.438631168213647 ], [ 8.740607636033474, 11.443756216695874 ], [ 8.743459792971407, 11.448182320703211 ], [ 8.745004711021068, 11.449812972811173 ], [ 8.746193109828539, 11.452142460393929 ], [ 8.748035128080119, 11.454646637095436 ], [ 8.7489858467261, 11.455927835965952 ], [ 8.747619187797511, 11.45744197199474 ], [ 8.746787310232264, 11.459538453419157 ], [ 8.746789794233962, 11.461636614844792 ], [ 8.74690614931302, 11.463207260911986 ], [ 8.747559767757139, 11.46408077850549 ], [ 8.746371370949646, 11.464663122901129 ], [ 8.74482645089995, 11.465827807692506 ], [ 8.744410511617332, 11.466643084246471 ], [ 8.744885871940312, 11.467807761037761 ], [ 8.74951160808331, 11.467152708592721 ], [ 8.758932518484357, 11.468745663675065 ], [ 8.763304560454969, 11.470436643823973 ], [ 8.763916189870542, 11.470702582004662 ], [ 8.764178933049038, 11.470871431119406 ], [ 8.764342608160291, 11.470913643148094 ], [ 8.764545049297794, 11.470985404196824 ], [ 8.76469580340023, 11.471057164245622 ], [ 8.764846556502675, 11.471116261285772 ], [ 8.765104992678289, 11.471145810305813 ], [ 8.765423729894849, 11.471137367300116 ], [ 8.765871684199226, 11.471188022334502 ], [ 8.766681448749409, 11.471280889397633 ], [ 8.767499999305585, 11.471299998410586 ] ] ] ] } },
{ "type": "Feature", "properties": { "fid": 445.0, "OBJECTID": 445.0, "lganame": "Kumbotso", "statecode": "KN", "LGA_UID": "19_25" }, "geometry": { "type": "MultiPolygon", "coordinates": [ [ [ [ 8.455372268229439, 11.953879396300636 ], [ 8.456999999335437, 11.953099999771041 ], [ 8.457400001607198, 11.953499999042833 ], [ 8.457782445867053, 11.953866424291789 ], [ 8.458200000150782, 11.954399998654367 ], [ 8.458900000626386, 11.956099997809417 ], [ 8.459399997966102, 11.95679999928501 ], [ 8.461052644088966, 11.958851912679222 ], [ 8.461517329404728, 11.959505311123166 ], [ 8.461936811689725, 11.959944761421752 ], [ 8.462889011336699, 11.961050345172964 ], [ 8.4632987166151, 11.961425911428137 ], [ 8.463620609833811, 11.961765332658729 ], [ 8.464024036107901, 11.962172392935315 ], [ 8.465292057969464, 11.963453566805811 ], [ 8.465505969114815, 11.963662831948 ], [ 8.465856547353042, 11.963343120730769 ], [ 8.466177414571007, 11.962994345493826 ], [ 8.466426163740039, 11.962795538358705 ], [ 8.466667070903725, 11.962592461220765 ], [ 8.466847707026488, 11.962294837018533 ], [ 8.466971301110448, 11.961922807765745 ], [ 8.467170952246079, 11.961392665405526 ], [ 8.467427646420504, 11.960992732133775 ], [ 8.467570253517408, 11.960564894843117 ], [ 8.467731875627237, 11.960090554520832 ], [ 8.467869690720875, 11.959613971196973 ], [ 8.467608281543221, 11.959396713049387 ], [ 8.467722368620741, 11.959048861813017 ], [ 8.467922019756429, 11.957988564092602 ], [ 8.46817409492769, 11.957537079785823 ], [ 8.468649898250987, 11.956709227223371 ], [ 8.467936858766507, 11.956513908090642 ], [ 8.466496560787903, 11.956319311958453 ], [ 8.466547524822488, 11.956066504786634 ], [ 8.465823479330538, 11.95560437647265 ], [ 8.466419883735796, 11.954733235880781 ], [ 8.467234699289406, 11.955637847495382 ], [ 8.467370603381767, 11.955402906335792 ], [ 8.468360228054166, 11.955744608567954 ], [ 8.468403477083541, 11.955431730355372 ], [ 8.468414187090843, 11.955354247302694 ], [ 8.468903412423231, 11.955348824299051 ], [ 8.46888611141145, 11.955186824188957 ], [ 8.468987272480206, 11.955172214179015 ], [ 8.469017326500648, 11.955113462139138 ], [ 8.469365828737409, 11.955175532181272 ], [ 8.46955578986649, 11.954635390814303 ], [ 8.469694594960799, 11.9541815015059 ], [ 8.469772554013787, 11.953986181373182 ], [ 8.469774456015045, 11.953777838231645 ], [ 8.469791569026654, 11.953621581125446 ], [ 8.469768751011202, 11.953610419117865 ], [ 8.46982598405009, 11.953146844802859 ], [ 8.46989457909666, 11.953143878800859 ], [ 8.469975480151618, 11.95255382939996 ], [ 8.470627910594942, 11.952623587447363 ], [ 8.470702053645311, 11.952239042186079 ], [ 8.47074554867487, 11.952047558055995 ], [ 8.470750985678535, 11.951829477907779 ], [ 8.470767296689644, 11.951664588795779 ], [ 8.470760128684788, 11.951501928685218 ], [ 8.471158242955255, 11.951862346930113 ], [ 8.471954470496257, 11.952775014550241 ], [ 8.473782877738586, 11.954669260837306 ], [ 8.473925975835812, 11.954814124935751 ], [ 8.477282615116508, 11.958212175244569 ], [ 8.478540013970814, 11.959647746219957 ], [ 8.479169758398712, 11.95968786524719 ], [ 8.479501609624208, 11.960693745930655 ], [ 8.480075775014313, 11.962434107113154 ], [ 8.48032706218504, 11.962389311082688 ], [ 8.481353837882693, 11.962417213101673 ], [ 8.484424659969193, 11.963105465569299 ], [ 8.486331329264658, 11.963527419856007 ], [ 8.486795408580008, 11.963054476534637 ], [ 8.487068604765625, 11.962118311898564 ], [ 8.48671515052547, 11.961230135295125 ], [ 8.486422178326393, 11.960724690951679 ], [ 8.485991088033472, 11.959995228456023 ], [ 8.485378285617116, 11.958935096735729 ], [ 8.484681675143804, 11.957642473857447 ], [ 8.483554895378234, 11.956886955344089 ], [ 8.48185359322224, 11.956078827795011 ], [ 8.481837734211467, 11.955119806143443 ], [ 8.481400001914039, 11.953600001110772 ], [ 8.480900000574366, 11.953400000974909 ], [ 8.480300002166643, 11.953400000974909 ], [ 8.480599999370497, 11.952899999635179 ], [ 8.480900000574366, 11.952000000023645 ], [ 8.480900000574366, 11.951499998683914 ], [ 8.481199997778162, 11.950700000140387 ], [ 8.481233418800855, 11.950690580133994 ], [ 8.481128384729516, 11.949099522052904 ], [ 8.481046726674037, 11.94909999905326 ], [ 8.480900000574366, 11.94909999905326 ], [ 8.480686222429085, 11.949172443102441 ], [ 8.480599999370497, 11.949000000985279 ], [ 8.480500001302573, 11.948899998917341 ], [ 8.480400000234624, 11.948600001713544 ], [ 8.480300002166643, 11.948299999509686 ], [ 8.480099998030767, 11.947900001237883 ], [ 8.480048062995479, 11.947848066202596 ], [ 8.479727969778025, 11.947527972985142 ], [ 8.479300000487228, 11.947000000626417 ], [ 8.479121521365926, 11.947225276779477 ], [ 8.478883841204436, 11.947469434945333 ], [ 8.478509495950107, 11.947260156803168 ], [ 8.478599999011578, 11.946800001490487 ], [ 8.478900000215447, 11.946600001354625 ], [ 8.478599999011578, 11.946100000014894 ], [ 8.478426358893614, 11.945754157779902 ], [ 8.475949851210942, 11.945408186544853 ], [ 8.474593960289667, 11.945218843416171 ], [ 8.474593936289693, 11.945218764416154 ], [ 8.474036901911177, 11.943165340020926 ], [ 8.472825684088207, 11.938658160958482 ], [ 8.473140434302081, 11.938198210645965 ], [ 8.473674923665214, 11.9372963010332 ], [ 8.474714635371697, 11.935541858841134 ], [ 8.476351187483658, 11.936144155250361 ], [ 8.477291815122726, 11.935676104932327 ], [ 8.477600001332121, 11.935499999812691 ], [ 8.478244022769729, 11.934955978443043 ], [ 8.478552163979089, 11.934848000369698 ], [ 8.479614887701189, 11.935300104676855 ], [ 8.480526840320806, 11.934147619893793 ], [ 8.480612760379188, 11.934040719821155 ], [ 8.481623045065589, 11.934978835458594 ], [ 8.483134688092719, 11.936192700283357 ], [ 8.484721200170668, 11.937455393141306 ], [ 8.486111627115406, 11.938613437928097 ], [ 8.487059968759752, 11.939431508483949 ], [ 8.488248367567223, 11.940408166147563 ], [ 8.490511079104635, 11.942249854398881 ], [ 8.492038351142298, 11.943672513365527 ], [ 8.492306803324709, 11.943598303315127 ], [ 8.492758394631551, 11.943598303315127 ], [ 8.49306143583749, 11.943609929322974 ], [ 8.493459550107957, 11.94363899634277 ], [ 8.493839837366352, 11.94373782340989 ], [ 8.494226066628755, 11.943807583457271 ], [ 8.494594469879075, 11.943900596520507 ], [ 8.495056762193201, 11.943912467528548 ], [ 8.495390697420078, 11.943929663540246 ], [ 8.495735332654249, 11.943964543563936 ], [ 8.496085910892475, 11.944005236591579 ], [ 8.496418662118515, 11.944022677603471 ], [ 8.49668605230022, 11.944208704729817 ], [ 8.496864312421337, 11.944342411820685 ], [ 8.497107933586847, 11.94453425195104 ], [ 8.497321844732198, 11.944749345097193 ], [ 8.497253709685936, 11.945303549473749 ], [ 8.496768844356495, 11.946270885131014 ], [ 8.497054058550248, 11.946363897194203 ], [ 8.497248956682711, 11.946196474080409 ], [ 8.497786113047653, 11.946377849203657 ], [ 8.497700547989496, 11.946563875330071 ], [ 8.497748084021794, 11.946605731358488 ], [ 8.497767099034718, 11.946768503469116 ], [ 8.498375559448164, 11.946940575586041 ], [ 8.498275139379928, 11.947017892638542 ], [ 8.498209777335546, 11.947107998699778 ], [ 8.498188980321402, 11.947206824766909 ], [ 8.498183038317336, 11.947282396818252 ], [ 8.498374016447087, 11.947404866901479 ], [ 8.498296233394285, 11.94761317304301 ], [ 8.498378233449955, 11.947717812114092 ], [ 8.498199973328838, 11.947923601253933 ], [ 8.498146495292531, 11.948073584355825 ], [ 8.497939714152039, 11.948425866595187 ], [ 8.500163325662868, 11.950240642828248 ], [ 8.50096860821003, 11.950809443214723 ], [ 8.500175020670838, 11.951087768403852 ], [ 8.500016704563222, 11.951448736649127 ], [ 8.499760011388844, 11.952318389239963 ], [ 8.501214611377179, 11.95339731097306 ], [ 8.501218870380058, 11.953393113970208 ], [ 8.501503629573563, 11.953112524779556 ], [ 8.502350086148681, 11.952491699357722 ], [ 8.502391201176579, 11.952524311379932 ], [ 8.510901734959134, 11.959274720966505 ], [ 8.510909650964493, 11.959271198964075 ], [ 8.510949270991432, 11.959302623985423 ], [ 8.511615298443928, 11.95900628178407 ], [ 8.515162337854008, 11.955975096724558 ], [ 8.51660815383633, 11.955246871229747 ], [ 8.516715406909213, 11.955197786196379 ], [ 8.517392498369304, 11.956060704782715 ], [ 8.518666030234556, 11.957940488059933 ], [ 8.521099999888349, 11.96060527187052 ], [ 8.521925356449117, 11.961318416355084 ], [ 8.522749472009082, 11.962024645834958 ], [ 8.523698963654226, 11.962730436314473 ], [ 8.523856384761189, 11.962556983196635 ], [ 8.524355512100328, 11.963045270528426 ], [ 8.525081032593278, 11.963328640720931 ], [ 8.526904647832339, 11.964040896204892 ], [ 8.528345221811151, 11.965173369974366 ], [ 8.528351604815498, 11.965179470978512 ], [ 8.528534811939949, 11.965323632076434 ], [ 8.529185338381978, 11.965976395519988 ], [ 8.53049970427503, 11.967232731373599 ], [ 8.531005724618808, 11.966631412965 ], [ 8.531487835946393, 11.966033189558573 ], [ 8.531617547034557, 11.965890918461866 ], [ 8.532362979541006, 11.964970611836577 ], [ 8.533010656981105, 11.96419168330732 ], [ 8.533592973376756, 11.963534821861003 ], [ 8.534276301841032, 11.962697759292269 ], [ 8.535078471386043, 11.961715367624777 ], [ 8.535194258464742, 11.96155780751775 ], [ 8.534450544959441, 11.961073801188888 ], [ 8.534395141921777, 11.961029437158743 ], [ 8.535401014605213, 11.959366237028689 ], [ 8.536098677079224, 11.95860943651445 ], [ 8.535963694987515, 11.958298069302884 ], [ 8.536155274117675, 11.958105716172213 ], [ 8.536966188668657, 11.956984257410227 ], [ 8.537573024080984, 11.95602120575586 ], [ 8.538164847483131, 11.955121338144465 ], [ 8.538150586473421, 11.955016702073351 ], [ 8.53932105926873, 11.953318808919732 ], [ 8.539416601333642, 11.953203553841433 ], [ 8.539517615402247, 11.953127982790079 ], [ 8.538939606009535, 11.951735820844135 ], [ 8.5384280216619, 11.950498846003711 ], [ 8.538052269406649, 11.949717027472502 ], [ 8.537761193208837, 11.949587587384542 ], [ 8.537406608967899, 11.949307996194591 ], [ 8.536902144625174, 11.948627268732025 ], [ 8.536358733255952, 11.948656649752024 ], [ 8.535543379701949, 11.948369858557157 ], [ 8.535657277779364, 11.94770349410436 ], [ 8.535676026792089, 11.947092999689573 ], [ 8.535809869882996, 11.945652963711154 ], [ 8.534968346311246, 11.944532871950116 ], [ 8.535054957370107, 11.942023121244858 ], [ 8.535055284370287, 11.942013643238397 ], [ 8.535035030356539, 11.941822513108548 ], [ 8.534906431269178, 11.940527909228933 ], [ 8.53491901027769, 11.938411452790888 ], [ 8.535356859575188, 11.93470785327446 ], [ 8.535358763576482, 11.934689648262065 ], [ 8.535991050006146, 11.933643590551355 ], [ 8.536280924203083, 11.933129387201973 ], [ 8.537407894968794, 11.933534736477384 ], [ 8.537408621969291, 11.933535117477618 ], [ 8.537425031980433, 11.933541019481652 ], [ 8.538350263609118, 11.934025448810814 ], [ 8.538368379621375, 11.934034933817259 ], [ 8.554801396786843, 11.941002281551221 ], [ 8.554818474798481, 11.941009522556158 ], [ 8.554951502888855, 11.938854156091679 ], [ 8.553661455012332, 11.937297616034073 ], [ 8.554373758496297, 11.936735271651969 ], [ 8.55438054350094, 11.936729914648367 ], [ 8.555468840240337, 11.937953726479861 ], [ 8.558953554608081, 11.935534072835821 ], [ 8.558964008615192, 11.935544996843248 ], [ 8.55897069161972, 11.935540355840089 ], [ 8.558983174628167, 11.93555339984897 ], [ 8.561299998202344, 11.938099998579276 ], [ 8.561726996492496, 11.937673003289149 ], [ 8.563307420566332, 11.938088252571276 ], [ 8.563502314698724, 11.938398842782306 ], [ 8.562899999289471, 11.938700001986945 ], [ 8.56239999794974, 11.939199999326661 ], [ 8.562839449248372, 11.939582907586839 ], [ 8.563816909912475, 11.940806224417997 ], [ 8.564092291099598, 11.941391158815463 ], [ 8.5646391754712, 11.942658585676611 ], [ 8.564639235471191, 11.942658719676672 ], [ 8.56536996196769, 11.94435220382735 ], [ 8.565583137112526, 11.945441080567207 ], [ 8.565661908166078, 11.945891761873384 ], [ 8.565663551167177, 11.945901159879782 ], [ 8.565663559167206, 11.945901200879803 ], [ 8.565682157179822, 11.946007605952104 ], [ 8.566336591624463, 11.945929219898858 ], [ 8.56777973460504, 11.945744216773164 ], [ 8.567870648666826, 11.94544225356799 ], [ 8.56797960974086, 11.945080347322062 ], [ 8.56869153322458, 11.945324037487637 ], [ 8.569439408732705, 11.945580033661599 ], [ 8.569500085773939, 11.94561215568342 ], [ 8.569796327975212, 11.94602975196716 ], [ 8.570370968365637, 11.945751354777997 ], [ 8.570792132651832, 11.946214636092805 ], [ 8.571510563139952, 11.946976760610596 ], [ 8.572314035685906, 11.948057885345179 ], [ 8.572669303927285, 11.947891277231975 ], [ 8.573349102389159, 11.947572475015363 ], [ 8.573563252534655, 11.947440414925609 ], [ 8.573720059641232, 11.947499187965548 ], [ 8.575201273647622, 11.946635444378671 ], [ 8.576243478355764, 11.945946589910648 ], [ 8.577203591008129, 11.945396933537211 ], [ 8.578724066041218, 11.944700942064287 ], [ 8.580300000111947, 11.947700001102021 ], [ 8.581086492646364, 11.949443194286403 ], [ 8.581893266194527, 11.950643607102052 ], [ 8.582233973426014, 11.951034456367609 ], [ 8.583198754081536, 11.952075986075272 ], [ 8.584238602788048, 11.953064223746765 ], [ 8.585421059591511, 11.95413965647748 ], [ 8.58711317174118, 11.955574849452603 ], [ 8.589491537357162, 11.957804569967607 ], [ 8.589904887638056, 11.95828578429456 ], [ 8.590133059793061, 11.958620614522033 ], [ 8.590589406103163, 11.959048453812727 ], [ 8.590941172342127, 11.958815932654772 ], [ 8.591059219422334, 11.958577211492582 ], [ 8.5910651614264, 11.958414446381994 ], [ 8.59104733541426, 11.958181924223993 ], [ 8.591077045434474, 11.95800171910156 ], [ 8.591023567398111, 11.957844766994924 ], [ 8.591041393410251, 11.957705253900087 ], [ 8.591059219422334, 11.957519235773702 ], [ 8.591142407478856, 11.957269273603856 ], [ 8.591273130567686, 11.957036751445912 ], [ 8.591397912652496, 11.956856546323479 ], [ 8.591629650809921, 11.956653088185192 ], [ 8.591855445963347, 11.956478696066711 ], [ 8.591998054060241, 11.956357783984572 ], [ 8.592295154262104, 11.95614851284239 ], [ 8.592571654449955, 11.956030312762095 ], [ 8.592738029563009, 11.9559094006799 ], [ 8.592937680698697, 11.955802439607226 ], [ 8.59308979580203, 11.955709429544015 ], [ 8.593645967179953, 11.956313991954801 ], [ 8.593859879325294, 11.956574418131765 ], [ 8.594682953884501, 11.958025265117556 ], [ 8.595265269280162, 11.959339011010172 ], [ 8.59544352940128, 11.960152832563153 ], [ 8.595431645393205, 11.961082912195081 ], [ 8.595400344371967, 11.961900666750694 ], [ 8.595314620313673, 11.962753808330376 ], [ 8.59530000030378, 11.963370892749651 ], [ 8.59530000030378, 11.963900000109163 ], [ 8.595630807528551, 11.964561612558668 ], [ 8.596669715234441, 11.965869714447479 ], [ 8.59710000052678, 11.966299999739817 ], [ 8.597499999798572, 11.966899998147483 ], [ 8.597944109100297, 11.967830571779814 ], [ 8.598364777386109, 11.968483194223211 ], [ 8.59879999968183, 11.970300000457655 ], [ 8.59970117829414, 11.970278752443221 ], [ 8.602299999059937, 11.970199998389717 ], [ 8.603300000739409, 11.970199998389717 ], [ 8.605700001370053, 11.969999999253787 ], [ 8.607077895306304, 11.969661880024091 ], [ 8.608300000136637, 11.969399999846132 ], [ 8.609691580082142, 11.968722009385488 ], [ 8.61097081795134, 11.968114589972743 ], [ 8.612100000718556, 11.967500000555162 ], [ 8.613742490834568, 11.966821429094125 ], [ 8.613748144838382, 11.966820410093419 ], [ 8.61520000182486, 11.966200001671893 ], [ 8.615600001096652, 11.966099999603955 ], [ 8.616199999504317, 11.966099999603955 ], [ 8.617411727327635, 11.965648435297112 ], [ 8.618600000135018, 11.965100001924498 ], [ 8.62079999962981, 11.964400001448894 ], [ 8.621900000377195, 11.964100000245026 ], [ 8.623000000124591, 11.963699999973244 ], [ 8.623799997668186, 11.963699999973244 ], [ 8.624400001075855, 11.963399998769432 ], [ 8.625900000095044, 11.962900002429706 ], [ 8.626600000570647, 11.962499999157899 ], [ 8.627199999978302, 11.962299999022036 ], [ 8.627700001318033, 11.962099998886117 ], [ 8.628499999861617, 11.962099998886117 ], [ 8.629320347418968, 11.961917699762296 ], [ 8.629631847630662, 11.961913025759088 ], [ 8.630500000220536, 11.961899999750244 ], [ 8.631000000560221, 11.962000000818193 ], [ 8.63120000069614, 11.962000000818193 ], [ 8.631499997899937, 11.962200000954056 ], [ 8.631900001171743, 11.962400001089975 ], [ 8.632039855266783, 11.958666249553062 ], [ 8.633040724946795, 11.9548629619689 ], [ 8.633361429164722, 11.952530202383912 ], [ 8.63339782018943, 11.949920327610641 ], [ 8.633195682052076, 11.945279854457624 ], [ 8.633106376991407, 11.94259551663373 ], [ 8.63232868046299, 11.939130974279749 ], [ 8.631709716042451, 11.937046673863563 ], [ 8.631286402754824, 11.935621209895032 ], [ 8.630382884140943, 11.927565564421627 ], [ 8.634073712648672, 11.920064289324841 ], [ 8.63549167261209, 11.918026721940407 ], [ 8.631739545062715, 11.915936701520366 ], [ 8.630425330169771, 11.915341754116128 ], [ 8.628106440594195, 11.913826770086757 ], [ 8.626348639399851, 11.913430020817145 ], [ 8.61511255576545, 11.912019615858867 ], [ 8.611684577436336, 11.911402781439733 ], [ 8.609140852707981, 11.911060298207076 ], [ 8.610537220656738, 11.900071507740677 ], [ 8.611725620464199, 11.894460657928391 ], [ 8.613066284375122, 11.893601968344967 ], [ 8.613739947832869, 11.892368592506898 ], [ 8.613200001465998, 11.892299999460306 ], [ 8.612399998922399, 11.8918000011206 ], [ 8.611699998446795, 11.891199998712921 ], [ 8.610699999767348, 11.890500002237275 ], [ 8.607700000728983, 11.889199998354002 ], [ 8.606400001845714, 11.888700001014286 ], [ 8.605599999302115, 11.888199999674555 ], [ 8.605300002098318, 11.888099997606616 ], [ 8.604619255635782, 11.88803192456038 ], [ 8.603700001011191, 11.887999999538692 ], [ 8.601699999652283, 11.887300000063078 ], [ 8.600499998836938, 11.886799998723347 ], [ 8.600200000633095, 11.886799998723347 ], [ 8.59899999881776, 11.886599998587428 ], [ 8.597096417524369, 11.886093982243608 ], [ 8.595699998575526, 11.885800000043844 ], [ 8.594146227519843, 11.885411557779946 ], [ 8.592500001401277, 11.885000001500316 ], [ 8.591435071677722, 11.884812750373101 ], [ 8.590399998974419, 11.884500001160575 ], [ 8.58859999875142, 11.884100000888793 ], [ 8.586287203180007, 11.884070819868953 ], [ 8.583099999014451, 11.883999999820844 ], [ 8.582178346388218, 11.884060236861785 ], [ 8.580400001179896, 11.884500001160575 ], [ 8.579840657799878, 11.884615947239354 ], [ 8.581284459780875, 11.882061853503956 ], [ 8.572034694496097, 11.881215333928822 ], [ 8.566066041440649, 11.880783883635672 ], [ 8.559624032063596, 11.880919565727822 ], [ 8.558455651269753, 11.880796446644183 ], [ 8.55637595385673, 11.886989035851741 ], [ 8.55322575871628, 11.890158605005354 ], [ 8.551544771574129, 11.889964861873693 ], [ 8.545365099375317, 11.890011377905296 ], [ 8.542828208651656, 11.89091384351849 ], [ 8.541454876718547, 11.891350625815278 ], [ 8.536232597170226, 11.891379001834537 ], [ 8.535360703577851, 11.887106076931275 ], [ 8.534897681263203, 11.887209369001482 ], [ 8.522531769861189, 11.889967952875793 ], [ 8.521718660308693, 11.885477942825048 ], [ 8.517926204731907, 11.879890121028382 ], [ 8.510231220503499, 11.876947047028693 ], [ 8.509195533799812, 11.874373639280179 ], [ 8.50588395754977, 11.866313901804006 ], [ 8.501721832721785, 11.86427707742007 ], [ 8.501270437415087, 11.866103508661013 ], [ 8.498115187271253, 11.86893318758365 ], [ 8.49717776363434, 11.869815468183106 ], [ 8.495334116381628, 11.870771433832658 ], [ 8.493180268918195, 11.871814214541189 ], [ 8.491317031652216, 11.871279774178049 ], [ 8.490134559848798, 11.870862429894487 ], [ 8.488914908020092, 11.870817257863791 ], [ 8.487564742102734, 11.870767251829818 ], [ 8.486277614228186, 11.870845106882712 ], [ 8.484724843173126, 11.870980756974916 ], [ 8.48410992575532, 11.871081265043188 ], [ 8.483477055325352, 11.871525911345316 ], [ 8.482615462739943, 11.872004571670516 ], [ 8.482380910580559, 11.8722391238299 ], [ 8.482005593325539, 11.872614443084899 ], [ 8.480972246623423, 11.873647787787036 ], [ 8.479078487336722, 11.875305832913568 ], [ 8.477540798291898, 11.876744400891027 ], [ 8.477155109029866, 11.877072192113758 ], [ 8.476746609752297, 11.877419367349603 ], [ 8.475615090983467, 11.87862423116826 ], [ 8.475277316753989, 11.878876392339578 ], [ 8.47414458098433, 11.87952366877937 ], [ 8.473073572256624, 11.87937066767546 ], [ 8.471749226356792, 11.879120740505641 ], [ 8.470330205392656, 11.878780283274295 ], [ 8.469480837815581, 11.878476706068057 ], [ 8.468457670120358, 11.878381528003388 ], [ 8.467029993150334, 11.87781045661535 ], [ 8.465459549083278, 11.87781045661535 ], [ 8.463460801725205, 11.878524295100362 ], [ 8.462758869248319, 11.878902260357165 ], [ 8.461604822464153, 11.87952366877937 ], [ 8.460850757951846, 11.880512547451303 ], [ 8.460304249580474, 11.881366148031304 ], [ 8.459891610300133, 11.88195071942846 ], [ 8.458321165233087, 11.882664556913483 ], [ 8.45617965077804, 11.882807325010504 ], [ 8.454466438613963, 11.882093486525491 ], [ 8.453324296837934, 11.882950093107468 ], [ 8.453181529740959, 11.884520537174524 ], [ 8.453467065934944, 11.886233749338601 ], [ 8.453324296837934, 11.887946960502632 ], [ 8.45203938896492, 11.889231870375681 ], [ 8.449897873509826, 11.8902312430547 ], [ 8.448206657360743, 11.890304775104653 ], [ 8.44661421727875, 11.890374011151721 ], [ 8.445067819228029, 11.890283440090172 ], [ 8.443649116264112, 11.890096892963413 ], [ 8.442343166376759, 11.889847076793671 ], [ 8.44076074330161, 11.889517404569688 ], [ 8.43833369265252, 11.888803567084665 ], [ 8.43644539636955, 11.887605663270733 ], [ 8.435358350630906, 11.886948977824545 ], [ 8.434917660331507, 11.886210054322476 ], [ 8.434050663742426, 11.884520537174524 ], [ 8.43357551741957, 11.884043752850573 ], [ 8.433051290063418, 11.88323562830152 ], [ 8.431338077899341, 11.88323562830152 ], [ 8.430097580056497, 11.883831482706341 ], [ 8.428246179798521, 11.885328400723438 ], [ 8.42662674469824, 11.886662051629571 ], [ 8.425147154692922, 11.888043003567873 ], [ 8.424592322315902, 11.889637353651153 ], [ 8.424489462246015, 11.891007046581819 ], [ 8.424132943003769, 11.892402519529981 ], [ 8.423211934378003, 11.893158398043568 ], [ 8.422290924752247, 11.894030562636146 ], [ 8.421607596287913, 11.894844581189261 ], [ 8.420716296682315, 11.895803954841085 ], [ 8.419973547177676, 11.897112188729977 ], [ 8.419141758612511, 11.898462418647398 ], [ 8.418533887199487, 11.899896565621816 ], [ 8.416940360116769, 11.902226103204612 ], [ 8.416347473713927, 11.902937564688045 ], [ 8.413583569835964, 11.904255753583698 ], [ 8.411358102323902, 11.90500561409317 ], [ 8.410275333588174, 11.90519016221856 ], [ 8.410178097522135, 11.905225192242369 ], [ 8.410117006480618, 11.905245756256363 ], [ 8.410006605405613, 11.905286984284373 ], [ 8.409974219383628, 11.905298651292298 ], [ 8.40989901833251, 11.905325735310669 ], [ 8.409898719332318, 11.905325843310777 ], [ 8.409815708275914, 11.90535581633111 ], [ 8.409775654248676, 11.905370196340925 ], [ 8.409772970246877, 11.905371146341565 ], [ 8.409768181243635, 11.905372842342672 ], [ 8.409761108238797, 11.905375420344456 ], [ 8.409756454235662, 11.905377116345619 ], [ 8.409755509235026, 11.905377438345795 ], [ 8.409747956229864, 11.905380003347545 ], [ 8.409741546225519, 11.905382273349119 ], [ 8.409737273222618, 11.905383741350079 ], [ 8.409728211216475, 11.905386812352162 ], [ 8.409724974214271, 11.905387973352958 ], [ 8.409504200064248, 11.905463896404569 ], [ 8.409504148064229, 11.90546391440455 ], [ 8.409229365877536, 11.905557323468031 ], [ 8.409076728773812, 11.905610901504474 ], [ 8.408513872391381, 11.90580446763596 ], [ 8.4067805042136, 11.905706529569443 ], [ 8.406065276727645, 11.906935501404462 ], [ 8.404952543971604, 11.908212739272301 ], [ 8.403807320193494, 11.910249543656164 ], [ 8.404431228617398, 11.912284462038826 ], [ 8.405638932437967, 11.914814730757996 ], [ 8.405089499064673, 11.918171268038634 ], [ 8.404842614896893, 11.91973634010202 ], [ 8.404723913816269, 11.920743826786577 ], [ 8.40445111063093, 11.922972374300741 ], [ 8.404430736617087, 11.923166019432301 ], [ 8.404929245955771, 11.924897161608556 ], [ 8.404960958977313, 11.926183911482838 ], [ 8.404990288997283, 11.9266383257916 ], [ 8.405062133046044, 11.927751438547887 ], [ 8.405033963026938, 11.928997211394346 ], [ 8.404515234674477, 11.93084140064741 ], [ 8.403312457857226, 11.935117507552775 ], [ 8.402877681561847, 11.936663205603054 ], [ 8.401787325820976, 11.940539551236839 ], [ 8.402856982547803, 11.947493617961811 ], [ 8.402848075541726, 11.947535030989911 ], [ 8.402861582550884, 11.947549597999796 ], [ 8.402966298622061, 11.947662533076539 ], [ 8.405566125388532, 11.949980780651686 ], [ 8.406516844034456, 11.951027159362638 ], [ 8.410337725630598, 11.95380874225259 ], [ 8.411341743312789, 11.954910348001079 ], [ 8.413837380008431, 11.957142575517821 ], [ 8.417473880479292, 11.959630558208289 ], [ 8.41982690907804, 11.959677062239848 ], [ 8.421752115386141, 11.960118850540027 ], [ 8.425626294018457, 11.961374457393163 ], [ 8.429381633570017, 11.963048589530672 ], [ 8.430879015587436, 11.96383914906778 ], [ 8.433053786065102, 11.965017231868273 ], [ 8.43625057823715, 11.966877354132123 ], [ 8.440053453821008, 11.969004851577665 ], [ 8.441871704056439, 11.970109284328089 ], [ 8.444057072541284, 11.97124810910185 ], [ 8.44444835480715, 11.971427509223759 ], [ 8.44489874011316, 11.966350625774226 ], [ 8.445300002385807, 11.962699998293829 ], [ 8.44550000052169, 11.960399999731067 ], [ 8.445599998589671, 11.958900000711878 ], [ 8.449120321981525, 11.957097728487327 ], [ 8.455372268229439, 11.953879396300636 ] ] ] ] } },
{ "type": "Feature", "properties": { "fid": 452.0, "OBJECTID": 452.0, "lganame": "Ungogo", "statecode": "KN", "LGA_UID": "19_42" }, "geometry": { "type": "MultiPolygon", "coordinates": [ [ [ [ 8.54306311281124, 12.136625265467842 ], [ 8.545644497565206, 12.131253821818234 ], [ 8.547412651766535, 12.130862491552307 ], [ 8.550169736639873, 12.13095544061548 ], [ 8.551358136447334, 12.130444222268125 ], [ 8.551597884610203, 12.129110445361903 ], [ 8.552712910367859, 12.12781839748402 ], [ 8.553473484884591, 12.127888108531351 ], [ 8.554614347659765, 12.127981058594514 ], [ 8.555660139370332, 12.127748684436654 ], [ 8.556099557668915, 12.124883554489884 ], [ 8.556413844882456, 12.124666209342251 ], [ 8.557512370628842, 12.123906548826085 ], [ 8.557418968565401, 12.122892000136744 ], [ 8.557267766462644, 12.12211945061182 ], [ 8.557514040629997, 12.121474483173586 ], [ 8.558115686038775, 12.121552420226578 ], [ 8.560960396971609, 12.121939243489408 ], [ 8.561500002338278, 12.12059999957944 ], [ 8.564335449264831, 12.118918284436802 ], [ 8.564528811396201, 12.117573826523312 ], [ 8.567116302154261, 12.115943768415718 ], [ 8.568516234105459, 12.115063869817902 ], [ 8.567573815465096, 12.113135658507758 ], [ 8.567363156322017, 12.111826039617938 ], [ 8.567335262303061, 12.11162249647964 ], [ 8.567306445283464, 12.11141221533677 ], [ 8.567449053380358, 12.110761523894666 ], [ 8.567579183468752, 12.110280766567996 ], [ 8.568019484767945, 12.109739006199902 ], [ 8.568553670130882, 12.109304725904849 ], [ 8.569278592623448, 12.109235007857478 ], [ 8.569899999045674, 12.109299998901633 ], [ 8.570403230387569, 12.109151950801049 ], [ 8.570752800625087, 12.108553811394643 ], [ 8.570990480786577, 12.107368609589344 ], [ 8.570471402433895, 12.105926247609318 ], [ 8.571038016818875, 12.104696078773486 ], [ 8.572273951658644, 12.1034643809366 ], [ 8.573985245821405, 12.101000970262817 ], [ 8.57517364362883, 12.100001654583821 ], [ 8.576290739387844, 12.099002335904856 ], [ 8.577265226049974, 12.098816415778515 ], [ 8.577883193469859, 12.097607931957384 ], [ 8.578287248744402, 12.096724805357383 ], [ 8.580378830165557, 12.095795194725724 ], [ 8.585023042321041, 12.095653139629235 ], [ 8.591471265702296, 12.094257941681235 ], [ 8.593633134171228, 12.093790178363406 ], [ 8.594649272861602, 12.093749687335901 ], [ 8.60121872932524, 12.094631869935313 ], [ 8.602657230302668, 12.094824424066132 ], [ 8.603264571715329, 12.094796913047446 ], [ 8.604945816857651, 12.09463761093923 ], [ 8.608581496327929, 12.094293120705174 ], [ 8.611884002571799, 12.093747541334437 ], [ 8.616695281840862, 12.093810724377363 ], [ 8.620219429235362, 12.093857005408836 ], [ 8.624488162135719, 12.093913063446905 ], [ 8.634435169894289, 12.097576366935982 ], [ 8.637355157878289, 12.098652648667269 ], [ 8.639133052086265, 12.097782904076269 ], [ 8.640705729154831, 12.097178340665494 ], [ 8.640911048294299, 12.097099412611897 ], [ 8.641201118491438, 12.096653451308896 ], [ 8.642244051200066, 12.095050012219417 ], [ 8.642814764587797, 12.092379897405181 ], [ 8.643191006843438, 12.091594183871337 ], [ 8.644839130963248, 12.088152366532768 ], [ 8.645069065119515, 12.087672186206532 ], [ 8.646022355767229, 12.086310349281234 ], [ 8.646022371767231, 12.086310326281193 ], [ 8.647264195611001, 12.084747023218995 ], [ 8.647971474091548, 12.083200841168491 ], [ 8.646762524270116, 12.080580382388007 ], [ 8.645668531526837, 12.078652842078327 ], [ 8.644253164565157, 12.076844596849696 ], [ 8.643416634996754, 12.075440871895921 ], [ 8.641871363946791, 12.07323239039539 ], [ 8.640842151247512, 12.072185021683708 ], [ 8.639311510207506, 12.070208804341007 ], [ 8.634411262878018, 12.061145377182811 ], [ 8.623685964590663, 12.048884256851977 ], [ 8.618367880977303, 12.042985935844342 ], [ 8.613461384643585, 12.039412681416479 ], [ 8.611721569461452, 12.038701377933194 ], [ 8.610537923657205, 12.03807375450674 ], [ 8.60871254441696, 12.037613498193991 ], [ 8.607429072544903, 12.037585604175035 ], [ 8.606254934747142, 12.037422886064519 ], [ 8.604945826857659, 12.037291092974954 ], [ 8.604565539599264, 12.036826184659049 ], [ 8.604527510573405, 12.036175313216802 ], [ 8.604736668715532, 12.035357070660893 ], [ 8.604682502678713, 12.034145837837912 ], [ 8.604462222529037, 12.03322340121116 ], [ 8.603862008121268, 12.031972501361224 ], [ 8.603900037147071, 12.031526181057984 ], [ 8.60414722331501, 12.0312286328558 ], [ 8.604511447562516, 12.030999631700183 ], [ 8.604261310392531, 12.030317393236658 ], [ 8.604071166263338, 12.029871069933392 ], [ 8.60393806517294, 12.029517729693339 ], [ 8.604082376270981, 12.028970804321716 ], [ 8.604090180276273, 12.028941228301619 ], [ 8.604337367444202, 12.028476305985691 ], [ 8.60454652458634, 12.027881203581387 ], [ 8.604755683728456, 12.027379087240206 ], [ 8.604831740780128, 12.02691416192431 ], [ 8.604831740780128, 12.026560817684242 ], [ 8.60466061166386, 12.0261330863936 ], [ 8.604318353431324, 12.025872727216722 ], [ 8.603842993108344, 12.025668159077725 ], [ 8.603025945553156, 12.025526611981547 ], [ 8.601874370770759, 12.025446233926914 ], [ 8.600961681150636, 12.025204470762674 ], [ 8.599763775336669, 12.025018499636303 ], [ 8.598527841496946, 12.024906916560496 ], [ 8.598090510199768, 12.02741752026634 ], [ 8.593916795363953, 12.026590989704744 ], [ 8.593128390828269, 12.026560817684242 ], [ 8.592925570690454, 12.028194639794322 ], [ 8.592093692125218, 12.030071760069745 ], [ 8.591950311027801, 12.030724848513501 ], [ 8.591798565924705, 12.031416036983103 ], [ 8.592126967147863, 12.031479301026081 ], [ 8.593113292817975, 12.031515347050629 ], [ 8.593751508251614, 12.031594368104265 ], [ 8.593755074254034, 12.031328202923419 ], [ 8.593743190245959, 12.031002760702336 ], [ 8.593748292249472, 12.030804859567866 ], [ 8.593769683263986, 12.030609594435191 ], [ 8.594211766564342, 12.030651437463632 ], [ 8.594660981869595, 12.030853676601055 ], [ 8.595110196174801, 12.030937361657891 ], [ 8.595381151358879, 12.0311605228095 ], [ 8.595559298479941, 12.031461595014093 ], [ 8.595723409591471, 12.031753292212272 ], [ 8.595921286725911, 12.03212871346733 ], [ 8.59566730655331, 12.032176659499953 ], [ 8.595434043394846, 12.032268186562135 ], [ 8.595160711209132, 12.032489021712195 ], [ 8.593354285981718, 12.036733175595884 ], [ 8.592760086578039, 12.036454231406367 ], [ 8.592189655190452, 12.035873095011482 ], [ 8.591666759835164, 12.035477920743006 ], [ 8.591264735561992, 12.035048414451126 ], [ 8.590610165117255, 12.034775647265803 ], [ 8.590359521946937, 12.034487079069777 ], [ 8.59015749380967, 12.034463833053962 ], [ 8.590109957777372, 12.034277867927585 ], [ 8.589967349680478, 12.034277867927585 ], [ 8.589670250478605, 12.034370850990797 ], [ 8.589503875365551, 12.034501607079619 ], [ 8.589055829061124, 12.034347133974677 ], [ 8.587839415234669, 12.03688069669613 ], [ 8.587648863105187, 12.037433580071763 ], [ 8.587484195993284, 12.037815753331415 ], [ 8.587239273826867, 12.037723341268645 ], [ 8.586745694491526, 12.037549375150434 ], [ 8.586500000324577, 12.037566435162034 ], [ 8.586500000324577, 12.037700001252801 ], [ 8.586199999120765, 12.038299999660467 ], [ 8.585833243871548, 12.03885013203427 ], [ 8.585677069765438, 12.039015032146267 ], [ 8.585499401644711, 12.038869005047047 ], [ 8.584472624947068, 12.038129805544827 ], [ 8.583025854964035, 12.036935148733107 ], [ 8.582792113805226, 12.037411631056841 ], [ 8.582655816712645, 12.037689473245621 ], [ 8.582513842616152, 12.037604060187618 ], [ 8.581214784733504, 12.036822535656597 ], [ 8.580881724507208, 12.037209935919805 ], [ 8.580300411112262, 12.037886090379232 ], [ 8.580228081063126, 12.037914552398547 ], [ 8.57857852294228, 12.038563649839602 ], [ 8.578604393959893, 12.037704220255648 ], [ 8.578093261612594, 12.037629299204752 ], [ 8.575868422100939, 12.036555017474825 ], [ 8.575131231600039, 12.036453552405874 ], [ 8.572866144061038, 12.041644594932961 ], [ 8.57060818652684, 12.039529293495718 ], [ 8.568720165244031, 12.038144393554717 ], [ 8.567011332082927, 12.036878867694838 ], [ 8.565239870879338, 12.035694251889993 ], [ 8.565502529057767, 12.034699988214413 ], [ 8.565028159735448, 12.034624711163247 ], [ 8.564765040556665, 12.034653581182909 ], [ 8.563785830891391, 12.0342482639075 ], [ 8.563135662449611, 12.034562384120932 ], [ 8.562976021341115, 12.034714812224479 ], [ 8.562084721735516, 12.034633451169213 ], [ 8.561899989610026, 12.034810336289411 ], [ 8.561690217467515, 12.034910360357344 ], [ 8.561055204036052, 12.03497784840323 ], [ 8.561303197204552, 12.035790388955263 ], [ 8.560914220940219, 12.037294114976987 ], [ 8.560677387779322, 12.037900881389248 ], [ 8.560435816615211, 12.038526789814568 ], [ 8.560352306558457, 12.038593662859967 ], [ 8.559886620242025, 12.038977321120683 ], [ 8.559011676647572, 12.039695075608336 ], [ 8.559150000741511, 12.039842517708507 ], [ 8.557797999822924, 12.039900557747956 ], [ 8.55766717873405, 12.040303653021851 ], [ 8.557481787608083, 12.040987058486166 ], [ 8.557286505475361, 12.042741168677992 ], [ 8.555995083597907, 12.043807406402493 ], [ 8.55590181953454, 12.044013829542735 ], [ 8.55511426099946, 12.045411484492377 ], [ 8.554905101857344, 12.046015843903035 ], [ 8.554819537799176, 12.046601608300989 ], [ 8.555808285471016, 12.047484898901189 ], [ 8.555878886518997, 12.048714740736784 ], [ 8.555614110339093, 12.049119190011595 ], [ 8.555262009099806, 12.049294849130945 ], [ 8.55496625989889, 12.049390091195676 ], [ 8.554764231761624, 12.049587668329877 ], [ 8.554645392680868, 12.049796867472025 ], [ 8.554407712519378, 12.04985497651154 ], [ 8.55422945339825, 12.049820111487804 ], [ 8.553968005220611, 12.049727134424643 ], [ 8.553694674034887, 12.049796867472025 ], [ 8.553528297921844, 12.049982820598359 ], [ 8.553590825964363, 12.050125952695623 ], [ 8.553468877881471, 12.050389594874787 ], [ 8.553219313711907, 12.050622037032724 ], [ 8.552969750542331, 12.05087772420643 ], [ 8.552803375429278, 12.051040433316984 ], [ 8.552708303364682, 12.051238008451207 ], [ 8.552850911461576, 12.051342606522269 ], [ 8.552971764543713, 12.051555894667217 ], [ 8.553112357639236, 12.051621536711821 ], [ 8.553231197719981, 12.051423961577541 ], [ 8.553195545695758, 12.051168276403814 ], [ 8.553350037800726, 12.051214764435429 ], [ 8.553599601970291, 12.051261252467043 ], [ 8.553801630107557, 12.051203142427539 ], [ 8.553968005220611, 12.051156654395925 ], [ 8.554170033357877, 12.051272875474922 ], [ 8.554041686270693, 12.051814462842913 ], [ 8.553937107199602, 12.052111987045066 ], [ 8.553680413025234, 12.052502487310392 ], [ 8.553509283908909, 12.052688440436725 ], [ 8.553281110753915, 12.052800010512556 ], [ 8.553109981637647, 12.052781416499897 ], [ 8.55286279546965, 12.05253967833562 ], [ 8.552568072269423, 12.052390916234572 ], [ 8.552282856075635, 12.052372321221924 ], [ 8.552130740972302, 12.052418809253538 ], [ 8.55202616190121, 12.05253967833562 ], [ 8.551769467726785, 12.052595464373553 ], [ 8.551455730513624, 12.052669845424077 ], [ 8.551208544345684, 12.052781416499897 ], [ 8.551046922235855, 12.052892986575728 ], [ 8.550939103162591, 12.053064942692515 ], [ 8.551090795265679, 12.05326669582962 ], [ 8.551181810327535, 12.053640532083648 ], [ 8.551133268294564, 12.05385415222878 ], [ 8.550946080167364, 12.054227318482333 ], [ 8.550860223108998, 12.054364465575475 ], [ 8.550726734018326, 12.0545840197247 ], [ 8.550659989972985, 12.05470269780534 ], [ 8.550672124981247, 12.054880713926252 ], [ 8.550775275051308, 12.055100267075431 ], [ 8.550896629133774, 12.055236746168191 ], [ 8.551060456245068, 12.055349489244804 ], [ 8.551284960397595, 12.055432563301224 ], [ 8.551430652496606, 12.055509581353533 ], [ 8.551667223657319, 12.05552157136168 ], [ 8.551794644743893, 12.055491902341544 ], [ 8.551909695822076, 12.055481741334631 ], [ 8.552043419912934, 12.05548003433347 ], [ 8.552158705991303, 12.055652116450403 ], [ 8.552273248069127, 12.055955006656177 ], [ 8.552153492987713, 12.056269053869585 ], [ 8.551687640671219, 12.057301073570784 ], [ 8.550261561702257, 12.06000661940908 ], [ 8.549400819117409, 12.060623166828009 ], [ 8.548502731507199, 12.061113002160823 ], [ 8.547998851164834, 12.061680137546148 ], [ 8.547714592971715, 12.06238073902216 ], [ 8.547251299656921, 12.064618401542589 ], [ 8.546606000218503, 12.065004235804736 ], [ 8.545127680214023, 12.06487838971924 ], [ 8.542800002632475, 12.064692446592858 ], [ 8.542093083152167, 12.064566071506988 ], [ 8.541028982429168, 12.060984859073756 ], [ 8.540624927154624, 12.061159184192206 ], [ 8.5401710398462, 12.060918102028381 ], [ 8.539056241088758, 12.060415396686835 ], [ 8.538438272668884, 12.060043503434144 ], [ 8.537440017990605, 12.059543770094592 ], [ 8.536934520647151, 12.059243039890248 ], [ 8.53635857625585, 12.058974304707647 ], [ 8.536025824029764, 12.058939439683968 ], [ 8.535716839819827, 12.059055656762951 ], [ 8.53551481268255, 12.059320632943013 ], [ 8.535299956536562, 12.059789398261501 ], [ 8.534991917327261, 12.060180638527299 ], [ 8.533645489412436, 12.059406031001004 ], [ 8.533279718163897, 12.059499909064812 ], [ 8.531450970921355, 12.059969272383682 ], [ 8.531075061665945, 12.060065752449248 ], [ 8.53107498366586, 12.060065772449263 ], [ 8.530975173598051, 12.060091581466793 ], [ 8.530688683403412, 12.060104135475342 ], [ 8.53060549534689, 12.060108784478473 ], [ 8.530234714094945, 12.060194783536929 ], [ 8.529949498901146, 12.060283108596934 ], [ 8.529617174675366, 12.060425754693881 ], [ 8.529361250501495, 12.060480751731234 ], [ 8.529351730495023, 12.060483150732864 ], [ 8.52890109018881, 12.060596688809994 ], [ 8.528609070990399, 12.060661606854126 ], [ 8.528203604714918, 12.060752386915794 ], [ 8.527742564401649, 12.060855203985682 ], [ 8.526084493275107, 12.061801973628917 ], [ 8.522329602723801, 12.062633927194213 ], [ 8.519868342051495, 12.064000913123039 ], [ 8.519516816812654, 12.064196150255668 ], [ 8.518332595008019, 12.069374710774241 ], [ 8.518274583968605, 12.069628389946615 ], [ 8.516022708438584, 12.070367547448825 ], [ 8.512175054824297, 12.071910073496895 ], [ 8.512066367750435, 12.071953644526502 ], [ 8.5115782914188, 12.072507526902882 ], [ 8.511249849195622, 12.072880249156128 ], [ 8.507015434318532, 12.072180251680493 ], [ 8.506784324161515, 12.072142046654506 ], [ 8.503512805938669, 12.071601226287044 ], [ 8.502349381148179, 12.071311994090536 ], [ 8.502247789079149, 12.071883655478985 ], [ 8.500745450058389, 12.071628355305506 ], [ 8.500909485169871, 12.070954029847314 ], [ 8.496892966440782, 12.069955504168888 ], [ 8.496904485448624, 12.068742772344876 ], [ 8.496487021164967, 12.064256450296625 ], [ 8.496902925447557, 12.064174445240951 ], [ 8.503976075253433, 12.062779800293299 ], [ 8.504078987323396, 12.062473773085401 ], [ 8.50543186424261, 12.058450727351953 ], [ 8.500915949174214, 12.057085166424088 ], [ 8.493768457317856, 12.054659040775675 ], [ 8.490956605407348, 12.053695414120909 ], [ 8.489919126702432, 12.053270566832225 ], [ 8.489766446598651, 12.053208044789756 ], [ 8.489267320259557, 12.054102937397829 ], [ 8.48907479912873, 12.054793280866875 ], [ 8.488710790881385, 12.0557507025174 ], [ 8.488540222765494, 12.056199334822225 ], [ 8.48785277529845, 12.055929563638927 ], [ 8.48768288318297, 12.055862893593599 ], [ 8.487165846831715, 12.056872195279368 ], [ 8.48636463328728, 12.058750254555434 ], [ 8.486206966180191, 12.059119828806558 ], [ 8.485345219594649, 12.058951413692114 ], [ 8.485290069557209, 12.059174096843435 ], [ 8.48521016350287, 12.059558219104417 ], [ 8.48459785608685, 12.060982160071887 ], [ 8.483637693434446, 12.062106306835744 ], [ 8.483271016185313, 12.062792109301711 ], [ 8.482195073454307, 12.064107902195701 ], [ 8.481054209679144, 12.065753504313818 ], [ 8.478976031267109, 12.069421817806244 ], [ 8.47848633393437, 12.06965175196251 ], [ 8.473369113457466, 12.072054491595054 ], [ 8.474838081455573, 12.068820301397579 ], [ 8.472376237782839, 12.067932269794198 ], [ 8.470004240171193, 12.066974808143641 ], [ 8.469921052114671, 12.066887648084389 ], [ 8.470166716281597, 12.0663118436932 ], [ 8.470669742623386, 12.065132809892077 ], [ 8.469947987132969, 12.064697059596028 ], [ 8.468852132388406, 12.064251562293293 ], [ 8.467932574763608, 12.063852589022247 ], [ 8.468156910916036, 12.063261946620912 ], [ 8.46948029081517, 12.061693758555407 ], [ 8.47061259258453, 12.060415697687006 ], [ 8.470869410759008, 12.0601258204901 ], [ 8.471423602135587, 12.059500289065056 ], [ 8.472068920574031, 12.058754532558339 ], [ 8.470309670378697, 12.057722502857132 ], [ 8.469386441751396, 12.059300390929252 ], [ 8.468786776343961, 12.060359342648724 ], [ 8.468402817083074, 12.060819204961206 ], [ 8.467824721690306, 12.06137610233958 ], [ 8.468032888831715, 12.061553895460406 ], [ 8.467656469575957, 12.062207224904284 ], [ 8.466487336781597, 12.063903216056644 ], [ 8.46682384001025, 12.064135253214317 ], [ 8.465981926438189, 12.065292212000372 ], [ 8.464963023745895, 12.064745827629167 ], [ 8.464100000159533, 12.064300001326217 ], [ 8.466499998790198, 12.060299999608446 ], [ 8.464699997567209, 12.059500001064862 ], [ 8.465399999042802, 12.057799998909786 ], [ 8.466230991607461, 12.057984663035256 ], [ 8.466693096921404, 12.056468101004839 ], [ 8.467386968392873, 12.056639095121 ], [ 8.467412422410177, 12.056577143078925 ], [ 8.469331974714407, 12.053045388679266 ], [ 8.46970576496841, 12.052083956026024 ], [ 8.470211431311952, 12.050981202276716 ], [ 8.469164535600669, 12.050614371027507 ], [ 8.469688606956709, 12.049227751085368 ], [ 8.469707759969765, 12.04904742596284 ], [ 8.4694096457672, 12.048814570804609 ], [ 8.470046685200032, 12.047833625138082 ], [ 8.470108153241767, 12.047630212999877 ], [ 8.471010687855028, 12.046406731168588 ], [ 8.471089855908815, 12.046432148185886 ], [ 8.475275236752566, 12.049125027015577 ], [ 8.477792312462839, 12.04534350344619 ], [ 8.477999610603661, 12.043701586330599 ], [ 8.478827432166099, 12.04381352440663 ], [ 8.479110438358418, 12.043439456152498 ], [ 8.481367959892282, 12.040455511125003 ], [ 8.48176260716042, 12.039745975642916 ], [ 8.481300281846302, 12.039643196573081 ], [ 8.482141530417891, 12.038404479731469 ], [ 8.483328103224096, 12.036117193177347 ], [ 8.48214921242311, 12.035540703785614 ], [ 8.482514086671017, 12.034568310124939 ], [ 8.48262234074457, 12.034324737959423 ], [ 8.482218894470464, 12.03422513989176 ], [ 8.482305206529134, 12.033800307603144 ], [ 8.482500655661909, 12.033518479411612 ], [ 8.481476320965896, 12.033038159085265 ], [ 8.481829084205629, 12.03225556255353 ], [ 8.481975983305404, 12.032277665568586 ], [ 8.482248373490506, 12.032278835569343 ], [ 8.482377130577959, 12.032041438408044 ], [ 8.482900004933242, 12.031309234910566 ], [ 8.481893791249547, 12.030653931465281 ], [ 8.479692016753575, 12.029587092740428 ], [ 8.478398584874753, 12.028981844329223 ], [ 8.477367383174112, 12.028550192035937 ], [ 8.477013229933448, 12.02874154316595 ], [ 8.47632665346697, 12.029070237389249 ], [ 8.475454125874137, 12.028773692187769 ], [ 8.475151345668394, 12.028710582144868 ], [ 8.47470244736337, 12.028574165052191 ], [ 8.473765571726858, 12.028266252842968 ], [ 8.472604587938008, 12.027884684583739 ], [ 8.473151310309447, 12.026534622666418 ], [ 8.471190451977179, 12.025535030987271 ], [ 8.470150603270611, 12.025000363623974 ], [ 8.469639591923396, 12.023936836901385 ], [ 8.469455295798184, 12.023392997531857 ], [ 8.468020200823105, 12.021328410129058 ], [ 8.467278990319528, 12.010556869810273 ], [ 8.46725248230149, 12.006309644924499 ], [ 8.467209812272472, 12.006235950874441 ], [ 8.467078652183375, 12.005511362382094 ], [ 8.467172761247298, 12.005339302265213 ], [ 8.467172565247211, 12.005334551261967 ], [ 8.467346698365532, 12.005219402183741 ], [ 8.467382390389787, 12.004802995900832 ], [ 8.466930292082566, 12.004315206569402 ], [ 8.466307230659254, 12.003690093144655 ], [ 8.465514513120638, 12.002970810655938 ], [ 8.46574056227422, 11.999484901287417 ], [ 8.464933331725717, 11.999510214304621 ], [ 8.464910840710445, 11.99912245104116 ], [ 8.463881282010902, 11.980752252559455 ], [ 8.463819849969184, 11.979467090686285 ], [ 8.463819789969136, 11.979465923685439 ], [ 8.460297878576171, 11.978071167737767 ], [ 8.456540527023208, 11.976575826721785 ], [ 8.455941278616081, 11.976345846565494 ], [ 8.453636421050021, 11.9754265169409 ], [ 8.450348264815887, 11.974066499016828 ], [ 8.449244027065618, 11.973626281717713 ], [ 8.448020777234433, 11.973065434336604 ], [ 8.44444835480715, 11.971427509223759 ], [ 8.444057072541284, 11.97124810910185 ], [ 8.441871704056439, 11.970109284328089 ], [ 8.440053453821008, 11.969004851577665 ], [ 8.43625057823715, 11.966877354132123 ], [ 8.433053786065102, 11.965017231868273 ], [ 8.430879015587436, 11.96383914906778 ], [ 8.429381633570017, 11.963048589530672 ], [ 8.425626294018457, 11.961374457393163 ], [ 8.421752115386141, 11.960118850540027 ], [ 8.41982690907804, 11.959677062239848 ], [ 8.417473880479292, 11.959630558208289 ], [ 8.413837380008431, 11.957142575517821 ], [ 8.411341743312789, 11.954910348001079 ], [ 8.410337725630598, 11.95380874225259 ], [ 8.406516844034456, 11.951027159362638 ], [ 8.405566125388532, 11.949980780651686 ], [ 8.402966298622061, 11.947662533076539 ], [ 8.402861582550884, 11.947549597999796 ], [ 8.402848075541726, 11.947535030989911 ], [ 8.402824883525966, 11.947621344048571 ], [ 8.402748094473793, 11.947928994257609 ], [ 8.400975965269708, 11.954502345723881 ], [ 8.400964525261941, 11.958448709405275 ], [ 8.405457620314792, 11.95767024387635 ], [ 8.405501712344744, 11.957662604871132 ], [ 8.407549932736401, 11.959578172172655 ], [ 8.408267217223795, 11.960232815617474 ], [ 8.41054436377101, 11.96231110102957 ], [ 8.411242793245549, 11.965031815878149 ], [ 8.411919390705236, 11.966465661852396 ], [ 8.411806750628728, 11.967954626864071 ], [ 8.412890004364726, 11.970971402913847 ], [ 8.414343905352609, 11.974020560985593 ], [ 8.415468227116548, 11.974929169602945 ], [ 8.416317025693218, 11.975619660072084 ], [ 8.417106403229582, 11.978928259320128 ], [ 8.416204536616817, 11.981464961043741 ], [ 8.414400647391176, 11.986483374453485 ], [ 8.413394528707556, 11.994047598592999 ], [ 8.409921811347999, 11.999321184176154 ], [ 8.406970720342883, 12.00474711586287 ], [ 8.402296655167049, 12.005506766378971 ], [ 8.402270085148984, 12.00590642665054 ], [ 8.402041656993788, 12.00643181200752 ], [ 8.401858914869649, 12.006797297255844 ], [ 8.401995971962776, 12.007231310550765 ], [ 8.402258664141243, 12.007631059822359 ], [ 8.402498514304227, 12.008190710202598 ], [ 8.402475671288698, 12.008670408528531 ], [ 8.402226303119278, 12.009550175126321 ], [ 8.402740267468459, 12.011025441128652 ], [ 8.401527878644686, 12.011417784395235 ], [ 8.400105727678408, 12.011673288568829 ], [ 8.397836674136727, 12.011627602537828 ], [ 8.39607016193645, 12.011307804320552 ], [ 8.393768567372604, 12.011395665380235 ], [ 8.393457262161121, 12.012553921167182 ], [ 8.389613285549331, 12.016354596749579 ], [ 8.388329814677263, 12.019074501597629 ], [ 8.387695257246094, 12.022203650723725 ], [ 8.392202290308433, 12.021696963379497 ], [ 8.397764615087738, 12.019721768037414 ], [ 8.398270048431186, 12.020351635465374 ], [ 8.398136947340731, 12.020853765806578 ], [ 8.397946803211539, 12.021207117046629 ], [ 8.397160298677136, 12.021196956039716 ], [ 8.396958054539709, 12.021690649375159 ], [ 8.397167213681826, 12.022322958804807 ], [ 8.397604543979014, 12.022787891120686 ], [ 8.398631007676443, 12.022831962150633 ], [ 8.3980228612632, 12.023401600537682 ], [ 8.398232019405327, 12.023643365701957 ], [ 8.399486968258032, 12.023866531853571 ], [ 8.39969231039754, 12.024234445103559 ], [ 8.399604143337626, 12.025661219073015 ], [ 8.399429925219238, 12.027306996191214 ], [ 8.39986725451638, 12.027269802165961 ], [ 8.40065252004996, 12.026981451970016 ], [ 8.40085600318821, 12.027492966317595 ], [ 8.401663869737092, 12.029159463449901 ], [ 8.402377153221778, 12.029575817732791 ], [ 8.403080684699773, 12.029334059568498 ], [ 8.403230200801374, 12.029893692948747 ], [ 8.403099699712698, 12.030654432465667 ], [ 8.402770050488698, 12.031631618129609 ], [ 8.402520649319229, 12.032669325834661 ], [ 8.40277645549304, 12.032923226007199 ], [ 8.403270035828427, 12.033003226061567 ], [ 8.40390511725991, 12.033467641377115 ], [ 8.404453166632322, 12.033158683167187 ], [ 8.405402499277329, 12.032993428054908 ], [ 8.405773279529285, 12.032965533035906 ], [ 8.405922317630541, 12.033073504109268 ], [ 8.40607002973087, 12.034272774924148 ], [ 8.406199998819204, 12.035199999554152 ], [ 8.40551658635485, 12.035657375864901 ], [ 8.404775024851006, 12.035866586007046 ], [ 8.404632416754112, 12.03632684631981 ], [ 8.405830322568022, 12.036731316594626 ], [ 8.406215363829631, 12.03689868270834 ], [ 8.406545858054187, 12.037284887970713 ], [ 8.406899882294738, 12.03779130531484 ], [ 8.406999707362559, 12.038084195513818 ], [ 8.406828578246291, 12.039283651328788 ], [ 8.406258145858715, 12.039632327565698 ], [ 8.405972930664916, 12.039925216764686 ], [ 8.405730496500212, 12.040343629049005 ], [ 8.405416760287039, 12.040929405447002 ], [ 8.406044234713363, 12.041264133674417 ], [ 8.40636210692935, 12.04156717988036 ], [ 8.406857099265665, 12.042365946423047 ], [ 8.407413269643541, 12.043453806162233 ], [ 8.407657376809425, 12.044182058657043 ], [ 8.40769848483734, 12.045085588270922 ], [ 8.408233185200629, 12.045386471475354 ], [ 8.40879656558343, 12.045490044545772 ], [ 8.409074527772304, 12.045353525452981 ], [ 8.409309953932279, 12.045587672612101 ], [ 8.408383003302447, 12.047805203118799 ], [ 8.408568393428425, 12.048181763374657 ], [ 8.409008688727567, 12.048223403402915 ], [ 8.409637952155151, 12.048014403260936 ], [ 8.410051515436123, 12.04797256323252 ], [ 8.410251165571765, 12.048209656393624 ], [ 8.410322469620212, 12.048739627753662 ], [ 8.410099051468421, 12.049553180306475 ], [ 8.410312231613261, 12.049676708390393 ], [ 8.411163856191934, 12.049813516483368 ], [ 8.411943444721601, 12.049813516483368 ], [ 8.413274451625966, 12.050780477140336 ], [ 8.413730796936022, 12.05115238339306 ], [ 8.413787839974759, 12.051617265708899 ], [ 8.413164525551281, 12.051997682967396 ], [ 8.413265386619798, 12.052401267241578 ], [ 8.413903402053279, 12.053344130882238 ], [ 8.41468511758444, 12.053786823183032 ], [ 8.41546110511166, 12.053792908187177 ], [ 8.416069564525117, 12.053699932124005 ], [ 8.416147355577948, 12.05522992616352 ], [ 8.416578199870685, 12.056558922066529 ], [ 8.417247444325426, 12.057424641654734 ], [ 8.418042306865516, 12.057432882660351 ], [ 8.418403580110976, 12.058102299115205 ], [ 8.419069083563159, 12.058269652228887 ], [ 8.418688796304764, 12.059125012810057 ], [ 8.418004277839657, 12.059571288113318 ], [ 8.417838199726816, 12.060204774543706 ], [ 8.419190886645879, 12.060150595506911 ], [ 8.421157815982326, 12.060386627667299 ], [ 8.425249028762096, 12.061960170736427 ], [ 8.427963391606397, 12.063887762046136 ], [ 8.431031801691233, 12.066444769783516 ], [ 8.443168261937387, 12.07599903127516 ], [ 8.444653090946247, 12.083196447165506 ], [ 8.444653691946655, 12.083199362167477 ], [ 8.44254745651557, 12.085058680430791 ], [ 8.441910342082679, 12.088258289604767 ], [ 8.440443586086133, 12.090906813404331 ], [ 8.441149372565633, 12.092843573720245 ], [ 8.443550251196939, 12.094633524936455 ], [ 8.446048674894485, 12.095500023525176 ], [ 8.446362412107646, 12.094788869041963 ], [ 8.451140913354436, 12.09712788463122 ], [ 8.452323633158016, 12.097379626802308 ], [ 8.453506352961654, 12.097631367973349 ], [ 8.455184168101653, 12.099014021912751 ], [ 8.465092691834002, 12.107179440460811 ], [ 8.46892934544087, 12.110341148609052 ], [ 8.475805071112575, 12.11533773100399 ], [ 8.478372011856663, 12.118730543309255 ], [ 8.480606202374702, 12.121751505361829 ], [ 8.481822330200998, 12.123969952869174 ], [ 8.484569907067851, 12.125271268753352 ], [ 8.485606190771989, 12.125801088113349 ], [ 8.493972283456344, 12.129969182945331 ], [ 8.499534398235539, 12.129671210742913 ], [ 8.507499999647791, 12.131499997985486 ], [ 8.510608195759687, 12.132141333421202 ], [ 8.513531656746011, 12.133140527100124 ], [ 8.515126667829747, 12.13281515487904 ], [ 8.520362853387496, 12.133825227565353 ], [ 8.528031349597882, 12.133712157488503 ], [ 8.529289823452928, 12.13541774664742 ], [ 8.533686898440578, 12.135928956994746 ], [ 8.536301375216965, 12.136579587436813 ], [ 8.539711828534223, 12.135556372741576 ], [ 8.541114139487036, 12.136323187262576 ], [ 8.541637034842324, 12.137043525752063 ], [ 8.54306311281124, 12.136625265467842 ] ] ] ] } },
{ "type": "Feature", "properties": { "fid": 453.0, "OBJECTID": 453.0, "lganame": "Bagwai", "statecode": "KN", "LGA_UID": "19_03" }, "geometry": { "type": "MultiPolygon", "coordinates": [ [ [ [ 8.150714310228693, 12.193496958109506 ], [ 8.15760956791371, 12.189991212727477 ], [ 8.159041735886774, 12.19319038990119 ], [ 8.162736410397144, 12.200841096099509 ], [ 8.165220704085073, 12.206991840278647 ], [ 8.173889791975341, 12.20761444270164 ], [ 8.176022886424676, 12.205420286210824 ], [ 8.182797477027691, 12.196082034865924 ], [ 8.183987206836036, 12.185374445590639 ], [ 8.190334371148651, 12.170044702174778 ], [ 8.183328245388338, 12.161477623353846 ], [ 8.207069804519563, 12.143332158024862 ], [ 8.21541645019073, 12.141950155085851 ], [ 8.21894647158922, 12.138748732910642 ], [ 8.227772479586065, 12.138225482555129 ], [ 8.238045365566052, 12.131616871064864 ], [ 8.250767340210018, 12.120021911186655 ], [ 8.257044571475092, 12.093201831963654 ], [ 8.258189252252862, 12.085644602828893 ], [ 8.261295185363167, 12.085399024662024 ], [ 8.262940879481334, 12.083321254250279 ], [ 8.268502585260251, 12.081717594160693 ], [ 8.267806663787439, 12.078857219217184 ], [ 8.268573889308698, 12.075163406707418 ], [ 8.266045308590662, 12.074247162084873 ], [ 8.264704850679891, 12.070738679701037 ], [ 8.249333028235469, 12.050756392124015 ], [ 8.258219587273459, 12.04531458842655 ], [ 8.245729323786918, 12.030382500280894 ], [ 8.247100999718896, 12.021481512233095 ], [ 8.247100999718896, 12.017442990489087 ], [ 8.240420212179629, 12.018890159472392 ], [ 8.238917427158526, 12.021028752925474 ], [ 8.236433269470695, 12.020471958547148 ], [ 8.234660156265932, 12.018661630317126 ], [ 8.229663776871121, 12.01784488876217 ], [ 8.224930986655409, 12.016460208821343 ], [ 8.222174450782461, 12.01691909313314 ], [ 8.216184920712863, 12.01691909313314 ], [ 8.212833638435825, 12.016430902801403 ], [ 8.202430822367603, 12.014655391595056 ], [ 8.198858068940126, 12.014478134474643 ], [ 8.194003947641932, 12.012569303177656 ], [ 8.19108594065932, 12.010502809773584 ], [ 8.186522491558662, 12.008619742494091 ], [ 8.180413931408168, 12.005930962667207 ], [ 8.171910812630699, 12.012888433394494 ], [ 8.171907083628184, 12.012847761366857 ], [ 8.166292461813327, 12.007934833028742 ], [ 8.150750546253278, 12.003660241124351 ], [ 8.140269887132206, 12.004069559402467 ], [ 8.141857534210942, 11.993217281028876 ], [ 8.141846870203665, 11.99309257794414 ], [ 8.134501229212674, 11.990855056423868 ], [ 8.134250502042278, 11.991260106699031 ], [ 8.13090765877098, 11.996660437368348 ], [ 8.127300902320371, 12.001095582381822 ], [ 8.125723825248826, 12.005949340679706 ], [ 8.122770710242321, 12.011963741766181 ], [ 8.120621206781834, 12.015231889986751 ], [ 8.122042512747555, 12.019613926964155 ], [ 8.12199045071219, 12.026751305813661 ], [ 8.124715831563947, 12.033373494313139 ], [ 8.123657978845188, 12.041150121596957 ], [ 8.118841706572766, 12.042108148247905 ], [ 8.114343511516438, 12.045051169247529 ], [ 8.114071079331325, 12.045856755794887 ], [ 8.113993244278447, 12.047648117012045 ], [ 8.116240822805594, 12.056636573119306 ], [ 8.11675030115174, 12.05776913888883 ], [ 8.117194396453499, 12.059909183342882 ], [ 8.114724485775298, 12.062110489838574 ], [ 8.111959833896833, 12.069455240828972 ], [ 8.109050604920128, 12.067370271412358 ], [ 8.105117861248061, 12.067364119408182 ], [ 8.104506208832447, 12.069097654586017 ], [ 8.10382812937172, 12.069065122563927 ], [ 8.102120991211791, 12.06898322250828 ], [ 8.092028804354641, 12.068287162035347 ], [ 8.088964766272795, 12.064755236635563 ], [ 8.088233056775607, 12.064043293151826 ], [ 8.082761753058094, 12.062327089985729 ], [ 8.063117981711116, 12.061499596423516 ], [ 8.057255744727968, 12.062470436083117 ], [ 8.056407998151997, 12.054198514462769 ], [ 8.054482791843895, 12.054477440652249 ], [ 8.052771497681135, 12.054547171699653 ], [ 8.051562049859399, 12.054430207620157 ], [ 8.050682099261508, 12.053564119031705 ], [ 8.049259217294718, 12.053366200897244 ], [ 8.048326467660956, 12.053880164246436 ], [ 8.047736362260025, 12.05473676982848 ], [ 8.047355648001314, 12.056202517824374 ], [ 8.046575185471056, 12.057040088393478 ], [ 8.045242686565643, 12.057820551923726 ], [ 8.044214759867259, 12.0586390864799 ], [ 8.04373886654389, 12.059838335294728 ], [ 8.043288077237605, 12.061694566555957 ], [ 8.043858507625202, 12.063925910072044 ], [ 8.044250680891651, 12.066122369564425 ], [ 8.044080768776212, 12.067629905588774 ], [ 8.038958999296199, 12.069087666579208 ], [ 8.03713684805814, 12.066599272888482 ], [ 8.034636054358941, 12.063090898504697 ], [ 8.033162921358041, 12.058835631613476 ], [ 8.032806402115796, 12.056918037310538 ], [ 8.031808146437527, 12.054512306675974 ], [ 8.015836182585304, 12.059860437309737 ], [ 8.019329043958578, 12.068535691204204 ], [ 8.015560021397675, 12.069343474753055 ], [ 8.015181687140625, 12.069441032819327 ], [ 8.014884253938533, 12.069667081972909 ], [ 8.014808111886794, 12.070390438464415 ], [ 8.014722450828629, 12.07093295483304 ], [ 8.014396464607103, 12.071197075012492 ], [ 8.014046684369475, 12.071199455014096 ], [ 8.013343980891989, 12.071078367931818 ], [ 8.013204354797153, 12.07105430791546 ], [ 8.012504793321796, 12.070868709789352 ], [ 8.011326959521512, 12.070340469430448 ], [ 8.010589895020701, 12.069874686113963 ], [ 8.01029903282307, 12.069690876989057 ], [ 8.009606610352648, 12.069312541732018 ], [ 8.008764280780326, 12.068998452518599 ], [ 8.008660549709816, 12.06905099155432 ], [ 8.008214625406822, 12.069276849707762 ], [ 8.008050119295092, 12.069654828964588 ], [ 8.00795050522737, 12.071361258124 ], [ 8.008057581300136, 12.072660444006772 ], [ 8.008564405644506, 12.074287995112627 ], [ 8.008700034736648, 12.07563001102443 ], [ 8.009540461307665, 12.077630284383531 ], [ 8.000762506343449, 12.080797505535486 ], [ 7.992919074014253, 12.083795654572612 ], [ 7.990779955560811, 12.087456140059714 ], [ 7.988696635145288, 12.090613760205201 ], [ 7.98473287945211, 12.09333219305222 ], [ 7.983578647667855, 12.098068597270412 ], [ 7.985717766121297, 12.105458844291718 ], [ 7.987669407447356, 12.108607451431055 ], [ 7.988690325141022, 12.111637641489949 ], [ 7.990733125529005, 12.11617471557264 ], [ 7.992348641626677, 12.116842789026578 ], [ 7.996960558760236, 12.118682010276245 ], [ 8.000951865472132, 12.121308454060795 ], [ 8.001653803949068, 12.12642848053963 ], [ 8.001110885580204, 12.128899173218315 ], [ 7.994007726753921, 12.128368938858046 ], [ 7.992819327946449, 12.141788231975852 ], [ 7.992137682483303, 12.147726145010381 ], [ 7.991886588312695, 12.149437319173046 ], [ 7.99116245482071, 12.153199994729619 ], [ 7.99100853971612, 12.157865539899603 ], [ 7.992317587605555, 12.160835867917797 ], [ 7.994527025106777, 12.162103363779011 ], [ 7.999180456268562, 12.162876900304582 ], [ 8.000359807069856, 12.161406819305739 ], [ 8.001313882718136, 12.156241963796447 ], [ 8.004492285877689, 12.153822984152896 ], [ 8.005686088688833, 12.148301706401469 ], [ 8.005436524519268, 12.14634989907529 ], [ 8.005300000426473, 12.144499998818389 ], [ 8.028403416124149, 12.150309215765446 ], [ 8.03286628815647, 12.151621042656757 ], [ 8.032856981150189, 12.152851133492561 ], [ 8.03253201292938, 12.153982779261469 ], [ 8.031640714323771, 12.154923802900839 ], [ 8.030699997684621, 12.155900001564135 ], [ 8.030000002208965, 12.157799999855115 ], [ 8.029199999665423, 12.159400000942185 ], [ 8.028600000257768, 12.160799998893424 ], [ 8.028200001985965, 12.162300001912627 ], [ 8.027699999646245, 12.163499999727946 ], [ 8.027199999306504, 12.165299999951003 ], [ 8.02639999976293, 12.16690000103813 ], [ 8.033364135494764, 12.174842393434574 ], [ 8.041776583210606, 12.18161721703774 ], [ 8.050717298285406, 12.179602980669188 ], [ 8.055196886329099, 12.179709739741725 ], [ 8.069621270129744, 12.182183018422222 ], [ 8.074265717285471, 12.182820488855327 ], [ 8.07987619609753, 12.185056330374493 ], [ 8.087462933252368, 12.185390877601776 ], [ 8.092991988009089, 12.182216541444973 ], [ 8.098301127616367, 12.183718134465266 ], [ 8.107210970670224, 12.183592113379632 ], [ 8.112307812133281, 12.186134661107133 ], [ 8.113421385889865, 12.187767378216506 ], [ 8.112162610034602, 12.190018745746215 ], [ 8.11396549425956, 12.191754657925685 ], [ 8.115699284437596, 12.189126633140063 ], [ 8.117524664677887, 12.189739960556778 ], [ 8.119064828724333, 12.18923814821585 ], [ 8.120205692499496, 12.188067245420257 ], [ 8.121974028701004, 12.188011488382358 ], [ 8.123970539057552, 12.191635692844841 ], [ 8.125168444871463, 12.193308386981357 ], [ 8.125061090798511, 12.195712696614976 ], [ 8.124826185638938, 12.19715554159535 ], [ 8.124598013483876, 12.199162730959131 ], [ 8.123970539057552, 12.201002641209243 ], [ 8.12305784943743, 12.202619521307838 ], [ 8.121688813507205, 12.203567342951828 ], [ 8.120376820615775, 12.204124883330678 ], [ 8.119271427864703, 12.204907482862382 ], [ 8.130852215733341, 12.210429942614667 ], [ 8.136528713590224, 12.20431723646135 ], [ 8.144671503122879, 12.197303576695901 ], [ 8.150714310228693, 12.193496958109506 ] ] ] ] } },
{ "type": "Feature", "properties": { "fid": 456.0, "OBJECTID": 456.0, "lganame": "Kabo", "statecode": "KN", "LGA_UID": "19_20" }, "geometry": { "type": "MultiPolygon", "coordinates": [ [ [ [ 8.134250502042278, 11.991260106699031 ], [ 8.134501229212674, 11.990855056423868 ], [ 8.141846870203665, 11.99309257794414 ], [ 8.141857534210942, 11.993217281028876 ], [ 8.147690502174157, 11.989750856673595 ], [ 8.154605154872343, 11.986173685243045 ], [ 8.154559742841457, 11.978327235911763 ], [ 8.15436938571213, 11.974044206001679 ], [ 8.155370237392162, 11.972799509155948 ], [ 8.155849997718121, 11.97154424630304 ], [ 8.155981448807438, 11.970630822682438 ], [ 8.160008707543795, 11.970189479382555 ], [ 8.161460179529968, 11.968071758943665 ], [ 8.160759666054048, 11.962707784299084 ], [ 8.162043135926069, 11.963056560536074 ], [ 8.1660718076634, 11.963858745081097 ], [ 8.168389185237913, 11.964068011223333 ], [ 8.168710053455925, 11.963614601915253 ], [ 8.168638749407478, 11.963056560536074 ], [ 8.168674401431701, 11.962393884085827 ], [ 8.168781356504383, 11.961766083659256 ], [ 8.169423091940416, 11.961138283232685 ], [ 8.17006482737645, 11.960719747948303 ], [ 8.170742213836718, 11.960440723758722 ], [ 8.170777865860941, 11.959219991929331 ], [ 8.171455254321188, 11.958940966739704 ], [ 8.172524812047868, 11.958696818573856 ], [ 8.172881332290103, 11.958138767194669 ], [ 8.172988288362774, 11.957476078744378 ], [ 8.173523066726148, 11.956813389294155 ], [ 8.174129151137947, 11.956499483080847 ], [ 8.174842189622439, 11.956359968986078 ], [ 8.175626533155366, 11.956499483080847 ], [ 8.176945655051668, 11.956429726033434 ], [ 8.178300429972126, 11.956220454891252 ], [ 8.178870861359712, 11.955976304725368 ], [ 8.179298684650405, 11.955522883417302 ], [ 8.179797811989545, 11.954964825038132 ], [ 8.179833464013768, 11.954232370540467 ], [ 8.180510851474025, 11.954267249564168 ], [ 8.181081282861612, 11.953813825256077 ], [ 8.18125954198274, 11.953220883853191 ], [ 8.181936930442987, 11.953046489734675 ], [ 8.18225779666102, 11.952104757094844 ], [ 8.182792577024372, 11.951302536549747 ], [ 8.183327356387736, 11.950709591146904 ], [ 8.18346996448463, 11.949872486578101 ], [ 8.1839334387995, 11.949279538175233 ], [ 8.184967345502002, 11.948930742938217 ], [ 8.186108209277165, 11.94833779153538 ], [ 8.186928203834327, 11.947884357227281 ], [ 8.187569939270361, 11.947814598179889 ], [ 8.188603845972864, 11.947954116274673 ], [ 8.189245581408841, 11.947919237250971 ], [ 8.189174277360394, 11.94718676375328 ], [ 8.189780360772204, 11.946628688374119 ], [ 8.190422096208238, 11.946419410231897 ], [ 8.191028178620058, 11.946175251065995 ], [ 8.191598611007635, 11.94582645282901 ], [ 8.192382953540573, 11.9456520527105 ], [ 8.193324884180583, 11.944936389224267 ], [ 8.195777738847141, 11.940360096114887 ], [ 8.196405214273511, 11.937569636218882 ], [ 8.197831292242483, 11.934723336285003 ], [ 8.199428500327656, 11.929588759796275 ], [ 8.201367965645431, 11.926072636407241 ], [ 8.204334208660896, 11.923728527814546 ], [ 8.206525965150092, 11.922122752723453 ], [ 8.209411048110383, 11.918928623553199 ], [ 8.210152608614237, 11.915914686505403 ], [ 8.211394694458136, 11.914453531512606 ], [ 8.214031542249757, 11.913849563102247 ], [ 8.216085094645052, 11.912677459305826 ], [ 8.216640734022576, 11.910799071029544 ], [ 8.217910474885343, 11.90893785376494 ], [ 8.220077734357858, 11.908305592335353 ], [ 8.226026134399547, 11.91307095957319 ], [ 8.226056577420195, 11.913074063575323 ], [ 8.228957512391275, 11.915477398208282 ], [ 8.22980097296437, 11.915942558524307 ], [ 8.23104681281086, 11.915725440376775 ], [ 8.231938112416458, 11.916144043661234 ], [ 8.233007670143138, 11.916178927684939 ], [ 8.233970272797194, 11.916562647945625 ], [ 8.235289395693485, 11.916109160637518 ], [ 8.23749090118929, 11.916360097808024 ], [ 8.238605027946278, 11.915969625542687 ], [ 8.239567630600334, 11.916109160637518 ], [ 8.240458930205932, 11.915934741519038 ], [ 8.242046837284818, 11.917230843399636 ], [ 8.24237633450872, 11.917499788582404 ], [ 8.243204131071195, 11.917504504585565 ], [ 8.243738910434502, 11.918341708154458 ], [ 8.244109397686259, 11.918778859451436 ], [ 8.243577294324723, 11.920242011445623 ], [ 8.244090682673516, 11.923144274417552 ], [ 8.244566041996507, 11.924241917163329 ], [ 8.245935076926742, 11.924986078668951 ], [ 8.250548441061255, 11.92723018119375 ], [ 8.25542239937289, 11.932073159484332 ], [ 8.259208886945657, 11.923770987843398 ], [ 8.259703801281944, 11.921349930198403 ], [ 8.261316051377378, 11.913462862839481 ], [ 8.263204879660748, 11.913632406954662 ], [ 8.263490094854546, 11.913178914646551 ], [ 8.263896965130982, 11.912464267160999 ], [ 8.264844869775004, 11.912097505911788 ], [ 8.265522257235261, 11.911504473508842 ], [ 8.266342251792423, 11.910771903011096 ], [ 8.267162247349574, 11.909934677442266 ], [ 8.267367883489328, 11.908947980771813 ], [ 8.267102775309183, 11.907087079507448 ], [ 8.267235876399582, 11.906659159216701 ], [ 8.267768277761377, 11.905952156736305 ], [ 8.267692220709648, 11.905617260508791 ], [ 8.267426018528795, 11.90494746705366 ], [ 8.267692220709648, 11.904370698661808 ], [ 8.267806306787179, 11.903961379383702 ], [ 8.267578133632185, 11.902882259650482 ], [ 8.267654191683846, 11.902175248170067 ], [ 8.268110536993902, 11.901282178563292 ], [ 8.270278176466718, 11.900333288918546 ], [ 8.272128716724069, 11.898720164822521 ], [ 8.273187428443407, 11.898213236478057 ], [ 8.274150031097463, 11.897864376241046 ], [ 8.274863069581954, 11.897410856932879 ], [ 8.275549977048627, 11.896868752564558 ], [ 8.276003933357117, 11.896050296008468 ], [ 8.275888896278957, 11.895488040626446 ], [ 8.275651217117456, 11.894860086199799 ], [ 8.275342232907519, 11.89430190282053 ], [ 8.275342232907519, 11.893511141283227 ], [ 8.275366000923668, 11.892906439872377 ], [ 8.275589565075563, 11.892402348529856 ], [ 8.275746288182006, 11.891976127240241 ], [ 8.276197880488894, 11.891906353192837 ], [ 8.27662570277954, 11.892045900287656 ], [ 8.276768310876434, 11.892534314619525 ], [ 8.277005991037925, 11.892813407809172 ], [ 8.277433814328617, 11.892929696888189 ], [ 8.278123085796949, 11.892929696888189 ], [ 8.278622213136089, 11.892324994477292 ], [ 8.278622213136089, 11.891813322129622 ], [ 8.278741053216834, 11.89109232663975 ], [ 8.278550909087642, 11.89037133014989 ], [ 8.278075549764651, 11.890022458912824 ], [ 8.277719029522416, 11.889627072644203 ], [ 8.278336996942301, 11.888720007027871 ], [ 8.278954965362175, 11.888720007027871 ], [ 8.279525395749772, 11.888929330170129 ], [ 8.280642490508797, 11.889324718438729 ], [ 8.281498138090171, 11.889208427359733 ], [ 8.281973497413105, 11.888557199917273 ], [ 8.282258712606904, 11.887766421379979 ], [ 8.282044801461552, 11.887277998048091 ], [ 8.281664514203214, 11.887115189937504 ], [ 8.281212921896326, 11.887231482016489 ], [ 8.280214667218104, 11.886905865795256 ], [ 8.279477859717474, 11.886510473526585 ], [ 8.279311483604431, 11.885929016131513 ], [ 8.279596699798219, 11.88548710583126 ], [ 8.279620467814368, 11.884719577309795 ], [ 8.279468360711007, 11.884229383976731 ], [ 8.279406555669027, 11.883626426567048 ], [ 8.279953220040454, 11.883324065361592 ], [ 8.280000756072752, 11.88367294359864 ], [ 8.280428579363445, 11.883789235677625 ], [ 8.280880170670287, 11.883789235677625 ], [ 8.281783354283959, 11.883184513266769 ], [ 8.282044801461552, 11.882347201697883 ], [ 8.281474370074022, 11.88220764960306 ], [ 8.28152190610632, 11.881137747876096 ], [ 8.281886348353908, 11.880208364244595 ], [ 8.282615232849139, 11.879974806085897 ], [ 8.283233200269024, 11.880091100164918 ], [ 8.283256968285173, 11.880509760449399 ], [ 8.283756094624323, 11.880649312544222 ], [ 8.284944494431784, 11.880486501433609 ], [ 8.285918981093914, 11.880137618196557 ], [ 8.286727091643002, 11.879858511006887 ], [ 8.287202450965935, 11.879207260564442 ], [ 8.287226218982084, 11.87876534126417 ], [ 8.286798395691449, 11.878811859295752 ], [ 8.286465644465352, 11.878928154374762 ], [ 8.28627550033616, 11.878207124884852 ], [ 8.286346804384607, 11.877741943568822 ], [ 8.286655787594498, 11.877346539300163 ], [ 8.287107378901339, 11.877276762252734 ], [ 8.287273755014382, 11.877555871442382 ], [ 8.287820419385866, 11.877672165521403 ], [ 8.288248241676513, 11.877346539300163 ], [ 8.288414617789556, 11.876927875015667 ], [ 8.288617267927236, 11.876237252546446 ], [ 8.286714913634682, 11.875562693088114 ], [ 8.285975542132348, 11.874906106641959 ], [ 8.284014683800024, 11.87531314491855 ], [ 8.281239622914484, 11.875876685301421 ], [ 8.279291987591193, 11.875952774353152 ], [ 8.276748814863197, 11.875813219258305 ], [ 8.274276946183704, 11.875766700226734 ], [ 8.272399275907901, 11.875836478274152 ], [ 8.27162476438167, 11.875511195053093 ], [ 8.271314911171146, 11.875761046222863 ], [ 8.271068593003747, 11.876027550403933 ], [ 8.2709117238972, 11.876236882546209 ], [ 8.27038407453864, 11.876041506413458 ], [ 8.270041817306094, 11.875748440214295 ], [ 8.269072082647199, 11.875134394797101 ], [ 8.264855705782395, 11.872807927216343 ], [ 8.261598765569431, 11.872223342819154 ], [ 8.263556769899822, 11.866608552004209 ], [ 8.266355180801213, 11.858548750527916 ], [ 8.268643232355828, 11.851464722714638 ], [ 8.268904939533684, 11.838780599096424 ], [ 8.271994406632814, 11.830564506513952 ], [ 8.276340923586076, 11.829047121482972 ], [ 8.28072238656307, 11.824941476693368 ], [ 8.282476636755007, 11.822870777286425 ], [ 8.282085334489125, 11.82129016021247 ], [ 8.277577308426146, 11.81927571584373 ], [ 8.274721955486029, 11.816563131000692 ], [ 8.272152135739987, 11.814707150739594 ], [ 8.269725087090933, 11.812993938575573 ], [ 8.267155268344823, 11.810424120829509 ], [ 8.265870360471808, 11.808425374471426 ], [ 8.265420809166358, 11.807269387686006 ], [ 8.264014380210767, 11.803285738979298 ], [ 8.263060054562345, 11.800356231988872 ], [ 8.262055711879952, 11.797889383312736 ], [ 8.261587329561678, 11.796718425517099 ], [ 8.261159027270651, 11.794148607771035 ], [ 8.260781652014259, 11.792823684870825 ], [ 8.260302420688674, 11.791864325218967 ], [ 8.258446441427623, 11.790151113054947 ], [ 8.256304925972529, 11.789008972278907 ], [ 8.250879755286405, 11.788295133793895 ], [ 8.246892681577378, 11.788826083154675 ], [ 8.243416757215641, 11.786741829738503 ], [ 8.235822890055942, 11.781506746181492 ], [ 8.226262305559999, 11.773105074472937 ], [ 8.222627217090121, 11.771666752495719 ], [ 8.217028599286095, 11.776561586821515 ], [ 8.21576522642772, 11.787875269508618 ], [ 8.215435793203881, 11.788647068033015 ], [ 8.202486202405225, 11.788067018638912 ], [ 8.197792028215758, 11.789928348903572 ], [ 8.195296390520127, 11.795861253934731 ], [ 8.191077504653549, 11.800453617055041 ], [ 8.188245257729193, 11.801012520434767 ], [ 8.187493021218074, 11.801061021467717 ], [ 8.183636187597529, 11.797860567293185 ], [ 8.178808532317362, 11.795316896564827 ], [ 8.175070127777303, 11.793863072577039 ], [ 8.171621340434001, 11.794462685984456 ], [ 8.162906022512402, 11.792542377679695 ], [ 8.158223544330838, 11.791293254830975 ], [ 8.157652472942857, 11.78972280976393 ], [ 8.156139057914515, 11.788668703047733 ], [ 8.154868336051152, 11.788615787011793 ], [ 8.150456479053503, 11.78839456186148 ], [ 8.146999999704974, 11.789392019539207 ], [ 8.141134292719528, 11.790183438076895 ], [ 8.143314203200646, 11.793894167598182 ], [ 8.144715914153039, 11.796815653583167 ], [ 8.143708696468707, 11.798818374943949 ], [ 8.143050519021472, 11.800568761133263 ], [ 8.142163777419, 11.802133730196545 ], [ 8.141222471779429, 11.803349622022722 ], [ 8.140202920086665, 11.804402107737815 ], [ 8.14008408000592, 11.806554142200014 ], [ 8.139430459561822, 11.808822483741267 ], [ 8.138836261158133, 11.810741835045349 ], [ 8.139192781400368, 11.812370365151878 ], [ 8.138836261158133, 11.814696818732614 ], [ 8.138669196044589, 11.817195387430274 ], [ 8.137480797237117, 11.823302179579514 ], [ 8.137322420129522, 11.832254457662202 ], [ 8.133853709772723, 11.83813292465635 ], [ 8.133476735516581, 11.840367283174487 ], [ 8.128583006191491, 11.851937362035812 ], [ 8.122214114864164, 11.85705610551372 ], [ 8.120314453573428, 11.859217904982586 ], [ 8.113555285980851, 11.855580477511126 ], [ 8.107354890767965, 11.853136266850413 ], [ 8.096124524137508, 11.850461218032819 ], [ 8.07860715623525, 11.848343926594225 ], [ 8.080407493458495, 11.859691196304141 ], [ 8.084596529304747, 11.874702841503847 ], [ 8.085134883670548, 11.879109348497877 ], [ 8.076842010035932, 11.879758465938949 ], [ 8.081882990461054, 11.885589443900813 ], [ 8.085020362592729, 11.890520182251009 ], [ 8.090695150448482, 11.893262770114461 ], [ 8.095648840814306, 11.894071536664001 ], [ 8.098662170861701, 11.895418381579134 ], [ 8.114006774287645, 11.897595281058216 ], [ 8.117186929448394, 11.897620864075577 ], [ 8.119088365740311, 11.898609300747182 ], [ 8.121346324274498, 11.899365162260779 ], [ 8.12343915069647, 11.899932802646447 ], [ 8.122054221755491, 11.905337695318792 ], [ 8.114146616382641, 11.925577740070992 ], [ 8.111997888922701, 11.931531826116498 ], [ 8.105089794228945, 11.933637232547028 ], [ 8.098446924715461, 11.935037591498485 ], [ 8.097328554955595, 11.929679185857708 ], [ 8.091256668829999, 11.926645596796561 ], [ 8.08579036611593, 11.926332021583448 ], [ 8.083974070881823, 11.93360326652396 ], [ 8.081064871905141, 11.93388231771354 ], [ 8.077242982308348, 11.932710299917233 ], [ 8.071285852260758, 11.932696724907998 ], [ 8.064725890803572, 11.935487235804032 ], [ 8.062957553602075, 11.936380193410741 ], [ 8.058394102501438, 11.938445145813773 ], [ 8.057512885902668, 11.939439905489678 ], [ 8.057928826185332, 11.941852476128872 ], [ 8.057551132928666, 11.943007217913475 ], [ 8.057453465862295, 11.943305821116383 ], [ 8.056057097913538, 11.943567423294098 ], [ 8.0539476904803, 11.943712757392859 ], [ 8.051698592952164, 11.943807728457386 ], [ 8.050323075017559, 11.944584758985343 ], [ 8.049797284660315, 11.944342685820857 ], [ 8.049312936331205, 11.944119690669368 ], [ 8.047916567382458, 11.944265024768129 ], [ 8.047322734978991, 11.944926134217326 ], [ 8.047054977797018, 11.94522422541985 ], [ 8.04750062809984, 11.948537799671271 ], [ 8.046845899654954, 11.951733002842275 ], [ 8.03895960729659, 11.948270938489941 ], [ 8.036999999965133, 11.947399999898153 ], [ 8.034899997538275, 11.946500000286676 ], [ 8.034344834161118, 11.946295466147717 ], [ 8.033000000247341, 11.945799998811026 ], [ 8.031021594903109, 11.945170506383363 ], [ 8.02870803833116, 11.944460006900613 ], [ 8.025435096107344, 11.943787018443345 ], [ 8.022399999045149, 11.943200000044499 ], [ 8.020500000754168, 11.942999999908579 ], [ 8.018824845615995, 11.94282818979184 ], [ 8.015229707173262, 11.94249888056811 ], [ 8.015263186196023, 11.940864778457808 ], [ 8.014847245913415, 11.938946343154328 ], [ 8.01409152539992, 11.938092874574409 ], [ 8.010778746149015, 11.942148947330338 ], [ 8.007902822194978, 11.941800144093349 ], [ 8.005499999562403, 11.94119999868559 ], [ 8.005390274487809, 11.943194087040467 ], [ 8.006875773497143, 11.950867624254272 ], [ 8.012164147090346, 11.95740739869774 ], [ 8.024821835690659, 11.972673396070263 ], [ 8.025886682414182, 11.975902519264309 ], [ 8.02964436296736, 11.979127078455235 ], [ 8.038436171940987, 11.982738126908771 ], [ 8.046778729609343, 11.981587246126821 ], [ 8.050312917010672, 11.982147870507731 ], [ 8.054693464987054, 11.982842752979877 ], [ 8.065975366652538, 11.980302109253614 ], [ 8.072447501050078, 11.980302109253614 ], [ 8.077283086335626, 11.979776188896267 ], [ 8.077211782287179, 11.976149113431859 ], [ 8.078138732917012, 11.970033196276347 ], [ 8.076356134705804, 11.969173830692455 ], [ 8.075140083879546, 11.967556946593845 ], [ 8.07511544686281, 11.96501089686393 ], [ 8.077111957219358, 11.963392580764378 ], [ 8.085841799150842, 11.961594156542446 ], [ 8.085667399032388, 11.961949197783667 ], [ 8.092577771727633, 11.969440983873994 ], [ 8.09781037728294, 11.975967034308155 ], [ 8.102610887544643, 11.984250229936151 ], [ 8.102671087585577, 11.984354103006751 ], [ 8.101561295831516, 11.989637627596665 ], [ 8.100286359965253, 11.998221905429261 ], [ 8.115613671379435, 12.007088464453659 ], [ 8.122770710242321, 12.011963741766181 ], [ 8.125723825248826, 12.005949340679706 ], [ 8.127300901320382, 12.001095582381822 ], [ 8.13090765877098, 11.996660437368348 ], [ 8.134250502042278, 11.991260106699031 ] ] ] ] } },
{ "type": "Feature", "properties": { "fid": 472.0, "OBJECTID": 472.0, "lganame": "Bichi", "statecode": "KN", "LGA_UID": "19_05" }, "geometry": { "type": "MultiPolygon", "coordinates": [ [ [ [ 8.185300626728463, 12.357689120670329 ], [ 8.186047330235795, 12.355131269932428 ], [ 8.186845226777962, 12.352164855916897 ], [ 8.187306326091232, 12.348238761249263 ], [ 8.188099998630491, 12.346500002067899 ], [ 8.193759567475922, 12.343491999024081 ], [ 8.199814758590151, 12.354424845452456 ], [ 8.210094029574407, 12.361658417367323 ], [ 8.234616690236408, 12.380964384484798 ], [ 8.244738983114019, 12.368891988282201 ], [ 8.246382632230791, 12.354689570632274 ], [ 8.257818209000732, 12.346979923393974 ], [ 8.270074019327978, 12.348140635182631 ], [ 8.27041326355851, 12.34815824019455 ], [ 8.308990137769683, 12.350160104554732 ], [ 8.304928841010224, 12.332111235291393 ], [ 8.332732848901742, 12.337551170987581 ], [ 8.335894727050061, 12.342048862043555 ], [ 8.342140812294019, 12.350936149082031 ], [ 8.342475505521406, 12.356449574828162 ], [ 8.350766591154809, 12.36443871525637 ], [ 8.351908731930848, 12.369235707515713 ], [ 8.353050873706877, 12.371462884028972 ], [ 8.357105475461765, 12.372833452960208 ], [ 8.358387243332686, 12.373784190606216 ], [ 8.359600768157236, 12.374997716430755 ], [ 8.359814920302711, 12.376818002667505 ], [ 8.360300731632776, 12.382905198803485 ], [ 8.36871526635008, 12.390452495931527 ], [ 8.375847199195903, 12.385628415653798 ], [ 8.377523559334918, 12.384809743097549 ], [ 8.381101560766012, 12.384139227641981 ], [ 8.381909672315089, 12.383962794522063 ], [ 8.382413552657454, 12.383786361402201 ], [ 8.384200903871829, 12.383749217376987 ], [ 8.384295975936425, 12.383015622878531 ], [ 8.384219918884753, 12.38199416018449 ], [ 8.384276961923547, 12.380684823294871 ], [ 8.384372033988143, 12.379979078815325 ], [ 8.38442907702688, 12.379505487493532 ], [ 8.384571685123774, 12.379022607165439 ], [ 8.384581192130213, 12.378567584856285 ], [ 8.384638235169007, 12.378214709616543 ], [ 8.384609713149587, 12.377481101118065 ], [ 8.384400555007517, 12.376617481531298 ], [ 8.384305482942921, 12.375772432957092 ], [ 8.384276961923547, 12.375428839723668 ], [ 8.384153367839531, 12.375001671433438 ], [ 8.384077310787859, 12.374648791193636 ], [ 8.383987375726747, 12.374399387024198 ], [ 8.383458929367691, 12.374249224922153 ], [ 8.382770626900026, 12.37415059985517 ], [ 8.382686883843121, 12.37416590286557 ], [ 8.382061787418422, 12.374047501785128 ], [ 8.381015353707426, 12.374003219755025 ], [ 8.368383037124374, 12.372264156573408 ], [ 8.35956372113202, 12.371029113734267 ], [ 8.360134151519617, 12.356750824032815 ], [ 8.367659312632611, 12.35453137652479 ], [ 8.371143415999882, 12.352471927125521 ], [ 8.375302810825985, 12.350614500863458 ], [ 8.380320394235241, 12.347555433784976 ], [ 8.384384716996749, 12.346301648933093 ], [ 8.385525579771922, 12.345744408554481 ], [ 8.397556740946527, 12.352053243841056 ], [ 8.401423774573971, 12.351653484569397 ], [ 8.405278502193084, 12.351367950375391 ], [ 8.409038049747494, 12.350987236116737 ], [ 8.417068991204189, 12.351975050787928 ], [ 8.423065232278304, 12.353402727757953 ], [ 8.433506670372822, 12.357473044523545 ], [ 8.435589459787934, 12.356566287907413 ], [ 8.435210136530202, 12.338266258473425 ], [ 8.436424370355212, 12.333633434325634 ], [ 8.43647190638751, 12.331357921779556 ], [ 8.437993056421078, 12.330475575180003 ], [ 8.438985256095236, 12.3281264675839 ], [ 8.43941913539004, 12.322302113626563 ], [ 8.441041007492004, 12.322361610666974 ], [ 8.442556506521726, 12.322209232563409 ], [ 8.445968197839818, 12.323719426589548 ], [ 8.446775322388248, 12.324357113022813 ], [ 8.449200001035706, 12.326592089541407 ], [ 8.449544291269603, 12.327271237002833 ], [ 8.45087529717398, 12.327921396444594 ], [ 8.451017905270874, 12.320490915395908 ], [ 8.44945757221069, 12.316098919411786 ], [ 8.459586259092646, 12.313663975757322 ], [ 8.463340224643275, 12.311765694467567 ], [ 8.467215779276557, 12.309449296893661 ], [ 8.471305009055015, 12.304445251493632 ], [ 8.474028161905267, 12.301614529570315 ], [ 8.479408748561127, 12.291057180397104 ], [ 8.477269631107674, 12.290081803734381 ], [ 8.472556063905017, 12.286314274174515 ], [ 8.472859772111406, 12.283967970580306 ], [ 8.477629041351861, 12.276942495806793 ], [ 8.479239263445947, 12.273618004547984 ], [ 8.480322165181747, 12.269526432767975 ], [ 8.48419998781651, 12.260501506635933 ], [ 8.464284014284544, 12.246104257853688 ], [ 8.461734524552298, 12.241286472580214 ], [ 8.4604631826885, 12.236969771647239 ], [ 8.459634477125405, 12.234013512638569 ], [ 8.458351398253626, 12.231674051049026 ], [ 8.453884586218635, 12.230004356914549 ], [ 8.44679033339844, 12.229858422815425 ], [ 8.446607471274206, 12.228593820956178 ], [ 8.440023754800848, 12.230599085318659 ], [ 8.433439124326924, 12.247911966081915 ], [ 8.43098626866032, 12.250922166127225 ], [ 8.429160889420018, 12.252650229301366 ], [ 8.421456638185361, 12.255819162454486 ], [ 8.414590053519873, 12.254038927244892 ], [ 8.410777640929496, 12.251649553621462 ], [ 8.404972178984963, 12.244172670541275 ], [ 8.402842947538261, 12.241377130641808 ], [ 8.399415686209579, 12.234873338222826 ], [ 8.399134684018634, 12.232995667947023 ], [ 8.398296114448897, 12.227392221139723 ], [ 8.397081721623749, 12.224059138875077 ], [ 8.396000406889073, 12.221091269858505 ], [ 8.393433466144927, 12.222429275767638 ], [ 8.391379912749642, 12.222819527032811 ], [ 8.388242540617966, 12.223321277373714 ], [ 8.388185496579183, 12.224380524093419 ], [ 8.388614716870848, 12.226901386806219 ], [ 8.382650133818174, 12.228533816915387 ], [ 8.367918160808472, 12.214143998138184 ], [ 8.361517910459838, 12.204253773418259 ], [ 8.358033461092305, 12.198869143759623 ], [ 8.353496610009699, 12.193383469032369 ], [ 8.352042833021926, 12.18772981319097 ], [ 8.318600724299586, 12.189550808428294 ], [ 8.314441915473878, 12.188458526686134 ], [ 8.311700775611428, 12.188115885453328 ], [ 8.306229461893906, 12.18667495947426 ], [ 8.296339432174079, 12.185227638490858 ], [ 8.29223868838784, 12.177026149918333 ], [ 8.29175624806004, 12.160864393937175 ], [ 8.291656147992057, 12.154754810786017 ], [ 8.290907457483343, 12.150433037849609 ], [ 8.291150302648362, 12.146781075368267 ], [ 8.26971010408073, 12.149461864189732 ], [ 8.264730300697181, 12.147906322132826 ], [ 8.26026622066405, 12.15117872535626 ], [ 8.252813378600194, 12.155437320249746 ], [ 8.252603884457869, 12.163015309398645 ], [ 8.24972157549945, 12.162905883324299 ], [ 8.23029331929888, 12.162168292823139 ], [ 8.229659183868023, 12.168927513415724 ], [ 8.229284528613448, 12.169128589552315 ], [ 8.226201973518982, 12.170782986676443 ], [ 8.225890675307483, 12.171103303894085 ], [ 8.225236024862681, 12.171776920351761 ], [ 8.225204272841097, 12.171770950347707 ], [ 8.210954184158822, 12.169091437527072 ], [ 8.2088435877248, 12.163515243738345 ], [ 8.206040564820285, 12.16112310411296 ], [ 8.205268106295421, 12.158822868550089 ], [ 8.206057872832048, 12.158578897384302 ], [ 8.205699998588898, 12.157900001923053 ], [ 8.204999998113237, 12.156399998903851 ], [ 8.204108298507379, 12.154078256326329 ], [ 8.208952141798534, 12.154419838558454 ], [ 8.21088923111472, 12.154512778621552 ], [ 8.214709203710186, 12.154431586566432 ], [ 8.215026654925907, 12.142312641332182 ], [ 8.215416209190607, 12.141959352092101 ], [ 8.21541645019073, 12.141950155085851 ], [ 8.207069804519563, 12.143332158024862 ], [ 8.183328245388338, 12.161477623353846 ], [ 8.190334371148651, 12.170044702174778 ], [ 8.183987206836036, 12.185374445590639 ], [ 8.182797477027691, 12.196082034865924 ], [ 8.176022886424676, 12.205420286210824 ], [ 8.173889791975341, 12.20761444270164 ], [ 8.165220704085073, 12.206991840278647 ], [ 8.162736410397144, 12.200841096099509 ], [ 8.159041735886774, 12.19319038990119 ], [ 8.15760956791371, 12.189991212727477 ], [ 8.150714310228693, 12.193496958109506 ], [ 8.144671503122879, 12.197303576695901 ], [ 8.136528713590224, 12.20431723646135 ], [ 8.130852215733341, 12.210429942614667 ], [ 8.119271427864703, 12.204907482862382 ], [ 8.116911324261139, 12.209246352810453 ], [ 8.116353751882286, 12.214007382045338 ], [ 8.115627971389188, 12.220403022390883 ], [ 8.115290246159702, 12.224099801902696 ], [ 8.115045768993582, 12.22651691254498 ], [ 8.118286946195838, 12.231881608190065 ], [ 8.118564520384382, 12.248117230221396 ], [ 8.118610411415602, 12.250801453045199 ], [ 8.118644556438767, 12.252798641402194 ], [ 8.11939767295047, 12.25445651452867 ], [ 8.121739061541348, 12.255256014071847 ], [ 8.125889776361589, 12.255401347170618 ], [ 8.127334015342853, 12.255119544979152 ], [ 8.128707804276303, 12.254661614668009 ], [ 8.129377085731051, 12.254696839691917 ], [ 8.130891775760176, 12.25515477000306 ], [ 8.140386032211097, 12.259044437645912 ], [ 8.141338801858467, 12.266833273938062 ], [ 8.140407225225488, 12.276303595372724 ], [ 8.113925469232413, 12.288820433877333 ], [ 8.113793171142504, 12.291109579432657 ], [ 8.115470706282281, 12.296725594248528 ], [ 8.118274862187604, 12.298578378507386 ], [ 8.110076172616971, 12.305206007010554 ], [ 8.09622419920521, 12.314678063446365 ], [ 8.090228536131463, 12.322818623977469 ], [ 8.082553078916305, 12.334395512843457 ], [ 8.090824332536272, 12.338992903967153 ], [ 8.09739416400015, 12.340935321286906 ], [ 8.097800002275903, 12.3438999993013 ], [ 8.096099999120838, 12.345100001116634 ], [ 8.094500002033726, 12.346299997931965 ], [ 8.093600001422203, 12.347600001815294 ], [ 8.092761386852374, 12.348915981709411 ], [ 8.093501314355137, 12.352662612255074 ], [ 8.090862235561985, 12.356099089589975 ], [ 8.082802031085464, 12.355703984321565 ], [ 8.077825705704299, 12.355741377346931 ], [ 8.08118117598417, 12.366335910545445 ], [ 8.110265919745927, 12.368585402073847 ], [ 8.114332475508945, 12.380877553425819 ], [ 8.11906083172164, 12.406135407587328 ], [ 8.130950632800193, 12.41523701777146 ], [ 8.136090267292332, 12.424088624785668 ], [ 8.143135830079473, 12.425660964854046 ], [ 8.151632879852798, 12.427575885155136 ], [ 8.152365782350785, 12.425516303755728 ], [ 8.155506669484851, 12.416093625353483 ], [ 8.159651144300824, 12.40106251914051 ], [ 8.184481579171972, 12.400025930436243 ], [ 8.179359030691444, 12.385459157538776 ], [ 8.17905845948718, 12.371472669035597 ], [ 8.185300626728463, 12.357689120670329 ] ] ] ] } },
{ "type": "Feature", "properties": { "fid": 476.0, "OBJECTID": 476.0, "lganame": "Kunchi", "statecode": "KN", "LGA_UID": "19_26" }, "geometry": { "type": "MultiPolygon", "coordinates": [ [ [ [ 8.29904127400988, 12.529534428431134 ], [ 8.300039529688149, 12.527191023838952 ], [ 8.302868947610591, 12.528184268513769 ], [ 8.305413982339815, 12.522886459914162 ], [ 8.307639937852286, 12.516817238790452 ], [ 8.311143808232998, 12.507679211581546 ], [ 8.320409608528678, 12.504604852492662 ], [ 8.328709694168197, 12.501596162448436 ], [ 8.335419945727494, 12.499163742795702 ], [ 8.344914893178839, 12.489123318973725 ], [ 8.34503451126011, 12.489007516895015 ], [ 8.345304688443719, 12.488761311727728 ], [ 8.354679423813366, 12.479670207550782 ], [ 8.358240190232777, 12.437914423179677 ], [ 8.36561397924288, 12.431705142960766 ], [ 8.365784983359106, 12.431561143862893 ], [ 8.373310771472518, 12.426411516363999 ], [ 8.371830525466748, 12.42114239278385 ], [ 8.373327906484178, 12.410488033544709 ], [ 8.374936288576976, 12.409553440909747 ], [ 8.401524668642537, 12.395672582478312 ], [ 8.412830867324544, 12.385139321321446 ], [ 8.412533360122438, 12.383347302103857 ], [ 8.415771995322928, 12.376035269135684 ], [ 8.417078593210704, 12.373618190493403 ], [ 8.421493257210273, 12.36648783064868 ], [ 8.422457717865541, 12.36320233741634 ], [ 8.424742735418135, 12.361416321202796 ], [ 8.427808802501374, 12.35995364920899 ], [ 8.433506670372822, 12.357473044523545 ], [ 8.423065232278304, 12.353402727757953 ], [ 8.417068991204189, 12.351975050787928 ], [ 8.409038049747494, 12.350987236116737 ], [ 8.405278502193084, 12.351367950375391 ], [ 8.401423774573971, 12.351653484569397 ], [ 8.397556740946527, 12.352053243841056 ], [ 8.385525579771922, 12.345744408554481 ], [ 8.384384716996749, 12.346301648933093 ], [ 8.380320394235241, 12.347555433784976 ], [ 8.375302810825985, 12.350614500863458 ], [ 8.371143415999882, 12.352471927125521 ], [ 8.367659312632611, 12.35453137652479 ], [ 8.360134151519617, 12.356750824032815 ], [ 8.35956372113202, 12.371029113734267 ], [ 8.368383037124374, 12.372264156573408 ], [ 8.381015353707426, 12.374003219755025 ], [ 8.382061787418422, 12.374047501785128 ], [ 8.382686883843121, 12.37416590286557 ], [ 8.382770626900026, 12.37415059985517 ], [ 8.383458929367691, 12.374249224922153 ], [ 8.383987375726747, 12.374399387024198 ], [ 8.384077310787859, 12.374648791193636 ], [ 8.384153367839531, 12.375001671433438 ], [ 8.384276961923547, 12.375428839723668 ], [ 8.384305482942921, 12.375772432957092 ], [ 8.384400555007517, 12.376617481531298 ], [ 8.384609713149587, 12.377481101118065 ], [ 8.384638235169007, 12.378214709616543 ], [ 8.384581192130213, 12.378567584856285 ], [ 8.384571685123774, 12.379022607165439 ], [ 8.38442907702688, 12.379505487493532 ], [ 8.384372033988143, 12.379979078815325 ], [ 8.384276961923547, 12.380684823294871 ], [ 8.384219918884753, 12.38199416018449 ], [ 8.384295975936425, 12.383015622878531 ], [ 8.384200903871829, 12.383749217376987 ], [ 8.382413552657454, 12.383786361402201 ], [ 8.381909672315089, 12.383962794522063 ], [ 8.381101560766012, 12.384139227641981 ], [ 8.377523559334918, 12.384809743097549 ], [ 8.375847199195903, 12.385628415653798 ], [ 8.36871526635008, 12.390452495931527 ], [ 8.360300731632776, 12.382905198803485 ], [ 8.359814920302711, 12.376818002667505 ], [ 8.359600768157236, 12.374997716430755 ], [ 8.358387243332686, 12.373784190606216 ], [ 8.357105475461765, 12.372833452960208 ], [ 8.353050873706877, 12.371462884028972 ], [ 8.351908731930848, 12.369235707515713 ], [ 8.350766591154809, 12.36443871525637 ], [ 8.342475505521406, 12.356449574828162 ], [ 8.342140812294019, 12.350936149082031 ], [ 8.335894727050061, 12.342048862043555 ], [ 8.332732848901742, 12.337551170987581 ], [ 8.304928841010224, 12.332111235291393 ], [ 8.308990137769683, 12.350160104554732 ], [ 8.27041326355851, 12.34815824019455 ], [ 8.270074019327978, 12.348140635182631 ], [ 8.257818209000732, 12.346979923393974 ], [ 8.246382632230791, 12.354689570632274 ], [ 8.244738983114019, 12.368891988282201 ], [ 8.234616690236408, 12.380964384484798 ], [ 8.210094029574407, 12.361658417367323 ], [ 8.199814758590151, 12.354424845452456 ], [ 8.193759567475922, 12.343491999024081 ], [ 8.188099998630491, 12.346500002067899 ], [ 8.187306326091232, 12.348238761249263 ], [ 8.186845226777962, 12.352164855916897 ], [ 8.186047330235795, 12.355131269932428 ], [ 8.185300626728463, 12.357689120670329 ], [ 8.17905845948718, 12.371472669035597 ], [ 8.179359030691444, 12.385459157538776 ], [ 8.184481579171972, 12.400025930436243 ], [ 8.159651144300824, 12.40106251914051 ], [ 8.155506669484851, 12.416093625353483 ], [ 8.152365782350785, 12.425516303755728 ], [ 8.151632879852798, 12.427575885155136 ], [ 8.143135830079473, 12.425660964854046 ], [ 8.136090267292332, 12.424088624785668 ], [ 8.130950632800193, 12.41523701777146 ], [ 8.11906083172164, 12.406135407587328 ], [ 8.113854984184513, 12.411432810186682 ], [ 8.112340582155525, 12.413201193388204 ], [ 8.108160370315261, 12.416365815538427 ], [ 8.130165955267046, 12.441150616378536 ], [ 8.148618195804488, 12.439649405358523 ], [ 8.155836047708647, 12.440535732960711 ], [ 8.156739727322645, 12.44030048580089 ], [ 8.158782593710725, 12.447324362573283 ], [ 8.164964010910694, 12.451413511351689 ], [ 8.162164963008877, 12.462392860811633 ], [ 8.162895116504956, 12.474482831026194 ], [ 8.168808775523019, 12.481746267961341 ], [ 8.171413621292913, 12.491484263577888 ], [ 8.171681129474621, 12.49253635029271 ], [ 8.172132719781473, 12.493209300749925 ], [ 8.173035903395146, 12.49344135290761 ], [ 8.173772709895786, 12.493696609081042 ], [ 8.174295606251064, 12.494207122427895 ], [ 8.175032412751705, 12.494810453837829 ], [ 8.175792988268483, 12.495715449452746 ], [ 8.176812349961097, 12.496470951966103 ], [ 8.178311535979674, 12.49621766479396 ], [ 8.178977896432457, 12.496434801941518 ], [ 8.179976151110736, 12.49768786279293 ], [ 8.180760493643675, 12.499010531691624 ], [ 8.181616141225049, 12.500008331369543 ], [ 8.18266193193557, 12.501168557157882 ], [ 8.183683954629998, 12.501771872567815 ], [ 8.185062496566673, 12.502073529772758 ], [ 8.185704233002696, 12.502143142820046 ], [ 8.186179592325686, 12.502468005040782 ], [ 8.18632220042258, 12.503256950576827 ], [ 8.18658364760023, 12.503674627860619 ], [ 8.187296687084711, 12.503999487081387 ], [ 8.188223637714486, 12.504463571396684 ], [ 8.190386523184088, 12.505182899885426 ], [ 8.18960217965116, 12.506041451468775 ], [ 8.188081029617592, 12.507039222146716 ], [ 8.187059006923221, 12.507712135603924 ], [ 8.186227128357984, 12.507967377777391 ], [ 8.185181336647418, 12.50780495066698 ], [ 8.184396994114479, 12.507340873351666 ], [ 8.183517578516955, 12.506621550862917 ], [ 8.182733235984017, 12.507503301462066 ], [ 8.182067732531834, 12.508361844045396 ], [ 8.182043964515685, 12.509266790660263 ], [ 8.1813546940474, 12.509591642880991 ], [ 8.180689189595228, 12.50991649510172 ], [ 8.180190063256077, 12.510218143306645 ], [ 8.179833543013842, 12.510705418637713 ], [ 8.180546582498323, 12.511285509031893 ], [ 8.180808029675973, 12.511981614504862 ], [ 8.180950637772867, 12.512724126009346 ], [ 8.180903101740569, 12.513373821450784 ], [ 8.180482208454578, 12.514002385877859 ], [ 8.180213831272226, 12.514487581207561 ], [ 8.179614944865307, 12.514919754501193 ], [ 8.179209617589891, 12.515467888873616 ], [ 8.178882267367499, 12.516150393337341 ], [ 8.178597609174062, 12.516900709847164 ], [ 8.178241088931827, 12.51752719227278 ], [ 8.178181576891404, 12.518062609636615 ], [ 8.177623121511942, 12.518153671698485 ], [ 8.177147762188952, 12.517944845556599 ], [ 8.176529794769067, 12.51752719227278 ], [ 8.175959364381526, 12.517364771162477 ], [ 8.175487518060891, 12.517470953234579 ], [ 8.175198788864748, 12.517712816398955 ], [ 8.174831424615149, 12.518480583920621 ], [ 8.174557053428714, 12.518942571234504 ], [ 8.174343142283362, 12.519545844644369 ], [ 8.174818500606364, 12.520130556041693 ], [ 8.175293860929344, 12.520501800293914 ], [ 8.17564305016657, 12.520850373530777 ], [ 8.175697916203887, 12.521569123019106 ], [ 8.175555308106993, 12.522590036712757 ], [ 8.175769220252334, 12.523425328280325 ], [ 8.176212523553545, 12.524270950854884 ], [ 8.176387186672173, 12.525026293368114 ], [ 8.1769338510436, 12.525583148746477 ], [ 8.177314138301995, 12.526047194061732 ], [ 8.177646889528091, 12.526696855503189 ], [ 8.177837033657283, 12.527323313928832 ], [ 8.177422593375695, 12.527880928307695 ], [ 8.176886315011302, 12.528274598575194 ], [ 8.176441423709036, 12.528962416042532 ], [ 8.176006900413824, 12.529578550461167 ], [ 8.175959364381526, 12.530228202902549 ], [ 8.176197042542981, 12.530738643249379 ], [ 8.176712563893261, 12.531070951475158 ], [ 8.177290370285846, 12.531573906816902 ], [ 8.177741961592687, 12.532153950211011 ], [ 8.177955872738039, 12.532757192620863 ], [ 8.177813265641134, 12.533337233015004 ], [ 8.177575586479634, 12.533870869377552 ], [ 8.177147762188952, 12.53435810070863 ], [ 8.176648634849812, 12.534682920929299 ], [ 8.176054436446123, 12.53507734619734 ], [ 8.175777741258116, 12.535754690657541 ], [ 8.175674148187738, 12.536237413985532 ], [ 8.17562661215544, 12.536956654474238 ], [ 8.175816756284632, 12.537397477773709 ], [ 8.176173275526878, 12.537745496010189 ], [ 8.176734816908379, 12.53782124606164 ], [ 8.176976967072903, 12.538344102416943 ], [ 8.176860310993675, 12.539517317214063 ], [ 8.177087377147927, 12.540370950794056 ], [ 8.176776764936903, 12.541568624607805 ], [ 8.176626613834856, 12.542496890238567 ], [ 8.17722721924298, 12.543522861935628 ], [ 8.177927923719039, 12.545008071944778 ], [ 8.17767767154902, 12.545887468542276 ], [ 8.178378377025126, 12.546522586973822 ], [ 8.178628629195146, 12.547597397704124 ], [ 8.179329333671262, 12.548867623567162 ], [ 8.179229233603223, 12.549747007164683 ], [ 8.179229233603223, 12.550870659928137 ], [ 8.179242624612357, 12.552120799777526 ], [ 8.180580593521427, 12.552971388355502 ], [ 8.180380392385416, 12.553850756952954 ], [ 8.179687961914908, 12.554727826548913 ], [ 8.180780794657437, 12.557006692097275 ], [ 8.181231248963513, 12.55808145882753 ], [ 8.180880895725466, 12.559156221557771 ], [ 8.181211152949857, 12.560534470494247 ], [ 8.181350326044424, 12.561741329314259 ], [ 8.180830845691446, 12.56242933678169 ], [ 8.180230241283368, 12.563015562179999 ], [ 8.179865978035878, 12.564088129908782 ], [ 8.194753641151351, 12.567607313299902 ], [ 8.228276267928379, 12.584734076936741 ], [ 8.232354852699586, 12.584921972064421 ], [ 8.236084048233408, 12.591205942334057 ], [ 8.246199607106462, 12.594415679514896 ], [ 8.256289884962314, 12.596212443735737 ], [ 8.278800274257094, 12.604603955437369 ], [ 8.288612585924056, 12.599858145212806 ], [ 8.290057159905587, 12.588795302696155 ], [ 8.294625725009723, 12.576650534444354 ], [ 8.296148579044427, 12.565609834942677 ], [ 8.29683972451403, 12.562154125594702 ], [ 8.298396439571775, 12.553138097468718 ], [ 8.299575003372524, 12.545241648103456 ], [ 8.300838134230787, 12.538083899240121 ], [ 8.30124893950989, 12.536081365879511 ], [ 8.300413469942214, 12.535484259473776 ], [ 8.2983282345254, 12.534313979678643 ], [ 8.297087994682727, 12.533612464202008 ], [ 8.29904127400988, 12.529534428431134 ] ] ] ] } },
{ "type": "Feature", "properties": { "fid": 481.0, "OBJECTID": 481.0, "lganame": "Rimin Gado", "statecode": "KN", "LGA_UID": "19_34" }, "geometry": { "type": "MultiPolygon", "coordinates": [ [ [ [ 8.295643042700931, 12.0279576356333 ], [ 8.295185643390141, 12.017950981834247 ], [ 8.291804677092955, 12.015142742926173 ], [ 8.289487158518284, 12.008582732468994 ], [ 8.280868857662597, 12.008024093089375 ], [ 8.280430200364549, 12.007665816845986 ], [ 8.280264621252002, 12.007107202466386 ], [ 8.287619265249191, 11.992735808701752 ], [ 8.290683390331083, 11.992517754553546 ], [ 8.291396428815574, 11.988716478970787 ], [ 8.291451103852694, 11.986232924283343 ], [ 8.284716553276894, 11.984390500031509 ], [ 8.277928419664704, 11.98249329874244 ], [ 8.273821138873984, 11.979010306375869 ], [ 8.272131721726112, 11.975964596306483 ], [ 8.269561903980048, 11.972157457719732 ], [ 8.265696937353994, 11.969533896937094 ], [ 8.265940001519141, 11.967249746385164 ], [ 8.267335322467204, 11.95081664221965 ], [ 8.268899909530262, 11.94677877247608 ], [ 8.276581524749531, 11.946692906417752 ], [ 8.285637122902415, 11.945716270754133 ], [ 8.28816841162228, 11.945332592493457 ], [ 8.29276751474714, 11.946658026394061 ], [ 8.296411699223199, 11.948013544315074 ], [ 8.297195220755555, 11.948947253949484 ], [ 8.320687822717673, 11.958879881698238 ], [ 8.321926874559551, 11.957797036962461 ], [ 8.322456817919658, 11.95743545771677 ], [ 8.324187424095498, 11.956431899034953 ], [ 8.335880664040531, 11.95931960999701 ], [ 8.336428550412791, 11.95933546300779 ], [ 8.356363373957549, 11.95189197995029 ], [ 8.360103822499013, 11.949433850280059 ], [ 8.361992794782509, 11.946746877454416 ], [ 8.371902225515498, 11.951425271633184 ], [ 8.379769693861022, 11.944174912706899 ], [ 8.389597582538613, 11.937426823121882 ], [ 8.404515234674477, 11.93084140064741 ], [ 8.405033963026938, 11.928997211394346 ], [ 8.405062133046044, 11.927751438547887 ], [ 8.404990288997283, 11.9266383257916 ], [ 8.404960958977313, 11.926183911482838 ], [ 8.404929245955771, 11.924897161608556 ], [ 8.404430736617087, 11.923166019432301 ], [ 8.40445111063093, 11.922972374300741 ], [ 8.404723913816269, 11.920743826786577 ], [ 8.404842614896893, 11.91973634010202 ], [ 8.405089499064673, 11.918171268038634 ], [ 8.405638932437967, 11.914814730757996 ], [ 8.404431228617398, 11.912284462038826 ], [ 8.403807320193494, 11.910249543656164 ], [ 8.404952543971604, 11.908212739272301 ], [ 8.406065276727645, 11.906935501404462 ], [ 8.4067805042136, 11.905706529569443 ], [ 8.405782666535629, 11.90565015053113 ], [ 8.404245999491536, 11.906404330043529 ], [ 8.40399264431943, 11.906528673128037 ], [ 8.402499010304552, 11.907648897889146 ], [ 8.401071334334517, 11.909504878150244 ], [ 8.398644283685428, 11.911360857411296 ], [ 8.395360627454352, 11.912217462993283 ], [ 8.393361880096279, 11.913074068575327 ], [ 8.39064929525324, 11.913502371866343 ], [ 8.387793942313124, 11.913645139963307 ], [ 8.385081357470085, 11.912931301478295 ], [ 8.382939841015002, 11.911789159702266 ], [ 8.38197044535633, 11.910837097055378 ], [ 8.381512165044967, 11.909933181441261 ], [ 8.38108386175395, 11.907791665986167 ], [ 8.3808118185691, 11.902985159720401 ], [ 8.380792818556188, 11.900460949005321 ], [ 8.380414260299005, 11.89673160447137 ], [ 8.380227256171963, 11.893514899285776 ], [ 8.379227882492899, 11.891230616733708 ], [ 8.377311401190752, 11.889395444486809 ], [ 8.373627302687566, 11.887348936096316 ], [ 8.371739845405159, 11.886525280536659 ], [ 8.367088793244989, 11.885548079872706 ], [ 8.362952368434492, 11.885377142756568 ], [ 8.361239157270404, 11.884235001980528 ], [ 8.359124211833432, 11.88117778990329 ], [ 8.357045685421156, 11.87924561859046 ], [ 8.352673098450168, 11.874955103675291 ], [ 8.35034844487069, 11.872862919253748 ], [ 8.346819624473028, 11.869672700086142 ], [ 8.346248552085001, 11.868245024116106 ], [ 8.346033858939109, 11.866135135682498 ], [ 8.345820248793984, 11.864533064594013 ], [ 8.344820876114966, 11.861392176459901 ], [ 8.342527080556465, 11.857271523660131 ], [ 8.34138879278305, 11.856000467796491 ], [ 8.338539098846809, 11.854253792609711 ], [ 8.336825886682732, 11.853968257415715 ], [ 8.332909541021763, 11.854042813466378 ], [ 8.330115807123548, 11.854967631094723 ], [ 8.32848869801802, 11.856206085936208 ], [ 8.326832150892471, 11.857394681743813 ], [ 8.325118938728451, 11.857965752131804 ], [ 8.323405725564385, 11.858108519228836 ], [ 8.322406352885366, 11.856966379452786 ], [ 8.322590537010512, 11.856045458827055 ], [ 8.323212208432892, 11.8548104279879 ], [ 8.322938905247213, 11.8534999070975 ], [ 8.321909147547501, 11.852258077253737 ], [ 8.3168035530785, 11.849053389076289 ], [ 8.314735739673552, 11.847029627701204 ], [ 8.312703578292769, 11.844552247017987 ], [ 8.310373061709299, 11.840750759435025 ], [ 8.31037301070927, 11.840750658434956 ], [ 8.308710558579719, 11.837434010181425 ], [ 8.307747955925663, 11.834014399858006 ], [ 8.302958966671781, 11.835971265187595 ], [ 8.30153288770282, 11.834110247923093 ], [ 8.30093501829657, 11.832401118761823 ], [ 8.299769574504751, 11.831298672012792 ], [ 8.298509637648635, 11.830353718370702 ], [ 8.297422012909692, 11.830554360507051 ], [ 8.294709427066607, 11.830411594410066 ], [ 8.292108616299458, 11.8294652937671 ], [ 8.288931880141035, 11.827299553295575 ], [ 8.286714437634373, 11.825414726014913 ], [ 8.284267918972091, 11.822968209352609 ], [ 8.282085334489125, 11.82129016021247 ], [ 8.282476636755007, 11.822870777286425 ], [ 8.28072238656307, 11.824941476693368 ], [ 8.276340923586076, 11.829047121482972 ], [ 8.271994406632814, 11.830564506513952 ], [ 8.268904939533684, 11.838780599096424 ], [ 8.268643232355828, 11.851464722714638 ], [ 8.266355180801213, 11.858548750527916 ], [ 8.263556769899822, 11.866608552004209 ], [ 8.261598765569431, 11.872223342819154 ], [ 8.264855705782395, 11.872807927216343 ], [ 8.269072082647199, 11.875134394797101 ], [ 8.270041817306094, 11.875748440214295 ], [ 8.27038407453864, 11.876041506413458 ], [ 8.2709117238972, 11.876236882546209 ], [ 8.271068593003747, 11.876027550403933 ], [ 8.271314911171146, 11.875761046222863 ], [ 8.27162476438167, 11.875511195053093 ], [ 8.272399275907901, 11.875836478274152 ], [ 8.274276946183704, 11.875766700226734 ], [ 8.276748814863197, 11.875813219258305 ], [ 8.279291987591193, 11.875952774353152 ], [ 8.281239622914484, 11.875876685301421 ], [ 8.284014683800024, 11.87531314491855 ], [ 8.285975542132348, 11.874906106641959 ], [ 8.286714913634682, 11.875562693088114 ], [ 8.288617267927236, 11.876237252546446 ], [ 8.288414617789556, 11.876927875015667 ], [ 8.288248241676513, 11.877346539300163 ], [ 8.287820419385866, 11.877672165521403 ], [ 8.287273755014382, 11.877555871442382 ], [ 8.287107378901339, 11.877276762252734 ], [ 8.286655787594498, 11.877346539300163 ], [ 8.286346804384607, 11.877741943568822 ], [ 8.28627550033616, 11.878207124884852 ], [ 8.286465644465352, 11.878928154374762 ], [ 8.286798395691449, 11.878811859295752 ], [ 8.287226218982084, 11.87876534126417 ], [ 8.287202450965935, 11.879207260564442 ], [ 8.286727091643002, 11.879858511006887 ], [ 8.285918981093914, 11.880137618196557 ], [ 8.284944494431784, 11.880486501433609 ], [ 8.283756094624323, 11.880649312544222 ], [ 8.283256968285173, 11.880509760449399 ], [ 8.283233200269024, 11.880091100164918 ], [ 8.282615232849139, 11.879974806085897 ], [ 8.281886348353908, 11.880208364244595 ], [ 8.28152190610632, 11.881137747876096 ], [ 8.281474370074022, 11.88220764960306 ], [ 8.282044801461552, 11.882347201697883 ], [ 8.281783354283959, 11.883184513266769 ], [ 8.280880170670287, 11.883789235677625 ], [ 8.280428579363445, 11.883789235677625 ], [ 8.280000756072752, 11.88367294359864 ], [ 8.279953220040454, 11.883324065361592 ], [ 8.279406555669027, 11.883626426567048 ], [ 8.279468360711007, 11.884229383976731 ], [ 8.279620467814368, 11.884719577309795 ], [ 8.279596699798219, 11.88548710583126 ], [ 8.279311483604431, 11.885929016131513 ], [ 8.279477859717474, 11.886510473526585 ], [ 8.280214667218104, 11.886905865795256 ], [ 8.281212921896326, 11.887231482016489 ], [ 8.281664514203214, 11.887115189937504 ], [ 8.282044801461552, 11.887277998048091 ], [ 8.282258712606904, 11.887766421379979 ], [ 8.281973497413105, 11.888557199917273 ], [ 8.281498138090171, 11.889208427359733 ], [ 8.280642490508797, 11.889324718438729 ], [ 8.279525395749772, 11.888929330170129 ], [ 8.278954965362175, 11.888720007027871 ], [ 8.278336996942301, 11.888720007027871 ], [ 8.277719029522416, 11.889627072644203 ], [ 8.278075549764651, 11.890022458912824 ], [ 8.278550909087642, 11.89037133014989 ], [ 8.278741053216834, 11.89109232663975 ], [ 8.278622213136089, 11.891813322129622 ], [ 8.278622213136089, 11.892324994477292 ], [ 8.278123085796949, 11.892929696888189 ], [ 8.277433814328617, 11.892929696888189 ], [ 8.277005991037925, 11.892813407809172 ], [ 8.276768310876434, 11.892534314619525 ], [ 8.27662570277954, 11.892045900287656 ], [ 8.276197880488894, 11.891906353192837 ], [ 8.275746288182006, 11.891976127240241 ], [ 8.275589565075563, 11.892402348529856 ], [ 8.275366000923668, 11.892906439872377 ], [ 8.275342232907519, 11.893511141283227 ], [ 8.275342232907519, 11.89430190282053 ], [ 8.275651217117456, 11.894860086199799 ], [ 8.275888896278957, 11.895488040626446 ], [ 8.276003933357117, 11.896050296008468 ], [ 8.275549977048627, 11.896868752564558 ], [ 8.274863069581954, 11.897410856932879 ], [ 8.274150031097463, 11.897864376241046 ], [ 8.273187428443407, 11.898213236478057 ], [ 8.272128716724069, 11.898720164822521 ], [ 8.270278176466718, 11.900333288918546 ], [ 8.268110536993902, 11.901282178563292 ], [ 8.267654191683846, 11.902175248170067 ], [ 8.267578133632185, 11.902882259650482 ], [ 8.267806306787179, 11.903961379383702 ], [ 8.267692220709648, 11.904370698661808 ], [ 8.267426018528795, 11.90494746705366 ], [ 8.267692220709648, 11.905617260508791 ], [ 8.267768277761377, 11.905952156736305 ], [ 8.267235876399582, 11.906659159216701 ], [ 8.267102775309183, 11.907087079507448 ], [ 8.267367883489328, 11.908947980771813 ], [ 8.267162247349574, 11.909934677442266 ], [ 8.266342251792423, 11.910771903011096 ], [ 8.265522257235261, 11.911504473508842 ], [ 8.264844869775004, 11.912097505911788 ], [ 8.263896965130982, 11.912464267160999 ], [ 8.263490094854546, 11.913178914646551 ], [ 8.263204879660748, 11.913632406954662 ], [ 8.261316051377378, 11.913462862839481 ], [ 8.259703801281944, 11.921349930198403 ], [ 8.259208886945657, 11.923770987843398 ], [ 8.25542239937289, 11.932073159484332 ], [ 8.250548441061255, 11.92723018119375 ], [ 8.245935076926742, 11.924986078668951 ], [ 8.244566041996507, 11.924241917163329 ], [ 8.244090682673516, 11.923144274417552 ], [ 8.243577294324723, 11.920242011445623 ], [ 8.244109397686259, 11.918778859451436 ], [ 8.243738910434502, 11.918341708154458 ], [ 8.243204131071195, 11.917504504585565 ], [ 8.24237633450872, 11.917499788582404 ], [ 8.242046837284818, 11.917230843399636 ], [ 8.240458930205932, 11.915934741519038 ], [ 8.239567630600334, 11.916109160637518 ], [ 8.238605027946278, 11.915969625542687 ], [ 8.23749090118929, 11.916360097808024 ], [ 8.235289395693485, 11.916109160637518 ], [ 8.233970272797194, 11.916562647945625 ], [ 8.233007670143138, 11.916178927684939 ], [ 8.231938112416458, 11.916144043661234 ], [ 8.23104681281086, 11.915725440376775 ], [ 8.22980097296437, 11.915942558524307 ], [ 8.228957512391275, 11.915477398208282 ], [ 8.226056577420195, 11.913074063575323 ], [ 8.226026134399547, 11.91307095957319 ], [ 8.220077734357858, 11.908305592335353 ], [ 8.217910474885343, 11.90893785376494 ], [ 8.216640734022576, 11.910799071029544 ], [ 8.216085094645052, 11.912677459305826 ], [ 8.214031542249757, 11.913849563102247 ], [ 8.211394694458136, 11.914453531512606 ], [ 8.210152608614237, 11.915914686505403 ], [ 8.209411048110383, 11.918928623553199 ], [ 8.206525965150092, 11.922122752723453 ], [ 8.204334208660896, 11.923728527814546 ], [ 8.201367965645431, 11.926072636407241 ], [ 8.199428500327656, 11.929588759796275 ], [ 8.197831292242483, 11.934723336285003 ], [ 8.196405214273511, 11.937569636218882 ], [ 8.195777738847141, 11.940360096114887 ], [ 8.193324884180583, 11.944936389224267 ], [ 8.192382953540573, 11.9456520527105 ], [ 8.191598611007635, 11.94582645282901 ], [ 8.191028178620058, 11.946175251065995 ], [ 8.190422096208238, 11.946419410231897 ], [ 8.189780360772204, 11.946628688374119 ], [ 8.189174277360394, 11.94718676375328 ], [ 8.189245581408841, 11.947919237250971 ], [ 8.188603845972864, 11.947954116274673 ], [ 8.187569939270361, 11.947814598179889 ], [ 8.186928203834327, 11.947884357227281 ], [ 8.186108209277165, 11.94833779153538 ], [ 8.184967345502002, 11.948930742938217 ], [ 8.1839334387995, 11.949279538175233 ], [ 8.18346996448463, 11.949872486578101 ], [ 8.183327356387736, 11.950709591146904 ], [ 8.182792577024372, 11.951302536549747 ], [ 8.18225779666102, 11.952104757094844 ], [ 8.181936930442987, 11.953046489734675 ], [ 8.18125954198274, 11.953220883853191 ], [ 8.181081282861612, 11.953813825256077 ], [ 8.180510851474025, 11.954267249564168 ], [ 8.179833464013768, 11.954232370540467 ], [ 8.179797811989545, 11.954964825038132 ], [ 8.179298684650405, 11.955522883417302 ], [ 8.178870861359712, 11.955976304725368 ], [ 8.178300429972126, 11.956220454891252 ], [ 8.176945655051668, 11.956429726033434 ], [ 8.175626533155366, 11.956499483080847 ], [ 8.174842189622439, 11.956359968986078 ], [ 8.174129151137947, 11.956499483080847 ], [ 8.173523066726148, 11.956813389294155 ], [ 8.172988288362774, 11.957476078744378 ], [ 8.172881332290103, 11.958138767194669 ], [ 8.172524812047868, 11.958696818573856 ], [ 8.171455254321188, 11.958940966739704 ], [ 8.170777865860941, 11.959219991929331 ], [ 8.170742213836718, 11.960440723758722 ], [ 8.17006482737645, 11.960719747948303 ], [ 8.169423091940416, 11.961138283232685 ], [ 8.168781356504383, 11.961766083659256 ], [ 8.168674401431701, 11.962393884085827 ], [ 8.168638749407478, 11.963056560536074 ], [ 8.168710053455925, 11.963614601915253 ], [ 8.168389185237913, 11.964068011223333 ], [ 8.1660718076634, 11.963858745081097 ], [ 8.162043135926069, 11.963056560536074 ], [ 8.160759666054048, 11.962707784299084 ], [ 8.161460179529968, 11.968071758943665 ], [ 8.160008707543795, 11.970189479382555 ], [ 8.155981448807438, 11.970630822682438 ], [ 8.155849997718121, 11.97154424630304 ], [ 8.155370237392162, 11.972799509155948 ], [ 8.15436938571213, 11.974044206001679 ], [ 8.154559742841457, 11.978327235911763 ], [ 8.154605154872343, 11.986173685243045 ], [ 8.147690502174157, 11.989750856673595 ], [ 8.141857534210942, 11.993217281028876 ], [ 8.140269887132206, 12.004069559402467 ], [ 8.150750546253278, 12.003660241124351 ], [ 8.166292461813327, 12.007934833028742 ], [ 8.171907083628184, 12.012847761366857 ], [ 8.171910812630699, 12.012888433394494 ], [ 8.180413931408168, 12.005930962667207 ], [ 8.186522491558662, 12.008619742494091 ], [ 8.19108594065932, 12.010502809773584 ], [ 8.194003947641932, 12.012569303177656 ], [ 8.198858068940126, 12.014478134474643 ], [ 8.202430822367603, 12.014655391595056 ], [ 8.212833638435825, 12.016430902801403 ], [ 8.216184920712863, 12.01691909313314 ], [ 8.222174450782461, 12.01691909313314 ], [ 8.224930986655409, 12.016460208821343 ], [ 8.229663776871121, 12.01784488876217 ], [ 8.234660156265932, 12.018661630317126 ], [ 8.236433269470695, 12.020471958547148 ], [ 8.238917427158526, 12.021028752925474 ], [ 8.240420212179629, 12.018890159472392 ], [ 8.247100999718896, 12.017442990489087 ], [ 8.247100999718896, 12.021481512233095 ], [ 8.257215654591334, 12.022676934045307 ], [ 8.259906190419429, 12.02408257600041 ], [ 8.264231961358576, 12.022548301957897 ], [ 8.266751366070423, 12.017991922862052 ], [ 8.271061979999274, 12.018228881023049 ], [ 8.273207847457286, 12.020552384601785 ], [ 8.280652894515868, 12.02269569905809 ], [ 8.283629634538386, 12.024249778113983 ], [ 8.286313750362126, 12.025651085066102 ], [ 8.286598272555466, 12.026593831706634 ], [ 8.288062756550516, 12.026742173807463 ], [ 8.288808694057309, 12.027430697275292 ], [ 8.289838539757056, 12.02736744623229 ], [ 8.290947811510762, 12.028128081749117 ], [ 8.292552149600851, 12.028546513033405 ], [ 8.295643042700931, 12.0279576356333 ] ] ] ] } },
{ "type": "Feature", "properties": { "fid": 484.0, "OBJECTID": 484.0, "lganame": "Sumaila", "statecode": "KN", "LGA_UID": "19_36" }, "geometry": { "type": "MultiPolygon", "coordinates": [ [ [ [ 8.942940458509099, 11.555381553540087 ], [ 8.951565173369204, 11.55335613616387 ], [ 8.965385557759532, 11.549730543700491 ], [ 8.981395791637681, 11.545535525850141 ], [ 8.99860370232966, 11.546783862698362 ], [ 9.001893156564677, 11.547110796920492 ], [ 9.006689803823804, 11.540020608103021 ], [ 9.003510837663839, 11.536178143492236 ], [ 9.003370740568641, 11.531188361101954 ], [ 9.004735275495818, 11.525040517924765 ], [ 9.019498368526627, 11.526846611151939 ], [ 9.024164600697077, 11.528276963123744 ], [ 9.033143549797899, 11.527956099905737 ], [ 9.037945668060672, 11.514033027445691 ], [ 9.038896385706664, 11.512693867535802 ], [ 9.039223195928685, 11.510918017329175 ], [ 9.039118848857811, 11.508901615959132 ], [ 9.039609426191134, 11.507337169896175 ], [ 9.040381884715998, 11.50681313854011 ], [ 9.041867382725286, 11.504746121135668 ], [ 9.041689122604168, 11.50372716244334 ], [ 9.040976084119734, 11.503668937403745 ], [ 9.039876816372839, 11.503756276463093 ], [ 9.040278644645866, 11.50233653649849 ], [ 9.041154344240852, 11.501456327900428 ], [ 9.040916664079361, 11.50011710899048 ], [ 9.039876816372839, 11.498981680219003 ], [ 9.039668846231507, 11.497525994229932 ], [ 9.039906526392997, 11.49557536390455 ], [ 9.041421734422499, 11.492809522025311 ], [ 9.042580422209767, 11.492023436491195 ], [ 9.042610132229981, 11.491266460976874 ], [ 9.041969915794994, 11.490472934437719 ], [ 9.042138287909381, 11.490508938462199 ], [ 9.041481154462872, 11.489898080047112 ], [ 9.041094924200479, 11.488558807137167 ], [ 9.041094924200479, 11.488267658939321 ], [ 9.041897092745501, 11.487685362543687 ], [ 9.042699262290512, 11.487073952128242 ], [ 9.043204330633728, 11.486287848594145 ], [ 9.043352880734631, 11.485618205139133 ], [ 9.0430260715126, 11.485181478842435 ], [ 9.042550712189609, 11.485035903743494 ], [ 9.041897092745501, 11.485152363822635 ], [ 9.040916664079361, 11.485792895257816 ], [ 9.039639136211349, 11.485822009277626 ], [ 9.03797175107843, 11.486182425522486 ], [ 9.037669338872945, 11.485853671299139 ], [ 9.037292048616564, 11.485443515020449 ], [ 9.037170052533725, 11.485084854776744 ], [ 9.03700589442218, 11.484238040201376 ], [ 9.036965239394533, 11.483201649497232 ], [ 9.036569026125335, 11.482561498062239 ], [ 9.036222489889894, 11.48221172782462 ], [ 9.03619277986968, 11.48128003419157 ], [ 9.03681668929363, 11.480959763973942 ], [ 9.037618857838652, 11.480348337558496 ], [ 9.037618857838652, 11.479707795123318 ], [ 9.037292048616564, 11.478688746430919 ], [ 9.037024659434906, 11.478339357193533 ], [ 9.035806550607276, 11.477494998619818 ], [ 9.034469600698856, 11.476621521026345 ], [ 9.033934822335482, 11.476184781729557 ], [ 9.033132652790471, 11.474204888384349 ], [ 9.032181935144479, 11.472923772513866 ], [ 9.031350054579264, 11.472370562137996 ], [ 9.030874695256273, 11.471788233742359 ], [ 9.030518176014084, 11.47132237042581 ], [ 9.030696436135202, 11.469458909159641 ], [ 9.030844986236104, 11.46855628954637 ], [ 9.031178300462557, 11.467895398097312 ], [ 9.031231215498565, 11.46721691463631 ], [ 9.03105295537739, 11.46683839537917 ], [ 9.030518176014084, 11.466139586904319 ], [ 9.030042816691093, 11.465994001805427 ], [ 9.029626877408475, 11.465324309350422 ], [ 9.02959716738826, 11.464567262835999 ], [ 9.029953686630506, 11.463781098301865 ], [ 9.030733167160122, 11.462956352741458 ], [ 9.031231215498565, 11.46197582207526 ], [ 9.03096382531686, 11.460519945086048 ], [ 9.030250785832379, 11.459267886235352 ], [ 9.029181228105642, 11.458336116602254 ], [ 9.029209603124968, 11.457893134301287 ], [ 9.029775426509389, 11.457142282791096 ], [ 9.02974571748922, 11.456676396474563 ], [ 9.02935948822676, 11.455948444979924 ], [ 9.028289928500044, 11.455424318623841 ], [ 9.027784860156885, 11.455016664346829 ], [ 9.031306502549683, 11.45364953041792 ], [ 9.045297277055738, 11.450927472568424 ], [ 9.051791180468058, 11.450082724994445 ], [ 9.059417255649635, 11.445672288997798 ], [ 9.061357080967639, 11.443932513815696 ], [ 9.050596786656513, 11.428164828102297 ], [ 9.047386171475068, 11.421870029825243 ], [ 9.050337386480294, 11.416922698463793 ], [ 9.056557900706821, 11.411292810638543 ], [ 9.063100445152202, 11.406849386619456 ], [ 9.061733786223613, 11.402772120849136 ], [ 9.06049753738364, 11.397044370957417 ], [ 9.064423061050832, 11.394382478148771 ], [ 9.070900732452117, 11.392162915640654 ], [ 9.080862603220737, 11.383164717526824 ], [ 9.080767825156329, 11.38039514964504 ], [ 9.084992288026683, 11.376716398145504 ], [ 9.094444148448758, 11.37036002882661 ], [ 9.096126323591704, 11.368057698262305 ], [ 9.102104062653325, 11.365677313644937 ], [ 9.113192558187393, 11.362669944601578 ], [ 9.11576557193564, 11.355759620906326 ], [ 9.117187552901839, 11.348801851178848 ], [ 9.120253620985068, 11.342614771975036 ], [ 9.12606210693167, 11.337219613309287 ], [ 9.129703429405765, 11.330483646732489 ], [ 9.130239277769874, 11.328809710595124 ], [ 9.129576717319708, 11.328953609692917 ], [ 9.128695859721176, 11.327499641705003 ], [ 9.126428569180689, 11.327854628946227 ], [ 9.124075365581746, 11.32772336985704 ], [ 9.123579446244833, 11.326305205893448 ], [ 9.120638510246579, 11.324705846806751 ], [ 9.117857657357149, 11.323866858236727 ], [ 9.116431579388177, 11.321839291859078 ], [ 9.116203413233166, 11.318885989852447 ], [ 9.114862891322332, 11.316945105533705 ], [ 9.111226391851517, 11.314358145775998 ], [ 9.10687685389621, 11.310232943973119 ], [ 9.101814274456387, 11.306806884645255 ], [ 9.100530804584366, 11.308415039737952 ], [ 9.099247332712309, 11.310442702115608 ], [ 9.095824746386825, 11.311631323923223 ], [ 9.091831726673718, 11.31323945301591 ], [ 9.088623049493606, 11.314218309680996 ], [ 9.084915245974287, 11.314917491156052 ], [ 9.083132648763126, 11.313868718443416 ], [ 9.082990039666242, 11.31177116201826 ], [ 9.082513135342197, 11.310602057223889 ], [ 9.081991785987952, 11.309323994355509 ], [ 9.079969339613797, 11.30746255709073 ], [ 9.077397447866304, 11.306796628638267 ], [ 9.075285369431242, 11.306249757266698 ], [ 9.074022006572875, 11.304156192844232 ], [ 9.072541179566713, 11.301702240176894 ], [ 9.070046262871529, 11.299601880749776 ], [ 9.068737048981973, 11.297795678522562 ], [ 9.065541700810911, 11.296378909559962 ], [ 9.065541612810819, 11.296378807559847 ], [ 9.0625852348021, 11.292997351262329 ], [ 9.055828072210943, 11.290914383847053 ], [ 9.053672244746167, 11.288568836253376 ], [ 9.051117188010096, 11.287286885382343 ], [ 9.047581800607986, 11.286275257694967 ], [ 9.044818675730596, 11.285946657471698 ], [ 9.042025938833035, 11.283149639571263 ], [ 9.0403027606622, 11.280294322631221 ], [ 9.037807123966559, 11.278079976126662 ], [ 9.034776706907508, 11.276914524334813 ], [ 9.031865129929258, 11.277438977691133 ], [ 9.028654340747664, 11.277618193812941 ], [ 9.026695596416801, 11.277147615493163 ], [ 9.021407221823608, 11.269513790306348 ], [ 9.018733327006828, 11.26525973941591 ], [ 9.018971005168282, 11.262112866277789 ], [ 9.01823117366564, 11.25965582460833 ], [ 9.018625664933666, 11.259002645164514 ], [ 9.019386946450936, 11.257742152308083 ], [ 9.017285335022962, 11.256514591474001 ], [ 9.015015425480669, 11.255492267779402 ], [ 9.014064839834816, 11.253396897355685 ], [ 9.012205654571574, 11.25159704413278 ], [ 9.009974717055741, 11.250846801623027 ], [ 9.009320822611471, 11.248804252235175 ], [ 9.009320669611327, 11.248803988235011 ], [ 9.008019268727082, 11.246542220698245 ], [ 9.005646427114868, 11.245246947818202 ], [ 9.005646189114714, 11.245246817818099 ], [ 9.003586922715556, 11.244283356163464 ], [ 9.002671891093826, 11.242367351861617 ], [ 9.00031314749117, 11.240083793310077 ], [ 8.999849845176357, 11.235929663487525 ], [ 8.99885039449731, 11.234651014618748 ], [ 8.997850943818207, 11.233414982778925 ], [ 8.996503856902905, 11.233287117692043 ], [ 8.995765133400994, 11.232946142460378 ], [ 8.995634770312449, 11.230942904099265 ], [ 8.995504407223848, 11.229323253998757 ], [ 8.995634770312449, 11.227490481753478 ], [ 8.993766231042855, 11.22685114031907 ], [ 8.99189769277325, 11.225913435681946 ], [ 8.989768428326499, 11.224805235929011 ], [ 8.988204070263635, 11.224933106015897 ], [ 8.986813530318784, 11.225103598131739 ], [ 8.985249173255909, 11.224677366842116 ], [ 8.984727718901581, 11.223782279233944 ], [ 8.984466993724425, 11.222333083249282 ], [ 8.9842062655473, 11.220883880264637 ], [ 8.983424088015852, 11.220542890032903 ], [ 8.982294273248158, 11.220841257235634 ], [ 8.981338277598638, 11.221480611670074 ], [ 8.979817373565254, 11.221693729814888 ], [ 8.977861927236631, 11.220628138090831 ], [ 8.976694545443422, 11.219344272218507 ], [ 8.974993937287934, 11.217473961947746 ], [ 8.974037940638368, 11.215854236847235 ], [ 8.97325576210693, 11.213723006399164 ], [ 8.973640085368061, 11.212069650275737 ], [ 8.971898239184554, 11.210240131032663 ], [ 8.970344318128753, 11.20860798692371 ], [ 8.968823414095368, 11.208735864010634 ], [ 8.967519783209639, 11.208309607720992 ], [ 8.966824512737219, 11.20792597846031 ], [ 8.966782937708956, 11.205968013129961 ], [ 8.965372545750654, 11.204532902154881 ], [ 8.964177719938846, 11.203317129328809 ], [ 8.963261253316148, 11.202384591695193 ], [ 8.961305805987479, 11.202000954434538 ], [ 8.959524175776949, 11.201446809058041 ], [ 8.957612183477863, 11.201361556000109 ], [ 8.95587400829686, 11.200295889276049 ], [ 8.954787647558703, 11.198761321233349 ], [ 8.953962014997728, 11.197354627277605 ], [ 8.953223290495828, 11.195692162148021 ], [ 8.952354201905337, 11.195138004771479 ], [ 8.952223838816735, 11.194114943076386 ], [ 8.952788747200543, 11.193646037757787 ], [ 8.952658383112009, 11.192495086975782 ], [ 8.951789294521461, 11.192111434715116 ], [ 8.950398754576668, 11.191940922599258 ], [ 8.948834396513746, 11.192196690773017 ], [ 8.949138577720475, 11.193432898612969 ], [ 8.948704034425191, 11.194370709250165 ], [ 8.946444406889896, 11.193944431960517 ], [ 8.944662775679376, 11.193219760468139 ], [ 8.94335914479359, 11.191642527396482 ], [ 8.941838240760205, 11.191173618077869 ], [ 8.940238369673182, 11.191879289557335 ], [ 8.938158214259829, 11.190210012423165 ], [ 8.934972449095255, 11.188573293311094 ], [ 8.932615871494022, 11.185762358401178 ], [ 8.92783553724604, 11.181926152794688 ], [ 8.9257601198359, 11.180260618662999 ], [ 8.92432612486158, 11.180047469518172 ], [ 8.922631402710067, 11.178853834707184 ], [ 8.91989377684996, 11.177489673780315 ], [ 8.920936681558601, 11.17382346128926 ], [ 8.921023590617608, 11.172203492188601 ], [ 8.920284866115708, 11.171095087435447 ], [ 8.91918770037023, 11.170250398861526 ], [ 8.919415779525195, 11.169347208247871 ], [ 8.920111049997615, 11.168665105784385 ], [ 8.920458684233779, 11.16768458211817 ], [ 8.920154503027106, 11.166661423423022 ], [ 8.91953628660707, 11.165030547314927 ], [ 8.918677054023249, 11.163762452453284 ], [ 8.9182742847496, 11.163344512169317 ], [ 8.918112747639839, 11.162849806833208 ], [ 8.918173324680993, 11.162173374373594 ], [ 8.918456012873094, 11.161719053064871 ], [ 8.918884521164216, 11.161171324692759 ], [ 8.918243995729028, 11.160507531241706 ], [ 8.91799159555751, 11.160093593960482 ], [ 8.917961307536984, 11.159709944699785 ], [ 8.918334861790754, 11.159366681466565 ], [ 8.91892043118861, 11.159033512240171 ], [ 8.919556478620791, 11.158993128212785 ], [ 8.919697822716842, 11.158771016061849 ], [ 8.919543050611651, 11.158537268903046 ], [ 8.918590144964242, 11.157623361282049 ], [ 8.917460331196594, 11.156344367413055 ], [ 8.915939428163199, 11.154852200399205 ], [ 8.915528167883735, 11.154601360228753 ], [ 8.914871926437854, 11.154540784187589 ], [ 8.914669183300134, 11.15439852909094 ], [ 8.914662939295852, 11.154196509953692 ], [ 8.914528663204635, 11.153793678679961 ], [ 8.914292580044219, 11.153486723471417 ], [ 8.914750774355525, 11.153056669179193 ], [ 8.914851734424133, 11.152753788973428 ], [ 8.914770966369247, 11.152572060849934 ], [ 8.914609430259532, 11.152339851692147 ], [ 8.914387317108606, 11.152087451520686 ], [ 8.914251370016245, 11.151909675399907 ], [ 8.914124820930226, 11.15174418728742 ], [ 8.913755260679125, 11.151508691127447 ], [ 8.913181742289453, 11.151337632011234 ], [ 8.912963779141364, 11.150835544670088 ], [ 8.912994067161947, 11.150320649320236 ], [ 8.913135411257997, 11.149765367942905 ], [ 8.912520767840363, 11.148078889797034 ], [ 8.912337825716065, 11.147806739612122 ], [ 8.912347921722926, 11.147342323296584 ], [ 8.912246961654319, 11.146686081850703 ], [ 8.911950009452539, 11.146512822732973 ], [ 8.911689009275221, 11.146442370685122 ], [ 8.9111263038929, 11.146423585672323 ], [ 8.910699925603183, 11.146175385503682 ], [ 8.910187374254917, 11.145464464020677 ], [ 8.909782368979734, 11.14354655271751 ], [ 8.90807107581702, 11.142203325804871 ], [ 8.906865783998057, 11.14077991183774 ], [ 8.905977334394436, 11.139891462234061 ], [ 8.90554320709947, 11.139649157069414 ], [ 8.904876867646692, 11.138619364369731 ], [ 8.903336495600058, 11.137613921686579 ], [ 8.902147986792556, 11.136959497241946 ], [ 8.900997727010974, 11.135375162165474 ], [ 8.901622526435517, 11.133670397007165 ], [ 8.901149842114364, 11.131419977478117 ], [ 8.89987809725028, 11.130853286093043 ], [ 8.898484797303581, 11.128603200564214 ], [ 8.898446665277675, 11.126452450102875 ], [ 8.896919142239767, 11.124423644724402 ], [ 8.894929713888075, 11.122861903663306 ], [ 8.894019449269592, 11.121391849664462 ], [ 8.893639162011198, 11.119432826333366 ], [ 8.89335394581741, 11.117053994717082 ], [ 8.891024685234811, 11.116167758114955 ], [ 8.888933102813667, 11.114348632878944 ], [ 8.888552816555261, 11.114348632878944 ], [ 8.887649632941589, 11.113555678340163 ], [ 8.886413699101865, 11.112016405294298 ], [ 8.884892548068308, 11.110943572565361 ], [ 8.883751685293134, 11.110990217597021 ], [ 8.883228789937846, 11.111876471199196 ], [ 8.882667866556744, 11.112342917516116 ], [ 8.881412916704051, 11.112119023364016 ], [ 8.879530494425012, 11.110943572565361 ], [ 8.876416802309393, 11.109895680853356 ], [ 8.872744650814354, 11.106642167642747 ], [ 8.868851457169114, 11.102537324853699 ], [ 8.85618074855995, 11.098483736099467 ], [ 8.855981100424344, 11.099351367688996 ], [ 8.845633804393799, 11.100829554693348 ], [ 8.836716003334573, 11.098446085073874 ], [ 8.832634859561665, 11.097611452506783 ], [ 8.827346486968452, 11.09638696567481 ], [ 8.824576335086249, 11.09583753730152 ], [ 8.822544173705523, 11.09667718787199 ], [ 8.820761409494196, 11.096450711718148 ], [ 8.819050282331546, 11.096467275729367 ], [ 8.817766811459478, 11.096852114990838 ], [ 8.817196380071948, 11.09772674858516 ], [ 8.815794681119542, 11.098794187310432 ], [ 8.814201615037121, 11.099126155535942 ], [ 8.813381620479959, 11.099895828058948 ], [ 8.81238336480169, 11.100945375772028 ], [ 8.811670326317255, 11.101959937461402 ], [ 8.811171198978116, 11.102729599984343 ], [ 8.810672070638986, 11.103289355364666 ], [ 8.808693387294568, 11.104093999911356 ], [ 8.805270798969048, 11.103674184626129 ], [ 8.805056887823696, 11.100105738201535 ], [ 8.809834250069684, 11.098496424108077 ], [ 8.811894040469213, 11.097126070177012 ], [ 8.812918145165042, 11.091849162591586 ], [ 8.804417610389351, 11.079125765946628 ], [ 8.802353821987083, 11.074312417676197 ], [ 8.801436443363798, 11.074222831615316 ], [ 8.800746284894842, 11.074222831615316 ], [ 8.7984664193458, 11.074487054794872 ], [ 8.797710682832303, 11.077967348159575 ], [ 8.795525950347894, 11.083679848040902 ], [ 8.794009475317523, 11.083288279774877 ], [ 8.792689084420374, 11.082900533511406 ], [ 8.792644605390137, 11.081979336885524 ], [ 8.79310011069964, 11.076670266278256 ], [ 8.793360544876577, 11.074662053913755 ], [ 8.794245677477988, 11.068756497901234 ], [ 8.790437682890627, 11.068217295534851 ], [ 8.791863760859599, 11.064205217808819 ], [ 8.793812735183849, 11.061499367970328 ], [ 8.791962761926868, 11.055535118917931 ], [ 8.788454055542843, 11.050209999299739 ], [ 8.787555846932548, 11.047444594420767 ], [ 8.787554914931945, 11.047441726418811 ], [ 8.7868452774498, 11.045256889934308 ], [ 8.786064878919547, 11.042854154301779 ], [ 8.784244537682696, 11.03724956549371 ], [ 8.782395543426389, 11.027658863977308 ], [ 8.781711977961947, 11.025007970176148 ], [ 8.780375264053703, 11.019260269270831 ], [ 8.779810539669995, 11.011534987021889 ], [ 8.782900376769419, 10.999811241056136 ], [ 8.786822092434022, 10.993861698013689 ], [ 8.784861235101687, 10.985578802385874 ], [ 8.784114837594586, 10.974309920729183 ], [ 8.786546393246681, 10.964024138740513 ], [ 8.787074006605167, 10.96321999719413 ], [ 8.788258553410003, 10.955789566145484 ], [ 8.78970718539432, 10.947680472635739 ], [ 8.78869724270811, 10.942250251946177 ], [ 8.777281468951628, 10.936807474248042 ], [ 8.773270622226448, 10.938265988239039 ], [ 8.770747535512101, 10.941821099654589 ], [ 8.766717375773794, 10.941724744589123 ], [ 8.759306937738756, 10.95547590693235 ], [ 8.755444643114515, 10.962330426589688 ], [ 8.75485044271079, 10.965976383066959 ], [ 8.751879446692158, 10.968163934553274 ], [ 8.748314251269733, 10.973997328516816 ], [ 8.745640354452973, 10.980413928876601 ], [ 8.741183859425007, 10.985955424641759 ], [ 8.736875914497944, 10.989746916217939 ], [ 8.737024463598857, 10.992517590100476 ], [ 8.732419419469977, 10.998058858865477 ], [ 8.728408573744787, 11.003016749234121 ], [ 8.723610676484839, 11.007460254253317 ], [ 8.719945212994332, 11.011768812180776 ], [ 8.717419380278159, 11.012326607559771 ], [ 8.714123262038584, 11.012042740366894 ], [ 8.709153663661994, 11.011303633864713 ], [ 8.704635846592339, 11.01426004687346 ], [ 8.701172188238957, 11.018398974685624 ], [ 8.698080598138347, 11.021921864079275 ], [ 8.694997839043765, 11.026381028109085 ], [ 8.693642495122845, 11.029337289117734 ], [ 8.693793088225164, 11.032589142327197 ], [ 8.693491901020536, 11.035397531235333 ], [ 8.692287150201992, 11.036727812139247 ], [ 8.690028241667164, 11.036727812139247 ], [ 8.687618740030018, 11.039092739746081 ], [ 8.687769333132337, 11.041753260553776 ], [ 8.688371708541638, 11.043822537959727 ], [ 8.686263395109108, 11.046483016767411 ], [ 8.68746814592771, 11.04840445807298 ], [ 8.689275272155555, 11.051508299181876 ], [ 8.689124678053247, 11.054612106290733 ], [ 8.6861128010068, 11.058011476600484 ], [ 8.687166957723036, 11.06037623420724 ], [ 8.688221115439319, 11.065549071721932 ], [ 8.690155075753353, 11.068910035005558 ], [ 8.687618740030018, 11.070426236035701 ], [ 8.685962206904492, 11.073973213445697 ], [ 8.6841550796766, 11.076928994454022 ], [ 8.681594983937146, 11.078998022859821 ], [ 8.679034889197681, 11.082397111169371 ], [ 8.672709945900181, 11.083579392972695 ], [ 8.667288566216598, 11.086091726679683 ], [ 8.663222532453915, 11.088604039386666 ], [ 8.659608278998235, 11.093185259499421 ], [ 8.656897589156415, 11.097766405612106 ], [ 8.657951745872651, 11.099983065118181 ], [ 8.657499963565726, 11.102347481724678 ], [ 8.655994025542498, 11.104564106230782 ], [ 8.651626802575151, 11.106337392435648 ], [ 8.649066706835697, 11.110622791347396 ], [ 8.645151267175379, 11.114464818957856 ], [ 8.644247702561415, 11.117863494267112 ], [ 8.643795922254469, 11.121262129576337 ], [ 8.642591171435868, 11.125695072588314 ], [ 8.643042951742871, 11.129389141098216 ], [ 8.644097110459086, 11.13352644090935 ], [ 8.643042951742871, 11.13648161991722 ], [ 8.643344139947487, 11.140027794326727 ], [ 8.68345468420074, 11.139442702929159 ], [ 8.752645382212563, 11.196195841490237 ], [ 8.765838890176951, 11.206087109210898 ], [ 8.772604880774111, 11.207798579373787 ], [ 8.776725070573548, 11.208840784081872 ], [ 8.776518975433532, 11.210240631033003 ], [ 8.775663327852158, 11.212059156268651 ], [ 8.773381602301868, 11.213912639527962 ], [ 8.772846822938504, 11.217304834832817 ], [ 8.771360167928378, 11.218618989725712 ], [ 8.769139019419185, 11.218878520902081 ], [ 8.766458574597948, 11.217884868226918 ], [ 8.754443791434483, 11.213120030989444 ], [ 8.74960786914869, 11.210481330196558 ], [ 8.744842390910776, 11.209560406570859 ], [ 8.737141567678464, 11.210026696887667 ], [ 8.729535768510686, 11.211617389968467 ], [ 8.725257533603781, 11.213086191966454 ], [ 8.720337563260898, 11.21343590620404 ], [ 8.716201936450943, 11.213995446584249 ], [ 8.71456194633663, 11.218191970435612 ], [ 8.713563690658361, 11.221549143716629 ], [ 8.713634994706808, 11.224696459855068 ], [ 8.71327847546462, 11.227843741993524 ], [ 8.712708044077033, 11.231760310654636 ], [ 8.711139358011167, 11.234907514793008 ], [ 8.710782837768932, 11.237145506313652 ], [ 8.709356759799959, 11.24078220478458 ], [ 8.707003731201212, 11.243859375875388 ], [ 8.705506348183803, 11.254419416050439 ], [ 8.716864139900906, 11.274985947024447 ], [ 8.720393683299051, 11.277363480639849 ], [ 8.723210188212704, 11.278167643186237 ], [ 8.725206697569263, 11.278237570233728 ], [ 8.725401058701323, 11.278527073430439 ], [ 8.725648245869252, 11.278499102411445 ], [ 8.726114099185793, 11.27847113139245 ], [ 8.726399314379591, 11.278480455398778 ], [ 8.726722117598911, 11.278353557312585 ], [ 8.72704580281885, 11.278256689246746 ], [ 8.727321512006199, 11.278247365240418 ], [ 8.727636115219923, 11.278099965140257 ], [ 8.727910957406664, 11.278014275082057 ], [ 8.728414837749028, 11.278004952075719 ], [ 8.728885045068523, 11.277891226998406 ], [ 8.731604816916501, 11.2772334215515 ], [ 8.734732107041339, 11.277171091509103 ], [ 8.734884797145071, 11.275660056482479 ], [ 8.735554366600013, 11.272790436532659 ], [ 8.737408268859667, 11.272720509485168 ], [ 8.740046513652203, 11.272091154057534 ], [ 8.741615199718069, 11.271916331938769 ], [ 8.743005626662807, 11.27226597517631 ], [ 8.744823876898238, 11.272650581437631 ], [ 8.746392562964047, 11.273629576102849 ], [ 8.748745591562852, 11.274748422863013 ], [ 8.750635145846672, 11.276216902860824 ], [ 8.752382092033656, 11.277475594716009 ], [ 8.753950778099522, 11.278734280571257 ], [ 8.755555116189555, 11.280377556687768 ], [ 8.757658581618784, 11.281846008685534 ], [ 8.759334223757321, 11.283384378730773 ], [ 8.761116821968528, 11.285202441966078 ], [ 8.761651601331835, 11.287824626747692 ], [ 8.760225523362919, 11.291250914075704 ], [ 8.759191615660427, 11.293628312691055 ], [ 8.758549881224383, 11.295236542783755 ], [ 8.758407273127489, 11.298802585206715 ], [ 8.757943797812572, 11.300340864251893 ], [ 8.759111520605984, 11.301747509207644 ], [ 8.760520471563325, 11.304433458032634 ], [ 8.767868008555638, 11.311051113529004 ], [ 8.779431291412322, 11.313716098339739 ], [ 8.779434104414236, 11.313716731340151 ], [ 8.783737416338113, 11.330779975933865 ], [ 8.786108658949274, 11.346075368326353 ], [ 8.786835139442871, 11.351621563094739 ], [ 8.786899872486856, 11.356844442643421 ], [ 8.787794497094751, 11.35971852959625 ], [ 8.790103475663557, 11.365663217635358 ], [ 8.793617469051185, 11.375915784601489 ], [ 8.783675917296364, 11.390601704579922 ], [ 8.786088820935788, 11.395218836717049 ], [ 8.786108685949273, 11.39522650272221 ], [ 8.800226043541386, 11.400295916166669 ], [ 8.807802956689557, 11.400988264637078 ], [ 8.813863789807613, 11.401058161684546 ], [ 8.81792811356911, 11.40266578577689 ], [ 8.822634171766651, 11.406020800056467 ], [ 8.827839358303322, 11.409305878288535 ], [ 8.831475857774137, 11.414058690517834 ], [ 8.835468877487244, 11.417553354892277 ], [ 8.838534945570473, 11.419510348221991 ], [ 8.841886229847489, 11.421327544456688 ], [ 8.849835360248562, 11.42916448778152 ], [ 8.828391522678487, 11.444083123918006 ], [ 8.8269124066735, 11.455432749629551 ], [ 8.827867970322757, 11.458956486023737 ], [ 8.835393960436306, 11.472341583118293 ], [ 8.843652029047291, 11.482452782988389 ], [ 8.844108576357485, 11.487326953300169 ], [ 8.843840673175464, 11.490889107720477 ], [ 8.846050105676682, 11.496579360586736 ], [ 8.858666061248641, 11.496350875431517 ], [ 8.868791217128205, 11.496979734858769 ], [ 8.8712155497754, 11.50291889589414 ], [ 8.878596330790288, 11.50548835763999 ], [ 8.878889976989797, 11.505894256915781 ], [ 8.877476915029717, 11.512562429446461 ], [ 8.876204545165194, 11.518566542526003 ], [ 8.878252880556943, 11.535642897128582 ], [ 8.880385568006034, 11.54415086590933 ], [ 8.880575907135324, 11.556339843191154 ], [ 8.896982128282616, 11.554792278139701 ], [ 8.904043269080319, 11.554659726049636 ], [ 8.904883116650922, 11.55522847743606 ], [ 8.90506764877631, 11.557393097906811 ], [ 8.915958233175957, 11.567341834666536 ], [ 8.916707995685385, 11.573858681094407 ], [ 8.919564240626073, 11.574195784323479 ], [ 8.933778688284121, 11.573562505893165 ], [ 8.934096639500183, 11.573548340883519 ], [ 8.934726872928366, 11.570486094802902 ], [ 8.934711475917936, 11.568467985431653 ], [ 8.936412160073417, 11.565763460594098 ], [ 8.937425326761854, 11.564152254499334 ], [ 8.942940458509099, 11.555381553540087 ] ] ] ] } },
{ "type": "Feature", "properties": { "fid": 486.0, "OBJECTID": 486.0, "lganame": "Tarauni", "statecode": "KN", "LGA_UID": "19_38" }, "geometry": { "type": "MultiPolygon", "coordinates": [ [ [ [ 8.542606119500761, 11.986813070677499 ], [ 8.544105516519494, 11.986652627568503 ], [ 8.547518639838586, 11.987061245846121 ], [ 8.549644881283257, 11.986641293560808 ], [ 8.551714275689335, 11.98534299467866 ], [ 8.553868868153245, 11.98411303284297 ], [ 8.555205134061168, 11.983252913258525 ], [ 8.555547556293845, 11.983029482106758 ], [ 8.555597917328043, 11.983000087086737 ], [ 8.556312849813821, 11.982539901774089 ], [ 8.556834006167946, 11.982237368568519 ], [ 8.558139902055245, 11.981489129060151 ], [ 8.558829089523499, 11.981079217781598 ], [ 8.562637460111091, 11.978868447279524 ], [ 8.562700531153951, 11.978831138254179 ], [ 8.564345502271635, 11.977794211549622 ], [ 8.564941504676597, 11.97731726922558 ], [ 8.564975981700002, 11.97729397820973 ], [ 8.565464024031598, 11.976964284985741 ], [ 8.565592068118633, 11.976495399667158 ], [ 8.565687998183819, 11.97614411542844 ], [ 8.566862788982007, 11.97581758220656 ], [ 8.567047716107652, 11.97576618117165 ], [ 8.567252461246767, 11.975636418083468 ], [ 8.567635905507302, 11.975393398918357 ], [ 8.568851545333303, 11.974501323312268 ], [ 8.571986361463246, 11.971924446561388 ], [ 8.572841555044306, 11.971318174149474 ], [ 8.572841645044377, 11.97131811214939 ], [ 8.574365185079557, 11.970238026415529 ], [ 8.576230578347008, 11.969076419626276 ], [ 8.577883071469785, 11.968044242924975 ], [ 8.580014722918122, 11.966792640074573 ], [ 8.580229506064086, 11.966685249001614 ], [ 8.581040770615289, 11.966373326789665 ], [ 8.583099078013788, 11.965368861107152 ], [ 8.585056925344077, 11.964449771482691 ], [ 8.586873318578228, 11.96359829290418 ], [ 8.588023168359484, 11.963403444771757 ], [ 8.589309278233372, 11.963300082701551 ], [ 8.591369697633297, 11.963152325601129 ], [ 8.59252482241817, 11.96304536752848 ], [ 8.593214092886512, 11.96281750137365 ], [ 8.594678199881287, 11.962254806991325 ], [ 8.595400344371967, 11.961900666750694 ], [ 8.595431645393205, 11.961082912195081 ], [ 8.59544352940128, 11.960152832563153 ], [ 8.595265269280162, 11.959339011010172 ], [ 8.594682953884501, 11.958025265117556 ], [ 8.593859879325294, 11.956574418131765 ], [ 8.593645967179953, 11.956313991954801 ], [ 8.59308979580203, 11.955709429544015 ], [ 8.592937680698697, 11.955802439607226 ], [ 8.592738029563009, 11.9559094006799 ], [ 8.592571654449955, 11.956030312762095 ], [ 8.592295154262104, 11.95614851284239 ], [ 8.591998054060241, 11.956357783984572 ], [ 8.591855445963347, 11.956478696066711 ], [ 8.591629650809921, 11.956653088185192 ], [ 8.591397912652496, 11.956856546323479 ], [ 8.591273130567686, 11.957036751445912 ], [ 8.591142407478856, 11.957269273603856 ], [ 8.591059219422334, 11.957519235773702 ], [ 8.591041393410251, 11.957705253900087 ], [ 8.591023567398111, 11.957844766994924 ], [ 8.591077045434474, 11.95800171910156 ], [ 8.59104733541426, 11.958181924223993 ], [ 8.5910651614264, 11.958414446381994 ], [ 8.591059219422334, 11.958577211492582 ], [ 8.590941172342127, 11.958815932654772 ], [ 8.590589406103163, 11.959048453812727 ], [ 8.590133059793061, 11.958620614522033 ], [ 8.589904887638056, 11.95828578429456 ], [ 8.589491537357162, 11.957804569967607 ], [ 8.58711317174118, 11.955574849452603 ], [ 8.585421059591511, 11.95413965647748 ], [ 8.584238602788048, 11.953064223746765 ], [ 8.583198754081536, 11.952075986075272 ], [ 8.582233973426014, 11.951034456367609 ], [ 8.581893266194527, 11.950643607102052 ], [ 8.581086492646364, 11.949443194286403 ], [ 8.580300000111947, 11.947700001102021 ], [ 8.578724066041218, 11.944700942064287 ], [ 8.577203591008129, 11.945396933537211 ], [ 8.576243478355764, 11.945946589910648 ], [ 8.575201273647622, 11.946635444378671 ], [ 8.573720059641232, 11.947499187965548 ], [ 8.573563252534655, 11.947440414925609 ], [ 8.573349102389159, 11.947572475015363 ], [ 8.572669303927285, 11.947891277231975 ], [ 8.572314035685906, 11.948057885345179 ], [ 8.571510563139952, 11.946976760610596 ], [ 8.570792132651832, 11.946214636092805 ], [ 8.570370968365637, 11.945751354777997 ], [ 8.569796327975212, 11.94602975196716 ], [ 8.569500085773939, 11.94561215568342 ], [ 8.569439408732705, 11.945580033661599 ], [ 8.56869153322458, 11.945324037487637 ], [ 8.56797960974086, 11.945080347322062 ], [ 8.567870648666826, 11.94544225356799 ], [ 8.56777973460504, 11.945744216773164 ], [ 8.566336591624463, 11.945929219898858 ], [ 8.565682157179822, 11.946007605952104 ], [ 8.565663559167206, 11.945901200879803 ], [ 8.565663551167177, 11.945901159879782 ], [ 8.565661908166078, 11.945891761873384 ], [ 8.565583137112526, 11.945441080567207 ], [ 8.56536996196769, 11.94435220382735 ], [ 8.564639235471191, 11.942658719676672 ], [ 8.5646391754712, 11.942658585676611 ], [ 8.564092291099598, 11.941391158815463 ], [ 8.563816909912475, 11.940806224417997 ], [ 8.562839449248372, 11.939582907586839 ], [ 8.56239999794974, 11.939199999326661 ], [ 8.562899999289471, 11.938700001986945 ], [ 8.563502314698724, 11.938398842782306 ], [ 8.563307420566332, 11.938088252571276 ], [ 8.561726996492496, 11.937673003289149 ], [ 8.561299998202344, 11.938099998579276 ], [ 8.558983174628167, 11.93555339984897 ], [ 8.55897069161972, 11.935540355840089 ], [ 8.558964008615192, 11.935544996843248 ], [ 8.558953554608081, 11.935534072835821 ], [ 8.555468840240337, 11.937953726479861 ], [ 8.55438054350094, 11.936729914648367 ], [ 8.554373758496297, 11.936735271651969 ], [ 8.553661455012332, 11.937297616034073 ], [ 8.554951502888855, 11.938854156091679 ], [ 8.554818474798481, 11.941009522556158 ], [ 8.554801396786843, 11.941002281551221 ], [ 8.538368379621375, 11.934034933817259 ], [ 8.538350263609118, 11.934025448810814 ], [ 8.537425031980433, 11.933541019481652 ], [ 8.537408621969291, 11.933535117477618 ], [ 8.537407894968794, 11.933534736477384 ], [ 8.536280924203083, 11.933129387201973 ], [ 8.535991050006146, 11.933643590551355 ], [ 8.535358763576482, 11.934689648262065 ], [ 8.535356859575188, 11.93470785327446 ], [ 8.53491901027769, 11.938411452790888 ], [ 8.534906431269178, 11.940527909228933 ], [ 8.535035030356539, 11.941822513108548 ], [ 8.535055284370287, 11.942013643238397 ], [ 8.535054957370107, 11.942023121244858 ], [ 8.534968346311246, 11.944532871950116 ], [ 8.535809869882996, 11.945652963711154 ], [ 8.535676026792089, 11.947092999689573 ], [ 8.535657277779364, 11.94770349410436 ], [ 8.535543379701949, 11.948369858557157 ], [ 8.536358733255952, 11.948656649752024 ], [ 8.536902144625174, 11.948627268732025 ], [ 8.537406608967899, 11.949307996194591 ], [ 8.537761193208837, 11.949587587384542 ], [ 8.538052269406649, 11.949717027472502 ], [ 8.5384280216619, 11.950498846003711 ], [ 8.538939606009535, 11.951735820844135 ], [ 8.539517615402247, 11.953127982790079 ], [ 8.539416601333642, 11.953203553841433 ], [ 8.53932105926873, 11.953318808919732 ], [ 8.538150586473421, 11.955016702073351 ], [ 8.538164847483131, 11.955121338144465 ], [ 8.537573024080984, 11.95602120575586 ], [ 8.536966188668657, 11.956984257410227 ], [ 8.536155274117675, 11.958105716172213 ], [ 8.535963694987515, 11.958298069302884 ], [ 8.536098677079224, 11.95860943651445 ], [ 8.535401014605213, 11.959366237028689 ], [ 8.534395141921777, 11.961029437158743 ], [ 8.534450544959441, 11.961073801188888 ], [ 8.535194258464742, 11.96155780751775 ], [ 8.535078471386043, 11.961715367624777 ], [ 8.534276301841032, 11.962697759292269 ], [ 8.533592973376756, 11.963534821861003 ], [ 8.533010656981105, 11.96419168330732 ], [ 8.532362979541006, 11.964970611836577 ], [ 8.531617547034557, 11.965890918461866 ], [ 8.531487835946393, 11.966033189558573 ], [ 8.531005724618808, 11.966631412965 ], [ 8.53049970427503, 11.967232731373599 ], [ 8.530552839311099, 11.967282194407176 ], [ 8.531362349861126, 11.968738026396352 ], [ 8.531566033999525, 11.969104331645269 ], [ 8.532773484819927, 11.971210838076502 ], [ 8.53339357024123, 11.97227957880267 ], [ 8.533653395417787, 11.972804965159639 ], [ 8.533674642432231, 11.972842366185091 ], [ 8.534611874069014, 11.974551181346101 ], [ 8.534868568243439, 11.974879016568877 ], [ 8.535444357634674, 11.975424682939604 ], [ 8.53607003905978, 11.975988366322611 ], [ 8.537206984832267, 11.97686645191925 ], [ 8.537611143106915, 11.977178590131302 ], [ 8.538265258551348, 11.977747435517813 ], [ 8.539557818429557, 11.978639299123813 ], [ 8.540391629996122, 11.979200025504781 ], [ 8.539258263226031, 11.980635578480189 ], [ 8.535085936391113, 11.985059456485999 ], [ 8.534729864149199, 11.985780584975998 ], [ 8.534335783881431, 11.986578683518246 ], [ 8.534248123821897, 11.987754156316953 ], [ 8.534234329812534, 11.988330325708432 ], [ 8.534486364983763, 11.989451496470167 ], [ 8.534488861985437, 11.989463861478612 ], [ 8.537301684896647, 11.988546940855599 ], [ 8.538479838697128, 11.98816375759526 ], [ 8.540388824994182, 11.987542879173361 ], [ 8.541222037560317, 11.987411110083826 ], [ 8.542606119500761, 11.986813070677499 ] ] ] ] } },
{ "type": "Feature", "properties": { "fid": 488.0, "OBJECTID": 488.0, "lganame": "Dawakin Tofa", "statecode": "KN", "LGA_UID": "19_10" }, "geometry": { "type": "MultiPolygon", "coordinates": [ [ [ [ 8.515785783277579, 12.262855201235141 ], [ 8.514930737696602, 12.25702230527196 ], [ 8.513616911803922, 12.24805947118216 ], [ 8.507944883950074, 12.242218728213629 ], [ 8.496158175941559, 12.235596165713901 ], [ 8.494052514510827, 12.229791865770153 ], [ 8.494701466951767, 12.221263899975838 ], [ 8.493195354928446, 12.217187593206177 ], [ 8.496398906105128, 12.215150378821988 ], [ 8.497920883139216, 12.20957078203088 ], [ 8.498412444473217, 12.206682471068405 ], [ 8.501554600608188, 12.206189485733489 ], [ 8.506565690012962, 12.212132852771731 ], [ 8.514538337429997, 12.214076680092433 ], [ 8.518084172839224, 12.214453165348232 ], [ 8.521459368132525, 12.213514776710667 ], [ 8.523381033438227, 12.213776968888794 ], [ 8.522449081805007, 12.204322019464598 ], [ 8.510859553930459, 12.202222107037812 ], [ 8.497266646694698, 12.200525642885168 ], [ 8.495665133606565, 12.186778059544338 ], [ 8.495757184669117, 12.181876566213987 ], [ 8.495614577572212, 12.181725553111391 ], [ 8.495658863602273, 12.181129657706492 ], [ 8.495868894745001, 12.180903110552549 ], [ 8.495937821791813, 12.180789269475213 ], [ 8.496206399974312, 12.179757727774359 ], [ 8.49681123638527, 12.175857929124618 ], [ 8.491670328892269, 12.166374526681068 ], [ 8.490764910277107, 12.165782059278513 ], [ 8.492600000523964, 12.165399998018927 ], [ 8.49370000127135, 12.164400000339469 ], [ 8.497000000513538, 12.163400001660023 ], [ 8.49790000212505, 12.162399999980551 ], [ 8.499499999212162, 12.162300001912627 ], [ 8.502500001250553, 12.160300001553708 ], [ 8.503482408918046, 12.159464131985771 ], [ 8.508087006046651, 12.15996488432603 ], [ 8.512055278742878, 12.150191762685665 ], [ 8.514481282391216, 12.144208471620288 ], [ 8.513436584681415, 12.144363780725826 ], [ 8.507019232321113, 12.144340544710019 ], [ 8.505951341595562, 12.13962411250543 ], [ 8.505416562232199, 12.138020791416068 ], [ 8.504863092856112, 12.13652150039735 ], [ 8.50570758242992, 12.134913327304673 ], [ 8.507499999647791, 12.131499997985486 ], [ 8.499534398235539, 12.129671210742913 ], [ 8.493972283456344, 12.129969182945331 ], [ 8.485606190771989, 12.125801088113349 ], [ 8.484569907067851, 12.125271268753352 ], [ 8.481822330200998, 12.123969952869174 ], [ 8.480606202374702, 12.121751505361829 ], [ 8.478372011856663, 12.118730543309255 ], [ 8.475805071112575, 12.11533773100399 ], [ 8.46892934544087, 12.110341148609052 ], [ 8.465092691834002, 12.107179440460811 ], [ 8.455184168101653, 12.099014021912751 ], [ 8.453506352961654, 12.097631367973349 ], [ 8.452323633158016, 12.097379626802308 ], [ 8.451140913354436, 12.09712788463122 ], [ 8.446362412107646, 12.094788869041963 ], [ 8.446048674894485, 12.095500023525176 ], [ 8.443550251196939, 12.094633524936455 ], [ 8.441149372565633, 12.092843573720245 ], [ 8.440443586086133, 12.090906813404331 ], [ 8.441910342082679, 12.088258289604767 ], [ 8.44254745651557, 12.085058680430791 ], [ 8.444653691946655, 12.083199362167477 ], [ 8.444653090946247, 12.083196447165506 ], [ 8.443168261937387, 12.07599903127516 ], [ 8.431031801691233, 12.066444769783516 ], [ 8.427963391606397, 12.063887762046136 ], [ 8.425249028762096, 12.061960170736427 ], [ 8.421157815982326, 12.060386627667299 ], [ 8.419190886645879, 12.060150595506911 ], [ 8.417838199726816, 12.060204774543706 ], [ 8.418004277839657, 12.059571288113318 ], [ 8.418688796304764, 12.059125012810057 ], [ 8.419069083563159, 12.058269652228887 ], [ 8.418403580110976, 12.058102299115205 ], [ 8.418042306865516, 12.057432882660351 ], [ 8.417247444325426, 12.057424641654734 ], [ 8.416578199870685, 12.056558922066529 ], [ 8.416147355577948, 12.05522992616352 ], [ 8.416069564525117, 12.053699932124005 ], [ 8.41546110511166, 12.053792908187177 ], [ 8.41468511758444, 12.053786823183032 ], [ 8.413903402053279, 12.053344130882238 ], [ 8.413265386619798, 12.052401267241578 ], [ 8.413164525551281, 12.051997682967396 ], [ 8.413787839974759, 12.051617265708899 ], [ 8.413730796936022, 12.05115238339306 ], [ 8.413274451625966, 12.050780477140336 ], [ 8.411943444721601, 12.049813516483368 ], [ 8.411163856191934, 12.049813516483368 ], [ 8.410312231613261, 12.049676708390393 ], [ 8.410099051468421, 12.049553180306475 ], [ 8.410322469620212, 12.048739627753662 ], [ 8.410251165571765, 12.048209656393624 ], [ 8.410051515436123, 12.04797256323252 ], [ 8.409637952155151, 12.048014403260936 ], [ 8.409008688727567, 12.048223403402915 ], [ 8.408568393428425, 12.048181763374657 ], [ 8.408383003302447, 12.047805203118799 ], [ 8.409309953932279, 12.045587672612101 ], [ 8.409074527772304, 12.045353525452981 ], [ 8.40879656558343, 12.045490044545772 ], [ 8.408233185200629, 12.045386471475354 ], [ 8.40769848483734, 12.045085588270922 ], [ 8.407657376809425, 12.044182058657043 ], [ 8.407413269643541, 12.043453806162233 ], [ 8.406857099265665, 12.042365946423047 ], [ 8.40636210692935, 12.04156717988036 ], [ 8.406044234713363, 12.041264133674417 ], [ 8.405416760287039, 12.040929405447002 ], [ 8.405730496500212, 12.040343629049005 ], [ 8.405972930664916, 12.039925216764686 ], [ 8.406258145858715, 12.039632327565698 ], [ 8.406828578246291, 12.039283651328788 ], [ 8.406999707362559, 12.038084195513818 ], [ 8.406899882294738, 12.03779130531484 ], [ 8.406545858054187, 12.037284887970713 ], [ 8.406215363829631, 12.03689868270834 ], [ 8.405830322568022, 12.036731316594626 ], [ 8.404632416754112, 12.03632684631981 ], [ 8.404775024851006, 12.035866586007046 ], [ 8.40551658635485, 12.035657375864901 ], [ 8.406199998819204, 12.035199999554152 ], [ 8.40607002973087, 12.034272774924148 ], [ 8.405922317630541, 12.033073504109268 ], [ 8.405773279529285, 12.032965533035906 ], [ 8.405402499277329, 12.032993428054908 ], [ 8.404453166632322, 12.033158683167187 ], [ 8.40390511725991, 12.033467641377115 ], [ 8.403270035828427, 12.033003226061567 ], [ 8.40277645549304, 12.032923226007199 ], [ 8.402520649319229, 12.032669325834661 ], [ 8.402770050488698, 12.031631618129609 ], [ 8.403099699712698, 12.030654432465667 ], [ 8.403230200801374, 12.029893692948747 ], [ 8.403080684699773, 12.029334059568498 ], [ 8.402377153221778, 12.029575817732791 ], [ 8.401663869737092, 12.029159463449901 ], [ 8.40085600318821, 12.027492966317595 ], [ 8.40065252004996, 12.026981451970016 ], [ 8.39986725451638, 12.027269802165961 ], [ 8.399429925219238, 12.027306996191214 ], [ 8.399604143337626, 12.025661219073015 ], [ 8.39969231039754, 12.024234445103559 ], [ 8.399486968258032, 12.023866531853571 ], [ 8.398232019405327, 12.023643365701957 ], [ 8.3980228612632, 12.023401600537682 ], [ 8.398631007676443, 12.022831962150633 ], [ 8.397604543979014, 12.022787891120686 ], [ 8.397167213681826, 12.022322958804807 ], [ 8.396958054539709, 12.021690649375159 ], [ 8.397160298677136, 12.021196956039716 ], [ 8.397946803211539, 12.021207117046629 ], [ 8.398136947340731, 12.020853765806578 ], [ 8.398270048431186, 12.020351635465374 ], [ 8.397764615087738, 12.019721768037414 ], [ 8.392202290308433, 12.021696963379497 ], [ 8.387695257246094, 12.022203650723725 ], [ 8.387616776192772, 12.028838040231506 ], [ 8.386547217466045, 12.030860441605626 ], [ 8.38462201215799, 12.0339288856905 ], [ 8.379702040815062, 12.034626255164312 ], [ 8.376992491974079, 12.03748544810702 ], [ 8.373213385406359, 12.036160460206759 ], [ 8.371145571001364, 12.042715599660653 ], [ 8.36722385633675, 12.045156303319004 ], [ 8.362861299372582, 12.047477204895927 ], [ 8.361764060627081, 12.049705975410291 ], [ 8.355094744095595, 12.049728525425621 ], [ 8.353805745219745, 12.066633485911723 ], [ 8.353753716184428, 12.080681637456792 ], [ 8.353890398277258, 12.082329986576781 ], [ 8.354295043552213, 12.087209875892427 ], [ 8.355270034214698, 12.090995471464566 ], [ 8.350593974037508, 12.09352113818062 ], [ 8.349445914257444, 12.096664646316469 ], [ 8.346403614190365, 12.097710454027037 ], [ 8.344090432618657, 12.098460089536388 ], [ 8.338534602843765, 12.079735229813764 ], [ 8.329000000365454, 12.077230275111731 ], [ 8.327650181448291, 12.083590958433547 ], [ 8.323086730347654, 12.084985436381032 ], [ 8.318309368101666, 12.086170736186375 ], [ 8.31502938687305, 12.086798245612727 ], [ 8.312177230935163, 12.089377992365542 ], [ 8.308717182584189, 12.089367498358399 ], [ 8.306472917059352, 12.090702717265629 ], [ 8.304547710751251, 12.095095180250098 ], [ 8.30030764887033, 12.095226873339584 ], [ 8.297187064750005, 12.097342056776768 ], [ 8.29435125082324, 12.099975608566126 ], [ 8.290215624013285, 12.100951684229301 ], [ 8.288361721753631, 12.103740451124168 ], [ 8.286793035687765, 12.107714392824278 ], [ 8.283513056459185, 12.108272134203219 ], [ 8.281088721811955, 12.109875635292724 ], [ 8.281302633957296, 12.113152322519113 ], [ 8.278307868922525, 12.112176291855917 ], [ 8.27524180083924, 12.112943174376994 ], [ 8.273686704782619, 12.110750197886944 ], [ 8.272175732756011, 12.10841157029796 ], [ 8.270327023499874, 12.107833166904982 ], [ 8.269252271769631, 12.107574956729536 ], [ 8.267255762413129, 12.110015069387487 ], [ 8.269488114929914, 12.114593315498155 ], [ 8.268396625188302, 12.115592384176978 ], [ 8.26354795789382, 12.115731815271715 ], [ 8.250767340210018, 12.120021911186655 ], [ 8.238045364566005, 12.131616871064864 ], [ 8.227772478586076, 12.138225482555129 ], [ 8.21894647158922, 12.138748732910642 ], [ 8.21541645019073, 12.141950155085851 ], [ 8.215416209190607, 12.141959352092101 ], [ 8.215026654925907, 12.142312641332182 ], [ 8.214709203710186, 12.154431586566432 ], [ 8.21088923111472, 12.154512778621552 ], [ 8.208952141798534, 12.154419838558454 ], [ 8.204108298507379, 12.154078256326329 ], [ 8.204999998113237, 12.156399998903851 ], [ 8.205699998588898, 12.157900001923053 ], [ 8.206057872832048, 12.158578897384302 ], [ 8.205268106295421, 12.158822868550089 ], [ 8.206040564820285, 12.16112310411296 ], [ 8.2088435877248, 12.163515243738345 ], [ 8.210954184158822, 12.169091437527072 ], [ 8.225204272841097, 12.171770950347707 ], [ 8.225236024862681, 12.171776920351761 ], [ 8.225890675307483, 12.171103303894085 ], [ 8.226201973518982, 12.170782986676443 ], [ 8.229284528613448, 12.169128589552315 ], [ 8.229659183868023, 12.168927513415724 ], [ 8.23029331929888, 12.162168292823139 ], [ 8.24972157549945, 12.162905883324299 ], [ 8.252603884457869, 12.163015309398645 ], [ 8.252813378600194, 12.155437320249746 ], [ 8.26026622066405, 12.15117872535626 ], [ 8.264730300697181, 12.147906322132826 ], [ 8.26971010408073, 12.149461864189732 ], [ 8.291150302648362, 12.146781075368267 ], [ 8.290907457483343, 12.150433037849609 ], [ 8.291656147992057, 12.154754810786017 ], [ 8.29175624806004, 12.160864393937175 ], [ 8.29223868838784, 12.177026149918333 ], [ 8.296339432174079, 12.185227638490858 ], [ 8.306229461893906, 12.18667495947426 ], [ 8.311700775611428, 12.188115885453328 ], [ 8.314441915473878, 12.188458526686134 ], [ 8.318600724299586, 12.189550808428294 ], [ 8.352042833021926, 12.18772981319097 ], [ 8.353496610009699, 12.193383469032369 ], [ 8.358033461092305, 12.198869143759623 ], [ 8.361517910459838, 12.204253773418259 ], [ 8.367918160808472, 12.214143998138184 ], [ 8.382650133818174, 12.228533816915387 ], [ 8.388614716870848, 12.226901386806219 ], [ 8.388185496579183, 12.224380524093419 ], [ 8.388242540617966, 12.223321277373714 ], [ 8.391379912749642, 12.222819527032811 ], [ 8.393433466144927, 12.222429275767638 ], [ 8.396000406889073, 12.221091269858505 ], [ 8.397081721623749, 12.224059138875077 ], [ 8.398296114448897, 12.227392221139723 ], [ 8.399134684018634, 12.232995667947023 ], [ 8.399415686209579, 12.234873338222826 ], [ 8.402842947538261, 12.241377130641808 ], [ 8.404972178984963, 12.244172670541275 ], [ 8.410777640929496, 12.251649553621462 ], [ 8.414590053519873, 12.254038927244892 ], [ 8.421456638185361, 12.255819162454486 ], [ 8.429160889420018, 12.252650229301366 ], [ 8.43098626866032, 12.250922166127225 ], [ 8.433439124326924, 12.247911966081915 ], [ 8.440023754800848, 12.230599085318659 ], [ 8.446607471274206, 12.228593820956178 ], [ 8.44679033339844, 12.229858422815425 ], [ 8.453884586218635, 12.230004356914549 ], [ 8.458351398253626, 12.231674051049026 ], [ 8.459634477125405, 12.234013512638569 ], [ 8.4604631826885, 12.236969771647239 ], [ 8.461734524552298, 12.241286472580214 ], [ 8.464284014284544, 12.246104257853688 ], [ 8.48419998781651, 12.260501506635933 ], [ 8.494117826555225, 12.257314037470223 ], [ 8.499400001144238, 12.260699998770804 ], [ 8.500665906004372, 12.261016477985834 ], [ 8.501699998706954, 12.261399999246407 ], [ 8.503332906816468, 12.261743769480006 ], [ 8.505764134468336, 12.262191484784182 ], [ 8.514911391683484, 12.264752265524123 ], [ 8.515785783277579, 12.262855201235141 ] ] ] ] } },
{ "type": "Feature", "properties": { "fid": 489.0, "OBJECTID": 489.0, "lganame": "Garun Malam", "statecode": "KN", "LGA_UID": "19_15" }, "geometry": { "type": "MultiPolygon", "coordinates": [ [ [ [ 8.406911199302442, 11.747237923897444 ], [ 8.407038763389096, 11.747124017820056 ], [ 8.422879801152362, 11.747692229206109 ], [ 8.423166211346938, 11.747276384923566 ], [ 8.423269596417185, 11.747329214959507 ], [ 8.426900084883926, 11.742057982377901 ], [ 8.42620883341425, 11.734162021012992 ], [ 8.425907605209602, 11.724627245534577 ], [ 8.437109491820763, 11.731310207075296 ], [ 8.443330764047801, 11.734919854527902 ], [ 8.45427534548412, 11.736525727619039 ], [ 8.455270207160083, 11.73659806166819 ], [ 8.459037429719729, 11.738442286921213 ], [ 8.459404843969367, 11.738560581001593 ], [ 8.46295825438375, 11.737034147964494 ], [ 8.46612880253798, 11.735584993979842 ], [ 8.46857690420137, 11.734211993046927 ], [ 8.47005051920263, 11.733583667620053 ], [ 8.470064043211835, 11.73338107148237 ], [ 8.470440314467453, 11.733220635373357 ], [ 8.471502094188907, 11.71731440056584 ], [ 8.471509888194191, 11.717197636486503 ], [ 8.459346823929991, 11.714893195920752 ], [ 8.452258350113709, 11.70562951562647 ], [ 8.449422865187103, 11.700102770871354 ], [ 8.434803333253797, 11.686891071894593 ], [ 8.432913778969976, 11.684935944566178 ], [ 8.433234647187987, 11.675125186900232 ], [ 8.434322317927013, 11.673377639712839 ], [ 8.434589421108456, 11.671186820224307 ], [ 8.434696377181126, 11.670104458488879 ], [ 8.434482465035785, 11.666752600211453 ], [ 8.43485272228736, 11.662627416408611 ], [ 8.445458285493373, 11.661703086780562 ], [ 8.450666904032346, 11.662402981256093 ], [ 8.454230051453351, 11.653146955967088 ], [ 8.45588912158064, 11.638951874322174 ], [ 8.452949925583596, 11.628791355418571 ], [ 8.450341896811551, 11.619263503944865 ], [ 8.445597688588066, 11.597955199466867 ], [ 8.454368070547162, 11.588525551059831 ], [ 8.463095655477105, 11.580259970443763 ], [ 8.464416446374514, 11.577731876726034 ], [ 8.463421882698754, 11.573070646558961 ], [ 8.464398310362242, 11.570476930796644 ], [ 8.465648200211433, 11.566895700363375 ], [ 8.464024707108365, 11.563061597758292 ], [ 8.463558179791391, 11.560547203049907 ], [ 8.462622012155293, 11.556851565538864 ], [ 8.457370788587355, 11.557954029287941 ], [ 8.447826239102255, 11.557098070706331 ], [ 8.441836710032646, 11.55756379302278 ], [ 8.441804878011055, 11.569434421088317 ], [ 8.439079625159366, 11.574422386477409 ], [ 8.436366208315746, 11.576175722668722 ], [ 8.433763730547469, 11.576775751076411 ], [ 8.433974762690866, 11.58167625540608 ], [ 8.42234397078829, 11.582551206000574 ], [ 8.422220169704133, 11.579632240017247 ], [ 8.404229362480237, 11.575464087185196 ], [ 8.390827087374021, 11.584410391263816 ], [ 8.3849891524074, 11.592605683832119 ], [ 8.379239588500866, 11.600676687315968 ], [ 8.375101502689233, 11.6062148620789 ], [ 8.378018791671366, 11.608962256945631 ], [ 8.378746192165636, 11.609791593509158 ], [ 8.377899951590621, 11.611406832606633 ], [ 8.377139377073888, 11.611732773828066 ], [ 8.376768757822049, 11.612342111242071 ], [ 8.376899624910948, 11.613287240884233 ], [ 8.375998514298715, 11.613991074362502 ], [ 8.375261706798085, 11.614549825742131 ], [ 8.37464374037819, 11.615131858137602 ], [ 8.373859396845262, 11.615318108264148 ], [ 8.373241429425377, 11.614642950805376 ], [ 8.372492769916732, 11.614799910912041 ], [ 8.371007239907385, 11.616063106770355 ], [ 8.370460575535958, 11.615644045485624 ], [ 8.369768215065506, 11.615468576366368 ], [ 8.369224641696178, 11.615597483453939 ], [ 8.369295945744625, 11.616132949817768 ], [ 8.369129569631582, 11.617250443577063 ], [ 8.367564285568051, 11.61771168489048 ], [ 8.366181867628768, 11.618806358634231 ], [ 8.365575785216947, 11.619888921369807 ], [ 8.365326221047383, 11.620761951962947 ], [ 8.365433177120053, 11.621669900579889 ], [ 8.365611437241171, 11.622263558983263 ], [ 8.366181867628768, 11.62275245231541 ], [ 8.366253171677215, 11.62369531495608 ], [ 8.36600360750765, 11.624358810406875 ], [ 8.365934260460506, 11.625089868903615 ], [ 8.365825349386512, 11.625546112213613 ], [ 8.364969701805137, 11.625650874284759 ], [ 8.364470574465997, 11.625825477403396 ], [ 8.364434922441774, 11.626558806901642 ], [ 8.36489839775669, 11.627361976447389 ], [ 8.365290569023159, 11.628409585159204 ], [ 8.3655044811685, 11.629282588752346 ], [ 8.365647089265394, 11.630085750298065 ], [ 8.365041004853595, 11.630644469677691 ], [ 8.364827093708243, 11.631133348009826 ], [ 8.364541877514455, 11.63179682546064 ], [ 8.364541877514455, 11.632599979006329 ], [ 8.364114054223762, 11.633612648694395 ], [ 8.363472318787728, 11.634206281097761 ], [ 8.362402760061059, 11.634276120145216 ], [ 8.361689720576578, 11.634415797240138 ], [ 8.361297550310098, 11.634939588596012 ], [ 8.361699997583514, 11.636200000452391 ], [ 8.361344001341649, 11.636849648893815 ], [ 8.360513206777171, 11.637349017233078 ], [ 8.359942775389584, 11.638606102087238 ], [ 8.359499969088745, 11.640214750180235 ], [ 8.358338437299494, 11.640945660676834 ], [ 8.357699099865101, 11.641323459933574 ], [ 8.357378355647199, 11.641949180358722 ], [ 8.357254713563179, 11.642577399785523 ], [ 8.357913011010453, 11.6428598739775 ], [ 8.358376487325359, 11.643243976238466 ], [ 8.357770403913548, 11.643977260736676 ], [ 8.357342579622866, 11.64443119804514 ], [ 8.357306927598643, 11.645373987685673 ], [ 8.356415884993226, 11.646839399681369 ], [ 8.355172012148103, 11.649563500532281 ], [ 8.352137650086377, 11.656169308020594 ], [ 8.348030545295785, 11.660917943247057 ], [ 8.341827104080835, 11.66356690104692 ], [ 8.339806824708148, 11.665545456391271 ], [ 8.337370609052869, 11.667989534051912 ], [ 8.335766269962789, 11.669909866356647 ], [ 8.334102511832327, 11.67619449462677 ], [ 8.334619470183611, 11.684759956446612 ], [ 8.331606875136686, 11.688181448771331 ], [ 8.330596736450332, 11.691614510103932 ], [ 8.329883696965851, 11.695047529436522 ], [ 8.330180797167714, 11.700051512836524 ], [ 8.330477896369587, 11.702611656575982 ], [ 8.330359057288831, 11.708604625647922 ], [ 8.332112831480458, 11.712867007544048 ], [ 8.331606875136686, 11.716168382787146 ], [ 8.332498174742284, 11.719368372961412 ], [ 8.331743354229388, 11.727416070429456 ], [ 8.338642027916706, 11.727104119217472 ], [ 8.345997139914175, 11.723513773777995 ], [ 8.351264378492999, 11.725023616803867 ], [ 8.355022159046257, 11.72873220232367 ], [ 8.355641365466965, 11.728886465428502 ], [ 8.362012352795773, 11.733705948703118 ], [ 8.364550473520296, 11.735626069007765 ], [ 8.366661069954375, 11.737189885070279 ], [ 8.367973061845817, 11.738921243246637 ], [ 8.369399140814721, 11.741546184030199 ], [ 8.371909037520084, 11.742886568940889 ], [ 8.373049917295305, 11.744942359337699 ], [ 8.374106107012892, 11.750542908143018 ], [ 8.376187274426968, 11.752715863619471 ], [ 8.378990635331718, 11.757653395974273 ], [ 8.390169979927578, 11.75138386171443 ], [ 8.398040300275056, 11.751307248662386 ], [ 8.403051878680174, 11.749502538436161 ], [ 8.406911199302442, 11.747237923897444 ] ] ] ] } },
{ "type": "Feature", "properties": { "fid": 492.0, "OBJECTID": 492.0, "lganame": "Bebeji", "statecode": "KN", "LGA_UID": "19_04" }, "geometry": { "type": "MultiPolygon", "coordinates": [ [ [ [ 8.297177098743248, 11.720982993058442 ], [ 8.301241421504756, 11.720075369441759 ], [ 8.305377049314757, 11.720808450939842 ], [ 8.307765730937717, 11.722728416244365 ], [ 8.310689190924109, 11.723112407505312 ], [ 8.315708910334763, 11.720957390041065 ], [ 8.318745951398284, 11.721442253370526 ], [ 8.323189586417527, 11.722656454195487 ], [ 8.325621823070094, 11.723920064054084 ], [ 8.327288919202829, 11.727449669452255 ], [ 8.331743354229388, 11.727416070429456 ], [ 8.332498174742284, 11.719368372961412 ], [ 8.331606875136686, 11.716168382787146 ], [ 8.332112831480458, 11.712867007544048 ], [ 8.330359057288831, 11.708604625647922 ], [ 8.330477896369587, 11.702611656575982 ], [ 8.330180797167714, 11.700051512836524 ], [ 8.329883696965851, 11.695047529436522 ], [ 8.330596736450332, 11.691614510103932 ], [ 8.331606875136686, 11.688181448771331 ], [ 8.334619470183611, 11.684759956446612 ], [ 8.334102511832327, 11.67619449462677 ], [ 8.335766269962789, 11.669909866356647 ], [ 8.337370609052869, 11.667989534051912 ], [ 8.339806824708148, 11.665545456391271 ], [ 8.341827104080835, 11.66356690104692 ], [ 8.348030545295785, 11.660917943247057 ], [ 8.352137650086377, 11.656169308020594 ], [ 8.355172012148103, 11.649563500532281 ], [ 8.356415884993226, 11.646839399681369 ], [ 8.357306927598643, 11.645373987685673 ], [ 8.357342579622866, 11.64443119804514 ], [ 8.357770403913548, 11.643977260736676 ], [ 8.358376487325359, 11.643243976238466 ], [ 8.357913011010453, 11.6428598739775 ], [ 8.357254713563179, 11.642577399785523 ], [ 8.357378355647199, 11.641949180358722 ], [ 8.357699099865101, 11.641323459933574 ], [ 8.358338437299494, 11.640945660676834 ], [ 8.359499969088745, 11.640214750180235 ], [ 8.359942775389584, 11.638606102087238 ], [ 8.360513206777171, 11.637349017233078 ], [ 8.361344001341649, 11.636849648893815 ], [ 8.361699997583514, 11.636200000452391 ], [ 8.361297550310098, 11.634939588596012 ], [ 8.361689720576578, 11.634415797240138 ], [ 8.362402760061059, 11.634276120145216 ], [ 8.363472318787728, 11.634206281097761 ], [ 8.364114054223762, 11.633612648694395 ], [ 8.364541877514455, 11.632599979006329 ], [ 8.364541877514455, 11.63179682546064 ], [ 8.364827093708243, 11.631133348009826 ], [ 8.365041004853595, 11.630644469677691 ], [ 8.365647089265394, 11.630085750298065 ], [ 8.3655044811685, 11.629282588752346 ], [ 8.365290569023159, 11.628409585159204 ], [ 8.36489839775669, 11.627361976447389 ], [ 8.364434922441774, 11.626558806901642 ], [ 8.364470574465997, 11.625825477403396 ], [ 8.364969701805137, 11.625650874284759 ], [ 8.365825349386512, 11.625546112213613 ], [ 8.365934260460506, 11.625089868903615 ], [ 8.36600360750765, 11.624358810406875 ], [ 8.366253171677215, 11.62369531495608 ], [ 8.366181867628768, 11.62275245231541 ], [ 8.365611437241171, 11.622263558983263 ], [ 8.365433177120053, 11.621669900579889 ], [ 8.365326221047383, 11.620761951962947 ], [ 8.365575785216947, 11.619888921369807 ], [ 8.366181867628768, 11.618806358634231 ], [ 8.367564285568051, 11.61771168489048 ], [ 8.369129569631582, 11.617250443577063 ], [ 8.369295945744625, 11.616132949817768 ], [ 8.369224641696178, 11.615597483453939 ], [ 8.369768215065506, 11.615468576366368 ], [ 8.370460575535958, 11.615644045485624 ], [ 8.371007239907385, 11.616063106770355 ], [ 8.372492769916732, 11.614799910912041 ], [ 8.373241429425377, 11.614642950805376 ], [ 8.373859396845262, 11.615318108264148 ], [ 8.37464374037819, 11.615131858137602 ], [ 8.375261706798085, 11.614549825742131 ], [ 8.375998514298715, 11.613991074362502 ], [ 8.376899624910948, 11.613287240884233 ], [ 8.376768757822049, 11.612342111242071 ], [ 8.377139377073888, 11.611732773828066 ], [ 8.377899951590621, 11.611406832606633 ], [ 8.378746192165636, 11.609791593509158 ], [ 8.378018791671366, 11.608962256945631 ], [ 8.375101502689233, 11.6062148620789 ], [ 8.379239588500866, 11.600676687315968 ], [ 8.3849891524074, 11.592605683832119 ], [ 8.390827087374021, 11.584410391263816 ], [ 8.404229362480237, 11.575464087185196 ], [ 8.422220169704133, 11.579632240017247 ], [ 8.42234397078829, 11.582551206000574 ], [ 8.433974762690866, 11.58167625540608 ], [ 8.433763730547469, 11.576775751076411 ], [ 8.431199434805137, 11.567997585112039 ], [ 8.425204610731953, 11.55509739634698 ], [ 8.424297215115416, 11.546760692682597 ], [ 8.416077627530569, 11.535277200880103 ], [ 8.419904895131026, 11.527757898771085 ], [ 8.423384526495283, 11.525242727062164 ], [ 8.427092330014545, 11.521218405327829 ], [ 8.428631306060197, 11.517091551523833 ], [ 8.428005551635067, 11.514252911595065 ], [ 8.426969688931251, 11.513073096793448 ], [ 8.42575752410761, 11.509719354514743 ], [ 8.425809007142618, 11.508305674554208 ], [ 8.425861318178136, 11.506869219578221 ], [ 8.42623148442965, 11.504577693021247 ], [ 8.423289164430457, 11.5032448131156 ], [ 8.421865661463301, 11.502599958677479 ], [ 8.419411473795776, 11.502173287387564 ], [ 8.417129749245476, 11.50042648320067 ], [ 8.415305701006105, 11.496171677309746 ], [ 8.413065425483921, 11.493229538310686 ], [ 8.413119046520364, 11.488997915435505 ], [ 8.404657648771263, 11.476885954206011 ], [ 8.39876319176625, 11.469898048458049 ], [ 8.396574479279138, 11.467891429094664 ], [ 8.399441623227176, 11.467060453530053 ], [ 8.402174940084365, 11.465662837580396 ], [ 8.408150254144289, 11.463411688050883 ], [ 8.412276327947779, 11.464265214630814 ], [ 8.416030450498511, 11.464555679828152 ], [ 8.421189318003712, 11.464265214630814 ], [ 8.423305207441388, 11.463746796278542 ], [ 8.425378185849866, 11.463254579944135 ], [ 8.426269485455464, 11.461856944994508 ], [ 8.424724567405747, 11.460342832965694 ], [ 8.424665147365374, 11.458479298699558 ], [ 8.424605727325002, 11.456790460552043 ], [ 8.426150645374719, 11.455509265681542 ], [ 8.427398463222573, 11.454577485048446 ], [ 8.427606671364003, 11.453782821508526 ], [ 8.426801100816704, 11.452845257871445 ], [ 8.42763230738143, 11.449921500884898 ], [ 8.429656420756714, 11.449802056803776 ], [ 8.43072598048343, 11.450559143318173 ], [ 8.430934186624938, 11.448890906184658 ], [ 8.432033218371657, 11.447880216497936 ], [ 8.433221617179129, 11.447297837102269 ], [ 8.434142862805061, 11.446328440443608 ], [ 8.432976474012548, 11.445620748962767 ], [ 8.433518716381002, 11.44415297196548 ], [ 8.430341018221895, 11.444899593472769 ], [ 8.428230342787799, 11.444211210005051 ], [ 8.427160784061073, 11.44310467525321 ], [ 8.42502166560763, 11.4428717200949 ], [ 8.422763709073479, 11.440309199353806 ], [ 8.423516539584966, 11.439589167864597 ], [ 8.425140505688375, 11.439086169522795 ], [ 8.425794125132484, 11.437746654612681 ], [ 8.427160784061073, 11.43658185482127 ], [ 8.429043371340185, 11.435310611957505 ], [ 8.430963658644941, 11.436756574939977 ], [ 8.432270897533158, 11.436814815979517 ], [ 8.433340457259874, 11.436814815979517 ], [ 8.433174512147104, 11.436156793532462 ], [ 8.43179918521264, 11.435793825285828 ], [ 8.432152058452402, 11.434601684475808 ], [ 8.433162197138756, 11.433262147565642 ], [ 8.430949615635427, 11.432485197037749 ], [ 8.43001293999896, 11.431514918378525 ], [ 8.428170922747427, 11.430583057745366 ], [ 8.427873822545564, 11.42866108643949 ], [ 8.428824542191535, 11.426972070291868 ], [ 8.43072598048343, 11.42586546653996 ], [ 8.432152058452402, 11.426389647896144 ], [ 8.433399877300246, 11.426447889935673 ], [ 8.433340457259874, 11.425341286183823 ], [ 8.43307568107997, 11.422503383255616 ], [ 8.407187037489848, 11.408374029655363 ], [ 8.399890090531926, 11.404070843731574 ], [ 8.385696051887749, 11.376567291044182 ], [ 8.382238364538409, 11.37679523519904 ], [ 8.379600119745817, 11.375583582375782 ], [ 8.37860824407187, 11.373732483118033 ], [ 8.378174040776855, 11.368593178626156 ], [ 8.378768240180591, 11.366962059517846 ], [ 8.377104482050186, 11.366379515122048 ], [ 8.375678404081214, 11.364864894092932 ], [ 8.37330160746626, 11.36195213711386 ], [ 8.371910020520772, 11.363145901924952 ], [ 8.371400169174365, 11.366239705027056 ], [ 8.369047139575571, 11.36665913731207 ], [ 8.365909767443895, 11.364072626554616 ], [ 8.364626296571828, 11.365121215267095 ], [ 8.363057609505972, 11.36665913731207 ], [ 8.361275013294801, 11.367777621072037 ], [ 8.360205453568085, 11.368546575594451 ], [ 8.358526521427336, 11.369253347074675 ], [ 8.356530011070788, 11.369113537979729 ], [ 8.354628572778836, 11.368321283441389 ], [ 8.353440174971354, 11.367016386554781 ], [ 8.352061632034747, 11.36552507054148 ], [ 8.350207729775093, 11.364639597939856 ], [ 8.346880213514169, 11.364220161654885 ], [ 8.343267482059503, 11.363987142496569 ], [ 8.342031548219779, 11.363660914274874 ], [ 8.341929022150111, 11.362287194341548 ], [ 8.343136242970331, 11.361247273634945 ], [ 8.343695306350185, 11.360025773804978 ], [ 8.34283965876881, 11.35988595970997 ], [ 8.341746332025934, 11.359839354678343 ], [ 8.340415326121615, 11.359652935551651 ], [ 8.338276207668173, 11.360072377836673 ], [ 8.336612449537711, 11.35951312245669 ], [ 8.335794455981954, 11.358538497794484 ], [ 8.334520868116613, 11.35862763085504 ], [ 8.334758548278103, 11.357835346316676 ], [ 8.33532897966569, 11.356437192366741 ], [ 8.334853620342699, 11.354339947941753 ], [ 8.333047254115343, 11.354339947941753 ], [ 8.332001463404765, 11.355318663606738 ], [ 8.330004954048263, 11.355272058575054 ], [ 8.328246123853205, 11.354479765036729 ], [ 8.326107006399752, 11.352708747833447 ], [ 8.325203822786079, 11.350471658313438 ], [ 8.323207313429577, 11.348514189983405 ], [ 8.320830515814635, 11.347488845286762 ], [ 8.317859605796059, 11.346145044373714 ], [ 8.313937804131399, 11.344552607291689 ], [ 8.311418399419551, 11.345111891671706 ], [ 8.309421889063003, 11.346603315685059 ], [ 8.307324011637604, 11.348194926766496 ], [ 8.305335263286338, 11.348285537828076 ], [ 8.303670040154884, 11.347628665381762 ], [ 8.301340777572307, 11.346696528748396 ], [ 8.294800997128789, 11.35020606913298 ], [ 8.289952330834353, 11.353981151697951 ], [ 8.286886261751135, 11.358804794975413 ], [ 8.290253257038842, 11.363535013189335 ], [ 8.283302625316196, 11.369675375361453 ], [ 8.277506482377987, 11.370783494114335 ], [ 8.273696964789622, 11.375054626016379 ], [ 8.273744554821974, 11.375630456407634 ], [ 8.273944428957748, 11.376058758698662 ], [ 8.274142189092117, 11.376286282853243 ], [ 8.274509405341632, 11.37657638105037 ], [ 8.274657954442546, 11.376722012149287 ], [ 8.27471143247891, 11.376867643248261 ], [ 8.274634186426397, 11.377129778426365 ], [ 8.274586650394099, 11.377490941671738 ], [ 8.274592592398164, 11.377619096758849 ], [ 8.274699548470835, 11.377834630905284 ], [ 8.27503824170094, 11.378248221186311 ], [ 8.275287805870505, 11.37851967537074 ], [ 8.274553375371511, 11.379826848258915 ], [ 8.274123175079183, 11.381457893367099 ], [ 8.272671924093174, 11.389745002997813 ], [ 8.27433677322432, 11.394664979340689 ], [ 8.2712452821238, 11.397783564459644 ], [ 8.27074283078241, 11.399856872868327 ], [ 8.269208565739973, 11.40231812554066 ], [ 8.268032051940565, 11.403785950537952 ], [ 8.266436458856447, 11.405453913671295 ], [ 8.268773177444132, 11.40699092171559 ], [ 8.268683947383522, 11.407189606850579 ], [ 8.268548317291334, 11.40742160500821 ], [ 8.268394842187092, 11.407764247241062 ], [ 8.268384135179815, 11.407914153342915 ], [ 8.26836200616475, 11.408071198449591 ], [ 8.268336308147298, 11.408428116692107 ], [ 8.268282056110422, 11.408605148812399 ], [ 8.268310609129855, 11.408630846829851 ], [ 8.268102168988207, 11.409283295273156 ], [ 8.267812349791313, 11.410005699763985 ], [ 8.267528242598246, 11.410713827245161 ], [ 8.267445436542005, 11.410940828399362 ], [ 8.266883528160179, 11.413136236891035 ], [ 8.265982068547714, 11.427713977795975 ], [ 8.272819922193719, 11.437526607463155 ], [ 8.262916000464429, 11.439455313773635 ], [ 8.253802154272023, 11.445083705597881 ], [ 8.252401722320485, 11.449027662277615 ], [ 8.251829175931505, 11.451347346853709 ], [ 8.251043954397971, 11.453012969985423 ], [ 8.250294423888704, 11.454678593117137 ], [ 8.249592483411732, 11.456106269087172 ], [ 8.248676389789296, 11.456962874669216 ], [ 8.247168053764483, 11.456903317628758 ], [ 8.244867314201201, 11.45684741059074 ], [ 8.241920086198718, 11.456325617236189 ], [ 8.239376006470138, 11.455331237560586 ], [ 8.20935454507196, 11.439859371048158 ], [ 8.204799998977364, 11.443100002250048 ], [ 8.20174294190025, 11.450064145981855 ], [ 8.206192575923581, 11.452632608726958 ], [ 8.2041519985371, 11.456559002394783 ], [ 8.203200000890263, 11.458399999645678 ], [ 8.203378461011482, 11.458537276738923 ], [ 8.201956176045144, 11.461512413760374 ], [ 8.202750976585151, 11.4621776902124 ], [ 8.203935161389722, 11.463174070889409 ], [ 8.204306535642104, 11.464001002451255 ], [ 8.205833692679732, 11.465578865523355 ], [ 8.203333956981282, 11.468976742832069 ], [ 8.203159984863078, 11.470774454053526 ], [ 8.202803465620832, 11.47339493083399 ], [ 8.202947678718772, 11.474568781631604 ], [ 8.202031006095979, 11.476073615654059 ], [ 8.201469772714631, 11.478005855966899 ], [ 8.20161506681336, 11.480266288502776 ], [ 8.20321940490345, 11.482711986164531 ], [ 8.204215102579951, 11.483804451906792 ], [ 8.205952721760582, 11.486846329973616 ], [ 8.207022281487298, 11.488418530041827 ], [ 8.208848393728033, 11.489333593663559 ], [ 8.209632737260961, 11.490521468470661 ], [ 8.21001777752258, 11.490711527599842 ], [ 8.209675519290045, 11.491270524979655 ], [ 8.210588208910167, 11.491550024169555 ], [ 8.211158641297743, 11.491997221473412 ], [ 8.211101598259006, 11.492723913967154 ], [ 8.211386813452805, 11.494009597840716 ], [ 8.211900201801598, 11.495407072790215 ], [ 8.212470633189184, 11.496748643701778 ], [ 8.2128983454798, 11.498009575558513 ], [ 8.213582861944928, 11.500711318394224 ], [ 8.214752357739542, 11.507872250259709 ], [ 8.215151660010804, 11.508934279981304 ], [ 8.216463651902245, 11.509605033437083 ], [ 8.217433385561151, 11.511058327424507 ], [ 8.218059298986418, 11.51193456301985 ], [ 8.217770719790337, 11.515381800362093 ], [ 8.217428461557802, 11.517841166033122 ], [ 8.216458727898896, 11.520356403742142 ], [ 8.215317866123769, 11.522722571349846 ], [ 8.214937577865385, 11.525377498153716 ], [ 8.214177003348595, 11.527520051609486 ], [ 8.213226283702625, 11.529848897191812 ], [ 8.212655853315027, 11.53152565333113 ], [ 8.211800205733653, 11.534133921103319 ], [ 8.210706878990834, 11.538186002856492 ], [ 8.210290938708226, 11.540945576731474 ], [ 8.210290938708226, 11.542983220115957 ], [ 8.210706878990834, 11.544729759302697 ], [ 8.210825719071579, 11.547233113003585 ], [ 8.210409778788971, 11.54991109482313 ], [ 8.210053259546726, 11.552297970444897 ], [ 8.209928552461975, 11.5553493625182 ], [ 8.210955291159621, 11.560197574812321 ], [ 8.213559129928797, 11.569269808976458 ], [ 8.214131171317433, 11.574593090593396 ], [ 8.214260157405079, 11.576481794876713 ], [ 8.214927671858618, 11.579632465017426 ], [ 8.211699999665598, 11.583099999373474 ], [ 8.210923134137772, 11.58599799934251 ], [ 8.209447143134867, 11.587076031074957 ], [ 8.207605124883344, 11.589171547498779 ], [ 8.208983666819961, 11.590747829569807 ], [ 8.208812537703693, 11.592480100746798 ], [ 8.207044200502196, 11.594324119999726 ], [ 8.206987158463448, 11.59583285402482 ], [ 8.208470279471157, 11.597900365429609 ], [ 8.2094970561688, 11.599744347682474 ], [ 8.207728717967314, 11.601867708125212 ], [ 8.206937213429512, 11.603719016383081 ], [ 8.204867620023322, 11.606277161121227 ], [ 8.199158753144388, 11.607143710710034 ], [ 8.192389747545178, 11.607868373202393 ], [ 8.188542651931243, 11.608136066384304 ], [ 8.189730321738239, 11.615086471106736 ], [ 8.190375482176592, 11.619591850167922 ], [ 8.192221718431028, 11.624245944330198 ], [ 8.200956448365844, 11.629414165841752 ], [ 8.203126191840113, 11.627653876645695 ], [ 8.208798414694115, 11.633874992872677 ], [ 8.21985715520799, 11.630539131606099 ], [ 8.222108728737851, 11.633711396761498 ], [ 8.224504541365661, 11.636449076621659 ], [ 8.226044705412164, 11.638404545950266 ], [ 8.232695410931001, 11.643608120485851 ], [ 8.228518951093292, 11.644738774254108 ], [ 8.223028550362812, 11.645786316965825 ], [ 8.220415166587145, 11.646095569175998 ], [ 8.217181628390108, 11.646519595464099 ], [ 8.216325980808733, 11.646903691725072 ], [ 8.216575544978298, 11.649871696741684 ], [ 8.21750249560813, 11.65193182314141 ], [ 8.217680755729248, 11.653712598351376 ], [ 8.217930318898823, 11.654934692181769 ], [ 8.218144231044164, 11.655807612774879 ], [ 8.217930318898823, 11.656855114486575 ], [ 8.217987806937856, 11.657802485130276 ], [ 8.217665762719037, 11.660399992895179 ], [ 8.219701768102425, 11.663138777756046 ], [ 8.222811905215622, 11.666296818901799 ], [ 8.223733972842126, 11.669495714075254 ], [ 8.222925330292696, 11.673351129694822 ], [ 8.2189323095796, 11.675725311307986 ], [ 8.220215781451657, 11.680194301344443 ], [ 8.211987969861241, 11.685328175832694 ], [ 8.217791019804167, 11.694337780954299 ], [ 8.221736504484909, 11.70043566409754 ], [ 8.227598261467733, 11.708568236623194 ], [ 8.232446927762169, 11.71253399931777 ], [ 8.244368942862593, 11.71476820583581 ], [ 8.260854409063711, 11.716890687277953 ], [ 8.27061638869651, 11.717736477852611 ], [ 8.273031649337554, 11.724336853337263 ], [ 8.274394448263536, 11.730009650191676 ], [ 8.278639811148025, 11.731882452464106 ], [ 8.282452839738824, 11.728174063944437 ], [ 8.289297874389717, 11.723934544063923 ], [ 8.290118010946969, 11.723426581718741 ], [ 8.292584340622682, 11.721941924709995 ], [ 8.297177098743248, 11.720982993058442 ] ] ] ] } },
{ "type": "Feature", "properties": { "fid": 494.0, "OBJECTID": 494.0, "lganame": "Madobi", "statecode": "KN", "LGA_UID": "19_28" }, "geometry": { "type": "MultiPolygon", "coordinates": [ [ [ [ 8.404245999491536, 11.906404330043529 ], [ 8.405782666535629, 11.90565015053113 ], [ 8.4067805042136, 11.905706529569443 ], [ 8.408513872391381, 11.90580446763596 ], [ 8.409076728773812, 11.905610901504474 ], [ 8.409229365877536, 11.905557323468031 ], [ 8.409504148064229, 11.90546391440455 ], [ 8.409504200064248, 11.905463896404569 ], [ 8.409724974214271, 11.905387973352958 ], [ 8.409728211216475, 11.905386812352162 ], [ 8.409737273222618, 11.905383741350079 ], [ 8.409741546225519, 11.905382273349119 ], [ 8.409747956229864, 11.905380003347545 ], [ 8.409755509235026, 11.905377438345795 ], [ 8.409756454235662, 11.905377116345619 ], [ 8.409761108238797, 11.905375420344456 ], [ 8.409768181243635, 11.905372842342672 ], [ 8.409772970246877, 11.905371146341565 ], [ 8.409775654248676, 11.905370196340925 ], [ 8.409815708275914, 11.90535581633111 ], [ 8.409898719332318, 11.905325843310777 ], [ 8.40989901833251, 11.905325735310669 ], [ 8.409974219383628, 11.905298651292298 ], [ 8.410006605405613, 11.905286984284373 ], [ 8.410117006480618, 11.905245756256363 ], [ 8.410178097522135, 11.905225192242369 ], [ 8.410275333588174, 11.90519016221856 ], [ 8.411358102323902, 11.90500561409317 ], [ 8.413583569835964, 11.904255753583698 ], [ 8.416347473713927, 11.902937564688045 ], [ 8.416940360116769, 11.902226103204612 ], [ 8.418533887199487, 11.899896565621816 ], [ 8.419141758612511, 11.898462418647398 ], [ 8.419973547177676, 11.897112188729977 ], [ 8.420716296682315, 11.895803954841085 ], [ 8.421607596287913, 11.894844581189261 ], [ 8.422290924752247, 11.894030562636146 ], [ 8.423211934378003, 11.893158398043568 ], [ 8.424132943003769, 11.892402519529981 ], [ 8.424489462246015, 11.891007046581819 ], [ 8.424592322315902, 11.889637353651153 ], [ 8.425147154692922, 11.888043003567873 ], [ 8.42662674469824, 11.886662051629571 ], [ 8.428246179798521, 11.885328400723438 ], [ 8.430097580056497, 11.883831482706341 ], [ 8.431338077899341, 11.88323562830152 ], [ 8.433051290063418, 11.88323562830152 ], [ 8.43357551741957, 11.884043752850573 ], [ 8.434050663742426, 11.884520537174524 ], [ 8.434917660331507, 11.886210054322476 ], [ 8.435358350630906, 11.886948977824545 ], [ 8.43644539636955, 11.887605663270733 ], [ 8.43833369265252, 11.888803567084665 ], [ 8.44076074330161, 11.889517404569688 ], [ 8.442343166376759, 11.889847076793671 ], [ 8.443649116264112, 11.890096892963413 ], [ 8.445067819228029, 11.890283440090172 ], [ 8.44661421727875, 11.890374011151721 ], [ 8.448206657360743, 11.890304775104653 ], [ 8.449897873509826, 11.8902312430547 ], [ 8.45203938896492, 11.889231870375681 ], [ 8.453324296837934, 11.887946960502632 ], [ 8.453467065934944, 11.886233749338601 ], [ 8.453181529740959, 11.884520537174524 ], [ 8.453324296837934, 11.882950093107468 ], [ 8.454466438613963, 11.882093486525491 ], [ 8.45617965077804, 11.882807325010504 ], [ 8.458321165233087, 11.882664556913483 ], [ 8.459891610300133, 11.88195071942846 ], [ 8.460304249580474, 11.881366148031304 ], [ 8.460850757951846, 11.880512547451303 ], [ 8.461604822464153, 11.87952366877937 ], [ 8.462758869248319, 11.878902260357165 ], [ 8.463460801725205, 11.878524295100362 ], [ 8.465459549083278, 11.87781045661535 ], [ 8.467029993150334, 11.87781045661535 ], [ 8.468457670120358, 11.878381528003388 ], [ 8.469480837815581, 11.878476706068057 ], [ 8.470330205392656, 11.878780283274295 ], [ 8.471749226356792, 11.879120740505641 ], [ 8.473073572256624, 11.87937066767546 ], [ 8.47414458098433, 11.87952366877937 ], [ 8.475277316753989, 11.878876392339578 ], [ 8.475615090983467, 11.87862423116826 ], [ 8.476746609752297, 11.877419367349603 ], [ 8.477155109029866, 11.877072192113758 ], [ 8.477540798291898, 11.876744400891027 ], [ 8.479078487336722, 11.875305832913568 ], [ 8.480972246623423, 11.873647787787036 ], [ 8.482005593325539, 11.872614443084899 ], [ 8.482380910580559, 11.8722391238299 ], [ 8.482615462739943, 11.872004571670516 ], [ 8.483477055325352, 11.871525911345316 ], [ 8.48410992575532, 11.871081265043188 ], [ 8.484724843173126, 11.870980756974916 ], [ 8.486277614228186, 11.870845106882712 ], [ 8.487564742102734, 11.870767251829818 ], [ 8.488914908020092, 11.870817257863791 ], [ 8.490134559848798, 11.870862429894487 ], [ 8.491317031652216, 11.871279774178049 ], [ 8.493180268918195, 11.871814214541189 ], [ 8.495334116381628, 11.870771433832658 ], [ 8.49717776363434, 11.869815468183106 ], [ 8.498115187271253, 11.86893318758365 ], [ 8.501270437415087, 11.866103508661013 ], [ 8.501721832721785, 11.86427707742007 ], [ 8.502270091094317, 11.860391141779758 ], [ 8.502698114385112, 11.857822985034829 ], [ 8.50279329244978, 11.856585665194075 ], [ 8.503280382780758, 11.855449121421884 ], [ 8.503840255161151, 11.85411102551268 ], [ 8.50444867957458, 11.853320072975293 ], [ 8.504827751832124, 11.852850506656239 ], [ 8.505675312408016, 11.852064039121842 ], [ 8.506885965230595, 11.850779779249251 ], [ 8.507932927941965, 11.85020870886126 ], [ 8.508694355459284, 11.849447282343931 ], [ 8.508979890653279, 11.848305139567856 ], [ 8.509646140105986, 11.847258176856485 ], [ 8.509678723128104, 11.846092012064162 ], [ 8.502632474340544, 11.846723961493524 ], [ 8.497709186995394, 11.847354221921762 ], [ 8.490192564888218, 11.847237912842729 ], [ 8.484280281871065, 11.844824503202972 ], [ 8.478241300767877, 11.842857712866589 ], [ 8.477910709543266, 11.842832923849755 ], [ 8.471489611180402, 11.84235143552263 ], [ 8.465912819391235, 11.841549872977964 ], [ 8.459650720136437, 11.84229476248413 ], [ 8.454566643682085, 11.845413149602905 ], [ 8.454143549394587, 11.845672660779258 ], [ 8.448141080316191, 11.847140989776904 ], [ 8.444575883893833, 11.847047942713687 ], [ 8.442294158343486, 11.846629232429166 ], [ 8.440392721051523, 11.845605713733733 ], [ 8.438633890856522, 11.844116953722221 ], [ 8.433883733628988, 11.835168975642489 ], [ 8.432507861694148, 11.833396345438075 ], [ 8.43001222399846, 11.830604786541301 ], [ 8.424165303025802, 11.826847771988582 ], [ 8.418104469907746, 11.824265521234111 ], [ 8.411753666592631, 11.819947757300383 ], [ 8.409140098816863, 11.816063082660889 ], [ 8.408045864073358, 11.813573345969246 ], [ 8.402588000365029, 11.803326689007122 ], [ 8.398548181620129, 11.796384964290553 ], [ 8.39318612797689, 11.789628433699818 ], [ 8.390228352967199, 11.784933852510051 ], [ 8.384629658163192, 11.776673300897414 ], [ 8.384583460131751, 11.773823648961184 ], [ 8.380899423628648, 11.76579610250684 ], [ 8.378987043329289, 11.757873514123844 ], [ 8.378990635331718, 11.757653395974273 ], [ 8.376187274426968, 11.752715863619471 ], [ 8.374106107012892, 11.750542908143018 ], [ 8.373049917295305, 11.744942359337699 ], [ 8.371909037520084, 11.742886568940889 ], [ 8.369399140814721, 11.741546184030199 ], [ 8.367973061845817, 11.738921243246637 ], [ 8.366661069954375, 11.737189885070279 ], [ 8.364550473520296, 11.735626069007765 ], [ 8.362012352795773, 11.733705948703118 ], [ 8.355641365466965, 11.728886465428502 ], [ 8.355022159046257, 11.72873220232367 ], [ 8.351264378492999, 11.725023616803867 ], [ 8.345997139914175, 11.723513773777995 ], [ 8.338642027916706, 11.727104119217472 ], [ 8.331743354229388, 11.727416070429456 ], [ 8.327288919202829, 11.727449669452255 ], [ 8.325621823070094, 11.723920064054084 ], [ 8.323189586417527, 11.722656454195487 ], [ 8.318745951398284, 11.721442253370526 ], [ 8.315708910334763, 11.720957390041065 ], [ 8.310689190924109, 11.723112407505312 ], [ 8.307765730937717, 11.722728416244365 ], [ 8.305377049314757, 11.720808450939842 ], [ 8.301241421504756, 11.720075369441759 ], [ 8.297177098743248, 11.720982993058442 ], [ 8.292584340622682, 11.721941924709995 ], [ 8.290118010946969, 11.723426581718741 ], [ 8.289297874389717, 11.723934544063923 ], [ 8.282452839738824, 11.728174063944437 ], [ 8.278639811148025, 11.731882452464106 ], [ 8.274394448263536, 11.730009650191676 ], [ 8.273031649337554, 11.724336853337263 ], [ 8.270953714925724, 11.724389824373247 ], [ 8.261351055401121, 11.725842758360443 ], [ 8.252398736318469, 11.727471332466962 ], [ 8.246931186603547, 11.730220856335166 ], [ 8.251744928874245, 11.733980081889399 ], [ 8.250794210228264, 11.736754004774127 ], [ 8.246934290605623, 11.735376354838081 ], [ 8.244294056811725, 11.735189345711035 ], [ 8.244888123215333, 11.737062138983504 ], [ 8.248350861568156, 11.74155710603759 ], [ 8.250002565690409, 11.744903080311019 ], [ 8.257079634498893, 11.751073393503475 ], [ 8.25806571916894, 11.754068425538435 ], [ 8.259493538139054, 11.756124287935336 ], [ 8.256365161013491, 11.76077838709756 ], [ 8.25452293576177, 11.764119316367555 ], [ 8.255686334552252, 11.772867786311735 ], [ 8.256737260266277, 11.78767370037167 ], [ 8.256304925972529, 11.789008972278907 ], [ 8.258446441427623, 11.790151113054947 ], [ 8.260302420688674, 11.791864325218967 ], [ 8.260781652014259, 11.792823684870825 ], [ 8.261159027270651, 11.794148607771035 ], [ 8.261587329561678, 11.796718425517099 ], [ 8.262055711879952, 11.797889383312736 ], [ 8.263060054562345, 11.800356231988872 ], [ 8.264014380210767, 11.803285738979298 ], [ 8.265420809166358, 11.807269387686006 ], [ 8.265870360471808, 11.808425374471426 ], [ 8.267155268344823, 11.810424120829509 ], [ 8.269725087090933, 11.812993938575573 ], [ 8.272152135739987, 11.814707150739594 ], [ 8.274721955486029, 11.816563131000692 ], [ 8.277577308426146, 11.81927571584373 ], [ 8.282085334489125, 11.82129016021247 ], [ 8.284267918972091, 11.822968209352609 ], [ 8.286714437634373, 11.825414726014913 ], [ 8.288931880141035, 11.827299553295575 ], [ 8.292108616299458, 11.8294652937671 ], [ 8.294709427066607, 11.830411594410066 ], [ 8.297422012909692, 11.830554360507051 ], [ 8.298509637648635, 11.830353718370702 ], [ 8.299769574504751, 11.831298672012792 ], [ 8.30093501829657, 11.832401118761823 ], [ 8.30153288770282, 11.834110247923093 ], [ 8.302958966671781, 11.835971265187595 ], [ 8.307747955925663, 11.834014399858006 ], [ 8.308710558579719, 11.837434010181425 ], [ 8.31037301070927, 11.840750658434956 ], [ 8.310373061709299, 11.840750759435025 ], [ 8.312703578292769, 11.844552247017987 ], [ 8.314735739673552, 11.847029627701204 ], [ 8.3168035530785, 11.849053389076289 ], [ 8.321909147547501, 11.852258077253737 ], [ 8.322938905247213, 11.8534999070975 ], [ 8.323212208432892, 11.8548104279879 ], [ 8.322590537010512, 11.856045458827055 ], [ 8.322406352885366, 11.856966379452786 ], [ 8.323405725564385, 11.858108519228836 ], [ 8.325118938728451, 11.857965752131804 ], [ 8.326832150892471, 11.857394681743813 ], [ 8.32848869801802, 11.856206085936208 ], [ 8.330115807123548, 11.854967631094723 ], [ 8.332909541021763, 11.854042813466378 ], [ 8.336825886682732, 11.853968257415715 ], [ 8.338539098846809, 11.854253792609711 ], [ 8.34138879278305, 11.856000467796491 ], [ 8.342527080556465, 11.857271523660131 ], [ 8.344820876114966, 11.861392176459901 ], [ 8.345820248793984, 11.864533064594013 ], [ 8.346033858939109, 11.866135135682498 ], [ 8.346248552085001, 11.868245024116106 ], [ 8.346819624473028, 11.869672700086142 ], [ 8.35034844487069, 11.872862919253748 ], [ 8.352673098450168, 11.874955103675291 ], [ 8.357045685421156, 11.87924561859046 ], [ 8.359124211833432, 11.88117778990329 ], [ 8.361239157270404, 11.884235001980528 ], [ 8.362952368434492, 11.885377142756568 ], [ 8.367088793244989, 11.885548079872706 ], [ 8.371739845405159, 11.886525280536659 ], [ 8.373627302687566, 11.887348936096316 ], [ 8.377311401190752, 11.889395444486809 ], [ 8.379227882492899, 11.891230616733708 ], [ 8.380227256171963, 11.893514899285776 ], [ 8.380414260299005, 11.89673160447137 ], [ 8.380792818556188, 11.900460949005321 ], [ 8.3808118185691, 11.902985159720401 ], [ 8.38108386175395, 11.907791665986167 ], [ 8.381512165044967, 11.909933181441261 ], [ 8.38197044535633, 11.910837097055378 ], [ 8.382939841015002, 11.911789159702266 ], [ 8.385081357470085, 11.912931301478295 ], [ 8.387793942313124, 11.913645139963307 ], [ 8.39064929525324, 11.913502371866343 ], [ 8.393361880096279, 11.913074068575327 ], [ 8.395360627454352, 11.912217462993283 ], [ 8.398644283685428, 11.911360857411296 ], [ 8.401071334334517, 11.909504878150244 ], [ 8.402499010304552, 11.907648897889146 ], [ 8.40399264431943, 11.906528673128037 ], [ 8.404245999491536, 11.906404330043529 ] ] ] ] } },
{ "type": "Feature", "properties": { "fid": 495.0, "OBJECTID": 495.0, "lganame": "Tofa", "statecode": "KN", "LGA_UID": "19_39" }, "geometry": { "type": "MultiPolygon", "coordinates": [ [ [ [ 8.267255762413129, 12.110015069387487 ], [ 8.269252271769631, 12.107574956729536 ], [ 8.270327023499874, 12.107833166904982 ], [ 8.272175732756011, 12.10841157029796 ], [ 8.273686704782619, 12.110750197886944 ], [ 8.27524180083924, 12.112943174376994 ], [ 8.278307868922525, 12.112176291855917 ], [ 8.281302633957296, 12.113152322519113 ], [ 8.281088721811955, 12.109875635292724 ], [ 8.283513056459185, 12.108272134203219 ], [ 8.286793035687765, 12.107714392824278 ], [ 8.288361721753631, 12.103740451124168 ], [ 8.290215624013285, 12.100951684229301 ], [ 8.29435125082324, 12.099975608566126 ], [ 8.297187064750005, 12.097342056776768 ], [ 8.30030764887033, 12.095226873339584 ], [ 8.304547710751251, 12.095095180250098 ], [ 8.306472917059352, 12.090702717265629 ], [ 8.308717182584189, 12.089367498358399 ], [ 8.312177230935163, 12.089377992365542 ], [ 8.31502938687305, 12.086798245612727 ], [ 8.318309368101666, 12.086170736186375 ], [ 8.323086730347654, 12.084985436381032 ], [ 8.327650181448291, 12.083590958433547 ], [ 8.329000000365454, 12.077230275111731 ], [ 8.338534602843765, 12.079735229813764 ], [ 8.344090432618657, 12.098460089536388 ], [ 8.346403614190365, 12.097710454027037 ], [ 8.349445914257444, 12.096664646316469 ], [ 8.350593974037508, 12.09352113818062 ], [ 8.355270034214698, 12.090995471464566 ], [ 8.354295043552213, 12.087209875892427 ], [ 8.353890398277258, 12.082329986576781 ], [ 8.353753716184428, 12.080681637456792 ], [ 8.353805745219745, 12.066633485911723 ], [ 8.355094744095595, 12.049728525425621 ], [ 8.361764060627081, 12.049705975410291 ], [ 8.362861299372582, 12.047477204895927 ], [ 8.36722385633675, 12.045156303319004 ], [ 8.371145571001364, 12.042715599660653 ], [ 8.373213385406359, 12.036160460206759 ], [ 8.376992491974079, 12.03748544810702 ], [ 8.379702040815062, 12.034626255164312 ], [ 8.38462201215799, 12.0339288856905 ], [ 8.386547217466045, 12.030860441605626 ], [ 8.387616776192772, 12.028838040231506 ], [ 8.387695257246094, 12.022203650723725 ], [ 8.388329814677263, 12.019074501597629 ], [ 8.389613285549331, 12.016354596749579 ], [ 8.393457262161121, 12.012553921167182 ], [ 8.393768567372604, 12.011395665380235 ], [ 8.39607016193645, 12.011307804320552 ], [ 8.397836674136727, 12.011627602537828 ], [ 8.400105727678408, 12.011673288568829 ], [ 8.401527878644686, 12.011417784395235 ], [ 8.402740267468459, 12.011025441128652 ], [ 8.402226303119278, 12.009550175126321 ], [ 8.402475671288698, 12.008670408528531 ], [ 8.402498514304227, 12.008190710202598 ], [ 8.402258664141243, 12.007631059822359 ], [ 8.401995971962776, 12.007231310550765 ], [ 8.401858914869649, 12.006797297255844 ], [ 8.402041656993788, 12.00643181200752 ], [ 8.402270085148984, 12.00590642665054 ], [ 8.402296655167049, 12.005506766378971 ], [ 8.406970720342883, 12.00474711586287 ], [ 8.409921811347999, 11.999321184176154 ], [ 8.413394528707556, 11.994047598592999 ], [ 8.414400647391176, 11.986483374453485 ], [ 8.416204536616817, 11.981464961043741 ], [ 8.417106403229582, 11.978928259320128 ], [ 8.416317025693218, 11.975619660072084 ], [ 8.415468227116548, 11.974929169602945 ], [ 8.414343905352609, 11.974020560985593 ], [ 8.412890004364726, 11.970971402913847 ], [ 8.411806750628728, 11.967954626864071 ], [ 8.411919390705236, 11.966465661852396 ], [ 8.411242793245549, 11.965031815878149 ], [ 8.41054436377101, 11.96231110102957 ], [ 8.408267217223795, 11.960232815617474 ], [ 8.407549932736401, 11.959578172172655 ], [ 8.405501712344744, 11.957662604871132 ], [ 8.405457620314792, 11.95767024387635 ], [ 8.400964525261941, 11.958448709405275 ], [ 8.400975965269708, 11.954502345723881 ], [ 8.402748094473793, 11.947928994257609 ], [ 8.402824883525966, 11.947621344048571 ], [ 8.402848075541726, 11.947535030989911 ], [ 8.402856982547803, 11.947493617961811 ], [ 8.401787325820976, 11.940539551236839 ], [ 8.402877681561847, 11.936663205603054 ], [ 8.403312457857226, 11.935117507552775 ], [ 8.404515234674477, 11.93084140064741 ], [ 8.389597582538613, 11.937426823121882 ], [ 8.379769693861022, 11.944174912706899 ], [ 8.371902225515498, 11.951425271633184 ], [ 8.361992794782509, 11.946746877454416 ], [ 8.360103822499013, 11.949433850280059 ], [ 8.356363373957549, 11.95189197995029 ], [ 8.336428550412791, 11.95933546300779 ], [ 8.335880664040531, 11.95931960999701 ], [ 8.324187424095498, 11.956431899034953 ], [ 8.322456817919658, 11.95743545771677 ], [ 8.321926874559551, 11.957797036962461 ], [ 8.320687822717673, 11.958879881698238 ], [ 8.297195220755555, 11.948947253949484 ], [ 8.296411699223199, 11.948013544315074 ], [ 8.29276751474714, 11.946658026394061 ], [ 8.28816841162228, 11.945332592493457 ], [ 8.285637122902415, 11.945716270754133 ], [ 8.276581524749531, 11.946692906417752 ], [ 8.268899909530262, 11.94677877247608 ], [ 8.267335322467204, 11.95081664221965 ], [ 8.265940001519141, 11.967249746385164 ], [ 8.265696937353994, 11.969533896937094 ], [ 8.269561903980048, 11.972157457719732 ], [ 8.272131721726112, 11.975964596306483 ], [ 8.273821138873984, 11.979010306375869 ], [ 8.277928419664704, 11.98249329874244 ], [ 8.284716553276894, 11.984390500031509 ], [ 8.291451103852694, 11.986232924283343 ], [ 8.291396428815574, 11.988716478970787 ], [ 8.290683390331083, 11.992517754553546 ], [ 8.287619265249191, 11.992735808701752 ], [ 8.280264621252002, 12.007107202466386 ], [ 8.280430200364549, 12.007665816845986 ], [ 8.280868857662597, 12.008024093089375 ], [ 8.289487158518284, 12.008582732468994 ], [ 8.291804677092955, 12.015142742926173 ], [ 8.295185643390141, 12.017950981834247 ], [ 8.295643042700931, 12.0279576356333 ], [ 8.292552149600851, 12.028546513033405 ], [ 8.290947811510762, 12.028128081749117 ], [ 8.289838539757056, 12.02736744623229 ], [ 8.288808694057309, 12.027430697275292 ], [ 8.288062756550516, 12.026742173807463 ], [ 8.286598272555466, 12.026593831706634 ], [ 8.286313750362126, 12.025651085066102 ], [ 8.283629634538386, 12.024249778113983 ], [ 8.280652894515868, 12.02269569905809 ], [ 8.273207847457286, 12.020552384601785 ], [ 8.271061979999274, 12.018228881023049 ], [ 8.266751366070423, 12.017991922862052 ], [ 8.264231961358576, 12.022548301957897 ], [ 8.259906190419429, 12.02408257600041 ], [ 8.257215654591334, 12.022676934045307 ], [ 8.247100999718896, 12.021481512233095 ], [ 8.245729323786918, 12.030382500280894 ], [ 8.258219587273459, 12.04531458842655 ], [ 8.249333028235469, 12.050756392124015 ], [ 8.264704850679891, 12.070738679701037 ], [ 8.266045308590662, 12.074247162084873 ], [ 8.268573889308698, 12.075163406707418 ], [ 8.267806663787439, 12.078857219217184 ], [ 8.268502585260251, 12.081717594160693 ], [ 8.262940879481334, 12.083321254250279 ], [ 8.261295185363167, 12.085399024662024 ], [ 8.258189252252862, 12.085644602828893 ], [ 8.257044571475092, 12.093201831963654 ], [ 8.250767340210018, 12.120021911186655 ], [ 8.26354795789382, 12.115731815271715 ], [ 8.268396625188302, 12.115592384176978 ], [ 8.269488114929914, 12.114593315498155 ], [ 8.267255762413129, 12.110015069387487 ] ] ] ] } },
{ "type": "Feature", "properties": { "fid": 507.0, "OBJECTID": 507.0, "lganame": "Makoda", "statecode": "KN", "LGA_UID": "19_29" }, "geometry": { "type": "MultiPolygon", "coordinates": [ [ [ [ 8.494372265728089, 12.597104984342195 ], [ 8.495969472813329, 12.594377140488746 ], [ 8.507720358797485, 12.59526786809397 ], [ 8.531974069276771, 12.600740378812247 ], [ 8.53999034872345, 12.58005103675481 ], [ 8.532120018375963, 12.578617483780818 ], [ 8.525695585010851, 12.576383238262736 ], [ 8.526283490410265, 12.566496183544928 ], [ 8.531656609061088, 12.552110243770358 ], [ 8.548852564744891, 12.552049592729134 ], [ 8.552160570992555, 12.531253333599068 ], [ 8.550448480829289, 12.519568056659466 ], [ 8.550639111958787, 12.516035127259045 ], [ 8.551526286561568, 12.499592533087025 ], [ 8.549318451061481, 12.489051366924798 ], [ 8.548402109438825, 12.486010019858384 ], [ 8.525255270711682, 12.485141090267973 ], [ 8.514706699544377, 12.484622819915842 ], [ 8.503916083212687, 12.48415955760106 ], [ 8.49964268730912, 12.483919024437625 ], [ 8.490463369072188, 12.483578550206289 ], [ 8.488059486438885, 12.488517890562377 ], [ 8.489313623291025, 12.491284265441948 ], [ 8.489144245175908, 12.495030481987328 ], [ 8.487832541284661, 12.499715316170466 ], [ 8.487182358842915, 12.504078932135371 ], [ 8.472836706095734, 12.503599230809414 ], [ 8.472469676846345, 12.505500371101164 ], [ 8.47209889459441, 12.512492825852178 ], [ 8.459869232284916, 12.51405964991676 ], [ 8.459871887286738, 12.514062569918735 ], [ 8.457192031465866, 12.513425726486048 ], [ 8.456383919916789, 12.513518538549135 ], [ 8.455599577383907, 12.513704165675222 ], [ 8.454767697818681, 12.513912995817122 ], [ 8.453983355285743, 12.513912995817122 ], [ 8.452937563575176, 12.513959402848684 ], [ 8.452112517014598, 12.513932905830643 ], [ 8.451463949573906, 12.514145028974781 ], [ 8.450679606040978, 12.514261046053605 ], [ 8.450014102588796, 12.514261046053605 ], [ 8.449277296088212, 12.514029012895946 ], [ 8.448564256603731, 12.513866588785618 ], [ 8.447732378038495, 12.513588148596398 ], [ 8.446781659392514, 12.51384338576986 ], [ 8.446021083875735, 12.514423469164001 ], [ 8.445022829197512, 12.514098622943266 ], [ 8.444642540939128, 12.512915251139191 ], [ 8.444690076971426, 12.511847892413982 ], [ 8.444880221100618, 12.510548491531097 ], [ 8.445094133245959, 12.509736362979311 ], [ 8.445236741342853, 12.508761806317125 ], [ 8.445973547843437, 12.506371804693231 ], [ 8.447996542217993, 12.502885406324424 ], [ 8.448129236308148, 12.499131739773986 ], [ 8.446752943373042, 12.495183131091096 ], [ 8.443366008071735, 12.489555854267621 ], [ 8.438187029552864, 12.49170833973011 ], [ 8.433264232208046, 12.495152821070462 ], [ 8.425091207654873, 12.487832778096845 ], [ 8.430844155563761, 12.484186660619457 ], [ 8.4362180962151, 12.478626444841552 ], [ 8.439457670416232, 12.477001984737853 ], [ 8.443021676837816, 12.474739328200485 ], [ 8.44362507524778, 12.47022923413607 ], [ 8.444783721035037, 12.452811197301344 ], [ 8.445853279761764, 12.445442297294505 ], [ 8.451567629644387, 12.446296972875246 ], [ 8.451615429676849, 12.44633834790335 ], [ 8.458370866266876, 12.44621653782059 ], [ 8.467343045363009, 12.447151676455974 ], [ 8.472001566528263, 12.447337349582085 ], [ 8.484143463778139, 12.444985065983815 ], [ 8.488760769915359, 12.429736748623327 ], [ 8.489483162406202, 12.424116703804771 ], [ 8.489039875104993, 12.414729393426512 ], [ 8.494958244126281, 12.40882766241657 ], [ 8.490646766196789, 12.390605973035804 ], [ 8.48330000020502, 12.388500000604893 ], [ 8.478337635833327, 12.382185514314472 ], [ 8.477862275510347, 12.380467591147237 ], [ 8.477089794985488, 12.378337837700201 ], [ 8.47409344694961, 12.375764328951618 ], [ 8.470282366360152, 12.374503999095282 ], [ 8.458018092027146, 12.369600777763765 ], [ 8.446516070212056, 12.355281350034375 ], [ 8.45760000174306, 12.351899999736929 ], [ 8.478311646815655, 12.359839948131764 ], [ 8.488650254840252, 12.367260572173677 ], [ 8.4939552664448, 12.372609582808082 ], [ 8.501469498550364, 12.376693646583021 ], [ 8.49914619297175, 12.383362993114531 ], [ 8.502169478025962, 12.385925916855911 ], [ 8.506220807778618, 12.386616384325066 ], [ 8.516184609548588, 12.386779637436007 ], [ 8.525915146160003, 12.38693906754429 ], [ 8.528054627613699, 12.386340060137343 ], [ 8.530701617412205, 12.382967987846143 ], [ 8.532182857418604, 12.382111424264167 ], [ 8.539043053079808, 12.381475571832141 ], [ 8.54925384101756, 12.386734133405071 ], [ 8.54947465016761, 12.381332934735212 ], [ 8.549759866361399, 12.379243561315604 ], [ 8.545838149696749, 12.376666641564668 ], [ 8.541684523874551, 12.37330433828015 ], [ 8.538144281469158, 12.369842460927998 ], [ 8.542112869165635, 12.366277832506 ], [ 8.547249126655458, 12.361822545478844 ], [ 8.56631681561106, 12.351793835664807 ], [ 8.565344221950227, 12.349823876326298 ], [ 8.567410966354487, 12.331621657958749 ], [ 8.567429439367004, 12.320911844681916 ], [ 8.571137241886277, 12.314920876611325 ], [ 8.572090968534326, 12.310941208907366 ], [ 8.576379144447912, 12.302536506196759 ], [ 8.581333702814334, 12.300082191529157 ], [ 8.585812450857418, 12.296941120394933 ], [ 8.589391045288892, 12.29417435051505 ], [ 8.592314506275272, 12.286789362497302 ], [ 8.598067453184115, 12.279615502623017 ], [ 8.600091208559149, 12.272738768950603 ], [ 8.600340853728767, 12.267293902251026 ], [ 8.600180710619952, 12.266802089916894 ], [ 8.597951273105195, 12.259955262264782 ], [ 8.596823113338644, 12.259442235916197 ], [ 8.590227499857235, 12.255551858272895 ], [ 8.584802866171458, 12.254637591651658 ], [ 8.575180870633744, 12.253800101082618 ], [ 8.57210442054344, 12.261648694415385 ], [ 8.569579248827722, 12.266777397900114 ], [ 8.568301545959571, 12.271171090885389 ], [ 8.56658424479275, 12.275793521026117 ], [ 8.56255517205517, 12.278810360075965 ], [ 8.557036848305756, 12.279613175621421 ], [ 8.545884563728293, 12.281604351974352 ], [ 8.544447775752076, 12.27883126709014 ], [ 8.537491919025911, 12.264969165671516 ], [ 8.528504865919615, 12.252083476916255 ], [ 8.518292168980565, 12.254297321420495 ], [ 8.514930737696602, 12.25702230527196 ], [ 8.515785783277579, 12.262855201235141 ], [ 8.514911391683484, 12.264752265524123 ], [ 8.505764134468336, 12.262191484784182 ], [ 8.503332906816468, 12.261743769480006 ], [ 8.501699998706954, 12.261399999246407 ], [ 8.500665906004372, 12.261016477985834 ], [ 8.499400001144238, 12.260699998770804 ], [ 8.494117826555225, 12.257314037470223 ], [ 8.48419998781651, 12.260501506635933 ], [ 8.480322165181747, 12.269526432767975 ], [ 8.479239263445947, 12.273618004547984 ], [ 8.477629041351861, 12.276942495806793 ], [ 8.472859772111406, 12.283967970580306 ], [ 8.472556063905017, 12.286314274174515 ], [ 8.477269631107674, 12.290081803734381 ], [ 8.479408748561127, 12.291057180397104 ], [ 8.474028161905267, 12.301614529570315 ], [ 8.471305009055015, 12.304445251493632 ], [ 8.467215779276557, 12.309449296893661 ], [ 8.463340224643275, 12.311765694467567 ], [ 8.459586259092646, 12.313663975757322 ], [ 8.44945757221069, 12.316098919411786 ], [ 8.451017905270874, 12.320490915395908 ], [ 8.45087529717398, 12.327921396444594 ], [ 8.449544291269603, 12.327271237002833 ], [ 8.449200001035706, 12.326592089541407 ], [ 8.446775322388248, 12.324357113022813 ], [ 8.445968197839818, 12.323719426589548 ], [ 8.442556506521726, 12.322209232563409 ], [ 8.441041007492004, 12.322361610666974 ], [ 8.43941913539004, 12.322302113626563 ], [ 8.438985256095236, 12.3281264675839 ], [ 8.437993056421078, 12.330475575180003 ], [ 8.43647190638751, 12.331357921779556 ], [ 8.436424370355212, 12.333633434325634 ], [ 8.435210136530202, 12.338266258473425 ], [ 8.435589459787934, 12.356566287907413 ], [ 8.433506670372822, 12.357473044523545 ], [ 8.427808802501374, 12.35995364920899 ], [ 8.424742735418135, 12.361416321202796 ], [ 8.422457717865541, 12.36320233741634 ], [ 8.421493257210273, 12.36648783064868 ], [ 8.417078593210704, 12.373618190493403 ], [ 8.415771995322928, 12.376035269135684 ], [ 8.412533360122438, 12.383347302103857 ], [ 8.412830867324544, 12.385139321321446 ], [ 8.401524668642537, 12.395672582478312 ], [ 8.374936288576976, 12.409553440909747 ], [ 8.373327906484178, 12.410488033544709 ], [ 8.371830525466748, 12.42114239278385 ], [ 8.373310771472518, 12.426411516363999 ], [ 8.365784983359106, 12.431561143862893 ], [ 8.36561397924288, 12.431705142960766 ], [ 8.365774077351659, 12.432712604645303 ], [ 8.366036769530183, 12.433946118483391 ], [ 8.366824847065629, 12.433774797366993 ], [ 8.367167490298471, 12.435659329647422 ], [ 8.371564734286153, 12.434962624174091 ], [ 8.372603126991692, 12.435933672833869 ], [ 8.376881896898908, 12.43561572861779 ], [ 8.379511955685928, 12.442394436223651 ], [ 8.381294552897145, 12.444947493958296 ], [ 8.383849610633149, 12.447964713008389 ], [ 8.384859749319503, 12.450343648624767 ], [ 8.384859749319503, 12.45156212045265 ], [ 8.384859749319503, 12.453883002029556 ], [ 8.384622070158002, 12.455913756409359 ], [ 8.384681490198375, 12.457190222276665 ], [ 8.385097429480993, 12.459104908577615 ], [ 8.385572788803984, 12.463108300297733 ], [ 8.385988728086602, 12.464210672046761 ], [ 8.386642346530721, 12.465255019756341 ], [ 8.386761186611466, 12.466589458663009 ], [ 8.387355387015191, 12.467691816412014 ], [ 8.387295966974818, 12.468678132082175 ], [ 8.387414806055517, 12.470302644185949 ], [ 8.389078565185969, 12.470882823580155 ], [ 8.39163362192204, 12.471230931816649 ], [ 8.393974766512713, 12.47166026410838 ], [ 8.396161419998464, 12.472588546739132 ], [ 8.397302282773637, 12.474816413252825 ], [ 8.397207210709041, 12.477786871271121 ], [ 8.397278514757488, 12.481557910833374 ], [ 8.397872714161224, 12.483240356976523 ], [ 8.398942272887894, 12.484226613646626 ], [ 8.40024951177611, 12.485270881356143 ], [ 8.402150950068062, 12.487069331578141 ], [ 8.403695868117779, 12.488693728681824 ], [ 8.405656726450047, 12.492000504928626 ], [ 8.407974103024628, 12.495887361569544 ], [ 8.409459601033973, 12.499368080934573 ], [ 8.410248848570177, 12.504695642554395 ], [ 8.428470311950832, 12.53555239252006 ], [ 8.432799913892609, 12.542808560450283 ], [ 8.451573874648602, 12.574270284827094 ], [ 8.458427349305225, 12.586906936413072 ], [ 8.481833102208327, 12.596992188265517 ], [ 8.488667951852278, 12.600500829649491 ], [ 8.492432799410324, 12.601892556595089 ], [ 8.493288445991709, 12.601057522027759 ], [ 8.494372265728089, 12.597104984342195 ] ] ] ] } },
{ "type": "Feature", "properties": { "fid": 508.0, "OBJECTID": 508.0, "lganame": "Kura", "statecode": "KN", "LGA_UID": "19_27" }, "geometry": { "type": "MultiPolygon", "coordinates": [ [ [ [ 8.510597923752698, 11.843546218334438 ], [ 8.511454530334731, 11.843070326011059 ], [ 8.512691850175429, 11.843355862205101 ], [ 8.514088610124418, 11.843403299237309 ], [ 8.515356845986162, 11.84345104026977 ], [ 8.51611827350348, 11.842689611752405 ], [ 8.516354321663869, 11.842217516431617 ], [ 8.516640624858439, 11.84168382406898 ], [ 8.516974880085513, 11.840786043458991 ], [ 8.517336165331017, 11.839641973681637 ], [ 8.517644796540708, 11.838763486084758 ], [ 8.518117020861553, 11.837740334389593 ], [ 8.518973627443586, 11.836693370678233 ], [ 8.519560054842032, 11.835447212831525 ], [ 8.520297887343361, 11.833806730716901 ], [ 8.520648048581279, 11.832209256631472 ], [ 8.521162730930996, 11.830982663798068 ], [ 8.521272718005719, 11.829639088885187 ], [ 8.521733802318977, 11.82755624046996 ], [ 8.522135544591947, 11.8270814531474 ], [ 8.522780765030348, 11.826318919629273 ], [ 8.52325665735367, 11.825462314047229 ], [ 8.523447014483054, 11.824415351335858 ], [ 8.523351835418339, 11.823368388624544 ], [ 8.523007858184656, 11.822795093235015 ], [ 8.522631764929088, 11.822228613850086 ], [ 8.522400050771694, 11.821559999395788 ], [ 8.523096223244693, 11.821116980094814 ], [ 8.523447014483054, 11.820893748943149 ], [ 8.524874690453089, 11.820513035684428 ], [ 8.52592165316446, 11.820513035684428 ], [ 8.526753241729466, 11.821011989023475 ], [ 8.528429945868709, 11.822117760774802 ], [ 8.528713062061058, 11.822442954995722 ], [ 8.529252899427888, 11.823368388624544 ], [ 8.530299861139213, 11.823939460012525 ], [ 8.531251644785925, 11.823939460012525 ], [ 8.532108251367958, 11.823558745753871 ], [ 8.532378482551565, 11.82319072650381 ], [ 8.533916641596647, 11.821750354525136 ], [ 8.535344318566672, 11.821750354525136 ], [ 8.536284968205848, 11.82222067984469 ], [ 8.537057530730749, 11.822606961107169 ], [ 8.53809441343526, 11.822969870353745 ], [ 8.538831497936087, 11.823227849529019 ], [ 8.539522597405664, 11.823507100718757 ], [ 8.540388775994188, 11.824034638077194 ], [ 8.541911631028881, 11.823939460012525 ], [ 8.543339307998906, 11.823368388624544 ], [ 8.544286171642284, 11.822761516212211 ], [ 8.546089427867514, 11.822696518168016 ], [ 8.552952329530513, 11.822702140171828 ], [ 8.565420706002215, 11.818133575067691 ], [ 8.573225338305065, 11.813755366092948 ], [ 8.579411935508574, 11.80709287556607 ], [ 8.583980500612711, 11.803000202785313 ], [ 8.595251962271107, 11.808880107780396 ], [ 8.601241491340716, 11.80245890941751 ], [ 8.603701456012175, 11.799631118496166 ], [ 8.600457147807788, 11.786056252272658 ], [ 8.603595042939844, 11.782077821569544 ], [ 8.61415926111772, 11.767095382389641 ], [ 8.616916345991058, 11.760952435215813 ], [ 8.616832568934115, 11.75517045728725 ], [ 8.618341819959596, 11.752410626412086 ], [ 8.607990882926629, 11.748077826468148 ], [ 8.594663122871054, 11.745722985868099 ], [ 8.584765803146297, 11.744479324023132 ], [ 8.585180919428296, 11.761942308888365 ], [ 8.582422329553992, 11.766343151878573 ], [ 8.582129186354791, 11.766551953020439 ], [ 8.582032535289159, 11.766706141125212 ], [ 8.575029007530588, 11.771694570514569 ], [ 8.574686241297684, 11.772592980125012 ], [ 8.571168922907816, 11.776410151718608 ], [ 8.56738863833931, 11.781613231253857 ], [ 8.555627823348402, 11.775710106242968 ], [ 8.542221602239465, 11.772237590883549 ], [ 8.537824351251743, 11.763745148113344 ], [ 8.533546116344894, 11.763977835271419 ], [ 8.5297720877806, 11.772996166398968 ], [ 8.501732484729018, 11.7588391257799 ], [ 8.500441524851908, 11.745122794460315 ], [ 8.50266043535953, 11.73945609561008 ], [ 8.50155753161016, 11.73806883766747 ], [ 8.49989959348369, 11.735983428250563 ], [ 8.49671767532169, 11.733202547361088 ], [ 8.493770446319218, 11.731527005222631 ], [ 8.491298576639679, 11.730130712273933 ], [ 8.483484177330183, 11.727650802588926 ], [ 8.474667892339937, 11.715161552103041 ], [ 8.471509888194191, 11.717197636486503 ], [ 8.471502094188907, 11.71731440056584 ], [ 8.470440314467453, 11.733220635373357 ], [ 8.470064043211835, 11.73338107148237 ], [ 8.47005051920263, 11.733583667620053 ], [ 8.46857690420137, 11.734211993046927 ], [ 8.46612880253798, 11.735584993979842 ], [ 8.46295825438375, 11.737034147964494 ], [ 8.459404843969367, 11.738560581001593 ], [ 8.459037429719729, 11.738442286921213 ], [ 8.455270207160083, 11.73659806166819 ], [ 8.45427534548412, 11.736525727619039 ], [ 8.443330764047801, 11.734919854527902 ], [ 8.437109491820763, 11.731310207075296 ], [ 8.425907605209602, 11.724627245534577 ], [ 8.42620883341425, 11.734162021012992 ], [ 8.426900084883926, 11.742057982377901 ], [ 8.423269596417185, 11.747329214959507 ], [ 8.423166211346938, 11.747276384923566 ], [ 8.422879801152362, 11.747692229206109 ], [ 8.407038763389096, 11.747124017820056 ], [ 8.406911199302442, 11.747237923897444 ], [ 8.403051878680174, 11.749502538436161 ], [ 8.398040300275056, 11.751307248662386 ], [ 8.390169979927578, 11.75138386171443 ], [ 8.378990635331718, 11.757653395974273 ], [ 8.378987043329289, 11.757873514123844 ], [ 8.380899423628648, 11.76579610250684 ], [ 8.384583460131751, 11.773823648961184 ], [ 8.384629658163192, 11.776673300897414 ], [ 8.390228352967199, 11.784933852510051 ], [ 8.39318612797689, 11.789628433699818 ], [ 8.398548181620129, 11.796384964290553 ], [ 8.402588000365029, 11.803326689007122 ], [ 8.408045864073358, 11.813573345969246 ], [ 8.409140098816863, 11.816063082660889 ], [ 8.411753666592631, 11.819947757300383 ], [ 8.418104469907746, 11.824265521234111 ], [ 8.424165303025802, 11.826847771988582 ], [ 8.43001222399846, 11.830604786541301 ], [ 8.432507861694148, 11.833396345438075 ], [ 8.433883733628988, 11.835168975642489 ], [ 8.438633890856522, 11.844116953722221 ], [ 8.440392721051523, 11.845605713733733 ], [ 8.442294158343486, 11.846629232429166 ], [ 8.444575883893833, 11.847047942713687 ], [ 8.448141080316191, 11.847140989776904 ], [ 8.454143549394587, 11.845672660779258 ], [ 8.454566643682085, 11.845413149602905 ], [ 8.459650720136437, 11.84229476248413 ], [ 8.465912819391235, 11.841549872977964 ], [ 8.471489611180402, 11.84235143552263 ], [ 8.477910709543266, 11.842832923849755 ], [ 8.478241300767877, 11.842857712866589 ], [ 8.484280281871065, 11.844824503202972 ], [ 8.490192564888218, 11.847237912842729 ], [ 8.497709186995394, 11.847354221921762 ], [ 8.502632474340544, 11.846723961493524 ], [ 8.509678723128104, 11.846092012064162 ], [ 8.509646140105986, 11.845544964692465 ], [ 8.509931675299981, 11.84411728872243 ], [ 8.510597923752698, 11.843546218334438 ] ] ] ] } },
{ "type": "Feature", "properties": { "fid": 509.0, "OBJECTID": 509.0, "lganame": "Dambatta", "statecode": "KN", "LGA_UID": "19_08" }, "geometry": { "type": "MultiPolygon", "coordinates": [ [ [ [ 8.645744572578451, 12.559826922013485 ], [ 8.660819747821336, 12.558864814359765 ], [ 8.683174450010313, 12.561931061443147 ], [ 8.689577883361153, 12.569316073460925 ], [ 8.691922027953865, 12.572209767427069 ], [ 8.713544501645345, 12.567767539408749 ], [ 8.719116211431071, 12.566590308608909 ], [ 8.729983676814982, 12.559105350523225 ], [ 8.735449065528485, 12.553346961610657 ], [ 8.737576066973645, 12.550970528996004 ], [ 8.728150471569393, 12.546003584621189 ], [ 8.721848981287849, 12.540026872560304 ], [ 8.718106491745004, 12.537965012159361 ], [ 8.71447844027989, 12.523502502332747 ], [ 8.71039813350751, 12.513999191875712 ], [ 8.70497993382611, 12.502458930034607 ], [ 8.700100001510464, 12.498599999412647 ], [ 8.697887324007013, 12.496094316710185 ], [ 8.69708775446378, 12.495104719037784 ], [ 8.693213608831456, 12.494584264684192 ], [ 8.687487107940569, 12.482753999646036 ], [ 8.688556913667469, 12.468468453939693 ], [ 8.698853930663802, 12.454577904501718 ], [ 8.697858051987112, 12.451420703356575 ], [ 8.696103199794777, 12.446691524143318 ], [ 8.695530940406002, 12.444803024860164 ], [ 8.695567821431041, 12.442824899516097 ], [ 8.701823772681678, 12.4313209156997 ], [ 8.703471235801032, 12.429727971617353 ], [ 8.704897314769994, 12.427314030977186 ], [ 8.705752963351358, 12.425085757463194 ], [ 8.709885424159154, 12.415942698250944 ], [ 8.713191951405804, 12.41797200962975 ], [ 8.729479669472539, 12.425498247743462 ], [ 8.733380615123053, 12.423411892325873 ], [ 8.738697937735935, 12.417236774130174 ], [ 8.757424222459576, 12.421266085867899 ], [ 8.763844510821855, 12.41993127396097 ], [ 8.764131368016763, 12.419514538677845 ], [ 8.774043544751578, 12.403343812690593 ], [ 8.780443071099796, 12.387134676677249 ], [ 8.785007097200833, 12.392608819396628 ], [ 8.785428328487001, 12.391577953696242 ], [ 8.789000000913802, 12.388399999536944 ], [ 8.792059667992703, 12.385509644573062 ], [ 8.793800000175167, 12.383699998343502 ], [ 8.795099049057853, 12.382300602392718 ], [ 8.794586702709694, 12.38152725686723 ], [ 8.793422699918835, 12.379770278673448 ], [ 8.791106224344901, 12.377440453090458 ], [ 8.78649521021191, 12.370470047354388 ], [ 8.782957592808259, 12.366204737456314 ], [ 8.780027501817415, 12.341198901466043 ], [ 8.755630469240771, 12.343993653364919 ], [ 8.746864353284593, 12.331983608204666 ], [ 8.751808166643684, 12.328599929905636 ], [ 8.740233420779191, 12.315799713208492 ], [ 8.73403687656895, 12.305863260457102 ], [ 8.725051033463501, 12.305490923204104 ], [ 8.724884871350582, 12.302978031496764 ], [ 8.7244570470599, 12.302304588039192 ], [ 8.724195598882261, 12.301073809202933 ], [ 8.723540750437337, 12.294803305942423 ], [ 8.724161142858861, 12.29170650483826 ], [ 8.73255098155937, 12.268831753295956 ], [ 8.728979205132475, 12.267290806248923 ], [ 8.721088237770971, 12.266454694680874 ], [ 8.718919267297224, 12.265990964365756 ], [ 8.716962117967455, 12.265358455935996 ], [ 8.712874026189809, 12.264745302519373 ], [ 8.710504893580094, 12.264463709328083 ], [ 8.708810760429003, 12.265703458170435 ], [ 8.707748568707302, 12.265577823085039 ], [ 8.707108970272714, 12.265429343984181 ], [ 8.707006177202857, 12.265646351131636 ], [ 8.704767579681857, 12.265280865883312 ], [ 8.704367831410252, 12.265600666100568 ], [ 8.703157160587637, 12.266434428667083 ], [ 8.702951576447958, 12.267496620388783 ], [ 8.702768833323773, 12.268444597032897 ], [ 8.702917311424642, 12.2693354676382 ], [ 8.7029629974557, 12.270580402484086 ], [ 8.7029629974557, 12.271117207848818 ], [ 8.704207931301596, 12.271334214996273 ], [ 8.70473331565853, 12.27160832918247 ], [ 8.705243473005169, 12.271707314249738 ], [ 8.707051863233914, 12.272601991857641 ], [ 8.708118892958908, 12.273415728410555 ], [ 8.704134948251976, 12.288363058566574 ], [ 8.696174074842929, 12.297359907679493 ], [ 8.673880574695545, 12.305980566536846 ], [ 8.664981845649322, 12.299125382879026 ], [ 8.667429596312445, 12.289784126532084 ], [ 8.667857418603091, 12.284582056997522 ], [ 8.668188413828034, 12.279464144520148 ], [ 8.667469978339852, 12.277029990866254 ], [ 8.664139748077162, 12.272259711625054 ], [ 8.656128024633574, 12.267766577572218 ], [ 8.654464266503112, 12.265211788836325 ], [ 8.647085111489332, 12.255315610112348 ], [ 8.646238669914169, 12.256677740037844 ], [ 8.643159077821736, 12.261633495405079 ], [ 8.642946757677521, 12.261975161637224 ], [ 8.638204173455108, 12.262527124012252 ], [ 8.630500126220568, 12.260532994657353 ], [ 8.623401230397235, 12.257259539433164 ], [ 8.61979169794472, 12.255901394510374 ], [ 8.613869320920742, 12.253750790049139 ], [ 8.611191186101053, 12.253116335618074 ], [ 8.610005029295166, 12.255244092063776 ], [ 8.609053759648816, 12.256993135252173 ], [ 8.608805433480086, 12.257449716562405 ], [ 8.605925583523344, 12.255531008258743 ], [ 8.602892262462376, 12.259906407231597 ], [ 8.601046540208245, 12.259867125204892 ], [ 8.598091033200149, 12.26001881730798 ], [ 8.597951273105195, 12.259955262264782 ], [ 8.600180710619952, 12.266802089916894 ], [ 8.600340853728767, 12.267293902251026 ], [ 8.600091208559149, 12.272738768950603 ], [ 8.598067453184115, 12.279615502623017 ], [ 8.592314506275272, 12.286789362497302 ], [ 8.589391045288892, 12.29417435051505 ], [ 8.585812450857418, 12.296941120394933 ], [ 8.581333702814334, 12.300082191529157 ], [ 8.576379144447912, 12.302536506196759 ], [ 8.572090968534326, 12.310941208907366 ], [ 8.571137241886277, 12.314920876611325 ], [ 8.567429439367004, 12.320911844681916 ], [ 8.567410966354487, 12.331621657958749 ], [ 8.565344221950227, 12.349823876326298 ], [ 8.56631681561106, 12.351793835664807 ], [ 8.547249126655458, 12.361822545478844 ], [ 8.542112869165635, 12.366277832506 ], [ 8.538144281469158, 12.369842460927998 ], [ 8.541684523874551, 12.37330433828015 ], [ 8.545838149696749, 12.376666641564668 ], [ 8.549759866361399, 12.379243561315604 ], [ 8.54947465016761, 12.381332934735212 ], [ 8.54925384101756, 12.386734133405071 ], [ 8.539043053079808, 12.381475571832141 ], [ 8.532182857418604, 12.382111424264167 ], [ 8.530701617412205, 12.382967987846143 ], [ 8.528054627613699, 12.386340060137343 ], [ 8.525915146160003, 12.38693906754429 ], [ 8.516184609548588, 12.386779637436007 ], [ 8.506220807778618, 12.386616384325066 ], [ 8.502169478025962, 12.385925916855911 ], [ 8.49914619297175, 12.383362993114531 ], [ 8.501469498550364, 12.376693646583021 ], [ 8.4939552664448, 12.372609582808082 ], [ 8.488650254840252, 12.367260572173677 ], [ 8.478311646815655, 12.359839948131764 ], [ 8.45760000174306, 12.351899999736929 ], [ 8.446516070212056, 12.355281350034375 ], [ 8.458018092027146, 12.369600777763765 ], [ 8.470282366360152, 12.374503999095282 ], [ 8.47409344694961, 12.375764328951618 ], [ 8.477089794985488, 12.378337837700201 ], [ 8.477862275510347, 12.380467591147237 ], [ 8.478337635833327, 12.382185514314472 ], [ 8.48330000020502, 12.388500000604893 ], [ 8.490646766196789, 12.390605973035804 ], [ 8.494958244126281, 12.40882766241657 ], [ 8.489039875104993, 12.414729393426512 ], [ 8.489483162406202, 12.424116703804771 ], [ 8.488760769915359, 12.429736748623327 ], [ 8.484143463778139, 12.444985065983815 ], [ 8.472001566528263, 12.447337349582085 ], [ 8.467343045363009, 12.447151676455974 ], [ 8.458370866266876, 12.44621653782059 ], [ 8.451615429676849, 12.44633834790335 ], [ 8.451567629644387, 12.446296972875246 ], [ 8.445853279761764, 12.445442297294505 ], [ 8.444783721035037, 12.452811197301344 ], [ 8.44362507524778, 12.47022923413607 ], [ 8.443021676837816, 12.474739328200485 ], [ 8.439457670416232, 12.477001984737853 ], [ 8.4362180962151, 12.478626444841552 ], [ 8.430844155563761, 12.484186660619457 ], [ 8.425091207654873, 12.487832778096845 ], [ 8.433264232208046, 12.495152821070462 ], [ 8.438187029552864, 12.49170833973011 ], [ 8.443366008071735, 12.489555854267621 ], [ 8.446752943373042, 12.495183131091096 ], [ 8.448129236308148, 12.499131739773986 ], [ 8.447996542217993, 12.502885406324424 ], [ 8.445973547843437, 12.506371804693231 ], [ 8.445236741342853, 12.508761806317125 ], [ 8.445094133245959, 12.509736362979311 ], [ 8.444880221100618, 12.510548491531097 ], [ 8.444690076971426, 12.511847892413982 ], [ 8.444642540939128, 12.512915251139191 ], [ 8.445022829197512, 12.514098622943266 ], [ 8.446021083875735, 12.514423469164001 ], [ 8.446781659392514, 12.51384338576986 ], [ 8.447732378038495, 12.513588148596398 ], [ 8.448564256603731, 12.513866588785618 ], [ 8.449277296088212, 12.514029012895946 ], [ 8.450014102588796, 12.514261046053605 ], [ 8.450679606040978, 12.514261046053605 ], [ 8.451463949573906, 12.514145028974781 ], [ 8.452112517014598, 12.513932905830643 ], [ 8.452937563575176, 12.513959402848684 ], [ 8.453983355285743, 12.513912995817122 ], [ 8.454767697818681, 12.513912995817122 ], [ 8.455599577383907, 12.513704165675222 ], [ 8.456383919916789, 12.513518538549135 ], [ 8.457192031465866, 12.513425726486048 ], [ 8.459871887286738, 12.514062569918735 ], [ 8.459869232284916, 12.51405964991676 ], [ 8.47209889459441, 12.512492825852178 ], [ 8.472469676846345, 12.505500371101164 ], [ 8.472836706095734, 12.503599230809414 ], [ 8.487182358842915, 12.504078932135371 ], [ 8.487832541284661, 12.499715316170466 ], [ 8.489144245175908, 12.495030481987328 ], [ 8.489313623291025, 12.491284265441948 ], [ 8.488059486438885, 12.488517890562377 ], [ 8.490463369072188, 12.483578550206289 ], [ 8.49964268730912, 12.483919024437625 ], [ 8.503916083212687, 12.48415955760106 ], [ 8.514706699544377, 12.484622819915842 ], [ 8.525255270711682, 12.485141090267973 ], [ 8.548402109438825, 12.486010019858384 ], [ 8.549318451061481, 12.489051366924798 ], [ 8.551526286561568, 12.499592533087025 ], [ 8.550639111958787, 12.516035127259045 ], [ 8.550448480829289, 12.519568056659466 ], [ 8.552160570992555, 12.531253333599068 ], [ 8.548852564744891, 12.552049592729134 ], [ 8.531656609061088, 12.552110243770358 ], [ 8.526283490410265, 12.566496183544928 ], [ 8.525695585010851, 12.576383238262736 ], [ 8.532120018375963, 12.578617483780818 ], [ 8.53999034872345, 12.58005103675481 ], [ 8.531974069276771, 12.600740378812247 ], [ 8.54303174578996, 12.601566967373913 ], [ 8.55601863961391, 12.602577516060535 ], [ 8.599816194372295, 12.597148870371996 ], [ 8.611224822123916, 12.594588038632025 ], [ 8.624523727159897, 12.594428002523273 ], [ 8.632333615466337, 12.593721411043191 ], [ 8.640747477183197, 12.592996530550693 ], [ 8.648667600564522, 12.583509466104658 ], [ 8.648065232155261, 12.575211531466607 ], [ 8.646911227371163, 12.567984574556249 ], [ 8.646189973881121, 12.563584931566879 ], [ 8.645744572578451, 12.559826922013485 ] ] ] ] } },
{ "type": "Feature", "properties": { "fid": 511.0, "OBJECTID": 511.0, "lganame": "Rano", "statecode": "KN", "LGA_UID": "19_32" }, "geometry": { "type": "MultiPolygon", "coordinates": [ [ [ [ 8.649111875866424, 11.637082550052071 ], [ 8.649450570096519, 11.63629686851823 ], [ 8.64990810240738, 11.635226010790632 ], [ 8.657451433532742, 11.635266250817949 ], [ 8.66645189764813, 11.63468180942084 ], [ 8.672137842511461, 11.634484204286593 ], [ 8.67291426303899, 11.63192586554834 ], [ 8.672308178627191, 11.630563990622989 ], [ 8.671381227997358, 11.629865591148473 ], [ 8.670276018246454, 11.629656071006082 ], [ 8.668707332180588, 11.628748148389207 ], [ 8.669063851422834, 11.627805301748595 ], [ 8.669053899416099, 11.626721910012463 ], [ 8.668878823297121, 11.62620745566295 ], [ 8.668353592940264, 11.625778745371633 ], [ 8.667303132226493, 11.625092803905602 ], [ 8.666602825750658, 11.624921318789063 ], [ 8.66599005833433, 11.624664090614317 ], [ 8.66599005833433, 11.623377945740401 ], [ 8.665639905096441, 11.622692001274345 ], [ 8.664239292144771, 11.621834565691756 ], [ 8.663538985668936, 11.621491591458721 ], [ 8.662672586080248, 11.619970495425207 ], [ 8.662225911776773, 11.619605222177029 ], [ 8.661438068241466, 11.619176500885715 ], [ 8.660753102776084, 11.618871532678497 ], [ 8.659512225932929, 11.618233310244875 ], [ 8.658636842338183, 11.618147565186632 ], [ 8.657498843564952, 11.618404800361418 ], [ 8.656668142000512, 11.617951969053706 ], [ 8.651286890344238, 11.61531693326333 ], [ 8.64486234497906, 11.610320057868194 ], [ 8.643434669009025, 11.60425242374555 ], [ 8.64305502475105, 11.602455830524832 ], [ 8.642529797394218, 11.602541580583079 ], [ 8.641829488918347, 11.602370082466564 ], [ 8.641129183442558, 11.601941334175251 ], [ 8.64086656826413, 11.601255333709162 ], [ 8.640516415026184, 11.600740834359556 ], [ 8.640364575923002, 11.600294624056403 ], [ 8.640189463804063, 11.599552081551849 ], [ 8.639954826644612, 11.599218808325418 ], [ 8.639425834285191, 11.598830660061708 ], [ 8.639028264015053, 11.59833981972821 ], [ 8.638590572717646, 11.597739564320364 ], [ 8.638590572717646, 11.596967803795962 ], [ 8.638503033658196, 11.596453295446395 ], [ 8.638327956539229, 11.595938786096781 ], [ 8.639290878193492, 11.596024538155064 ], [ 8.639212573140298, 11.59516359057011 ], [ 8.639141269091851, 11.594674650237891 ], [ 8.638856052898063, 11.593696762573472 ], [ 8.63892735694651, 11.593137970193766 ], [ 8.639069964043415, 11.592299776624259 ], [ 8.638956571966332, 11.591954547389719 ], [ 8.638713444801169, 11.59139173200731 ], [ 8.638642140752722, 11.590902783675062 ], [ 8.638784747849627, 11.590483685390325 ], [ 8.639479287321535, 11.590371813314277 ], [ 8.640852562254565, 11.590693233532704 ], [ 8.641565600739057, 11.590553534437788 ], [ 8.642563856417325, 11.589505782725894 ], [ 8.642777767562677, 11.588038925729222 ], [ 8.642517016385511, 11.587584734420602 ], [ 8.64220733717508, 11.587130867112251 ], [ 8.641708208835951, 11.586711762827463 ], [ 8.641351688593716, 11.586292656542696 ], [ 8.641422992642163, 11.58538459292572 ], [ 8.641565600739057, 11.584895633593476 ], [ 8.641922120981292, 11.584686080451092 ], [ 8.642991678708029, 11.584266971166358 ], [ 8.643490807047158, 11.584197120118915 ], [ 8.643776022240957, 11.583987564976496 ], [ 8.643776022240957, 11.583498603644273 ], [ 8.643562111095605, 11.582520678979847 ], [ 8.642991678708029, 11.58168245441027 ], [ 8.642563856417325, 11.581123637030601 ], [ 8.642349944271984, 11.580425112555986 ], [ 8.642421249320421, 11.579726588081371 ], [ 8.642991678708029, 11.578818502464344 ], [ 8.643562111095605, 11.578329532132159 ], [ 8.643918630337851, 11.577491294562606 ], [ 8.643847328289382, 11.576233934708284 ], [ 8.643741837217704, 11.574825373751253 ], [ 8.643704719192499, 11.57350963485726 ], [ 8.643276894901817, 11.57302065452501 ], [ 8.642991678708029, 11.572391966097825 ], [ 8.642563856417325, 11.571902983765597 ], [ 8.642421249320421, 11.571553710528292 ], [ 8.642349944271984, 11.57113458324352 ], [ 8.642421249320421, 11.570645598911256 ], [ 8.642635160465773, 11.570086758531545 ], [ 8.642991678708029, 11.569807339341708 ], [ 8.6434195039987, 11.569458064104367 ], [ 8.643573798103546, 11.568906496729653 ], [ 8.644061239434734, 11.56799110110768 ], [ 8.643062982756476, 11.567013121443154 ], [ 8.642849070611135, 11.566593987158399 ], [ 8.642349944271984, 11.56603513777867 ], [ 8.642136032126643, 11.565406434351473 ], [ 8.64220733717508, 11.564917440019258 ], [ 8.642349944271984, 11.564288731592058 ], [ 8.642635160465773, 11.563939450354781 ], [ 8.643910367332239, 11.56365514516159 ], [ 8.645273406258354, 11.563380596975037 ], [ 8.646271659936588, 11.562821742595304 ], [ 8.64650785509707, 11.562465881353546 ], [ 8.646271659936588, 11.560935601313759 ], [ 8.645843835645906, 11.559398736269543 ], [ 8.645558621452153, 11.558839873889838 ], [ 8.645286376267165, 11.55783013020374 ], [ 8.645042763101628, 11.557332656865754 ], [ 8.644346454628533, 11.55653455632347 ], [ 8.644061239434734, 11.5559058288963 ], [ 8.643704719192499, 11.555486677611498 ], [ 8.643490807047158, 11.554857949184282 ], [ 8.6434195039987, 11.55401964161473 ], [ 8.643276894901817, 11.553251192092603 ], [ 8.643348198950264, 11.552832035807796 ], [ 8.643633416144041, 11.552552597617932 ], [ 8.643776022240957, 11.551923863190723 ], [ 8.644132542483192, 11.550945826526174 ], [ 8.644132542483192, 11.549618487624343 ], [ 8.643704719192499, 11.548011699532594 ], [ 8.643490807047158, 11.547382955105377 ], [ 8.6434195039987, 11.546754207678191 ], [ 8.643343152946841, 11.546209919308353 ], [ 8.643754368226212, 11.545480252812581 ], [ 8.644774277919225, 11.544309068016844 ], [ 8.644845580967683, 11.543959759779511 ], [ 8.642808209583336, 11.543915989749735 ], [ 8.639199007131083, 11.542776130975255 ], [ 8.636403892231954, 11.543670360582837 ], [ 8.634488786930717, 11.545287877681858 ], [ 8.628655143967023, 11.548752927036219 ], [ 8.622182565569176, 11.548858620108035 ], [ 8.615062732731587, 11.547590310246278 ], [ 8.610639804726418, 11.538289195926609 ], [ 8.611932246604567, 11.525394056164942 ], [ 8.613081387385364, 11.52126657236056 ], [ 8.607635602685207, 11.515963626757411 ], [ 8.606529550933715, 11.514911186042355 ], [ 8.602917916479782, 11.511474581707319 ], [ 8.602767100377321, 11.511331072609835 ], [ 8.602160813965384, 11.504094216692749 ], [ 8.603913659156319, 11.499444725533635 ], [ 8.619421785693362, 11.504083175685253 ], [ 8.622164620556987, 11.49590144612614 ], [ 8.622221663595781, 11.491094108859784 ], [ 8.623020269138408, 11.48723700023902 ], [ 8.610632523721506, 11.482923258308062 ], [ 8.61229550685141, 11.47867616642236 ], [ 8.614824418569697, 11.474930692877479 ], [ 8.638900472928242, 11.456176632134998 ], [ 8.629500001541032, 11.45389999758811 ], [ 8.627268749025006, 11.457345659929274 ], [ 8.625763954002593, 11.460092053795336 ], [ 8.62320000026051, 11.462600000499378 ], [ 8.623074138174957, 11.462585005489188 ], [ 8.620450761392533, 11.462272456276821 ], [ 8.616233584527151, 11.463180466893732 ], [ 8.603731575032612, 11.466729856305392 ], [ 8.596922208405999, 11.456140821110637 ], [ 8.583098975013741, 11.441891461428895 ], [ 8.583014010955992, 11.44182150538137 ], [ 8.578683577013692, 11.434394689335193 ], [ 8.563604355768064, 11.419548406247827 ], [ 8.562536429042439, 11.418966032852154 ], [ 8.56293687931452, 11.409191300210637 ], [ 8.576532157551924, 11.391856833432712 ], [ 8.583852693525841, 11.388594852216329 ], [ 8.589081648078661, 11.386171642569877 ], [ 8.600226589651129, 11.368854131803459 ], [ 8.602890398461057, 11.368068720269775 ], [ 8.614649258450697, 11.349573151702941 ], [ 8.597191156588735, 11.347539379321063 ], [ 8.580197056042039, 11.343577781629335 ], [ 8.57190000440454, 11.338921232465452 ], [ 8.561911777618036, 11.342022786572784 ], [ 8.554004750245554, 11.347189828083572 ], [ 8.546874358400828, 11.350964950648574 ], [ 8.545876103722549, 11.353621488453598 ], [ 8.542310907300191, 11.35334185426359 ], [ 8.539458751362247, 11.355019656403556 ], [ 8.535180516455398, 11.357676156208527 ], [ 8.535465730649207, 11.359214118253533 ], [ 8.530759673451655, 11.361451139773465 ], [ 8.529048380288884, 11.363967768483406 ], [ 8.527907515513732, 11.366064940908302 ], [ 8.526624045641654, 11.368022288238251 ], [ 8.523409190457357, 11.369096810968358 ], [ 8.522981367166665, 11.370355093823264 ], [ 8.523908317796497, 11.371613370678233 ], [ 8.524770144382046, 11.373195213753036 ], [ 8.524627536285152, 11.374733091797907 ], [ 8.525895290146536, 11.374637487732969 ], [ 8.525362636784621, 11.37670110813508 ], [ 8.522773634025498, 11.37543212527288 ], [ 8.519778868990727, 11.373335020848003 ], [ 8.517211928246581, 11.373614636037985 ], [ 8.515785850277609, 11.374313671512937 ], [ 8.518780614312448, 11.3780884350777 ], [ 8.519967404118802, 11.379002584698867 ], [ 8.521341377052352, 11.378673603475306 ], [ 8.523123974263569, 11.379232821855283 ], [ 8.524763964377826, 11.380980373042632 ], [ 8.524478748184038, 11.382028898755095 ], [ 8.523123974263569, 11.382238603897576 ], [ 8.521056159858574, 11.382448308040068 ], [ 8.519493653796928, 11.380604915787558 ], [ 8.517847484678441, 11.381469686375112 ], [ 8.516356281665196, 11.380465111692558 ], [ 8.510764628865957, 11.38119007918516 ], [ 8.508625510412514, 11.383578379807886 ], [ 8.506842912201307, 11.384452144401564 ], [ 8.506248712797571, 11.385384156034831 ], [ 8.506664653080236, 11.38777242165753 ], [ 8.505476254272764, 11.388121922894982 ], [ 8.504763214788284, 11.38608316150976 ], [ 8.504109596344165, 11.385151152876517 ], [ 8.502921196536704, 11.385733659272319 ], [ 8.502386419173376, 11.386782167984734 ], [ 8.501376279487033, 11.386199662588922 ], [ 8.500187879679572, 11.386257913628526 ], [ 8.499474841195081, 11.387539421499241 ], [ 8.498821222750962, 11.388354923053328 ], [ 8.497692243983863, 11.388762673330348 ], [ 8.497093001576729, 11.387472256453577 ], [ 8.495820752712291, 11.387734824631991 ], [ 8.495553125530478, 11.388762673330348 ], [ 8.493253811968202, 11.38913282458185 ], [ 8.494602406884496, 11.390044169201076 ], [ 8.495018346167114, 11.391733405348816 ], [ 8.494762295993098, 11.393505822553095 ], [ 8.495256026328605, 11.394937099525578 ], [ 8.495077767207476, 11.395927326198432 ], [ 8.495850224732294, 11.396975796910795 ], [ 8.495790805691968, 11.397849519504462 ], [ 8.4941840516002, 11.398190470736097 ], [ 8.494092159537786, 11.39820996974936 ], [ 8.493586872194498, 11.399863044872575 ], [ 8.493711107278898, 11.401868609235237 ], [ 8.493190405925077, 11.403656326449891 ], [ 8.491557967815936, 11.403738022505422 ], [ 8.49086394234439, 11.401952168291984 ], [ 8.489236803238782, 11.400376296221282 ], [ 8.48782758428132, 11.399741093789714 ], [ 8.488681572861537, 11.398413315887524 ], [ 8.486179275161362, 11.397019748940636 ], [ 8.485311743571913, 11.394893679496079 ], [ 8.483620660422901, 11.395231176725417 ], [ 8.482572484710715, 11.395535578932254 ], [ 8.482015126331987, 11.39659453565173 ], [ 8.481324665862871, 11.396875292842537 ], [ 8.480552208338054, 11.39693354088206 ], [ 8.480195687095772, 11.395419081853106 ], [ 8.479244969449837, 11.395535578932254 ], [ 8.47859134900574, 11.394370606140683 ], [ 8.477165271036768, 11.394661849338604 ], [ 8.47580473511232, 11.394065930933664 ], [ 8.476047236277111, 11.393068786256151 ], [ 8.475074312616073, 11.391399392121912 ], [ 8.474250777056511, 11.391373857104554 ], [ 8.472159801635769, 11.392253618702284 ], [ 8.471104437918711, 11.392972631190844 ], [ 8.469381259747877, 11.392273640715928 ], [ 8.46676678297149, 11.392215391676302 ], [ 8.464627664518048, 11.39343862250746 ], [ 8.463023327428004, 11.395360833813527 ], [ 8.461716088539788, 11.396467554565447 ], [ 8.461181309176425, 11.397923759554885 ], [ 8.459398711965207, 11.399321710504751 ], [ 8.457588417735224, 11.399943155926962 ], [ 8.455952354623605, 11.401476869969088 ], [ 8.454704536775751, 11.402467073641844 ], [ 8.453159617726044, 11.403224285156341 ], [ 8.451020502272627, 11.404622210106197 ], [ 8.449891521505549, 11.407418037005812 ], [ 8.447990084213586, 11.409864363667964 ], [ 8.449356744142165, 11.410796293301189 ], [ 8.449474648222292, 11.411831060004261 ], [ 8.447990084213586, 11.411611726855199 ], [ 8.447930665173203, 11.412834874686268 ], [ 8.446920526486906, 11.41271838460716 ], [ 8.446445166163926, 11.411320500657325 ], [ 8.445137929275688, 11.410912783380297 ], [ 8.44424662967009, 11.410330328984571 ], [ 8.442642289580021, 11.410854538340743 ], [ 8.440882655384428, 11.412051868154265 ], [ 8.438898835036525, 11.413999773477769 ], [ 8.436581457461955, 11.41615482194203 ], [ 8.435533243749774, 11.417844018089795 ], [ 8.434145239806696, 11.419416486158184 ], [ 8.433253941201087, 11.42011540863308 ], [ 8.432956842999204, 11.421455005543294 ], [ 8.43307568107997, 11.422503383255616 ], [ 8.433340457259874, 11.425341286183823 ], [ 8.433399877300246, 11.426447889935673 ], [ 8.432152058452402, 11.426389647896144 ], [ 8.43072598048343, 11.42586546653996 ], [ 8.428824542191535, 11.426972070291868 ], [ 8.427873822545564, 11.42866108643949 ], [ 8.428170922747427, 11.430583057745366 ], [ 8.43001293999896, 11.431514918378525 ], [ 8.430949615635427, 11.432485197037749 ], [ 8.433162197138756, 11.433262147565642 ], [ 8.432152058452402, 11.434601684475808 ], [ 8.43179918521264, 11.435793825285828 ], [ 8.433174512147104, 11.436156793532462 ], [ 8.433340457259874, 11.436814815979517 ], [ 8.432270898533147, 11.436814815979517 ], [ 8.430963658644941, 11.436756574939977 ], [ 8.429043371340185, 11.435310611957505 ], [ 8.427160784061073, 11.43658185482127 ], [ 8.425794125132484, 11.437746654612681 ], [ 8.425140505688375, 11.439086169522795 ], [ 8.423516539584966, 11.439589167864597 ], [ 8.422763709073479, 11.440309199353806 ], [ 8.42502166560763, 11.4428717200949 ], [ 8.427160784061073, 11.44310467525321 ], [ 8.428230342787799, 11.444211210005051 ], [ 8.430341018221895, 11.444899593472769 ], [ 8.433518716381002, 11.44415297196548 ], [ 8.432976474012548, 11.445620748962767 ], [ 8.434142862805061, 11.446328440443608 ], [ 8.433221618179118, 11.447297837102269 ], [ 8.432033219371647, 11.447880216497936 ], [ 8.430934186624938, 11.448890906184658 ], [ 8.43072598048343, 11.450559143318173 ], [ 8.429656421756761, 11.449802056803776 ], [ 8.427632308381419, 11.449921500884898 ], [ 8.426801100816704, 11.452845257871445 ], [ 8.427606671364003, 11.453782821508526 ], [ 8.427398463222573, 11.454577485048446 ], [ 8.426150646374708, 11.455509265681542 ], [ 8.424605727325002, 11.456790460552043 ], [ 8.424665147365374, 11.458479298699558 ], [ 8.424724567405747, 11.460342832965694 ], [ 8.426269485455464, 11.461856944994508 ], [ 8.425378185849866, 11.463254579944135 ], [ 8.423305207441388, 11.463746796278542 ], [ 8.421189319003759, 11.464265214630814 ], [ 8.416030450498511, 11.464555679828152 ], [ 8.412276328947769, 11.464265214630814 ], [ 8.408150255144278, 11.463411688050883 ], [ 8.402174941084354, 11.465662837580396 ], [ 8.399441623227176, 11.467060453530053 ], [ 8.396574479279138, 11.467891429094664 ], [ 8.39876319176625, 11.469898048458049 ], [ 8.404657648771263, 11.476885954206011 ], [ 8.413119047520354, 11.488997915435505 ], [ 8.413065426483911, 11.493229538310686 ], [ 8.415305701006105, 11.496171677309746 ], [ 8.417129749245476, 11.50042648320067 ], [ 8.419411474795766, 11.502173287387564 ], [ 8.421865661463301, 11.502599958677479 ], [ 8.423289164430457, 11.5032448131156 ], [ 8.42623148442965, 11.504577693021247 ], [ 8.425861318178136, 11.506869219578221 ], [ 8.425809007142618, 11.508305674554208 ], [ 8.42575752410761, 11.509719354514743 ], [ 8.426969688931251, 11.513073096793448 ], [ 8.428005551635067, 11.514252911595065 ], [ 8.428631306060197, 11.517091551523833 ], [ 8.427092330014545, 11.521218405327829 ], [ 8.423384526495283, 11.525242727062164 ], [ 8.419904895131026, 11.527757898771085 ], [ 8.416077627530569, 11.535277200880103 ], [ 8.424297215115416, 11.546760692682597 ], [ 8.425204610731953, 11.55509739634698 ], [ 8.431199434805137, 11.567997585112039 ], [ 8.433763730547469, 11.576775751076411 ], [ 8.436366208315746, 11.576175722668722 ], [ 8.439079625159366, 11.574422386477409 ], [ 8.441804878011055, 11.569434421088317 ], [ 8.441836711032693, 11.55756379302278 ], [ 8.447826239102255, 11.557098070706331 ], [ 8.457370788587355, 11.557954029287941 ], [ 8.462622012155293, 11.556851565538864 ], [ 8.470403358442354, 11.554455570910875 ], [ 8.486204305178376, 11.55473500710076 ], [ 8.492809034665981, 11.572478929156944 ], [ 8.51215640881162, 11.568624015537694 ], [ 8.51502338275958, 11.567929993066116 ], [ 8.520947389784681, 11.573143445608423 ], [ 8.523380655437961, 11.575284853063408 ], [ 8.521661435269834, 11.580763753786073 ], [ 8.519643761898919, 11.583561511687037 ], [ 8.518832102347403, 11.584702063461975 ], [ 8.518193915913798, 11.585598845071274 ], [ 8.518393592049449, 11.586256892518406 ], [ 8.517887159705367, 11.586568696730239 ], [ 8.51757114349067, 11.586258887519762 ], [ 8.51733099032748, 11.586408039621119 ], [ 8.516360312667928, 11.588630509131178 ], [ 8.512688481173143, 11.590316084276424 ], [ 8.514599425471488, 11.594744537285351 ], [ 8.516851917001986, 11.598286571692029 ], [ 8.519669198916176, 11.602855136796109 ], [ 8.529881421854896, 11.599637089609644 ], [ 8.537452877999385, 11.602222925366561 ], [ 8.543484811097755, 11.606327495155426 ], [ 8.543770347291797, 11.609789610507789 ], [ 8.545044644157599, 11.61843922138479 ], [ 8.554503406584388, 11.617570952794836 ], [ 8.561337902228104, 11.608787911827164 ], [ 8.566871079987664, 11.587845190597591 ], [ 8.592636892494284, 11.589358315625702 ], [ 8.592016737072925, 11.630540164606828 ], [ 8.598048718171412, 11.631137560012689 ], [ 8.6066051889851, 11.629275159747294 ], [ 8.607731340750263, 11.619064675809739 ], [ 8.616212469512789, 11.617954055055122 ], [ 8.616976784032147, 11.624292156361605 ], [ 8.625556587861695, 11.626497802860229 ], [ 8.631831333125092, 11.630199347375253 ], [ 8.635271842462771, 11.634997304635249 ], [ 8.640808211224453, 11.633063821321514 ], [ 8.642167468147989, 11.634263399136557 ], [ 8.64337963397162, 11.63507352968702 ], [ 8.645062408114995, 11.636107141389289 ], [ 8.646634065182866, 11.636919593941343 ], [ 8.646960874404897, 11.636523843672421 ], [ 8.647620434853025, 11.636849755893877 ], [ 8.648302307316328, 11.636732306814054 ], [ 8.648553328486912, 11.636919593941343 ], [ 8.649111875866424, 11.637082550052071 ] ] ] ] } },
{ "type": "Feature", "properties": { "fid": 514.0, "OBJECTID": 514.0, "lganame": "Dala", "statecode": "KN", "LGA_UID": "19_07" }, "geometry": { "type": "MultiPolygon", "coordinates": [ [ [ [ 8.469386441751396, 12.059300390929252 ], [ 8.470309670378697, 12.057722502857132 ], [ 8.472068920574031, 12.058754532558339 ], [ 8.472572848916457, 12.058172172162642 ], [ 8.473712856691009, 12.056842716259382 ], [ 8.473838492776395, 12.056696202159799 ], [ 8.474373273139747, 12.055847805583369 ], [ 8.475951862212298, 12.053370784900324 ], [ 8.477830721488886, 12.050428081900918 ], [ 8.479912794903555, 12.047220359721393 ], [ 8.481376774898308, 12.045581337607757 ], [ 8.482239334484348, 12.044871088125205 ], [ 8.482239364484371, 12.044871056125203 ], [ 8.482976898985498, 12.044088946593774 ], [ 8.482531439682816, 12.043666413306653 ], [ 8.481800001185832, 12.043299999057695 ], [ 8.481128737729762, 12.042964368829701 ], [ 8.481654402086917, 12.042111331250055 ], [ 8.482395962590772, 12.042473952496437 ], [ 8.483116132080113, 12.042808677723883 ], [ 8.483458391312638, 12.042920253799707 ], [ 8.48382635956267, 12.043210893997184 ], [ 8.487490036051952, 12.039782338667635 ], [ 8.487940025357716, 12.039771897660557 ], [ 8.488670386853926, 12.039009650142646 ], [ 8.488671191854507, 12.039008813142061 ], [ 8.492314948330261, 12.035230789575053 ], [ 8.492456966426744, 12.035125067503259 ], [ 8.495553494530725, 12.032819922936994 ], [ 8.49558806455417, 12.032794187919535 ], [ 8.498450903499361, 12.031651756143276 ], [ 8.499280760063186, 12.031176961820677 ], [ 8.500040512579403, 12.028655678107611 ], [ 8.500854566132546, 12.02661001271764 ], [ 8.501448764536235, 12.026958706954588 ], [ 8.501995428907719, 12.027237662144103 ], [ 8.502587346309895, 12.02734292121562 ], [ 8.503207594731293, 12.027656093428448 ], [ 8.504372225522616, 12.027609601396819 ], [ 8.505780478479437, 12.027574732373125 ], [ 8.506279605818577, 12.027853685562661 ], [ 8.506778733157716, 12.027749078491581 ], [ 8.507384815569537, 12.027539862349443 ], [ 8.508240463150912, 12.027679340444195 ], [ 8.509406876943444, 12.027318539199086 ], [ 8.509846584242155, 12.026493296638364 ], [ 8.511583116422059, 12.023735262764376 ], [ 8.51315588949069, 12.021668795360313 ], [ 8.513489566717396, 12.021230624062639 ], [ 8.515527130101873, 12.019472822868295 ], [ 8.516026257440956, 12.019589057947258 ], [ 8.518090062843214, 12.020952177873426 ], [ 8.519299487664966, 12.019866671135901 ], [ 8.522277831688655, 12.017245202354729 ], [ 8.523409187457332, 12.016250225678675 ], [ 8.524977017522588, 12.014651685592526 ], [ 8.524330692083481, 12.013870772061921 ], [ 8.523987587850343, 12.013176106589924 ], [ 8.523761528696753, 12.012820453348297 ], [ 8.523393125446432, 12.012506612135041 ], [ 8.523107909252644, 12.011809184661217 ], [ 8.522074002550141, 12.011169877226791 ], [ 8.522074925550783, 12.011168952226171 ], [ 8.522074694550611, 12.011168809226092 ], [ 8.521157571927461, 12.011837943680746 ], [ 8.520777797669439, 12.01190241272451 ], [ 8.51984308703436, 12.011325107332254 ], [ 8.518485142111672, 12.010784948965295 ], [ 8.517800691646642, 12.010098931499158 ], [ 8.516900692035108, 12.009998934431223 ], [ 8.51717106621885, 12.009162702863023 ], [ 8.517171076218858, 12.00916267186301 ], [ 8.517171984219431, 12.0091598638611 ], [ 8.517199163237933, 12.008344822307322 ], [ 8.516238234584989, 12.008327155295319 ], [ 8.514157120170978, 12.008231079230029 ], [ 8.51439300733125, 12.007616872812719 ], [ 8.514299399267657, 12.007536652758233 ], [ 8.5139909380581, 12.007268201575812 ], [ 8.513577992777527, 12.007474788716195 ], [ 8.513302007589971, 12.00741760567729 ], [ 8.513236139545199, 12.007378488650716 ], [ 8.513111828460751, 12.007346690629163 ], [ 8.513144982483311, 12.007244126559442 ], [ 8.513214000530184, 12.007218681542156 ], [ 8.5131712185011, 12.007108486467303 ], [ 8.513155475490407, 12.006969522372856 ], [ 8.5131560134908, 12.006969480372845 ], [ 8.513371060636871, 12.006958181365178 ], [ 8.513499635724258, 12.006960223366548 ], [ 8.513646469824039, 12.006891671319977 ], [ 8.513441778684921, 12.006657768161062 ], [ 8.5132430535499, 12.006288315910012 ], [ 8.513243851550442, 12.006287624909532 ], [ 8.513455602694364, 12.006104316785013 ], [ 8.513455104694003, 12.006103165784225 ], [ 8.513346399620161, 12.005852068613592 ], [ 8.513337109613815, 12.005831697599774 ], [ 8.51326534556506, 12.005665931487158 ], [ 8.513118470465258, 12.005351336273407 ], [ 8.513037147410046, 12.005177152155056 ], [ 8.51289147731103, 12.005201760171758 ], [ 8.512132577795398, 12.005396622304147 ], [ 8.511611584441425, 12.005533321397024 ], [ 8.511421440312233, 12.005544480404637 ], [ 8.511208608167635, 12.005486568365257 ], [ 8.510977460010565, 12.005403852309087 ], [ 8.510900291958137, 12.005376237290307 ], [ 8.510243106511609, 12.00507934208855 ], [ 8.510243078511564, 12.005079330088563 ], [ 8.51005168638153, 12.005023587050687 ], [ 8.509776313194436, 12.004862593941311 ], [ 8.509500031006723, 12.004500012694962 ], [ 8.509500031006723, 12.004493919690788 ], [ 8.509490494000261, 12.004481403682291 ], [ 8.509490494000261, 12.003648133116144 ], [ 8.509490494000261, 12.003646000114713 ], [ 8.509490494000261, 12.003628130102527 ], [ 8.509490494000261, 12.003480829002456 ], [ 8.509499790006544, 12.002574392386578 ], [ 8.509499424006322, 12.002279789186389 ], [ 8.509188359794962, 12.002221524146819 ], [ 8.508564210370878, 12.001945538959319 ], [ 8.508566726372578, 12.001930765949282 ], [ 8.508605422398887, 12.001703539794903 ], [ 8.508629190415036, 12.001552424692193 ], [ 8.508623140410918, 12.001543407686086 ], [ 8.508504408330225, 12.00136643856581 ], [ 8.508433104281778, 12.001209510459205 ], [ 8.508434724282893, 12.001205376456426 ], [ 8.508569770374663, 12.000860783222265 ], [ 8.508730204483641, 12.000825910198557 ], [ 8.508795565528089, 12.000400392909455 ], [ 8.508788163523036, 12.000400392909455 ], [ 8.508600324395388, 12.000400392909455 ], [ 8.50807692903976, 12.000207727778559 ], [ 8.507945783950674, 12.000152997741338 ], [ 8.507592843710881, 12.000097309703506 ], [ 8.507002267309588, 11.999525372314906 ], [ 8.506411220908035, 11.998809304828399 ], [ 8.50618934075726, 11.998233358437062 ], [ 8.506072709677994, 11.998091991341028 ], [ 8.506070395676431, 11.998089604339384 ], [ 8.506064305672282, 11.998083321335116 ], [ 8.50606125767024, 11.998080177332952 ], [ 8.506061194670167, 11.998080239333035 ], [ 8.505759623465281, 11.997769134121654 ], [ 8.505094132013141, 11.99708260565518 ], [ 8.505023882965361, 11.996927131549512 ], [ 8.505161676059004, 11.996803798465749 ], [ 8.504492742604498, 11.996278264108639 ], [ 8.504227595424368, 11.996092381982351 ], [ 8.504216899417088, 11.995900578852059 ], [ 8.504120639351697, 11.995750622750165 ], [ 8.504020063283349, 11.995762502758225 ], [ 8.503300366794349, 11.994971942221071 ], [ 8.502910380529386, 11.994543554930033 ], [ 8.502885751512622, 11.993934436516156 ], [ 8.502874077504714, 11.993937955518504 ], [ 8.502873134504057, 11.993938271518743 ], [ 8.502496526248137, 11.994064199604281 ], [ 8.502068702957502, 11.994157195667469 ], [ 8.50168262469515, 11.99429580676167 ], [ 8.501228267386466, 11.994465943877287 ], [ 8.501485953561541, 11.995209202382284 ], [ 8.501690357700397, 11.99525570041385 ], [ 8.501547749603503, 11.995874123834085 ], [ 8.501295333431983, 11.996271340103931 ], [ 8.5012876964268, 11.996273886105712 ], [ 8.501202379368863, 11.996302326125033 ], [ 8.500702378029132, 11.996302326125033 ], [ 8.500705667031355, 11.99631219413169 ], [ 8.501002375232986, 11.997202325736509 ], [ 8.501088251291321, 11.997575454990056 ], [ 8.501074063281692, 11.997577080991164 ], [ 8.499625970297757, 11.997433668893677 ], [ 8.499545506243066, 11.997332829825211 ], [ 8.499174377990926, 11.997294176798903 ], [ 8.499170052988006, 11.997301806804103 ], [ 8.498903613806931, 11.997771797123448 ], [ 8.498902947806471, 11.9977714121232 ], [ 8.498095248257698, 11.99730464880605 ], [ 8.497198197648174, 11.996977936584074 ], [ 8.496004946837445, 11.996382792179702 ], [ 8.494584926872619, 11.996981721586621 ], [ 8.494584372872225, 11.996987322590428 ], [ 8.494330885699981, 11.999549458331273 ], [ 8.494466733792308, 12.001603760727107 ], [ 8.494471758795726, 12.001603220726736 ], [ 8.494513256823893, 12.002658383443645 ], [ 8.494513426824028, 12.002662709446611 ], [ 8.494513592824148, 12.002662698446557 ], [ 8.494533369837598, 12.003165547788228 ], [ 8.495033681177517, 12.004996114032053 ], [ 8.495939110792733, 12.006555587091611 ], [ 8.496347968070495, 12.007231027550574 ], [ 8.497973160174752, 12.009915858374768 ], [ 8.498165897305682, 12.010317490647651 ], [ 8.498581586588159, 12.010912631052008 ], [ 8.499040941900262, 12.011570288498888 ], [ 8.499041083900352, 12.011570492499004 ], [ 8.499203841010967, 12.01180351065733 ], [ 8.499308529082043, 12.012277348979296 ], [ 8.499297641074691, 12.012285259984651 ], [ 8.498060710234256, 12.013184001595334 ], [ 8.496584817231451, 12.013942749110868 ], [ 8.496538303199827, 12.013975536133103 ], [ 8.49551732050611, 12.014792859688441 ], [ 8.494106804547755, 12.013881379069176 ], [ 8.493928978426936, 12.014407143426354 ], [ 8.493892351402053, 12.014917024772842 ], [ 8.492690084585149, 12.014712191633635 ], [ 8.492692348586672, 12.015217024976664 ], [ 8.49253735148136, 12.01568202529262 ], [ 8.492393549383678, 12.016113433585701 ], [ 8.492392352382865, 12.016117025588187 ], [ 8.493882208395121, 12.016651223951101 ], [ 8.493888034399106, 12.016653312952542 ], [ 8.493412675076115, 12.017019457201343 ], [ 8.492842242688539, 12.016926468138138 ], [ 8.492806590664316, 12.017373974442194 ], [ 8.492282038307906, 12.017800721732158 ], [ 8.491638161870412, 12.018378343124596 ], [ 8.491635918868894, 12.018373491121338 ], [ 8.491635897868889, 12.018373510121364 ], [ 8.490055850795329, 12.01495572179914 ], [ 8.489564016461145, 12.012747390298671 ], [ 8.489562856460338, 12.012742180295106 ], [ 8.485151300462917, 12.014249610319325 ], [ 8.479765980803847, 12.01750690053251 ], [ 8.479641900719514, 12.017613559604968 ], [ 8.478776881131807, 12.018091679929853 ], [ 8.475119077646468, 12.020113438303554 ], [ 8.47549999890532, 12.021299999109772 ], [ 8.475099998633539, 12.021299999109772 ], [ 8.474900000497598, 12.02140000117771 ], [ 8.474168398000529, 12.021520593259652 ], [ 8.47415710199283, 12.020657173672987 ], [ 8.470387646431675, 12.022909239203159 ], [ 8.469455295798184, 12.023392997531857 ], [ 8.469639591923396, 12.023936836901385 ], [ 8.470150603270611, 12.025000363623974 ], [ 8.471190451977179, 12.025535030987271 ], [ 8.473151310309447, 12.026534622666418 ], [ 8.472604587938008, 12.027884684583739 ], [ 8.473765571726858, 12.028266252842968 ], [ 8.47470244736337, 12.028574165052191 ], [ 8.475151345668394, 12.028710582144868 ], [ 8.475454125874137, 12.028773692187769 ], [ 8.47632665346697, 12.029070237389249 ], [ 8.477013229933448, 12.02874154316595 ], [ 8.477367383174112, 12.028550192035937 ], [ 8.478398584874753, 12.028981844329223 ], [ 8.479692016753575, 12.029587092740428 ], [ 8.481893791249547, 12.030653931465281 ], [ 8.482900004933242, 12.031309234910566 ], [ 8.482377130577959, 12.032041438408044 ], [ 8.482248373490506, 12.032278835569343 ], [ 8.481975983305404, 12.032277665568586 ], [ 8.481829084205629, 12.03225556255353 ], [ 8.481476320965896, 12.033038159085265 ], [ 8.482500655661909, 12.033518479411612 ], [ 8.482305206529134, 12.033800307603144 ], [ 8.482218894470464, 12.03422513989176 ], [ 8.48262234074457, 12.034324737959423 ], [ 8.482514086671017, 12.034568310124939 ], [ 8.48214921242311, 12.035540703785614 ], [ 8.483328103224096, 12.036117193177347 ], [ 8.482141530417891, 12.038404479731469 ], [ 8.481300281846302, 12.039643196573081 ], [ 8.48176260716042, 12.039745975642916 ], [ 8.481367959892282, 12.040455511125003 ], [ 8.479110438358418, 12.043439456152498 ], [ 8.478827432166099, 12.04381352440663 ], [ 8.477999610603661, 12.043701586330599 ], [ 8.477792312462839, 12.04534350344619 ], [ 8.475275236752566, 12.049125027015577 ], [ 8.471089855908815, 12.046432148185886 ], [ 8.471010687855028, 12.046406731168588 ], [ 8.470108153241767, 12.047630212999877 ], [ 8.470046685200032, 12.047833625138082 ], [ 8.4694096457672, 12.048814570804609 ], [ 8.469707759969765, 12.04904742596284 ], [ 8.469688606956709, 12.049227751085368 ], [ 8.469164535600669, 12.050614371027507 ], [ 8.470211431311952, 12.050981202276716 ], [ 8.46970576496841, 12.052083956026024 ], [ 8.469331974714407, 12.053045388679266 ], [ 8.467412422410177, 12.056577143078925 ], [ 8.467386968392873, 12.056639095121 ], [ 8.466693096921404, 12.056468101004839 ], [ 8.466230991607461, 12.057984663035256 ], [ 8.465399999042802, 12.057799998909786 ], [ 8.464699997567209, 12.059500001064862 ], [ 8.466499998790198, 12.060299999608446 ], [ 8.464100000159533, 12.064300001326217 ], [ 8.464963023745895, 12.064745827629167 ], [ 8.465981926438189, 12.065292212000372 ], [ 8.46682384001025, 12.064135253214317 ], [ 8.466487336781597, 12.063903216056644 ], [ 8.467656469575957, 12.062207224904284 ], [ 8.468032888831715, 12.061553895460406 ], [ 8.467824721690306, 12.06137610233958 ], [ 8.468402817083074, 12.060819204961206 ], [ 8.468786776343961, 12.060359342648724 ], [ 8.469386441751396, 12.059300390929252 ] ] ] ] } },
{ "type": "Feature", "properties": { "fid": 516.0, "OBJECTID": 516.0, "lganame": "Bunkure", "statecode": "KN", "LGA_UID": "19_06" }, "geometry": { "type": "MultiPolygon", "coordinates": [ [ [ [ 8.582422329553992, 11.766343151878573 ], [ 8.585180919428296, 11.761942308888365 ], [ 8.584765803146297, 11.744479324023132 ], [ 8.594663122871054, 11.745722985868099 ], [ 8.607990882926629, 11.748077826468148 ], [ 8.618341819959596, 11.752410626412086 ], [ 8.619228380561992, 11.747966129392239 ], [ 8.618714993213132, 11.740426514269416 ], [ 8.619741768910785, 11.737298910144375 ], [ 8.623791831662629, 11.733389354487997 ], [ 8.62829823872454, 11.730540928552614 ], [ 8.630522921236093, 11.728139292920844 ], [ 8.632234216398842, 11.726854688047979 ], [ 8.634687070065411, 11.726687129934135 ], [ 8.637362495883224, 11.728126869912387 ], [ 8.639022349011043, 11.730820187742381 ], [ 8.640163210786227, 11.732998396222342 ], [ 8.646354519992883, 11.737410111219901 ], [ 8.649109894865035, 11.73223182570149 ], [ 8.64718905555992, 11.730788702720986 ], [ 8.648008787116908, 11.729968258163524 ], [ 8.648227453265463, 11.729856555087622 ], [ 8.648717072598174, 11.729642454942166 ], [ 8.64891062072968, 11.729455347815019 ], [ 8.64912049487225, 11.72929964770924 ], [ 8.650168630584403, 11.728013863835599 ], [ 8.652025312845922, 11.7291878676333 ], [ 8.655999998546577, 11.720600001798232 ], [ 8.659200001720819, 11.717000000352186 ], [ 8.657755994739659, 11.713962461288361 ], [ 8.655049822900935, 11.712097000020833 ], [ 8.652600002236397, 11.704300000723151 ], [ 8.653529831868184, 11.697606457175198 ], [ 8.653158785616085, 11.693755962558953 ], [ 8.661449214249046, 11.690398692277881 ], [ 8.660302469469912, 11.67159493450157 ], [ 8.661682338407445, 11.664396520610637 ], [ 8.66172423643593, 11.664177949462101 ], [ 8.675050509490461, 11.65864083769992 ], [ 8.688499212628244, 11.668128322146174 ], [ 8.695273085230781, 11.674482820463766 ], [ 8.700117700522469, 11.676119787575999 ], [ 8.699353186003009, 11.676894304102291 ], [ 8.699091114824967, 11.677128016261065 ], [ 8.694825571926685, 11.68093195984568 ], [ 8.690818640204213, 11.684505231273533 ], [ 8.690816168202502, 11.68452292728557 ], [ 8.689737274469451, 11.692244916532275 ], [ 8.689505848312194, 11.69306584909009 ], [ 8.688246803456764, 11.696658280530983 ], [ 8.688551093663477, 11.697648168203557 ], [ 8.69028038883846, 11.706602795287779 ], [ 8.693821957244779, 11.711643193712518 ], [ 8.696286487919338, 11.715573931383233 ], [ 8.696731557221767, 11.716382985932967 ], [ 8.70169247259247, 11.719746212218126 ], [ 8.704811807711906, 11.730120399266923 ], [ 8.706118789599941, 11.740748862488431 ], [ 8.70721473034456, 11.746440438355592 ], [ 8.707300538402876, 11.750626370199768 ], [ 8.706908366136417, 11.756944068492317 ], [ 8.706851790097971, 11.761664873699885 ], [ 8.706958746170642, 11.764073198336234 ], [ 8.706994398194865, 11.766132473735411 ], [ 8.706379975777395, 11.770068462409711 ], [ 8.708563084260732, 11.769483126012005 ], [ 8.71052394159301, 11.768819979561442 ], [ 8.712377843852664, 11.768191734134575 ], [ 8.713912701895538, 11.768236436164955 ], [ 8.715443911935893, 11.767528583683998 ], [ 8.716476329637374, 11.767588201724493 ], [ 8.717440422292441, 11.767982317992278 ], [ 8.718545633043391, 11.767598388731415 ], [ 8.719472583673223, 11.766551308019984 ], [ 8.720149971133424, 11.765713639450837 ], [ 8.721156912817605, 11.765869140556504 ], [ 8.722360392635323, 11.765224998118811 ], [ 8.723786470604296, 11.764666550739378 ], [ 8.724891682355235, 11.764143005383687 ], [ 8.726175152227256, 11.763898683217633 ], [ 8.727351667026653, 11.764108102359955 ], [ 8.728563832850284, 11.764910871905386 ], [ 8.729562087528564, 11.76564383440342 ], [ 8.730417735109938, 11.766411696925104 ], [ 8.731558597885055, 11.766830530209688 ], [ 8.732877719781357, 11.766516404996253 ], [ 8.734303798750318, 11.766027764664273 ], [ 8.735801180767737, 11.766306987853966 ], [ 8.737747360090054, 11.767205841464715 ], [ 8.739223769093201, 11.768331344229466 ], [ 8.741733148798232, 11.769046687715502 ], [ 8.745403137291817, 11.769402212957061 ], [ 8.749400630007926, 11.768640786439676 ], [ 8.754254731306048, 11.766451681952276 ], [ 8.759394366798176, 11.764072221335539 ], [ 8.764171802044189, 11.762553330303547 ], [ 8.767770070489064, 11.759313299102075 ], [ 8.765476682930796, 11.759624180313324 ], [ 8.764216981074924, 11.759600911297525 ], [ 8.763028824267622, 11.759324716109859 ], [ 8.762410684847623, 11.759628703316423 ], [ 8.76191150150845, 11.75962990531724 ], [ 8.76087268580261, 11.759329908113386 ], [ 8.760643156646665, 11.758263684388965 ], [ 8.759962514184224, 11.757809183080099 ], [ 8.759368313780499, 11.758414184491187 ], [ 8.759106866602849, 11.759391489155234 ], [ 8.758607739263709, 11.759484565218486 ], [ 8.758441364150656, 11.759019181902261 ], [ 8.758227452005315, 11.758065145254022 ], [ 8.75833827908059, 11.756064872894967 ], [ 8.758797883392901, 11.751805647000992 ], [ 8.75858908625105, 11.749662329544719 ], [ 8.758845419425199, 11.748827099977234 ], [ 8.757966003827676, 11.748059188455443 ], [ 8.756877792088289, 11.747149162837161 ], [ 8.757062821213992, 11.746081223111503 ], [ 8.758251220021464, 11.744754815210285 ], [ 8.758774115376752, 11.744522112052209 ], [ 8.759867442119628, 11.744359218941497 ], [ 8.760711013692799, 11.744204528836406 ], [ 8.761721344379225, 11.743428401309075 ], [ 8.762481918896015, 11.742334685565936 ], [ 8.762790903105952, 11.741543486028377 ], [ 8.762743367073654, 11.740845365554037 ], [ 8.762244238734525, 11.740286868174564 ], [ 8.762244238734525, 11.739332765526285 ], [ 8.761554968266182, 11.73914659939976 ], [ 8.76086569679785, 11.739518932652743 ], [ 8.760097101275676, 11.740170730095599 ], [ 8.759175321649366, 11.740480679306245 ], [ 8.758988026522104, 11.740240327142885 ], [ 8.757648017611587, 11.738709454102775 ], [ 8.75660698090428, 11.738192839751719 ], [ 8.756336025720202, 11.734813881455921 ], [ 8.75734803740778, 11.732607414956703 ], [ 8.756896445100949, 11.732095443608841 ], [ 8.757214338316942, 11.731142776961576 ], [ 8.757366060420054, 11.730077138237505 ], [ 8.757490644504685, 11.728837424395181 ], [ 8.757242293335935, 11.727759484662784 ], [ 8.756817885047553, 11.726784140000063 ], [ 8.756278477681064, 11.726230978624244 ], [ 8.756498830830765, 11.725411991067745 ], [ 8.756920213117098, 11.724601938517367 ], [ 8.757360604416306, 11.723526245786502 ], [ 8.757443109472376, 11.72190236568315 ], [ 8.757021542185953, 11.720940117029329 ], [ 8.756801373036353, 11.720482751718578 ], [ 8.756658765939449, 11.7198311242758 ], [ 8.757205429310886, 11.718458045342857 ], [ 8.757842450743738, 11.716921127298633 ], [ 8.758274988037613, 11.716386776935565 ], [ 8.758797883392901, 11.715711866476965 ], [ 8.758702811328305, 11.714780951844489 ], [ 8.758037307876123, 11.714036218338435 ], [ 8.757067512217191, 11.713383914895246 ], [ 8.756278477681064, 11.713198389769161 ], [ 8.755042542841295, 11.713082024690095 ], [ 8.753925449082317, 11.712779475484581 ], [ 8.753046034484782, 11.712709656437141 ], [ 8.752309226984153, 11.713198389769161 ], [ 8.751976474758067, 11.713663850085425 ], [ 8.751429812386618, 11.713803488180304 ], [ 8.750954452063638, 11.713314754848227 ], [ 8.750740539918297, 11.712639837389702 ], [ 8.750550396789095, 11.711918369899479 ], [ 8.75066923586985, 11.71115035637763 ], [ 8.751001988095936, 11.710452158903252 ], [ 8.751738794596577, 11.709940146555368 ], [ 8.752594442177951, 11.709684140381398 ], [ 8.753331248678592, 11.709521227270727 ], [ 8.754163128243817, 11.709521227270727 ], [ 8.754852399712092, 11.709079032970294 ], [ 8.755142010908912, 11.708669912692301 ], [ 8.754424576421457, 11.707310250768501 ], [ 8.754210664276115, 11.706286214072691 ], [ 8.754852399712092, 11.705774193724778 ], [ 8.756373549745661, 11.706193119009413 ], [ 8.756763612010673, 11.705645400637309 ], [ 8.757062821213992, 11.704773425044834 ], [ 8.757205429310886, 11.703726104333214 ], [ 8.757419341456227, 11.702911518779729 ], [ 8.757918467795378, 11.702748601669043 ], [ 8.758774115376752, 11.70284169773231 ], [ 8.759273242715892, 11.703353723080227 ], [ 8.759539284896618, 11.703999777519186 ], [ 8.760033818232671, 11.704075211570398 ], [ 8.760509176555615, 11.703679557301598 ], [ 8.760794392749403, 11.703097709906274 ], [ 8.760699320684807, 11.7022831233528 ], [ 8.760123445293573, 11.701303185686982 ], [ 8.759701066006585, 11.700467749119298 ], [ 8.758892955457497, 11.699909169739783 ], [ 8.758037307876123, 11.699792799660713 ], [ 8.757276733359333, 11.700141911897902 ], [ 8.757205429310886, 11.699629879550002 ], [ 8.757728323666186, 11.699001477123034 ], [ 8.758512667199113, 11.698396346711888 ], [ 8.759392081796648, 11.697744666269102 ], [ 8.760010050216522, 11.697488648095145 ], [ 8.760271497394115, 11.696604221494226 ], [ 8.760509176555615, 11.696301654288675 ], [ 8.761008304894744, 11.695812889956585 ], [ 8.762172934686077, 11.695254300577005 ], [ 8.76304765328041, 11.695019460417484 ], [ 8.763765388768093, 11.694532790086782 ], [ 8.763789156784242, 11.694090571786319 ], [ 8.763550799622294, 11.693790948582716 ], [ 8.763004814251303, 11.693648354485845 ], [ 8.762196702702227, 11.693508705390968 ], [ 8.761032072910893, 11.693438881343525 ], [ 8.759677297990436, 11.69339233231193 ], [ 8.759106866602849, 11.693229409201194 ], [ 8.758679043312156, 11.693345783280279 ], [ 8.758179915973017, 11.693694902517507 ], [ 8.757561948553132, 11.693648354485845 ], [ 8.757252965343184, 11.693089761106307 ], [ 8.757276733359333, 11.692321693584461 ], [ 8.757966003827676, 11.691856198268169 ], [ 8.759344546764339, 11.691297600888618 ], [ 8.761745112395374, 11.690250230177014 ], [ 8.762790903105952, 11.689714904813286 ], [ 8.764264517107222, 11.688807179196488 ], [ 8.765195427739741, 11.688113807725415 ], [ 8.76561929102769, 11.686875339883898 ], [ 8.765275778794319, 11.686249410458629 ], [ 8.764716108414063, 11.685827952172247 ], [ 8.765339189837391, 11.68477807045889 ], [ 8.765952043253833, 11.684198674065271 ], [ 8.766783921819012, 11.683896092859641 ], [ 8.767021601980503, 11.683290929448447 ], [ 8.766783921819012, 11.682709040053112 ], [ 8.76645899659826, 11.681995446568237 ], [ 8.766874720880708, 11.680962403866374 ], [ 8.767425657255046, 11.680870261803761 ], [ 8.768114927723389, 11.680893537819543 ], [ 8.768614056062518, 11.680521125566543 ], [ 8.768685360110965, 11.6796831959972 ], [ 8.76856652003022, 11.679008195538586 ], [ 8.768114927723389, 11.678333194079926 ], [ 8.767458621277456, 11.678055110890966 ], [ 8.767187978093546, 11.677821121731995 ], [ 8.766726044779716, 11.677258217349504 ], [ 8.76635609752833, 11.676145244593329 ], [ 8.766522473641373, 11.675260749992333 ], [ 8.766997833964354, 11.674655566581123 ], [ 8.767430772258535, 11.673605641867766 ], [ 8.767050484000151, 11.671277997286268 ], [ 8.762772249093302, 11.67044003871689 ], [ 8.761631387318118, 11.667646829819034 ], [ 8.762296889770312, 11.664574267731382 ], [ 8.763765388768093, 11.664437095638164 ], [ 8.763907996864987, 11.66404138536933 ], [ 8.763670317703486, 11.663552564037161 ], [ 8.763147422348197, 11.663087018720887 ], [ 8.76236307881527, 11.662574920372947 ], [ 8.761483664217735, 11.662411979262231 ], [ 8.760770624733254, 11.66245853329383 ], [ 8.759962514184224, 11.662598197388718 ], [ 8.759605993941989, 11.663366345910674 ], [ 8.758923789478445, 11.663869297252404 ], [ 8.757566242556038, 11.663585572059617 ], [ 8.757923582798867, 11.660943014264092 ], [ 8.758082149906556, 11.658740635767685 ], [ 8.758018654863463, 11.657125490670296 ], [ 8.757343351404586, 11.65550545456955 ], [ 8.756307360700703, 11.654239035709054 ], [ 8.756022144506915, 11.65302857788663 ], [ 8.756592575894501, 11.652563015570308 ], [ 8.758303870057205, 11.652190565317255 ], [ 8.75915951663859, 11.651352550747845 ], [ 8.759064445573983, 11.650700760304971 ], [ 8.758208797992609, 11.649676512609062 ], [ 8.758113725928013, 11.648358252713365 ], [ 8.757733438669675, 11.646417523394746 ], [ 8.757163007282088, 11.645672605888592 ], [ 8.756175461611065, 11.644112606828628 ], [ 8.754596066537943, 11.642134221484412 ], [ 8.754310850344154, 11.641296174914999 ], [ 8.75440592240875, 11.640458128345585 ], [ 8.755071425860933, 11.639526960712942 ], [ 8.755185511938464, 11.638707532156161 ], [ 8.756041159519839, 11.637087289055273 ], [ 8.755755943326051, 11.635690520106209 ], [ 8.755413685093515, 11.635187680764602 ], [ 8.753759433969492, 11.634964196612714 ], [ 8.753189002581905, 11.634684842422928 ], [ 8.752732657271849, 11.634182002081275 ], [ 8.752308489983648, 11.633338056507853 ], [ 8.751991096767995, 11.632617604018321 ], [ 8.752038056799904, 11.631617005338455 ], [ 8.752105182845526, 11.630941453879473 ], [ 8.752219268923056, 11.630326863461903 ], [ 8.752766250294655, 11.629246170727583 ], [ 8.753183569578255, 11.628484196209854 ], [ 8.743663629109903, 11.630071338288246 ], [ 8.737175873701744, 11.629376219815981 ], [ 8.727912154407477, 11.629948299204671 ], [ 8.726680420570574, 11.630426595529627 ], [ 8.717073065042825, 11.630500004579517 ], [ 8.717074577043888, 11.629074054610669 ], [ 8.71719283812422, 11.626928983153164 ], [ 8.715969374292911, 11.626059098562109 ], [ 8.715482129961856, 11.625593492245798 ], [ 8.715101842703461, 11.625104602913609 ], [ 8.714614599372453, 11.624499311502348 ], [ 8.714020399968717, 11.624056983201797 ], [ 8.712986493266214, 11.62353317084586 ], [ 8.71192128054247, 11.622998324482467 ], [ 8.707472315519567, 11.628655013325954 ], [ 8.697215518550593, 11.62818732000818 ], [ 8.692580764401498, 11.629234924719981 ], [ 8.686733843428783, 11.633634824709475 ], [ 8.679970563833422, 11.634111837033572 ], [ 8.675161991566256, 11.638683614139893 ], [ 8.670750655568952, 11.637547582368029 ], [ 8.672137842511461, 11.634484204286593 ], [ 8.66645189764813, 11.63468180942084 ], [ 8.657451433532742, 11.635266250817949 ], [ 8.64990810240738, 11.635226010790632 ], [ 8.649450570096519, 11.63629686851823 ], [ 8.649111875866424, 11.637082550052071 ], [ 8.648553328486912, 11.636919593941343 ], [ 8.648302307316328, 11.636732306814054 ], [ 8.647620434853025, 11.636849755893877 ], [ 8.646960874404897, 11.636523843672421 ], [ 8.646634065182866, 11.636919593941343 ], [ 8.645062408114995, 11.636107141389289 ], [ 8.64337963397162, 11.63507352968702 ], [ 8.642167468147989, 11.634263399136557 ], [ 8.640808211224453, 11.633063821321514 ], [ 8.635271842462771, 11.634997304635249 ], [ 8.631831333125092, 11.630199347375253 ], [ 8.625556587861695, 11.626497802860229 ], [ 8.616976784032147, 11.624292156361605 ], [ 8.616212469512789, 11.617954055055122 ], [ 8.607731340750263, 11.619064675809739 ], [ 8.6066051889851, 11.629275159747294 ], [ 8.598048718171412, 11.631137560012689 ], [ 8.592016737072925, 11.630540164606828 ], [ 8.592636892494284, 11.589358315625702 ], [ 8.566871079987664, 11.587845190597591 ], [ 8.561337902228104, 11.608787911827164 ], [ 8.554503406584388, 11.617570952794836 ], [ 8.545044644157599, 11.61843922138479 ], [ 8.543770347291797, 11.609789610507789 ], [ 8.543484811097755, 11.606327495155426 ], [ 8.537452877999385, 11.602222925366561 ], [ 8.529881421854896, 11.599637089609644 ], [ 8.519669198916176, 11.602855136796109 ], [ 8.516851917001986, 11.598286571692029 ], [ 8.514599425471488, 11.594744537285351 ], [ 8.512688481173143, 11.590316084276424 ], [ 8.516360312667928, 11.588630509131178 ], [ 8.51733099032748, 11.586408039621119 ], [ 8.51757114349067, 11.586258887519762 ], [ 8.517887159705367, 11.586568696730239 ], [ 8.518393592049449, 11.586256892518406 ], [ 8.518193915913798, 11.585598845071274 ], [ 8.518832102347403, 11.584702063461975 ], [ 8.519643761898919, 11.583561511687037 ], [ 8.521661435269834, 11.580763753786073 ], [ 8.523380655437961, 11.575284853063408 ], [ 8.520947389784681, 11.573143445608423 ], [ 8.51502338275958, 11.567929993066116 ], [ 8.51215640881162, 11.568624015537694 ], [ 8.492809034665981, 11.572478929156944 ], [ 8.486204305178376, 11.55473500710076 ], [ 8.470403358442354, 11.554455570910875 ], [ 8.462622012155293, 11.556851565538864 ], [ 8.463558179791391, 11.560547203049907 ], [ 8.464024707108365, 11.563061597758292 ], [ 8.465648200211433, 11.566895700363375 ], [ 8.464398310362242, 11.570476930796644 ], [ 8.463421882698754, 11.573070646558961 ], [ 8.464416446374514, 11.577731876726034 ], [ 8.463095655477105, 11.580259970443763 ], [ 8.454368070547162, 11.588525551059831 ], [ 8.445597688588066, 11.597955199466867 ], [ 8.450341896811551, 11.619263503944865 ], [ 8.452949925583596, 11.628791355418571 ], [ 8.45588912158064, 11.638951874322174 ], [ 8.454230051453351, 11.653146955967088 ], [ 8.450666904032346, 11.662402981256093 ], [ 8.445458285493373, 11.661703086780562 ], [ 8.43485272228736, 11.662627416408611 ], [ 8.434482465035785, 11.666752600211453 ], [ 8.434696377181126, 11.670104458488879 ], [ 8.434589421108456, 11.671186820224307 ], [ 8.434322317927013, 11.673377639712839 ], [ 8.433234647187987, 11.675125186900232 ], [ 8.432913778969976, 11.684935944566178 ], [ 8.434803333253797, 11.686891071894593 ], [ 8.449422865187103, 11.700102770871354 ], [ 8.452258350113709, 11.70562951562647 ], [ 8.459346823929991, 11.714893195920752 ], [ 8.471509888194191, 11.717197636486503 ], [ 8.474667892339937, 11.715161552103041 ], [ 8.483484177330183, 11.727650802588926 ], [ 8.491298576639679, 11.730130712273933 ], [ 8.493770446319218, 11.731527005222631 ], [ 8.49671767532169, 11.733202547361088 ], [ 8.49989959348369, 11.735983428250563 ], [ 8.50155753161016, 11.73806883766747 ], [ 8.50266043535953, 11.73945609561008 ], [ 8.500441524851908, 11.745122794460315 ], [ 8.501732484729018, 11.7588391257799 ], [ 8.5297720877806, 11.772996166398968 ], [ 8.533546116344894, 11.763977835271419 ], [ 8.537824351251743, 11.763745148113344 ], [ 8.542221602239465, 11.772237590883549 ], [ 8.555627823348402, 11.775710106242968 ], [ 8.56738863833931, 11.781613231253857 ], [ 8.571168922907816, 11.776410151718608 ], [ 8.574686241297684, 11.772592980125012 ], [ 8.575029007530588, 11.771694570514569 ], [ 8.582032535289159, 11.766706141125212 ], [ 8.582129186354791, 11.766551953020439 ], [ 8.582422329553992, 11.766343151878573 ] ] ] ] } },
{ "type": "Feature", "properties": { "fid": 517.0, "OBJECTID": 517.0, "lganame": "Gwale", "statecode": "KN", "LGA_UID": "19_17" }, "geometry": { "type": "MultiPolygon", "coordinates": [ [ [ [ 8.470387646431675, 12.022909239203159 ], [ 8.47415710199283, 12.020657173672987 ], [ 8.474168398000529, 12.021520593259652 ], [ 8.474900000497598, 12.02140000117771 ], [ 8.475099998633539, 12.021299999109772 ], [ 8.47549999890532, 12.021299999109772 ], [ 8.475119077646468, 12.020113438303554 ], [ 8.478776881131807, 12.018091679929853 ], [ 8.479641900719514, 12.017613559604968 ], [ 8.479765980803847, 12.01750690053251 ], [ 8.485151300462917, 12.014249610319325 ], [ 8.489562856460338, 12.012742180295106 ], [ 8.489564016461145, 12.012747390298671 ], [ 8.490055850795329, 12.01495572179914 ], [ 8.491635897868889, 12.018373510121364 ], [ 8.491635918868894, 12.018373491121338 ], [ 8.491638161870412, 12.018378343124596 ], [ 8.492282038307906, 12.017800721732158 ], [ 8.492806590664316, 12.017373974442194 ], [ 8.492842242688539, 12.016926468138138 ], [ 8.493412675076115, 12.017019457201343 ], [ 8.493888034399106, 12.016653312952542 ], [ 8.493882208395121, 12.016651223951101 ], [ 8.492392352382865, 12.016117025588187 ], [ 8.492393549383678, 12.016113433585701 ], [ 8.49253735148136, 12.01568202529262 ], [ 8.492692348586672, 12.015217024976664 ], [ 8.492690084585149, 12.014712191633635 ], [ 8.493892351402053, 12.014917024772842 ], [ 8.493928978426936, 12.014407143426354 ], [ 8.494106804547755, 12.013881379069176 ], [ 8.49551732050611, 12.014792859688441 ], [ 8.496538303199827, 12.013975536133103 ], [ 8.496584817231451, 12.013942749110868 ], [ 8.498060710234256, 12.013184001595334 ], [ 8.499297641074691, 12.012285259984651 ], [ 8.499308529082043, 12.012277348979296 ], [ 8.499203841010967, 12.01180351065733 ], [ 8.499041083900352, 12.011570492499004 ], [ 8.499040941900262, 12.011570288498888 ], [ 8.498581586588159, 12.010912631052008 ], [ 8.498165897305682, 12.010317490647651 ], [ 8.497973160174752, 12.009915858374768 ], [ 8.496347968070495, 12.007231027550574 ], [ 8.495939110792733, 12.006555587091611 ], [ 8.495033681177517, 12.004996114032053 ], [ 8.494533369837598, 12.003165547788228 ], [ 8.494513592824148, 12.002662698446557 ], [ 8.494513426824028, 12.002662709446611 ], [ 8.494513256823893, 12.002658383443645 ], [ 8.494471758795726, 12.001603220726736 ], [ 8.494466733792308, 12.001603760727107 ], [ 8.494330885699981, 11.999549458331273 ], [ 8.494584372872225, 11.996987322590428 ], [ 8.494584926872619, 11.996981721586621 ], [ 8.496004946837445, 11.996382792179702 ], [ 8.497198197648174, 11.996977936584074 ], [ 8.498095248257698, 11.99730464880605 ], [ 8.498902947806471, 11.9977714121232 ], [ 8.498903613806931, 11.997771797123448 ], [ 8.499170052988006, 11.997301806804103 ], [ 8.499174377990926, 11.997294176798903 ], [ 8.499545506243066, 11.997332829825211 ], [ 8.499625970297757, 11.997433668893677 ], [ 8.501074063281692, 11.997577080991164 ], [ 8.501088251291321, 11.997575454990056 ], [ 8.501002375232986, 11.997202325736509 ], [ 8.500705667031355, 11.99631219413169 ], [ 8.500702378029132, 11.996302326125033 ], [ 8.501202379368863, 11.996302326125033 ], [ 8.5012876964268, 11.996273886105712 ], [ 8.501295333431983, 11.996271340103931 ], [ 8.501547749603503, 11.995874123834085 ], [ 8.501690357700397, 11.99525570041385 ], [ 8.501485953561541, 11.995209202382284 ], [ 8.501228267386466, 11.994465943877287 ], [ 8.50168262469515, 11.99429580676167 ], [ 8.502068702957502, 11.994157195667469 ], [ 8.502496526248137, 11.994064199604281 ], [ 8.502873134504057, 11.993938271518743 ], [ 8.502874077504714, 11.993937955518504 ], [ 8.502885751512622, 11.993934436516156 ], [ 8.502910380529386, 11.994543554930033 ], [ 8.503300366794349, 11.994971942221071 ], [ 8.504020063283349, 11.995762502758225 ], [ 8.504120639351697, 11.995750622750165 ], [ 8.504216899417088, 11.995900578852059 ], [ 8.504227595424368, 11.996092381982351 ], [ 8.504492742604498, 11.996278264108639 ], [ 8.505161676059004, 11.996803798465749 ], [ 8.505023882965361, 11.996927131549512 ], [ 8.505094132013141, 11.99708260565518 ], [ 8.505759623465281, 11.997769134121654 ], [ 8.506061194670167, 11.998080239333035 ], [ 8.50606125767024, 11.998080177332952 ], [ 8.506064305672282, 11.998083321335116 ], [ 8.506070395676431, 11.998089604339384 ], [ 8.506072709677994, 11.998091991341028 ], [ 8.50618934075726, 11.998233358437062 ], [ 8.506411220908035, 11.998809304828399 ], [ 8.507002267309588, 11.999525372314906 ], [ 8.507592843710881, 12.000097309703506 ], [ 8.507945783950674, 12.000152997741338 ], [ 8.507948330952388, 12.000148552738324 ], [ 8.507950403953828, 12.000144934735886 ], [ 8.508151800090673, 11.999793503497074 ], [ 8.508387103250527, 11.9996993454331 ], [ 8.508608145400729, 11.999601701366771 ], [ 8.508854143567874, 11.999451749264892 ], [ 8.509169931782424, 11.999760043474339 ], [ 8.509310406877887, 11.99970377543616 ], [ 8.509309623877357, 11.999694185429632 ], [ 8.50929979287065, 11.999573803347801 ], [ 8.509300387871065, 11.999573486347629 ], [ 8.509581444062007, 11.999423850245932 ], [ 8.509788225202556, 11.999350617196171 ], [ 8.5100092673527, 11.999423850245932 ], [ 8.510442618647176, 11.999465216274018 ], [ 8.510462046660336, 11.999678422418924 ], [ 8.510786064880506, 11.999770933481784 ], [ 8.511246390193264, 11.999870223549237 ], [ 8.511346216261131, 11.999678422418924 ], [ 8.511343827259509, 11.999672831415126 ], [ 8.511246390193264, 11.999444774260155 ], [ 8.511117771105887, 11.999281455149173 ], [ 8.511370132277364, 11.999254098130621 ], [ 8.511509506372079, 11.998674782736998 ], [ 8.511689519494382, 11.998505008621635 ], [ 8.511678172486654, 11.998376504534292 ], [ 8.511626649451671, 11.998324765499149 ], [ 8.511623686449639, 11.998259453454807 ], [ 8.511594324429666, 11.998149934380365 ], [ 8.511586719424542, 11.998014162288143 ], [ 8.511658479473283, 11.998001152279301 ], [ 8.511667637479491, 11.996771936444077 ], [ 8.512813293257921, 11.996688788387587 ], [ 8.512819235261986, 11.996229624075625 ], [ 8.51284775628136, 11.995997617917965 ], [ 8.513076979437074, 11.994549989934399 ], [ 8.513612681801078, 11.993499547220665 ], [ 8.513954287033187, 11.993746036388131 ], [ 8.513963431039372, 11.993752634392592 ], [ 8.514076442116163, 11.993392583147966 ], [ 8.514088326124238, 11.992613444618598 ], [ 8.514311798276083, 11.992118265282159 ], [ 8.514899163675182, 11.992092206264431 ], [ 8.51503939477044, 11.991735329021935 ], [ 8.515484450072847, 11.990723402334368 ], [ 8.51533627097217, 11.990426055132332 ], [ 8.515259486920002, 11.990271974027678 ], [ 8.515286974938647, 11.990224201995204 ], [ 8.515462768058114, 11.989918682787618 ], [ 8.515554384120378, 11.98975945867943 ], [ 8.51604729545528, 11.989334029390363 ], [ 8.516623667846886, 11.988337204713105 ], [ 8.516275008610023, 11.988207765625134 ], [ 8.516336014651472, 11.987708585285986 ], [ 8.515619907164876, 11.987124998889442 ], [ 8.515384010004595, 11.986840267695982 ], [ 8.515241999908142, 11.986597549531041 ], [ 8.515009302750002, 11.986199835260834 ], [ 8.5149598367164, 11.986115290203372 ], [ 8.5143954313329, 11.985771430969749 ], [ 8.514510714411244, 11.985677264905803 ], [ 8.514675228523004, 11.985647541885555 ], [ 8.514743680569552, 11.98578703998038 ], [ 8.515127770830475, 11.985757280960172 ], [ 8.515181843867254, 11.985615456863798 ], [ 8.515736091243809, 11.985673862903468 ], [ 8.516024418439713, 11.985381911705076 ], [ 8.516309432633363, 11.984470619085926 ], [ 8.516494780759331, 11.984394995034563 ], [ 8.5171873882299, 11.984235942926489 ], [ 8.517228428257795, 11.983800727630751 ], [ 8.517445229405098, 11.981737685229007 ], [ 8.513529194744365, 11.982286040601593 ], [ 8.511782248557381, 11.982541791775361 ], [ 8.509690668136273, 11.982867292996559 ], [ 8.507943721949289, 11.983123043170281 ], [ 8.506089819689635, 11.983262543265084 ], [ 8.504616205688365, 11.983111418162423 ], [ 8.501859120815084, 11.982088414467341 ], [ 8.498420428478653, 11.980746913555834 ], [ 8.496653935278403, 11.98010052111664 ], [ 8.495986105824613, 11.979735969868955 ], [ 8.496012853842785, 11.979300110572808 ], [ 8.496116829913433, 11.977605837421606 ], [ 8.496117522913949, 11.977594542413954 ], [ 8.496764138353285, 11.975913342271667 ], [ 8.496767239355393, 11.975906315266855 ], [ 8.497507081858089, 11.974230123127995 ], [ 8.497585618911444, 11.97405548500933 ], [ 8.498277859381801, 11.972376093868263 ], [ 8.499774387398588, 11.970756508767806 ], [ 8.500368369802175, 11.96993993921302 ], [ 8.501737977732773, 11.968057081933694 ], [ 8.501738012732801, 11.968057033933633 ], [ 8.501738042732825, 11.968056992933612 ], [ 8.501738062732841, 11.968056964933623 ], [ 8.501738103732862, 11.96805690893359 ], [ 8.501738129732871, 11.968056873933563 ], [ 8.504330694494399, 11.964554864554088 ], [ 8.50681628518322, 11.961534789502082 ], [ 8.508884098588226, 11.960453574767484 ], [ 8.510322667565674, 11.959563881162978 ], [ 8.51034172357862, 11.959572946169146 ], [ 8.510949270991432, 11.959302623985423 ], [ 8.510909650964493, 11.959271198964075 ], [ 8.510901734959134, 11.959274720966505 ], [ 8.502391201176579, 11.952524311379932 ], [ 8.502350086148681, 11.952491699357722 ], [ 8.501503629573563, 11.953112524779556 ], [ 8.501218870380058, 11.953393113970208 ], [ 8.501214611377179, 11.95339731097306 ], [ 8.499760011388844, 11.952318389239963 ], [ 8.500016704563222, 11.951448736649127 ], [ 8.500175020670838, 11.951087768403852 ], [ 8.50096860821003, 11.950809443214723 ], [ 8.500163325662868, 11.950240642828248 ], [ 8.497939714152039, 11.948425866595187 ], [ 8.498146495292531, 11.948073584355825 ], [ 8.498199973328838, 11.947923601253933 ], [ 8.498378233449955, 11.947717812114092 ], [ 8.498296233394285, 11.94761317304301 ], [ 8.498374016447087, 11.947404866901479 ], [ 8.498183038317336, 11.947282396818252 ], [ 8.498188980321402, 11.947206824766909 ], [ 8.498209777335546, 11.947107998699778 ], [ 8.498275139379928, 11.947017892638542 ], [ 8.498375559448164, 11.946940575586041 ], [ 8.497767099034718, 11.946768503469116 ], [ 8.497748084021794, 11.946605731358488 ], [ 8.497700547989496, 11.946563875330071 ], [ 8.497786113047653, 11.946377849203657 ], [ 8.497248956682711, 11.946196474080409 ], [ 8.497054058550248, 11.946363897194203 ], [ 8.496768844356495, 11.946270885131014 ], [ 8.497253709685936, 11.945303549473749 ], [ 8.497321844732198, 11.944749345097193 ], [ 8.497107933586847, 11.94453425195104 ], [ 8.496864312421337, 11.944342411820685 ], [ 8.49668605230022, 11.944208704729817 ], [ 8.496418662118515, 11.944022677603471 ], [ 8.496085910892475, 11.944005236591579 ], [ 8.495735332654249, 11.943964543563936 ], [ 8.495390697420078, 11.943929663540246 ], [ 8.495056762193201, 11.943912467528548 ], [ 8.494594469879075, 11.943900596520507 ], [ 8.494226066628755, 11.943807583457271 ], [ 8.493839837366352, 11.94373782340989 ], [ 8.493459550107957, 11.94363899634277 ], [ 8.49306143583749, 11.943609929322974 ], [ 8.492758394631551, 11.943598303315127 ], [ 8.492306803324709, 11.943598303315127 ], [ 8.492038351142298, 11.943672513365527 ], [ 8.490511079104635, 11.942249854398881 ], [ 8.488248367567223, 11.940408166147563 ], [ 8.487059968759752, 11.939431508483949 ], [ 8.486111627115406, 11.938613437928097 ], [ 8.484721200170668, 11.937455393141306 ], [ 8.483134688092719, 11.936192700283357 ], [ 8.481623045065589, 11.934978835458594 ], [ 8.480612760379188, 11.934040719821155 ], [ 8.480526840320806, 11.934147619893793 ], [ 8.479614887701189, 11.935300104676855 ], [ 8.478552163979089, 11.934848000369698 ], [ 8.478244022769729, 11.934955978443043 ], [ 8.477600001332121, 11.935499999812691 ], [ 8.477291815122726, 11.935676104932327 ], [ 8.476351187483658, 11.936144155250361 ], [ 8.474714635371697, 11.935541858841134 ], [ 8.473674923665214, 11.9372963010332 ], [ 8.473140434302081, 11.938198210645965 ], [ 8.472825684088207, 11.938658160958482 ], [ 8.474036901911177, 11.943165340020926 ], [ 8.474593936289693, 11.945218764416154 ], [ 8.474593960289667, 11.945218843416171 ], [ 8.475949851210942, 11.945408186544853 ], [ 8.478426358893614, 11.945754157779902 ], [ 8.478599999011578, 11.946100000014894 ], [ 8.478900000215447, 11.946600001354625 ], [ 8.478599999011578, 11.946800001490487 ], [ 8.478509495950107, 11.947260156803168 ], [ 8.478883841204436, 11.947469434945333 ], [ 8.479121521365926, 11.947225276779477 ], [ 8.479300000487228, 11.947000000626417 ], [ 8.479727969778025, 11.947527972985142 ], [ 8.480048062995479, 11.947848066202596 ], [ 8.480099998030767, 11.947900001237883 ], [ 8.480300002166643, 11.948299999509686 ], [ 8.480400000234624, 11.948600001713544 ], [ 8.480500001302573, 11.948899998917341 ], [ 8.480599999370497, 11.949000000985279 ], [ 8.480686222429085, 11.949172443102441 ], [ 8.480900000574366, 11.94909999905326 ], [ 8.481046726674037, 11.94909999905326 ], [ 8.481128384729516, 11.949099522052904 ], [ 8.481233418800855, 11.950690580133994 ], [ 8.481199997778162, 11.950700000140387 ], [ 8.480900000574366, 11.951499998683914 ], [ 8.480900000574366, 11.952000000023645 ], [ 8.480599999370497, 11.952899999635179 ], [ 8.480300002166643, 11.953400000974909 ], [ 8.480900000574366, 11.953400000974909 ], [ 8.481400001914039, 11.953600001110772 ], [ 8.481837734211467, 11.955119806143443 ], [ 8.48185359322224, 11.956078827795011 ], [ 8.483554895378234, 11.956886955344089 ], [ 8.484681675143804, 11.957642473857447 ], [ 8.485378285617116, 11.958935096735729 ], [ 8.485991088033472, 11.959995228456023 ], [ 8.486422178326393, 11.960724690951679 ], [ 8.48671515052547, 11.961230135295125 ], [ 8.487068604765625, 11.962118311898564 ], [ 8.486795408580008, 11.963054476534637 ], [ 8.486331329264658, 11.963527419856007 ], [ 8.484424659969193, 11.963105465569299 ], [ 8.481353837882693, 11.962417213101673 ], [ 8.48032706218504, 11.962389311082688 ], [ 8.480075775014313, 11.962434107113154 ], [ 8.479501609624208, 11.960693745930655 ], [ 8.479169758398712, 11.95968786524719 ], [ 8.478540013970814, 11.959647746219957 ], [ 8.477282615116508, 11.958212175244569 ], [ 8.473925975835812, 11.954814124935751 ], [ 8.473782877738586, 11.954669260837306 ], [ 8.471954470496257, 11.952775014550241 ], [ 8.471158242955255, 11.951862346930113 ], [ 8.470760128684788, 11.951501928685218 ], [ 8.470767296689644, 11.951664588795779 ], [ 8.470750985678535, 11.951829477907779 ], [ 8.47074554867487, 11.952047558055995 ], [ 8.470702053645311, 11.952239042186079 ], [ 8.470627910594942, 11.952623587447363 ], [ 8.469975480151618, 11.95255382939996 ], [ 8.46989457909666, 11.953143878800859 ], [ 8.46982598405009, 11.953146844802859 ], [ 8.469768751011202, 11.953610419117865 ], [ 8.469791569026654, 11.953621581125446 ], [ 8.469774456015045, 11.953777838231645 ], [ 8.469772554013787, 11.953986181373182 ], [ 8.469694594960799, 11.9541815015059 ], [ 8.46955578986649, 11.954635390814303 ], [ 8.469365828737409, 11.955175532181272 ], [ 8.469017326500648, 11.955113462139138 ], [ 8.468987272480206, 11.955172214179015 ], [ 8.46888611141145, 11.955186824188957 ], [ 8.468903412423231, 11.955348824299051 ], [ 8.468414187090843, 11.955354247302694 ], [ 8.468403477083541, 11.955431730355372 ], [ 8.468360228054166, 11.955744608567954 ], [ 8.467370603381767, 11.955402906335792 ], [ 8.467234699289406, 11.955637847495382 ], [ 8.466419883735796, 11.954733235880781 ], [ 8.465823479330538, 11.95560437647265 ], [ 8.466547524822488, 11.956066504786634 ], [ 8.466496560787903, 11.956319311958453 ], [ 8.467936858766507, 11.956513908090642 ], [ 8.468649898250987, 11.956709227223371 ], [ 8.46817409492769, 11.957537079785823 ], [ 8.467922019756429, 11.957988564092602 ], [ 8.467722368620741, 11.959048861813017 ], [ 8.467608281543221, 11.959396713049387 ], [ 8.467869690720875, 11.959613971196973 ], [ 8.467731875627237, 11.960090554520832 ], [ 8.467570253517408, 11.960564894843117 ], [ 8.467427646420504, 11.960992732133775 ], [ 8.467170952246079, 11.961392665405526 ], [ 8.466971301110448, 11.961922807765745 ], [ 8.466847707026488, 11.962294837018533 ], [ 8.466667070903725, 11.962592461220765 ], [ 8.466426163740039, 11.962795538358705 ], [ 8.466177414571007, 11.962994345493826 ], [ 8.465856547353042, 11.963343120730769 ], [ 8.465505969114815, 11.963662831948 ], [ 8.465292057969464, 11.963453566805811 ], [ 8.464024036107901, 11.962172392935315 ], [ 8.463620609833811, 11.961765332658729 ], [ 8.4632987166151, 11.961425911428137 ], [ 8.462889011336699, 11.961050345172964 ], [ 8.461936811689725, 11.959944761421752 ], [ 8.461517329404728, 11.959505311123166 ], [ 8.461052644088966, 11.958851912679222 ], [ 8.459399997966102, 11.95679999928501 ], [ 8.458900000626386, 11.956099997809417 ], [ 8.458200000150782, 11.954399998654367 ], [ 8.457782445867053, 11.953866424291789 ], [ 8.457400001607198, 11.953499999042833 ], [ 8.456999999335437, 11.953099999771041 ], [ 8.455372268229439, 11.953879396300636 ], [ 8.449120321981525, 11.957097728487327 ], [ 8.445599998589671, 11.958900000711878 ], [ 8.44550000052169, 11.960399999731067 ], [ 8.445300002385807, 11.962699998293829 ], [ 8.44489874011316, 11.966350625774226 ], [ 8.44444835480715, 11.971427509223759 ], [ 8.448020777234433, 11.973065434336604 ], [ 8.449244027065618, 11.973626281717713 ], [ 8.450348264815887, 11.974066499016828 ], [ 8.453636421050021, 11.9754265169409 ], [ 8.455941278616081, 11.976345846565494 ], [ 8.456540527023208, 11.976575826721785 ], [ 8.460297878576171, 11.978071167737767 ], [ 8.463819789969136, 11.979465923685439 ], [ 8.463819849969184, 11.979467090686285 ], [ 8.463881282010902, 11.980752252559455 ], [ 8.464910840710445, 11.99912245104116 ], [ 8.464933331725717, 11.999510214304621 ], [ 8.46574056227422, 11.999484901287417 ], [ 8.465514513120638, 12.002970810655938 ], [ 8.466307230659254, 12.003690093144655 ], [ 8.466930292082566, 12.004315206569402 ], [ 8.467382390389787, 12.004802995900832 ], [ 8.467346698365532, 12.005219402183741 ], [ 8.467172565247211, 12.005334551261967 ], [ 8.467172761247298, 12.005339302265213 ], [ 8.467078652183375, 12.005511362382094 ], [ 8.467209812272472, 12.006235950874441 ], [ 8.46725248230149, 12.006309644924499 ], [ 8.467278990319528, 12.010556869810273 ], [ 8.468020200823105, 12.021328410129058 ], [ 8.469455295798184, 12.023392997531857 ], [ 8.470387646431675, 12.022909239203159 ] ] ] ] } },
{ "type": "Feature", "properties": { "fid": 524.0, "OBJECTID": 524.0, "lganame": "Minjibir", "statecode": "KN", "LGA_UID": "19_30" }, "geometry": { "type": "MultiPolygon", "coordinates": [ [ [ [ 8.704367831410252, 12.265600666100568 ], [ 8.704767579681857, 12.265280865883312 ], [ 8.707006177202857, 12.265646351131636 ], [ 8.707108970272714, 12.265429343984181 ], [ 8.707748568707302, 12.265577823085039 ], [ 8.708810760429003, 12.265703458170435 ], [ 8.710504893580094, 12.264463709328083 ], [ 8.712874026189809, 12.264745302519373 ], [ 8.716962117967455, 12.265358455935996 ], [ 8.718919267297224, 12.265990964365756 ], [ 8.721088237770971, 12.266454694680874 ], [ 8.728979205132475, 12.267290806248923 ], [ 8.73255098155937, 12.268831753295956 ], [ 8.729320183364166, 12.261673615432301 ], [ 8.728669088921777, 12.260191781425476 ], [ 8.729793492685758, 12.252628786286778 ], [ 8.717220302142891, 12.253421055825129 ], [ 8.717258330168704, 12.250986907171239 ], [ 8.717638618427088, 12.243870146335723 ], [ 8.717690742462537, 12.228699000027632 ], [ 8.717770284516575, 12.225183893639269 ], [ 8.713459866587812, 12.210949939967975 ], [ 8.721093058774215, 12.203584340963403 ], [ 8.72111053178611, 12.203581213961286 ], [ 8.721482854039095, 12.203221938717149 ], [ 8.722063578433676, 12.203118005646559 ], [ 8.732637226617953, 12.200587584927234 ], [ 8.733064058907985, 12.200485437857822 ], [ 8.730865036413832, 12.186644998453914 ], [ 8.719173390469905, 12.155948677597223 ], [ 8.715562826016708, 12.154318515489592 ], [ 8.702946103444219, 12.143376521055018 ], [ 8.691798472869948, 12.141093573503838 ], [ 8.689231532125802, 12.14700483452026 ], [ 8.679248984343133, 12.142041615148003 ], [ 8.675027792475078, 12.140480134087056 ], [ 8.672403807692149, 12.139532087442888 ], [ 8.67035025529691, 12.138472500722969 ], [ 8.666528364700071, 12.137914823344033 ], [ 8.659674093042952, 12.136607773455978 ], [ 8.653572161896932, 12.134935144319513 ], [ 8.650254070642461, 12.135142525460424 ], [ 8.648162218221159, 12.13480199122904 ], [ 8.648024729127712, 12.134779609213808 ], [ 8.647068938478299, 12.134865900272416 ], [ 8.646736291252296, 12.133254530177567 ], [ 8.646394032019771, 12.130242994131379 ], [ 8.645563040455158, 12.129543660656225 ], [ 8.644059530433594, 12.130373185219867 ], [ 8.641933877989288, 12.130217648114183 ], [ 8.640015606685893, 12.128351219846024 ], [ 8.641012386363172, 12.126542248616943 ], [ 8.643687243180636, 12.125819897126121 ], [ 8.646904738366743, 12.114361221340459 ], [ 8.639780299526024, 12.110395444645917 ], [ 8.636571623345901, 12.104957457951059 ], [ 8.637451153943516, 12.098777544752124 ], [ 8.637355157878289, 12.098652648667269 ], [ 8.634435169894289, 12.097576366935982 ], [ 8.624488162135719, 12.093913063446905 ], [ 8.620219429235362, 12.093857005408836 ], [ 8.616695281840862, 12.093810724377363 ], [ 8.611884002571799, 12.093747541334437 ], [ 8.608581496327929, 12.094293120705174 ], [ 8.604945816857651, 12.09463761093923 ], [ 8.603264571715329, 12.094796913047446 ], [ 8.602657230302668, 12.094824424066132 ], [ 8.60121872932524, 12.094631869935313 ], [ 8.594649272861602, 12.093749687335901 ], [ 8.593633134171228, 12.093790178363406 ], [ 8.591471265702296, 12.094257941681235 ], [ 8.585023042321041, 12.095653139629235 ], [ 8.580378830165557, 12.095795194725724 ], [ 8.578287248744402, 12.096724805357383 ], [ 8.577883193469859, 12.097607931957384 ], [ 8.577265226049974, 12.098816415778515 ], [ 8.576290739387844, 12.099002335904856 ], [ 8.57517364362883, 12.100001654583821 ], [ 8.573985245821405, 12.101000970262817 ], [ 8.572273951658644, 12.1034643809366 ], [ 8.571038016818875, 12.104696078773486 ], [ 8.570471402433895, 12.105926247609318 ], [ 8.570990480786577, 12.107368609589344 ], [ 8.570752800625087, 12.108553811394643 ], [ 8.570403230387569, 12.109151950801049 ], [ 8.569899999045674, 12.109299998901633 ], [ 8.569278592623448, 12.109235007857478 ], [ 8.568553670130882, 12.109304725904849 ], [ 8.568019484767945, 12.109739006199902 ], [ 8.567579183468752, 12.110280766567996 ], [ 8.567449053380358, 12.110761523894666 ], [ 8.567306445283464, 12.11141221533677 ], [ 8.567335262303061, 12.11162249647964 ], [ 8.567363156322017, 12.111826039617938 ], [ 8.567573815465096, 12.113135658507758 ], [ 8.568516234105459, 12.115063869817902 ], [ 8.567116302154261, 12.115943768415718 ], [ 8.564528811396201, 12.117573826523312 ], [ 8.564335449264831, 12.118918284436802 ], [ 8.561500002338278, 12.12059999957944 ], [ 8.560960396971609, 12.121939243489408 ], [ 8.558115686038775, 12.121552420226578 ], [ 8.557514040629997, 12.121474483173586 ], [ 8.557267766462644, 12.12211945061182 ], [ 8.557418968565401, 12.122892000136744 ], [ 8.557512370628842, 12.123906548826085 ], [ 8.556413844882456, 12.124666209342251 ], [ 8.556099557668915, 12.124883554489884 ], [ 8.555660139370332, 12.127748684436654 ], [ 8.554614347659765, 12.127981058594514 ], [ 8.553473484884591, 12.127888108531351 ], [ 8.552712910367859, 12.12781839748402 ], [ 8.551597884610203, 12.129110445361903 ], [ 8.551358136447334, 12.130444222268125 ], [ 8.550169736639873, 12.13095544061548 ], [ 8.547412651766535, 12.130862491552307 ], [ 8.545644497565206, 12.131253821818234 ], [ 8.54306311281124, 12.136625265467842 ], [ 8.541637034842324, 12.137043525752063 ], [ 8.541114139487036, 12.136323187262576 ], [ 8.539711828534223, 12.135556372741576 ], [ 8.536301375216965, 12.136579587436813 ], [ 8.533686898440578, 12.135928956994746 ], [ 8.529289823452928, 12.13541774664742 ], [ 8.528031349597882, 12.133712157488503 ], [ 8.520362853387496, 12.133825227565353 ], [ 8.515126667829747, 12.13281515487904 ], [ 8.513531656746011, 12.133140527100124 ], [ 8.510608195759687, 12.132141333421202 ], [ 8.507499999647791, 12.131499997985486 ], [ 8.50570758242992, 12.134913327304673 ], [ 8.504863092856112, 12.13652150039735 ], [ 8.505416562232199, 12.138020791416068 ], [ 8.505951341595562, 12.13962411250543 ], [ 8.507019232321113, 12.144340544710019 ], [ 8.513436584681415, 12.144363780725826 ], [ 8.514481282391216, 12.144208471620288 ], [ 8.512055278742878, 12.150191762685665 ], [ 8.508087006046651, 12.15996488432603 ], [ 8.503482408918046, 12.159464131985771 ], [ 8.502500001250553, 12.160300001553708 ], [ 8.499499999212162, 12.162300001912627 ], [ 8.49790000212505, 12.162399999980551 ], [ 8.497000000513538, 12.163400001660023 ], [ 8.49370000127135, 12.164400000339469 ], [ 8.492600000523964, 12.165399998018927 ], [ 8.490764910277107, 12.165782059278513 ], [ 8.491670328892269, 12.166374526681068 ], [ 8.49681123638527, 12.175857929124618 ], [ 8.496206399974312, 12.179757727774359 ], [ 8.495937821791813, 12.180789269475213 ], [ 8.495868894745001, 12.180903110552549 ], [ 8.495658863602273, 12.181129657706492 ], [ 8.495614577572212, 12.181725553111391 ], [ 8.495757184669117, 12.181876566213987 ], [ 8.495665133606565, 12.186778059544338 ], [ 8.497266646694698, 12.200525642885168 ], [ 8.510859553930459, 12.202222107037812 ], [ 8.522449081805007, 12.204322019464598 ], [ 8.523381033438227, 12.213776968888794 ], [ 8.521459368132525, 12.213514776710667 ], [ 8.518084172839224, 12.214453165348232 ], [ 8.514538337429997, 12.214076680092433 ], [ 8.506565690012962, 12.212132852771731 ], [ 8.501554600608188, 12.206189485733489 ], [ 8.498412444473217, 12.206682471068405 ], [ 8.497920883139216, 12.20957078203088 ], [ 8.496398906105128, 12.215150378821988 ], [ 8.493195354928446, 12.217187593206177 ], [ 8.494701466951767, 12.221263899975838 ], [ 8.494052514510827, 12.229791865770153 ], [ 8.496158175941559, 12.235596165713901 ], [ 8.507944883950074, 12.242218728213629 ], [ 8.513616911803922, 12.24805947118216 ], [ 8.514930737696602, 12.25702230527196 ], [ 8.518292168980565, 12.254297321420495 ], [ 8.528504865919615, 12.252083476916255 ], [ 8.537491919025911, 12.264969165671516 ], [ 8.544447775752076, 12.27883126709014 ], [ 8.545884563728293, 12.281604351974352 ], [ 8.557036848305756, 12.279613175621421 ], [ 8.56255517205517, 12.278810360075965 ], [ 8.56658424479275, 12.275793521026117 ], [ 8.568301545959571, 12.271171090885389 ], [ 8.569579248827722, 12.266777397900114 ], [ 8.57210442054344, 12.261648694415385 ], [ 8.575180870633744, 12.253800101082618 ], [ 8.584802866171458, 12.254637591651658 ], [ 8.590227499857235, 12.255551858272895 ], [ 8.596823113338644, 12.259442235916197 ], [ 8.597951273105195, 12.259955262264782 ], [ 8.598091033200149, 12.26001881730798 ], [ 8.601046540208245, 12.259867125204892 ], [ 8.602892262462376, 12.259906407231597 ], [ 8.605925583523344, 12.255531008258743 ], [ 8.608805433480086, 12.257449716562405 ], [ 8.609053759648816, 12.256993135252173 ], [ 8.610005029295166, 12.255244092063776 ], [ 8.611191186101053, 12.253116335618074 ], [ 8.613869320920742, 12.253750790049139 ], [ 8.61979169794472, 12.255901394510374 ], [ 8.623401230397235, 12.257259539433164 ], [ 8.630500126220568, 12.260532994657353 ], [ 8.638204173455108, 12.262527124012252 ], [ 8.642946757677521, 12.261975161637224 ], [ 8.643159077821736, 12.261633495405079 ], [ 8.646238669914169, 12.256677740037844 ], [ 8.647085111489332, 12.255315610112348 ], [ 8.654464266503112, 12.265211788836325 ], [ 8.656128024633574, 12.267766577572218 ], [ 8.664139748077162, 12.272259711625054 ], [ 8.667469978339852, 12.277029990866254 ], [ 8.668188413828034, 12.279464144520148 ], [ 8.667857418603091, 12.284582056997522 ], [ 8.667429596312445, 12.289784126532084 ], [ 8.664981845649322, 12.299125382879026 ], [ 8.673880574695545, 12.305980566536846 ], [ 8.696174074842929, 12.297359907679493 ], [ 8.704134948251976, 12.288363058566574 ], [ 8.708118892958908, 12.273415728410555 ], [ 8.707051863233914, 12.272601991857641 ], [ 8.705243473005169, 12.271707314249738 ], [ 8.70473331565853, 12.27160832918247 ], [ 8.704207931301596, 12.271334214996273 ], [ 8.7029629974557, 12.271117207848818 ], [ 8.7029629974557, 12.270580402484086 ], [ 8.702917311424642, 12.2693354676382 ], [ 8.702768833323773, 12.268444597032897 ], [ 8.702951576447958, 12.267496620388783 ], [ 8.703157160587637, 12.266434428667083 ], [ 8.704367831410252, 12.265600666100568 ] ] ] ] } },
{ "type": "Feature", "properties": { "fid": 525.0, "OBJECTID": 525.0, "lganame": "Fagge", "statecode": "KN", "LGA_UID": "19_12" }, "geometry": { "type": "MultiPolygon", "coordinates": [ [ [ [ 8.512175054824297, 12.071910073496895 ], [ 8.516022708438584, 12.070367547448825 ], [ 8.518274583968605, 12.069628389946615 ], [ 8.518332595008019, 12.069374710774241 ], [ 8.519516816812654, 12.064196150255668 ], [ 8.519868342051495, 12.064000913123039 ], [ 8.522329602723801, 12.062633927194213 ], [ 8.526084493275107, 12.061801973628917 ], [ 8.527742564401649, 12.060855203985682 ], [ 8.528203604714918, 12.060752386915794 ], [ 8.528609070990399, 12.060661606854126 ], [ 8.52890109018881, 12.060596688809994 ], [ 8.529351730495023, 12.060483150732864 ], [ 8.529361250501495, 12.060480751731234 ], [ 8.529617174675366, 12.060425754693881 ], [ 8.529949498901146, 12.060283108596934 ], [ 8.530234714094945, 12.060194783536929 ], [ 8.53060549534689, 12.060108784478473 ], [ 8.530688683403412, 12.060104135475342 ], [ 8.530975173598051, 12.060091581466793 ], [ 8.53107498366586, 12.060065772449263 ], [ 8.531075061665945, 12.060065752449248 ], [ 8.531450970921355, 12.059969272383682 ], [ 8.533279718163897, 12.059499909064812 ], [ 8.533645489412436, 12.059406031001004 ], [ 8.534991917327261, 12.060180638527299 ], [ 8.535299956536562, 12.059789398261501 ], [ 8.53551481268255, 12.059320632943013 ], [ 8.535716839819827, 12.059055656762951 ], [ 8.536025824029764, 12.058939439683968 ], [ 8.53635857625585, 12.058974304707647 ], [ 8.536934520647151, 12.059243039890248 ], [ 8.537440017990605, 12.059543770094592 ], [ 8.538438272668884, 12.060043503434144 ], [ 8.539056241088758, 12.060415396686835 ], [ 8.5401710398462, 12.060918102028381 ], [ 8.540624927154624, 12.061159184192206 ], [ 8.541028982429168, 12.060984859073756 ], [ 8.542093083152167, 12.064566071506988 ], [ 8.542800002632475, 12.064692446592858 ], [ 8.545127680214023, 12.06487838971924 ], [ 8.546606000218503, 12.065004235804736 ], [ 8.547251299656921, 12.064618401542589 ], [ 8.547714592971715, 12.06238073902216 ], [ 8.547998851164834, 12.061680137546148 ], [ 8.548502731507199, 12.061113002160823 ], [ 8.549400819117409, 12.060623166828009 ], [ 8.550261561702257, 12.06000661940908 ], [ 8.551687640671219, 12.057301073570784 ], [ 8.552153492987713, 12.056269053869585 ], [ 8.552273248069127, 12.055955006656177 ], [ 8.552158705991303, 12.055652116450403 ], [ 8.552043419912934, 12.05548003433347 ], [ 8.551909695822076, 12.055481741334631 ], [ 8.551794644743893, 12.055491902341544 ], [ 8.551667223657319, 12.05552157136168 ], [ 8.551430652496606, 12.055509581353533 ], [ 8.551284960397595, 12.055432563301224 ], [ 8.551060456245068, 12.055349489244804 ], [ 8.550896629133774, 12.055236746168191 ], [ 8.550775275051308, 12.055100267075431 ], [ 8.550672124981247, 12.054880713926252 ], [ 8.550659989972985, 12.05470269780534 ], [ 8.550726734018326, 12.0545840197247 ], [ 8.550860223108998, 12.054364465575475 ], [ 8.550946080167364, 12.054227318482333 ], [ 8.551133268294564, 12.05385415222878 ], [ 8.551181810327535, 12.053640532083648 ], [ 8.551090795265679, 12.05326669582962 ], [ 8.550939103162591, 12.053064942692515 ], [ 8.550799546067822, 12.05289879257964 ], [ 8.550611447940014, 12.052708908450654 ], [ 8.550459755836926, 12.052459683281313 ], [ 8.550314131737991, 12.052370674220811 ], [ 8.550119966606076, 12.052335071196637 ], [ 8.550016815535969, 12.052263864148244 ], [ 8.549919733470006, 12.052311335180491 ], [ 8.54984692142051, 12.05246561728535 ], [ 8.549786203379256, 12.052646728408376 ], [ 8.549719500333936, 12.052845387543357 ], [ 8.549508336190456, 12.053013952657921 ], [ 8.549397913115456, 12.053159885757054 ], [ 8.549185543971134, 12.053248893817511 ], [ 8.548967107822762, 12.053219224797374 ], [ 8.54875473867844, 12.053290431845767 ], [ 8.548548437538273, 12.053278563837694 ], [ 8.548451356472299, 12.053136149740908 ], [ 8.548414950447579, 12.052958132619949 ], [ 8.548433153459939, 12.052750445478864 ], [ 8.548481694492921, 12.052584296365978 ], [ 8.54853630253001, 12.052376608224847 ], [ 8.548621250587757, 12.052246062136135 ], [ 8.548827551727925, 12.052157053075689 ], [ 8.549052211880564, 12.052095718033968 ], [ 8.549173408962929, 12.052014638978903 ], [ 8.549243688010677, 12.051869862880551 ], [ 8.549112731921696, 12.051682337753107 ], [ 8.548948904810345, 12.051528054648315 ], [ 8.54863338559602, 12.051302565495064 ], [ 8.548360341410444, 12.051332234515257 ], [ 8.548114330243322, 12.051391645555611 ], [ 8.547943587127293, 12.051433384583959 ], [ 8.547789979022923, 12.051332234515257 ], [ 8.547746619993461, 12.051115603368032 ], [ 8.547771776010563, 12.050851585188639 ], [ 8.547638824920227, 12.050421709896568 ], [ 8.547496216823333, 12.050154401714963 ], [ 8.547312014698207, 12.050073046659691 ], [ 8.547031312507443, 12.050023968626363 ], [ 8.54693767044381, 12.050009124616281 ], [ 8.546801004350982, 12.049927769560952 ], [ 8.546765352326759, 12.049817360485974 ], [ 8.546841640378602, 12.049669983385797 ], [ 8.546907960423653, 12.049532617292471 ], [ 8.546961438459959, 12.049276930118765 ], [ 8.546902018419587, 12.049067730976617 ], [ 8.546777236334833, 12.048922453877935 ], [ 8.54661086022179, 12.048841097822617 ], [ 8.546450426112756, 12.048759742767345 ], [ 8.546338270036586, 12.048707071731542 ], [ 8.546295934007787, 12.048626087676553 ], [ 8.546295934007787, 12.048567976637059 ], [ 8.546343470040085, 12.048440132550184 ], [ 8.546420716092598, 12.04826580043175 ], [ 8.546474194128905, 12.048079844305391 ], [ 8.546563324189492, 12.048085655309364 ], [ 8.546604918217724, 12.048033355273787 ], [ 8.546539556173343, 12.047957811222489 ], [ 8.546367238056234, 12.047853211151391 ], [ 8.546117674886659, 12.04771955506061 ], [ 8.545885936729235, 12.047597521977707 ], [ 8.54578227565878, 12.047485818901805 ], [ 8.545672024583894, 12.047260476748704 ], [ 8.545541301495064, 12.047068709618372 ], [ 8.545410577406244, 12.047074520622346 ], [ 8.545273072312796, 12.047123626655718 ], [ 8.545060000168064, 12.047155876677607 ], [ 8.544902310060877, 12.047009951578445 ], [ 8.544720279937223, 12.046903138505854 ], [ 8.544780955978467, 12.046713249376864 ], [ 8.544987257118635, 12.046499623231739 ], [ 8.54521813627548, 12.046452093199434 ], [ 8.545375589382445, 12.046274129078483 ], [ 8.54546760444498, 12.046027849911184 ], [ 8.545533348489641, 12.04536028245758 ], [ 8.54536345337425, 12.045027973231811 ], [ 8.545169288242278, 12.044755005046341 ], [ 8.544987257118635, 12.04464819097376 ], [ 8.544841633019701, 12.044529508893106 ], [ 8.544890175052672, 12.044398958804436 ], [ 8.545063118170162, 12.044266979714735 ], [ 8.545084340184587, 12.044137857626993 ], [ 8.545011528135092, 12.043947967497957 ], [ 8.544841633019701, 12.043793680393151 ], [ 8.544708143928972, 12.043532579215764 ], [ 8.544635331879476, 12.043366423102839 ], [ 8.544465436764085, 12.043390160118975 ], [ 8.544404760722841, 12.043544447223837 ], [ 8.544222729599142, 12.043591920256063 ], [ 8.543888618372137, 12.043659005301663 ], [ 8.543586938167152, 12.043261796031743 ], [ 8.543809835318598, 12.043063666897126 ], [ 8.544047515480088, 12.042761482691844 ], [ 8.544202006585067, 12.042505788518099 ], [ 8.544047515480088, 12.042215228320686 ], [ 8.543809835318598, 12.042017646186423 ], [ 8.543536503132884, 12.042017646186423 ], [ 8.543215635914862, 12.042133870265388 ], [ 8.542977955753372, 12.042064135218027 ], [ 8.542894767696851, 12.041947911139061 ], [ 8.542752159599956, 12.041785196028457 ], [ 8.542680855551509, 12.041529500854722 ], [ 8.542680855551509, 12.041215692641515 ], [ 8.542502597430428, 12.041122712578328 ], [ 8.542288685285087, 12.041018110507309 ], [ 8.542146077188193, 12.040901885428298 ], [ 8.54208665714782, 12.040576454207212 ], [ 8.542015353099373, 12.040297513017663 ], [ 8.541967817067075, 12.039960458788642 ], [ 8.541860860994404, 12.039774497662279 ], [ 8.541658833857127, 12.039681516599103 ], [ 8.541361733655265, 12.039681516599103 ], [ 8.541028982429168, 12.039786120670215 ], [ 8.540910142348423, 12.039995326812345 ], [ 8.540748597238633, 12.040072847865019 ], [ 8.540409804008448, 12.040109613890024 ], [ 8.540185218855868, 12.04001857182817 ], [ 8.540113914807421, 12.039913968757048 ], [ 8.540124795814791, 12.039682945600077 ], [ 8.540280290920464, 12.039135256227951 ], [ 8.540125798815495, 12.038926049085831 ], [ 8.539923771678218, 12.038681973920006 ], [ 8.539781163581324, 12.038356539698896 ], [ 8.5395078323956, 12.037833521343487 ], [ 8.539234500209886, 12.037647558217145 ], [ 8.538913632991864, 12.03754295414609 ], [ 8.538602475780465, 12.037455163086406 ], [ 8.538462040685033, 12.037252386948637 ], [ 8.53848303669929, 12.036818431653785 ], [ 8.538663707822082, 12.036636442530153 ], [ 8.538628416798076, 12.036427176387974 ], [ 8.538390736636586, 12.036299326301105 ], [ 8.537879726289361, 12.035985512087848 ], [ 8.53744168599178, 12.035863967005298 ], [ 8.537217846839667, 12.035434802713667 ], [ 8.536857702594943, 12.035102182487663 ], [ 8.536394228280074, 12.034846481313934 ], [ 8.535848369909161, 12.034778816267988 ], [ 8.536799540555478, 12.033765337579382 ], [ 8.537277142879987, 12.033256599233709 ], [ 8.538099515438716, 12.03172935119602 ], [ 8.538805422918358, 12.030195121153554 ], [ 8.539097769117006, 12.029553530717635 ], [ 8.539343768284141, 12.029072338390677 ], [ 8.539628984477929, 12.028517918013961 ], [ 8.540049676763772, 12.027953036630151 ], [ 8.540305274937452, 12.027674839441147 ], [ 8.540573255119511, 12.027334011209575 ], [ 8.541186023535886, 12.026672401760038 ], [ 8.541399128680666, 12.026438516601161 ], [ 8.541653063853175, 12.026159821411795 ], [ 8.542440972388533, 12.025253212795747 ], [ 8.54282540764973, 12.024819940501402 ], [ 8.542979316754327, 12.024646481383513 ], [ 8.543410706047439, 12.024147844044705 ], [ 8.543806443316328, 12.023575979656187 ], [ 8.544296590649367, 12.022615450003514 ], [ 8.544519481800762, 12.021787152440766 ], [ 8.544583654844416, 12.021250152075879 ], [ 8.54457350783747, 12.020271601411025 ], [ 8.543567539153969, 12.014556438527848 ], [ 8.543276499956221, 12.013210157613059 ], [ 8.542919979713986, 12.011396850381004 ], [ 8.542641637524866, 12.009687937219894 ], [ 8.542646080527902, 12.009687222219441 ], [ 8.543846816343716, 12.009197774886843 ], [ 8.543760483285098, 12.008727763567492 ], [ 8.543757413283004, 12.008711051556133 ], [ 8.543610477183165, 12.00791110101261 ], [ 8.542597961495233, 12.004298353557942 ], [ 8.540223327881733, 12.000458866949202 ], [ 8.542399999360725, 11.999699999433574 ], [ 8.542553038464689, 11.999214368103594 ], [ 8.542699999564547, 11.998699999754137 ], [ 8.543751821279216, 11.995932973874062 ], [ 8.544599998855517, 11.993900001492761 ], [ 8.542734406587897, 11.993308601090916 ], [ 8.539428162341494, 11.992402766475436 ], [ 8.539412669330943, 11.992366920451104 ], [ 8.537882752291466, 11.991996669199523 ], [ 8.537821933250143, 11.991980687188629 ], [ 8.534998974332041, 11.991298767725311 ], [ 8.534996154330145, 11.99130970673275 ], [ 8.534689223121575, 11.992500338541731 ], [ 8.533964593629264, 11.993414223162688 ], [ 8.533958580625153, 11.993416666164364 ], [ 8.533693568445074, 11.993524331237495 ], [ 8.533589247374209, 11.993448603186039 ], [ 8.533252554145463, 11.993730897377816 ], [ 8.53322279212523, 11.993797061422811 ], [ 8.532837964863745, 11.994119711642043 ], [ 8.532508374639804, 11.994852426139857 ], [ 8.532476858618395, 11.994922490187491 ], [ 8.532334347521555, 11.995333189466521 ], [ 8.53177650314251, 11.996602133328736 ], [ 8.531103196685024, 11.998041856306941 ], [ 8.530293271134724, 12.000048942670674 ], [ 8.529309917466605, 12.002008227001909 ], [ 8.528957108226905, 12.002611368411692 ], [ 8.527284094090135, 12.005433068328898 ], [ 8.526801256762099, 12.005970168693864 ], [ 8.526780462747979, 12.005991138708112 ], [ 8.526758293732883, 12.006013495723266 ], [ 8.526376865473708, 12.006398153984662 ], [ 8.526372825471014, 12.006403140988027 ], [ 8.525822580097099, 12.007082431449589 ], [ 8.52432439707917, 12.008712397557076 ], [ 8.524321496077221, 12.008708492554433 ], [ 8.524320875076796, 12.008707655553849 ], [ 8.523506874523719, 12.009617248171878 ], [ 8.523170028294828, 12.010072192481005 ], [ 8.522074925550783, 12.011168952226171 ], [ 8.522074002550141, 12.011169877226791 ], [ 8.523107909252644, 12.011809184661217 ], [ 8.523393125446432, 12.012506612135041 ], [ 8.523761528696753, 12.012820453348297 ], [ 8.523987587850343, 12.013176106589924 ], [ 8.524330692083481, 12.013870772061921 ], [ 8.524977017522588, 12.014651685592526 ], [ 8.523409187457332, 12.016250225678675 ], [ 8.522277831688655, 12.017245202354729 ], [ 8.519299487664966, 12.019866671135901 ], [ 8.518090062843214, 12.020952177873426 ], [ 8.516026257440956, 12.019589057947258 ], [ 8.515527130101873, 12.019472822868295 ], [ 8.513489566717396, 12.021230624062639 ], [ 8.51315588949069, 12.021668795360313 ], [ 8.511583116422059, 12.023735262764376 ], [ 8.509846584242155, 12.026493296638364 ], [ 8.509406876943444, 12.027318539199086 ], [ 8.508240463150912, 12.027679340444195 ], [ 8.507384815569537, 12.027539862349443 ], [ 8.506778733157716, 12.027749078491581 ], [ 8.506279605818577, 12.027853685562661 ], [ 8.505780478479437, 12.027574732373125 ], [ 8.504372225522616, 12.027609601396819 ], [ 8.503207594731293, 12.027656093428448 ], [ 8.502587346309895, 12.02734292121562 ], [ 8.501995428907719, 12.027237662144103 ], [ 8.501448764536235, 12.026958706954588 ], [ 8.500854566132546, 12.02661001271764 ], [ 8.500040512579403, 12.028655678107611 ], [ 8.499280760063186, 12.031176961820677 ], [ 8.498450903499361, 12.031651756143276 ], [ 8.49558806455417, 12.032794187919535 ], [ 8.495553494530725, 12.032819922936994 ], [ 8.492456966426744, 12.035125067503259 ], [ 8.492314948330261, 12.035230789575053 ], [ 8.488671191854507, 12.039008813142061 ], [ 8.488670386853926, 12.039009650142646 ], [ 8.487940025357716, 12.039771897660557 ], [ 8.487490036051952, 12.039782338667635 ], [ 8.48382635956267, 12.043210893997184 ], [ 8.483458391312638, 12.042920253799707 ], [ 8.483116132080113, 12.042808677723883 ], [ 8.482395962590772, 12.042473952496437 ], [ 8.481654402086917, 12.042111331250055 ], [ 8.481128737729762, 12.042964368829701 ], [ 8.481800001185832, 12.043299999057695 ], [ 8.482531439682816, 12.043666413306653 ], [ 8.482976898985498, 12.044088946593774 ], [ 8.482239364484371, 12.044871056125203 ], [ 8.482239334484348, 12.044871088125205 ], [ 8.481376774898308, 12.045581337607757 ], [ 8.479912794903555, 12.047220359721393 ], [ 8.477830721488886, 12.050428081900918 ], [ 8.475951862212298, 12.053370784900324 ], [ 8.474373273139747, 12.055847805583369 ], [ 8.473838492776395, 12.056696202159799 ], [ 8.473712856691009, 12.056842716259382 ], [ 8.472572848916457, 12.058172172162642 ], [ 8.472068920574031, 12.058754532558339 ], [ 8.471423602135587, 12.059500289065056 ], [ 8.470869410759008, 12.0601258204901 ], [ 8.47061259258453, 12.060415697687006 ], [ 8.46948029081517, 12.061693758555407 ], [ 8.468156910916036, 12.063261946620912 ], [ 8.467932574763608, 12.063852589022247 ], [ 8.468852132388406, 12.064251562293293 ], [ 8.469947987132969, 12.064697059596028 ], [ 8.470669742623386, 12.065132809892077 ], [ 8.470166716281597, 12.0663118436932 ], [ 8.469921052114671, 12.066887648084389 ], [ 8.470004240171193, 12.066974808143641 ], [ 8.472376237782839, 12.067932269794198 ], [ 8.474838081455573, 12.068820301397579 ], [ 8.473369113457466, 12.072054491595054 ], [ 8.47848633393437, 12.06965175196251 ], [ 8.478976031267109, 12.069421817806244 ], [ 8.481054209679144, 12.065753504313818 ], [ 8.482195073454307, 12.064107902195701 ], [ 8.483271016185313, 12.062792109301711 ], [ 8.483637693434446, 12.062106306835744 ], [ 8.48459785608685, 12.060982160071887 ], [ 8.48521016350287, 12.059558219104417 ], [ 8.485290069557209, 12.059174096843435 ], [ 8.485345219594649, 12.058951413692114 ], [ 8.486206966180191, 12.059119828806558 ], [ 8.48636463328728, 12.058750254555434 ], [ 8.487165846831715, 12.056872195279368 ], [ 8.48768288318297, 12.055862893593599 ], [ 8.48785277529845, 12.055929563638927 ], [ 8.488540222765494, 12.056199334822225 ], [ 8.488710790881385, 12.0557507025174 ], [ 8.48907479912873, 12.054793280866875 ], [ 8.489267320259557, 12.054102937397829 ], [ 8.489766446598651, 12.053208044789756 ], [ 8.489919126702432, 12.053270566832225 ], [ 8.490956605407348, 12.053695414120909 ], [ 8.493768457317856, 12.054659040775675 ], [ 8.500915949174214, 12.057085166424088 ], [ 8.50543186424261, 12.058450727351953 ], [ 8.504078987323396, 12.062473773085401 ], [ 8.503976075253433, 12.062779800293299 ], [ 8.496902925447557, 12.064174445240951 ], [ 8.496487021164967, 12.064256450296625 ], [ 8.496904485448624, 12.068742772344876 ], [ 8.496892966440782, 12.069955504168888 ], [ 8.500909485169871, 12.070954029847314 ], [ 8.500745450058389, 12.071628355305506 ], [ 8.502247789079149, 12.071883655478985 ], [ 8.502349381148179, 12.071311994090536 ], [ 8.503512805938669, 12.071601226287044 ], [ 8.506784324161515, 12.072142046654506 ], [ 8.507015434318532, 12.072180251680493 ], [ 8.511249849195622, 12.072880249156128 ], [ 8.5115782914188, 12.072507526902882 ], [ 8.512066367750435, 12.071953644526502 ], [ 8.512175054824297, 12.071910073496895 ] ] ] ] } },
{ "type": "Feature", "properties": { "fid": 530.0, "OBJECTID": 530.0, "lganame": "Doguwa", "statecode": "KN", "LGA_UID": "19_11" }, "geometry": { "type": "MultiPolygon", "coordinates": [ [ [ [ 8.629322804420667, 11.223689040170598 ], [ 8.631146036659459, 11.219509840331 ], [ 8.632501380580379, 11.215078330320011 ], [ 8.632953162887304, 11.212419390513389 ], [ 8.635061477319823, 11.208578658903775 ], [ 8.638374542570887, 11.20429470499306 ], [ 8.641085232412649, 11.200010688082273 ], [ 8.641085232412649, 11.194840236569178 ], [ 8.641235826515015, 11.191737923461289 ], [ 8.643776514241267, 11.187815462796152 ], [ 8.645301862277677, 11.184203592342101 ], [ 8.643795922254469, 11.181987574836398 ], [ 8.642139389128943, 11.180510220832616 ], [ 8.641838200924269, 11.178146439226509 ], [ 8.643645328152161, 11.173123337813593 ], [ 8.643193545845179, 11.167213695798239 ], [ 8.643645328152161, 11.16219040638515 ], [ 8.645301862277677, 11.156428289470057 ], [ 8.644247703561405, 11.152882315060765 ], [ 8.644097111459132, 11.146529001743943 ], [ 8.643344140947477, 11.140027794326727 ], [ 8.643042951742871, 11.13648161991722 ], [ 8.644097111459132, 11.13352644090935 ], [ 8.643042951742871, 11.129389141098216 ], [ 8.642591171435868, 11.125695072588314 ], [ 8.643795922254469, 11.121262129576337 ], [ 8.644247703561405, 11.117863494267112 ], [ 8.645151268175368, 11.114464818957856 ], [ 8.649066706835697, 11.110622791347396 ], [ 8.651626802575151, 11.106337392435648 ], [ 8.655994025542498, 11.104564106230782 ], [ 8.657499964565716, 11.102347481724678 ], [ 8.657951745872651, 11.099983065118181 ], [ 8.656897589156415, 11.097766405612106 ], [ 8.659608278998235, 11.093185259499421 ], [ 8.663222533453904, 11.088604039386666 ], [ 8.667288566216598, 11.086091726679683 ], [ 8.672709945900181, 11.083579392972695 ], [ 8.679034889197681, 11.082397111169371 ], [ 8.681594984937135, 11.078998022859821 ], [ 8.6841550796766, 11.076928994454022 ], [ 8.685962206904492, 11.073973213445697 ], [ 8.687618741030008, 11.070426236035701 ], [ 8.690155075753353, 11.068910035005558 ], [ 8.688221115439319, 11.065549071721932 ], [ 8.687166957723036, 11.06037623420724 ], [ 8.6861128010068, 11.058011476600484 ], [ 8.689124678053247, 11.054612106290733 ], [ 8.689275272155555, 11.051508299181876 ], [ 8.687468146927699, 11.04840445807298 ], [ 8.686263395109108, 11.046483016767411 ], [ 8.688371708541638, 11.043822537959727 ], [ 8.687769334132327, 11.041753260553776 ], [ 8.687618741030008, 11.039092739746081 ], [ 8.690028241667164, 11.036727812139247 ], [ 8.692287150201992, 11.036727812139247 ], [ 8.693491902020526, 11.035397531235333 ], [ 8.69379308922521, 11.032589142327197 ], [ 8.693642496122891, 11.029337289117734 ], [ 8.694997839043765, 11.026381028109085 ], [ 8.698080598138347, 11.021921864079275 ], [ 8.701172188238957, 11.018398974685624 ], [ 8.704635847592328, 11.01426004687346 ], [ 8.709153663661994, 11.011303633864713 ], [ 8.714123262038584, 11.012042740366894 ], [ 8.717419380278159, 11.012326607559771 ], [ 8.719945213994322, 11.011768812180776 ], [ 8.723610676484839, 11.007460254253317 ], [ 8.728408574744776, 11.003016749234121 ], [ 8.732419419469977, 10.998058858865477 ], [ 8.737024463598857, 10.992517590100476 ], [ 8.736875914497944, 10.989746916217939 ], [ 8.741183859425007, 10.985955424641759 ], [ 8.745640354452973, 10.980413928876601 ], [ 8.748314252269779, 10.973997328516816 ], [ 8.751879446692158, 10.968163934553274 ], [ 8.754850443710779, 10.965976383066959 ], [ 8.755444643114515, 10.962330426589688 ], [ 8.759306938738746, 10.95547590693235 ], [ 8.766717375773794, 10.941724744589123 ], [ 8.767922828592873, 10.936369918950732 ], [ 8.767180080088224, 10.930098218689409 ], [ 8.765248932776103, 10.926597678310998 ], [ 8.762426484858338, 10.9245556759235 ], [ 8.759604037940619, 10.923534670229799 ], [ 8.757672889628509, 10.916241668274552 ], [ 8.756038842518251, 10.907635696427178 ], [ 8.753959146105217, 10.903989021949428 ], [ 8.752325095994934, 10.896695539993857 ], [ 8.749948299380037, 10.885609106461175 ], [ 8.749354100976291, 10.876126960018496 ], [ 8.749651199178174, 10.86985398975628 ], [ 8.750136225507674, 10.866874623731974 ], [ 8.749698649210416, 10.86564191689439 ], [ 8.74894154569597, 10.86439471904697 ], [ 8.747141462472882, 10.86358341849575 ], [ 8.745430168310179, 10.861832761306232 ], [ 8.745073649067933, 10.859451851688561 ], [ 8.745786687552368, 10.857210978165995 ], [ 8.766169521401594, 10.851136632038731 ], [ 8.766309739496819, 10.850179672388549 ], [ 8.767881392564732, 10.838580131507172 ], [ 8.769371032576828, 10.829299927201703 ], [ 8.77435398096253, 10.820139884977891 ], [ 8.77684497765506, 10.815560340866341 ], [ 8.779417039402631, 10.80865001717109 ], [ 8.78564453163392, 10.797200203391469 ], [ 8.791316986488084, 10.792035579882338 ], [ 8.792169571067404, 10.791371346431049 ], [ 8.797653197793238, 10.787099837528729 ], [ 8.807210922287254, 10.780420302990308 ], [ 8.815604210990102, 10.773699760423995 ], [ 8.821589470056836, 10.769240379394091 ], [ 8.828980447078663, 10.757820128634535 ], [ 8.830854808352171, 10.753567668745234 ], [ 8.831182675574951, 10.752823817239801 ], [ 8.832083685187172, 10.749538797007801 ], [ 8.83416652660236, 10.742839813456158 ], [ 8.837984086196172, 10.733639717205108 ], [ 8.846459389954759, 10.72459030205647 ], [ 8.851278305229016, 10.720089911998627 ], [ 8.855218886906414, 10.707400322376657 ], [ 8.854828573641214, 10.702256291881554 ], [ 8.854420662364078, 10.696880341228848 ], [ 8.852458954031192, 10.686329842060275 ], [ 8.848175265120631, 10.679940383718929 ], [ 8.82474656920192, 10.675278695551526 ], [ 8.821880200254384, 10.672254868496964 ], [ 8.78190525409326, 10.601013806092055 ], [ 8.783176767957173, 10.596968705343556 ], [ 8.779194469251422, 10.598132019133971 ], [ 8.770643248441274, 10.587284753763811 ], [ 8.765129077694667, 10.584668046985882 ], [ 8.760375485464806, 10.581864408080889 ], [ 8.758464233166194, 10.573133636148782 ], [ 8.749727432229918, 10.565042037650926 ], [ 8.736037080927986, 10.560929762856802 ], [ 8.728100836535702, 10.555011092835343 ], [ 8.719494570688141, 10.548592607474291 ], [ 8.711128245003636, 10.543358511917972 ], [ 8.703522492835873, 10.549340326982303 ], [ 8.683900559503684, 10.571553251074988 ], [ 8.666434259636162, 10.593302762852716 ], [ 8.660872553857246, 10.601900186694309 ], [ 8.65637089979856, 10.610674916656308 ], [ 8.649561700172057, 10.624065508754597 ], [ 8.643929964345546, 10.63047962111267 ], [ 8.638812114868188, 10.630528219145674 ], [ 8.628080317576462, 10.634655305949877 ], [ 8.616594807772572, 10.639072245950956 ], [ 8.615607464101743, 10.639751539412487 ], [ 8.600854472077742, 10.643814354173003 ], [ 8.593646540180316, 10.64506543602306 ], [ 8.587532023025801, 10.642532716302185 ], [ 8.58273202876444, 10.641332718486865 ], [ 8.553934644197966, 10.636182302987379 ], [ 8.54372870126349, 10.631778795995388 ], [ 8.534542474021862, 10.632666846598795 ], [ 8.533056724012397, 10.633424008113252 ], [ 8.530476440259179, 10.634738955006696 ], [ 8.522645557938461, 10.637551078917397 ], [ 8.51903130548277, 10.641695214733147 ], [ 8.514212301208488, 10.643323252839309 ], [ 8.509543891036515, 10.647911312956694 ], [ 8.50633035185308, 10.650457082686387 ], [ 8.506919880253633, 10.653514781763988 ], [ 8.506919937253656, 10.653515083764205 ], [ 8.507399433579451, 10.655850541351015 ], [ 8.500997292229499, 10.660526798528338 ], [ 8.498228800348443, 10.664692858358933 ], [ 8.497382887773711, 10.679779700609743 ], [ 8.489836803646483, 10.697424196598377 ], [ 8.48966377152891, 10.702864908295055 ], [ 8.483955411650356, 10.709257455638522 ], [ 8.481234260801443, 10.715861896125887 ], [ 8.487549232092192, 10.719618794678524 ], [ 8.501429727523316, 10.725783977867479 ], [ 8.520602249550166, 10.731401415684275 ], [ 8.539378994308095, 10.733442759071295 ], [ 8.544587906847255, 10.735865350717347 ], [ 8.550038378550596, 10.738415373449925 ], [ 8.554796726783707, 10.740115374605011 ], [ 8.558516889311363, 10.74207036593333 ], [ 8.568898741365331, 10.747850265860507 ], [ 8.571637027225904, 10.748272388147313 ], [ 8.571580719187637, 10.750485183650824 ], [ 8.57149420312885, 10.75388504396085 ], [ 8.571753749305174, 10.758984762425882 ], [ 8.572532388834247, 10.763574433544363 ], [ 8.573397543422061, 10.768673988009255 ], [ 8.572947188116075, 10.773653595392659 ], [ 8.566476308719416, 10.776153177090976 ], [ 8.562844576251848, 10.778314761559727 ], [ 8.55926192981758, 10.784633451852926 ], [ 8.558667730413845, 10.789157125926579 ], [ 8.562530026038132, 10.796453230883913 ], [ 8.563054369394365, 10.816451433471798 ], [ 8.569151853537335, 10.817373841098515 ], [ 8.568350701992983, 10.819081534258828 ], [ 8.568086345813356, 10.819979077868652 ], [ 8.567525423432244, 10.820940907522186 ], [ 8.567458872387022, 10.821342447794962 ], [ 8.567595141479615, 10.823740780424544 ], [ 8.567434709370616, 10.825491659614158 ], [ 8.56697123305571, 10.827184166764141 ], [ 8.567458872387022, 10.827486871969825 ], [ 8.567782115606633, 10.827701645115781 ], [ 8.568400083026518, 10.82791641726169 ], [ 8.570002392115214, 10.828210392461415 ], [ 8.570465125429621, 10.828094615382781 ], [ 8.572491344806338, 10.827639392073479 ], [ 8.574998073509562, 10.827132029728716 ], [ 8.575010748518196, 10.827248365807804 ], [ 8.574666371284195, 10.829160271106844 ], [ 8.573845043726124, 10.831284744550317 ], [ 8.573189047280437, 10.839632637222337 ], [ 8.573902085764871, 10.842083734887694 ], [ 8.575536134875165, 10.845381015128055 ], [ 8.57719989300557, 10.848415647189938 ], [ 8.579339011459012, 10.85425139115506 ], [ 8.58147812691243, 10.858919904327081 ], [ 8.585043323334844, 10.861487556071722 ], [ 8.583741006449998, 10.88798166207323 ], [ 8.580770009431319, 10.897901042812975 ], [ 8.580770009431319, 10.901693660389867 ], [ 8.578003111551368, 10.907411560274909 ], [ 8.568487802086111, 10.907467919313206 ], [ 8.570492744448416, 10.917220115939358 ], [ 8.571494102128781, 10.921910286126092 ], [ 8.573578834545231, 10.928970336923101 ], [ 8.57682704875225, 10.93607044174729 ], [ 8.581279754777654, 10.942049979810065 ], [ 8.583363534193495, 10.949110030607073 ], [ 8.586571693373287, 10.957369804219184 ], [ 8.588533401706172, 10.967920303387757 ], [ 8.591822623941027, 10.973859787423351 ], [ 8.593906404356858, 10.980919838220302 ], [ 8.594908714037899, 10.985610008407093 ], [ 8.59711456253666, 10.98917961083248 ], [ 8.598156929244908, 10.992710114231272 ], [ 8.598995209814461, 11.002059936584033 ], [ 8.607510194600025, 11.011417508942088 ], [ 8.60991076023106, 11.013960509669914 ], [ 8.614759425525506, 11.017739975237873 ], [ 8.611051623006233, 11.031877544843667 ], [ 8.609867185201495, 11.040333126588848 ], [ 8.609391825878504, 11.045465262075936 ], [ 8.608678787394012, 11.054213012019602 ], [ 8.60790632686917, 11.067567408093282 ], [ 8.607312128465423, 11.071241217589431 ], [ 8.60154839554923, 11.076897629432722 ], [ 8.595471537420337, 11.081871710812379 ], [ 8.594639290854843, 11.082515630249873 ], [ 8.593282251932806, 11.081702187697203 ], [ 8.592419565346631, 11.081555437597501 ], [ 8.591582932778181, 11.081723376711579 ], [ 8.590612830119028, 11.082128373986791 ], [ 8.589947695667149, 11.082133892990498 ], [ 8.58962562644831, 11.084880767856873 ], [ 8.589245749190184, 11.085059969978659 ], [ 8.583729995442468, 11.08715333940097 ], [ 8.574082443887448, 11.092830332258245 ], [ 8.570588551513481, 11.094416354335863 ], [ 8.559244529805767, 11.099766063970776 ], [ 8.555417887205749, 11.101072168858195 ], [ 8.54648112913361, 11.102494883824875 ], [ 8.541662543859616, 11.104601462256198 ], [ 8.533952279620848, 11.10732763110849 ], [ 8.519632076890957, 11.114907427258572 ], [ 8.513274619571348, 11.122156903184248 ], [ 8.506047334660764, 11.13223561603229 ], [ 8.506047326660791, 11.132235678032316 ], [ 8.508219984136986, 11.14196520364311 ], [ 8.509931279299735, 11.151199769917525 ], [ 8.512997347382964, 11.153928107771321 ], [ 8.514775498591121, 11.15734351909191 ], [ 8.518701660258785, 11.162322834475162 ], [ 8.520199042276204, 11.163861839520791 ], [ 8.519486002791723, 11.166310244184388 ], [ 8.527828561460069, 11.16889853294299 ], [ 8.529468550574393, 11.171067082416471 ], [ 8.532891139899903, 11.172675994509632 ], [ 8.53574329583779, 11.173655329175062 ], [ 8.537240677855209, 11.175613986505823 ], [ 8.539379796308594, 11.176313503981135 ], [ 8.540948482374461, 11.178412047406994 ], [ 8.542802383634125, 11.178412047406994 ], [ 8.546202703944459, 11.181685060630855 ], [ 8.546283102999098, 11.181718394653501 ], [ 8.554705510721703, 11.18939690187068 ], [ 8.560794122858624, 11.196757514871877 ], [ 8.562648025118278, 11.199625315820413 ], [ 8.564501927377933, 11.200744450580828 ], [ 8.565286269910871, 11.202143362531331 ], [ 8.568779444284303, 11.204242794957793 ], [ 8.572259074648514, 11.208551369885242 ], [ 8.575197514645083, 11.211585840947009 ], [ 8.576195770323352, 11.213264472087587 ], [ 8.576552288565551, 11.215222862418216 ], [ 8.57576794603267, 11.2157823997984 ], [ 8.575427577801406, 11.216320683164156 ], [ 8.57576794603267, 11.216691646416166 ], [ 8.576837504759339, 11.217461005938958 ], [ 8.578406190825206, 11.218020539319127 ], [ 8.579832269794167, 11.217950597271567 ], [ 8.582113995344514, 11.219139602079451 ], [ 8.583254858119631, 11.21983901455468 ], [ 8.58375398545877, 11.221307774552656 ], [ 8.585597618711461, 11.221212612487989 ], [ 8.591397002651831, 11.221380469602025 ], [ 8.597668827913253, 11.221119583424752 ], [ 8.629322804420667, 11.223689040170598 ] ] ] ] } },
{ "type": "Feature", "properties": { "fid": 535.0, "OBJECTID": 535.0, "lganame": "Kano Municipal", "statecode": "KN", "LGA_UID": "19_21" }, "geometry": { "type": "MultiPolygon", "coordinates": [ [ [ [ 8.521157571927461, 12.011837943680746 ], [ 8.522074694550611, 12.011168809226092 ], [ 8.522074925550783, 12.011168952226171 ], [ 8.523170028294828, 12.010072192481005 ], [ 8.523506874523719, 12.009617248171878 ], [ 8.524320875076796, 12.008707655553849 ], [ 8.524321496077221, 12.008708492554433 ], [ 8.52432439707917, 12.008712397557076 ], [ 8.525822580097099, 12.007082431449589 ], [ 8.526372825471014, 12.006403140988027 ], [ 8.526376865473708, 12.006398153984662 ], [ 8.526758293732883, 12.006013495723266 ], [ 8.526780462747979, 12.005991138708112 ], [ 8.526801256762099, 12.005970168693864 ], [ 8.527284094090135, 12.005433068328898 ], [ 8.528957108226905, 12.002611368411692 ], [ 8.529309917466605, 12.002008227001909 ], [ 8.530293271134724, 12.000048942670674 ], [ 8.531103196685024, 11.998041856306941 ], [ 8.53177650314251, 11.996602133328736 ], [ 8.532334347521555, 11.995333189466521 ], [ 8.532476858618395, 11.994922490187491 ], [ 8.532508374639804, 11.994852426139857 ], [ 8.532837964863745, 11.994119711642043 ], [ 8.53322279212523, 11.993797061422811 ], [ 8.533252554145463, 11.993730897377816 ], [ 8.533589247374209, 11.993448603186039 ], [ 8.533693568445074, 11.993524331237495 ], [ 8.533958580625153, 11.993416666164364 ], [ 8.533964593629264, 11.993414223162688 ], [ 8.534689223121575, 11.992500338541731 ], [ 8.534996154330145, 11.99130970673275 ], [ 8.534998974332041, 11.991298767725311 ], [ 8.535003948335429, 11.991279471712232 ], [ 8.53457406504333, 11.989885766765269 ], [ 8.534488861985437, 11.989463861478612 ], [ 8.534486364983763, 11.989451496470167 ], [ 8.534234329812534, 11.988330325708432 ], [ 8.534248123821897, 11.987754156316953 ], [ 8.534335783881431, 11.986578683518246 ], [ 8.534729864149199, 11.985780584975998 ], [ 8.535085936391113, 11.985059456485999 ], [ 8.539258263226031, 11.980635578480189 ], [ 8.540391629996122, 11.979200025504781 ], [ 8.539557818429557, 11.978639299123813 ], [ 8.538265258551348, 11.977747435517813 ], [ 8.537611143106915, 11.977178590131302 ], [ 8.537206984832267, 11.97686645191925 ], [ 8.53607003905978, 11.975988366322611 ], [ 8.535444357634674, 11.975424682939604 ], [ 8.534868568243439, 11.974879016568877 ], [ 8.534611874069014, 11.974551181346101 ], [ 8.533674642432231, 11.972842366185091 ], [ 8.533653395417787, 11.972804965159639 ], [ 8.53339357024123, 11.97227957880267 ], [ 8.532773484819927, 11.971210838076502 ], [ 8.531566033999525, 11.969104331645269 ], [ 8.531362349861126, 11.968738026396352 ], [ 8.530552839311099, 11.967282194407176 ], [ 8.53049970427503, 11.967232731373599 ], [ 8.529185338381978, 11.965976395519988 ], [ 8.528534811939949, 11.965323632076434 ], [ 8.528351604815498, 11.965179470978512 ], [ 8.528345221811151, 11.965173369974366 ], [ 8.526904647832339, 11.964040896204892 ], [ 8.525081032593278, 11.963328640720931 ], [ 8.524355512100328, 11.963045270528426 ], [ 8.523856384761189, 11.962556983196635 ], [ 8.523698963654226, 11.962730436314473 ], [ 8.522749472009082, 11.962024645834958 ], [ 8.521925356449117, 11.961318416355084 ], [ 8.521099999888349, 11.96060527187052 ], [ 8.518666030234556, 11.957940488059933 ], [ 8.517392498369304, 11.956060704782715 ], [ 8.516715406909213, 11.955197786196379 ], [ 8.51660815383633, 11.955246871229747 ], [ 8.515162337854008, 11.955975096724558 ], [ 8.511615298443928, 11.95900628178407 ], [ 8.510949270991432, 11.959302623985423 ], [ 8.51034172357862, 11.959572946169146 ], [ 8.510322667565674, 11.959563881162978 ], [ 8.508884098588226, 11.960453574767484 ], [ 8.50681628518322, 11.961534789502082 ], [ 8.504330694494399, 11.964554864554088 ], [ 8.501738129732871, 11.968056873933563 ], [ 8.501738103732862, 11.96805690893359 ], [ 8.501738062732841, 11.968056964933623 ], [ 8.501738042732825, 11.968056992933612 ], [ 8.501738012732801, 11.968057033933633 ], [ 8.501737977732773, 11.968057081933694 ], [ 8.500368369802175, 11.96993993921302 ], [ 8.499774387398588, 11.970756508767806 ], [ 8.498277859381801, 11.972376093868263 ], [ 8.497585618911444, 11.97405548500933 ], [ 8.497507081858089, 11.974230123127995 ], [ 8.496767239355393, 11.975906315266855 ], [ 8.496764138353285, 11.975913342271667 ], [ 8.496117522913949, 11.977594542413954 ], [ 8.496116829913433, 11.977605837421606 ], [ 8.496012853842785, 11.979300110572808 ], [ 8.495986105824613, 11.979735969868955 ], [ 8.496653935278403, 11.98010052111664 ], [ 8.498420428478653, 11.980746913555834 ], [ 8.501859120815084, 11.982088414467341 ], [ 8.504616205688365, 11.983111418162423 ], [ 8.506089819689635, 11.983262543265084 ], [ 8.507943721949289, 11.983123043170281 ], [ 8.509690668136273, 11.982867292996559 ], [ 8.511782248557381, 11.982541791775361 ], [ 8.513529194744365, 11.982286040601593 ], [ 8.517445229405098, 11.981737685229007 ], [ 8.517228428257795, 11.983800727630751 ], [ 8.5171873882299, 11.984235942926489 ], [ 8.516494780759331, 11.984394995034563 ], [ 8.516309432633363, 11.984470619085926 ], [ 8.516024418439713, 11.985381911705076 ], [ 8.515736091243809, 11.985673862903468 ], [ 8.515181843867254, 11.985615456863798 ], [ 8.515127770830475, 11.985757280960172 ], [ 8.514743680569552, 11.98578703998038 ], [ 8.514675228523004, 11.985647541885555 ], [ 8.514510714411244, 11.985677264905803 ], [ 8.5143954313329, 11.985771430969749 ], [ 8.5149598367164, 11.986115290203372 ], [ 8.515009302750002, 11.986199835260834 ], [ 8.515241999908142, 11.986597549531041 ], [ 8.515384010004595, 11.986840267695982 ], [ 8.515619907164876, 11.987124998889442 ], [ 8.516336014651472, 11.987708585285986 ], [ 8.516275008610023, 11.988207765625134 ], [ 8.516623667846886, 11.988337204713105 ], [ 8.51604729545528, 11.989334029390363 ], [ 8.515554384120378, 11.98975945867943 ], [ 8.515462768058114, 11.989918682787618 ], [ 8.515286974938647, 11.990224201995204 ], [ 8.515259486920002, 11.990271974027678 ], [ 8.51533627097217, 11.990426055132332 ], [ 8.515484450072847, 11.990723402334368 ], [ 8.51503939477044, 11.991735329021935 ], [ 8.514899163675182, 11.992092206264431 ], [ 8.514311798276083, 11.992118265282159 ], [ 8.514088326124238, 11.992613444618598 ], [ 8.514076442116163, 11.993392583147966 ], [ 8.513963431039372, 11.993752634392592 ], [ 8.513954287033187, 11.993746036388131 ], [ 8.513612681801078, 11.993499547220665 ], [ 8.513076979437074, 11.994549989934399 ], [ 8.51284775628136, 11.995997617917965 ], [ 8.512819235261986, 11.996229624075625 ], [ 8.512813293257921, 11.996688788387587 ], [ 8.511667637479491, 11.996771936444077 ], [ 8.511658479473283, 11.998001152279301 ], [ 8.511586719424542, 11.998014162288143 ], [ 8.511594324429666, 11.998149934380365 ], [ 8.511623686449639, 11.998259453454807 ], [ 8.511626649451671, 11.998324765499149 ], [ 8.511678172486654, 11.998376504534292 ], [ 8.511689519494382, 11.998505008621635 ], [ 8.511509506372079, 11.998674782736998 ], [ 8.511370132277364, 11.999254098130621 ], [ 8.511117771105887, 11.999281455149173 ], [ 8.511246390193264, 11.999444774260155 ], [ 8.511343827259509, 11.999672831415126 ], [ 8.511346216261131, 11.999678422418924 ], [ 8.511246390193264, 11.999870223549237 ], [ 8.510786064880506, 11.999770933481784 ], [ 8.510462046660336, 11.999678422418924 ], [ 8.510442618647176, 11.999465216274018 ], [ 8.5100092673527, 11.999423850245932 ], [ 8.509788225202556, 11.999350617196171 ], [ 8.509581444062007, 11.999423850245932 ], [ 8.509300387871065, 11.999573486347629 ], [ 8.50929979287065, 11.999573803347801 ], [ 8.509309623877357, 11.999694185429632 ], [ 8.509310406877887, 11.99970377543616 ], [ 8.509169931782424, 11.999760043474339 ], [ 8.508854143567874, 11.999451749264892 ], [ 8.508608145400729, 11.999601701366771 ], [ 8.508387103250527, 11.9996993454331 ], [ 8.508151800090673, 11.999793503497074 ], [ 8.507950403953828, 12.000144934735886 ], [ 8.507948330952388, 12.000148552738324 ], [ 8.507945783950674, 12.000152997741338 ], [ 8.50807692903976, 12.000207727778559 ], [ 8.508600324395388, 12.000400392909455 ], [ 8.508788163523036, 12.000400392909455 ], [ 8.508795565528089, 12.000400392909455 ], [ 8.508730204483641, 12.000825910198557 ], [ 8.508569770374663, 12.000860783222265 ], [ 8.508434724282893, 12.001205376456426 ], [ 8.508433104281778, 12.001209510459205 ], [ 8.508504408330225, 12.00136643856581 ], [ 8.508623140410918, 12.001543407686086 ], [ 8.508629190415036, 12.001552424692193 ], [ 8.508605422398887, 12.001703539794903 ], [ 8.508566726372578, 12.001930765949282 ], [ 8.508564210370878, 12.001945538959319 ], [ 8.509188359794962, 12.002221524146819 ], [ 8.509499424006322, 12.002279789186389 ], [ 8.509499790006544, 12.002574392386578 ], [ 8.509490494000261, 12.003480829002456 ], [ 8.509490494000261, 12.003628130102527 ], [ 8.509490494000261, 12.003646000114713 ], [ 8.509490494000261, 12.003648133116144 ], [ 8.509490494000261, 12.004481403682291 ], [ 8.509500031006723, 12.004493919690788 ], [ 8.509500031006723, 12.004500012694962 ], [ 8.509776313194436, 12.004862593941311 ], [ 8.51005168638153, 12.005023587050687 ], [ 8.510243078511564, 12.005079330088563 ], [ 8.510243106511609, 12.00507934208855 ], [ 8.510900291958137, 12.005376237290307 ], [ 8.510977460010565, 12.005403852309087 ], [ 8.511208608167635, 12.005486568365257 ], [ 8.511421440312233, 12.005544480404637 ], [ 8.511611584441425, 12.005533321397024 ], [ 8.512132577795398, 12.005396622304147 ], [ 8.51289147731103, 12.005201760171758 ], [ 8.513037147410046, 12.005177152155056 ], [ 8.513118470465258, 12.005351336273407 ], [ 8.51326534556506, 12.005665931487158 ], [ 8.513337109613815, 12.005831697599774 ], [ 8.513346399620161, 12.005852068613592 ], [ 8.513455104694003, 12.006103165784225 ], [ 8.513455602694364, 12.006104316785013 ], [ 8.513243851550442, 12.006287624909532 ], [ 8.5132430535499, 12.006288315910012 ], [ 8.513441778684921, 12.006657768161062 ], [ 8.513646469824039, 12.006891671319977 ], [ 8.513499635724258, 12.006960223366548 ], [ 8.513371060636871, 12.006958181365178 ], [ 8.5131560134908, 12.006969480372845 ], [ 8.513155475490407, 12.006969522372856 ], [ 8.5131712185011, 12.007108486467303 ], [ 8.513214000530184, 12.007218681542156 ], [ 8.513144982483311, 12.007244126559442 ], [ 8.513111828460751, 12.007346690629163 ], [ 8.513236139545199, 12.007378488650716 ], [ 8.513302007589971, 12.00741760567729 ], [ 8.513577992777527, 12.007474788716195 ], [ 8.5139909380581, 12.007268201575812 ], [ 8.514299399267657, 12.007536652758233 ], [ 8.51439300733125, 12.007616872812719 ], [ 8.514157120170978, 12.008231079230029 ], [ 8.516238234584989, 12.008327155295319 ], [ 8.517199163237933, 12.008344822307322 ], [ 8.517171984219431, 12.0091598638611 ], [ 8.517171076218858, 12.00916267186301 ], [ 8.51717106621885, 12.009162702863023 ], [ 8.516900692035108, 12.009998934431223 ], [ 8.517800691646642, 12.010098931499158 ], [ 8.518485142111672, 12.010784948965295 ], [ 8.51984308703436, 12.011325107332254 ], [ 8.520777797669439, 12.01190241272451 ], [ 8.521157571927461, 12.011837943680746 ] ] ] ] } },
{ "type": "Feature", "properties": { "fid": 538.0, "OBJECTID": 538.0, "lganame": "Dawakin Kudu", "statecode": "KN", "LGA_UID": "19_09" }, "geometry": { "type": "MultiPolygon", "coordinates": [ [ [ [ 8.673060365138269, 11.937072008880818 ], [ 8.674777915305299, 11.933515602464354 ], [ 8.673714462582723, 11.932230940591523 ], [ 8.671907555355006, 11.930036340100401 ], [ 8.670079877113153, 11.927943323678278 ], [ 8.668210661843148, 11.926134782449481 ], [ 8.667389576285245, 11.92116363607181 ], [ 8.667003411022847, 11.921126477046528 ], [ 8.666290005538144, 11.92103799598641 ], [ 8.666410581620084, 11.920585757679135 ], [ 8.666437518638361, 11.920183315405723 ], [ 8.666508822686808, 11.919757740116552 ], [ 8.666608648754618, 11.919387977865313 ], [ 8.666637169773992, 11.91927635078946 ], [ 8.666758386856372, 11.9190530976378 ], [ 8.666989795013592, 11.918937214559037 ], [ 8.667029342040507, 11.918753102433982 ], [ 8.667282056212173, 11.918525615279407 ], [ 8.66754736939248, 11.918380530180798 ], [ 8.668501667040857, 11.91742775053342 ], [ 8.673844462671013, 11.907558329827623 ], [ 8.683919679516691, 11.909200487943394 ], [ 8.692761365524177, 11.913479628850894 ], [ 8.699688938231134, 11.916211422707022 ], [ 8.702522080156143, 11.916583514959825 ], [ 8.707713005683104, 11.919076520653675 ], [ 8.713765533795538, 11.919943303242633 ], [ 8.714344857189133, 11.918993476597279 ], [ 8.717175305112278, 11.915644383321705 ], [ 8.724483116077636, 11.901695995844477 ], [ 8.727965680443845, 11.899192442143431 ], [ 8.73595460387196, 11.893819617492852 ], [ 8.737726414075837, 11.887343632092723 ], [ 8.736372087155644, 11.883939509779736 ], [ 8.726931889741422, 11.882253788634387 ], [ 8.717499176332353, 11.881753259294328 ], [ 8.711267467098196, 11.867905945885695 ], [ 8.708465094194139, 11.864858853815349 ], [ 8.7074739875207, 11.861509971539931 ], [ 8.714699998430433, 11.853700001233449 ], [ 8.717472995314552, 11.849662609490224 ], [ 8.721676234170502, 11.844000000642723 ], [ 8.724799490292583, 11.840055197962442 ], [ 8.73684791747894, 11.844204806781875 ], [ 8.737439869881143, 11.843889557567707 ], [ 8.738709156743539, 11.843059195003491 ], [ 8.742874412573656, 11.830900898742527 ], [ 8.74214805808009, 11.828301537976358 ], [ 8.742069344026618, 11.827848567668582 ], [ 8.741915689922223, 11.825636509165633 ], [ 8.747477757701404, 11.824443134354738 ], [ 8.747746399883908, 11.824722740544757 ], [ 8.748126688142293, 11.825150790835607 ], [ 8.748430918349015, 11.82552300808851 ], [ 8.748895631664766, 11.825870653324671 ], [ 8.749470529055372, 11.826152052515909 ], [ 8.749855570316981, 11.826417255696072 ], [ 8.75014078551078, 11.826710374895242 ], [ 8.750390349680345, 11.827094222156063 ], [ 8.750561478796669, 11.827359424336237 ], [ 8.750825303975887, 11.827582752488013 ], [ 8.751451696401489, 11.8274680844101 ], [ 8.751639292528978, 11.827536940456866 ], [ 8.751596511499883, 11.827750962602295 ], [ 8.751738230596175, 11.827784212624863 ], [ 8.75196729075185, 11.827834710659204 ], [ 8.752252506945638, 11.827830057656001 ], [ 8.752310550985044, 11.827912885712294 ], [ 8.752361046019359, 11.827984940761269 ], [ 8.752591275175803, 11.828110818846767 ], [ 8.752640419209172, 11.82811893685232 ], [ 8.752820730331678, 11.828148722872527 ], [ 8.753057394492487, 11.828535654135464 ], [ 8.75375212896455, 11.828361970017454 ], [ 8.753914057074553, 11.828600031179178 ], [ 8.754142224229611, 11.828845080345673 ], [ 8.754194514265123, 11.828963722426295 ], [ 8.754385133394635, 11.82926335262988 ], [ 8.754631101561756, 11.829702619928355 ], [ 8.754803418678819, 11.829932344084398 ], [ 8.755115373890817, 11.830141712226691 ], [ 8.755415445094684, 11.830287106325443 ], [ 8.755566966197648, 11.830313277343237 ], [ 8.756024498508509, 11.830415054412413 ], [ 8.756585849889916, 11.830252075301644 ], [ 8.756806989040172, 11.8274897534248 ], [ 8.762200326704715, 11.826125157497643 ], [ 8.762971510228681, 11.826703310890423 ], [ 8.766463526601342, 11.829252986622805 ], [ 8.770359893248724, 11.835191342657652 ], [ 8.774471602042468, 11.834905808463645 ], [ 8.778811738991351, 11.830451457437164 ], [ 8.784103134586644, 11.825847583309042 ], [ 8.789406749190164, 11.819112283732693 ], [ 8.797529387709119, 11.817934217932248 ], [ 8.801750579577231, 11.817334001524443 ], [ 8.80505908182522, 11.81706181033951 ], [ 8.806912983084828, 11.816929204249391 ], [ 8.80735506838522, 11.816845453192514 ], [ 8.808471212143559, 11.816407385894877 ], [ 8.810317983398363, 11.815555911316324 ], [ 8.812995841217855, 11.814311575470867 ], [ 8.813708880702336, 11.813939343217953 ], [ 8.815936120215611, 11.812169187015172 ], [ 8.815988229251047, 11.81178504075416 ], [ 8.814346042135242, 11.810195195673941 ], [ 8.817369156189329, 11.806444905125829 ], [ 8.820713990461968, 11.798240851551554 ], [ 8.812841357112916, 11.799535069430931 ], [ 8.810987455853251, 11.798906894004062 ], [ 8.80945822581424, 11.796718425517099 ], [ 8.807499508483374, 11.79261644773004 ], [ 8.804318591322044, 11.788342722826258 ], [ 8.800130739476629, 11.782441659816755 ], [ 8.7971802084719, 11.780728447652677 ], [ 8.794039319337799, 11.77987184207069 ], [ 8.791945392915068, 11.778158629906613 ], [ 8.791850215850388, 11.77339970767315 ], [ 8.790067616639192, 11.771370167294151 ], [ 8.78808581229265, 11.769913626304515 ], [ 8.786574372265704, 11.769300566887978 ], [ 8.783950404482823, 11.769021498698351 ], [ 8.782042954186807, 11.769592571086378 ], [ 8.779262578297676, 11.769380015941977 ], [ 8.777858984343993, 11.768164893116364 ], [ 8.777192735891333, 11.765595076370289 ], [ 8.776410239359677, 11.76416915340144 ], [ 8.775765057921262, 11.762644544365514 ], [ 8.77310006211053, 11.758551870584768 ], [ 8.770753172515924, 11.75757648992203 ], [ 8.769422166611605, 11.757762645048501 ], [ 8.768352607884879, 11.758204760348917 ], [ 8.767770070489064, 11.759313299102075 ], [ 8.764171802044189, 11.762553330303547 ], [ 8.759394366798176, 11.764072221335539 ], [ 8.754254731306048, 11.766451681952276 ], [ 8.749400630007926, 11.768640786439676 ], [ 8.745403137291817, 11.769402212957061 ], [ 8.741733148798232, 11.769046687715502 ], [ 8.739223769093201, 11.768331344229466 ], [ 8.737747360090054, 11.767205841464715 ], [ 8.735801180767737, 11.766306987853966 ], [ 8.734303798750318, 11.766027764664273 ], [ 8.732877719781357, 11.766516404996253 ], [ 8.731558597885055, 11.766830530209688 ], [ 8.730417735109938, 11.766411696925104 ], [ 8.729562087528564, 11.76564383440342 ], [ 8.728563832850284, 11.764910871905386 ], [ 8.727351667026653, 11.764108102359955 ], [ 8.726175152227256, 11.763898683217633 ], [ 8.724891682355235, 11.764143005383687 ], [ 8.723786470604296, 11.764666550739378 ], [ 8.722360392635323, 11.765224998118811 ], [ 8.721156912817605, 11.765869140556504 ], [ 8.720149971133424, 11.765713639450837 ], [ 8.719472583673223, 11.766551308019984 ], [ 8.718545633043391, 11.767598388731415 ], [ 8.717440422292441, 11.767982317992278 ], [ 8.716476329637374, 11.767588201724493 ], [ 8.715443911935893, 11.767528583683998 ], [ 8.713912701895538, 11.768236436164955 ], [ 8.712377843852664, 11.768191734134575 ], [ 8.71052394159301, 11.768819979561442 ], [ 8.708563084260732, 11.769483126012005 ], [ 8.706379975777395, 11.770068462409711 ], [ 8.706994398194865, 11.766132473735411 ], [ 8.706958746170642, 11.764073198336234 ], [ 8.706851790097971, 11.761664873699885 ], [ 8.706908366136417, 11.756944068492317 ], [ 8.707300538402876, 11.750626370199768 ], [ 8.70721473034456, 11.746440438355592 ], [ 8.706118789599941, 11.740748862488431 ], [ 8.704811807711906, 11.730120399266923 ], [ 8.70169247259247, 11.719746212218126 ], [ 8.696731557221767, 11.716382985932967 ], [ 8.696286487919338, 11.715573931383233 ], [ 8.693821957244779, 11.711643193712518 ], [ 8.69028038883846, 11.706602795287779 ], [ 8.688551093663477, 11.697648168203557 ], [ 8.688246803456764, 11.696658280530983 ], [ 8.689505848312194, 11.69306584909009 ], [ 8.689737274469451, 11.692244916532275 ], [ 8.690816168202502, 11.68452292728557 ], [ 8.690818640204213, 11.684505231273533 ], [ 8.694825571926685, 11.68093195984568 ], [ 8.699091114824967, 11.677128016261065 ], [ 8.699353186003009, 11.676894304102291 ], [ 8.700117700522469, 11.676119787575999 ], [ 8.695273085230781, 11.674482820463766 ], [ 8.688499212628244, 11.668128322146174 ], [ 8.675050509490461, 11.65864083769992 ], [ 8.66172423643593, 11.664177949462101 ], [ 8.661682338407445, 11.664396520610637 ], [ 8.660302469469912, 11.67159493450157 ], [ 8.661449214249046, 11.690398692277881 ], [ 8.653158785616085, 11.693755962558953 ], [ 8.653529831868184, 11.697606457175198 ], [ 8.652600002236397, 11.704300000723151 ], [ 8.655049822900935, 11.712097000020833 ], [ 8.657755994739659, 11.713962461288361 ], [ 8.659200001720819, 11.717000000352186 ], [ 8.655999998546577, 11.720600001798232 ], [ 8.652025312845922, 11.7291878676333 ], [ 8.650168630584403, 11.728013863835599 ], [ 8.64912049487225, 11.72929964770924 ], [ 8.64891062072968, 11.729455347815019 ], [ 8.648717072598174, 11.729642454942166 ], [ 8.648227453265463, 11.729856555087622 ], [ 8.648008787116908, 11.729968258163524 ], [ 8.64718905555992, 11.730788702720986 ], [ 8.649109894865035, 11.73223182570149 ], [ 8.646354519992883, 11.737410111219901 ], [ 8.640163210786227, 11.732998396222342 ], [ 8.639022349011043, 11.730820187742381 ], [ 8.637362495883224, 11.728126869912387 ], [ 8.634687070065411, 11.726687129934135 ], [ 8.632234216398842, 11.726854688047979 ], [ 8.630522921236093, 11.728139292920844 ], [ 8.62829823872454, 11.730540928552614 ], [ 8.623791831662629, 11.733389354487997 ], [ 8.619741768910785, 11.737298910144375 ], [ 8.618714993213132, 11.740426514269416 ], [ 8.619228380561992, 11.747966129392239 ], [ 8.618341819959596, 11.752410626412086 ], [ 8.616832568934115, 11.75517045728725 ], [ 8.616916345991058, 11.760952435215813 ], [ 8.61415926111772, 11.767095382389641 ], [ 8.603595042939844, 11.782077821569544 ], [ 8.600457147807788, 11.786056252272658 ], [ 8.603701456012175, 11.799631118496166 ], [ 8.601241491340716, 11.80245890941751 ], [ 8.595251962271107, 11.808880107780396 ], [ 8.583980500612711, 11.803000202785313 ], [ 8.579411935508574, 11.80709287556607 ], [ 8.573225338305065, 11.813755366092948 ], [ 8.565420706002215, 11.818133575067691 ], [ 8.552952329530513, 11.822702140171828 ], [ 8.546089427867514, 11.822696518168016 ], [ 8.544286171642284, 11.822761516212211 ], [ 8.543339307998906, 11.823368388624544 ], [ 8.541911631028881, 11.823939460012525 ], [ 8.540388775994188, 11.824034638077194 ], [ 8.539522597405664, 11.823507100718757 ], [ 8.538831497936087, 11.823227849529019 ], [ 8.53809441343526, 11.822969870353745 ], [ 8.537057530730749, 11.822606961107169 ], [ 8.536284968205848, 11.82222067984469 ], [ 8.535344318566672, 11.821750354525136 ], [ 8.533916641596647, 11.821750354525136 ], [ 8.532378482551565, 11.82319072650381 ], [ 8.532108251367958, 11.823558745753871 ], [ 8.531251644785925, 11.823939460012525 ], [ 8.530299861139213, 11.823939460012525 ], [ 8.529252899427888, 11.823368388624544 ], [ 8.528713062061058, 11.822442954995722 ], [ 8.528429945868709, 11.822117760774802 ], [ 8.526753241729466, 11.821011989023475 ], [ 8.52592165316446, 11.820513035684428 ], [ 8.524874690453089, 11.820513035684428 ], [ 8.523447014483054, 11.820893748943149 ], [ 8.523096223244693, 11.821116980094814 ], [ 8.522400050771694, 11.821559999395788 ], [ 8.522631764929088, 11.822228613850086 ], [ 8.523007858184656, 11.822795093235015 ], [ 8.523351835418339, 11.823368388624544 ], [ 8.523447014483054, 11.824415351335858 ], [ 8.52325665735367, 11.825462314047229 ], [ 8.522780765030348, 11.826318919629273 ], [ 8.522135544591947, 11.8270814531474 ], [ 8.521733802318977, 11.82755624046996 ], [ 8.521272718005719, 11.829639088885187 ], [ 8.521162730930996, 11.830982663798068 ], [ 8.520648048581279, 11.832209256631472 ], [ 8.520297887343361, 11.833806730716901 ], [ 8.519560054842032, 11.835447212831525 ], [ 8.518973627443586, 11.836693370678233 ], [ 8.518117020861553, 11.837740334389593 ], [ 8.517644796540708, 11.838763486084758 ], [ 8.517336165331017, 11.839641973681637 ], [ 8.516974880085513, 11.840786043458991 ], [ 8.516640624858439, 11.84168382406898 ], [ 8.516354321663869, 11.842217516431617 ], [ 8.51611827350348, 11.842689611752405 ], [ 8.515356845986162, 11.84345104026977 ], [ 8.514088610124418, 11.843403299237309 ], [ 8.512691850175429, 11.843355862205101 ], [ 8.511454530334731, 11.843070326011059 ], [ 8.510597923752698, 11.843546218334438 ], [ 8.509931675299981, 11.84411728872243 ], [ 8.509646140105986, 11.845544964692465 ], [ 8.509678723128104, 11.846092012064162 ], [ 8.509646140105986, 11.847258176856485 ], [ 8.508979890653279, 11.848305139567856 ], [ 8.508694355459284, 11.849447282343931 ], [ 8.507932927941965, 11.85020870886126 ], [ 8.506885965230595, 11.850779779249251 ], [ 8.505675312408016, 11.852064039121842 ], [ 8.504827751832124, 11.852850506656239 ], [ 8.50444867957458, 11.853320072975293 ], [ 8.503840255161151, 11.85411102551268 ], [ 8.503280382780758, 11.855449121421884 ], [ 8.50279329244978, 11.856585665194075 ], [ 8.502698114385112, 11.857822985034829 ], [ 8.502270091094317, 11.860391141779758 ], [ 8.501721832721785, 11.86427707742007 ], [ 8.50588395754977, 11.866313901804006 ], [ 8.509195533799812, 11.874373639280179 ], [ 8.510231220503499, 11.876947047028693 ], [ 8.517926204731907, 11.879890121028382 ], [ 8.521718660308693, 11.885477942825048 ], [ 8.522531769861189, 11.889967952875793 ], [ 8.534897681263203, 11.887209369001482 ], [ 8.535360703577851, 11.887106076931275 ], [ 8.536232597170226, 11.891379001834537 ], [ 8.541454876718547, 11.891350625815278 ], [ 8.542828208651656, 11.89091384351849 ], [ 8.545365099375317, 11.890011377905296 ], [ 8.551544771574129, 11.889964861873693 ], [ 8.55322575871628, 11.890158605005354 ], [ 8.55637595385673, 11.886989035851741 ], [ 8.558455651269753, 11.880796446644183 ], [ 8.559624032063596, 11.880919565727822 ], [ 8.566066041440649, 11.880783883635672 ], [ 8.572034694496097, 11.881215333928822 ], [ 8.581284459780875, 11.882061853503956 ], [ 8.579840657799878, 11.884615947239354 ], [ 8.580400001179896, 11.884500001160575 ], [ 8.582178346388218, 11.884060236861785 ], [ 8.583099999014451, 11.883999999820844 ], [ 8.586287203180007, 11.884070819868953 ], [ 8.58859999875142, 11.884100000888793 ], [ 8.590399998974419, 11.884500001160575 ], [ 8.591435071677722, 11.884812750373101 ], [ 8.592500001401277, 11.885000001500316 ], [ 8.594146227519843, 11.885411557779946 ], [ 8.595699998575526, 11.885800000043844 ], [ 8.597096417524369, 11.886093982243608 ], [ 8.59899999881776, 11.886599998587428 ], [ 8.600200000633095, 11.886799998723347 ], [ 8.600499998836938, 11.886799998723347 ], [ 8.601699999652283, 11.887300000063078 ], [ 8.603700001011191, 11.887999999538692 ], [ 8.604619255635782, 11.88803192456038 ], [ 8.605300002098318, 11.888099997606616 ], [ 8.605599999302115, 11.888199999674555 ], [ 8.606400001845714, 11.888700001014286 ], [ 8.607700000728983, 11.889199998354002 ], [ 8.610699999767348, 11.890500002237275 ], [ 8.611699998446795, 11.891199998712921 ], [ 8.612399998922399, 11.8918000011206 ], [ 8.613200001465998, 11.892299999460306 ], [ 8.613739947832869, 11.892368592506898 ], [ 8.613066284375122, 11.893601968344967 ], [ 8.611725620464199, 11.894460657928391 ], [ 8.610537220656738, 11.900071507740677 ], [ 8.609140852707981, 11.911060298207076 ], [ 8.611684577436336, 11.911402781439733 ], [ 8.61511255576545, 11.912019615858867 ], [ 8.626348639399851, 11.913430020817145 ], [ 8.628106440594195, 11.913826770086757 ], [ 8.630425330169771, 11.915341754116128 ], [ 8.631739545062715, 11.915936701520366 ], [ 8.63549167261209, 11.918026721940407 ], [ 8.634073712648672, 11.920064289324841 ], [ 8.630382884140943, 11.927565564421627 ], [ 8.631286402754824, 11.935621209895032 ], [ 8.631709716042451, 11.937046673863563 ], [ 8.634043474628129, 11.93605357618884 ], [ 8.636360032202106, 11.935436528769571 ], [ 8.639362737242323, 11.934944858435472 ], [ 8.64974748829826, 11.933535580477951 ], [ 8.661557136322358, 11.933575623505135 ], [ 8.665977979326101, 11.93434301502657 ], [ 8.673060365138269, 11.937072008880818 ] ] ] ] } },
{ "type": "Feature", "properties": { "fid": 542.0, "OBJECTID": 542.0, "lganame": "Kibiya", "statecode": "KN", "LGA_UID": "19_23" }, "geometry": { "type": "MultiPolygon", "coordinates": [ [ [ [ 8.692580764401498, 11.629234924719981 ], [ 8.697215518550593, 11.62818732000818 ], [ 8.707472315519567, 11.628655013325954 ], [ 8.71192128054247, 11.622998324482467 ], [ 8.712986493266214, 11.62353317084586 ], [ 8.714020399968717, 11.624056983201797 ], [ 8.714614599372453, 11.624499311502348 ], [ 8.715101842703461, 11.625104602913609 ], [ 8.715482129961856, 11.625593492245798 ], [ 8.715969374292911, 11.626059098562109 ], [ 8.71719283812422, 11.626928983153164 ], [ 8.717074577043888, 11.629074054610669 ], [ 8.717073065042825, 11.630500004579517 ], [ 8.726680420570574, 11.630426595529627 ], [ 8.727912154407477, 11.629948299204671 ], [ 8.737175873701744, 11.629376219815981 ], [ 8.743663629109903, 11.630071338288246 ], [ 8.753183569578255, 11.628484196209854 ], [ 8.754215779279548, 11.626974525184096 ], [ 8.754329865357079, 11.626304051728596 ], [ 8.754386908395816, 11.62580119738692 ], [ 8.754786210667135, 11.62552183319707 ], [ 8.756497503829905, 11.625857070424843 ], [ 8.757124978256229, 11.625745324348941 ], [ 8.757695409643816, 11.625018975855426 ], [ 8.757923582798867, 11.624404372437823 ], [ 8.757923582798867, 11.623622145906324 ], [ 8.757410195450007, 11.620828467008153 ], [ 8.757066827216704, 11.619428789057167 ], [ 8.756975122154415, 11.616718961215952 ], [ 8.756705552971255, 11.614660820817562 ], [ 8.757572414560229, 11.610710711133606 ], [ 8.75730820938071, 11.610629793078658 ], [ 8.754503588475131, 11.610024469667337 ], [ 8.752798632316683, 11.608487874623336 ], [ 8.751934053729258, 11.607697799086509 ], [ 8.75316972956881, 11.603951377540966 ], [ 8.753188426581517, 11.603821773452921 ], [ 8.753417174736967, 11.602333603441764 ], [ 8.755487307143483, 11.592517261772059 ], [ 8.755698115286748, 11.592097061486527 ], [ 8.755877102408363, 11.592154044525216 ], [ 8.757089797232311, 11.589736781882834 ], [ 8.760040378237136, 11.584207350125837 ], [ 8.758498786189648, 11.576938781187209 ], [ 8.759613818947287, 11.567095881499426 ], [ 8.762261641746363, 11.560978309342772 ], [ 8.770006674008755, 11.553365125169989 ], [ 8.764007625932663, 11.545354058726844 ], [ 8.761333729115904, 11.539182918533868 ], [ 8.758155010956102, 11.537135756142902 ], [ 8.757649692612745, 11.527946437899175 ], [ 8.759491710864324, 11.522648252299348 ], [ 8.761511989237022, 11.518689102609244 ], [ 8.765255444780507, 11.514147656523562 ], [ 8.768285860839512, 11.508674535804857 ], [ 8.770648298444712, 11.503562949331751 ], [ 8.770844201577802, 11.497976313535901 ], [ 8.770410746283289, 11.493939367792962 ], [ 8.772789793899733, 11.491436651092499 ], [ 8.774171275838398, 11.481777604529668 ], [ 8.771663690134574, 11.470400329799304 ], [ 8.769751889835618, 11.470783161059444 ], [ 8.76931185653666, 11.47096271318145 ], [ 8.767499999305585, 11.471299998410586 ], [ 8.766681448749409, 11.471280889397633 ], [ 8.765871684199226, 11.471188022334502 ], [ 8.765423729894849, 11.471137367300116 ], [ 8.765104992678289, 11.471145810305813 ], [ 8.764846556502675, 11.471116261285772 ], [ 8.76469580340023, 11.471057164245622 ], [ 8.764545049297794, 11.470985404196824 ], [ 8.764342608160291, 11.470913643148094 ], [ 8.764178933049038, 11.470871431119406 ], [ 8.763916189870542, 11.470702582004662 ], [ 8.763304560454969, 11.470436643823973 ], [ 8.758932518484357, 11.468745663675065 ], [ 8.74951160808331, 11.467152708592721 ], [ 8.744885871940312, 11.467807761037761 ], [ 8.744410511617332, 11.466643084246471 ], [ 8.74482645089995, 11.465827807692506 ], [ 8.746371370949646, 11.464663122901129 ], [ 8.747559767757139, 11.46408077850549 ], [ 8.74690614931302, 11.463207260911986 ], [ 8.746789794233962, 11.461636614844792 ], [ 8.746787310232264, 11.459538453419157 ], [ 8.747619187797511, 11.45744197199474 ], [ 8.7489858467261, 11.455927835965952 ], [ 8.748035128080119, 11.454646637095436 ], [ 8.746193109828539, 11.452142460393929 ], [ 8.745004711021068, 11.449812972811173 ], [ 8.743459792971407, 11.448182320703211 ], [ 8.740607636033474, 11.443756216695874 ], [ 8.737874320176331, 11.438631168213647 ], [ 8.736032302924741, 11.433913712008348 ], [ 8.732170006300521, 11.429720352159165 ], [ 8.730230554982711, 11.425816606506771 ], [ 8.728961331120331, 11.423721409083157 ], [ 8.725633812859485, 11.419411411154726 ], [ 8.721890358315989, 11.415683791621973 ], [ 8.716958502964985, 11.407762439239832 ], [ 8.712264047775363, 11.417544918886563 ], [ 8.694445067668198, 11.411830424003824 ], [ 8.685601297659275, 11.406617688462006 ], [ 8.679342508406705, 11.406309525252652 ], [ 8.671618910158884, 11.407077948774713 ], [ 8.671567100123696, 11.406290754239876 ], [ 8.669599999787124, 11.396000002247774 ], [ 8.67338618235965, 11.39436881613949 ], [ 8.673500001436992, 11.392800000073521 ], [ 8.673599998504926, 11.391800001394074 ], [ 8.673265760277843, 11.391049379884066 ], [ 8.672786227952031, 11.389972458152386 ], [ 8.671799999281916, 11.388500001151897 ], [ 8.671667093191616, 11.388034831835853 ], [ 8.670231797216388, 11.388798431354644 ], [ 8.663200119438727, 11.382977085399318 ], [ 8.658204236044241, 11.377008878344213 ], [ 8.653926001137393, 11.373597600026415 ], [ 8.648300001314794, 11.370299998785868 ], [ 8.648300001314794, 11.369100000970491 ], [ 8.647900000042966, 11.368299998426949 ], [ 8.647799998975017, 11.366300002068044 ], [ 8.64743895572974, 11.36653052322464 ], [ 8.647068725478164, 11.366718768352541 ], [ 8.646617145171376, 11.366989712536679 ], [ 8.646099999819967, 11.36740000181544 ], [ 8.645899999684104, 11.367499999883364 ], [ 8.645600000480272, 11.367899999155156 ], [ 8.645199999208444, 11.368299998426949 ], [ 8.645000000072571, 11.368400000494887 ], [ 8.643416553996701, 11.368618091643043 ], [ 8.642632209463784, 11.368799843766567 ], [ 8.637156069743014, 11.36541643046769 ], [ 8.618450169033224, 11.351709264154294 ], [ 8.614649258450697, 11.349573151702941 ], [ 8.602890397461067, 11.368068720269775 ], [ 8.600226589651129, 11.368854131803459 ], [ 8.589081648078661, 11.386171642569877 ], [ 8.583852693525841, 11.388594852216329 ], [ 8.576532157551924, 11.391856833432712 ], [ 8.562936878314531, 11.409191300210637 ], [ 8.562536429042439, 11.418966032852154 ], [ 8.563604355768064, 11.419548406247827 ], [ 8.578683577013692, 11.434394689335193 ], [ 8.583014010955992, 11.44182150538137 ], [ 8.583098975013741, 11.441891461428895 ], [ 8.596922208405999, 11.456140821110637 ], [ 8.603731575032612, 11.466729856305392 ], [ 8.616233584527151, 11.463180466893732 ], [ 8.620450761392533, 11.462272456276821 ], [ 8.623074137174967, 11.462585005489188 ], [ 8.623199999260521, 11.462600000499378 ], [ 8.625763954002593, 11.460092053795336 ], [ 8.627268748025017, 11.457345659929274 ], [ 8.629500001541032, 11.45389999758811 ], [ 8.638900472928242, 11.456176632134998 ], [ 8.614824418569697, 11.474930692877479 ], [ 8.61229550685141, 11.47867616642236 ], [ 8.610632523721506, 11.482923258308062 ], [ 8.623020268138362, 11.48723700023902 ], [ 8.622221663595781, 11.491094108859784 ], [ 8.622164620556987, 11.49590144612614 ], [ 8.619421785693362, 11.504083175685253 ], [ 8.60391365815633, 11.499444725533635 ], [ 8.602160812965337, 11.504094216692749 ], [ 8.602767099377331, 11.511331072609835 ], [ 8.602917916479782, 11.511474581707319 ], [ 8.606529549933725, 11.514911186042355 ], [ 8.607635601685217, 11.515963626757411 ], [ 8.613081387385364, 11.52126657236056 ], [ 8.611932246604567, 11.525394056164942 ], [ 8.610639803726428, 11.538289195926609 ], [ 8.615062731731598, 11.547590310246278 ], [ 8.622182565569176, 11.548858620108035 ], [ 8.628655142967034, 11.548752927036219 ], [ 8.634488785930728, 11.545287877681858 ], [ 8.636403892231954, 11.543670360582837 ], [ 8.639199006131093, 11.542776130975255 ], [ 8.642808209583336, 11.543915989749735 ], [ 8.644845580967683, 11.543959759779511 ], [ 8.644774277919225, 11.544309068016844 ], [ 8.643754368226212, 11.545480252812581 ], [ 8.643343152946841, 11.546209919308353 ], [ 8.643419502998711, 11.546754207678191 ], [ 8.643490807047158, 11.547382955105377 ], [ 8.643704719192499, 11.548011699532594 ], [ 8.644132542483192, 11.549618487624343 ], [ 8.644132542483192, 11.550945826526174 ], [ 8.643776022240957, 11.551923863190723 ], [ 8.643633415144052, 11.552552597617932 ], [ 8.643348198950264, 11.552832035807796 ], [ 8.643276894901817, 11.553251192092603 ], [ 8.643419502998711, 11.55401964161473 ], [ 8.643490807047158, 11.554857949184282 ], [ 8.643704719192499, 11.555486677611498 ], [ 8.644061239434734, 11.5559058288963 ], [ 8.644346453628543, 11.55653455632347 ], [ 8.645042762101639, 11.557332656865754 ], [ 8.645286376267165, 11.55783013020374 ], [ 8.645558621452153, 11.558839873889838 ], [ 8.645843835645906, 11.559398736269543 ], [ 8.646271659936588, 11.560935601313759 ], [ 8.64650785509707, 11.562465881353546 ], [ 8.646271659936588, 11.562821742595304 ], [ 8.645273405258365, 11.563380596975037 ], [ 8.643910367332239, 11.56365514516159 ], [ 8.642635160465773, 11.563939450354781 ], [ 8.642349944271984, 11.564288731592058 ], [ 8.64220733717508, 11.564917440019258 ], [ 8.642136032126643, 11.565406434351473 ], [ 8.642349944271984, 11.56603513777867 ], [ 8.642849070611135, 11.566593987158399 ], [ 8.643062982756476, 11.567013121443154 ], [ 8.644061239434734, 11.56799110110768 ], [ 8.643573798103546, 11.568906496729653 ], [ 8.643419502998711, 11.569458064104367 ], [ 8.642991678708029, 11.569807339341708 ], [ 8.642635160465773, 11.570086758531545 ], [ 8.642421248320431, 11.570645598911256 ], [ 8.642349944271984, 11.57113458324352 ], [ 8.642421248320431, 11.571553710528292 ], [ 8.642563856417325, 11.571902983765597 ], [ 8.642991678708029, 11.572391966097825 ], [ 8.643276894901817, 11.57302065452501 ], [ 8.643704719192499, 11.57350963485726 ], [ 8.643741836217714, 11.574825373751253 ], [ 8.643847327289393, 11.576233934708284 ], [ 8.643918630337851, 11.577491294562606 ], [ 8.643562110095615, 11.578329532132159 ], [ 8.642991678708029, 11.578818502464344 ], [ 8.642421248320431, 11.579726588081371 ], [ 8.642349944271984, 11.580425112555986 ], [ 8.642563856417325, 11.581123637030601 ], [ 8.642991678708029, 11.58168245441027 ], [ 8.643562110095615, 11.582520678979847 ], [ 8.643776022240957, 11.583498603644273 ], [ 8.643776022240957, 11.583987564976496 ], [ 8.643490807047158, 11.584197120118915 ], [ 8.642991678708029, 11.584266971166358 ], [ 8.641922120981292, 11.584686080451092 ], [ 8.641565600739057, 11.584895633593476 ], [ 8.641422992642163, 11.58538459292572 ], [ 8.641351688593716, 11.586292656542696 ], [ 8.641708208835951, 11.586711762827463 ], [ 8.64220733717508, 11.587130867112251 ], [ 8.642517016385511, 11.587584734420602 ], [ 8.642777767562677, 11.588038925729222 ], [ 8.642563856417325, 11.589505782725894 ], [ 8.641565600739057, 11.590553534437788 ], [ 8.640852562254565, 11.590693233532704 ], [ 8.639479287321535, 11.590371813314277 ], [ 8.638784747849627, 11.590483685390325 ], [ 8.638642140752722, 11.590902783675062 ], [ 8.638713444801169, 11.59139173200731 ], [ 8.638956571966332, 11.591954547389719 ], [ 8.639069964043415, 11.592299776624259 ], [ 8.63892735694651, 11.593137970193766 ], [ 8.638856052898063, 11.593696762573472 ], [ 8.639141269091851, 11.594674650237891 ], [ 8.639212573140298, 11.59516359057011 ], [ 8.639290878193492, 11.596024538155064 ], [ 8.638327956539229, 11.595938786096781 ], [ 8.638503033658196, 11.596453295446395 ], [ 8.638590572717646, 11.596967803795962 ], [ 8.638590572717646, 11.597739564320364 ], [ 8.639028264015053, 11.59833981972821 ], [ 8.639425834285191, 11.598830660061708 ], [ 8.639954826644612, 11.599218808325418 ], [ 8.640189463804063, 11.599552081551849 ], [ 8.640364575923002, 11.600294624056403 ], [ 8.640516415026184, 11.600740834359556 ], [ 8.64086656826413, 11.601255333709162 ], [ 8.641129183442558, 11.601941334175251 ], [ 8.641829488918347, 11.602370082466564 ], [ 8.642529797394218, 11.602541580583079 ], [ 8.64305502475105, 11.602455830524832 ], [ 8.643434669009025, 11.60425242374555 ], [ 8.64486234497906, 11.610320057868194 ], [ 8.651286890344238, 11.61531693326333 ], [ 8.656668142000512, 11.617951969053706 ], [ 8.657498843564952, 11.618404800361418 ], [ 8.658636842338183, 11.618147565186632 ], [ 8.659512225932929, 11.618233310244875 ], [ 8.660753102776084, 11.618871532678497 ], [ 8.661438068241466, 11.619176500885715 ], [ 8.662225911776773, 11.619605222177029 ], [ 8.662672586080248, 11.619970495425207 ], [ 8.663538985668936, 11.621491591458721 ], [ 8.664239292144771, 11.621834565691756 ], [ 8.665639905096441, 11.622692001274345 ], [ 8.66599005833433, 11.623377945740401 ], [ 8.66599005833433, 11.624664090614317 ], [ 8.666602825750658, 11.624921318789063 ], [ 8.667303132226493, 11.625092803905602 ], [ 8.668353592940264, 11.625778745371633 ], [ 8.668878823297121, 11.62620745566295 ], [ 8.669053899416099, 11.626721910012463 ], [ 8.669063851422834, 11.627805301748595 ], [ 8.668707332180588, 11.628748148389207 ], [ 8.670276018246454, 11.629656071006082 ], [ 8.671381227997358, 11.629865591148473 ], [ 8.672308178627191, 11.630563990622989 ], [ 8.67291426303899, 11.63192586554834 ], [ 8.672137842511461, 11.634484204286593 ], [ 8.670750655568952, 11.637547582368029 ], [ 8.675161991566256, 11.638683614139893 ], [ 8.679970563833422, 11.634111837033572 ], [ 8.686733843428783, 11.633634824709475 ], [ 8.692580764401498, 11.629234924719981 ] ] ] ] } },
{ "type": "Feature", "properties": { "fid": 545.0, "OBJECTID": 545.0, "lganame": "Nassarawa", "statecode": "KN", "LGA_UID": "19_31" }, "geometry": { "type": "MultiPolygon", "coordinates": [ [ [ [ 8.54875473867844, 12.053290431845767 ], [ 8.548967107822762, 12.053219224797374 ], [ 8.549185543971134, 12.053248893817511 ], [ 8.549397913115456, 12.053159885757054 ], [ 8.549508336190456, 12.053013952657921 ], [ 8.549719500333936, 12.052845387543357 ], [ 8.549786203379256, 12.052646728408376 ], [ 8.54984692142051, 12.05246561728535 ], [ 8.549919733470006, 12.052311335180491 ], [ 8.550016815535969, 12.052263864148244 ], [ 8.550119966606076, 12.052335071196637 ], [ 8.550314131737991, 12.052370674220811 ], [ 8.550459755836926, 12.052459683281313 ], [ 8.550611447940014, 12.052708908450654 ], [ 8.550799546067822, 12.05289879257964 ], [ 8.550939103162591, 12.053064942692515 ], [ 8.551046922235855, 12.052892986575728 ], [ 8.551208544345684, 12.052781416499897 ], [ 8.551455730513624, 12.052669845424077 ], [ 8.551769467726785, 12.052595464373553 ], [ 8.55202616190121, 12.05253967833562 ], [ 8.552130740972302, 12.052418809253538 ], [ 8.552282856075635, 12.052372321221924 ], [ 8.552568072269423, 12.052390916234572 ], [ 8.55286279546965, 12.05253967833562 ], [ 8.553109981637647, 12.052781416499897 ], [ 8.553281110753915, 12.052800010512556 ], [ 8.553509283908909, 12.052688440436725 ], [ 8.553680413025234, 12.052502487310392 ], [ 8.553937107199602, 12.052111987045066 ], [ 8.554041686270693, 12.051814462842913 ], [ 8.554170033357877, 12.051272875474922 ], [ 8.553968005220611, 12.051156654395925 ], [ 8.553801630107557, 12.051203142427539 ], [ 8.553599601970291, 12.051261252467043 ], [ 8.553350037800726, 12.051214764435429 ], [ 8.553195545695758, 12.051168276403814 ], [ 8.553231197719981, 12.051423961577541 ], [ 8.553112357639236, 12.051621536711821 ], [ 8.552971764543713, 12.051555894667217 ], [ 8.552850911461576, 12.051342606522269 ], [ 8.552708303364682, 12.051238008451207 ], [ 8.552803375429278, 12.051040433316984 ], [ 8.552969750542331, 12.05087772420643 ], [ 8.553219313711907, 12.050622037032724 ], [ 8.553468877881471, 12.050389594874787 ], [ 8.553590825964363, 12.050125952695623 ], [ 8.553528297921844, 12.049982820598359 ], [ 8.553694674034887, 12.049796867472025 ], [ 8.553968005220611, 12.049727134424643 ], [ 8.55422945339825, 12.049820111487804 ], [ 8.554407712519378, 12.04985497651154 ], [ 8.554645392680868, 12.049796867472025 ], [ 8.554764231761624, 12.049587668329877 ], [ 8.55496625989889, 12.049390091195676 ], [ 8.555262009099806, 12.049294849130945 ], [ 8.555614110339093, 12.049119190011595 ], [ 8.555878886518997, 12.048714740736784 ], [ 8.555808285471016, 12.047484898901189 ], [ 8.554819537799176, 12.046601608300989 ], [ 8.554905101857344, 12.046015843903035 ], [ 8.55511426099946, 12.045411484492377 ], [ 8.55590181953454, 12.044013829542735 ], [ 8.555995083597907, 12.043807406402493 ], [ 8.557286505475361, 12.042741168677992 ], [ 8.557481787608083, 12.040987058486166 ], [ 8.55766717873405, 12.040303653021851 ], [ 8.557797999822924, 12.039900557747956 ], [ 8.559150000741511, 12.039842517708507 ], [ 8.559011676647572, 12.039695075608336 ], [ 8.559886620242025, 12.038977321120683 ], [ 8.560352306558457, 12.038593662859967 ], [ 8.560435816615211, 12.038526789814568 ], [ 8.560677387779322, 12.037900881389248 ], [ 8.560914220940219, 12.037294114976987 ], [ 8.561303197204552, 12.035790388955263 ], [ 8.561055204036052, 12.03497784840323 ], [ 8.561690217467515, 12.034910360357344 ], [ 8.561899989610026, 12.034810336289411 ], [ 8.562084721735516, 12.034633451169213 ], [ 8.562976021341115, 12.034714812224479 ], [ 8.563135662449611, 12.034562384120932 ], [ 8.563785830891391, 12.0342482639075 ], [ 8.564765040556665, 12.034653581182909 ], [ 8.565028159735448, 12.034624711163247 ], [ 8.565502529057767, 12.034699988214413 ], [ 8.565239870879338, 12.035694251889993 ], [ 8.567011332082927, 12.036878867694838 ], [ 8.568720165244031, 12.038144393554717 ], [ 8.57060818652684, 12.039529293495718 ], [ 8.572866144061038, 12.041644594932961 ], [ 8.575131231600039, 12.036453552405874 ], [ 8.575868422100939, 12.036555017474825 ], [ 8.578093261612594, 12.037629299204752 ], [ 8.578604393959893, 12.037704220255648 ], [ 8.57857852294228, 12.038563649839602 ], [ 8.580228081063126, 12.037914552398547 ], [ 8.580300411112262, 12.037886090379232 ], [ 8.580881724507208, 12.037209935919805 ], [ 8.581214784733504, 12.036822535656597 ], [ 8.582513842616152, 12.037604060187618 ], [ 8.582655816712645, 12.037689473245621 ], [ 8.582792113805226, 12.037411631056841 ], [ 8.583025854964035, 12.036935148733107 ], [ 8.584472624947068, 12.038129805544827 ], [ 8.585499401644711, 12.038869005047047 ], [ 8.585677069765438, 12.039015032146267 ], [ 8.585833243871548, 12.03885013203427 ], [ 8.586199999120765, 12.038299999660467 ], [ 8.586500000324577, 12.037700001252801 ], [ 8.586500000324577, 12.037566435162034 ], [ 8.586745694491526, 12.037549375150434 ], [ 8.587239273826867, 12.037723341268645 ], [ 8.587484195993284, 12.037815753331415 ], [ 8.587648863105187, 12.037433580071763 ], [ 8.587839415234669, 12.03688069669613 ], [ 8.589055829061124, 12.034347133974677 ], [ 8.59046294401719, 12.031483049028679 ], [ 8.590467521020344, 12.031456421010546 ], [ 8.590775520229613, 12.029664644793115 ], [ 8.590858708286135, 12.028281502853361 ], [ 8.59087281729569, 12.023949930910248 ], [ 8.592215562208025, 12.024083960001349 ], [ 8.593363982988308, 12.024200000080157 ], [ 8.594333163646866, 12.024219476093378 ], [ 8.59459999882813, 12.024200000080157 ], [ 8.595082580156031, 12.024268941126991 ], [ 8.59530000030378, 12.024300002148095 ], [ 8.59595560174921, 12.024504550287077 ], [ 8.597372243711732, 12.023899563876057 ], [ 8.597703844937087, 12.023892354871123 ], [ 8.598024713155098, 12.023810992815868 ], [ 8.598511956486163, 12.023752875776381 ], [ 8.598935619774011, 12.02377728479297 ], [ 8.599313531030759, 12.023693597736099 ], [ 8.599741354321452, 12.02342161255126 ], [ 8.599826919379609, 12.022835799153256 ], [ 8.60035322073719, 12.020964292881672 ], [ 8.600828581060171, 12.020778317755287 ], [ 8.60118985430563, 12.020610941641564 ], [ 8.601360983421898, 12.020387772489926 ], [ 8.601684227641556, 12.020220395376214 ], [ 8.601931414809485, 12.019941433186659 ], [ 8.602045500887016, 12.019662469997115 ], [ 8.601665212628632, 12.019346311782328 ], [ 8.601379998434822, 12.01917893366857 ], [ 8.601322955396085, 12.018825581428473 ], [ 8.601570140564036, 12.018453629175781 ], [ 8.601551126551101, 12.018100274935705 ], [ 8.601665212628632, 12.017486552518676 ], [ 8.601464002491923, 12.017092948251275 ], [ 8.601437041473616, 12.017040208215406 ], [ 8.601134633268146, 12.016860423093249 ], [ 8.601106111248725, 12.016672120965325 ], [ 8.601049068209988, 12.016483818837401 ], [ 8.600984895166391, 12.016351309747336 ], [ 8.600892200103374, 12.016142085605168 ], [ 8.60077811302591, 12.015925887458309 ], [ 8.600692548967743, 12.015828248391927 ], [ 8.60067115695324, 12.015639946264002 ], [ 8.600543364866382, 12.015329215052873 ], [ 8.600048990530468, 12.01475268266114 ], [ 8.599972934478785, 12.014027365168317 ], [ 8.59999194849172, 12.013469427789232 ], [ 8.600334206724256, 12.01196299076571 ], [ 8.601284626370045, 12.012097309856983 ], [ 8.61383370889655, 12.012969150449351 ], [ 8.613819749887057, 12.012574600181267 ], [ 8.613787293865016, 12.011657210557928 ], [ 8.613771244854092, 12.0104753737549 ], [ 8.613601121738498, 12.009542724121218 ], [ 8.613629674757931, 12.009009724759096 ], [ 8.613705817809659, 12.008752742584477 ], [ 8.613981834997219, 12.00854335044221 ], [ 8.614086532068313, 12.007534458756709 ], [ 8.6141794691315, 12.006522387069083 ], [ 8.614202169146893, 12.005481753362005 ], [ 8.613945668972633, 12.004803706901271 ], [ 8.618221498877858, 12.004033867378212 ], [ 8.619579923800814, 12.003639898110521 ], [ 8.619986340076991, 12.003522029030478 ], [ 8.619707760887707, 12.00185078689492 ], [ 8.619707133887289, 12.001850947895036 ], [ 8.619569140793487, 12.001025044333858 ], [ 8.618692946198166, 11.999421382244236 ], [ 8.616999661047657, 11.998103450348765 ], [ 8.614393980277214, 11.996609847333957 ], [ 8.608750825442939, 11.996522630274683 ], [ 8.606257801749052, 11.997160002707744 ], [ 8.603719858024647, 11.997577659991521 ], [ 8.601370301428233, 11.998277389466978 ], [ 8.60131822839287, 11.99676196843734 ], [ 8.602141034951899, 11.991736694022848 ], [ 8.602809743406283, 11.989219730312698 ], [ 8.603612412951634, 11.986037977150886 ], [ 8.603804176081951, 11.985277830634402 ], [ 8.603838327105166, 11.983981596753665 ], [ 8.603871038127409, 11.982739981910015 ], [ 8.603871038127409, 11.982676188866662 ], [ 8.603597802941749, 11.980934366683186 ], [ 8.603134577626975, 11.980179354170218 ], [ 8.603134559626994, 11.980179326170173 ], [ 8.602671352312257, 11.979424339657214 ], [ 8.60188218377607, 11.97823310184782 ], [ 8.601462500490868, 11.975995013327122 ], [ 8.601325965398132, 11.974965006627315 ], [ 8.600981390164009, 11.973350238530145 ], [ 8.599728894312989, 11.972085504670815 ], [ 8.59879999968183, 11.970300000457655 ], [ 8.598364777386109, 11.968483194223211 ], [ 8.597944109100297, 11.967830571779814 ], [ 8.597499999798572, 11.966899998147483 ], [ 8.59710000052678, 11.966299999739817 ], [ 8.596669715234441, 11.965869714447479 ], [ 8.595630807528551, 11.964561612558668 ], [ 8.59530000030378, 11.963900000109163 ], [ 8.59530000030378, 11.963370892749651 ], [ 8.595314620313673, 11.962753808330376 ], [ 8.595400344371967, 11.961900666750694 ], [ 8.594678199881287, 11.962254806991325 ], [ 8.593214092886512, 11.96281750137365 ], [ 8.59252482241817, 11.96304536752848 ], [ 8.591369697633297, 11.963152325601129 ], [ 8.589309278233372, 11.963300082701551 ], [ 8.588023168359484, 11.963403444771757 ], [ 8.586873318578228, 11.96359829290418 ], [ 8.585056925344077, 11.964449771482691 ], [ 8.583099078013788, 11.965368861107152 ], [ 8.581040770615289, 11.966373326789665 ], [ 8.580229506064086, 11.966685249001614 ], [ 8.580014722918122, 11.966792640074573 ], [ 8.577883071469785, 11.968044242924975 ], [ 8.576230578347008, 11.969076419626276 ], [ 8.574365185079557, 11.970238026415529 ], [ 8.572841645044377, 11.97131811214939 ], [ 8.572841555044306, 11.971318174149474 ], [ 8.571986361463246, 11.971924446561388 ], [ 8.568851545333303, 11.974501323312268 ], [ 8.567635905507302, 11.975393398918357 ], [ 8.567252461246767, 11.975636418083468 ], [ 8.567047716107652, 11.97576618117165 ], [ 8.566862788982007, 11.97581758220656 ], [ 8.565687998183819, 11.97614411542844 ], [ 8.565592068118633, 11.976495399667158 ], [ 8.565464024031598, 11.976964284985741 ], [ 8.564975981700002, 11.97729397820973 ], [ 8.564941504676597, 11.97731726922558 ], [ 8.564345502271635, 11.977794211549622 ], [ 8.562700531153951, 11.978831138254179 ], [ 8.562637460111091, 11.978868447279524 ], [ 8.558829089523499, 11.981079217781598 ], [ 8.558139902055245, 11.981489129060151 ], [ 8.556834006167946, 11.982237368568519 ], [ 8.556312849813821, 11.982539901774089 ], [ 8.555597917328043, 11.983000087086737 ], [ 8.555547556293845, 11.983029482106758 ], [ 8.555205134061168, 11.983252913258525 ], [ 8.553868868153245, 11.98411303284297 ], [ 8.551714275689335, 11.98534299467866 ], [ 8.549644881283257, 11.986641293560808 ], [ 8.547518639838586, 11.987061245846121 ], [ 8.544105516519494, 11.986652627568503 ], [ 8.542606119500761, 11.986813070677499 ], [ 8.541222037560317, 11.987411110083826 ], [ 8.540388824994182, 11.987542879173361 ], [ 8.538479838697128, 11.98816375759526 ], [ 8.537301684896647, 11.988546940855599 ], [ 8.534488861985437, 11.989463861478612 ], [ 8.53457406504333, 11.989885766765269 ], [ 8.535003948335429, 11.991279471712232 ], [ 8.534998974332041, 11.991298767725311 ], [ 8.537821933250143, 11.991980687188629 ], [ 8.537882752291466, 11.991996669199523 ], [ 8.539412669330943, 11.992366920451104 ], [ 8.539428162341494, 11.992402766475436 ], [ 8.542734406587897, 11.993308601090916 ], [ 8.544599998855517, 11.993900001492761 ], [ 8.543751821279216, 11.995932973874062 ], [ 8.542699999564547, 11.998699999754137 ], [ 8.542553038464689, 11.999214368103594 ], [ 8.542399999360725, 11.999699999433574 ], [ 8.540223327881733, 12.000458866949202 ], [ 8.542597961495233, 12.004298353557942 ], [ 8.543610477183165, 12.00791110101261 ], [ 8.543757413283004, 12.008711051556133 ], [ 8.543760483285098, 12.008727763567492 ], [ 8.543846816343716, 12.009197774886843 ], [ 8.542646080527902, 12.009687222219441 ], [ 8.542641637524866, 12.009687937219894 ], [ 8.542919979713986, 12.011396850381004 ], [ 8.543276499956221, 12.013210157613059 ], [ 8.543567539153969, 12.014556438527848 ], [ 8.54457350783747, 12.020271601411025 ], [ 8.544583654844416, 12.021250152075879 ], [ 8.544519481800762, 12.021787152440766 ], [ 8.544296590649367, 12.022615450003514 ], [ 8.543806443316328, 12.023575979656187 ], [ 8.543410706047439, 12.024147844044705 ], [ 8.542979316754327, 12.024646481383513 ], [ 8.54282540764973, 12.024819940501402 ], [ 8.542440972388533, 12.025253212795747 ], [ 8.541653063853175, 12.026159821411795 ], [ 8.541399128680666, 12.026438516601161 ], [ 8.541186023535886, 12.026672401760038 ], [ 8.540573255119511, 12.027334011209575 ], [ 8.540305274937452, 12.027674839441147 ], [ 8.540049676763772, 12.027953036630151 ], [ 8.539628984477929, 12.028517918013961 ], [ 8.539343768284141, 12.029072338390677 ], [ 8.539097769117006, 12.029553530717635 ], [ 8.538805422918358, 12.030195121153554 ], [ 8.538099515438716, 12.03172935119602 ], [ 8.537277142879987, 12.033256599233709 ], [ 8.536799540555478, 12.033765337579382 ], [ 8.535848369909161, 12.034778816267988 ], [ 8.536394228280074, 12.034846481313934 ], [ 8.536857702594943, 12.035102182487663 ], [ 8.537217846839667, 12.035434802713667 ], [ 8.53744168599178, 12.035863967005298 ], [ 8.537879726289361, 12.035985512087848 ], [ 8.538390736636586, 12.036299326301105 ], [ 8.538628416798076, 12.036427176387974 ], [ 8.538663707822082, 12.036636442530153 ], [ 8.53848303669929, 12.036818431653785 ], [ 8.538462040685033, 12.037252386948637 ], [ 8.538602475780465, 12.037455163086406 ], [ 8.538913632991864, 12.03754295414609 ], [ 8.539234500209886, 12.037647558217145 ], [ 8.5395078323956, 12.037833521343487 ], [ 8.539781163581324, 12.038356539698896 ], [ 8.539923771678218, 12.038681973920006 ], [ 8.540125798815495, 12.038926049085831 ], [ 8.540280290920464, 12.039135256227951 ], [ 8.540124795814791, 12.039682945600077 ], [ 8.540113914807421, 12.039913968757048 ], [ 8.540185218855868, 12.04001857182817 ], [ 8.540409804008448, 12.040109613890024 ], [ 8.540748597238633, 12.040072847865019 ], [ 8.540910142348423, 12.039995326812345 ], [ 8.541028982429168, 12.039786120670215 ], [ 8.541361733655265, 12.039681516599103 ], [ 8.541658833857127, 12.039681516599103 ], [ 8.541860860994404, 12.039774497662279 ], [ 8.541967817067075, 12.039960458788642 ], [ 8.542015353099373, 12.040297513017663 ], [ 8.54208665714782, 12.040576454207212 ], [ 8.542146077188193, 12.040901885428298 ], [ 8.542288685285087, 12.041018110507309 ], [ 8.542502597430428, 12.041122712578328 ], [ 8.542680855551509, 12.041215692641515 ], [ 8.542680855551509, 12.041529500854722 ], [ 8.542752159599956, 12.041785196028457 ], [ 8.542894767696851, 12.041947911139061 ], [ 8.542977955753372, 12.042064135218027 ], [ 8.543215635914862, 12.042133870265388 ], [ 8.543536503132884, 12.042017646186423 ], [ 8.543809835318598, 12.042017646186423 ], [ 8.544047515480088, 12.042215228320686 ], [ 8.544202006585067, 12.042505788518099 ], [ 8.544047515480088, 12.042761482691844 ], [ 8.543809835318598, 12.043063666897126 ], [ 8.543586938167152, 12.043261796031743 ], [ 8.543888618372137, 12.043659005301663 ], [ 8.544222729599142, 12.043591920256063 ], [ 8.544404760722841, 12.043544447223837 ], [ 8.544465436764085, 12.043390160118975 ], [ 8.544635331879476, 12.043366423102839 ], [ 8.544708143928972, 12.043532579215764 ], [ 8.544841633019701, 12.043793680393151 ], [ 8.545011528135092, 12.043947967497957 ], [ 8.545084340184587, 12.044137857626993 ], [ 8.545063118170162, 12.044266979714735 ], [ 8.544890175052672, 12.044398958804436 ], [ 8.544841633019701, 12.044529508893106 ], [ 8.544987257118635, 12.04464819097376 ], [ 8.545169288242278, 12.044755005046341 ], [ 8.54536345337425, 12.045027973231811 ], [ 8.545533348489641, 12.04536028245758 ], [ 8.54546760444498, 12.046027849911184 ], [ 8.545375589382445, 12.046274129078483 ], [ 8.54521813627548, 12.046452093199434 ], [ 8.544987257118635, 12.046499623231739 ], [ 8.544780955978467, 12.046713249376864 ], [ 8.544720279937223, 12.046903138505854 ], [ 8.544902310060877, 12.047009951578445 ], [ 8.545060000168064, 12.047155876677607 ], [ 8.545273072312796, 12.047123626655718 ], [ 8.545410577406244, 12.047074520622346 ], [ 8.545541301495064, 12.047068709618372 ], [ 8.545672024583894, 12.047260476748704 ], [ 8.54578227565878, 12.047485818901805 ], [ 8.545885936729235, 12.047597521977707 ], [ 8.546117674886659, 12.04771955506061 ], [ 8.546367238056234, 12.047853211151391 ], [ 8.546539556173343, 12.047957811222489 ], [ 8.546604918217724, 12.048033355273787 ], [ 8.546563324189492, 12.048085655309364 ], [ 8.546474194128905, 12.048079844305391 ], [ 8.546420716092598, 12.04826580043175 ], [ 8.546343470040085, 12.048440132550184 ], [ 8.546295934007787, 12.048567976637059 ], [ 8.546295934007787, 12.048626087676553 ], [ 8.546338270036586, 12.048707071731542 ], [ 8.546450426112756, 12.048759742767345 ], [ 8.54661086022179, 12.048841097822617 ], [ 8.546777236334833, 12.048922453877935 ], [ 8.546902018419587, 12.049067730976617 ], [ 8.546961438459959, 12.049276930118765 ], [ 8.546907960423653, 12.049532617292471 ], [ 8.546841640378602, 12.049669983385797 ], [ 8.546765352326759, 12.049817360485974 ], [ 8.546801004350982, 12.049927769560952 ], [ 8.54693767044381, 12.050009124616281 ], [ 8.547031312507443, 12.050023968626363 ], [ 8.547312014698207, 12.050073046659691 ], [ 8.547496216823333, 12.050154401714963 ], [ 8.547638824920227, 12.050421709896568 ], [ 8.547771776010563, 12.050851585188639 ], [ 8.547746619993461, 12.051115603368032 ], [ 8.547789979022923, 12.051332234515257 ], [ 8.547943587127293, 12.051433384583959 ], [ 8.548114330243322, 12.051391645555611 ], [ 8.548360341410444, 12.051332234515257 ], [ 8.54863338559602, 12.051302565495064 ], [ 8.548948904810345, 12.051528054648315 ], [ 8.549112731921696, 12.051682337753107 ], [ 8.549243688010677, 12.051869862880551 ], [ 8.549173408962929, 12.052014638978903 ], [ 8.549052211880564, 12.052095718033968 ], [ 8.548827551727925, 12.052157053075689 ], [ 8.548621250587757, 12.052246062136135 ], [ 8.54853630253001, 12.052376608224847 ], [ 8.548481694492921, 12.052584296365978 ], [ 8.548433153459939, 12.052750445478864 ], [ 8.548414950447579, 12.052958132619949 ], [ 8.548451356472299, 12.053136149740908 ], [ 8.548548437538273, 12.053278563837694 ], [ 8.54875473867844, 12.053290431845767 ] ] ] ] } },
{ "type": "Feature", "properties": { "fid": 550.0, "OBJECTID": 550.0, "lganame": "Gezawa", "statecode": "KN", "LGA_UID": "19_18" }, "geometry": { "type": "MultiPolygon", "coordinates": [ [ [ [ 8.758932468484318, 12.162307186917531 ], [ 8.76362165467043, 12.160655426795188 ], [ 8.772575049753812, 12.161063000072147 ], [ 8.77852993879992, 12.158343566224403 ], [ 8.78121882262684, 12.150673338012837 ], [ 8.776171145197225, 12.136899272654034 ], [ 8.766145022384933, 12.124630987318312 ], [ 8.762959591220579, 12.119231736649738 ], [ 8.767028374985102, 12.116608180867161 ], [ 8.767358585209479, 12.116541590821953 ], [ 8.767427306256195, 12.116442962754945 ], [ 8.770370886256217, 12.115151181877195 ], [ 8.773940077681289, 12.112295824937121 ], [ 8.777280840951164, 12.107041968367412 ], [ 8.776560964462078, 12.103334453848333 ], [ 8.776562765463268, 12.103331869846556 ], [ 8.775399551672933, 12.100039148609312 ], [ 8.778599999847472, 12.099899999514776 ], [ 8.783955925486623, 12.099899999514776 ], [ 8.787857956137827, 12.10008347763943 ], [ 8.791946002915495, 12.100240490746103 ], [ 8.792657677399006, 12.100253917755253 ], [ 8.792745096458418, 12.099959100554941 ], [ 8.792602713361703, 12.097792010082458 ], [ 8.792599998359833, 12.095899998796938 ], [ 8.792407816229286, 12.094038703532306 ], [ 8.793513025980189, 12.09124983663736 ], [ 8.79422606646466, 12.090482893116302 ], [ 8.794475628634245, 12.087345372984487 ], [ 8.794297369513117, 12.082952782999939 ], [ 8.794618236731139, 12.081628020099799 ], [ 8.795616492409408, 12.079152786417978 ], [ 8.796079966724335, 12.077444513257319 ], [ 8.797639688784045, 12.07416436002859 ], [ 8.80224485991306, 12.06257659915525 ], [ 8.818163384728962, 12.070325139420049 ], [ 8.819422193584273, 12.070880795797564 ], [ 8.820399123248023, 12.071312025090549 ], [ 8.824343057927763, 12.066548204853802 ], [ 8.827939670371507, 12.061238360245966 ], [ 8.831836443019142, 12.053577214040615 ], [ 8.832141265226255, 12.044872989126475 ], [ 8.832193552261799, 12.041598203901401 ], [ 8.836568528234409, 12.039076766188202 ], [ 8.840787689101091, 12.029992046015593 ], [ 8.840965949222209, 12.023936395901046 ], [ 8.840965949222209, 12.0214257601952 ], [ 8.840807339114463, 12.018089290928231 ], [ 8.83334578804471, 12.004940991994602 ], [ 8.83109546351568, 12.004379872613299 ], [ 8.826411051332855, 12.004066017400078 ], [ 8.822573821725655, 11.997099157666412 ], [ 8.822774393861948, 11.992430846494528 ], [ 8.833220817959784, 11.983587901486146 ], [ 8.834896832098536, 11.98202218942231 ], [ 8.834799967032723, 11.981969215386357 ], [ 8.83725268669923, 11.979821361926952 ], [ 8.837962627181639, 11.975904076265351 ], [ 8.838300420411144, 11.974040194998963 ], [ 8.830099999839319, 11.973499997631905 ], [ 8.823518161367303, 11.975152829754904 ], [ 8.812458144852542, 11.978271308873786 ], [ 8.811152472965375, 11.978341237921313 ], [ 8.800279387577632, 11.98016266615889 ], [ 8.799841669280227, 11.980001897049647 ], [ 8.793990430304575, 11.977852800589403 ], [ 8.790723989085166, 11.979580992763658 ], [ 8.785153264300106, 11.972666125065302 ], [ 8.781737072979013, 11.968376160150513 ], [ 8.776170331196624, 11.9663262967577 ], [ 8.773246870210301, 11.965593874260037 ], [ 8.771214708829518, 11.964791693715028 ], [ 8.769111243400346, 11.964233655335875 ], [ 8.765772419131736, 11.963073669547725 ], [ 8.75580326135821, 11.961268581321235 ], [ 8.751925467723424, 11.961600303546618 ], [ 8.749195763868727, 11.962942714458734 ], [ 8.743443914960608, 11.963547259869472 ], [ 8.736013661912068, 11.961970198797928 ], [ 8.733629547292196, 11.972604108023177 ], [ 8.733634583295611, 11.977558052389156 ], [ 8.728353984707667, 11.978200576825714 ], [ 8.723904392684403, 11.979461690682569 ], [ 8.717027750012051, 11.979009594375384 ], [ 8.715235838794513, 11.98254702477891 ], [ 8.713601356683967, 11.986393218392209 ], [ 8.71032582345839, 11.998665915730953 ], [ 8.71046716955442, 11.998914126899592 ], [ 8.708033985901181, 12.006092459776937 ], [ 8.70289235240773, 12.010898581042454 ], [ 8.702890284406294, 12.010898821042645 ], [ 8.700793246981448, 12.011142337208071 ], [ 8.692572158395649, 12.011142337208071 ], [ 8.690536101012242, 12.00118463044231 ], [ 8.681100806601364, 11.988890641089142 ], [ 8.676059599176142, 11.984064270809824 ], [ 8.672520027771156, 11.981336282956306 ], [ 8.655143951964931, 11.977663950461135 ], [ 8.642888077637622, 11.96955922495431 ], [ 8.634572038987244, 11.963771942022163 ], [ 8.631900001171743, 11.962400001089975 ], [ 8.631499997899937, 11.962200000954056 ], [ 8.63120000069614, 11.962000000818193 ], [ 8.631000000560221, 11.962000000818193 ], [ 8.630500000220536, 11.961899999750244 ], [ 8.629631847630662, 11.961913025759088 ], [ 8.629320347418968, 11.961917699762296 ], [ 8.628499999861617, 11.962099998886117 ], [ 8.627700001318033, 11.962099998886117 ], [ 8.627199999978302, 11.962299999022036 ], [ 8.626600000570647, 11.962499999157899 ], [ 8.625900000095044, 11.962900002429706 ], [ 8.624400001075855, 11.963399998769432 ], [ 8.623799997668186, 11.963699999973244 ], [ 8.623000000124591, 11.963699999973244 ], [ 8.621900000377195, 11.964100000245026 ], [ 8.62079999962981, 11.964400001448894 ], [ 8.618600000135018, 11.965100001924498 ], [ 8.617411727327635, 11.965648435297112 ], [ 8.616199999504317, 11.966099999603955 ], [ 8.615600001096652, 11.966099999603955 ], [ 8.61520000182486, 11.966200001671893 ], [ 8.613748144838382, 11.966820410093419 ], [ 8.613742490834568, 11.966821429094125 ], [ 8.612100000718556, 11.967500000555162 ], [ 8.61097081795134, 11.968114589972743 ], [ 8.609691580082142, 11.968722009385488 ], [ 8.608300000136637, 11.969399999846132 ], [ 8.607077895306304, 11.969661880024091 ], [ 8.605700001370053, 11.969999999253787 ], [ 8.603300000739409, 11.970199998389717 ], [ 8.602299999059937, 11.970199998389717 ], [ 8.59970117829414, 11.970278752443221 ], [ 8.59879999968183, 11.970300000457655 ], [ 8.599728894312989, 11.972085504670815 ], [ 8.600981390164009, 11.973350238530145 ], [ 8.601325965398132, 11.974965006627315 ], [ 8.601462500490868, 11.975995013327122 ], [ 8.60188218377607, 11.97823310184782 ], [ 8.602671352312257, 11.979424339657214 ], [ 8.603134559626994, 11.980179326170173 ], [ 8.603134577626975, 11.980179354170218 ], [ 8.603597802941749, 11.980934366683186 ], [ 8.603871038127409, 11.982676188866662 ], [ 8.603871038127409, 11.982739981910015 ], [ 8.603838327105166, 11.983981596753665 ], [ 8.603804176081951, 11.985277830634402 ], [ 8.603612412951634, 11.986037977150886 ], [ 8.602809743406283, 11.989219730312698 ], [ 8.602141034951899, 11.991736694022848 ], [ 8.60131822839287, 11.99676196843734 ], [ 8.601370301428233, 11.998277389466978 ], [ 8.603719858024647, 11.997577659991521 ], [ 8.606257801749052, 11.997160002707744 ], [ 8.608750825442939, 11.996522630274683 ], [ 8.614393980277214, 11.996609847333957 ], [ 8.616999661047657, 11.998103450348765 ], [ 8.618692946198166, 11.999421382244236 ], [ 8.619569140793487, 12.001025044333858 ], [ 8.619707133887289, 12.001850947895036 ], [ 8.619707760887707, 12.00185078689492 ], [ 8.619986340076991, 12.003522029030478 ], [ 8.619579923800814, 12.003639898110521 ], [ 8.618221498877858, 12.004033867378212 ], [ 8.613945668972633, 12.004803706901271 ], [ 8.614202169146893, 12.005481753362005 ], [ 8.6141794691315, 12.006522387069083 ], [ 8.614086532068313, 12.007534458756709 ], [ 8.613981834997219, 12.00854335044221 ], [ 8.613705817809659, 12.008752742584477 ], [ 8.613629674757931, 12.009009724759096 ], [ 8.613601121738498, 12.009542724121218 ], [ 8.613771244854092, 12.0104753737549 ], [ 8.613787293865016, 12.011657210557928 ], [ 8.613819749887057, 12.012574600181267 ], [ 8.61383370889655, 12.012969150449351 ], [ 8.601284626370045, 12.012097309856983 ], [ 8.600334206724256, 12.01196299076571 ], [ 8.59999194849172, 12.013469427789232 ], [ 8.599972934478785, 12.014027365168317 ], [ 8.600048990530468, 12.01475268266114 ], [ 8.600543364866382, 12.015329215052873 ], [ 8.60067115695324, 12.015639946264002 ], [ 8.600692548967743, 12.015828248391927 ], [ 8.60077811302591, 12.015925887458309 ], [ 8.600892200103374, 12.016142085605168 ], [ 8.600984895166391, 12.016351309747336 ], [ 8.601049068209988, 12.016483818837401 ], [ 8.601106111248725, 12.016672120965325 ], [ 8.601134633268146, 12.016860423093249 ], [ 8.601437041473616, 12.017040208215406 ], [ 8.601464002491923, 12.017092948251275 ], [ 8.601665212628632, 12.017486552518676 ], [ 8.601551126551101, 12.018100274935705 ], [ 8.601570140564036, 12.018453629175781 ], [ 8.601322955396085, 12.018825581428473 ], [ 8.601379998434822, 12.01917893366857 ], [ 8.601665212628632, 12.019346311782328 ], [ 8.602045500887016, 12.019662469997115 ], [ 8.601931414809485, 12.019941433186659 ], [ 8.601684227641556, 12.020220395376214 ], [ 8.601360983421898, 12.020387772489926 ], [ 8.60118985430563, 12.020610941641564 ], [ 8.600828581060171, 12.020778317755287 ], [ 8.60035322073719, 12.020964292881672 ], [ 8.599826919379609, 12.022835799153256 ], [ 8.599741354321452, 12.02342161255126 ], [ 8.599313531030759, 12.023693597736099 ], [ 8.598935619774011, 12.02377728479297 ], [ 8.598511956486163, 12.023752875776381 ], [ 8.598024713155098, 12.023810992815868 ], [ 8.597703844937087, 12.023892354871123 ], [ 8.597372243711732, 12.023899563876057 ], [ 8.59595560174921, 12.024504550287077 ], [ 8.59530000030378, 12.024300002148095 ], [ 8.595082580156031, 12.024268941126991 ], [ 8.59459999882813, 12.024200000080157 ], [ 8.594333163646866, 12.024219476093378 ], [ 8.593363982988308, 12.024200000080157 ], [ 8.592215562208025, 12.024083960001349 ], [ 8.59087281729569, 12.023949930910248 ], [ 8.590858708286135, 12.028281502853361 ], [ 8.590775520229613, 12.029664644793115 ], [ 8.590467521020344, 12.031456421010546 ], [ 8.59046294401719, 12.031483049028679 ], [ 8.589055829061124, 12.034347133974677 ], [ 8.589503875365551, 12.034501607079619 ], [ 8.589670250478605, 12.034370850990797 ], [ 8.589967349680478, 12.034277867927585 ], [ 8.590109957777372, 12.034277867927585 ], [ 8.59015749380967, 12.034463833053962 ], [ 8.590359521946937, 12.034487079069777 ], [ 8.590610165117255, 12.034775647265803 ], [ 8.591264735561992, 12.035048414451126 ], [ 8.591666759835164, 12.035477920743006 ], [ 8.592189655190452, 12.035873095011482 ], [ 8.592760086578039, 12.036454231406367 ], [ 8.593354285981718, 12.036733175595884 ], [ 8.595160711209132, 12.032489021712195 ], [ 8.595434043394846, 12.032268186562135 ], [ 8.59566730655331, 12.032176659499953 ], [ 8.595921286725911, 12.03212871346733 ], [ 8.595723409591471, 12.031753292212272 ], [ 8.595559298479941, 12.031461595014093 ], [ 8.595381151358879, 12.0311605228095 ], [ 8.595110196174801, 12.030937361657891 ], [ 8.594660981869595, 12.030853676601055 ], [ 8.594211766564342, 12.030651437463632 ], [ 8.593769683263986, 12.030609594435191 ], [ 8.593748292249472, 12.030804859567866 ], [ 8.593743190245959, 12.031002760702336 ], [ 8.593755074254034, 12.031328202923419 ], [ 8.593751508251614, 12.031594368104265 ], [ 8.593113292817975, 12.031515347050629 ], [ 8.592126967147863, 12.031479301026081 ], [ 8.591798565924705, 12.031416036983103 ], [ 8.591950311027801, 12.030724848513501 ], [ 8.592093692125218, 12.030071760069745 ], [ 8.592925570690454, 12.028194639794322 ], [ 8.593128390828269, 12.026560817684242 ], [ 8.593916795363953, 12.026590989704744 ], [ 8.598090510199768, 12.02741752026634 ], [ 8.598527841496946, 12.024906916560496 ], [ 8.599763775336669, 12.025018499636303 ], [ 8.600961681150636, 12.025204470762674 ], [ 8.601874370770759, 12.025446233926914 ], [ 8.603025945553156, 12.025526611981547 ], [ 8.603842993108344, 12.025668159077725 ], [ 8.604318353431324, 12.025872727216722 ], [ 8.60466061166386, 12.0261330863936 ], [ 8.604831740780128, 12.026560817684242 ], [ 8.604831740780128, 12.02691416192431 ], [ 8.604755683728456, 12.027379087240206 ], [ 8.60454652458634, 12.027881203581387 ], [ 8.604337367444202, 12.028476305985691 ], [ 8.604090180276273, 12.028941228301619 ], [ 8.604082376270981, 12.028970804321716 ], [ 8.60393806517294, 12.029517729693339 ], [ 8.604071166263338, 12.029871069933392 ], [ 8.604261310392531, 12.030317393236658 ], [ 8.604511447562516, 12.030999631700183 ], [ 8.60414722331501, 12.0312286328558 ], [ 8.603900037147071, 12.031526181057984 ], [ 8.603862008121268, 12.031972501361224 ], [ 8.604462222529037, 12.03322340121116 ], [ 8.604682502678713, 12.034145837837912 ], [ 8.604736668715532, 12.035357070660893 ], [ 8.604527510573405, 12.036175313216802 ], [ 8.604565539599264, 12.036826184659049 ], [ 8.604945826857659, 12.037291092974954 ], [ 8.606254934747142, 12.037422886064519 ], [ 8.607429072544903, 12.037585604175035 ], [ 8.60871254441696, 12.037613498193991 ], [ 8.610537923657205, 12.03807375450674 ], [ 8.611721569461452, 12.038701377933194 ], [ 8.613461384643585, 12.039412681416479 ], [ 8.618367880977303, 12.042985935844342 ], [ 8.623685964590663, 12.048884256851977 ], [ 8.634411262878018, 12.061145377182811 ], [ 8.639311510207506, 12.070208804341007 ], [ 8.640842151247512, 12.072185021683708 ], [ 8.641871363946791, 12.07323239039539 ], [ 8.643416634996754, 12.075440871895921 ], [ 8.644253164565157, 12.076844596849696 ], [ 8.645668531526837, 12.078652842078327 ], [ 8.646762524270116, 12.080580382388007 ], [ 8.647971474091548, 12.083200841168491 ], [ 8.647264195611001, 12.084747023218995 ], [ 8.646022371767231, 12.086310326281193 ], [ 8.646022355767229, 12.086310349281234 ], [ 8.645069065119515, 12.087672186206532 ], [ 8.644839130963248, 12.088152366532768 ], [ 8.643191006843438, 12.091594183871337 ], [ 8.642814764587797, 12.092379897405181 ], [ 8.642244051200066, 12.095050012219417 ], [ 8.641201118491438, 12.096653451308896 ], [ 8.640911048294299, 12.097099412611897 ], [ 8.640705729154831, 12.097178340665494 ], [ 8.639133052086265, 12.097782904076269 ], [ 8.637355157878289, 12.098652648667269 ], [ 8.637451153943516, 12.098777544752124 ], [ 8.636571623345901, 12.104957457951059 ], [ 8.639780299526024, 12.110395444645917 ], [ 8.646904738366743, 12.114361221340459 ], [ 8.643687243180636, 12.125819897126121 ], [ 8.641012386363172, 12.126542248616943 ], [ 8.640015606685893, 12.128351219846024 ], [ 8.641933877989288, 12.130217648114183 ], [ 8.644059530433594, 12.130373185219867 ], [ 8.645563040455158, 12.129543660656225 ], [ 8.646394032019771, 12.130242994131379 ], [ 8.646736291252296, 12.133254530177567 ], [ 8.647068938478299, 12.134865900272416 ], [ 8.648024729127712, 12.134779609213808 ], [ 8.648162218221159, 12.13480199122904 ], [ 8.650254070642461, 12.135142525460424 ], [ 8.653572161896932, 12.134935144319513 ], [ 8.659674093042952, 12.136607773455978 ], [ 8.666528364700071, 12.137914823344033 ], [ 8.67035025529691, 12.138472500722969 ], [ 8.672403807692149, 12.139532087442888 ], [ 8.675027792475078, 12.140480134087056 ], [ 8.679248984343133, 12.142041615148003 ], [ 8.689231532125802, 12.14700483452026 ], [ 8.691798472869948, 12.141093573503838 ], [ 8.702946103444219, 12.143376521055018 ], [ 8.715562826016708, 12.154318515489592 ], [ 8.719173390469905, 12.155948677597223 ], [ 8.719563184734739, 12.155586211350908 ], [ 8.729658665594172, 12.153141667689965 ], [ 8.742988394651093, 12.15710719938437 ], [ 8.744930098970372, 12.156944784274003 ], [ 8.745205755157656, 12.156921726258361 ], [ 8.74905440077265, 12.145476969482161 ], [ 8.751905132709567, 12.151224039387046 ], [ 8.751006846099244, 12.160251004520433 ], [ 8.758932468484318, 12.162307186917531 ] ] ] ] } },
{ "type": "Feature", "properties": { "fid": 553.0, "OBJECTID": 553.0, "lganame": "Warawa", "statecode": "KN", "LGA_UID": "19_43" }, "geometry": { "type": "MultiPolygon", "coordinates": [ [ [ [ 8.715235838794513, 11.98254702477891 ], [ 8.717027750012051, 11.979009594375384 ], [ 8.723904392684403, 11.979461690682569 ], [ 8.728353984707667, 11.978200576825714 ], [ 8.733634583295611, 11.977558052389156 ], [ 8.733629547292196, 11.972604108023177 ], [ 8.736013661912068, 11.961970198797928 ], [ 8.743443914960608, 11.963547259869472 ], [ 8.749195763868727, 11.962942714458734 ], [ 8.751925467723424, 11.961600303546618 ], [ 8.75580326135821, 11.961268581321235 ], [ 8.765772419131736, 11.963073669547725 ], [ 8.769111243400346, 11.964233655335875 ], [ 8.771214708829518, 11.964791693715028 ], [ 8.773246870210301, 11.965593874260037 ], [ 8.776170331196624, 11.9663262967577 ], [ 8.781737072979013, 11.968376160150513 ], [ 8.785153264300106, 11.972666125065302 ], [ 8.790723989085166, 11.979580992763658 ], [ 8.793990430304575, 11.977852800589403 ], [ 8.799841669280227, 11.980001897049647 ], [ 8.800279387577632, 11.98016266615889 ], [ 8.811152472965375, 11.978341237921313 ], [ 8.812458144852542, 11.978271308873786 ], [ 8.823518161367303, 11.975152829754904 ], [ 8.830099999839319, 11.973499997631905 ], [ 8.838300420411144, 11.974040194998963 ], [ 8.838966421863631, 11.973114544369992 ], [ 8.847617577741687, 11.961090337200119 ], [ 8.861083233890952, 11.960580539853709 ], [ 8.863586592591901, 11.961443258439886 ], [ 8.862600761922067, 11.944878033184636 ], [ 8.863661765642973, 11.932609557848764 ], [ 8.865608027965379, 11.927224555189923 ], [ 8.863905959808903, 11.911813174718588 ], [ 8.863810888744297, 11.905301371294115 ], [ 8.863805115740377, 11.903032743752703 ], [ 8.863805115740377, 11.897322036872538 ], [ 8.864852079451737, 11.892563114639074 ], [ 8.866092614294644, 11.889486339548569 ], [ 8.866660468680436, 11.886281338370907 ], [ 8.867707432391796, 11.880475453426072 ], [ 8.871349186866212, 11.877496966402362 ], [ 8.871481310955971, 11.870883565908855 ], [ 8.872259556484778, 11.866778559119723 ], [ 8.871948537273454, 11.866297755793028 ], [ 8.868373680844513, 11.863343333785622 ], [ 8.868278501779798, 11.856490486129417 ], [ 8.866850825809763, 11.854015847448011 ], [ 8.864100001940756, 11.851100001466875 ], [ 8.862352368753307, 11.845407448599019 ], [ 8.86050000049471, 11.841200001740276 ], [ 8.858548160168539, 11.839033640268326 ], [ 8.855799999301269, 11.833900000780261 ], [ 8.853411536678436, 11.82747307441349 ], [ 8.852800450263203, 11.825415762015609 ], [ 8.849329384904763, 11.825787460268145 ], [ 8.846615782061008, 11.825816092287596 ], [ 8.841481899572784, 11.824029449073691 ], [ 8.838161514316766, 11.822076457746732 ], [ 8.837597024933189, 11.819662826106764 ], [ 8.837804995074521, 11.818179741099073 ], [ 8.838831887772244, 11.815753985450897 ], [ 8.839724971379042, 11.813945724222265 ], [ 8.838868364797008, 11.812708403381578 ], [ 8.838672131663714, 11.811825358781562 ], [ 8.838487650538355, 11.810995192217547 ], [ 8.838545660577779, 11.809951014508044 ], [ 8.838729018702338, 11.808794681722361 ], [ 8.839334048113415, 11.806717871311264 ], [ 8.839665651338748, 11.805002718145943 ], [ 8.839478397211508, 11.804113258541577 ], [ 8.839049576920161, 11.803034075808341 ], [ 8.83842952249887, 11.802365994354375 ], [ 8.836234273007278, 11.800002058748191 ], [ 8.835963515823323, 11.799455342376746 ], [ 8.834772484014081, 11.797842778281051 ], [ 8.834060803530519, 11.797436069004732 ], [ 8.831920338076145, 11.795766640870454 ], [ 8.829410147370595, 11.795385926611743 ], [ 8.826685523519359, 11.795195571482395 ], [ 8.823916696638037, 11.796939065667061 ], [ 8.820713990461968, 11.798240851551554 ], [ 8.817369156189329, 11.806444905125829 ], [ 8.814346042135242, 11.810195195673941 ], [ 8.815988229251047, 11.81178504075416 ], [ 8.815936120215611, 11.812169187015172 ], [ 8.813708880702336, 11.813939343217953 ], [ 8.812995841217855, 11.814311575470867 ], [ 8.810317983398363, 11.815555911316324 ], [ 8.808471212143559, 11.816407385894877 ], [ 8.80735506838522, 11.816845453192514 ], [ 8.806912983084828, 11.816929204249391 ], [ 8.80505908182522, 11.81706181033951 ], [ 8.801750579577231, 11.817334001524443 ], [ 8.797529387709119, 11.817934217932248 ], [ 8.789406749190164, 11.819112283732693 ], [ 8.784103134586644, 11.825847583309042 ], [ 8.778811738991351, 11.830451457437164 ], [ 8.774471602042468, 11.834905808463645 ], [ 8.770359893248724, 11.835191342657652 ], [ 8.766463526601342, 11.829252986622805 ], [ 8.762971510228681, 11.826703310890423 ], [ 8.762200326704715, 11.826125157497643 ], [ 8.756806989040172, 11.8274897534248 ], [ 8.756585849889916, 11.830252075301644 ], [ 8.756024498508509, 11.830415054412413 ], [ 8.755566966197648, 11.830313277343237 ], [ 8.755415445094684, 11.830287106325443 ], [ 8.755115373890817, 11.830141712226691 ], [ 8.754803418678819, 11.829932344084398 ], [ 8.754631101561756, 11.829702619928355 ], [ 8.754385133394635, 11.82926335262988 ], [ 8.754194514265123, 11.828963722426295 ], [ 8.754142224229611, 11.828845080345673 ], [ 8.753914057074553, 11.828600031179178 ], [ 8.75375212896455, 11.828361970017454 ], [ 8.753057394492487, 11.828535654135464 ], [ 8.752820730331678, 11.828148722872527 ], [ 8.752640419209172, 11.82811893685232 ], [ 8.752591275175803, 11.828110818846767 ], [ 8.752361046019359, 11.827984940761269 ], [ 8.752310550985044, 11.827912885712294 ], [ 8.752252506945638, 11.827830057656001 ], [ 8.75196729075185, 11.827834710659204 ], [ 8.751738230596175, 11.827784212624863 ], [ 8.751596511499883, 11.827750962602295 ], [ 8.751639292528978, 11.827536940456866 ], [ 8.751451696401489, 11.8274680844101 ], [ 8.750825303975887, 11.827582752488013 ], [ 8.750561478796669, 11.827359424336237 ], [ 8.750390349680345, 11.827094222156063 ], [ 8.75014078551078, 11.826710374895242 ], [ 8.749855570316981, 11.826417255696072 ], [ 8.749470529055372, 11.826152052515909 ], [ 8.748895631664766, 11.825870653324671 ], [ 8.748430918349015, 11.82552300808851 ], [ 8.748126688142293, 11.825150790835607 ], [ 8.747746399883908, 11.824722740544757 ], [ 8.747477757701404, 11.824443134354738 ], [ 8.741915689922223, 11.825636509165633 ], [ 8.742069344026618, 11.827848567668582 ], [ 8.74214805808009, 11.828301537976358 ], [ 8.742874412573656, 11.830900898742527 ], [ 8.738709156743539, 11.843059195003491 ], [ 8.737439869881143, 11.843889557567707 ], [ 8.73684791747894, 11.844204806781875 ], [ 8.724799490292583, 11.840055197962442 ], [ 8.721676234170502, 11.844000000642723 ], [ 8.717472995314552, 11.849662609490224 ], [ 8.714699998430433, 11.853700001233449 ], [ 8.7074739875207, 11.861509971539931 ], [ 8.708465094194139, 11.864858853815349 ], [ 8.711267467098196, 11.867905945885695 ], [ 8.717499176332353, 11.881753259294328 ], [ 8.726931889741422, 11.882253788634387 ], [ 8.736372087155644, 11.883939509779736 ], [ 8.737726414075837, 11.887343632092723 ], [ 8.73595460387196, 11.893819617492852 ], [ 8.727965680443845, 11.899192442143431 ], [ 8.724483116077636, 11.901695995844477 ], [ 8.717175305112278, 11.915644383321705 ], [ 8.714344857189133, 11.918993476597279 ], [ 8.713765533795538, 11.919943303242633 ], [ 8.707713005683104, 11.919076520653675 ], [ 8.702522080156143, 11.916583514959825 ], [ 8.699688938231134, 11.916211422707022 ], [ 8.692761365524177, 11.913479628850894 ], [ 8.683919679516691, 11.909200487943394 ], [ 8.673844462671013, 11.907558329827623 ], [ 8.668501667040857, 11.91742775053342 ], [ 8.66754736939248, 11.918380530180798 ], [ 8.667282056212173, 11.918525615279407 ], [ 8.667029342040507, 11.918753102433982 ], [ 8.666989795013592, 11.918937214559037 ], [ 8.666758386856372, 11.9190530976378 ], [ 8.666637169773992, 11.91927635078946 ], [ 8.666608648754618, 11.919387977865313 ], [ 8.666508822686808, 11.919757740116552 ], [ 8.666437518638361, 11.920183315405723 ], [ 8.666410581620084, 11.920585757679135 ], [ 8.666290005538144, 11.92103799598641 ], [ 8.667003411022847, 11.921126477046528 ], [ 8.667389576285245, 11.92116363607181 ], [ 8.668210661843148, 11.926134782449481 ], [ 8.670079877113153, 11.927943323678278 ], [ 8.671907555355006, 11.930036340100401 ], [ 8.673714462582723, 11.932230940591523 ], [ 8.674777915305299, 11.933515602464354 ], [ 8.673060365138269, 11.937072008880818 ], [ 8.665977979326101, 11.93434301502657 ], [ 8.661557136322358, 11.933575623505135 ], [ 8.64974748829826, 11.933535580477951 ], [ 8.639362737242323, 11.934944858435472 ], [ 8.636360032202106, 11.935436528769571 ], [ 8.634043474628129, 11.93605357618884 ], [ 8.631709716042451, 11.937046673863563 ], [ 8.63232868046299, 11.939130974279749 ], [ 8.633106376991407, 11.94259551663373 ], [ 8.633195682052076, 11.945279854457624 ], [ 8.63339782018943, 11.949920327610641 ], [ 8.633361429164722, 11.952530202383912 ], [ 8.633040724946795, 11.9548629619689 ], [ 8.632039855266783, 11.958666249553062 ], [ 8.631900001171743, 11.962400001089975 ], [ 8.634572038987244, 11.963771942022163 ], [ 8.642888077637622, 11.96955922495431 ], [ 8.655143951964931, 11.977663950461135 ], [ 8.672520027771156, 11.981336282956306 ], [ 8.676059599176142, 11.984064270809824 ], [ 8.681100806601364, 11.988890641089142 ], [ 8.690536101012242, 12.00118463044231 ], [ 8.692572158395649, 12.011142337208071 ], [ 8.700793246981448, 12.011142337208071 ], [ 8.702890284406294, 12.010898821042645 ], [ 8.70289235240773, 12.010898581042454 ], [ 8.708033985901181, 12.006092459776937 ], [ 8.71046716955442, 11.998914126899592 ], [ 8.71032582345839, 11.998665915730953 ], [ 8.713601356683967, 11.986393218392209 ], [ 8.715235838794513, 11.98254702477891 ] ] ] ] } },
{ "type": "Feature", "properties": { "fid": 570.0, "OBJECTID": 570.0, "lganame": "Garko", "statecode": "KN", "LGA_UID": "19_14" }, "geometry": { "type": "MultiPolygon", "coordinates": [ [ [ [ 8.868852933170103, 11.72749727348463 ], [ 8.863217316340979, 11.717119270433216 ], [ 8.866158486339373, 11.711763854794469 ], [ 8.866385017493315, 11.711351373514219 ], [ 8.879328865288016, 11.715269477176378 ], [ 8.879653973508937, 11.715367887243247 ], [ 8.880485853074163, 11.709433247210939 ], [ 8.876278567215479, 11.705963298853305 ], [ 8.874770239190639, 11.702677100620463 ], [ 8.87999999874404, 11.692799999909425 ], [ 8.880725496236948, 11.691429431978179 ], [ 8.882167576216773, 11.692086240424487 ], [ 8.88322762793706, 11.692551734740732 ], [ 8.885944353782918, 11.693364509293019 ], [ 8.884289198658337, 11.697741273266786 ], [ 8.885839772711904, 11.699428443413183 ], [ 8.887020051513844, 11.699596331527232 ], [ 8.888841622751499, 11.699752854633573 ], [ 8.890059059578675, 11.700051013836173 ], [ 8.893530447937337, 11.690953535654842 ], [ 8.897133126385199, 11.691780497216712 ], [ 8.90485327763065, 11.69222265251716 ], [ 8.904187775178514, 11.689057263366408 ], [ 8.904377919307706, 11.686683196753336 ], [ 8.904662542501057, 11.684561895312015 ], [ 8.90532863795363, 11.683191886381167 ], [ 8.906001707410951, 11.68078859074825 ], [ 8.906198402544589, 11.678190862983229 ], [ 8.906370841661783, 11.67591347743587 ], [ 8.906418604694238, 11.675282666007263 ], [ 8.907456724399594, 11.661571877691415 ], [ 8.90792761471954, 11.661123117386467 ], [ 8.911915755429277, 11.655214959372188 ], [ 8.910782952659588, 11.647420239076041 ], [ 8.908077803821584, 11.648371449722333 ], [ 8.901898130622783, 11.649709958631774 ], [ 8.902460479004901, 11.637388902260227 ], [ 8.901674943471164, 11.634572889346828 ], [ 8.898163908085564, 11.62403237218507 ], [ 8.890355671780242, 11.628543394250073 ], [ 8.88500560114511, 11.621420145410184 ], [ 8.880494143079773, 11.618393470353681 ], [ 8.873529800347853, 11.617261197584355 ], [ 8.866639013665861, 11.616810326278028 ], [ 8.859721449965718, 11.613229691845163 ], [ 8.876466546343238, 11.609016671982602 ], [ 8.882837909672276, 11.607413637893444 ], [ 8.889345641093939, 11.603556687272828 ], [ 8.902166726805262, 11.614311733580337 ], [ 8.905580759124973, 11.617884929008198 ], [ 8.907163706200492, 11.619072257814878 ], [ 8.909003347450437, 11.620245614612145 ], [ 8.911356376049241, 11.621293250323959 ], [ 8.913509754512347, 11.620231645602644 ], [ 8.931191072525962, 11.613797016230649 ], [ 8.945743834413861, 11.608024357308352 ], [ 8.951296990186961, 11.601690738005004 ], [ 8.951557130363767, 11.600598040262526 ], [ 8.952906435280511, 11.598483245825662 ], [ 8.958402499014824, 11.595590422860084 ], [ 8.963242316303251, 11.590849341638773 ], [ 8.970052184930239, 11.584145900084081 ], [ 8.970042811923918, 11.584050755019462 ], [ 8.96726182503437, 11.575580910264591 ], [ 8.967354825097516, 11.575155736975717 ], [ 8.96824619470317, 11.571080581206843 ], [ 8.968555157913102, 11.571086887211095 ], [ 8.983996109404529, 11.571402035425251 ], [ 8.983990452400633, 11.571030719172938 ], [ 8.983914078348789, 11.566017624766801 ], [ 8.984308305616651, 11.565945350717641 ], [ 8.996854586141239, 11.563645236154855 ], [ 9.020847391443226, 11.576522232904153 ], [ 9.024813863138263, 11.57009729153873 ], [ 9.025254285437484, 11.565702670552753 ], [ 9.027440937923245, 11.560672985135341 ], [ 9.029389198246975, 11.557726858133606 ], [ 9.031171789458142, 11.556085920018631 ], [ 9.031615190759453, 11.550736313383823 ], [ 9.031622860764628, 11.550643777320943 ], [ 9.033143549797899, 11.527956099905737 ], [ 9.024164600697077, 11.528276963123744 ], [ 9.019498368526627, 11.526846611151939 ], [ 9.004735275495818, 11.525040517924765 ], [ 9.003370740568641, 11.531188361101954 ], [ 9.003510837663839, 11.536178143492236 ], [ 9.006689803823804, 11.540020608103021 ], [ 9.001893156564677, 11.547110796920492 ], [ 8.99860370232966, 11.546783862698362 ], [ 8.981395791637681, 11.545535525850141 ], [ 8.965385557759532, 11.549730543700491 ], [ 8.951565173369204, 11.55335613616387 ], [ 8.942940458509099, 11.555381553540087 ], [ 8.937425326761854, 11.564152254499334 ], [ 8.936412160073417, 11.565763460594098 ], [ 8.934711475917936, 11.568467985431653 ], [ 8.934726872928366, 11.570486094802902 ], [ 8.934096639500183, 11.573548340883519 ], [ 8.933778688284121, 11.573562505893165 ], [ 8.919564240626073, 11.574195784323479 ], [ 8.916707995685385, 11.573858681094407 ], [ 8.915958233175957, 11.567341834666536 ], [ 8.90506764877631, 11.557393097906811 ], [ 8.904883116650922, 11.55522847743606 ], [ 8.904043269080319, 11.554659726049636 ], [ 8.896982128282616, 11.554792278139701 ], [ 8.884814337015143, 11.555940040919552 ], [ 8.880575907135324, 11.556339843191154 ], [ 8.880385568006034, 11.54415086590933 ], [ 8.878252880556943, 11.535642897128582 ], [ 8.876204545165194, 11.518566542526003 ], [ 8.877476915029717, 11.512562429446461 ], [ 8.878889976989797, 11.505894256915781 ], [ 8.878596330790288, 11.50548835763999 ], [ 8.8712155497754, 11.50291889589414 ], [ 8.868791217128205, 11.496979734858769 ], [ 8.858666061248641, 11.496350875431517 ], [ 8.846050105676682, 11.496579360586736 ], [ 8.843840673175464, 11.490889107720477 ], [ 8.844108576357485, 11.487326953300169 ], [ 8.843652029047291, 11.482452782988389 ], [ 8.835393960436306, 11.472341583118293 ], [ 8.827867970322757, 11.458956486023737 ], [ 8.8269124066735, 11.455432749629551 ], [ 8.828391522678487, 11.444083123918006 ], [ 8.849835360248562, 11.42916448778152 ], [ 8.841886229847489, 11.421327544456688 ], [ 8.838534945570473, 11.419510348221991 ], [ 8.835468877487244, 11.417553354892277 ], [ 8.831475857774137, 11.414058690517834 ], [ 8.827839358303322, 11.409305878288535 ], [ 8.822634171766651, 11.406020800056467 ], [ 8.81792811356911, 11.40266578577689 ], [ 8.813863789807613, 11.401058161684546 ], [ 8.807802956689557, 11.400988264637078 ], [ 8.800226043541386, 11.400295916166669 ], [ 8.786108685949273, 11.39522650272221 ], [ 8.786088820935788, 11.395218836717049 ], [ 8.785803764742127, 11.404226732837458 ], [ 8.791364237520213, 11.410254202932833 ], [ 8.794093427374548, 11.412403205392991 ], [ 8.794894680918958, 11.414470337797525 ], [ 8.793898693242227, 11.415945813800022 ], [ 8.791243923438458, 11.416723787328635 ], [ 8.785220846346078, 11.422646383352742 ], [ 8.782531223518561, 11.423784981126403 ], [ 8.783145115935667, 11.428150241092339 ], [ 8.785789635732499, 11.434753511579004 ], [ 8.77379701558408, 11.441981818490262 ], [ 8.772594193766849, 11.447916929522876 ], [ 8.77010319707432, 11.452496480634466 ], [ 8.771337697913111, 11.469406739124224 ], [ 8.771598996090631, 11.470106799599876 ], [ 8.771663690134574, 11.470400329799304 ], [ 8.774171275838398, 11.481777604529668 ], [ 8.772789793899733, 11.491436651092499 ], [ 8.770410746283289, 11.493939367792962 ], [ 8.770844201577802, 11.497976313535901 ], [ 8.770648298444712, 11.503562949331751 ], [ 8.768285860839512, 11.508674535804857 ], [ 8.765255444780507, 11.514147656523562 ], [ 8.761511989237022, 11.518689102609244 ], [ 8.759491710864324, 11.522648252299348 ], [ 8.757649692612745, 11.527946437899175 ], [ 8.758155010956102, 11.537135756142902 ], [ 8.761333729115904, 11.539182918533868 ], [ 8.764007625932663, 11.545354058726844 ], [ 8.770006674008755, 11.553365125169989 ], [ 8.762261641746363, 11.560978309342772 ], [ 8.759613818947287, 11.567095881499426 ], [ 8.758498786189648, 11.576938781187209 ], [ 8.760040378237136, 11.584207350125837 ], [ 8.757089797232311, 11.589736781882834 ], [ 8.755877102408363, 11.592154044525216 ], [ 8.755698115286748, 11.592097061486527 ], [ 8.755487307143483, 11.592517261772059 ], [ 8.753417174736967, 11.602333603441764 ], [ 8.753188426581517, 11.603821773452921 ], [ 8.75316972956881, 11.603951377540966 ], [ 8.751934053729258, 11.607697799086509 ], [ 8.752798632316683, 11.608487874623336 ], [ 8.754503588475131, 11.610024469667337 ], [ 8.75730820938071, 11.610629793078658 ], [ 8.757572414560229, 11.610710711133606 ], [ 8.756705552971255, 11.614660820817562 ], [ 8.756975122154415, 11.616718961215952 ], [ 8.757066827216704, 11.619428789057167 ], [ 8.757410195450007, 11.620828467008153 ], [ 8.757923582798867, 11.623622145906324 ], [ 8.757923582798867, 11.624404372437823 ], [ 8.757695409643816, 11.625018975855426 ], [ 8.757124978256229, 11.625745324348941 ], [ 8.756497503829905, 11.625857070424843 ], [ 8.754786210667135, 11.62552183319707 ], [ 8.754386908395816, 11.62580119738692 ], [ 8.754329865357079, 11.626304051728596 ], [ 8.754215779279548, 11.626974525184096 ], [ 8.753183569578255, 11.628484196209854 ], [ 8.752766250294655, 11.629246170727583 ], [ 8.752219268923056, 11.630326863461903 ], [ 8.752105182845526, 11.630941453879473 ], [ 8.752038056799904, 11.631617005338455 ], [ 8.751991096767995, 11.632617604018321 ], [ 8.752308489983648, 11.633338056507853 ], [ 8.752732657271849, 11.634182002081275 ], [ 8.753189002581905, 11.634684842422928 ], [ 8.753759433969492, 11.634964196612714 ], [ 8.755413685093515, 11.635187680764602 ], [ 8.755755943326051, 11.635690520106209 ], [ 8.756041159519839, 11.637087289055273 ], [ 8.755185511938464, 11.638707532156161 ], [ 8.755071425860933, 11.639526960712942 ], [ 8.75440592240875, 11.640458128345585 ], [ 8.754310850344154, 11.641296174914999 ], [ 8.754596066537943, 11.642134221484412 ], [ 8.756175461611065, 11.644112606828628 ], [ 8.757163007282088, 11.645672605888592 ], [ 8.757733438669675, 11.646417523394746 ], [ 8.758113725928013, 11.648358252713365 ], [ 8.758208797992609, 11.649676512609062 ], [ 8.759064445573983, 11.650700760304971 ], [ 8.75915951663859, 11.651352550747845 ], [ 8.758303870057205, 11.652190565317255 ], [ 8.756592575894501, 11.652563015570308 ], [ 8.756022144506915, 11.65302857788663 ], [ 8.756307360700703, 11.654239035709054 ], [ 8.757343351404586, 11.65550545456955 ], [ 8.758018654863463, 11.657125490670296 ], [ 8.758082149906556, 11.658740635767685 ], [ 8.757923582798867, 11.660943014264092 ], [ 8.757566242556038, 11.663585572059617 ], [ 8.758923789478445, 11.663869297252404 ], [ 8.759605993941989, 11.663366345910674 ], [ 8.759962514184224, 11.662598197388718 ], [ 8.760770624733254, 11.66245853329383 ], [ 8.761483664217735, 11.662411979262231 ], [ 8.76236307881527, 11.662574920372947 ], [ 8.763147422348197, 11.663087018720887 ], [ 8.763670317703486, 11.663552564037161 ], [ 8.763907996864987, 11.66404138536933 ], [ 8.763765388768093, 11.664437095638164 ], [ 8.762296889770312, 11.664574267731382 ], [ 8.761631387318118, 11.667646829819034 ], [ 8.762772249093302, 11.67044003871689 ], [ 8.767050484000151, 11.671277997286268 ], [ 8.767430772258535, 11.673605641867766 ], [ 8.766997833964354, 11.674655566581123 ], [ 8.766522473641373, 11.675260749992333 ], [ 8.76635609752833, 11.676145244593329 ], [ 8.766726044779716, 11.677258217349504 ], [ 8.767187978093546, 11.677821121731995 ], [ 8.767458621277456, 11.678055110890966 ], [ 8.768114927723389, 11.678333194079926 ], [ 8.76856652003022, 11.679008195538586 ], [ 8.768685360110965, 11.6796831959972 ], [ 8.768614056062518, 11.680521125566543 ], [ 8.768114927723389, 11.680893537819543 ], [ 8.767425657255046, 11.680870261803761 ], [ 8.766874720880708, 11.680962403866374 ], [ 8.76645899659826, 11.681995446568237 ], [ 8.766783921819012, 11.682709040053112 ], [ 8.767021601980503, 11.683290929448447 ], [ 8.766783921819012, 11.683896092859641 ], [ 8.765952043253833, 11.684198674065271 ], [ 8.765339189837391, 11.68477807045889 ], [ 8.764716108414063, 11.685827952172247 ], [ 8.765275778794319, 11.686249410458629 ], [ 8.76561929102769, 11.686875339883898 ], [ 8.765195427739741, 11.688113807725415 ], [ 8.764264517107222, 11.688807179196488 ], [ 8.762790903105952, 11.689714904813286 ], [ 8.761745112395374, 11.690250230177014 ], [ 8.759344546764339, 11.691297600888618 ], [ 8.757966003827676, 11.691856198268169 ], [ 8.757276733359333, 11.692321693584461 ], [ 8.757252965343184, 11.693089761106307 ], [ 8.757561948553132, 11.693648354485845 ], [ 8.758179915973017, 11.693694902517507 ], [ 8.758679043312156, 11.693345783280279 ], [ 8.759106866602849, 11.693229409201194 ], [ 8.759677297990436, 11.69339233231193 ], [ 8.761032072910893, 11.693438881343525 ], [ 8.762196702702227, 11.693508705390968 ], [ 8.763004814251303, 11.693648354485845 ], [ 8.763550799622294, 11.693790948582716 ], [ 8.763789156784242, 11.694090571786319 ], [ 8.763765388768093, 11.694532790086782 ], [ 8.76304765328041, 11.695019460417484 ], [ 8.762172934686077, 11.695254300577005 ], [ 8.761008304894744, 11.695812889956585 ], [ 8.760509176555615, 11.696301654288675 ], [ 8.760271497394115, 11.696604221494226 ], [ 8.760010050216522, 11.697488648095145 ], [ 8.759392081796648, 11.697744666269102 ], [ 8.758512667199113, 11.698396346711888 ], [ 8.757728323666186, 11.699001477123034 ], [ 8.757205429310886, 11.699629879550002 ], [ 8.757276733359333, 11.700141911897902 ], [ 8.758037307876123, 11.699792799660713 ], [ 8.758892955457497, 11.699909169739783 ], [ 8.759701066006585, 11.700467749119298 ], [ 8.760123445293573, 11.701303185686982 ], [ 8.760699320684807, 11.7022831233528 ], [ 8.760794392749403, 11.703097709906274 ], [ 8.760509176555615, 11.703679557301598 ], [ 8.760033818232671, 11.704075211570398 ], [ 8.759539284896618, 11.703999777519186 ], [ 8.759273242715892, 11.703353723080227 ], [ 8.758774115376752, 11.70284169773231 ], [ 8.757918467795378, 11.702748601669043 ], [ 8.757419341456227, 11.702911518779729 ], [ 8.757205429310886, 11.703726104333214 ], [ 8.757062821213992, 11.704773425044834 ], [ 8.756763612010673, 11.705645400637309 ], [ 8.756373549745661, 11.706193119009413 ], [ 8.754852399712092, 11.705774193724778 ], [ 8.754210664276115, 11.706286214072691 ], [ 8.754424576421457, 11.707310250768501 ], [ 8.755142010908912, 11.708669912692301 ], [ 8.754852399712092, 11.709079032970294 ], [ 8.754163128243817, 11.709521227270727 ], [ 8.753331248678592, 11.709521227270727 ], [ 8.752594442177951, 11.709684140381398 ], [ 8.751738794596577, 11.709940146555368 ], [ 8.751001988095936, 11.710452158903252 ], [ 8.75066923586985, 11.71115035637763 ], [ 8.750550396789095, 11.711918369899479 ], [ 8.750740539918297, 11.712639837389702 ], [ 8.750954452063638, 11.713314754848227 ], [ 8.751429812386618, 11.713803488180304 ], [ 8.751976474758067, 11.713663850085425 ], [ 8.752309226984153, 11.713198389769161 ], [ 8.753046034484782, 11.712709656437141 ], [ 8.753925449082317, 11.712779475484581 ], [ 8.755042542841295, 11.713082024690095 ], [ 8.756278477681064, 11.713198389769161 ], [ 8.757067512217191, 11.713383914895246 ], [ 8.758037307876123, 11.714036218338435 ], [ 8.758702811328305, 11.714780951844489 ], [ 8.758797883392901, 11.715711866476965 ], [ 8.758274988037613, 11.716386776935565 ], [ 8.757842450743738, 11.716921127298633 ], [ 8.757205429310886, 11.718458045342857 ], [ 8.756658765939449, 11.7198311242758 ], [ 8.756801373036353, 11.720482751718578 ], [ 8.757021542185953, 11.720940117029329 ], [ 8.757443109472376, 11.72190236568315 ], [ 8.757360604416306, 11.723526245786502 ], [ 8.756920213117098, 11.724601938517367 ], [ 8.756498830830765, 11.725411991067745 ], [ 8.756278477681064, 11.726230978624244 ], [ 8.761792648427672, 11.72744111744646 ], [ 8.764232855085709, 11.727714383632133 ], [ 8.7856126916123, 11.724316732323587 ], [ 8.78641076215456, 11.723996568106031 ], [ 8.790515398943455, 11.72207765880222 ], [ 8.791172067389653, 11.717065736396876 ], [ 8.787112618631397, 11.707330314782098 ], [ 8.788204491373278, 11.70497070517888 ], [ 8.796517389021517, 11.701510605827877 ], [ 8.802634142177567, 11.703507118184405 ], [ 8.802971757406965, 11.703127014926167 ], [ 8.81156448324532, 11.693528513404431 ], [ 8.818264838797916, 11.692946677009104 ], [ 8.818585953016054, 11.692589554766471 ], [ 8.819716027783898, 11.691332755912526 ], [ 8.824255428868241, 11.690387993270576 ], [ 8.822176942455997, 11.701324373701368 ], [ 8.818158548725648, 11.70873398373584 ], [ 8.820059456017248, 11.713667689088027 ], [ 8.825587676773409, 11.71397545929716 ], [ 8.828052346448032, 11.719197918845566 ], [ 8.833774068335686, 11.718233011189966 ], [ 8.84009975663372, 11.721301827275113 ], [ 8.847475364645049, 11.722796222290469 ], [ 8.847261161499546, 11.728511838173972 ], [ 8.856076525489129, 11.731683079328661 ], [ 8.857997761794536, 11.733719292712181 ], [ 8.862021621528584, 11.733679343685026 ], [ 8.86846313790528, 11.727860312731252 ], [ 8.868459162902582, 11.727852993726287 ], [ 8.868852933170103, 11.72749727348463 ] ] ] ] } },
{ "type": "Feature", "properties": { "fid": 576.0, "OBJECTID": 576.0, "lganame": "Ajingi", "statecode": "KN", "LGA_UID": "19_01" }, "geometry": { "type": "MultiPolygon", "coordinates": [ [ [ [ 9.223964879452012, 12.026231672460597 ], [ 9.227965203170015, 12.014366012398455 ], [ 9.223018089808704, 11.989609093577258 ], [ 9.210930169595542, 11.975583000047209 ], [ 9.209206993424687, 11.97197911859854 ], [ 9.207943319566084, 11.970724750746228 ], [ 9.205166436679349, 11.967968291873376 ], [ 9.204393977154496, 11.965817534411997 ], [ 9.203205579347014, 11.964480567503642 ], [ 9.201046072879763, 11.961946889782098 ], [ 9.207014629935088, 11.956504682084358 ], [ 9.207455562234713, 11.94630177015199 ], [ 9.207529031284594, 11.938831834076495 ], [ 9.207032222947078, 11.924240606162471 ], [ 9.20453658525139, 11.916287245758497 ], [ 9.202697587001865, 11.910769300009349 ], [ 9.202028047546946, 11.90468222087344 ], [ 9.181667876713163, 11.897694805125809 ], [ 9.166835584635351, 11.886051567214793 ], [ 9.167300000950888, 11.88390000175292 ], [ 9.162112001425896, 11.879683597888061 ], [ 9.160006871995563, 11.874857228608789 ], [ 9.158815766186251, 11.867198426404968 ], [ 9.158416499914949, 11.866651017033064 ], [ 9.154117692994134, 11.860965096169707 ], [ 9.158115725710616, 11.856284335989358 ], [ 9.156556460651132, 11.844648827083574 ], [ 9.153799072777645, 11.834494148183978 ], [ 9.14496771677716, 11.83163205723929 ], [ 9.143305593647824, 11.841079653658483 ], [ 9.136131806773562, 11.841673084061711 ], [ 9.129458041239047, 11.840931598557916 ], [ 9.125449757515582, 11.841867030193498 ], [ 9.12224108133546, 11.842564892667667 ], [ 9.117820239331706, 11.843716363450028 ], [ 9.112442188677562, 11.846406166277632 ], [ 9.096185791632138, 11.843778174492002 ], [ 9.090338870659423, 11.842591810685917 ], [ 9.075703273715192, 11.83921515139167 ], [ 9.076287876112417, 11.841802932149903 ], [ 9.078171305392118, 11.848617786780324 ], [ 9.083625711098136, 11.868352633189204 ], [ 9.093349008704649, 11.878050373778365 ], [ 9.095630734254996, 11.885251280671014 ], [ 9.097113855262705, 11.890498334236156 ], [ 9.098825149425465, 11.896973279635574 ], [ 9.102304780789666, 11.897643094090711 ], [ 9.104132038031196, 11.904697996884181 ], [ 9.09346309478218, 11.905066747134697 ], [ 9.067649710243188, 11.910601579895399 ], [ 9.067657337248363, 11.911579203559654 ], [ 9.067400001073509, 11.912400000117316 ], [ 9.067514559151391, 11.913737013025752 ], [ 9.066379566380192, 11.91803828194827 ], [ 9.063792094622102, 11.917855675824171 ], [ 9.05361779270919, 11.915898574494463 ], [ 9.050890260855908, 11.915909571501913 ], [ 9.046797416075037, 11.915979339549324 ], [ 9.045430245146122, 11.916378891820784 ], [ 9.043759869011183, 11.916509571909558 ], [ 9.039995022453127, 11.915923525511403 ], [ 9.039182157900825, 11.916202594701019 ], [ 9.038469894416892, 11.917006292247095 ], [ 9.037584949815596, 11.918030493942979 ], [ 9.037328255641171, 11.919411874881575 ], [ 9.036800607282657, 11.921714161445834 ], [ 9.037710150900693, 11.924874469593135 ], [ 9.036569289125509, 11.926734866857203 ], [ 9.034929298011207, 11.927734825536618 ], [ 9.033194235832298, 11.928199920852649 ], [ 9.031345283576059, 11.924618235419018 ], [ 9.030807932210962, 11.9233489345566 ], [ 9.030256514836253, 11.924372161251824 ], [ 9.029514954332399, 11.926697659831916 ], [ 9.028411550582689, 11.933589519514612 ], [ 9.027019144636654, 11.934803010339124 ], [ 9.024346822820917, 11.938209895653927 ], [ 9.019663034638484, 11.938148065611927 ], [ 9.00875276222547, 11.937621303253991 ], [ 9.003993313991657, 11.931353154995122 ], [ 8.998451942226552, 11.932650739876749 ], [ 8.985938103723981, 11.936592328554866 ], [ 8.980134650780826, 11.932809096984329 ], [ 8.979753772522031, 11.933089973175186 ], [ 8.976232345129404, 11.935467746790778 ], [ 8.976107142044327, 11.937265550012285 ], [ 8.973246007100329, 11.940254815043374 ], [ 8.969953570863254, 11.940467877188098 ], [ 8.968749372045068, 11.942250725399504 ], [ 8.961916222402238, 11.946296981148748 ], [ 8.957044145091913, 11.946954443595416 ], [ 8.954136161116082, 11.937701389308415 ], [ 8.953452998651869, 11.935406895749452 ], [ 8.951097445051403, 11.934776082320809 ], [ 8.949790207163176, 11.934398202064074 ], [ 8.948423548234643, 11.934136590886339 ], [ 8.940555958888979, 11.933924059741912 ], [ 8.928064274401436, 11.930674650534058 ], [ 8.921728100096288, 11.927691462507141 ], [ 8.905029199750174, 11.920777657809538 ], [ 8.891636378650389, 11.922811778191658 ], [ 8.888550356553594, 11.923069498366715 ], [ 8.882583044499086, 11.912963233500022 ], [ 8.863905959808903, 11.911813174718588 ], [ 8.865608027965379, 11.927224555189923 ], [ 8.863661765642973, 11.932609557848764 ], [ 8.862600761922067, 11.944878033184636 ], [ 8.863586592591901, 11.961443258439886 ], [ 8.865137613645743, 11.968610689309855 ], [ 8.86603906825826, 11.975225594804385 ], [ 8.869152306373508, 11.980286600243062 ], [ 8.871324212849231, 11.983458525398248 ], [ 8.878177060505436, 11.990596909248438 ], [ 8.88293598173891, 11.995831722805235 ], [ 8.888361153425024, 12.000019573650718 ], [ 8.8922634700765, 12.005444745336831 ], [ 8.895594715339882, 12.00877599060027 ], [ 8.896641678051253, 12.015057767868427 ], [ 8.896927213245306, 12.020387761489928 ], [ 8.897878997891951, 12.025527395982067 ], [ 8.899687388120697, 12.029905603956877 ], [ 8.902637920125414, 12.033141672155637 ], [ 8.909110052522919, 12.037234343936404 ], [ 8.91375861168143, 12.038896363065646 ], [ 8.919865217830591, 12.040184875941122 ], [ 8.923291641158642, 12.041231838652493 ], [ 8.930454378025388, 12.04897515891372 ], [ 8.945701918385396, 12.07230758676701 ], [ 8.948823211506181, 12.075460508909259 ], [ 8.957379683319914, 12.078528443993775 ], [ 8.962870086050373, 12.081162499783488 ], [ 8.966506583521209, 12.082642208788911 ], [ 8.972496112590818, 12.084358194954859 ], [ 8.977986515321277, 12.083827518594262 ], [ 8.981983859037257, 12.081770225196408 ], [ 8.985073695136691, 12.079794688854122 ], [ 8.985944995728687, 12.074463237231669 ], [ 8.986856294347888, 12.070672173655851 ], [ 8.988468191443076, 12.068418074124281 ], [ 8.995955101530058, 12.064443548423753 ], [ 9.003727229810863, 12.062909505381469 ], [ 9.007388378298458, 12.062742522268024 ], [ 9.009792387931839, 12.064106095194461 ], [ 9.011151537855312, 12.066233303639819 ], [ 9.011931506385281, 12.068580343234544 ], [ 9.01365468255608, 12.069626260945199 ], [ 9.014486562121306, 12.069916792142578 ], [ 9.016059863190321, 12.069505091862823 ], [ 9.043786469029214, 12.0757157480827 ], [ 9.046638625967148, 12.07403069493779 ], [ 9.053590756690767, 12.0739144838588 ], [ 9.074085475616016, 12.07353391660024 ], [ 9.076470218236295, 12.060435891700763 ], [ 9.077145222694924, 12.059624772149618 ], [ 9.077007232601204, 12.058454405354439 ], [ 9.077482591924195, 12.055990578680394 ], [ 9.077767808117983, 12.0539451222906 ], [ 9.078100560344069, 12.051667207742867 ], [ 9.078005488279473, 12.050319045826825 ], [ 9.077767808117983, 12.049017364942415 ], [ 9.077910416214877, 12.047762167089559 ], [ 9.078005488279473, 12.046228029047199 ], [ 9.079574174345282, 12.046135049984002 ], [ 9.081521072668124, 12.046199939028099 ], [ 9.083130061761381, 12.040566989200784 ], [ 9.083717598160547, 12.03855938683671 ], [ 9.082996761670813, 12.037673883235016 ], [ 9.082473867315514, 12.0365581054769 ], [ 9.082664011444706, 12.034512499087043 ], [ 9.082806617541621, 12.032792318918268 ], [ 9.083139369767707, 12.03149055403378 ], [ 9.084694093824055, 12.027426903272669 ], [ 9.09530857203606, 12.023912294884667 ], [ 9.098303337070888, 12.02293593922127 ], [ 9.111803545243674, 12.028236112822526 ], [ 9.130981770274332, 12.034557855117839 ], [ 9.133339497876307, 12.035312798630798 ], [ 9.144272766304937, 12.026188771431464 ], [ 9.148943715478651, 12.019373484800781 ], [ 9.151937936513093, 12.027641662418603 ], [ 9.150155339301875, 12.031128569787825 ], [ 9.146708982960263, 12.037288661973321 ], [ 9.145461164112419, 12.039380737394765 ], [ 9.145401744072046, 12.041589019895184 ], [ 9.147719121646617, 12.045540639580111 ], [ 9.14753101551878, 12.048228614406469 ], [ 9.149204619655904, 12.050596303015197 ], [ 9.152829236118691, 12.054838338897468 ], [ 9.156295836474044, 12.067532688522704 ], [ 9.172285815338512, 12.079810707865022 ], [ 9.181874005853217, 12.085438743688997 ], [ 9.187840390907127, 12.085410137669555 ], [ 9.193782382944391, 12.084596695116886 ], [ 9.198712532294223, 12.08279033588957 ], [ 9.199186905616557, 12.081563982056309 ], [ 9.199119767570892, 12.080151992096887 ], [ 9.199117499569354, 12.07995407896243 ], [ 9.199117054569058, 12.07972787880874 ], [ 9.199118544570069, 12.0795299586743 ], [ 9.199119291570582, 12.079473412635878 ], [ 9.199119719570888, 12.079445140616656 ], [ 9.199120681571515, 12.079388598578248 ], [ 9.199123035573166, 12.079275521501415 ], [ 9.199125175574579, 12.079190723443787 ], [ 9.199138169583421, 12.078823377194169 ], [ 9.199238171651359, 12.076523378631464 ], [ 9.19932884971297, 12.075254382769231 ], [ 9.199329063713151, 12.075252740768121 ], [ 9.199500651829737, 12.073937140874193 ], [ 9.199867295078832, 12.072134523649424 ], [ 9.2004169484523, 12.068300001044065 ], [ 9.213967778659423, 12.054112448404283 ], [ 9.218512688747523, 12.040499963155241 ], [ 9.219401429351365, 12.036657444544403 ], [ 9.219900555690458, 12.034042322767561 ], [ 9.220328378981151, 12.032089681440823 ], [ 9.221041419465678, 12.030590322422086 ], [ 9.221718805925889, 12.029613990758719 ], [ 9.22293097174952, 12.028149486763652 ], [ 9.223964879452012, 12.026231672460597 ] ] ] ] } },
{ "type": "Feature", "properties": { "fid": 577.0, "OBJECTID": 577.0, "lganame": "Wudil", "statecode": "KN", "LGA_UID": "19_44" }, "geometry": { "type": "MultiPolygon", "coordinates": [ [ [ [ 8.89707877034823, 11.905332450315257 ], [ 8.901257625187611, 11.902868035640779 ], [ 8.905649069171375, 11.903271064914634 ], [ 8.907203926227794, 11.903413763011599 ], [ 8.907697569563254, 11.90038824095592 ], [ 8.90753119545019, 11.891201514713941 ], [ 8.902725544184989, 11.88382459470165 ], [ 8.909543816817688, 11.88318745426875 ], [ 8.917294133083658, 11.884867223410083 ], [ 8.920186678048992, 11.884287099015921 ], [ 8.923625392385418, 11.8839706028009 ], [ 8.926931516631782, 11.884817213376095 ], [ 8.930071265765093, 11.885142830597374 ], [ 8.931409544674409, 11.885064795544338 ], [ 8.933958353406183, 11.89258387765318 ], [ 8.946147554688196, 11.8890099962249 ], [ 8.948309608157217, 11.888436255835074 ], [ 8.950219509454882, 11.876038491411407 ], [ 8.956143465479954, 11.862599683280337 ], [ 8.949957165276658, 11.854588319836978 ], [ 8.945756207422278, 11.845744292827874 ], [ 8.93860056056036, 11.84728904587746 ], [ 8.933539190121394, 11.849823687599667 ], [ 8.928097015423702, 11.850761215236673 ], [ 8.925472798640669, 11.849593202443032 ], [ 8.923353416200655, 11.847266668862289 ], [ 8.920832468487788, 11.846950288647292 ], [ 8.916300634408628, 11.847011382688834 ], [ 8.916212158348515, 11.84664864744235 ], [ 8.915076739577046, 11.841234526763742 ], [ 8.909012419456587, 11.840308953134866 ], [ 8.91028745432294, 11.835227048681929 ], [ 8.910829363691164, 11.834710616331051 ], [ 8.913852649745309, 11.833942944809451 ], [ 8.9160299392247, 11.833171726285457 ], [ 8.91782977244759, 11.832044552519562 ], [ 8.920937634559209, 11.828156128877595 ], [ 8.929022838052731, 11.821685715481237 ], [ 8.918537880928739, 11.822062351737145 ], [ 8.903415829653966, 11.823615655792537 ], [ 8.901984164681267, 11.822015658705425 ], [ 8.901203943151131, 11.82099193300985 ], [ 8.899900001265166, 11.819400000928169 ], [ 8.898600001381851, 11.817799999841043 ], [ 8.901774008538439, 11.810648681982059 ], [ 8.902278711881365, 11.807962682157097 ], [ 8.901988838684417, 11.807494438838944 ], [ 8.899727875148187, 11.806996578500673 ], [ 8.898653491418202, 11.80658966622417 ], [ 8.886089646881658, 11.807334657730337 ], [ 8.883164438894141, 11.792671686767562 ], [ 8.883743608287659, 11.788392294859932 ], [ 8.884399998733613, 11.78790000052544 ], [ 8.885299999345136, 11.787400000185698 ], [ 8.88599999982074, 11.787099997981841 ], [ 8.88670000129639, 11.787000000913906 ], [ 8.887299999704055, 11.786800000778044 ], [ 8.887800001043786, 11.786499999574175 ], [ 8.888300002383517, 11.786100000302383 ], [ 8.888599998587324, 11.785900000166521 ], [ 8.888900000791182, 11.785799999098572 ], [ 8.889699999334709, 11.785799999098572 ], [ 8.890700001014181, 11.785900000166521 ], [ 8.891480152544261, 11.785322129773874 ], [ 8.892535658261409, 11.784311891087498 ], [ 8.892839888468131, 11.78390239080926 ], [ 8.893153624681304, 11.783679027657456 ], [ 8.893315246791133, 11.783492890531022 ], [ 8.893514897926764, 11.783381209455115 ], [ 8.89360996999136, 11.783129924284367 ], [ 8.893628984004295, 11.782934480151596 ], [ 8.893410318855729, 11.782766957037779 ], [ 8.893125102661941, 11.782608739930254 ], [ 8.892744816403535, 11.782534284879659 ], [ 8.892183892022388, 11.782524977873322 ], [ 8.89166099566711, 11.782422602803763 ], [ 8.891128594305371, 11.782171316633026 ], [ 8.890624712963017, 11.781966565493917 ], [ 8.890187381665896, 11.781947952481289 ], [ 8.88957892225244, 11.781910724455997 ], [ 8.889185066984851, 11.781840056407987 ], [ 8.888865882767959, 11.781575676228329 ], [ 8.888561652561293, 11.781259241013345 ], [ 8.888429186471285, 11.780644983596005 ], [ 8.888600314587563, 11.780142409254495 ], [ 8.88917074697514, 11.779956270128025 ], [ 8.889417934143069, 11.779714288963589 ], [ 8.8898552644402, 11.779267553660077 ], [ 8.890235551698595, 11.779044186508315 ], [ 8.890710911021586, 11.778839433369171 ], [ 8.891205285357501, 11.77874636330597 ], [ 8.891750737728103, 11.77861459121641 ], [ 8.892098960964688, 11.778560223179454 ], [ 8.892365162145552, 11.778225170951828 ], [ 8.892688407365199, 11.777517836471247 ], [ 8.892574320287679, 11.776698815914756 ], [ 8.892384177158476, 11.775544737130588 ], [ 8.891870787809694, 11.775004923763845 ], [ 8.891015141228308, 11.774372039333798 ], [ 8.890210793681774, 11.773982529069144 ], [ 8.889798221401463, 11.77342270868877 ], [ 8.889411497138724, 11.77278521025562 ], [ 8.888372143432491, 11.771468194360807 ], [ 8.888048898212901, 11.770742227867515 ], [ 8.888029884199966, 11.770034875386898 ], [ 8.888124956264562, 11.769476437007484 ], [ 8.887953826148305, 11.769011070691306 ], [ 8.888010870187031, 11.76862016342568 ], [ 8.888505242522967, 11.76847124532452 ], [ 8.888866516768417, 11.768694621476243 ], [ 8.889589063259336, 11.769085528741869 ], [ 8.890330623763191, 11.76934613391893 ], [ 8.891148242318764, 11.76934613391893 ], [ 8.892156004003482, 11.769271675868367 ], [ 8.892821507455665, 11.769197216817759 ], [ 8.893087708636529, 11.769588124083384 ], [ 8.893258837752796, 11.77018379148808 ], [ 8.893620110998256, 11.770630540791615 ], [ 8.89403842728251, 11.770556082741052 ], [ 8.894437728553783, 11.770351322601925 ], [ 8.894665901708834, 11.769941802323672 ], [ 8.894856045838026, 11.769420592969539 ], [ 8.895084217993031, 11.768824923564807 ], [ 8.895179290057627, 11.768043107033577 ], [ 8.895046188967228, 11.767261287502379 ], [ 8.894532800618379, 11.766609770059688 ], [ 8.893951443223386, 11.765990119638673 ], [ 8.893487009907801, 11.76562318338938 ], [ 8.893334894804468, 11.765046120997283 ], [ 8.893106722649463, 11.764748281794937 ], [ 8.892954607546073, 11.764264293466056 ], [ 8.89304967961067, 11.763854763187794 ], [ 8.893506024920725, 11.763705843086655 ], [ 8.893924341204979, 11.763501077947524 ], [ 8.894684915721768, 11.763072931656609 ], [ 8.895350420173941, 11.762682015390965 ], [ 8.896034936639012, 11.76262617035303 ], [ 8.897004670297918, 11.76279370646688 ], [ 8.897708201775913, 11.763072931656609 ], [ 8.898145533073091, 11.76327769679574 ], [ 8.898430749266879, 11.76348246293486 ], [ 8.898487792305616, 11.763929223238392 ], [ 8.898792021512349, 11.764078143339589 ], [ 8.899020194667344, 11.763947838251056 ], [ 8.899244248819571, 11.763534092969905 ], [ 8.899647669093724, 11.763501077947524 ], [ 8.900085000390845, 11.763649998048663 ], [ 8.900579373726771, 11.76400368328899 ], [ 8.90082655989471, 11.764524901643142 ], [ 8.901454035321024, 11.764469056605208 ], [ 8.902081508747358, 11.764078143339589 ], [ 8.902495892028924, 11.763371007859121 ], [ 8.90250933303804, 11.761503444590176 ], [ 8.90203397271506, 11.760776289096157 ], [ 8.900994125008538, 11.759758268404426 ], [ 8.899911555272979, 11.758624632634167 ], [ 8.899211526797387, 11.757285914724605 ], [ 8.898379648232151, 11.756442401151446 ], [ 8.898201388111033, 11.755918839795754 ], [ 8.898320228191778, 11.754988061163317 ], [ 8.898586339372571, 11.753967661469972 ], [ 8.898498488312896, 11.752951971779851 ], [ 8.898914426595525, 11.752864709720598 ], [ 8.899597756059791, 11.752981058799662 ], [ 8.900494026668753, 11.753102964882487 ], [ 8.901499194351743, 11.753068319858926 ], [ 8.901796293553616, 11.752399316404365 ], [ 8.901618034432488, 11.751555787831251 ], [ 8.901051589047597, 11.751149551555216 ], [ 8.904737579552034, 11.745272870562303 ], [ 8.904642601487524, 11.744398435968151 ], [ 8.904856419632779, 11.743731207514827 ], [ 8.904381061309834, 11.74300400502068 ], [ 8.903846280946482, 11.742015007348698 ], [ 8.903489761704236, 11.741084180716257 ], [ 8.902954982340873, 11.740095175044303 ], [ 8.901885423614146, 11.739455228609472 ], [ 8.901320934230625, 11.738815280174663 ], [ 8.9002946865333, 11.737858843524805 ], [ 8.899947404297336, 11.736321836480499 ], [ 8.89944595795663, 11.735716219068991 ], [ 8.899449205958831, 11.73474284840762 ], [ 8.899776016180908, 11.733899264834463 ], [ 8.900607894746145, 11.732997501221746 ], [ 8.901469484331528, 11.732241180707888 ], [ 8.902390492957295, 11.731484859193984 ], [ 8.903370921623491, 11.730524907541735 ], [ 8.903685728837388, 11.729837881074957 ], [ 8.90411367112813, 11.728488638158183 ], [ 8.904596886456488, 11.727907709763485 ], [ 8.905480330056719, 11.727615946565265 ], [ 8.906936118045849, 11.726830522031605 ], [ 8.908154225873488, 11.725521475142159 ], [ 8.908807846317586, 11.724590593509674 ], [ 8.908778136297428, 11.723426987719051 ], [ 8.908837556337801, 11.722641551185347 ], [ 8.909639724882823, 11.721303395276152 ], [ 8.91079841267009, 11.719121602793734 ], [ 8.911489134139401, 11.717932812986021 ], [ 8.917714295369137, 11.717968576010321 ], [ 8.917368133133948, 11.711741363779197 ], [ 8.917939618522212, 11.709687589383748 ], [ 8.917962672537897, 11.709272742101916 ], [ 8.917996898561114, 11.708691837707192 ], [ 8.91817595068278, 11.707463930872905 ], [ 8.919637251675681, 11.707208549699374 ], [ 8.926654550443629, 11.706844490451999 ], [ 8.929959397689117, 11.70764811599804 ], [ 8.934785214968031, 11.706871436470294 ], [ 8.945317686124326, 11.70899961191634 ], [ 8.954453498331702, 11.693784529578409 ], [ 8.958370693993231, 11.679309109743031 ], [ 8.956002571384204, 11.668690105527901 ], [ 8.960507501445079, 11.665283500213263 ], [ 8.961298715982707, 11.660932706257086 ], [ 8.961052482815376, 11.656885172507032 ], [ 8.955316018917756, 11.651528948867679 ], [ 8.949387603889647, 11.644566108136758 ], [ 8.942582481265902, 11.634067526003491 ], [ 8.94139408345842, 11.633553044653922 ], [ 8.939939483470084, 11.633650819720344 ], [ 8.940040255538577, 11.63437079520952 ], [ 8.93516687422732, 11.634952151604523 ], [ 8.935154047218589, 11.631773818445026 ], [ 8.938552866527971, 11.631785458452953 ], [ 8.94001459652111, 11.63269337106982 ], [ 8.94136799044071, 11.632671999055276 ], [ 8.943199999685476, 11.632700000074294 ], [ 8.944328606452302, 11.632554277975316 ], [ 8.944906296844806, 11.632324974819483 ], [ 8.945700390384388, 11.631899805530622 ], [ 8.946586855986652, 11.631250517089484 ], [ 8.947381717526753, 11.630654030684184 ], [ 8.947906364883238, 11.629867276149639 ], [ 8.949123847710439, 11.627939371839716 ], [ 8.95072986080163, 11.62646134683547 ], [ 8.945691181378095, 11.622799286347231 ], [ 8.942506273214121, 11.620657460891948 ], [ 8.938418182436465, 11.618399215357613 ], [ 8.931191072525962, 11.613797016230649 ], [ 8.913509754512347, 11.620231645602644 ], [ 8.911356376049241, 11.621293250323959 ], [ 8.909003347450437, 11.620245614612145 ], [ 8.907163706200492, 11.619072257814878 ], [ 8.905580759124973, 11.617884929008198 ], [ 8.902166726805262, 11.614311733580337 ], [ 8.889345641093939, 11.603556687272828 ], [ 8.882837909672276, 11.607413637893444 ], [ 8.876466546343238, 11.609016671982602 ], [ 8.859721449965718, 11.613229691845163 ], [ 8.866639013665861, 11.616810326278028 ], [ 8.873529800347853, 11.617261197584355 ], [ 8.880494143079773, 11.618393470353681 ], [ 8.88500560114511, 11.621420145410184 ], [ 8.890355671780242, 11.628543394250073 ], [ 8.898163908085564, 11.62403237218507 ], [ 8.901674943471164, 11.634572889346828 ], [ 8.902460479004901, 11.637388902260227 ], [ 8.901898130622783, 11.649709958631774 ], [ 8.908077803821584, 11.648371449722333 ], [ 8.910782952659588, 11.647420239076041 ], [ 8.911915755429277, 11.655214959372188 ], [ 8.90792761471954, 11.661123117386467 ], [ 8.907456724399594, 11.661571877691415 ], [ 8.906418604694238, 11.675282666007263 ], [ 8.906370841661783, 11.67591347743587 ], [ 8.906198402544589, 11.678190862983229 ], [ 8.906001707410951, 11.68078859074825 ], [ 8.90532863795363, 11.683191886381167 ], [ 8.904662542501057, 11.684561895312015 ], [ 8.904377919307706, 11.686683196753336 ], [ 8.904187775178514, 11.689057263366408 ], [ 8.90485327763065, 11.69222265251716 ], [ 8.897133126385199, 11.691780497216712 ], [ 8.893530447937337, 11.690953535654842 ], [ 8.890059059578675, 11.700051013836173 ], [ 8.888841622751499, 11.699752854633573 ], [ 8.887020051513844, 11.699596331527232 ], [ 8.885839772711904, 11.699428443413183 ], [ 8.884289198658337, 11.697741273266786 ], [ 8.885944353782918, 11.693364509293019 ], [ 8.88322762793706, 11.692551734740732 ], [ 8.882167576216773, 11.692086240424487 ], [ 8.880725496236948, 11.691429431978179 ], [ 8.87999999874404, 11.692799999909425 ], [ 8.874770239190639, 11.702677100620463 ], [ 8.876278567215479, 11.705963298853305 ], [ 8.880485853074163, 11.709433247210939 ], [ 8.879653973508937, 11.715367887243247 ], [ 8.879328865288016, 11.715269477176378 ], [ 8.866385017493315, 11.711351373514219 ], [ 8.866158486339373, 11.711763854794469 ], [ 8.863217316340979, 11.717119270433216 ], [ 8.868852933170103, 11.72749727348463 ], [ 8.868459162902582, 11.727852993726287 ], [ 8.86846313790528, 11.727860312731252 ], [ 8.862021621528584, 11.733679343685026 ], [ 8.857997761794536, 11.733719292712181 ], [ 8.856076525489129, 11.731683079328661 ], [ 8.847261161499546, 11.728511838173972 ], [ 8.847475364645049, 11.722796222290469 ], [ 8.84009975663372, 11.721301827275113 ], [ 8.833774068335686, 11.718233011189966 ], [ 8.828052346448032, 11.719197918845566 ], [ 8.825587676773409, 11.71397545929716 ], [ 8.820059456017248, 11.713667689088027 ], [ 8.818158548725648, 11.70873398373584 ], [ 8.822176942455997, 11.701324373701368 ], [ 8.824255428868241, 11.690387993270576 ], [ 8.819716027783898, 11.691332755912526 ], [ 8.818585953016054, 11.692589554766471 ], [ 8.818264838797916, 11.692946677009104 ], [ 8.81156448324532, 11.693528513404431 ], [ 8.802971757406965, 11.703127014926167 ], [ 8.802634142177567, 11.703507118184405 ], [ 8.796517389021517, 11.701510605827877 ], [ 8.788204491373278, 11.70497070517888 ], [ 8.787112618631397, 11.707330314782098 ], [ 8.791172067389653, 11.717065736396876 ], [ 8.790515398943455, 11.72207765880222 ], [ 8.78641076215456, 11.723996568106031 ], [ 8.7856126916123, 11.724316732323587 ], [ 8.764232855085709, 11.727714383632133 ], [ 8.761792648427672, 11.72744111744646 ], [ 8.756278477681064, 11.726230978624244 ], [ 8.756817885047553, 11.726784140000063 ], [ 8.757242293335935, 11.727759484662784 ], [ 8.757490644504685, 11.728837424395181 ], [ 8.757366060420054, 11.730077138237505 ], [ 8.757214338316942, 11.731142776961576 ], [ 8.756896445100949, 11.732095443608841 ], [ 8.75734803740778, 11.732607414956703 ], [ 8.756336025720202, 11.734813881455921 ], [ 8.75660698090428, 11.738192839751719 ], [ 8.757648017611587, 11.738709454102775 ], [ 8.758988026522104, 11.740240327142885 ], [ 8.759175321649366, 11.740480679306245 ], [ 8.760097101275676, 11.740170730095599 ], [ 8.76086569679785, 11.739518932652743 ], [ 8.761554968266182, 11.73914659939976 ], [ 8.762244238734525, 11.739332765526285 ], [ 8.762244238734525, 11.740286868174564 ], [ 8.762743367073654, 11.740845365554037 ], [ 8.762790903105952, 11.741543486028377 ], [ 8.762481918896015, 11.742334685565936 ], [ 8.761721344379225, 11.743428401309075 ], [ 8.760711013692799, 11.744204528836406 ], [ 8.759867442119628, 11.744359218941497 ], [ 8.758774115376752, 11.744522112052209 ], [ 8.758251220021464, 11.744754815210285 ], [ 8.757062821213992, 11.746081223111503 ], [ 8.756877792088289, 11.747149162837161 ], [ 8.757966003827676, 11.748059188455443 ], [ 8.758845419425199, 11.748827099977234 ], [ 8.75858908625105, 11.749662329544719 ], [ 8.758797883392901, 11.751805647000992 ], [ 8.75833827908059, 11.756064872894967 ], [ 8.758227452005315, 11.758065145254022 ], [ 8.758441364150656, 11.759019181902261 ], [ 8.758607739263709, 11.759484565218486 ], [ 8.759106866602849, 11.759391489155234 ], [ 8.759368313780499, 11.758414184491187 ], [ 8.759962514184224, 11.757809183080099 ], [ 8.760643156646665, 11.758263684388965 ], [ 8.76087268580261, 11.759329908113386 ], [ 8.76191150150845, 11.75962990531724 ], [ 8.762410684847623, 11.759628703316423 ], [ 8.763028824267622, 11.759324716109859 ], [ 8.764216981074924, 11.759600911297525 ], [ 8.765476682930796, 11.759624180313324 ], [ 8.767770070489064, 11.759313299102075 ], [ 8.768352607884879, 11.758204760348917 ], [ 8.769422166611605, 11.757762645048501 ], [ 8.770753172515924, 11.75757648992203 ], [ 8.77310006211053, 11.758551870584768 ], [ 8.775765057921262, 11.762644544365514 ], [ 8.776410239359677, 11.76416915340144 ], [ 8.777192735891333, 11.765595076370289 ], [ 8.777858984343993, 11.768164893116364 ], [ 8.779262578297676, 11.769380015941977 ], [ 8.782042954186807, 11.769592571086378 ], [ 8.783950404482823, 11.769021498698351 ], [ 8.786574372265704, 11.769300566887978 ], [ 8.78808581229265, 11.769913626304515 ], [ 8.790067616639192, 11.771370167294151 ], [ 8.791850215850388, 11.77339970767315 ], [ 8.791945392915068, 11.778158629906613 ], [ 8.794039319337799, 11.77987184207069 ], [ 8.7971802084719, 11.780728447652677 ], [ 8.800130739476629, 11.782441659816755 ], [ 8.804318591322044, 11.788342722826258 ], [ 8.807499508483374, 11.79261644773004 ], [ 8.80945822581424, 11.796718425517099 ], [ 8.810987455853251, 11.798906894004062 ], [ 8.812841357112916, 11.799535069430931 ], [ 8.820713990461968, 11.798240851551554 ], [ 8.823916696638037, 11.796939065667061 ], [ 8.826685523519359, 11.795195571482395 ], [ 8.829410147370595, 11.795385926611743 ], [ 8.831920338076145, 11.795766640870454 ], [ 8.834060803530519, 11.797436069004732 ], [ 8.834772484014081, 11.797842778281051 ], [ 8.835963515823323, 11.799455342376746 ], [ 8.836234273007278, 11.800002058748191 ], [ 8.83842952249887, 11.802365994354375 ], [ 8.839049576920161, 11.803034075808341 ], [ 8.839478397211508, 11.804113258541577 ], [ 8.839665651338748, 11.805002718145943 ], [ 8.839334048113415, 11.806717871311264 ], [ 8.838729018702338, 11.808794681722361 ], [ 8.838545660577779, 11.809951014508044 ], [ 8.838487650538355, 11.810995192217547 ], [ 8.838672131663714, 11.811825358781562 ], [ 8.838868364797008, 11.812708403381578 ], [ 8.839724971379042, 11.813945724222265 ], [ 8.838831887772244, 11.815753985450897 ], [ 8.837804995074521, 11.818179741099073 ], [ 8.837597024933189, 11.819662826106764 ], [ 8.838161514316766, 11.822076457746732 ], [ 8.841481899572784, 11.824029449073691 ], [ 8.846615782061008, 11.825816092287596 ], [ 8.849329384904763, 11.825787460268145 ], [ 8.852800450263203, 11.825415762015609 ], [ 8.853411536678436, 11.82747307441349 ], [ 8.855799999301269, 11.833900000780261 ], [ 8.858548160168539, 11.839033640268326 ], [ 8.86050000049471, 11.841200001740276 ], [ 8.862352368753307, 11.845407448599019 ], [ 8.864100001940756, 11.851100001466875 ], [ 8.866850825809763, 11.854015847448011 ], [ 8.868278501779798, 11.856490486129417 ], [ 8.868373680844513, 11.863343333785622 ], [ 8.871948537273454, 11.866297755793028 ], [ 8.872259556484778, 11.866778559119723 ], [ 8.871481310955971, 11.870883565908855 ], [ 8.871349186866212, 11.877496966402362 ], [ 8.867707432391796, 11.880475453426072 ], [ 8.866660468680436, 11.886281338370907 ], [ 8.866092614294644, 11.889486339548569 ], [ 8.864852079451737, 11.892563114639074 ], [ 8.863805115740377, 11.897322036872538 ], [ 8.863805115740377, 11.903032743752703 ], [ 8.863810888744297, 11.905301371294115 ], [ 8.863905959808903, 11.911813174718588 ], [ 8.882583044499086, 11.912963233500022 ], [ 8.888550356553594, 11.923069498366715 ], [ 8.891636378650389, 11.922811778191658 ], [ 8.905029199750174, 11.920777657809538 ], [ 8.902765045211822, 11.916951200209667 ], [ 8.898051456009171, 11.906823230328143 ], [ 8.89707877034823, 11.905332450315257 ] ] ] ] } },
{ "type": "Feature", "properties": { "fid": 586.0, "OBJECTID": 586.0, "lganame": "Gaya", "statecode": "KN", "LGA_UID": "19_16" }, "geometry": { "type": "MultiPolygon", "coordinates": [ [ [ [ 8.979753772522031, 11.933089973175186 ], [ 8.980134650780826, 11.932809096984329 ], [ 8.985938103723981, 11.936592328554866 ], [ 8.998451942226552, 11.932650739876749 ], [ 9.003993313991657, 11.931353154995122 ], [ 9.00875276222547, 11.937621303253991 ], [ 9.019663034638484, 11.938148065611927 ], [ 9.024346822820917, 11.938209895653927 ], [ 9.027019144636654, 11.934803010339124 ], [ 9.028411550582689, 11.933589519514612 ], [ 9.029514954332399, 11.926697659831916 ], [ 9.030256514836253, 11.924372161251824 ], [ 9.030807932210962, 11.9233489345566 ], [ 9.031345283576059, 11.924618235419018 ], [ 9.033194235832298, 11.928199920852649 ], [ 9.034929298011207, 11.927734825536618 ], [ 9.036569289125509, 11.926734866857203 ], [ 9.037710150900693, 11.924874469593135 ], [ 9.036800607282657, 11.921714161445834 ], [ 9.037328255641171, 11.919411874881575 ], [ 9.037584949815596, 11.918030493942979 ], [ 9.038469894416892, 11.917006292247095 ], [ 9.039182157900825, 11.916202594701019 ], [ 9.039995022453127, 11.915923525511403 ], [ 9.043759869011183, 11.916509571909558 ], [ 9.045430245146122, 11.916378891820784 ], [ 9.046797416075037, 11.915979339549324 ], [ 9.050890260855908, 11.915909571501913 ], [ 9.05361779270919, 11.915898574494463 ], [ 9.063792094622102, 11.917855675824171 ], [ 9.066379566380192, 11.91803828194827 ], [ 9.067514559151391, 11.913737013025752 ], [ 9.067400001073509, 11.912400000117316 ], [ 9.067657337248363, 11.911579203559654 ], [ 9.067649710243188, 11.910601579895399 ], [ 9.09346309478218, 11.905066747134697 ], [ 9.104132038031196, 11.904697996884181 ], [ 9.102304780789666, 11.897643094090711 ], [ 9.098825149425465, 11.896973279635574 ], [ 9.097113855262705, 11.890498334236156 ], [ 9.095630734254996, 11.885251280671014 ], [ 9.093349008704649, 11.878050373778365 ], [ 9.083625711098136, 11.868352633189204 ], [ 9.078171305392118, 11.848617786780324 ], [ 9.076287876112417, 11.841802932149903 ], [ 9.075703273715192, 11.83921515139167 ], [ 9.090338870659423, 11.842591810685917 ], [ 9.096185791632138, 11.843778174492002 ], [ 9.112442188677562, 11.846406166277632 ], [ 9.117820239331706, 11.843716363450028 ], [ 9.12224108133546, 11.842564892667667 ], [ 9.125449757515582, 11.841867030193498 ], [ 9.129458041239047, 11.840931598557916 ], [ 9.136131806773562, 11.841673084061711 ], [ 9.143305593647824, 11.841079653658483 ], [ 9.14496771677716, 11.83163205723929 ], [ 9.153799072777645, 11.834494148183978 ], [ 9.156556460651132, 11.844648827083574 ], [ 9.158115725710616, 11.856284335989358 ], [ 9.154117692994134, 11.860965096169707 ], [ 9.158416499914949, 11.866651017033064 ], [ 9.158815766186251, 11.867198426404968 ], [ 9.160006871995563, 11.874857228608789 ], [ 9.162112001425896, 11.879683597888061 ], [ 9.167300000950888, 11.88390000175292 ], [ 9.166835584635351, 11.886051567214793 ], [ 9.181667876713163, 11.897694805125809 ], [ 9.202028047546946, 11.90468222087344 ], [ 9.204724217378896, 11.905020656103375 ], [ 9.206105272317245, 11.905194012221216 ], [ 9.226550037208483, 11.908821296685744 ], [ 9.229202586010786, 11.901051598406639 ], [ 9.230000263552768, 11.894658305062649 ], [ 9.226028084853851, 11.893313212148769 ], [ 9.22216579022961, 11.890987426568472 ], [ 9.220204931897285, 11.887963877514096 ], [ 9.212386954585327, 11.878985420413699 ], [ 9.21558857976072, 11.875555202083035 ], [ 9.212333320548908, 11.868596408354847 ], [ 9.206022924261276, 11.863397779822606 ], [ 9.198286344004657, 11.861179394315343 ], [ 9.196591054852775, 11.851300023602732 ], [ 9.195719403260512, 11.848432346654306 ], [ 9.190192689505409, 11.83762106030855 ], [ 9.187067169381748, 11.834580514242646 ], [ 9.174044948533776, 11.829246194618236 ], [ 9.152298244757901, 11.829478430776021 ], [ 9.143934870075384, 11.826556042790401 ], [ 9.142298586963591, 11.818514206326313 ], [ 9.138907563659529, 11.793699412465855 ], [ 9.140358195645206, 11.788852302172472 ], [ 9.141563876464375, 11.786665543686638 ], [ 9.142713326245371, 11.772769134244697 ], [ 9.148214834983435, 11.765552567341388 ], [ 9.141502207422491, 11.759364582136925 ], [ 9.152895189163473, 11.74942003338009 ], [ 9.157159506060907, 11.741536161023362 ], [ 9.157363498199516, 11.719222983862608 ], [ 9.127650226010701, 11.711245938442573 ], [ 9.083773423198522, 11.711245938442573 ], [ 9.080069735682002, 11.710633163026216 ], [ 9.075498179575845, 11.704968327177255 ], [ 9.068985620150897, 11.701197108614906 ], [ 9.063452436391344, 11.697622194185897 ], [ 9.054239471131552, 11.693494027381007 ], [ 9.040327128678769, 11.690458359318427 ], [ 9.013994863787218, 11.696114967161805 ], [ 9.013572017499939, 11.700184410926795 ], [ 9.013456180421258, 11.700658078248637 ], [ 9.013181685234713, 11.701211948624973 ], [ 9.013672447568183, 11.702450011466169 ], [ 9.01423807395247, 11.703549602213286 ], [ 9.01491183441027, 11.705431112491681 ], [ 9.015477459794624, 11.706628430305216 ], [ 9.015851771048915, 11.707296319758996 ], [ 9.016725163642377, 11.708485484567007 ], [ 9.017302435034594, 11.709063775959919 ], [ 9.017373016082558, 11.709252643088234 ], [ 9.018026102526278, 11.709756095430293 ], [ 9.018699862984079, 11.710358816839857 ], [ 9.022163690337607, 11.722071634798169 ], [ 9.023678386366726, 11.724737302609356 ], [ 9.023987565576817, 11.726717722954959 ], [ 9.024186610712036, 11.727992678821238 ], [ 9.02359253530841, 11.728842159398368 ], [ 9.020719324356207, 11.73295057918989 ], [ 9.018755333021772, 11.732793933083428 ], [ 9.018446348811835, 11.732212147688131 ], [ 9.018303740714941, 11.731351104103112 ], [ 9.017709542311195, 11.730792586723624 ], [ 9.01685389472982, 11.730629685612939 ], [ 9.016972734810565, 11.729652278948834 ], [ 9.014786081324814, 11.729070486553553 ], [ 9.01362035053279, 11.72873149232322 ], [ 9.011819289309017, 11.729909042123268 ], [ 9.009345616628309, 11.731526342222196 ], [ 9.00388488891798, 11.734967660560358 ], [ 9.002173447755126, 11.737861139526387 ], [ 9.002338761867463, 11.741179176780804 ], [ 8.998301155124125, 11.740660630428465 ], [ 8.995256968055742, 11.739466831617335 ], [ 8.984834306973994, 11.735294999782809 ], [ 8.98068510815483, 11.735385473844246 ], [ 8.97667296142879, 11.734622628325951 ], [ 8.973268949115891, 11.728467018143476 ], [ 8.970654921339815, 11.723739874931653 ], [ 8.965454487806369, 11.723051019463583 ], [ 8.960729414595903, 11.720723788882367 ], [ 8.958080645796144, 11.724775640635414 ], [ 8.952100065732623, 11.727672948603981 ], [ 8.937626945898842, 11.727035191170671 ], [ 8.930262257894867, 11.730301080389665 ], [ 8.926697062472499, 11.727101218215523 ], [ 8.924075955691592, 11.722916317372039 ], [ 8.917714295369137, 11.717968576010321 ], [ 8.911489134139401, 11.717932812986021 ], [ 8.91079841267009, 11.719121602793734 ], [ 8.909639724882823, 11.721303395276152 ], [ 8.908837556337801, 11.722641551185347 ], [ 8.908778136297428, 11.723426987719051 ], [ 8.908807846317586, 11.724590593509674 ], [ 8.908154225873488, 11.725521475142159 ], [ 8.906936118045849, 11.726830522031605 ], [ 8.905480330056719, 11.727615946565265 ], [ 8.904596886456488, 11.727907709763485 ], [ 8.90411367112813, 11.728488638158183 ], [ 8.903685728837388, 11.729837881074957 ], [ 8.903370921623491, 11.730524907541735 ], [ 8.902390492957295, 11.731484859193984 ], [ 8.901469484331528, 11.732241180707888 ], [ 8.900607894746145, 11.732997501221746 ], [ 8.899776016180908, 11.733899264834463 ], [ 8.899449205958831, 11.73474284840762 ], [ 8.89944595795663, 11.735716219068991 ], [ 8.899947404297336, 11.736321836480499 ], [ 8.9002946865333, 11.737858843524805 ], [ 8.901320934230625, 11.738815280174663 ], [ 8.901885423614146, 11.739455228609472 ], [ 8.902954982340873, 11.740095175044303 ], [ 8.903489761704236, 11.741084180716257 ], [ 8.903846280946482, 11.742015007348698 ], [ 8.904381061309834, 11.74300400502068 ], [ 8.904856419632779, 11.743731207514827 ], [ 8.904642601487524, 11.744398435968151 ], [ 8.904737579552034, 11.745272870562303 ], [ 8.901051589047597, 11.751149551555216 ], [ 8.901618034432488, 11.751555787831251 ], [ 8.901796293553616, 11.752399316404365 ], [ 8.901499194351743, 11.753068319858926 ], [ 8.900494026668753, 11.753102964882487 ], [ 8.899597756059791, 11.752981058799662 ], [ 8.898914426595525, 11.752864709720598 ], [ 8.898498488312896, 11.752951971779851 ], [ 8.898586339372571, 11.753967661469972 ], [ 8.898320228191778, 11.754988061163317 ], [ 8.898201388111033, 11.755918839795754 ], [ 8.898379648232151, 11.756442401151446 ], [ 8.899211526797387, 11.757285914724605 ], [ 8.899911555272979, 11.758624632634167 ], [ 8.900994125008538, 11.759758268404426 ], [ 8.90203397271506, 11.760776289096157 ], [ 8.90250933303804, 11.761503444590176 ], [ 8.902495892028924, 11.763371007859121 ], [ 8.902081508747358, 11.764078143339589 ], [ 8.901454035321024, 11.764469056605208 ], [ 8.90082655989471, 11.764524901643142 ], [ 8.900579373726771, 11.76400368328899 ], [ 8.900085000390845, 11.763649998048663 ], [ 8.899647669093724, 11.763501077947524 ], [ 8.899244248819571, 11.763534092969905 ], [ 8.899020194667344, 11.763947838251056 ], [ 8.898792021512349, 11.764078143339589 ], [ 8.898487792305616, 11.763929223238392 ], [ 8.898430749266879, 11.76348246293486 ], [ 8.898145533073091, 11.76327769679574 ], [ 8.897708201775913, 11.763072931656609 ], [ 8.897004670297918, 11.76279370646688 ], [ 8.896034936639012, 11.76262617035303 ], [ 8.895350420173941, 11.762682015390965 ], [ 8.894684915721768, 11.763072931656609 ], [ 8.893924341204979, 11.763501077947524 ], [ 8.893506024920725, 11.763705843086655 ], [ 8.89304967961067, 11.763854763187794 ], [ 8.892954607546073, 11.764264293466056 ], [ 8.893106722649463, 11.764748281794937 ], [ 8.893334894804468, 11.765046120997283 ], [ 8.893487009907801, 11.76562318338938 ], [ 8.893951443223386, 11.765990119638673 ], [ 8.894532800618379, 11.766609770059688 ], [ 8.895046188967228, 11.767261287502379 ], [ 8.895179290057627, 11.768043107033577 ], [ 8.895084217993031, 11.768824923564807 ], [ 8.894856045838026, 11.769420592969539 ], [ 8.894665901708834, 11.769941802323672 ], [ 8.894437728553783, 11.770351322601925 ], [ 8.89403842728251, 11.770556082741052 ], [ 8.893620110998256, 11.770630540791615 ], [ 8.893258837752796, 11.77018379148808 ], [ 8.893087708636529, 11.769588124083384 ], [ 8.892821507455665, 11.769197216817759 ], [ 8.892156004003482, 11.769271675868367 ], [ 8.891148242318764, 11.76934613391893 ], [ 8.890330623763191, 11.76934613391893 ], [ 8.889589063259336, 11.769085528741869 ], [ 8.888866516768417, 11.768694621476243 ], [ 8.888505242522967, 11.76847124532452 ], [ 8.888010870187031, 11.76862016342568 ], [ 8.887953826148305, 11.769011070691306 ], [ 8.888124956264562, 11.769476437007484 ], [ 8.888029884199966, 11.770034875386898 ], [ 8.888048898212901, 11.770742227867515 ], [ 8.888372143432491, 11.771468194360807 ], [ 8.889411497138724, 11.77278521025562 ], [ 8.889798221401463, 11.77342270868877 ], [ 8.890210793681774, 11.773982529069144 ], [ 8.891015141228308, 11.774372039333798 ], [ 8.891870787809694, 11.775004923763845 ], [ 8.892384177158476, 11.775544737130588 ], [ 8.892574320287679, 11.776698815914756 ], [ 8.892688407365199, 11.777517836471247 ], [ 8.892365162145552, 11.778225170951828 ], [ 8.892098960964688, 11.778560223179454 ], [ 8.891750737728103, 11.77861459121641 ], [ 8.891205285357501, 11.77874636330597 ], [ 8.890710911021586, 11.778839433369171 ], [ 8.890235551698595, 11.779044186508315 ], [ 8.8898552644402, 11.779267553660077 ], [ 8.889417934143069, 11.779714288963589 ], [ 8.88917074697514, 11.779956270128025 ], [ 8.888600314587563, 11.780142409254495 ], [ 8.888429186471285, 11.780644983596005 ], [ 8.888561652561293, 11.781259241013345 ], [ 8.888865882767959, 11.781575676228329 ], [ 8.889185066984851, 11.781840056407987 ], [ 8.88957892225244, 11.781910724455997 ], [ 8.890187381665896, 11.781947952481289 ], [ 8.890624712963017, 11.781966565493917 ], [ 8.891128594305371, 11.782171316633026 ], [ 8.89166099566711, 11.782422602803763 ], [ 8.892183892022388, 11.782524977873322 ], [ 8.892744816403535, 11.782534284879659 ], [ 8.893125102661941, 11.782608739930254 ], [ 8.893410318855729, 11.782766957037779 ], [ 8.893628984004295, 11.782934480151596 ], [ 8.89360996999136, 11.783129924284367 ], [ 8.893514897926764, 11.783381209455115 ], [ 8.893315246791133, 11.783492890531022 ], [ 8.893153624681304, 11.783679027657456 ], [ 8.892839888468131, 11.78390239080926 ], [ 8.892535658261409, 11.784311891087498 ], [ 8.891480152544261, 11.785322129773874 ], [ 8.890700001014181, 11.785900000166521 ], [ 8.889699999334709, 11.785799999098572 ], [ 8.888900000791182, 11.785799999098572 ], [ 8.888599998587324, 11.785900000166521 ], [ 8.888300002383517, 11.786100000302383 ], [ 8.887800001043786, 11.786499999574175 ], [ 8.887299999704055, 11.786800000778044 ], [ 8.88670000129639, 11.787000000913906 ], [ 8.88599999982074, 11.787099997981841 ], [ 8.885299999345136, 11.787400000185698 ], [ 8.884399998733613, 11.78790000052544 ], [ 8.883743608287659, 11.788392294859932 ], [ 8.883164438894141, 11.792671686767562 ], [ 8.886089646881658, 11.807334657730337 ], [ 8.898653491418202, 11.80658966622417 ], [ 8.899727875148187, 11.806996578500673 ], [ 8.901988838684417, 11.807494438838944 ], [ 8.902278711881365, 11.807962682157097 ], [ 8.901774008538439, 11.810648681982059 ], [ 8.898600001381851, 11.817799999841043 ], [ 8.899900001265166, 11.819400000928169 ], [ 8.901203943151131, 11.82099193300985 ], [ 8.901984164681267, 11.822015658705425 ], [ 8.903415829653966, 11.823615655792537 ], [ 8.918537880928739, 11.822062351737145 ], [ 8.929022838052731, 11.821685715481237 ], [ 8.920937634559209, 11.828156128877595 ], [ 8.91782977244759, 11.832044552519562 ], [ 8.9160299392247, 11.833171726285457 ], [ 8.913852649745309, 11.833942944809451 ], [ 8.910829363691164, 11.834710616331051 ], [ 8.91028745432294, 11.835227048681929 ], [ 8.909012419456587, 11.840308953134866 ], [ 8.915076739577046, 11.841234526763742 ], [ 8.916212158348515, 11.84664864744235 ], [ 8.916300634408628, 11.847011382688834 ], [ 8.920832468487788, 11.846950288647292 ], [ 8.923353416200655, 11.847266668862289 ], [ 8.925472798640669, 11.849593202443032 ], [ 8.928097015423702, 11.850761215236673 ], [ 8.933539190121394, 11.849823687599667 ], [ 8.93860056056036, 11.84728904587746 ], [ 8.945756207422278, 11.845744292827874 ], [ 8.949957165276658, 11.854588319836978 ], [ 8.956143465479954, 11.862599683280337 ], [ 8.950219509454882, 11.876038491411407 ], [ 8.948309608157217, 11.888436255835074 ], [ 8.946147554688196, 11.8890099962249 ], [ 8.933958353406183, 11.89258387765318 ], [ 8.931409544674409, 11.885064795544338 ], [ 8.930071265765093, 11.885142830597374 ], [ 8.926931516631782, 11.884817213376095 ], [ 8.923625392385418, 11.8839706028009 ], [ 8.920186678048992, 11.884287099015921 ], [ 8.917294133083658, 11.884867223410083 ], [ 8.909543816817688, 11.88318745426875 ], [ 8.902725544184989, 11.88382459470165 ], [ 8.90753119545019, 11.891201514713941 ], [ 8.907697569563254, 11.90038824095592 ], [ 8.907203926227794, 11.903413763011599 ], [ 8.905649069171375, 11.903271064914634 ], [ 8.901257625187611, 11.902868035640779 ], [ 8.89707877034823, 11.905332450315257 ], [ 8.898051456009171, 11.906823230328143 ], [ 8.902765045211822, 11.916951200209667 ], [ 8.905029199750174, 11.920777657809538 ], [ 8.921728100096288, 11.927691462507141 ], [ 8.928064274401436, 11.930674650534058 ], [ 8.940555958888979, 11.933924059741912 ], [ 8.948423548234643, 11.934136590886339 ], [ 8.949790207163176, 11.934398202064074 ], [ 8.951097445051403, 11.934776082320809 ], [ 8.953452998651869, 11.935406895749452 ], [ 8.954136161116082, 11.937701389308415 ], [ 8.957044145091913, 11.946954443595416 ], [ 8.961916222402238, 11.946296981148748 ], [ 8.968749372045068, 11.942250725399504 ], [ 8.969953570863254, 11.940467877188098 ], [ 8.973246007100329, 11.940254815043374 ], [ 8.976107142044327, 11.937265550012285 ], [ 8.976232345129404, 11.935467746790778 ], [ 8.979753772522031, 11.933089973175186 ] ] ] ] } },
{ "type": "Feature", "properties": { "fid": 592.0, "OBJECTID": 592.0, "lganame": "Albasu", "statecode": "KN", "LGA_UID": "19_02" }, "geometry": { "type": "MultiPolygon", "coordinates": [ [ [ [ 9.002173447755126, 11.737861139526387 ], [ 9.00388488891798, 11.734967660560358 ], [ 9.009345616628309, 11.731526342222196 ], [ 9.011819289309017, 11.729909042123268 ], [ 9.01362035053279, 11.72873149232322 ], [ 9.014786081324814, 11.729070486553553 ], [ 9.016972734810565, 11.729652278948834 ], [ 9.01685389472982, 11.730629685612939 ], [ 9.017709542311195, 11.730792586723624 ], [ 9.018303740714941, 11.731351104103112 ], [ 9.018446348811835, 11.732212147688131 ], [ 9.018755333021772, 11.732793933083428 ], [ 9.020719324356207, 11.73295057918989 ], [ 9.02359253530841, 11.728842159398368 ], [ 9.024186610712036, 11.727992678821238 ], [ 9.023987565576817, 11.726717722954959 ], [ 9.023678386366726, 11.724737302609356 ], [ 9.022163690337607, 11.722071634798169 ], [ 9.018699862984079, 11.710358816839857 ], [ 9.018026102526278, 11.709756095430293 ], [ 9.017373016082558, 11.709252643088234 ], [ 9.017302435034594, 11.709063775959919 ], [ 9.016725163642377, 11.708485484567007 ], [ 9.015851771048915, 11.707296319758996 ], [ 9.015477459794624, 11.706628430305216 ], [ 9.01491183441027, 11.705431112491681 ], [ 9.01423807395247, 11.703549602213286 ], [ 9.013672447568183, 11.702450011466169 ], [ 9.013181685234713, 11.701211948624973 ], [ 9.013456180421258, 11.700658078248637 ], [ 9.013572017499939, 11.700184410926795 ], [ 9.013994863787218, 11.696114967161805 ], [ 9.040327128678769, 11.690458359318427 ], [ 9.054239471131552, 11.693494027381007 ], [ 9.063452436391344, 11.697622194185897 ], [ 9.068985620150897, 11.701197108614906 ], [ 9.075498179575845, 11.704968327177255 ], [ 9.080069735682002, 11.710633163026216 ], [ 9.083773423198522, 11.711245938442573 ], [ 9.127650226010701, 11.711245938442573 ], [ 9.157363498199516, 11.719222983862608 ], [ 9.165719211876819, 11.70657220526698 ], [ 9.171219263613864, 11.702619053581031 ], [ 9.172781382675225, 11.702700819636561 ], [ 9.174281854694698, 11.702779359689941 ], [ 9.177764179060773, 11.704687094986184 ], [ 9.182605723350378, 11.70733943478831 ], [ 9.182142432035619, 11.70900744492161 ], [ 9.18178034178959, 11.710019929609587 ], [ 9.184487226628789, 11.71120715241625 ], [ 9.186320013874081, 11.711676516735167 ], [ 9.187306898544648, 11.711869784866451 ], [ 9.188665684467878, 11.712817826510616 ], [ 9.189293157894213, 11.713637038067247 ], [ 9.190291413572481, 11.715154433098235 ], [ 9.190419525659536, 11.715240154156447 ], [ 9.190861843960022, 11.715536108357583 ], [ 9.191170828169959, 11.715880544591585 ], [ 9.191598651460652, 11.716550801046992 ], [ 9.192126299819165, 11.717179165473965 ], [ 9.192965621389476, 11.720573426780163 ], [ 9.20252898788732, 11.730494468521044 ], [ 9.208864254191838, 11.731823670424205 ], [ 9.22575462566806, 11.735739993085133 ], [ 9.236312350841501, 11.718787461566706 ], [ 9.246427124714046, 11.702377963417234 ], [ 9.24887998038065, 11.696680443546029 ], [ 9.248594765186851, 11.69020076914336 ], [ 9.243702006862463, 11.68971274381181 ], [ 9.243509946731933, 11.683750700760868 ], [ 9.243648172825885, 11.682718113059252 ], [ 9.24482286562403, 11.67932419875325 ], [ 9.244567209450338, 11.678453130161415 ], [ 9.233943813232202, 11.679651193975417 ], [ 9.233001830592173, 11.676637733927919 ], [ 9.233971564251078, 11.675576341206749 ], [ 9.233344090824744, 11.673118363536673 ], [ 9.235241202113741, 11.672631778206096 ], [ 9.23351323093965, 11.663059914702444 ], [ 9.237571816697255, 11.661899703914116 ], [ 9.241170254142219, 11.65713500067676 ], [ 9.241398688297465, 11.645355391673036 ], [ 9.254468788177974, 11.642700533869231 ], [ 9.273991100442458, 11.644108899826108 ], [ 9.277752287997998, 11.638741300179106 ], [ 9.268803472917739, 11.631705393398533 ], [ 9.267538471058231, 11.630988205911251 ], [ 9.269142435148012, 11.627138114295292 ], [ 9.279599404253077, 11.616056620765903 ], [ 9.28190722782108, 11.613094104753031 ], [ 9.284307964452296, 11.611292897529211 ], [ 9.285515207272567, 11.610286350845286 ], [ 9.290036144344299, 11.606837769502135 ], [ 9.296988991068474, 11.600171487972716 ], [ 9.311695424060758, 11.58882103726063 ], [ 9.318972923005504, 11.580634052697974 ], [ 9.327360636704555, 11.577111348304413 ], [ 9.32716278057012, 11.576993340224249 ], [ 9.318489990677392, 11.571820577709616 ], [ 9.307876115465717, 11.56904682982497 ], [ 9.297678802537177, 11.567531951795672 ], [ 9.274791096986007, 11.564631940825279 ], [ 9.2602450981027, 11.562899496648129 ], [ 9.256080949273382, 11.564687825863246 ], [ 9.252202015637806, 11.564631940825279 ], [ 9.24005182838232, 11.561837670926707 ], [ 9.235317248165416, 11.562564184420353 ], [ 9.230525624909717, 11.561558242736851 ], [ 9.224193836607583, 11.561725899850728 ], [ 9.221296099638721, 11.560546065049095 ], [ 9.215922581987627, 11.559546350369828 ], [ 9.211694476114815, 11.559180857121532 ], [ 9.209546396655298, 11.558626357744743 ], [ 9.195408759049485, 11.549706302684001 ], [ 9.191736292554197, 11.549821994762624 ], [ 9.174956230152929, 11.556811890511938 ], [ 9.172863357730932, 11.563262328894666 ], [ 9.171286542659573, 11.569084112850305 ], [ 9.168861996012197, 11.573573415900569 ], [ 9.175666861635762, 11.583301416510324 ], [ 9.175438689480757, 11.585909202282153 ], [ 9.176346884097825, 11.587173152140963 ], [ 9.174487969834786, 11.593808781649557 ], [ 9.178480989547836, 11.595415306741131 ], [ 9.182117490018641, 11.59751076016488 ], [ 9.174154966608512, 11.608977350955911 ], [ 9.163799525572472, 11.613949510334237 ], [ 9.162849382926879, 11.61767308986424 ], [ 9.161634879101712, 11.624818805719428 ], [ 9.161503615012521, 11.625591105244155 ], [ 9.159370060562878, 11.629824724120681 ], [ 9.164074251759132, 11.635620422058594 ], [ 9.161188309798263, 11.640963992689308 ], [ 9.160329294214591, 11.64442087803809 ], [ 9.160228599146194, 11.652548014560125 ], [ 9.150583625592901, 11.652015638198407 ], [ 9.14608095853356, 11.652235926348055 ], [ 9.140947229045423, 11.652645491626345 ], [ 9.137619039784056, 11.652935922823701 ], [ 9.135452771312202, 11.652415494470063 ], [ 9.133570348033174, 11.652862433773748 ], [ 9.132942872606804, 11.650851199407214 ], [ 9.132216128113043, 11.649037281174742 ], [ 9.131438360584582, 11.64719183192085 ], [ 9.130047933639844, 11.646702980588657 ], [ 9.129940977567173, 11.645341178663386 ], [ 9.129370547179576, 11.643315922287343 ], [ 9.129014027937387, 11.640452603341828 ], [ 9.126874910483934, 11.639125689440277 ], [ 9.12722605772251, 11.636976983980333 ], [ 9.11963657156582, 11.6303222924588 ], [ 9.116947237738543, 11.630390861505361 ], [ 9.11243096766998, 11.631306787127698 ], [ 9.111526773055573, 11.631144983017748 ], [ 9.11083197058349, 11.630849929817259 ], [ 9.110289453214875, 11.630193199371035 ], [ 9.109842114910975, 11.629374663814929 ], [ 9.109185384464752, 11.628499023219945 ], [ 9.108403521933496, 11.627857179783859 ], [ 9.106534878663808, 11.627370489453142 ], [ 9.099085155602097, 11.628112801957514 ], [ 9.08114634941353, 11.616354254968144 ], [ 9.077428393887374, 11.613206420829329 ], [ 9.069298666363579, 11.595838781028874 ], [ 9.066655988568016, 11.587358701267021 ], [ 9.062047018436431, 11.566144768853178 ], [ 9.063009621090487, 11.551823920122843 ], [ 9.057356153249202, 11.551611349978373 ], [ 9.049556948949999, 11.555701099757187 ], [ 9.031171789458142, 11.556085920018631 ], [ 9.029389198246975, 11.557726858133606 ], [ 9.027440937923245, 11.560672985135341 ], [ 9.025254285437484, 11.565702670552753 ], [ 9.024813863138263, 11.57009729153873 ], [ 9.020847391443226, 11.576522232904153 ], [ 8.996854586141239, 11.563645236154855 ], [ 8.984308305616651, 11.565945350717641 ], [ 8.983914078348789, 11.566017624766801 ], [ 8.983990452400633, 11.571030719172938 ], [ 8.983996109404529, 11.571402035425251 ], [ 8.968555157913102, 11.571086887211095 ], [ 8.96824619470317, 11.571080581206843 ], [ 8.967354825097516, 11.575155736975717 ], [ 8.96726182503437, 11.575580910264591 ], [ 8.970042811923918, 11.584050755019462 ], [ 8.970052184930239, 11.584145900084081 ], [ 8.963242316303251, 11.590849341638773 ], [ 8.958402499014824, 11.595590422860084 ], [ 8.952906435280511, 11.598483245825662 ], [ 8.951557130363767, 11.600598040262526 ], [ 8.951296990186961, 11.601690738005004 ], [ 8.945743834413861, 11.608024357308352 ], [ 8.931191072525962, 11.613797016230649 ], [ 8.938418182436465, 11.618399215357613 ], [ 8.942506273214121, 11.620657460891948 ], [ 8.945691181378095, 11.622799286347231 ], [ 8.95072986080163, 11.62646134683547 ], [ 8.949123847710439, 11.627939371839716 ], [ 8.947906364883238, 11.629867276149639 ], [ 8.947381717526753, 11.630654030684184 ], [ 8.946586855986652, 11.631250517089484 ], [ 8.945700390384388, 11.631899805530622 ], [ 8.944906296844806, 11.632324974819483 ], [ 8.944328606452302, 11.632554277975316 ], [ 8.943199999685476, 11.632700000074294 ], [ 8.94136799044071, 11.632671999055276 ], [ 8.94001459652111, 11.63269337106982 ], [ 8.938552866527971, 11.631785458452953 ], [ 8.935154047218589, 11.631773818445026 ], [ 8.93516687422732, 11.634952151604523 ], [ 8.940040255538577, 11.63437079520952 ], [ 8.939939483470084, 11.633650819720344 ], [ 8.94139408345842, 11.633553044653922 ], [ 8.942582481265902, 11.634067526003491 ], [ 8.949387603889647, 11.644566108136758 ], [ 8.955316018917756, 11.651528948867679 ], [ 8.961052482815376, 11.656885172507032 ], [ 8.961298715982707, 11.660932706257086 ], [ 8.960507501445079, 11.665283500213263 ], [ 8.956002571384204, 11.668690105527901 ], [ 8.958370693993231, 11.679309109743031 ], [ 8.954453498331702, 11.693784529578409 ], [ 8.945317686124326, 11.70899961191634 ], [ 8.934785214968031, 11.706871436470294 ], [ 8.929959397689117, 11.70764811599804 ], [ 8.926654550443629, 11.706844490451999 ], [ 8.919637251675681, 11.707208549699374 ], [ 8.91817595068278, 11.707463930872905 ], [ 8.917996898561114, 11.708691837707192 ], [ 8.917962672537897, 11.709272742101916 ], [ 8.917939618522212, 11.709687589383748 ], [ 8.917368133133948, 11.711741363779197 ], [ 8.917714295369137, 11.717968576010321 ], [ 8.924075955691592, 11.722916317372039 ], [ 8.926697062472499, 11.727101218215523 ], [ 8.930262257894867, 11.730301080389665 ], [ 8.937626945898842, 11.727035191170671 ], [ 8.952100065732623, 11.727672948603981 ], [ 8.958080645796144, 11.724775640635414 ], [ 8.960729414595903, 11.720723788882367 ], [ 8.965454487806369, 11.723051019463583 ], [ 8.970654921339815, 11.723739874931653 ], [ 8.973268949115891, 11.728467018143476 ], [ 8.97667296142879, 11.734622628325951 ], [ 8.98068510815483, 11.735385473844246 ], [ 8.984834306973994, 11.735294999782809 ], [ 8.995256968055742, 11.739466831617335 ], [ 8.998301155124125, 11.740660630428465 ], [ 9.002338761867463, 11.741179176780804 ], [ 9.002173447755126, 11.737861139526387 ] ] ] ] } },
{ "type": "Feature", "properties": { "fid": 611.0, "OBJECTID": 611.0, "lganame": "Takai", "statecode": "KN", "LGA_UID": "19_37" }, "geometry": { "type": "MultiPolygon", "coordinates": [ [ [ [ 9.140947229045423, 11.652645491626345 ], [ 9.14608095853356, 11.652235926348055 ], [ 9.150583625592901, 11.652015638198407 ], [ 9.160228599146194, 11.652548014560125 ], [ 9.160329294214591, 11.64442087803809 ], [ 9.161188309798263, 11.640963992689308 ], [ 9.164074251759132, 11.635620422058594 ], [ 9.159370060562878, 11.629824724120681 ], [ 9.161503615012521, 11.625591105244155 ], [ 9.161634879101712, 11.624818805719428 ], [ 9.162849382926879, 11.61767308986424 ], [ 9.163799525572472, 11.613949510334237 ], [ 9.174154966608512, 11.608977350955911 ], [ 9.182117490018641, 11.59751076016488 ], [ 9.178480989547836, 11.595415306741131 ], [ 9.174487969834786, 11.593808781649557 ], [ 9.176346884097825, 11.587173152140963 ], [ 9.175438689480757, 11.585909202282153 ], [ 9.175666861635762, 11.583301416510324 ], [ 9.168861996012197, 11.573573415900569 ], [ 9.171286542659573, 11.569084112850305 ], [ 9.172863357730932, 11.563262328894666 ], [ 9.174956230152929, 11.556811890511938 ], [ 9.191736292554197, 11.549821994762624 ], [ 9.195408759049485, 11.549706302684001 ], [ 9.209546396655298, 11.558626357744743 ], [ 9.211694476114815, 11.559180857121532 ], [ 9.215922581987627, 11.559546350369828 ], [ 9.221296099638721, 11.560546065049095 ], [ 9.224193836607583, 11.561725899850728 ], [ 9.230525624909717, 11.561558242736851 ], [ 9.235317248165416, 11.562564184420353 ], [ 9.24005182838232, 11.561837670926707 ], [ 9.252202015637806, 11.564631940825279 ], [ 9.256080949273382, 11.564687825863246 ], [ 9.2602450981027, 11.562899496648129 ], [ 9.274791096986007, 11.564631940825279 ], [ 9.297678802537177, 11.567531951795672 ], [ 9.307876115465717, 11.56904682982497 ], [ 9.318489990677392, 11.571820577709616 ], [ 9.32716278057012, 11.576993340224249 ], [ 9.327360636704555, 11.577111348304413 ], [ 9.35368526759089, 11.572481701158836 ], [ 9.354788469340463, 11.569400005064949 ], [ 9.360311527093131, 11.560817456233508 ], [ 9.352839623016337, 11.548121380607142 ], [ 9.343201733467822, 11.531744047479492 ], [ 9.330505706841507, 11.516636082214347 ], [ 9.303298051355171, 11.50134011382147 ], [ 9.298590074156323, 11.498693320023051 ], [ 9.293193497489597, 11.503975987612421 ], [ 9.290793644859036, 11.506325184208549 ], [ 9.290168324434148, 11.506350159225519 ], [ 9.290101358388654, 11.506303010193506 ], [ 9.290078997373428, 11.506287349182855 ], [ 9.290034215342985, 11.506256106161629 ], [ 9.289989355312514, 11.50622497414048 ], [ 9.28994441528198, 11.506193950119382 ], [ 9.289876859236074, 11.50614761708789 ], [ 9.28985430222076, 11.50613222807749 ], [ 9.289809129190076, 11.506101532056618 ], [ 9.289763878159306, 11.506070945035844 ], [ 9.289718550128555, 11.506040468015101 ], [ 9.289695857113088, 11.506025270004784 ], [ 9.289559299020311, 11.505934665943244 ], [ 9.28953647300483, 11.505919662933024 ], [ 9.284237399404333, 11.502553683645999 ], [ 9.276225833960893, 11.492134974566966 ], [ 9.271000893410758, 11.487593758481466 ], [ 9.266087781072542, 11.4820870177399 ], [ 9.260469134254947, 11.476081169659153 ], [ 9.252517093851907, 11.472166274999211 ], [ 9.250114056219161, 11.464005949454645 ], [ 9.247731793600508, 11.457251117865042 ], [ 9.241668011480442, 11.454846017230921 ], [ 9.237438821606929, 11.453549448349918 ], [ 9.234889130874535, 11.452436463593699 ], [ 9.231518692584473, 11.449527157616956 ], [ 9.231510520578922, 11.449500108598613 ], [ 9.231494073567717, 11.449446040561838 ], [ 9.231485799562108, 11.44941902154352 ], [ 9.231469148550786, 11.449365014506782 ], [ 9.23146077154513, 11.449338026488476 ], [ 9.231452360539379, 11.449311048470122 ], [ 9.231435436527875, 11.449257121433504 ], [ 9.231426923522122, 11.449230174415163 ], [ 9.231409794510455, 11.449176309378572 ], [ 9.231401179504644, 11.449149393360301 ], [ 9.231392531498727, 11.449122487342038 ], [ 9.231375130486924, 11.449068707305457 ], [ 9.23136637948096, 11.449041833287197 ], [ 9.231357593475025, 11.449014969268944 ], [ 9.231339920462972, 11.448961273232499 ], [ 9.231322112450925, 11.448907620196053 ], [ 9.231304169438715, 11.448854013159632 ], [ 9.231286090426408, 11.448800448123222 ], [ 9.231258718407844, 11.448720183068701 ], [ 9.231240299395324, 11.448666726032343 ], [ 9.231221748382723, 11.448613318996081 ], [ 9.23121242137637, 11.448586631977946 ], [ 9.231212409376383, 11.448586598977897 ], [ 9.231193667363641, 11.448533289941679 ], [ 9.231184239357219, 11.448506636923582 ], [ 9.231184229357211, 11.448506608923537 ], [ 9.231165281344317, 11.448453358887377 ], [ 9.231146190331344, 11.448400133851237 ], [ 9.231126964318321, 11.448346955815111 ], [ 9.231117301311713, 11.448320384797057 ], [ 9.231097873298552, 11.448267274760951 ], [ 9.231088109291875, 11.448240737742935 ], [ 9.231068480278566, 11.448187699706864 ], [ 9.231058616271866, 11.448161198688865 ], [ 9.231038785258363, 11.44810822965286 ], [ 9.231018822244835, 11.448055310616951 ], [ 9.230998724231142, 11.448002439580989 ], [ 9.230988625224313, 11.447976022563068 ], [ 9.230968327210519, 11.447923226527166 ], [ 9.230937631189647, 11.447844127473445 ], [ 9.230917000175623, 11.447791456437642 ], [ 9.230896237161517, 11.447738836401925 ], [ 9.230885805154458, 11.447712544384046 ], [ 9.230864842140193, 11.447659999348332 ], [ 9.230854310133054, 11.447633745330506 ], [ 9.230822516111459, 11.447555060277011 ], [ 9.230811852104182, 11.447528858259204 ], [ 9.230790425089651, 11.447476492223643 ], [ 9.230779661082352, 11.447450329205878 ], [ 9.230758035067652, 11.447398042170335 ], [ 9.23073627705287, 11.447345807134866 ], [ 9.230725349045429, 11.447319710117142 ], [ 9.230703393030524, 11.44726755508168 ], [ 9.230692365023003, 11.447241497063999 ], [ 9.230670211007975, 11.44718942302859 ], [ 9.230625508977596, 11.447085434957955 ], [ 9.230614251969939, 11.447059472940282 ], [ 9.230534530915747, 11.446878117817107 ], [ 9.230523011907962, 11.44685226679951 ], [ 9.230511458900082, 11.446826428781947 ], [ 9.230488256884314, 11.446774794746887 ], [ 9.230476606876437, 11.446748998729333 ], [ 9.230464923868453, 11.44672321671186 ], [ 9.230441460852546, 11.446671695676798 ], [ 9.230429680844509, 11.446645957659314 ], [ 9.230417867836479, 11.446620232641862 ], [ 9.230406021828458, 11.446594521624377 ], [ 9.230382233812293, 11.446543143589508 ], [ 9.23037029080416, 11.446517477572058 ], [ 9.230346307787897, 11.446466187537169 ], [ 9.230322194771475, 11.446414955502405 ], [ 9.230297953755041, 11.446363783467632 ], [ 9.230273581738459, 11.446312668432881 ], [ 9.230249081721809, 11.446261613398178 ], [ 9.230224451705112, 11.446210618363523 ], [ 9.230199693688292, 11.446159683328915 ], [ 9.23018726667982, 11.446134238311629 ], [ 9.230174806671357, 11.446108808294355 ], [ 9.230149791654355, 11.446057993259842 ], [ 9.230124647637297, 11.446007239225366 ], [ 9.230112027628707, 11.445981886208131 ], [ 9.230099375620114, 11.445956547190917 ], [ 9.230073974602874, 11.445905916156505 ], [ 9.230048446585499, 11.44585534612213 ], [ 9.230022791568047, 11.445804840087817 ], [ 9.22998406754175, 11.445729196036439 ], [ 9.22997109653295, 11.445704014019327 ], [ 9.22995809352409, 11.445678847002227 ], [ 9.229989994545804, 11.441291729021373 ], [ 9.229419564158206, 11.436958702077277 ], [ 9.229704779352005, 11.433044943418111 ], [ 9.228597576599725, 11.430623782773011 ], [ 9.22876311071218, 11.429569153056434 ], [ 9.228630683622214, 11.42898504865957 ], [ 9.228001655194817, 11.427265178490984 ], [ 9.227637480947351, 11.426161859741342 ], [ 9.227885782116061, 11.425675100410615 ], [ 9.231273466417861, 11.423539874959829 ], [ 9.232200417047636, 11.421163558345256 ], [ 9.233840407161949, 11.419695823347979 ], [ 9.233840407161949, 11.415921611783574 ], [ 9.233412582871267, 11.413405443073998 ], [ 9.232057808950742, 11.412496822456603 ], [ 9.232271720096094, 11.409491359414517 ], [ 9.232485632241435, 11.405689054831043 ], [ 9.231202162369414, 11.402054451361494 ], [ 9.229776083400452, 11.399118776366834 ], [ 9.229063043915971, 11.396602457657139 ], [ 9.226710015317167, 11.393946321852411 ], [ 9.224856113057569, 11.392408546807587 ], [ 9.224428288766887, 11.387305871340516 ], [ 9.224570896863781, 11.384719547583245 ], [ 9.222237734278508, 11.373755063133387 ], [ 9.222144503215134, 11.373720265109739 ], [ 9.216158125147672, 11.366522911219477 ], [ 9.208422660891813, 11.357957840399934 ], [ 9.199597148895293, 11.337433893454886 ], [ 9.194971658752479, 11.326648778126867 ], [ 9.194637722525556, 11.326604729096971 ], [ 9.188701711492342, 11.322892862574918 ], [ 9.186765770176976, 11.320563994992597 ], [ 9.179179033022137, 11.319221592080453 ], [ 9.178145971320191, 11.318315145464567 ], [ 9.182395291207399, 11.311052709530088 ], [ 9.181376161514947, 11.310472176135647 ], [ 9.181842535831834, 11.309696280608478 ], [ 9.180609022993735, 11.308950082101489 ], [ 9.180426280869597, 11.308523681811721 ], [ 9.178796851762456, 11.308432331749657 ], [ 9.178740202723986, 11.308501033796347 ], [ 9.174776020030492, 11.306259582273412 ], [ 9.169493617441333, 11.30816315056677 ], [ 9.161436761967082, 11.314592453935177 ], [ 9.142956643410741, 11.315641819648192 ], [ 9.14153056444178, 11.31636896514226 ], [ 9.141131262170461, 11.31754357994032 ], [ 9.141416478364249, 11.318885989852447 ], [ 9.141302392286718, 11.32028432780254 ], [ 9.140332657627823, 11.321570792676653 ], [ 9.140389701666606, 11.323136915740747 ], [ 9.14153056444178, 11.324143705424831 ], [ 9.142226157914365, 11.326206316826244 ], [ 9.130239277769874, 11.328809710595124 ], [ 9.129703429405765, 11.330483646732489 ], [ 9.12606210693167, 11.337219613309287 ], [ 9.120253620985068, 11.342614771975036 ], [ 9.117187552901839, 11.348801851178848 ], [ 9.11576557193564, 11.355759620906326 ], [ 9.113192558187393, 11.362669944601578 ], [ 9.102104062653325, 11.365677313644937 ], [ 9.096126323591704, 11.368057698262305 ], [ 9.094444148448758, 11.37036002882661 ], [ 9.084992288026683, 11.376716398145504 ], [ 9.080767825156329, 11.38039514964504 ], [ 9.080862603220737, 11.383164717526824 ], [ 9.070900732452117, 11.392162915640654 ], [ 9.064423061050832, 11.394382478148771 ], [ 9.06049753738364, 11.397044370957417 ], [ 9.061733786223613, 11.402772120849136 ], [ 9.063100445152202, 11.406849386619456 ], [ 9.056557900706821, 11.411292810638543 ], [ 9.050337386480294, 11.416922698463793 ], [ 9.047386171475068, 11.421870029825243 ], [ 9.050596786656513, 11.428164828102297 ], [ 9.061357080967639, 11.443932513815696 ], [ 9.059417255649635, 11.445672288997798 ], [ 9.051791180468058, 11.450082724994445 ], [ 9.045297277055738, 11.450927472568424 ], [ 9.031306502549683, 11.45364953041792 ], [ 9.027784860156885, 11.455016664346829 ], [ 9.028289928500044, 11.455424318623841 ], [ 9.02935948822676, 11.455948444979924 ], [ 9.02974571748922, 11.456676396474563 ], [ 9.029775426509389, 11.457142282791096 ], [ 9.029209603124968, 11.457893134301287 ], [ 9.029181228105642, 11.458336116602254 ], [ 9.030250785832379, 11.459267886235352 ], [ 9.03096382531686, 11.460519945086048 ], [ 9.031231215498565, 11.46197582207526 ], [ 9.030733167160122, 11.462956352741458 ], [ 9.029953686630506, 11.463781098301865 ], [ 9.02959716738826, 11.464567262835999 ], [ 9.029626877408475, 11.465324309350422 ], [ 9.030042816691093, 11.465994001805427 ], [ 9.030518176014084, 11.466139586904319 ], [ 9.03105295537739, 11.46683839537917 ], [ 9.031231215498565, 11.46721691463631 ], [ 9.031178300462557, 11.467895398097312 ], [ 9.030844986236104, 11.46855628954637 ], [ 9.030696436135202, 11.469458909159641 ], [ 9.030518176014084, 11.47132237042581 ], [ 9.030874695256273, 11.471788233742359 ], [ 9.031350054579264, 11.472370562137996 ], [ 9.032181935144479, 11.472923772513866 ], [ 9.033132652790471, 11.474204888384349 ], [ 9.033934822335482, 11.476184781729557 ], [ 9.034469600698856, 11.476621521026345 ], [ 9.035806550607276, 11.477494998619818 ], [ 9.037024659434906, 11.478339357193533 ], [ 9.037292048616564, 11.478688746430919 ], [ 9.037618857838652, 11.479707795123318 ], [ 9.037618857838652, 11.480348337558496 ], [ 9.03681668929363, 11.480959763973942 ], [ 9.03619277986968, 11.48128003419157 ], [ 9.036222489889894, 11.48221172782462 ], [ 9.036569026125335, 11.482561498062239 ], [ 9.036965239394533, 11.483201649497232 ], [ 9.03700589442218, 11.484238040201376 ], [ 9.037170052533725, 11.485084854776744 ], [ 9.037292048616564, 11.485443515020449 ], [ 9.037669338872945, 11.485853671299139 ], [ 9.03797175107843, 11.486182425522486 ], [ 9.039639136211349, 11.485822009277626 ], [ 9.040916664079361, 11.485792895257816 ], [ 9.041897092745501, 11.485152363822635 ], [ 9.042550712189609, 11.485035903743494 ], [ 9.0430260715126, 11.485181478842435 ], [ 9.043352880734631, 11.485618205139133 ], [ 9.043204330633728, 11.486287848594145 ], [ 9.042699262290512, 11.487073952128242 ], [ 9.041897092745501, 11.487685362543687 ], [ 9.041094924200479, 11.488267658939321 ], [ 9.041094924200479, 11.488558807137167 ], [ 9.041481154462872, 11.489898080047112 ], [ 9.042138287909381, 11.490508938462199 ], [ 9.041969915794994, 11.490472934437719 ], [ 9.042610132229981, 11.491266460976874 ], [ 9.042580422209767, 11.492023436491195 ], [ 9.041421734422499, 11.492809522025311 ], [ 9.039906526392997, 11.49557536390455 ], [ 9.039668846231507, 11.497525994229932 ], [ 9.039876816372839, 11.498981680219003 ], [ 9.040916664079361, 11.50011710899048 ], [ 9.041154344240852, 11.501456327900428 ], [ 9.040278644645866, 11.50233653649849 ], [ 9.039876816372839, 11.503756276463093 ], [ 9.040976084119734, 11.503668937403745 ], [ 9.041689122604168, 11.50372716244334 ], [ 9.041867382725286, 11.504746121135668 ], [ 9.040381884715998, 11.50681313854011 ], [ 9.039609426191134, 11.507337169896175 ], [ 9.039118848857811, 11.508901615959132 ], [ 9.039223195928685, 11.510918017329175 ], [ 9.038896385706664, 11.512693867535802 ], [ 9.037945668060672, 11.514033027445691 ], [ 9.033143549797899, 11.527956099905737 ], [ 9.031622860764628, 11.550643777320943 ], [ 9.031615190759453, 11.550736313383823 ], [ 9.031171789458142, 11.556085920018631 ], [ 9.049556948949999, 11.555701099757187 ], [ 9.057356153249202, 11.551611349978373 ], [ 9.063009621090487, 11.551823920122843 ], [ 9.062047018436431, 11.566144768853178 ], [ 9.066655988568016, 11.587358701267021 ], [ 9.069298666363579, 11.595838781028874 ], [ 9.077428393887374, 11.613206420829329 ], [ 9.08114634941353, 11.616354254968144 ], [ 9.099085155602097, 11.628112801957514 ], [ 9.106534878663808, 11.627370489453142 ], [ 9.108403521933496, 11.627857179783859 ], [ 9.109185384464752, 11.628499023219945 ], [ 9.109842114910975, 11.629374663814929 ], [ 9.110289453214875, 11.630193199371035 ], [ 9.11083197058349, 11.630849929817259 ], [ 9.111526773055573, 11.631144983017748 ], [ 9.11243096766998, 11.631306787127698 ], [ 9.116947237738543, 11.630390861505361 ], [ 9.11963657156582, 11.6303222924588 ], [ 9.12722605772251, 11.636976983980333 ], [ 9.126874910483934, 11.639125689440277 ], [ 9.129014027937387, 11.640452603341828 ], [ 9.129370547179576, 11.643315922287343 ], [ 9.129940977567173, 11.645341178663386 ], [ 9.130047933639844, 11.646702980588657 ], [ 9.131438360584582, 11.64719183192085 ], [ 9.132216128113043, 11.649037281174742 ], [ 9.132942872606804, 11.650851199407214 ], [ 9.133570348033174, 11.652862433773748 ], [ 9.135452771312202, 11.652415494470063 ], [ 9.137619039784056, 11.652935922823701 ], [ 9.140947229045423, 11.652645491626345 ] ] ] ] } },
{ "type": "Feature", "properties": { "fid": 742.0, "OBJECTID": 742.0, "lganame": "Gabasawa", "statecode": "KN", "LGA_UID": "19_13" }, "geometry": { "type": "MultiPolygon", "coordinates": [ [ [ [ 8.913424378454351, 12.278488458857225 ], [ 8.917462514198064, 12.266273678557866 ], [ 8.920517223273578, 12.266661984821667 ], [ 8.935213517259001, 12.231043435620563 ], [ 8.934399999706272, 12.214600001447991 ], [ 8.940449693816731, 12.206935980240701 ], [ 8.943769529072426, 12.201813439760144 ], [ 8.944537783594399, 12.196110304885167 ], [ 8.95223769582617, 12.185331892561692 ], [ 8.952199636800287, 12.182515532648154 ], [ 8.950626552731478, 12.168555698163061 ], [ 8.946637353021003, 12.162763243227403 ], [ 8.943177197669968, 12.154628146699963 ], [ 8.942013083879033, 12.153446059896794 ], [ 8.9312246625488, 12.155207961093936 ], [ 8.930540146083672, 12.147902741130338 ], [ 8.935788113649437, 12.142047267151838 ], [ 8.939477084155897, 12.132868041915003 ], [ 8.939709826314072, 12.132337766554713 ], [ 8.939178064952728, 12.131542294014196 ], [ 8.938785893686259, 12.130880032564221 ], [ 8.938571981540917, 12.130148059066869 ], [ 8.938678937613588, 12.12899781128533 ], [ 8.938928500783163, 12.127742988432772 ], [ 8.939035456855834, 12.12659272865119 ], [ 8.938785893686259, 12.125616746988101 ], [ 8.938714589637812, 12.124710476372286 ], [ 8.93889284875894, 12.123769343732874 ], [ 8.939043072861011, 12.122651138973083 ], [ 8.938607633565141, 12.12164307228818 ], [ 8.938030275172878, 12.120959336823603 ], [ 8.937288510668907, 12.120039642198719 ], [ 8.936575472184416, 12.119133350582899 ], [ 8.938286766347176, 12.116031026475014 ], [ 8.938439573450978, 12.113779120944969 ], [ 8.936452650100932, 12.113258677591375 ], [ 8.934045681465534, 12.112836361304403 ], [ 8.927833958244946, 12.11036266062365 ], [ 8.926899998610395, 12.100900002194237 ], [ 8.925223566471345, 12.096321133083109 ], [ 8.922658448728441, 12.09127283665299 ], [ 8.914999998524877, 12.076200001411735 ], [ 8.923908402577752, 12.074830790481428 ], [ 8.945701918385396, 12.07230758676701 ], [ 8.930454378025388, 12.04897515891372 ], [ 8.923291641158642, 12.041231838652493 ], [ 8.919865217830591, 12.040184875941122 ], [ 8.91375861168143, 12.038896363065646 ], [ 8.909110052522919, 12.037234343936404 ], [ 8.902637920125414, 12.033141672155637 ], [ 8.899687388120697, 12.029905603956877 ], [ 8.897878997891951, 12.025527395982067 ], [ 8.896927213245306, 12.020387761489928 ], [ 8.896641678051253, 12.015057767868427 ], [ 8.895594715339882, 12.00877599060027 ], [ 8.8922634700765, 12.005444745336831 ], [ 8.888361153425024, 12.000019573650718 ], [ 8.88293598173891, 11.995831722805235 ], [ 8.878177060505436, 11.990596909248438 ], [ 8.871324212849231, 11.983458525398248 ], [ 8.869152306373508, 11.980286600243062 ], [ 8.86603906825826, 11.975225594804385 ], [ 8.865137613645743, 11.968610689309855 ], [ 8.863586592591901, 11.961443258439886 ], [ 8.861083233890952, 11.960580539853709 ], [ 8.847617577741687, 11.961090337200119 ], [ 8.838966421863631, 11.973114544369992 ], [ 8.838300420411144, 11.974040194998963 ], [ 8.837962627181639, 11.975904076265351 ], [ 8.83725268669923, 11.979821361926952 ], [ 8.834799967032723, 11.981969215386357 ], [ 8.834896832098536, 11.98202218942231 ], [ 8.833220817959784, 11.983587901486146 ], [ 8.822774393861948, 11.992430846494528 ], [ 8.822573821725655, 11.997099157666412 ], [ 8.826411051332855, 12.004066017400078 ], [ 8.83109546351568, 12.004379872613299 ], [ 8.83334578804471, 12.004940991994602 ], [ 8.840807339114463, 12.018089290928231 ], [ 8.840965949222209, 12.0214257601952 ], [ 8.840965949222209, 12.023936395901046 ], [ 8.840787689101091, 12.029992046015593 ], [ 8.836568528234409, 12.039076766188202 ], [ 8.832193552261799, 12.041598203901401 ], [ 8.832141265226255, 12.044872989126475 ], [ 8.831836443019142, 12.053577214040615 ], [ 8.827939670371507, 12.061238360245966 ], [ 8.824343057927763, 12.066548204853802 ], [ 8.820399123248023, 12.071312025090549 ], [ 8.819422193584273, 12.070880795797564 ], [ 8.818163384728962, 12.070325139420049 ], [ 8.80224485991306, 12.06257659915525 ], [ 8.797639688784045, 12.07416436002859 ], [ 8.796079966724335, 12.077444513257319 ], [ 8.795616492409408, 12.079152786417978 ], [ 8.794618236731139, 12.081628020099799 ], [ 8.794297369513117, 12.082952782999939 ], [ 8.794475628634245, 12.087345372984487 ], [ 8.79422606646466, 12.090482893116302 ], [ 8.793513025980189, 12.09124983663736 ], [ 8.792407816229286, 12.094038703532306 ], [ 8.792599998359833, 12.095899998796938 ], [ 8.792602713361703, 12.097792010082458 ], [ 8.792745096458418, 12.099959100554941 ], [ 8.792657677399006, 12.100253917755253 ], [ 8.791946002915495, 12.100240490746103 ], [ 8.787857956137827, 12.10008347763943 ], [ 8.783955925486623, 12.099899999514776 ], [ 8.778599999847472, 12.099899999514776 ], [ 8.775399551672933, 12.100039148609312 ], [ 8.776562765463268, 12.103331869846556 ], [ 8.776560964462078, 12.103334453848333 ], [ 8.777280840951164, 12.107041968367412 ], [ 8.773940077681289, 12.112295824937121 ], [ 8.770370886256217, 12.115151181877195 ], [ 8.767427306256195, 12.116442962754945 ], [ 8.767358585209479, 12.116541590821953 ], [ 8.767028374985102, 12.116608180867161 ], [ 8.762959591220579, 12.119231736649738 ], [ 8.766145022384933, 12.124630987318312 ], [ 8.776171145197225, 12.136899272654034 ], [ 8.78121882262684, 12.150673338012837 ], [ 8.77852993879992, 12.158343566224403 ], [ 8.772575049753812, 12.161063000072147 ], [ 8.76362165467043, 12.160655426795188 ], [ 8.758932468484318, 12.162307186917531 ], [ 8.751006846099244, 12.160251004520433 ], [ 8.751905132709567, 12.151224039387046 ], [ 8.74905440077265, 12.145476969482161 ], [ 8.745205755157656, 12.156921726258361 ], [ 8.744930098970372, 12.156944784274003 ], [ 8.742988394651093, 12.15710719938437 ], [ 8.729658665594172, 12.153141667689965 ], [ 8.719563184734739, 12.155586211350908 ], [ 8.719173390469905, 12.155948677597223 ], [ 8.730865036413832, 12.186644998453914 ], [ 8.733064058907985, 12.200485437857822 ], [ 8.732637226617953, 12.200587584927234 ], [ 8.722063578433676, 12.203118005646559 ], [ 8.721482854039095, 12.203221938717149 ], [ 8.72111053178611, 12.203581213961286 ], [ 8.721093058774215, 12.203584340963403 ], [ 8.713459866587812, 12.210949939967975 ], [ 8.717770284516575, 12.225183893639269 ], [ 8.717690742462537, 12.228699000027632 ], [ 8.717638618427088, 12.243870146335723 ], [ 8.717258330168704, 12.250986907171239 ], [ 8.717220302142891, 12.253421055825129 ], [ 8.729793492685758, 12.252628786286778 ], [ 8.728669088921777, 12.260191781425476 ], [ 8.729320183364166, 12.261673615432301 ], [ 8.73255098155937, 12.268831753295956 ], [ 8.724161142858861, 12.29170650483826 ], [ 8.723540750437337, 12.294803305942423 ], [ 8.728057302506102, 12.294814791950216 ], [ 8.731648467946115, 12.294806122944294 ], [ 8.732797037726527, 12.294545592767292 ], [ 8.733289299061028, 12.294382764656632 ], [ 8.734272263728883, 12.294379288654284 ], [ 8.758340382082054, 12.293422604004263 ], [ 8.761107337962073, 12.287673562098064 ], [ 8.770331926229744, 12.279248977373982 ], [ 8.774605382133359, 12.275354880728116 ], [ 8.787930364187048, 12.277258450021463 ], [ 8.816008003264471, 12.302004844835494 ], [ 8.825145134472734, 12.302385559094205 ], [ 8.839623244309905, 12.308195393041672 ], [ 8.872249074477622, 12.303996964189082 ], [ 8.872249176477737, 12.303996951189049 ], [ 8.905423822018349, 12.302300787036586 ], [ 8.909896061056997, 12.300987923144532 ], [ 8.91153569517104, 12.284870931193836 ], [ 8.913424378454351, 12.278488458857225 ] ] ] ] } }
]
}
