{
"type": "FeatureCollection",
"name": "Kogi",
"crs": { "type": "name", "properties": { "name": "urn:ogc:def:crs:OGC:1.3:CRS84" } },
"features": [
{ "type": "Feature", "properties": { "fid": 8.0, "OBJECTID": 8.0, "lganame": "Ogori\/Magongo", "statecode": "KO", "LGA_UID": "22_15" }, "geometry": { "type": "MultiPolygon", "coordinates": [ [ [ [ 6.225323200015907, 7.46839570962527 ], [ 6.223393916705049, 7.464070796686656 ], [ 6.221047878111051, 7.460009097926957 ], [ 6.218708991521851, 7.456531047563772 ], [ 6.208865165833458, 7.449615954865294 ], [ 6.200786114344112, 7.446185111534191 ], [ 6.193274021239972, 7.442165851803281 ], [ 6.18980884588558, 7.440444945634056 ], [ 6.186916827920584, 7.438720226462181 ], [ 6.186306952506186, 7.435811043485501 ], [ 6.18627214448253, 7.432896136504951 ], [ 6.182785034113238, 7.429427147147976 ], [ 6.179922104167986, 7.430033206559756 ], [ 6.17595386547174, 7.434145927354166 ], [ 6.174274921331005, 7.437656878739688 ], [ 6.17317008958031, 7.441164017122617 ], [ 6.170909882044612, 7.444097042115459 ], [ 6.16689920431952, 7.444713115534057 ], [ 6.163475989993628, 7.446488856740586 ], [ 6.159472942273737, 7.447688102555389 ], [ 6.154314040768497, 7.448313235980152 ], [ 6.147432804093057, 7.448952198414304 ], [ 6.142848014977915, 7.449572085835484 ], [ 6.138235091843626, 7.44786119467301 ], [ 6.133061886328676, 7.447319984305295 ], [ 6.127882003809191, 7.446197032542273 ], [ 6.11869811956916, 7.446270942592491 ], [ 6.112411976298063, 7.448655128212465 ], [ 6.110196113792483, 7.455084800581119 ], [ 6.109663963430876, 7.458587169960822 ], [ 6.109148026080334, 7.463253975131693 ], [ 6.109794139519352, 7.469078064088876 ], [ 6.108738898802358, 7.476665020243843 ], [ 6.108796119841259, 7.481328011412131 ], [ 6.108257771475451, 7.484245777394619 ], [ 6.108881949899569, 7.488321781164075 ], [ 6.108335971528561, 7.490657805751312 ], [ 6.110102176728617, 7.494141102118022 ], [ 6.112432957312308, 7.497035980085002 ], [ 6.114750861887217, 7.498765945260402 ], [ 6.118216991242264, 7.500486851429685 ], [ 6.122255801986455, 7.502202987595695 ], [ 6.125720978340894, 7.503922938764333 ], [ 6.128605843300988, 7.505064963540292 ], [ 6.13149690626534, 7.50679111471311 ], [ 6.135550976019886, 7.50967216467069 ], [ 6.137860774589285, 7.510818958449875 ], [ 6.142488955733938, 7.513696194404815 ], [ 6.146535873483629, 7.515995025966731 ], [ 6.150588989237519, 7.518876075924311 ], [ 6.154077052607477, 7.522345066281332 ], [ 6.155834197801369, 7.525245190251781 ], [ 6.158284187466052, 7.528297901325971 ], [ 6.172447681089466, 7.519642353444965 ], [ 6.18475103444905, 7.50938940047854 ], [ 6.198079585505127, 7.496060848422417 ], [ 6.202180862291755, 7.480681895973134 ], [ 6.206281662078084, 7.470428944006756 ], [ 6.213459014954765, 7.469403744310171 ], [ 6.219610691134505, 7.469403744310171 ], [ 6.225323200015907, 7.46839570962527 ] ] ] ] } },
{ "type": "Feature", "properties": { "fid": 31.0, "OBJECTID": 31.0, "lganame": "Olamaboro", "statecode": "KO", "LGA_UID": "22_18" }, "geometry": { "type": "MultiPolygon", "coordinates": [ [ [ [ 7.644887923543422, 7.308187007770982 ], [ 7.657812119324831, 7.303184032371689 ], [ 7.669901847539222, 7.303184032371689 ], [ 7.688245773003018, 7.299432277822575 ], [ 7.701586246067279, 7.293595313856599 ], [ 7.709507465449349, 7.289009570740802 ], [ 7.723681927080236, 7.289009570740802 ], [ 7.73660564386131, 7.293178557573412 ], [ 7.745360850810073, 7.296930790122929 ], [ 7.757033824741313, 7.297764300689209 ], [ 7.762870311706934, 7.298598289255892 ], [ 7.768290043389356, 7.301933288521866 ], [ 7.77912950475428, 7.300683021672342 ], [ 7.789968967119194, 7.296514033839742 ], [ 7.797056197934637, 7.293595313856599 ], [ 7.801155284719755, 7.292601656181432 ], [ 7.795953921185685, 7.274641537978425 ], [ 7.794219445007172, 7.268652195908942 ], [ 7.797056197934637, 7.233145236783628 ], [ 7.793865203766472, 7.225825309810091 ], [ 7.789968967119194, 7.216886043736281 ], [ 7.78288173730374, 7.205213069805041 ], [ 7.777878760904457, 7.198125838989597 ], [ 7.772042273938837, 7.19395685215693 ], [ 7.739941120127583, 7.178948401959417 ], [ 7.729935646329352, 7.17227792742716 ], [ 7.723265170797106, 7.167275429028166 ], [ 7.708256720599536, 7.165190696611717 ], [ 7.703746795535267, 7.164890289407595 ], [ 7.695749760101648, 7.16435718504539 ], [ 7.676989555354965, 7.155185222813429 ], [ 7.656978129758159, 7.146430491865033 ], [ 7.646138668393235, 7.137675761916569 ], [ 7.637383938444827, 7.132672786517332 ], [ 7.629879951346197, 7.124751568135196 ], [ 7.621958732964117, 7.112661838920815 ], [ 7.618623733698143, 7.108075618804662 ], [ 7.611119269599214, 7.100154877422938 ], [ 7.60194778436761, 7.090566157907858 ], [ 7.599446296667963, 7.079309940259748 ], [ 7.600697040517787, 7.073056221010631 ], [ 7.602364539650807, 7.062216758645775 ], [ 7.603615283500631, 7.05304527341417 ], [ 7.606950282766604, 7.041371822482574 ], [ 7.609868525749391, 7.03220033625098 ], [ 7.611119269599214, 7.027197360851687 ], [ 7.610285759032877, 7.023445129302274 ], [ 7.60778427133323, 7.017608643336644 ], [ 7.601113795800984, 7.01635789948682 ], [ 7.593192577418847, 7.018025874620093 ], [ 7.58068561592097, 7.027197360851687 ], [ 7.543581962710789, 7.040121077632762 ], [ 7.530513762831561, 7.032278061303828 ], [ 7.525667190538513, 7.035912990773568 ], [ 7.515426635580582, 7.050092697408047 ], [ 7.502034664481357, 7.06899881425386 ], [ 7.491006373988114, 7.073725224465193 ], [ 7.478402138424144, 7.089480400170089 ], [ 7.469736575536331, 7.099720955128078 ], [ 7.455557345902207, 7.103660106804568 ], [ 7.445316314943909, 7.097357749522416 ], [ 7.429561138238967, 7.090268134705354 ], [ 7.416169643140108, 7.090268134705354 ], [ 7.397263527294285, 7.090268134705354 ], [ 7.387810229871207, 7.083178519888293 ], [ 7.38938569994167, 7.065060138577678 ], [ 7.38465928973028, 7.051668167478454 ], [ 7.370479584095847, 7.041427134520177 ], [ 7.366837024620907, 7.039865971459449 ], [ 7.3686575888579, 7.050318717561595 ], [ 7.3686575888579, 7.056902885035242 ], [ 7.365365504621082, 7.068754673087938 ], [ 7.360756397489411, 7.080935478364268 ], [ 7.353843211792196, 7.088178158285302 ], [ 7.347588061542126, 7.092787266416963 ], [ 7.33738231660783, 7.096079349653792 ], [ 7.327176570673487, 7.100359439561885 ], [ 7.313020229054928, 7.102005481680294 ], [ 7.292938232410165, 7.10562658314069 ], [ 7.288987636725892, 7.108589649153942 ], [ 7.284708022818108, 7.112540244838215 ], [ 7.283720016146788, 7.11616182329891 ], [ 7.285366058265197, 7.122087479325103 ], [ 7.288000107054927, 7.126696587456763 ], [ 7.290304660620734, 7.135256290272707 ], [ 7.291950702739143, 7.144145012312151 ], [ 7.293267249633686, 7.148754120443812 ], [ 7.29557180419954, 7.154679775470015 ], [ 7.297217846317949, 7.160605907496574 ], [ 7.29820585298927, 7.165215014628245 ], [ 7.301497936226042, 7.173115729996368 ], [ 7.307423592252292, 7.183321475930711 ], [ 7.312361716607484, 7.18924760795727 ], [ 7.317629337186588, 7.192868710417599 ], [ 7.32487201710768, 7.200111866339 ], [ 7.330139636686738, 7.207354546260035 ], [ 7.334090233371001, 7.217889309417956 ], [ 7.338369846278795, 7.231716155812649 ], [ 7.341003895068525, 7.240605353852402 ], [ 7.346271037647284, 7.246860027102173 ], [ 7.344954490752741, 7.253444671576119 ], [ 7.34660053287115, 7.257724285483903 ], [ 7.347917079765693, 7.265296458628882 ], [ 7.351538658226389, 7.273197650997361 ], [ 7.356476783581627, 7.278135777352588 ], [ 7.368328570634333, 7.281098843365839 ], [ 7.372279167318595, 7.286365985944599 ], [ 7.376229763002812, 7.292950153418246 ], [ 7.383143424700336, 7.295584202207976 ], [ 7.388740062502961, 7.295584202207976 ], [ 7.395982742424053, 7.296242713655374 ], [ 7.401579380226678, 7.300522326563168 ], [ 7.40892362621679, 7.298598289255892 ], [ 7.419345856298207, 7.295680046273105 ], [ 7.429351807096737, 7.294846057706422 ], [ 7.43227005007958, 7.293178557573412 ], [ 7.440190792461351, 7.294429302423282 ], [ 7.450196743259937, 7.292345047007132 ], [ 7.456449985508698, 7.289426804024288 ], [ 7.465621947740601, 7.290677070873812 ], [ 7.473959923405857, 7.292345047007132 ], [ 7.482714653354321, 7.291094303157308 ], [ 7.492303370869365, 7.288592815457662 ], [ 7.508562564916758, 7.290260314590626 ], [ 7.513981818598893, 7.291511059440438 ], [ 7.517734051148352, 7.289426804024288 ], [ 7.532325745062735, 7.289009570740802 ], [ 7.544415474277116, 7.290677070873812 ], [ 7.553170681225879, 7.295680046273105 ], [ 7.56109142260766, 7.303184032371689 ], [ 7.571514129689376, 7.310688496470618 ], [ 7.581936358770804, 7.315274238586426 ], [ 7.586939335170086, 7.318192481569213 ], [ 7.59444332126867, 7.321110724552057 ], [ 7.597361565251504, 7.32277822468501 ], [ 7.613204002015664, 7.321944714118672 ], [ 7.624460219663774, 7.321527957835542 ], [ 7.629879951346197, 7.319859981702223 ], [ 7.634882449745191, 7.314857483303228 ], [ 7.644887923543422, 7.308187007770982 ] ] ] ] } },
{ "type": "Feature", "properties": { "fid": 85.0, "OBJECTID": 85.0, "lganame": "Ankpa", "statecode": "KO", "LGA_UID": "22_03" }, "geometry": { "type": "MultiPolygon", "coordinates": [ [ [ [ 7.752448081625516, 7.647782802510335 ], [ 7.752448081625516, 7.623362063917625 ], [ 7.750780582492496, 7.594179153089215 ], [ 7.752864837908646, 7.56416273069442 ], [ 7.754949570325152, 7.544568539381089 ], [ 7.75578308089149, 7.530394076750213 ], [ 7.754532337041667, 7.512884139853043 ], [ 7.755366324608303, 7.504962921470963 ], [ 7.758701323874277, 7.492455958973039 ], [ 7.759535313440949, 7.478698253625339 ], [ 7.760786057290773, 7.451600075213435 ], [ 7.764121055556757, 7.433673382033078 ], [ 7.768290043389356, 7.427002906500775 ], [ 7.776211261771437, 7.419498920402191 ], [ 7.79288721110197, 7.414913177286394 ], [ 7.799140453350788, 7.416163921136217 ], [ 7.81206464813215, 7.414913177286394 ], [ 7.834993838711455, 7.418664931835508 ], [ 7.848751545059145, 7.420332908968817 ], [ 7.860450745008222, 7.413370609238314 ], [ 7.866261004956016, 7.404073714921481 ], [ 7.865427494389678, 7.392817497273427 ], [ 7.861772536906301, 7.384463309597152 ], [ 7.853122651029139, 7.382499444262805 ], [ 7.850074180957847, 7.381807318792539 ], [ 7.839378592690707, 7.37296811178669 ], [ 7.819770015367567, 7.356467786575479 ], [ 7.816663765257033, 7.344618616524542 ], [ 7.81659560621074, 7.344358617347893 ], [ 7.815733228624765, 7.345233054942014 ], [ 7.812514388437705, 7.348496915159672 ], [ 7.811686335875095, 7.350952518828137 ], [ 7.811771995933327, 7.351466482177329 ], [ 7.811486460739275, 7.352808498089189 ], [ 7.806603807421766, 7.35186623244897 ], [ 7.804984587321599, 7.352330444764391 ], [ 7.798237621737314, 7.354264728078647 ], [ 7.795624973962163, 7.352323087759373 ], [ 7.771496978568337, 7.307134216055658 ], [ 7.768695068664556, 7.301886572490105 ], [ 7.768290043389356, 7.301933288521866 ], [ 7.762870311706934, 7.298598289255892 ], [ 7.757033824741313, 7.297764300689209 ], [ 7.745360850810073, 7.296930790122929 ], [ 7.73660564386131, 7.293178557573412 ], [ 7.723681927080236, 7.289009570740802 ], [ 7.709507465449349, 7.289009570740802 ], [ 7.701586246067279, 7.293595313856599 ], [ 7.688245773003018, 7.299432277822575 ], [ 7.669901847539222, 7.303184032371689 ], [ 7.657812119324831, 7.303184032371689 ], [ 7.644887923543422, 7.308187007770982 ], [ 7.634882449745191, 7.314857483303228 ], [ 7.629879951346197, 7.319859981702223 ], [ 7.624460219663774, 7.321527957835542 ], [ 7.613204002015664, 7.321944714118672 ], [ 7.597361565251504, 7.32277822468501 ], [ 7.59444332126867, 7.321110724552057 ], [ 7.586939335170086, 7.318192481569213 ], [ 7.581936358770804, 7.315274238586426 ], [ 7.571514129689376, 7.310688496470618 ], [ 7.56109142260766, 7.303184032371689 ], [ 7.553170681225879, 7.295680046273105 ], [ 7.544415474277116, 7.290677070873812 ], [ 7.532325745062735, 7.289009570740802 ], [ 7.517734051148352, 7.289426804024288 ], [ 7.513981818598893, 7.291511059440438 ], [ 7.508562564916758, 7.290260314590626 ], [ 7.492303370869365, 7.288592815457662 ], [ 7.482714653354321, 7.291094303157308 ], [ 7.473959923405857, 7.292345047007132 ], [ 7.465621947740601, 7.290677070873812 ], [ 7.456449985508698, 7.289426804024288 ], [ 7.450196743259937, 7.292345047007132 ], [ 7.440190792461351, 7.294429302423282 ], [ 7.43227005007958, 7.293178557573412 ], [ 7.429351807096737, 7.294846057706422 ], [ 7.419345856298207, 7.295680046273105 ], [ 7.40892362621679, 7.298598289255892 ], [ 7.401579380226678, 7.300522326563168 ], [ 7.4025669098977, 7.307106495036805 ], [ 7.404542446239986, 7.31402015673433 ], [ 7.408493041924203, 7.322579860550263 ], [ 7.41869831085819, 7.325871943787035 ], [ 7.430879593134819, 7.326859474458047 ], [ 7.433842182147771, 7.327847004129012 ], [ 7.441085339069161, 7.331139565366186 ], [ 7.447010994095365, 7.337394237615911 ], [ 7.451949120450593, 7.34332036964247 ], [ 7.45886278214806, 7.350234032339927 ], [ 7.463800906503309, 7.357805729484539 ], [ 7.47104358742439, 7.370316028984746 ], [ 7.47137308064822, 7.374266623668973 ], [ 7.47137308064822, 7.384142876379428 ], [ 7.472360611319232, 7.39171504952435 ], [ 7.474006653437641, 7.398299216997998 ], [ 7.47426652861418, 7.403488158523601 ], [ 7.475001812113817, 7.406157970337631 ], [ 7.47416830054749, 7.414495945002898 ], [ 7.477503299813463, 7.43700885829935 ], [ 7.479170798946427, 7.449098586513742 ], [ 7.477920532096903, 7.461605549011665 ], [ 7.478754043663287, 7.477030754492375 ], [ 7.477920532096903, 7.482450485174809 ], [ 7.4825062752127, 7.494540691389545 ], [ 7.482089519929559, 7.503295422337999 ], [ 7.483005046551625, 7.507169246970079 ], [ 7.492436885960103, 7.51321315807661 ], [ 7.506703853653846, 7.518648147769454 ], [ 7.516214848116135, 7.522724151538853 ], [ 7.518932342962501, 7.526121139846964 ], [ 7.524367331655355, 7.528838633693397 ], [ 7.526405334040078, 7.533594130924541 ], [ 7.533199309656254, 7.543784617848473 ], [ 7.539992809272121, 7.553975581772761 ], [ 7.552221774581142, 7.564166068696693 ], [ 7.556977271812286, 7.574356555620682 ], [ 7.565808772812829, 7.587264538391025 ], [ 7.572602749429052, 7.600172520161379 ], [ 7.580755233968262, 7.606287003315913 ], [ 7.597060204046727, 7.621232986471 ], [ 7.605891705047327, 7.622591972394389 ], [ 7.616082190971269, 7.625988482702155 ], [ 7.633066653511435, 7.630064964471899 ], [ 7.650730132512933, 7.633461474779665 ], [ 7.657524109129099, 7.637537955549476 ], [ 7.669073104976121, 7.638217449011165 ], [ 7.67790508297702, 7.637537955549476 ], [ 7.693530559593796, 7.640934943857587 ], [ 7.704400538979428, 7.642293452780621 ], [ 7.717308520749839, 7.644331455165343 ], [ 7.726819515212071, 7.648407935935097 ], [ 7.752448081625516, 7.647782802510335 ] ] ] ] } },
{ "type": "Feature", "properties": { "fid": 146.0, "OBJECTID": 146.0, "lganame": "Yagba West", "statecode": "KO", "LGA_UID": "22_21" }, "geometry": { "type": "MultiPolygon", "coordinates": [ [ [ [ 5.688176632050045, 8.452851294516563 ], [ 5.69002294530452, 8.441773414989655 ], [ 5.688396454199392, 8.427134514043246 ], [ 5.688396454199392, 8.415747643306361 ], [ 5.693276404515132, 8.397855759149707 ], [ 5.695716381172986, 8.385655402860095 ], [ 5.694902896620249, 8.369389533808203 ], [ 5.696529387725377, 8.353123664756311 ], [ 5.697342873278103, 8.3409242634674 ], [ 5.697342873278103, 8.326284408520337 ], [ 5.698969364383231, 8.31733894344228 ], [ 5.701409340041039, 8.305138588152715 ], [ 5.701409340041039, 8.292939185863816 ], [ 5.694089413067502, 8.27830028491735 ], [ 5.686769962094274, 8.270980834944112 ], [ 5.685143470989146, 8.254714011891565 ], [ 5.681890010778602, 8.244141578708138 ], [ 5.668877124936955, 8.22218227378778 ], [ 5.661557673963728, 8.214049339261862 ], [ 5.652611255885063, 8.199409485314789 ], [ 5.644478321359088, 8.188023566578579 ], [ 5.637158394385551, 8.167691230763694 ], [ 5.63634538683317, 8.149798392606385 ], [ 5.63634538683317, 8.139225960422891 ], [ 5.633905411175306, 8.130279541344237 ], [ 5.633091926622569, 8.121333122265526 ], [ 5.63634538683317, 8.107506751871199 ], [ 5.63634538683317, 8.098560332792488 ], [ 5.637158394385551, 8.091240882819307 ], [ 5.643636226786953, 8.0739679340831 ], [ 5.639554024013307, 8.073665618877726 ], [ 5.624591350846856, 8.072621346168205 ], [ 5.599189757587681, 8.073665618877726 ], [ 5.576571941219925, 8.071229935222789 ], [ 5.572744369619272, 8.068446159331359 ], [ 5.559173584398536, 8.058006287237959 ], [ 5.555031775584382, 8.05455493889292 ], [ 5.550822257724235, 8.051047324509625 ], [ 5.545255183941663, 8.044088363781384 ], [ 5.537599563740002, 8.040608406416879 ], [ 5.531684398720927, 8.035040854634019 ], [ 5.525768756701552, 8.030865668797162 ], [ 5.516025543081469, 8.02216625188629 ], [ 5.508718491116667, 8.017642974812986 ], [ 5.505934715225237, 8.018686294521842 ], [ 5.503847121806814, 8.023557662831706 ], [ 5.504542828279511, 8.029473304851138 ], [ 5.505580901984843, 8.032327651790524 ], [ 5.507326603170952, 8.037128448052442 ], [ 5.507326603170952, 8.045479773726754 ], [ 5.510458469298896, 8.066705704148774 ], [ 5.51254606171733, 8.076796532005005 ], [ 5.513589859426531, 8.083756446733958 ], [ 5.51289415395388, 8.089672088753332 ], [ 5.513937949663045, 8.096631050481619 ], [ 5.514633656135743, 8.104982376155988 ], [ 5.513937949663045, 8.111246109411866 ], [ 5.506978511934449, 8.111246109411866 ], [ 5.497963904809467, 8.110664368016614 ], [ 5.497963904809467, 8.114674567741361 ], [ 5.504484653240013, 8.123804091944464 ], [ 5.517961502396872, 8.131194114965638 ], [ 5.526221275008993, 8.139019966282945 ], [ 5.532742500439895, 8.146844863599597 ], [ 5.536654949098192, 8.156409264098158 ], [ 5.53708982539365, 8.163364409823828 ], [ 5.538393974279757, 8.178580284162308 ], [ 5.539698124165909, 8.190752983433072 ], [ 5.539698124165909, 8.198577880749724 ], [ 5.53708982539365, 8.205533981476094 ], [ 5.530568599962805, 8.211185455315956 ], [ 5.524482249827429, 8.215967177564949 ], [ 5.512310027556964, 8.216402053860406 ], [ 5.49492073074174, 8.214663505679141 ], [ 5.477531432926526, 8.205099106180569 ], [ 5.471879482086308, 8.204229354589643 ], [ 5.466228008246389, 8.202490807408367 ], [ 5.4575333603388, 8.206403732067031 ], [ 5.442317963000676, 8.218141556042326 ], [ 5.431884288911476, 8.224661827472517 ], [ 5.422319889412904, 8.228139876835712 ], [ 5.418842316050075, 8.235530852857551 ], [ 5.422319889412904, 8.251180649490834 ], [ 5.421885490117745, 8.261614798580354 ], [ 5.419711589640656, 8.26770114871573 ], [ 5.421450614822277, 8.273787497851117 ], [ 5.41840743975456, 8.283785819644493 ], [ 5.404496193302521, 8.29204559325666 ], [ 5.397105694281038, 8.29204559325666 ], [ 5.387541293782476, 8.283350945349014 ], [ 5.38102054635192, 8.278134345804631 ], [ 5.372325897444341, 8.274221420145977 ], [ 5.36276149694578, 8.273352622555649 ], [ 5.356675147810392, 8.274656296441435 ], [ 5.353197575447552, 8.286828994712209 ], [ 5.352762699152038, 8.298131943392036 ], [ 5.353197575447552, 8.305522919413875 ], [ 5.353197575447552, 8.309869766367342 ], [ 5.347546100607644, 8.315521240207261 ], [ 5.343198775653832, 8.321607590342637 ], [ 5.335808276632349, 8.328563690068961 ], [ 5.332330227269154, 8.33117198884122 ], [ 5.324504851952156, 8.333780288613411 ], [ 5.323493004264662, 8.337099074868377 ], [ 5.321502685912321, 8.341078757572404 ], [ 5.322829722813992, 8.34439563782604 ], [ 5.327473163968989, 8.349039077981047 ], [ 5.330789566222336, 8.355672836488395 ], [ 5.341900825771916, 8.375241279784177 ], [ 5.347705363715818, 8.382704734855281 ], [ 5.359313964603359, 8.395142555306165 ], [ 5.372581004617643, 8.409238814883906 ], [ 5.380872726251482, 8.420846938771092 ], [ 5.396627425956069, 8.438260077602536 ], [ 5.412382125660656, 8.452356339180255 ], [ 5.433111667745379, 8.466452598757996 ], [ 5.44637870775972, 8.479719161772039 ], [ 5.453513621607556, 8.486290932237239 ], [ 5.46572351490363, 8.492395401384897 ], [ 5.476577282278242, 8.499857903455336 ], [ 5.490143776496041, 8.518173217899744 ], [ 5.496249198644364, 8.529026031273702 ], [ 5.503032207253113, 8.534453391961335 ], [ 5.510494232323197, 8.535131454422071 ], [ 5.514564037088462, 8.535131454422071 ], [ 5.513207436166738, 8.538522719726245 ], [ 5.524109839574407, 8.536930083644165 ], [ 5.533869267205432, 8.530423164223009 ], [ 5.544442177389271, 8.523103714249771 ], [ 5.554202080020673, 8.512530327065633 ], [ 5.574534415835501, 8.506024360645142 ], [ 5.588360310229575, 8.497077941566488 ], [ 5.599746703966105, 8.48894500704057 ], [ 5.64285183025396, 8.462919235357276 ], [ 5.658304213753127, 8.459666252147031 ], [ 5.688176632050045, 8.452851294516563 ] ] ] ] } },
{ "type": "Feature", "properties": { "fid": 150.0, "OBJECTID": 150.0, "lganame": "Okehi", "statecode": "KO", "LGA_UID": "22_16" }, "geometry": { "type": "MultiPolygon", "coordinates": [ [ [ [ 6.570580958602307, 7.869692326287463 ], [ 6.569690227997114, 7.866425514067828 ], [ 6.564174652249562, 7.848040580576082 ], [ 6.561417103375902, 7.839767455954927 ], [ 6.546709061382501, 7.825059413961469 ], [ 6.539354801385628, 7.813108920841671 ], [ 6.525566101016864, 7.800239563097534 ], [ 6.518212318020289, 7.793804645725345 ], [ 6.510858059023406, 7.784612179479495 ], [ 6.498908042903963, 7.777258396482921 ], [ 6.490634918282751, 7.770823479110732 ], [ 6.484200000910505, 7.76255035448952 ], [ 6.476846217913987, 7.760712147240554 ], [ 6.467653750668148, 7.753357887243681 ], [ 6.459380627046926, 7.744165420997831 ], [ 6.453865051299374, 7.740488529499544 ], [ 6.44651079230249, 7.734972953751992 ], [ 6.435480117807629, 7.731296062253705 ], [ 6.430883883684714, 7.727619170755418 ], [ 6.425368308937152, 7.72394228025712 ], [ 6.418933391564906, 7.713830471386643 ], [ 6.406983376445453, 7.70371866151612 ], [ 6.398710250824251, 7.698203086768558 ], [ 6.391355990827378, 7.682576180150818 ], [ 6.382163524581529, 7.671545028655657 ], [ 6.377567291458604, 7.664190768658784 ], [ 6.371132851086713, 7.658675670911578 ], [ 6.360101699591553, 7.64396762791813 ], [ 6.344474315973514, 7.638452053170568 ], [ 6.310462474864039, 7.632017135798321 ], [ 6.298511981744241, 7.626502037051068 ], [ 6.270015717382364, 7.61455154393127 ], [ 6.249792098641365, 7.619147778054185 ], [ 6.236922740897228, 7.623744011177109 ], [ 6.222214698903827, 7.622824668552482 ], [ 6.204749107036776, 7.617309569805229 ], [ 6.188202380794053, 7.606278419310058 ], [ 6.171656131551686, 7.597085953064209 ], [ 6.131209373069964, 7.58145856944617 ], [ 6.125701427327613, 7.575399876329584 ], [ 6.123775959019326, 7.579134940867334 ], [ 6.122677803273177, 7.58322477264619 ], [ 6.118761062611952, 7.591416836212318 ], [ 6.098731041002509, 7.588197231024765 ], [ 6.099113464262302, 7.59431409818086 ], [ 6.104806423130412, 7.605700492917379 ], [ 6.104806423130412, 7.614646434995734 ], [ 6.108059883341014, 7.621966361969271 ], [ 6.115379333314195, 7.634979247810918 ], [ 6.121885776735041, 7.647178650099875 ], [ 6.121072292182305, 7.669950961572567 ], [ 6.122699261287778, 7.678083897098531 ], [ 6.127532004571378, 7.683495044775157 ], [ 6.133047581318976, 7.692687511021006 ], [ 6.151432513810676, 7.700961112642517 ], [ 6.159705639431877, 7.705557345765442 ], [ 6.172575474176313, 7.714749813011281 ], [ 6.186364173545087, 7.718426703509579 ], [ 6.203829765412138, 7.720264911758534 ], [ 6.222214698903827, 7.719346046134206 ], [ 6.234164715023326, 7.718426703509579 ], [ 6.244276523893802, 7.712911128762016 ], [ 6.258984565887204, 7.706476212389759 ], [ 6.268177032133053, 7.706476212389759 ], [ 6.270015717382364, 7.716588020260247 ], [ 6.27185392363134, 7.729457378004383 ], [ 6.269096374757737, 7.745084762622469 ], [ 6.268177032133053, 7.753357887243681 ], [ 6.269096374757737, 7.763469696114157 ], [ 6.269096374757737, 7.775419712233656 ], [ 6.268177032133053, 7.78277397223053 ], [ 6.27185392363134, 7.791966438476379 ], [ 6.277369499378949, 7.801158904722229 ], [ 6.294835091245943, 7.814028263466355 ], [ 6.300350665993562, 7.82230138808751 ], [ 6.313220023737642, 7.830574988709031 ], [ 6.315334797174557, 7.833265780537317 ], [ 6.324251175232803, 7.827816962835129 ], [ 6.336201191352302, 7.818624495589233 ], [ 6.339878081850543, 7.811270713592705 ], [ 6.344474315973514, 7.807593346094109 ], [ 6.355505466468628, 7.808512687718746 ], [ 6.364697932714478, 7.810351371968068 ], [ 6.373890399960317, 7.810351371968068 ], [ 6.386759757704453, 7.811270713592705 ], [ 6.400548458073217, 7.819543839213907 ], [ 6.408822059694785, 7.824140072336832 ], [ 6.424448967312514, 7.833332538582681 ], [ 6.433641433558364, 7.843444347453158 ], [ 6.445591926678162, 7.85447502094803 ], [ 6.457541942797604, 7.857233046821932 ], [ 6.480523109412275, 7.860909939320209 ], [ 6.496150494030303, 7.869183063941421 ], [ 6.512696743272727, 7.872859955439708 ], [ 6.52924346851546, 7.87837553018727 ], [ 6.537516594136662, 7.882971764310184 ], [ 6.546709061382501, 7.887567997433109 ], [ 6.559578419126638, 7.883891105934879 ], [ 6.567851542747803, 7.872859955439708 ], [ 6.570580958602307, 7.869692326287463 ] ] ] ] } },
{ "type": "Feature", "properties": { "fid": 205.0, "OBJECTID": 205.0, "lganame": "Ajaokuta", "statecode": "KO", "LGA_UID": "22_02" }, "geometry": { "type": "MultiPolygon", "coordinates": [ [ [ [ 6.755282879098615, 7.73032712859532 ], [ 6.75262022028943, 7.707395554014397 ], [ 6.748943328791199, 7.689010619522719 ], [ 6.744347094668228, 7.67062568703102 ], [ 6.735154629422425, 7.65040206929001 ], [ 6.720446587428967, 7.637532710545884 ], [ 6.709415912934162, 7.617309569805229 ], [ 6.699304104063629, 7.589732170067691 ], [ 6.699304104063629, 7.574104786449595 ], [ 6.710334777558501, 7.538254261090856 ], [ 6.713092804432449, 7.512515067602294 ], [ 6.709030627672348, 7.488724709437861 ], [ 6.706657887060203, 7.474825858994222 ], [ 6.702980994561926, 7.451844692379609 ], [ 6.703900337186553, 7.395771027280205 ], [ 6.708496571309524, 7.369112492167005 ], [ 6.702980994561926, 7.348889351426294 ], [ 6.699304104063629, 7.320392609064129 ], [ 6.69286918569145, 7.29465341557551 ], [ 6.691030979442473, 7.276268482083822 ], [ 6.69286918569145, 7.257883548592133 ], [ 6.693788528316077, 7.243175982599041 ], [ 6.690157412848919, 7.219573020561938 ], [ 6.685318469561082, 7.223532200252009 ], [ 6.683232784143968, 7.230389117910988 ], [ 6.678113936665909, 7.231635093757575 ], [ 6.674722195361426, 7.233437060981885 ], [ 6.669155120578864, 7.240518092793138 ], [ 6.637670040186208, 7.294764995651349 ], [ 6.632309913544248, 7.292852879352154 ], [ 6.56952190388273, 7.275294781422247 ], [ 6.556313037907955, 7.274819851099551 ], [ 6.544260024718483, 7.274919033166952 ], [ 6.537356853028086, 7.273808956412722 ], [ 6.529881000948649, 7.272704123662038 ], [ 6.525847912208349, 7.271571158892243 ], [ 6.514884948759516, 7.266996860784218 ], [ 6.511441231419667, 7.267024993803318 ], [ 6.508032799103773, 7.269968032802979 ], [ 6.50806903812844, 7.272881984782885 ], [ 6.508111954157584, 7.27638006215966 ], [ 6.505873202636451, 7.28106117234023 ], [ 6.503621101106262, 7.284576892729035 ], [ 6.501359939569909, 7.287509917721877 ], [ 6.499695778439161, 7.292187213899865 ], [ 6.499760151482917, 7.297431946463405 ], [ 6.499228954121975, 7.300933837842763 ], [ 6.499845981541228, 7.304427147216302 ], [ 6.499925136595039, 7.310838222572329 ], [ 6.498295784487937, 7.318428992729935 ], [ 6.498898982897799, 7.320755959310986 ], [ 6.499508858312197, 7.323666096288264 ], [ 6.499551773341352, 7.327163218664396 ], [ 6.497326850829609, 7.33301019663719 ], [ 6.494472026889866, 7.334198952444865 ], [ 6.492205143349622, 7.336550236042456 ], [ 6.488789082028575, 7.3389091486452 ], [ 6.485763072972588, 7.341996192742727 ], [ 6.48879623403343, 7.357162476047506 ], [ 6.489715575658124, 7.37370872528993 ], [ 6.487876892408792, 7.383820534160407 ], [ 6.489715575658124, 7.398528576153808 ], [ 6.490634918282751, 7.412317275522582 ], [ 6.486958026784464, 7.435298443137242 ], [ 6.477765559538625, 7.453683375628941 ], [ 6.467653750668148, 7.472068310120619 ], [ 6.461218834295892, 7.481260777366458 ], [ 6.45570325854834, 7.484937667864756 ], [ 6.44651079230249, 7.490453242612318 ], [ 6.436399460432312, 7.50516128460572 ], [ 6.42628765056179, 7.514353751851615 ], [ 6.418933391564906, 7.52262687747276 ], [ 6.411579608568388, 7.526303767971058 ], [ 6.408822059694785, 7.527223109595695 ], [ 6.409740925319113, 7.546527385712068 ], [ 6.41341829281771, 7.568589210702044 ], [ 6.422610760063549, 7.582377911070807 ], [ 6.430883883684714, 7.593409060565932 ], [ 6.434560776182991, 7.609955310808346 ], [ 6.453865051299374, 7.626502037051068 ], [ 6.493392467156355, 7.653160095163969 ], [ 6.506261825900481, 7.662352562409808 ], [ 6.521889209518577, 7.67062568703102 ], [ 6.537516594136662, 7.680737494901507 ], [ 6.543032168884224, 7.686253070649116 ], [ 6.559578419126638, 7.699122429393242 ], [ 6.570609569621752, 7.701879978266845 ], [ 6.579802035867601, 7.714749813011281 ], [ 6.592671393611738, 7.725780486506096 ], [ 6.607379435605139, 7.727619170755418 ], [ 6.617490768475363, 7.734972953751992 ], [ 6.631279468844127, 7.746004105247096 ], [ 6.641391276714614, 7.748761654120756 ], [ 6.651503085585091, 7.757954121366595 ], [ 6.665291785953912, 7.766227244987817 ], [ 6.677241802073354, 7.772662163359996 ], [ 6.688272952568525, 7.780935286981219 ], [ 6.709415912934162, 7.783693313855167 ], [ 6.710334777558501, 7.786450862728771 ], [ 6.714931010681426, 7.780935286981219 ], [ 6.717689036555328, 7.773581504984691 ], [ 6.724123477927265, 7.75979280461587 ], [ 6.749862671415826, 7.734972953751992 ], [ 6.755282879098615, 7.73032712859532 ] ] ] ] } },
{ "type": "Feature", "properties": { "fid": 224.0, "OBJECTID": 224.0, "lganame": "Yagba East", "statecode": "KO", "LGA_UID": "22_20" }, "geometry": { "type": "MultiPolygon", "coordinates": [ [ [ [ 6.082657814081472, 8.401763915805077 ], [ 6.08203411065773, 8.390535355175814 ], [ 6.078780651447119, 8.377522469334167 ], [ 6.077967643894738, 8.369389533808203 ], [ 6.079594134999866, 8.363697051940449 ], [ 6.087030411052467, 8.354029655371903 ], [ 6.062514782395226, 8.354750632861794 ], [ 6.04950189555359, 8.351496695650894 ], [ 6.027543067633587, 8.344990730230393 ], [ 6.008837222923887, 8.334418297046909 ], [ 5.987691401556276, 8.323031425310035 ], [ 5.962478638425409, 8.313272475679298 ], [ 5.947026252926207, 8.307579040810879 ], [ 5.935639858189688, 8.305138588152715 ], [ 5.925066948005906, 8.297819138179477 ], [ 5.912867545716949, 8.288059234548086 ], [ 5.892535209902121, 8.27830028491735 ], [ 5.876268863849873, 8.270167351391422 ], [ 5.854310035929927, 8.254714011891565 ], [ 5.843737124746099, 8.236822127734911 ], [ 5.836417197772562, 8.226248740550773 ], [ 5.826657772141459, 8.223809241893264 ], [ 5.823404311930915, 8.215676308367279 ], [ 5.818524836615552, 8.202663421525642 ], [ 5.811204909642015, 8.196156502104486 ], [ 5.79737901724792, 8.179077148499914 ], [ 5.781112671195729, 8.148984909053638 ], [ 5.770539761011946, 8.126213073581255 ], [ 5.757526875170299, 8.106693268318452 ], [ 5.755087375512744, 8.086360930503588 ], [ 5.755087375512744, 8.061148643373031 ], [ 5.753460407407317, 8.038376807900647 ], [ 5.753460407407317, 8.025363922059 ], [ 5.759966849828118, 8.002591132585962 ], [ 5.7640333175911, 7.994458199059977 ], [ 5.769726753459508, 7.975752354350277 ], [ 5.78436613140633, 7.966805935271566 ], [ 5.798192023800368, 7.957859516192912 ], [ 5.805511950773905, 7.950540066219673 ], [ 5.815271378404987, 7.946473598456691 ], [ 5.827470778693908, 7.940780162588283 ], [ 5.829910755351762, 7.936713695825347 ], [ 5.834894656738072, 7.923977852171902 ], [ 5.832350731009569, 7.922887802431262 ], [ 5.828284264246633, 7.916381359010472 ], [ 5.826657772141459, 7.904994965273943 ], [ 5.820151328720669, 7.896048546195289 ], [ 5.811204909642015, 7.888729095222061 ], [ 5.801445484010912, 7.87896919259066 ], [ 5.789245604721657, 7.861890315986329 ], [ 5.779486179090611, 7.854570389012792 ], [ 5.770539761011946, 7.843997477829021 ], [ 5.759966849828118, 7.834238052197918 ], [ 5.751020907749819, 7.829358100882246 ], [ 5.738821030460542, 7.825291634119253 ], [ 5.737289429419889, 7.821079254257143 ], [ 5.728981494775041, 7.82834863719637 ], [ 5.710191250007938, 7.83008813937829 ], [ 5.688617229349404, 7.829740524142096 ], [ 5.668435096636586, 7.829044341669032 ], [ 5.658838749116342, 7.827678203740845 ], [ 5.65853318490872, 7.827769885803093 ], [ 5.656604289598135, 7.82834863719637 ], [ 5.642685890141252, 7.828696251432518 ], [ 5.630506991866241, 7.834959983688464 ], [ 5.623199462901141, 7.842963219126261 ], [ 5.614152430754075, 7.865581036494007 ], [ 5.612412452571846, 7.876368045823313 ], [ 5.608584880971193, 7.910816669229519 ], [ 5.604061603897833, 7.926475047868621 ], [ 5.6019735344791, 7.942829608980787 ], [ 5.598841667351167, 7.951876640127807 ], [ 5.598841667351167, 7.958487987619947 ], [ 5.601625443242597, 7.963707447166314 ], [ 5.609628676680416, 7.96614360782155 ], [ 5.614152430754075, 7.962316036220898 ], [ 5.627027034501793, 7.957096099674231 ], [ 5.634334564466883, 7.958487987619947 ], [ 5.645469666032682, 7.963011741693606 ], [ 5.647209167214612, 7.96614360782155 ], [ 5.647557259451105, 7.974146843259405 ], [ 5.647557259451105, 7.986158371420629 ], [ 5.649573325820938, 7.987886428594777 ], [ 5.650732993608869, 7.990740775534164 ], [ 5.656952380834639, 7.994328975972223 ], [ 5.663215637090218, 8.000244140991299 ], [ 5.668087482400438, 8.002331734409722 ], [ 5.667391299927431, 8.008595466665611 ], [ 5.66251993161751, 8.015206337157395 ], [ 5.656328201410531, 8.019577026127081 ], [ 5.65068912457906, 8.023557662831706 ], [ 5.648949146396831, 8.032605170979082 ], [ 5.647209167214612, 8.040956496653394 ], [ 5.643033504377399, 8.048263549618184 ], [ 5.639902115249811, 8.053831100401112 ], [ 5.643033504377399, 8.05905055994748 ], [ 5.645817280268886, 8.060790062129399 ], [ 5.653820514706695, 8.064270020493836 ], [ 5.65973615572608, 8.069837570276718 ], [ 5.656256676361977, 8.074708938586582 ], [ 5.648949146396831, 8.074360847350079 ], [ 5.643636226786953, 8.0739679340831 ], [ 5.637158394385551, 8.091240882819307 ], [ 5.63634538683317, 8.098560332792488 ], [ 5.63634538683317, 8.107506751871199 ], [ 5.633091926622569, 8.121333122265526 ], [ 5.633905411175306, 8.130279541344237 ], [ 5.63634538683317, 8.139225960422891 ], [ 5.63634538683317, 8.149798392606385 ], [ 5.637158394385551, 8.167691230763694 ], [ 5.644478321359088, 8.188023566578579 ], [ 5.652611255885063, 8.199409485314789 ], [ 5.661557673963728, 8.214049339261862 ], [ 5.668877124936955, 8.22218227378778 ], [ 5.681890010778602, 8.244141578708138 ], [ 5.685143470989146, 8.254714011891565 ], [ 5.686769962094274, 8.270980834944112 ], [ 5.694089413067502, 8.27830028491735 ], [ 5.701409340041039, 8.292939185863816 ], [ 5.701409340041039, 8.305138588152715 ], [ 5.698969364383231, 8.31733894344228 ], [ 5.697342873278103, 8.326284408520337 ], [ 5.697342873278103, 8.3409242634674 ], [ 5.696529387725377, 8.353123664756311 ], [ 5.694902896620249, 8.369389533808203 ], [ 5.695716381172986, 8.385655402860095 ], [ 5.693276404515132, 8.397855759149707 ], [ 5.688396454199392, 8.415747643306361 ], [ 5.688396454199392, 8.427134514043246 ], [ 5.69002294530452, 8.441773414989655 ], [ 5.688176632050045, 8.452851294516563 ], [ 5.704662323251284, 8.445839881752647 ], [ 5.719302177198415, 8.443400383095138 ], [ 5.748580933091944, 8.437706947226673 ], [ 5.766473293248964, 8.432826995911 ], [ 5.782739639301155, 8.427947043595282 ], [ 5.79087257382713, 8.427134514043246 ], [ 5.805511950773905, 8.425507544937773 ], [ 5.818524836615552, 8.427134514043246 ], [ 5.829097747799324, 8.426321030490499 ], [ 5.849430083614209, 8.422254561727527 ], [ 5.865695952666101, 8.423068047280253 ], [ 5.88358879082341, 8.423068047280253 ], [ 5.897414684217495, 8.423068047280253 ], [ 5.912054062164259, 8.423880576832346 ], [ 5.925066948005906, 8.418188094964535 ], [ 5.942959785163225, 8.412494659096126 ], [ 5.95678567855731, 8.408428192333133 ], [ 5.978744984477601, 8.405175209122888 ], [ 5.990944385766511, 8.401922225912642 ], [ 6.01371669823925, 8.400295257807215 ], [ 6.02022314066005, 8.397855759149707 ], [ 6.040555954475224, 8.392975806833988 ], [ 6.060074805737372, 8.393788338386059 ], [ 6.077967643894738, 8.397855759149707 ], [ 6.082657814081472, 8.401763915805077 ] ] ] ] } },
{ "type": "Feature", "properties": { "fid": 229.0, "OBJECTID": 229.0, "lganame": "Ijumu", "statecode": "KO", "LGA_UID": "22_09" }, "geometry": { "type": "MultiPolygon", "coordinates": [ [ [ [ 6.07634115178962, 7.754534245042919 ], [ 6.083660602762848, 7.744774818411884 ], [ 6.085706034152622, 7.738638569242596 ], [ 6.087727069525783, 7.732575417122973 ], [ 6.09423351294663, 7.717936039176209 ], [ 6.096673488604495, 7.710616112202615 ], [ 6.098299979709623, 7.704923153334562 ], [ 6.107246398788277, 7.695163249703171 ], [ 6.117819308972059, 7.686217307624815 ], [ 6.122699261287778, 7.678083897098531 ], [ 6.121072292182305, 7.669950961572567 ], [ 6.121885776735041, 7.647178650099875 ], [ 6.115379333314195, 7.634979247810918 ], [ 6.108059883341014, 7.621966361969271 ], [ 6.104806423130412, 7.614646434995734 ], [ 6.104806423130412, 7.605700492917379 ], [ 6.099113464262302, 7.59431409818086 ], [ 6.098731041002509, 7.588197231024765 ], [ 6.048503875875497, 7.58012390053932 ], [ 6.043387890399401, 7.57745981172917 ], [ 6.040482998425659, 7.574569224765185 ], [ 6.035861969285918, 7.572275162206438 ], [ 6.032956123311521, 7.569384098242097 ], [ 6.028888225547576, 7.565337181492453 ], [ 6.026548861958076, 7.561859131129268 ], [ 6.025364876153617, 7.558952808154572 ], [ 6.024734019724974, 7.554296016990463 ], [ 6.022953986515517, 7.549645900830967 ], [ 6.02349901188586, 7.547309875243741 ], [ 6.021168232302216, 7.544414997276817 ], [ 6.017077922523015, 7.538619041338734 ], [ 6.012996196749668, 7.533405780796556 ], [ 6.004125594722552, 7.529235839963292 ], [ 6.004090308698551, 7.535572052268435 ], [ 6.001267909780893, 7.542943478276982 ], [ 6.000304699126389, 7.549401282664746 ], [ 5.998419761845696, 7.554931164422044 ], [ 5.996539115567884, 7.559537410551741 ], [ 5.990930079756822, 7.5678167341772 ], [ 5.987190723216088, 7.573336123927334 ], [ 5.984383106308428, 7.57793760305384 ], [ 5.981575966401124, 7.582538605179991 ], [ 5.978763580490238, 7.588063239933717 ], [ 5.97594594957576, 7.594511032314699 ], [ 5.972216606041854, 7.598184108810358 ], [ 5.96940946613455, 7.602785586936875 ], [ 5.968466759494049, 7.605549811815024 ], [ 5.964732646956861, 7.610146045937938 ], [ 5.960998535419719, 7.614742279060863 ], [ 5.957258700878697, 7.620261668811054 ], [ 5.954456328974572, 7.623939514309939 ], [ 5.947909354526246, 7.634060383186636 ], [ 5.944175242989104, 7.638656616309561 ], [ 5.940000534152546, 7.645110129694388 ], [ 5.93762826854072, 7.648777008185846 ], [ 5.93663978586909, 7.659852027710826 ], [ 5.935671329211061, 7.667233466726145 ], [ 5.933786391930369, 7.672763348483443 ], [ 5.931890964642491, 7.680139542495226 ], [ 5.929975033340725, 7.691209316016625 ], [ 5.92902183469306, 7.695821285150259 ], [ 5.927141666415594, 7.700427532280003 ], [ 5.923391818867742, 7.707793236284601 ], [ 5.922439098220423, 7.712404728417937 ], [ 5.921491145576283, 7.71609306292396 ], [ 5.922403336196112, 7.718868255809582 ], [ 5.923309802812014, 7.722566605322413 ], [ 5.925133228050925, 7.728116989093678 ], [ 5.926039695666816, 7.73181533760652 ], [ 5.927884101920029, 7.733672141868112 ], [ 5.929718018166056, 7.737376213384891 ], [ 5.930624484781958, 7.741074561897733 ], [ 5.930603980768069, 7.744768143407327 ], [ 5.92873907050091, 7.746604442655041 ], [ 5.921306610450927, 7.74933290450889 ], [ 5.91944694518736, 7.750246048129327 ], [ 5.91481590304079, 7.749297142484579 ], [ 5.908330916634554, 7.748338222833013 ], [ 5.903699875487973, 7.747388840187966 ], [ 5.898147105715111, 7.745511531912427 ], [ 5.889812946052473, 7.743618487626179 ], [ 5.883337974653045, 7.740812301719529 ], [ 5.876858234250335, 7.738929749440445 ], [ 5.870383262850908, 7.736124038534058 ], [ 5.864830017077736, 7.73424625425821 ], [ 5.857433319052006, 7.730512141721078 ], [ 5.850026131019206, 7.728624344438401 ], [ 5.842608451979231, 7.72858285941021 ], [ 5.837035179192469, 7.730399131644276 ], [ 5.832389355035843, 7.732220172881568 ], [ 5.827743052878873, 7.734040737118562 ], [ 5.822185040102454, 7.733086586470279 ], [ 5.819413662219461, 7.731224537205094 ], [ 5.816439152198427, 7.727849006911583 ], [ 5.801024436724845, 7.733303546617663 ], [ 5.780241965604148, 7.745772839089966 ], [ 5.773028373702857, 7.747318745140376 ], [ 5.791615486331921, 7.782068728751312 ], [ 5.767953873254953, 7.78763627953424 ], [ 5.755774974979943, 7.795639514972038 ], [ 5.746031761359916, 7.805034637355561 ], [ 5.741160393050052, 7.812342167320708 ], [ 5.737289429419889, 7.821079254257143 ], [ 5.738821030460542, 7.825291634119253 ], [ 5.751020907749819, 7.829358100882246 ], [ 5.759966849828118, 7.834238052197918 ], [ 5.770539761011946, 7.843997477829021 ], [ 5.779486179090611, 7.854570389012792 ], [ 5.789245604721657, 7.861890315986329 ], [ 5.801445484010912, 7.87896919259066 ], [ 5.811204909642015, 7.888729095222061 ], [ 5.820151328720669, 7.896048546195289 ], [ 5.826657772141459, 7.904994965273943 ], [ 5.828284264246633, 7.916381359010472 ], [ 5.832350731009569, 7.922887802431262 ], [ 5.834894656738072, 7.923977852171902 ], [ 5.843737124746099, 7.927767276746636 ], [ 5.851870060272063, 7.933460711615055 ], [ 5.860002994797981, 7.939153671483155 ], [ 5.865695952666101, 7.945660113904012 ], [ 5.873828888192065, 7.955419539535058 ], [ 5.886028767481264, 7.970872402034558 ], [ 5.890908240796648, 7.981445312218341 ], [ 5.896601676665057, 7.98632526353407 ], [ 5.907987595401266, 7.999338150375706 ], [ 5.912054062164259, 8.011537551664617 ], [ 5.920186995690187, 8.031869888479491 ], [ 5.929946899321578, 8.047322272978647 ], [ 5.93401336708456, 8.055455207504622 ], [ 5.938893318400289, 8.061148643373031 ], [ 5.943772792715663, 8.070095062451685 ], [ 5.948652744031335, 8.084734917398805 ], [ 5.95759916310999, 8.096120834134979 ], [ 5.971425055504028, 8.104253768660953 ], [ 5.977118492372483, 8.106693268318452 ], [ 5.983624457792985, 8.115639687397106 ], [ 5.986064434450839, 8.122960091370999 ], [ 5.988504410108646, 8.1294660567915 ], [ 5.990944385766511, 8.13515949165992 ], [ 5.998264312740048, 8.139225960422891 ], [ 6.003143787055421, 8.1416654590804 ], [ 6.010463715029005, 8.145731925843393 ], [ 6.016970158449794, 8.148172378501556 ], [ 6.024289608423032, 8.153864861369357 ], [ 6.027144909363074, 8.154537200826155 ], [ 6.029169558738715, 8.144918442290646 ], [ 6.038115977817426, 8.128652573238753 ], [ 6.042182445580352, 8.116453170949853 ], [ 6.051128863659017, 8.096934318687715 ], [ 6.056008338974436, 8.084734917398805 ], [ 6.063328265947973, 8.067655562794187 ], [ 6.066581249158219, 8.056268692057301 ], [ 6.075527668236873, 8.041629791110893 ], [ 6.077154160341991, 8.023736953953517 ], [ 6.079594134999866, 8.012351036217353 ], [ 6.07634115178962, 8.002591132585962 ], [ 6.069834709368763, 7.987951755639187 ], [ 6.065768241605838, 7.96924591092943 ], [ 6.061701774842845, 7.958672999745659 ], [ 6.057634830079564, 7.939967155035902 ], [ 6.054381846869319, 7.93020725340449 ], [ 6.056008338974436, 7.91800785111559 ], [ 6.051128863659017, 7.899302006405833 ], [ 6.038928986369797, 7.876529693933094 ], [ 6.037037328084523, 7.871327229398275 ], [ 6.035676003159551, 7.867583274854439 ], [ 6.028356075186025, 7.852943896907675 ], [ 6.021849631765178, 7.840744494618775 ], [ 6.029169558738715, 7.822851658461445 ], [ 6.030578680696181, 7.821285934397565 ], [ 6.036489009711943, 7.814718722935481 ], [ 6.041368961027672, 7.802519320646525 ], [ 6.046248913343334, 7.800079345988706 ], [ 6.047865761441926, 7.797885010497737 ], [ 6.057634830079564, 7.784626484489195 ], [ 6.064954758053091, 7.773240088752686 ], [ 6.070647716921201, 7.765920638779448 ], [ 6.07634115178962, 7.754534245042919 ] ] ] ] } },
{ "type": "Feature", "properties": { "fid": 241.0, "OBJECTID": 241.0, "lganame": "Adavi", "statecode": "KO", "LGA_UID": "22_01" }, "geometry": { "type": "MultiPolygon", "coordinates": [ [ [ [ 6.710334777558501, 7.786450862728771 ], [ 6.709415912934162, 7.783693313855167 ], [ 6.688272952568525, 7.780935286981219 ], [ 6.677241802073354, 7.772662163359996 ], [ 6.665291785953912, 7.766227244987817 ], [ 6.651503085585091, 7.757954121366595 ], [ 6.641391276714614, 7.748761654120756 ], [ 6.631279468844127, 7.746004105247096 ], [ 6.617490768475363, 7.734972953751992 ], [ 6.607379435605139, 7.727619170755418 ], [ 6.592671393611738, 7.725780486506096 ], [ 6.579802035867601, 7.714749813011281 ], [ 6.570609569621752, 7.701879978266845 ], [ 6.559578419126638, 7.699122429393242 ], [ 6.543032168884224, 7.686253070649116 ], [ 6.537516594136662, 7.680737494901507 ], [ 6.521889209518577, 7.67062568703102 ], [ 6.506261825900481, 7.662352562409808 ], [ 6.493392467156355, 7.653160095163969 ], [ 6.453865051299374, 7.626502037051068 ], [ 6.434560776182991, 7.609955310808346 ], [ 6.430883883684714, 7.593409060565932 ], [ 6.422610760063549, 7.582377911070807 ], [ 6.41341829281771, 7.568589210702044 ], [ 6.409740925319113, 7.546527385712068 ], [ 6.408822059694785, 7.527223109595695 ], [ 6.399629593448935, 7.515273094476242 ], [ 6.385840893080115, 7.499645709858157 ], [ 6.366536616963799, 7.496888160984554 ], [ 6.35734415071795, 7.49872636823352 ], [ 6.339878081850543, 7.500565052482841 ], [ 6.327008724106463, 7.501484394107479 ], [ 6.320574283734516, 7.502403258731817 ], [ 6.299431324368868, 7.514353751851615 ], [ 6.294835091245943, 7.52538442634642 ], [ 6.290238857123029, 7.529981136469644 ], [ 6.282885075126501, 7.530900002093972 ], [ 6.277369499378949, 7.533658027967931 ], [ 6.273692607880662, 7.541011809964459 ], [ 6.264500140634823, 7.54560804408743 ], [ 6.256227016013611, 7.548366069961332 ], [ 6.252549647515025, 7.552962303084257 ], [ 6.247953415392089, 7.552962303084257 ], [ 6.233245850398987, 7.563073634954435 ], [ 6.215779780531591, 7.573185443824968 ], [ 6.199233532289213, 7.577781676947893 ], [ 6.173494338800651, 7.571347236576003 ], [ 6.14959430656171, 7.557558537207228 ], [ 6.133570670674374, 7.552076817482657 ], [ 6.132105826679094, 7.556334019375186 ], [ 6.130442141548713, 7.561010837552885 ], [ 6.129910946187749, 7.564511775931635 ], [ 6.128798962432199, 7.567436217918612 ], [ 6.125701427327613, 7.575399876329584 ], [ 6.131209373069964, 7.58145856944617 ], [ 6.171656131551686, 7.597085953064209 ], [ 6.188202380794053, 7.606278419310058 ], [ 6.204749107036776, 7.617309569805229 ], [ 6.222214698903827, 7.622824668552482 ], [ 6.236922740897228, 7.623744011177109 ], [ 6.249792098641365, 7.619147778054185 ], [ 6.270015717382364, 7.61455154393127 ], [ 6.298511981744241, 7.626502037051068 ], [ 6.310462474864039, 7.632017135798321 ], [ 6.344474315973514, 7.638452053170568 ], [ 6.360101699591553, 7.64396762791813 ], [ 6.371132851086713, 7.658675670911578 ], [ 6.377567291458604, 7.664190768658784 ], [ 6.382163524581529, 7.671545028655657 ], [ 6.391355990827378, 7.682576180150818 ], [ 6.398710250824251, 7.698203086768558 ], [ 6.406983376445453, 7.70371866151612 ], [ 6.418933391564906, 7.713830471386643 ], [ 6.425368308937152, 7.72394228025712 ], [ 6.430883883684714, 7.727619170755418 ], [ 6.435480117807629, 7.731296062253705 ], [ 6.44651079230249, 7.734972953751992 ], [ 6.453865051299374, 7.740488529499544 ], [ 6.459380627046926, 7.744165420997831 ], [ 6.467653750668148, 7.753357887243681 ], [ 6.476846217913987, 7.760712147240554 ], [ 6.484200000910505, 7.76255035448952 ], [ 6.490634918282751, 7.770823479110732 ], [ 6.498908042903963, 7.777258396482921 ], [ 6.510858059023406, 7.784612179479495 ], [ 6.518212318020289, 7.793804645725345 ], [ 6.525566101016864, 7.800239563097534 ], [ 6.539354801385628, 7.813108920841671 ], [ 6.546709061382501, 7.825059413961469 ], [ 6.561417103375902, 7.839767455954927 ], [ 6.564174652249562, 7.848040580576082 ], [ 6.569690227997114, 7.866425514067828 ], [ 6.570580958602307, 7.869692326287463 ], [ 6.584398269990515, 7.869183063941421 ], [ 6.602783203482261, 7.859071255070944 ], [ 6.615652561226341, 7.856313705197294 ], [ 6.63679504359169, 7.848959923200766 ], [ 6.653341769834412, 7.848040580576082 ], [ 6.660695552830987, 7.844363689077852 ], [ 6.670807361701463, 7.834251881207308 ], [ 6.679080486322675, 7.825059413961469 ], [ 6.691030979442473, 7.81586694671563 ], [ 6.703900337186553, 7.79840087884827 ], [ 6.710334777558501, 7.786450862728771 ] ] ] ] } },
{ "type": "Feature", "properties": { "fid": 249.0, "OBJECTID": 249.0, "lganame": "Okene", "statecode": "KO", "LGA_UID": "22_17" }, "geometry": { "type": "MultiPolygon", "coordinates": [ [ [ [ 6.408822059694785, 7.527223109595695 ], [ 6.411579608568388, 7.526303767971058 ], [ 6.418933391564906, 7.52262687747276 ], [ 6.42628765056179, 7.514353751851615 ], [ 6.436399460432312, 7.50516128460572 ], [ 6.44651079230249, 7.490453242612318 ], [ 6.45570325854834, 7.484937667864756 ], [ 6.461218834295892, 7.481260777366458 ], [ 6.467653750668148, 7.472068310120619 ], [ 6.477765559538625, 7.453683375628941 ], [ 6.486958026784464, 7.435298443137242 ], [ 6.490634918282751, 7.412317275522582 ], [ 6.489715575658124, 7.398528576153808 ], [ 6.487876892408792, 7.383820534160407 ], [ 6.489715575658124, 7.37370872528993 ], [ 6.48879623403343, 7.357162476047506 ], [ 6.485763072972588, 7.341996192742727 ], [ 6.480867862646505, 7.348299980025843 ], [ 6.477480888345212, 7.352992058213886 ], [ 6.475794792199565, 7.355919838203192 ], [ 6.47298193028837, 7.360606194387344 ], [ 6.470372199515168, 7.363700867490024 ], [ 6.466869831135512, 7.365318774589298 ], [ 6.463261126683562, 7.363599777421371 ], [ 6.459781170319104, 7.360713959460554 ], [ 6.455152988174461, 7.357837199505923 ], [ 6.450531960034652, 7.355543136947233 ], [ 6.442511081584883, 7.356773852783476 ], [ 6.438507079864337, 7.357973098598279 ], [ 6.435657977928486, 7.359745025802226 ], [ 6.434604168212502, 7.367331981957193 ], [ 6.434676170261412, 7.373159884917015 ], [ 6.434144019899861, 7.376661777296363 ], [ 6.432457923754214, 7.379590988286623 ], [ 6.426746844873833, 7.381968020901695 ], [ 6.423353194567994, 7.386075973692869 ], [ 6.422241210812444, 7.388999938679547 ], [ 6.432106017515139, 7.397664069566417 ], [ 6.432164191554648, 7.402327060734706 ], [ 6.427671908502361, 7.410523891304081 ], [ 6.426575183757166, 7.414612770082272 ], [ 6.422245025815016, 7.416828155587552 ], [ 6.37814378685033, 7.397521019469252 ], [ 6.375302791919978, 7.399876118069415 ], [ 6.367911815898196, 7.405766010071318 ], [ 6.36279010841821, 7.409305096475975 ], [ 6.358232975321869, 7.41225576448079 ], [ 6.298429011687858, 7.497266769241776 ], [ 6.295000076358065, 7.498460770053043 ], [ 6.290988921632675, 7.499076843471641 ], [ 6.284101008952689, 7.499133109509899 ], [ 6.276596068853394, 7.495697021175204 ], [ 6.274837970658893, 7.49279594420409 ], [ 6.273073196459791, 7.489314078838333 ], [ 6.271889209655342, 7.486409186864591 ], [ 6.270139217466294, 7.484090805289327 ], [ 6.267814158886495, 7.481779098718619 ], [ 6.263773918141339, 7.480062961552619 ], [ 6.259168148011952, 7.478933810785406 ], [ 6.255716800666903, 7.478380203409245 ], [ 6.252840041712318, 7.477819920028594 ], [ 6.244790077242726, 7.476719856281136 ], [ 6.23788690555233, 7.47561120952787 ], [ 6.233273983418087, 7.473898888364431 ], [ 6.226923943103543, 7.471036911419844 ], [ 6.225323200015907, 7.46839570962527 ], [ 6.219610691134505, 7.469403744310171 ], [ 6.213459014954765, 7.469403744310171 ], [ 6.206281662078084, 7.470428944006756 ], [ 6.202180862291755, 7.480681895973134 ], [ 6.198079585505127, 7.496060848422417 ], [ 6.18475103444905, 7.50938940047854 ], [ 6.172447681089466, 7.519642353444965 ], [ 6.158284187466052, 7.528297901325971 ], [ 6.15991687757537, 7.53045797279367 ], [ 6.16225576416457, 7.533936977157452 ], [ 6.164601802758568, 7.537998198916853 ], [ 6.165800094572774, 7.542068004682108 ], [ 6.166984081377223, 7.54497289665585 ], [ 6.165878772626229, 7.548480034038789 ], [ 6.164177895470573, 7.550241947235918 ], [ 6.160735130131343, 7.550271034255672 ], [ 6.155569076621248, 7.550312996284219 ], [ 6.153279781065805, 7.550914763693072 ], [ 6.149836062725967, 7.550942897712218 ], [ 6.146391869385752, 7.550971030731318 ], [ 6.142948151045914, 7.550999164750408 ], [ 6.138349055921083, 7.550453186379457 ], [ 6.133570670674374, 7.552076817482657 ], [ 6.14959430656171, 7.557558537207228 ], [ 6.173494338800651, 7.571347236576003 ], [ 6.199233532289213, 7.577781676947893 ], [ 6.215779780531591, 7.573185443824968 ], [ 6.233245850398987, 7.563073634954435 ], [ 6.247953415392089, 7.552962303084257 ], [ 6.252549647515025, 7.552962303084257 ], [ 6.256227016013611, 7.548366069961332 ], [ 6.264500140634823, 7.54560804408743 ], [ 6.273692607880662, 7.541011809964459 ], [ 6.277369499378949, 7.533658027967931 ], [ 6.282885075126501, 7.530900002093972 ], [ 6.290238857123029, 7.529981136469644 ], [ 6.294835091245943, 7.52538442634642 ], [ 6.299431324368868, 7.514353751851615 ], [ 6.320574283734516, 7.502403258731817 ], [ 6.327008724106463, 7.501484394107479 ], [ 6.339878081850543, 7.500565052482841 ], [ 6.35734415071795, 7.49872636823352 ], [ 6.366536616963799, 7.496888160984554 ], [ 6.385840893080115, 7.499645709858157 ], [ 6.399629593448935, 7.515273094476242 ], [ 6.408822059694785, 7.527223109595695 ] ] ] ] } },
{ "type": "Feature", "properties": { "fid": 254.0, "OBJECTID": 254.0, "lganame": "Kabba\/Bunu", "statecode": "KO", "LGA_UID": "22_10" }, "geometry": { "type": "MultiPolygon", "coordinates": [ [ [ [ 6.496150494030303, 8.163342475808918 ], [ 6.491554259907389, 8.144957542317229 ], [ 6.484200000910505, 8.136684417696017 ], [ 6.479603766787591, 8.125653267200903 ], [ 6.470411300541741, 8.110944748207146 ], [ 6.457541942797604, 8.093479156340095 ], [ 6.45294570867469, 8.076932907097671 ], [ 6.447430133927128, 8.063144683729263 ], [ 6.447430133927128, 8.049355507360133 ], [ 6.445591926678162, 8.035567283991668 ], [ 6.451107025425415, 8.02361679087187 ], [ 6.463976860169851, 8.006151199004819 ], [ 6.463057517545224, 7.993281364260383 ], [ 6.462138175920529, 7.975815773393322 ], [ 6.466734409043454, 7.96754264777212 ], [ 6.468573093292775, 7.955592154652322 ], [ 6.468573093292775, 7.947319031031157 ], [ 6.463976860169851, 7.942722796908242 ], [ 6.456622601172967, 7.939965248034582 ], [ 6.444672585053524, 7.945480823782191 ], [ 6.430883883684714, 7.95467329002804 ], [ 6.418933391564906, 7.96110773139992 ], [ 6.410660266943751, 7.968461990396804 ], [ 6.403306483947176, 7.976735115018016 ], [ 6.387679100329137, 8.001554488881595 ], [ 6.377567291458604, 8.00798988325414 ], [ 6.365617275339162, 8.019020080748646 ], [ 6.360101699591553, 8.027293205369858 ], [ 6.349070549096439, 8.033728599742403 ], [ 6.338959217226261, 8.042001724363615 ], [ 6.329766749980365, 8.061306000479931 ], [ 6.311381817488666, 8.075094222848406 ], [ 6.294835091245943, 8.087964057592842 ], [ 6.286561965624799, 8.09531784058936 ], [ 6.268177032133053, 8.09991455071264 ], [ 6.251630782890686, 8.100833893337267 ], [ 6.23876094814625, 8.09991455071264 ], [ 6.229568480900355, 8.09531784058936 ], [ 6.227730273651389, 8.087964057592842 ], [ 6.226810932026751, 8.080610274596268 ], [ 6.221295357279189, 8.076013565473033 ], [ 6.220376014654505, 8.068659782476459 ], [ 6.227730273651389, 8.052113533234092 ], [ 6.230487822525049, 8.045678138861547 ], [ 6.237842082521922, 8.038324355864972 ], [ 6.241518974020153, 8.033728599742403 ], [ 6.242438315644847, 8.020858764997968 ], [ 6.243357182269165, 8.010746956127434 ], [ 6.248872757016727, 7.996958732758969 ], [ 6.259903907511898, 7.980412005516257 ], [ 6.270015717382364, 7.969380856021132 ], [ 6.280127048252552, 7.964784621898218 ], [ 6.287481308249426, 7.96110773139992 ], [ 6.292996882996988, 7.953753948403346 ], [ 6.293915748621316, 7.94364213853288 ], [ 6.3012700076182, 7.941803455283548 ], [ 6.308623790614718, 7.939965248034582 ], [ 6.319654942109878, 7.928934096539422 ], [ 6.327008724106463, 7.916064738795342 ], [ 6.329766749980365, 7.903195381051205 ], [ 6.327008724106463, 7.894002913805366 ], [ 6.324251175232803, 7.887567997433109 ], [ 6.32517051685744, 7.875617981313667 ], [ 6.323331832608176, 7.855394362572667 ], [ 6.323331832608176, 7.843444347453158 ], [ 6.315334797174557, 7.833265780537317 ], [ 6.313220023737642, 7.830574988709031 ], [ 6.300350665993562, 7.82230138808751 ], [ 6.299053640112277, 7.820355907765645 ], [ 6.294835091245943, 7.814028263466355 ], [ 6.277369499378949, 7.801158904722229 ], [ 6.27185392363134, 7.791966438476379 ], [ 6.268177032133053, 7.78277397223053 ], [ 6.269096374757737, 7.775419712233656 ], [ 6.269096374757737, 7.763469696114157 ], [ 6.268177032133053, 7.753357887243681 ], [ 6.269096374757737, 7.745084762622469 ], [ 6.27185392363134, 7.729457378004383 ], [ 6.270575251762523, 7.720505358921912 ], [ 6.270015717382364, 7.716588020260247 ], [ 6.268177032133053, 7.706476212389759 ], [ 6.258984565887204, 7.706476212389759 ], [ 6.244276523893802, 7.712911128762016 ], [ 6.234164715023326, 7.718426703509579 ], [ 6.222214698903827, 7.719346046134206 ], [ 6.203829765412138, 7.720264911758534 ], [ 6.186364173545087, 7.718426703509579 ], [ 6.172575474176313, 7.714749813011281 ], [ 6.159705639431877, 7.705557345765442 ], [ 6.151432513810676, 7.700961112642517 ], [ 6.133047581318976, 7.692687511021006 ], [ 6.127532004571378, 7.683495044775157 ], [ 6.122699261287778, 7.678083897098531 ], [ 6.117819308972059, 7.686217307624815 ], [ 6.107246398788277, 7.695163249703171 ], [ 6.098299979709623, 7.704923153334562 ], [ 6.096673488604495, 7.710616112202615 ], [ 6.09423351294663, 7.717936039176209 ], [ 6.087727069525783, 7.732575417122973 ], [ 6.085706034152622, 7.738638569242596 ], [ 6.083660602762848, 7.744774818411884 ], [ 6.07634115178962, 7.754534245042919 ], [ 6.070647716921201, 7.765920638779448 ], [ 6.064954758053091, 7.773240088752686 ], [ 6.057634830079564, 7.784626484489195 ], [ 6.047865761441926, 7.797885010497737 ], [ 6.046248913343334, 7.800079345988706 ], [ 6.041368961027672, 7.802519320646525 ], [ 6.036489009711943, 7.814718722935481 ], [ 6.030578680696181, 7.821285934397565 ], [ 6.029169558738715, 7.822851658461445 ], [ 6.021849631765178, 7.840744494618775 ], [ 6.028356075186025, 7.852943896907675 ], [ 6.035676003159551, 7.867583274854439 ], [ 6.037037328084523, 7.871327229398275 ], [ 6.038928986369797, 7.876529693933094 ], [ 6.051128863659017, 7.899302006405833 ], [ 6.056008338974436, 7.91800785111559 ], [ 6.054381846869319, 7.93020725340449 ], [ 6.057634830079564, 7.939967155035902 ], [ 6.061701774842845, 7.958672999745659 ], [ 6.065768241605838, 7.96924591092943 ], [ 6.069834709368763, 7.987951755639187 ], [ 6.07634115178962, 8.002591132585962 ], [ 6.079594134999866, 8.012351036217353 ], [ 6.077154160341991, 8.023736953953517 ], [ 6.075527668236873, 8.041629791110893 ], [ 6.066581249158219, 8.056268692057301 ], [ 6.063328265947973, 8.067655562794187 ], [ 6.056008338974436, 8.084734917398805 ], [ 6.051128863659017, 8.096934318687715 ], [ 6.042182445580352, 8.116453170949853 ], [ 6.038115977817426, 8.128652573238753 ], [ 6.029169558738715, 8.144918442290646 ], [ 6.027144909363074, 8.154537200826155 ], [ 6.038115977817426, 8.157117843579556 ], [ 6.048688889001198, 8.160371779790466 ], [ 6.058448314632244, 8.159558296237776 ], [ 6.064141272500365, 8.159558296237776 ], [ 6.071461201473937, 8.162811279448022 ], [ 6.068207741263336, 8.167691230763694 ], [ 6.058448314632244, 8.181517601158077 ], [ 6.055195332422045, 8.192903518894241 ], [ 6.055195332422045, 8.20036418896342 ], [ 6.055195332422045, 8.210796356051617 ], [ 6.063328265947973, 8.220555304682364 ], [ 6.073087691579019, 8.227875709656246 ], [ 6.073087691579019, 8.232755660971918 ], [ 6.071461201473937, 8.244955063260818 ], [ 6.066581249158219, 8.259593964207284 ], [ 6.066581249158219, 8.264473914522966 ], [ 6.068207741263336, 8.268540382285948 ], [ 6.070647716921201, 8.275047301707104 ], [ 6.073087691579019, 8.282366752680332 ], [ 6.077154160341991, 8.292126656311723 ], [ 6.083660602762848, 8.301072121389723 ], [ 6.085287093867976, 8.307579040810879 ], [ 6.089353560630911, 8.324658394415508 ], [ 6.089353560630911, 8.329538344731191 ], [ 6.089353560630911, 8.336857795704418 ], [ 6.086100578420655, 8.343363762124909 ], [ 6.087030411052467, 8.354029655371903 ], [ 6.079594134999866, 8.363697051940449 ], [ 6.077967643894738, 8.369389533808203 ], [ 6.078780651447119, 8.377522469334167 ], [ 6.08203411065773, 8.390535355175814 ], [ 6.082657814081472, 8.401763915805077 ], [ 6.097486973157174, 8.414121628201599 ], [ 6.11131286555127, 8.431200980806182 ], [ 6.113124846782398, 8.441468238782306 ], [ 6.137643814441901, 8.44463157693167 ], [ 6.163383006930474, 8.451066971304215 ], [ 6.179009913548214, 8.45934009592537 ], [ 6.192798614916967, 8.464855193672634 ], [ 6.214860438906953, 8.463935852047996 ], [ 6.241518974020153, 8.45934009592537 ], [ 6.268177032133053, 8.449228287054893 ], [ 6.300350665993562, 8.428085326689256 ], [ 6.314139366362326, 8.412458420071516 ], [ 6.326089382481769, 8.403265952825677 ], [ 6.346313000222779, 8.386719703583253 ], [ 6.354586123844001, 8.373849868838818 ], [ 6.360101699591553, 8.364657401592979 ], [ 6.366536616963799, 8.360980034094382 ], [ 6.378486633083241, 8.349949836599876 ], [ 6.385840893080115, 8.340757370354027 ], [ 6.390437126203039, 8.335241317606119 ], [ 6.395952224950292, 8.328806877234229 ], [ 6.399629593448935, 8.322372436862338 ], [ 6.403306483947176, 8.313179969616442 ], [ 6.412498951193015, 8.299390793247369 ], [ 6.424448967312514, 8.282844543004956 ], [ 6.434560776182991, 8.266298293762588 ], [ 6.443753242428841, 8.25434780064279 ], [ 6.450188159801087, 8.242397307522992 ], [ 6.461218834295892, 8.229528426779154 ], [ 6.47316932741569, 8.217577933659356 ], [ 6.481442451036912, 8.197354316918393 ], [ 6.486958026784464, 8.188161849672497 ], [ 6.491554259907389, 8.177130699177383 ], [ 6.496150494030303, 8.163342475808918 ] ] ] ] } },
{ "type": "Feature", "properties": { "fid": 257.0, "OBJECTID": 257.0, "lganame": "Lokoja", "statecode": "KO", "LGA_UID": "22_12" }, "geometry": { "type": "MultiPolygon", "coordinates": [ [ [ [ 6.439156459305536, 8.493351771034725 ], [ 6.449040504021298, 8.460106421446085 ], [ 6.449096141059101, 8.459920908320044 ], [ 6.449268818176449, 8.45934009592537 ], [ 6.449430301286156, 8.458855625596243 ], [ 6.45282254759104, 8.448678442681285 ], [ 6.45294570867469, 8.448308945430256 ], [ 6.453258840887486, 8.448076619272399 ], [ 6.481126135821967, 8.427400672224053 ], [ 6.481442451036912, 8.427165985064619 ], [ 6.481943460377295, 8.42683198583768 ], [ 6.481943503377352, 8.426831957837635 ], [ 6.498897770896974, 8.41552935715805 ], [ 6.503161117793695, 8.412687187226936 ], [ 6.503504276026888, 8.412458420071516 ], [ 6.503720503173781, 8.412134067851127 ], [ 6.512477618123853, 8.398997940925767 ], [ 6.512696743272727, 8.398669242702397 ], [ 6.515094908902142, 8.394922210156494 ], [ 6.515514545187273, 8.39426654671098 ], [ 6.527194676123372, 8.376016840311138 ], [ 6.527404785266128, 8.375688553088082 ], [ 6.527781174521863, 8.375587222019249 ], [ 6.541627532929851, 8.371859537486444 ], [ 6.550928898249651, 8.369355444785072 ], [ 6.551305293505436, 8.369254111716202 ], [ 6.551529998658111, 8.368935759499891 ], [ 6.554486939667186, 8.364746470653472 ], [ 6.562038397798062, 8.354047837384257 ], [ 6.562335968000241, 8.353626251097808 ], [ 6.562639793206699, 8.353261653850097 ], [ 6.567012732177886, 8.348014037284599 ], [ 6.571219612036259, 8.342965693854467 ], [ 6.57152843524608, 8.342595099602647 ], [ 6.571752132398103, 8.342272015383116 ], [ 6.577219656113016, 8.334375286017689 ], [ 6.579580250716901, 8.330965884701129 ], [ 6.579802035867601, 8.330645561483493 ], [ 6.580142652099028, 8.33045630835494 ], [ 6.587714691243889, 8.326249135496369 ], [ 6.588075161488803, 8.32604885136027 ], [ 6.588482044765271, 8.325981028314175 ], [ 6.592654100599987, 8.32528559484166 ], [ 6.59872130972235, 8.324274263154507 ], [ 6.599105834983618, 8.324210167110948 ], [ 6.599368014161769, 8.323921766915021 ], [ 6.608036125051342, 8.314386755436431 ], [ 6.608298302229514, 8.314098358240471 ], [ 6.608435074322415, 8.313733648992638 ], [ 6.610511297733126, 8.308197289230975 ], [ 6.613677103884129, 8.29975550549517 ], [ 6.613813876977076, 8.299390793247369 ], [ 6.614099504171122, 8.299125559067136 ], [ 6.621797629401669, 8.291977077210106 ], [ 6.626397603527096, 8.287705537307772 ], [ 6.626683234721213, 8.287440300127571 ], [ 6.626833098822999, 8.287080651883173 ], [ 6.628546677987288, 8.282968347089081 ], [ 6.631072125703213, 8.276907690971143 ], [ 6.631279468844127, 8.276410102633065 ], [ 6.631484258983278, 8.275981903342142 ], [ 6.641222611600028, 8.25561980750706 ], [ 6.641391276714614, 8.255267143267417 ], [ 6.641646358887954, 8.254969551065244 ], [ 6.64465706493354, 8.251457103678661 ], [ 6.657545032690336, 8.236421329462587 ], [ 6.657938003957327, 8.235962868151091 ], [ 6.658257941174725, 8.235562935879329 ], [ 6.660383196618739, 8.232906297074294 ], [ 6.665021008769884, 8.227108882135212 ], [ 6.665291785953912, 8.226770400905195 ], [ 6.6656272111818, 8.226434999677338 ], [ 6.671450519138432, 8.220612123720969 ], [ 6.67172670432609, 8.220335959533315 ], [ 6.672060089552645, 8.220130775393898 ], [ 6.676067414275394, 8.217664433718141 ], [ 6.68147345294858, 8.214337658457737 ], [ 6.682237886467988, 8.213869630139754 ], [ 6.683005317989398, 8.213404162823508 ], [ 6.68317388510394, 8.213299040752077 ], [ 6.683338191215569, 8.213190277678166 ], [ 6.683344942220174, 8.213185419674858 ], [ 6.68367672044559, 8.212981223536133 ], [ 6.683826585547422, 8.212621569291741 ], [ 6.683830416549995, 8.212613969286565 ], [ 6.683872084578297, 8.212524926226081 ], [ 6.683951311632143, 8.212343330102726 ], [ 6.684405761940923, 8.21123589135027 ], [ 6.684787616200367, 8.210315711725059 ], [ 6.687315611918052, 8.204249037603006 ], [ 6.688008643388912, 8.202595438479477 ], [ 6.688083707439944, 8.202411203354302 ], [ 6.688114347460726, 8.202331655300213 ], [ 6.688272952568525, 8.201951027041616 ], [ 6.688318472599462, 8.201541369763277 ], [ 6.689014352072263, 8.195278823508147 ], [ 6.690066498787132, 8.185810045074561 ], [ 6.69011163681779, 8.185403823798595 ], [ 6.690273867928056, 8.185064655568112 ], [ 6.690320857959989, 8.184956787494855 ], [ 6.690403613016201, 8.184777440372955 ], [ 6.690869798332926, 8.18378486969857 ], [ 6.690955074390899, 8.183607186577831 ], [ 6.690998388420326, 8.183521129519363 ], [ 6.691042523450278, 8.18343835146311 ], [ 6.691087896481122, 8.183360452410227 ], [ 6.691091901483844, 8.183354439406116 ], [ 6.691258429596985, 8.183006287169576 ], [ 6.700223445688323, 8.164261818433602 ], [ 6.707577228684841, 8.149553299439845 ], [ 6.717689036555328, 8.133007050197421 ], [ 6.729639052674827, 8.121056557077623 ], [ 6.745266438292902, 8.101752280961307 ], [ 6.761812686535279, 8.088883400217469 ], [ 6.77927827840233, 8.044759750237517 ], [ 6.77927827840233, 8.025455475121191 ], [ 6.777440071153364, 7.997877598383297 ], [ 6.778359412778002, 7.99052381538678 ], [ 6.782955646900973, 7.96754264777212 ], [ 6.784793854149939, 7.953753948403346 ], [ 6.790309428897501, 7.936288356536295 ], [ 6.792148113146823, 7.915145397170647 ], [ 6.790309428897501, 7.885729790184143 ], [ 6.784793854149939, 7.863667488193869 ], [ 6.774682045279405, 7.829655647084394 ], [ 6.769437789716221, 7.800436020231018 ], [ 6.768247603907525, 7.793804645725345 ], [ 6.758135796037038, 7.752438544618997 ], [ 6.755282879098615, 7.73032712859532 ], [ 6.749862671415826, 7.734972953751992 ], [ 6.724123477927265, 7.75979280461587 ], [ 6.717689036555328, 7.773581504984691 ], [ 6.714931010681426, 7.780935286981219 ], [ 6.710334777558501, 7.786450862728771 ], [ 6.703900337186553, 7.79840087884827 ], [ 6.691030979442473, 7.81586694671563 ], [ 6.679080486322675, 7.825059413961469 ], [ 6.670807361701463, 7.834251881207308 ], [ 6.660695552830987, 7.844363689077852 ], [ 6.653341769834412, 7.848040580576082 ], [ 6.63679504359169, 7.848959923200766 ], [ 6.615652561226341, 7.856313705197294 ], [ 6.602783203482261, 7.859071255070944 ], [ 6.584398269990515, 7.869183063941421 ], [ 6.570580958602307, 7.869692326287463 ], [ 6.567851542747803, 7.872859955439708 ], [ 6.559578419126638, 7.883891105934879 ], [ 6.546709061382501, 7.887567997433109 ], [ 6.537516594136662, 7.882971764310184 ], [ 6.52924346851546, 7.87837553018727 ], [ 6.512696743272727, 7.872859955439708 ], [ 6.496150494030303, 7.869183063941421 ], [ 6.480523109412275, 7.860909939320209 ], [ 6.457541942797604, 7.857233046821932 ], [ 6.445591926678162, 7.85447502094803 ], [ 6.433641433558364, 7.843444347453158 ], [ 6.424448967312514, 7.833332538582681 ], [ 6.408822059694785, 7.824140072336832 ], [ 6.400548458073217, 7.819543839213907 ], [ 6.386759757704453, 7.811270713592705 ], [ 6.373890399960317, 7.810351371968068 ], [ 6.364697932714478, 7.810351371968068 ], [ 6.355505466468628, 7.808512687718746 ], [ 6.344474315973514, 7.807593346094109 ], [ 6.339878081850543, 7.811270713592705 ], [ 6.336201191352302, 7.818624495589233 ], [ 6.324251175232803, 7.827816962835129 ], [ 6.315334797174557, 7.833265780537317 ], [ 6.323331832608176, 7.843444347453158 ], [ 6.323331832608176, 7.855394362572667 ], [ 6.32517051685744, 7.875617981313667 ], [ 6.324251175232803, 7.887567997433109 ], [ 6.327008724106463, 7.894002913805366 ], [ 6.329766749980365, 7.903195381051205 ], [ 6.327008724106463, 7.916064738795342 ], [ 6.319654942109878, 7.928934096539422 ], [ 6.308623790614718, 7.939965248034582 ], [ 6.3012700076182, 7.941803455283548 ], [ 6.293915748621316, 7.94364213853288 ], [ 6.292996882996988, 7.953753948403346 ], [ 6.287481308249426, 7.96110773139992 ], [ 6.280127048252552, 7.964784621898218 ], [ 6.270015717382364, 7.969380856021132 ], [ 6.259903907511898, 7.980412005516257 ], [ 6.248872757016727, 7.996958732758969 ], [ 6.243357182269165, 8.010746956127434 ], [ 6.242438315644847, 8.020858764997968 ], [ 6.241518974020153, 8.033728599742403 ], [ 6.237842082521922, 8.038324355864972 ], [ 6.230487822525049, 8.045678138861547 ], [ 6.227730273651389, 8.052113533234092 ], [ 6.220376014654505, 8.068659782476459 ], [ 6.221295357279189, 8.076013565473033 ], [ 6.226810932026751, 8.080610274596268 ], [ 6.227730273651389, 8.087964057592842 ], [ 6.229568480900355, 8.09531784058936 ], [ 6.23876094814625, 8.09991455071264 ], [ 6.251630782890686, 8.100833893337267 ], [ 6.268177032133053, 8.09991455071264 ], [ 6.286561965624799, 8.09531784058936 ], [ 6.294835091245943, 8.087964057592842 ], [ 6.311381817488666, 8.075094222848406 ], [ 6.329766749980365, 8.061306000479931 ], [ 6.338959217226261, 8.042001724363615 ], [ 6.349070549096439, 8.033728599742403 ], [ 6.360101699591553, 8.027293205369858 ], [ 6.365617275339162, 8.019020080748646 ], [ 6.377567291458604, 8.00798988325414 ], [ 6.387679100329137, 8.001554488881595 ], [ 6.403306483947176, 7.976735115018016 ], [ 6.410660266943751, 7.968461990396804 ], [ 6.418933391564906, 7.96110773139992 ], [ 6.430883883684714, 7.95467329002804 ], [ 6.444672585053524, 7.945480823782191 ], [ 6.456622601172967, 7.939965248034582 ], [ 6.463976860169851, 7.942722796908242 ], [ 6.468573093292775, 7.947319031031157 ], [ 6.468573093292775, 7.955592154652322 ], [ 6.466734409043454, 7.96754264777212 ], [ 6.462138175920529, 7.975815773393322 ], [ 6.463057517545224, 7.993281364260383 ], [ 6.463976860169851, 8.006151199004819 ], [ 6.451107025425415, 8.02361679087187 ], [ 6.445591926678162, 8.035567283991668 ], [ 6.447430133927128, 8.049355507360133 ], [ 6.447430133927128, 8.063144683729263 ], [ 6.45294570867469, 8.076932907097671 ], [ 6.457541942797604, 8.093479156340095 ], [ 6.470411300541741, 8.110944748207146 ], [ 6.479603766787591, 8.125653267200903 ], [ 6.484200000910505, 8.136684417696017 ], [ 6.491554259907389, 8.144957542317229 ], [ 6.496150494030303, 8.163342475808918 ], [ 6.491554259907389, 8.177130699177383 ], [ 6.486958026784464, 8.188161849672497 ], [ 6.481442451036912, 8.197354316918393 ], [ 6.47316932741569, 8.217577933659356 ], [ 6.461218834295892, 8.229528426779154 ], [ 6.450188159801087, 8.242397307522992 ], [ 6.443753242428841, 8.25434780064279 ], [ 6.434560776182991, 8.266298293762588 ], [ 6.424448967312514, 8.282844543004956 ], [ 6.412498951193015, 8.299390793247369 ], [ 6.403306483947176, 8.313179969616442 ], [ 6.399629593448935, 8.322372436862338 ], [ 6.395952224950292, 8.328806877234229 ], [ 6.390437126203039, 8.335241317606119 ], [ 6.385840893080115, 8.340757370354027 ], [ 6.378486633083241, 8.349949836599876 ], [ 6.366536616963799, 8.360980034094382 ], [ 6.360101699591553, 8.364657401592979 ], [ 6.354586123844001, 8.373849868838818 ], [ 6.346313000222779, 8.386719703583253 ], [ 6.326089382481769, 8.403265952825677 ], [ 6.314139366362326, 8.412458420071516 ], [ 6.300350665993562, 8.428085326689256 ], [ 6.268177032133053, 8.449228287054893 ], [ 6.241518974020153, 8.45934009592537 ], [ 6.214860438906953, 8.463935852047996 ], [ 6.192798614916967, 8.464855193672634 ], [ 6.179009913548214, 8.45934009592537 ], [ 6.163383006930474, 8.451066971304215 ], [ 6.137643814441901, 8.44463157693167 ], [ 6.113124846782398, 8.441468238782306 ], [ 6.113752842209067, 8.4450263981999 ], [ 6.113752842209067, 8.461293221252447 ], [ 6.117005825419369, 8.483251572172094 ], [ 6.119445801077177, 8.510904311960871 ], [ 6.123512267840169, 8.538556098748927 ], [ 6.125139235945596, 8.555635452353556 ], [ 6.13327217147156, 8.567834853642466 ], [ 6.139778613892361, 8.58084774048416 ], [ 6.147911549418325, 8.59630107898397 ], [ 6.154417991839125, 8.617446899351535 ], [ 6.1625509263651, 8.637779236166409 ], [ 6.169870377338327, 8.662991524296956 ], [ 6.183696746732664, 8.686576843322086 ], [ 6.208536147609891, 8.732375145439903 ], [ 6.224512577465134, 8.735114098300869 ], [ 6.246574879455409, 8.738791465799466 ], [ 6.267717360820768, 8.738791465799466 ], [ 6.30264902055518, 8.727760315304295 ], [ 6.323791503920518, 8.713051796310594 ], [ 6.343095779036844, 8.697424888692808 ], [ 6.358722686654573, 8.684555053948372 ], [ 6.375269412897296, 8.661574364334058 ], [ 6.379865646020221, 8.648704528589633 ], [ 6.384096621894969, 8.644262313571346 ], [ 6.39825057951191, 8.629400253473307 ], [ 6.405604361508495, 8.611934661606256 ], [ 6.408037186161494, 8.603014945545681 ], [ 6.408139783231206, 8.60263875229009 ], [ 6.413735305033072, 8.582121529349592 ], [ 6.413877487129696, 8.581600188995367 ], [ 6.414004880216226, 8.581228625742938 ], [ 6.414004889216244, 8.581228600742918 ], [ 6.423598154734407, 8.55324831073159 ], [ 6.424754707520265, 8.549875040439645 ], [ 6.42490863762481, 8.549426079134605 ], [ 6.42498993468007, 8.549042827874189 ], [ 6.429110143479534, 8.529619381676866 ], [ 6.429117865484784, 8.529582980652151 ], [ 6.430722803575293, 8.522016893511363 ], [ 6.431197565897889, 8.519773146986836 ], [ 6.431260699940765, 8.519480794788194 ], [ 6.431262257941796, 8.519473902783488 ], [ 6.431343554997056, 8.519090651523072 ], [ 6.431457464074469, 8.51871541826813 ], [ 6.432302082648334, 8.515933114377674 ], [ 6.432302993648932, 8.515930114375635 ], [ 6.432307276651841, 8.515916003366044 ], [ 6.439156459305536, 8.493351771034725 ] ] ] ] } },
{ "type": "Feature", "properties": { "fid": 279.0, "OBJECTID": 279.0, "lganame": "Bassa", "statecode": "KO", "LGA_UID": "22_04" }, "geometry": { "type": "MultiPolygon", "coordinates": [ [ [ [ 7.445786953263678, 8.044860840306228 ], [ 7.430526732895089, 8.022708893255015 ], [ 7.424780845990995, 8.014568328723897 ], [ 7.418077469436355, 8.007386207843979 ], [ 7.409458636580268, 7.989669799806506 ], [ 7.396530150795968, 7.974826335721048 ], [ 7.389826775241374, 7.960940361286191 ], [ 7.385038375987847, 7.948969841152802 ], [ 7.377856255107929, 7.935562611043224 ], [ 7.3711528775533, 7.926943779187127 ], [ 7.358703136094334, 7.914015293402827 ], [ 7.350563048563515, 7.900129794968279 ], [ 7.346253871635611, 7.874752044725312 ], [ 7.347211361286213, 7.859908580639853 ], [ 7.349126815587624, 7.846980094855553 ], [ 7.346732615960889, 7.841712952276794 ], [ 7.3347620958275, 7.832136630770094 ], [ 7.322312832368823, 7.823517798914054 ], [ 7.314651489163282, 7.820166110636706 ], [ 7.297413826451077, 7.811547278780608 ], [ 7.287837504944434, 7.804843426225659 ], [ 7.274909019160134, 7.802928447924558 ], [ 7.261023044725277, 7.79957675864722 ], [ 7.249052524591889, 7.794788361393728 ], [ 7.235166550157032, 7.79143667211639 ], [ 7.21745014211956, 7.788563728164377 ], [ 7.206437110636728, 7.784732818561451 ], [ 7.197339535455342, 7.780902385958882 ], [ 7.180580616068426, 7.768453120500169 ], [ 7.176750183465856, 7.762707232596085 ], [ 7.160470009404207, 7.741159915955734 ], [ 7.148020743945551, 7.725358963219719 ], [ 7.13652896913743, 7.71578216571271 ], [ 7.126952647630731, 7.711951733110141 ], [ 7.114982128497331, 7.702854155928776 ], [ 7.104447842339766, 7.699023724326139 ], [ 7.084337233675569, 7.696629523699414 ], [ 7.051777362552684, 7.696150780374126 ], [ 7.0331029888643, 7.695672035048858 ], [ 7.008683205272234, 7.695192813723224 ], [ 7.001021862066693, 7.695192813723224 ], [ 6.989530087258572, 7.688968182493909 ], [ 6.976601601474272, 7.677955151011076 ], [ 6.972292422546388, 7.671730517781725 ], [ 6.969419478594375, 7.663111686925618 ], [ 6.961279392063545, 7.658323764672446 ], [ 6.949308871930157, 7.642522334936132 ], [ 6.938774585772592, 7.632946014429479 ], [ 6.918185233783106, 7.627200126525395 ], [ 6.909087657601731, 7.624327182573381 ], [ 6.876527786478846, 7.620017528645178 ], [ 6.853544234862568, 7.609004498162335 ], [ 6.841094494403535, 7.60134363195715 ], [ 6.83199691822216, 7.591288090124863 ], [ 6.825293540667531, 7.582190513943488 ], [ 6.821463108064961, 7.571177483460644 ], [ 6.820505142414049, 7.56207990627928 ], [ 6.819068909438215, 7.556812762700474 ], [ 6.820505142414049, 7.553461075423172 ], [ 6.820026398088771, 7.54723644319381 ], [ 6.816195965486202, 7.536702156036256 ], [ 6.816195965486202, 7.525210381228135 ], [ 6.812844276208864, 7.515155315396214 ], [ 6.813323020534142, 7.498875141334622 ], [ 6.814280510184744, 7.475412846393056 ], [ 6.815717220160877, 7.464878559235501 ], [ 6.813199043449913, 7.452984810154248 ], [ 6.807577132630115, 7.444767951571293 ], [ 6.794648646845815, 7.44189500761928 ], [ 6.785072327339151, 7.443810462920737 ], [ 6.774538040181596, 7.451950550451556 ], [ 6.769270896602791, 7.458653927006196 ], [ 6.765440464000221, 7.46823024651286 ], [ 6.758737087445581, 7.477328299694534 ], [ 6.754427432517389, 7.480201243646547 ], [ 6.739105225106641, 7.48115873329715 ], [ 6.73575353582936, 7.482116221947706 ], [ 6.729528903599999, 7.486904621201177 ], [ 6.724740505346517, 7.48786210985179 ], [ 6.718515873117155, 7.48786210985179 ], [ 6.709030627672348, 7.488724709437861 ], [ 6.713092804432449, 7.512515067602294 ], [ 6.710334777558501, 7.538254261090856 ], [ 6.699304104063629, 7.574104786449595 ], [ 6.699304104063629, 7.589732170067691 ], [ 6.709415912934162, 7.617309569805229 ], [ 6.720446587428967, 7.637532710545884 ], [ 6.735154629422425, 7.65040206929001 ], [ 6.744347094668228, 7.67062568703102 ], [ 6.748943328791199, 7.689010619522719 ], [ 6.75262022028943, 7.707395554014397 ], [ 6.755282879098615, 7.73032712859532 ], [ 6.758135796037038, 7.752438544618997 ], [ 6.768247603907525, 7.793804645725345 ], [ 6.769437789716221, 7.800436020231018 ], [ 6.788011551336183, 7.811270713592705 ], [ 6.799042224830998, 7.823220729712205 ], [ 6.825700282943899, 7.833332538582681 ], [ 6.849600792183196, 7.849878787825105 ], [ 6.88361311029297, 7.857233046821932 ], [ 6.91670608477807, 7.864586829818506 ], [ 6.963587760631981, 7.879294871811908 ], [ 6.966546534642305, 7.87906122165316 ], [ 6.979474545426285, 7.887680053509257 ], [ 7.006289004645453, 7.902523517594716 ], [ 7.035497189491082, 7.923113345584511 ], [ 7.072845458867448, 7.942744731923142 ], [ 7.117855072449345, 7.959024905984734 ], [ 7.195903301479461, 7.993021488083798 ], [ 7.25384092284537, 8.015047073049175 ], [ 7.305553912981907, 8.025581360206729 ], [ 7.393178462518676, 8.041861534268321 ], [ 7.404485226201075, 8.042964935018063 ], [ 7.432442188196546, 8.045692443871246 ], [ 7.445786953263678, 8.044860840306228 ] ] ] ] } },
{ "type": "Feature", "properties": { "fid": 285.0, "OBJECTID": 285.0, "lganame": "Ofu", "statecode": "KO", "LGA_UID": "22_14" }, "geometry": { "type": "MultiPolygon", "coordinates": [ [ [ [ 6.813199043449913, 7.452984810154248 ], [ 6.818110942787314, 7.451950550451556 ], [ 6.822899342040785, 7.448598862174208 ], [ 6.827208995969045, 7.442852974270181 ], [ 6.832954883873072, 7.439501285992833 ], [ 6.837264060800976, 7.43519163106464 ], [ 6.844446658681193, 7.42848825451 ], [ 6.847798346958541, 7.425136566232709 ], [ 6.849234580934365, 7.421784400955062 ], [ 6.863599299694499, 7.412686824773687 ], [ 6.87126064290004, 7.408856392171117 ], [ 6.877006530804124, 7.410771847472574 ], [ 6.886104106985499, 7.413165569098965 ], [ 6.89759588179362, 7.413165569098965 ], [ 6.91579103515636, 7.419390678328625 ], [ 6.927282809964481, 7.4155597687257 ], [ 6.93398666351942, 7.410292625146951 ], [ 6.943084239700795, 7.412686824773687 ], [ 6.954576014508916, 7.416038513050978 ], [ 6.964631081340883, 7.414602280075144 ], [ 6.967025279967629, 7.413165569098965 ], [ 6.975644111823726, 7.413644791424588 ], [ 6.982826709703943, 7.41699647870189 ], [ 6.992881774535874, 7.416038513050978 ], [ 7.002937317368151, 7.412208080448409 ], [ 7.014429092176272, 7.412686824773687 ], [ 7.020653725405623, 7.417475224027157 ], [ 7.028314589610829, 7.432797432437894 ], [ 7.029751300587009, 7.445725918222195 ], [ 7.03597593281637, 7.45338678442738 ], [ 7.045073508997746, 7.465357303560779 ], [ 7.053692340853786, 7.475412846393056 ], [ 7.069493770590157, 7.483074187598618 ], [ 7.082900523699379, 7.487383365526455 ], [ 7.09199857688111, 7.484989165899719 ], [ 7.100138187411574, 7.477807045019802 ], [ 7.100617408737207, 7.472539902441042 ], [ 7.100617408737207, 7.459132671331474 ], [ 7.099659443086296, 7.450513840475367 ], [ 7.100138187411574, 7.442852974270181 ], [ 7.104447842339766, 7.436628342040819 ], [ 7.103011131363587, 7.429445744160603 ], [ 7.106842040966512, 7.422263622280695 ], [ 7.107320786291837, 7.417475224027157 ], [ 7.113545417521152, 7.41172933612313 ], [ 7.118812561099958, 7.406462192544325 ], [ 7.125037193329263, 7.394491673410926 ], [ 7.129346848257512, 7.384436130578649 ], [ 7.132698535534814, 7.375817298722552 ], [ 7.137486457787986, 7.369592667493237 ], [ 7.144462108527591, 7.361756325168813 ], [ 7.148083209987988, 7.35583066914262 ], [ 7.1645441061724, 7.35155057923447 ], [ 7.179687977461924, 7.350892066787083 ], [ 7.196807384093745, 7.350563048563515 ], [ 7.208659172146497, 7.35155057923447 ], [ 7.213268280278157, 7.351880074458336 ], [ 7.234667300817762, 7.36406087873462 ], [ 7.241580485514987, 7.372620582550553 ], [ 7.246848106094092, 7.383484839932294 ], [ 7.247835635765057, 7.390727519853385 ], [ 7.25014019033091, 7.402249812682214 ], [ 7.253761767791559, 7.407517433261319 ], [ 7.273185252988924, 7.412455558616557 ], [ 7.278452872568039, 7.411468028945592 ], [ 7.283061980699699, 7.409163475379728 ], [ 7.286024569712652, 7.406858920813875 ], [ 7.295901299423406, 7.404554367248068 ], [ 7.304460526238984, 7.401262283011249 ], [ 7.307423592252292, 7.398957729445442 ], [ 7.314008235726249, 7.399286746668963 ], [ 7.330139636686738, 7.40257930790608 ], [ 7.337711333831351, 7.401920795458693 ], [ 7.352526187897354, 7.398628712221864 ], [ 7.360756397489411, 7.397311687327033 ], [ 7.36503648839755, 7.397640704550554 ], [ 7.368987083081777, 7.399286746668963 ], [ 7.375900268778935, 7.399945259116407 ], [ 7.386435508937154, 7.399286746668963 ], [ 7.394336700305644, 7.400274754340273 ], [ 7.407176018029361, 7.398299216997998 ], [ 7.415406226621371, 7.396982670103455 ], [ 7.424953461108316, 7.398957729445442 ], [ 7.435488701266479, 7.399286746668963 ], [ 7.443718909858546, 7.398957729445442 ], [ 7.450632571556014, 7.399286746668963 ], [ 7.463800906503309, 7.402249812682214 ], [ 7.47426652861418, 7.403488158523601 ], [ 7.474006653437641, 7.398299216997998 ], [ 7.472360611319232, 7.39171504952435 ], [ 7.47137308064822, 7.384142876379428 ], [ 7.47137308064822, 7.374266623668973 ], [ 7.47104358742439, 7.370316028984746 ], [ 7.463800906503309, 7.357805729484539 ], [ 7.45886278214806, 7.350234032339927 ], [ 7.451949120450593, 7.34332036964247 ], [ 7.447010994095365, 7.337394237615911 ], [ 7.441085339069161, 7.331139565366186 ], [ 7.433842182147771, 7.327847004129012 ], [ 7.430879593134819, 7.326859474458047 ], [ 7.41869831085819, 7.325871943787035 ], [ 7.408493041924203, 7.322579860550263 ], [ 7.404542446239986, 7.31402015673433 ], [ 7.4025669098977, 7.307106495036805 ], [ 7.401579380226678, 7.300522326563168 ], [ 7.395982742424053, 7.296242713655374 ], [ 7.388740062502961, 7.295584202207976 ], [ 7.383143424700336, 7.295584202207976 ], [ 7.376229763002812, 7.292950153418246 ], [ 7.372279167318595, 7.286365985944599 ], [ 7.368328570634333, 7.281098843365839 ], [ 7.356476783581627, 7.278135777352588 ], [ 7.351538658226389, 7.273197650997361 ], [ 7.347917079765693, 7.265296458628882 ], [ 7.34660053287115, 7.257724285483903 ], [ 7.344954490752741, 7.253444671576119 ], [ 7.346271037647284, 7.246860027102173 ], [ 7.341003895068525, 7.240605353852402 ], [ 7.338369846278795, 7.231716155812649 ], [ 7.334090233371001, 7.217889309417956 ], [ 7.330139636686738, 7.207354546260035 ], [ 7.32487201710768, 7.200111866339 ], [ 7.317629337186588, 7.192868710417599 ], [ 7.312361716607484, 7.18924760795727 ], [ 7.307423592252292, 7.183321475930711 ], [ 7.298863888436358, 7.183321475930711 ], [ 7.286683083160085, 7.182004929036168 ], [ 7.26890564008113, 7.182992457707144 ], [ 7.263967036725603, 7.183979988378155 ], [ 7.251127720001875, 7.19122266829919 ], [ 7.23795938505458, 7.209659099825899 ], [ 7.23335027692292, 7.213938712733693 ], [ 7.221169471646647, 7.227436542904854 ], [ 7.216560363514986, 7.231716155812649 ], [ 7.213926314725256, 7.235008240049467 ], [ 7.202404021896427, 7.238958835733683 ], [ 7.1895647051727, 7.241263390299537 ], [ 7.178041935343515, 7.240605353852402 ], [ 7.165531634843376, 7.239617348181127 ], [ 7.15400934201449, 7.238629817510116 ], [ 7.146766663093445, 7.238629817510116 ], [ 7.140840530066896, 7.238300800286595 ], [ 7.136889935382669, 7.23928832995756 ], [ 7.132610321474885, 7.239617348181127 ], [ 7.125037193329263, 7.24078893697714 ], [ 7.121206759726704, 7.241268158302773 ], [ 7.113545417521152, 7.241268158302773 ], [ 7.104447842339766, 7.244141102254787 ], [ 7.099180697761028, 7.2470140462068 ], [ 7.095829010483669, 7.245577335230621 ], [ 7.091519355555477, 7.247492789532089 ], [ 7.087688922952907, 7.248450279182691 ], [ 7.084815979000837, 7.248450279182691 ], [ 7.076675892470064, 7.252280711785261 ], [ 7.071887970216892, 7.253238678436162 ], [ 7.064705372336618, 7.252759933110895 ], [ 7.051298141227051, 7.261857510292259 ], [ 7.047946452949759, 7.263772487593371 ], [ 7.044116020347133, 7.259942054990802 ], [ 7.043158530696587, 7.248450279182691 ], [ 7.045552254323013, 7.241268158302773 ], [ 7.044116020347133, 7.236001014723968 ], [ 7.042679310371, 7.224030494590579 ], [ 7.041243076395119, 7.21732664103564 ], [ 7.037412642792503, 7.211102008806279 ], [ 7.031666755888466, 7.205834866227519 ], [ 7.019695758754722, 7.201525688299625 ], [ 7.009161948597523, 7.200088978323436 ], [ 6.99814891811468, 7.19913148867289 ], [ 6.990008830583861, 7.194821834744687 ], [ 6.983305454029221, 7.194821834744687 ], [ 6.972771167871656, 7.194821834744687 ], [ 6.962716103039725, 7.194821834744687 ], [ 6.949308871930157, 7.19242811211825 ], [ 6.942605495375517, 7.193385600768806 ], [ 6.940403460879338, 7.19424724635428 ], [ 6.931592463892684, 7.197694777696711 ], [ 6.92871952094066, 7.19913148867289 ], [ 6.918185233783106, 7.199610232998168 ], [ 6.912439345879022, 7.203440665600738 ], [ 6.901905059721457, 7.208707809179543 ], [ 6.890413283913347, 7.217805386360908 ], [ 6.875569819827945, 7.224987984241125 ], [ 6.864078045019824, 7.229776382494663 ], [ 6.844446658681193, 7.23552227039869 ], [ 6.839179516102433, 7.235043049073113 ], [ 6.827687740294323, 7.242225646953329 ], [ 6.817153454136758, 7.245577335230621 ], [ 6.811886310557952, 7.246534823881234 ], [ 6.807577132630115, 7.2470140462068 ], [ 6.796085357821994, 7.254674911411996 ], [ 6.790818214243188, 7.261378764966992 ], [ 6.776453495483054, 7.27334928510038 ], [ 6.770228863253692, 7.280531405980298 ], [ 6.764961719674943, 7.288192749185839 ], [ 6.752991198541508, 7.289628983161663 ], [ 6.746766567312193, 7.288671493511117 ], [ 6.743893623360123, 7.281968116956477 ], [ 6.743893623360123, 7.273828030425648 ], [ 6.741499423733387, 7.264251708919005 ], [ 6.739105225106641, 7.258984566340246 ], [ 6.737189769805184, 7.245577335230621 ], [ 6.736232281154628, 7.234564303747788 ], [ 6.729528903599999, 7.224509238915857 ], [ 6.722346305719725, 7.213974952758292 ], [ 6.719473361767712, 7.206313609552808 ], [ 6.718515873117155, 7.194821834744687 ], [ 6.714206219188952, 7.186682224214167 ], [ 6.710375785586336, 7.175669192731334 ], [ 6.70343017586714, 7.170575619270494 ], [ 6.700792789075138, 7.178488254646766 ], [ 6.697583674894702, 7.204161644090618 ], [ 6.693305015987562, 7.216998099812372 ], [ 6.690157412848919, 7.219573020561938 ], [ 6.693788528316077, 7.243175982599041 ], [ 6.69286918569145, 7.257883548592133 ], [ 6.691030979442473, 7.276268482083822 ], [ 6.69286918569145, 7.29465341557551 ], [ 6.699304104063629, 7.320392609064129 ], [ 6.702980994561926, 7.348889351426294 ], [ 6.708496571309524, 7.369112492167005 ], [ 6.703900337186553, 7.395771027280205 ], [ 6.702980994561926, 7.451844692379609 ], [ 6.706657887060203, 7.474825858994222 ], [ 6.709030627672348, 7.488724709437861 ], [ 6.718515873117155, 7.48786210985179 ], [ 6.724740505346517, 7.48786210985179 ], [ 6.729528903599999, 7.486904621201177 ], [ 6.73575353582936, 7.482116221947706 ], [ 6.739105225106641, 7.48115873329715 ], [ 6.754427432517389, 7.480201243646547 ], [ 6.758737087445581, 7.477328299694534 ], [ 6.765440464000221, 7.46823024651286 ], [ 6.769270896602791, 7.458653927006196 ], [ 6.774538040181596, 7.451950550451556 ], [ 6.785072327339151, 7.443810462920737 ], [ 6.794648646845815, 7.44189500761928 ], [ 6.807577132630115, 7.444767951571293 ], [ 6.813199043449913, 7.452984810154248 ] ] ] ] } },
{ "type": "Feature", "properties": { "fid": 287.0, "OBJECTID": 287.0, "lganame": "Igalamela-Odolu", "statecode": "KO", "LGA_UID": "22_08" }, "geometry": { "type": "MultiPolygon", "coordinates": [ [ [ [ 7.307423592252292, 7.183321475930711 ], [ 7.301497936226042, 7.173115729996368 ], [ 7.29820585298927, 7.165215014628245 ], [ 7.297217846317949, 7.160605907496574 ], [ 7.29557180419954, 7.154679775470015 ], [ 7.293267249633686, 7.148754120443812 ], [ 7.291950702739143, 7.144145012312151 ], [ 7.290304660620734, 7.135256290272707 ], [ 7.288000107054927, 7.126696587456763 ], [ 7.285366058265197, 7.122087479325103 ], [ 7.283720016146788, 7.11616182329891 ], [ 7.284708022818108, 7.112540244838215 ], [ 7.288987636725892, 7.108589649153942 ], [ 7.292938232410165, 7.10562658314069 ], [ 7.313020229054928, 7.102005481680294 ], [ 7.327176570673487, 7.100359439561885 ], [ 7.33738231660783, 7.096079349653792 ], [ 7.347588061542126, 7.092787266416963 ], [ 7.353843211792196, 7.088178158285302 ], [ 7.360756397489411, 7.080935478364268 ], [ 7.365365504621082, 7.068754673087938 ], [ 7.3686575888579, 7.056902885035242 ], [ 7.3686575888579, 7.050318717561595 ], [ 7.366837024620907, 7.039865971459449 ], [ 7.353936671855706, 7.034337520703104 ], [ 7.327153205657623, 7.024096488744817 ], [ 7.312185764487936, 7.005190371899005 ], [ 7.310143948100631, 7.00399971009 ], [ 7.293279647642123, 6.994162083405797 ], [ 7.257830619556159, 6.980770111306583 ], [ 7.241288185316364, 6.97131729088386 ], [ 7.238136768175139, 6.957925319784636 ], [ 7.238924502710347, 6.941382407544495 ], [ 7.242863655386827, 6.92799043744526 ], [ 7.238136768175139, 6.921688557163463 ], [ 7.234985828034212, 6.91066026667022 ], [ 7.219230652329315, 6.905933380458521 ], [ 7.209887980981421, 6.902819157342549 ], [ 7.187720775919843, 6.901206970247188 ], [ 7.175904273891092, 6.896480560035798 ], [ 7.170390129144494, 6.883876324471828 ], [ 7.156210422510014, 6.883088588936573 ], [ 7.152271747833879, 6.875998974119511 ], [ 7.146757603087281, 6.864182472090761 ], [ 7.134153365523275, 6.854729651668038 ], [ 7.119973659888842, 6.848427296385864 ], [ 7.11288404507178, 6.837399005892678 ], [ 7.10106754304303, 6.828733444004797 ], [ 7.09319019269077, 6.819280623582074 ], [ 7.081373691662009, 6.800374507736251 ], [ 7.074284076844947, 6.798799037665788 ], [ 7.060104370210468, 6.794860362989652 ], [ 7.055377959999134, 6.786194801101828 ], [ 7.04198598889991, 6.783043860960902 ], [ 7.030169963871458, 6.785407065566574 ], [ 7.020716667448369, 6.789345741242698 ], [ 7.004961490743483, 6.785407065566574 ], [ 6.990782261109359, 6.785407065566574 ], [ 6.986055373897671, 6.7885580057075 ], [ 6.985267639362462, 6.798799037665788 ], [ 6.986843109432925, 6.806676388018104 ], [ 6.987630843968134, 6.812978745300256 ], [ 6.989994525574161, 6.823219299258199 ], [ 6.989994525574161, 6.833460331216486 ], [ 6.986843109432925, 6.84448862070974 ], [ 6.978178023545354, 6.850002766456328 ], [ 6.963210583375712, 6.84448862070974 ], [ 6.960817336749585, 6.840898991270706 ], [ 6.961418152157819, 6.848509789441891 ], [ 6.963064194276228, 6.85970306404721 ], [ 6.962735176052718, 6.871225356876096 ], [ 6.960759639710432, 6.89097833629728 ], [ 6.962076663605274, 6.897562503770928 ], [ 6.961418152157819, 6.905793190363283 ], [ 6.960430622486854, 6.914352417178861 ], [ 6.961418152157819, 6.928838253021297 ], [ 6.957467556473603, 6.934763908047501 ], [ 6.950883388999955, 6.944311141534399 ], [ 6.942323685184022, 6.953858376021344 ], [ 6.936068534933952, 6.957479954482039 ], [ 6.925533771776088, 6.963405608508197 ], [ 6.921912670315692, 6.968014716639914 ], [ 6.919278621526018, 6.971306800876732 ], [ 6.901830195670641, 6.982171059258462 ], [ 6.894587516749539, 6.987767696061098 ], [ 6.892612457407608, 6.994351863534746 ], [ 6.895246029196983, 6.998302460219008 ], [ 6.901830195670641, 7.00126552623226 ], [ 6.905780792354847, 7.006203650587452 ], [ 6.906439303802301, 7.012458800837578 ], [ 6.901171684223186, 7.016080379298273 ], [ 6.892612457407608, 7.016080379298273 ], [ 6.886686325381049, 7.015092372626953 ], [ 6.883394241144231, 7.015092372626953 ], [ 6.87252998376249, 7.022006035324466 ], [ 6.869237899525672, 7.021677017100899 ], [ 6.867262840183741, 7.016738414745362 ], [ 6.863970279946557, 7.011471272166602 ], [ 6.853106498565182, 7.013446330508543 ], [ 6.846851349315102, 7.013446330508543 ], [ 6.835658072709748, 7.017067908969238 ], [ 6.816563605735951, 7.021018504653455 ], [ 6.802078246893871, 7.022664546771864 ], [ 6.791213988512084, 7.024639606113851 ], [ 6.784629822038482, 7.027602673127092 ], [ 6.775740622998683, 7.030565739140343 ], [ 6.767839431630193, 7.033528805153651 ], [ 6.758292198143295, 7.036491394166546 ], [ 6.748086452208952, 7.038137436284956 ], [ 6.736564159380123, 7.039125442956276 ], [ 6.73239040354423, 7.039344788105325 ], [ 6.73261356369585, 7.046038627653445 ], [ 6.733272076143294, 7.048672676443175 ], [ 6.73425960481427, 7.052293776903525 ], [ 6.732284546472329, 7.058548927153652 ], [ 6.733601093366872, 7.063158035285312 ], [ 6.732284546472329, 7.069083691311505 ], [ 6.732284546472329, 7.072376250548643 ], [ 6.735247135485281, 7.080935478364268 ], [ 6.735576629709158, 7.085874080719805 ], [ 6.736235142156545, 7.088178158285302 ], [ 6.740514755064339, 7.093775272088294 ], [ 6.744465350748612, 7.096737862101236 ], [ 6.747098922537987, 7.101346970232896 ], [ 6.747757434985431, 7.10562658314069 ], [ 6.747428416761863, 7.109906673048783 ], [ 6.744465350748612, 7.115503310851466 ], [ 6.741502284735361, 7.119453906535682 ], [ 6.728991985235155, 7.121758461101535 ], [ 6.7201032641957, 7.123733521443512 ], [ 6.71576881425068, 7.122821330823683 ], [ 6.71576881425068, 7.135699271573685 ], [ 6.711490154343494, 7.148535728295428 ], [ 6.707211018436055, 7.159233092563795 ], [ 6.70343017586714, 7.170575619270494 ], [ 6.710375785586336, 7.175669192731334 ], [ 6.714206219188952, 7.186682224214167 ], [ 6.718515873117155, 7.194821834744687 ], [ 6.719473361767712, 7.206313609552808 ], [ 6.722346305719725, 7.213974952758292 ], [ 6.729528903599999, 7.224509238915857 ], [ 6.736232281154628, 7.234564303747788 ], [ 6.737189769805184, 7.245577335230621 ], [ 6.739105225106641, 7.258984566340246 ], [ 6.741499423733387, 7.264251708919005 ], [ 6.743893623360123, 7.273828030425648 ], [ 6.743893623360123, 7.281968116956477 ], [ 6.746766567312193, 7.288671493511117 ], [ 6.752991198541508, 7.289628983161663 ], [ 6.764961719674943, 7.288192749185839 ], [ 6.770228863253692, 7.280531405980298 ], [ 6.776453495483054, 7.27334928510038 ], [ 6.790818214243188, 7.261378764966992 ], [ 6.796085357821994, 7.254674911411996 ], [ 6.807577132630115, 7.2470140462068 ], [ 6.811886310557952, 7.246534823881234 ], [ 6.817153454136758, 7.245577335230621 ], [ 6.827687740294323, 7.242225646953329 ], [ 6.839179516102433, 7.235043049073113 ], [ 6.844446658681193, 7.23552227039869 ], [ 6.864078045019824, 7.229776382494663 ], [ 6.875569819827945, 7.224987984241125 ], [ 6.890413283913347, 7.217805386360908 ], [ 6.901905059721457, 7.208707809179543 ], [ 6.912439345879022, 7.203440665600738 ], [ 6.918185233783106, 7.199610232998168 ], [ 6.92871952094066, 7.19913148867289 ], [ 6.931592463892684, 7.197694777696711 ], [ 6.940403460879338, 7.19424724635428 ], [ 6.942605495375517, 7.193385600768806 ], [ 6.949308871930157, 7.19242811211825 ], [ 6.962716103039725, 7.194821834744687 ], [ 6.972771167871656, 7.194821834744687 ], [ 6.983305454029221, 7.194821834744687 ], [ 6.990008830583861, 7.194821834744687 ], [ 6.99814891811468, 7.19913148867289 ], [ 7.009161948597523, 7.200088978323436 ], [ 7.019695758754722, 7.201525688299625 ], [ 7.031666755888466, 7.205834866227519 ], [ 7.037412642792503, 7.211102008806279 ], [ 7.041243076395119, 7.21732664103564 ], [ 7.042679310371, 7.224030494590579 ], [ 7.044116020347133, 7.236001014723968 ], [ 7.045552254323013, 7.241268158302773 ], [ 7.043158530696587, 7.248450279182691 ], [ 7.044116020347133, 7.259942054990802 ], [ 7.047946452949759, 7.263772487593371 ], [ 7.051298141227051, 7.261857510292259 ], [ 7.064705372336618, 7.252759933110895 ], [ 7.071887970216892, 7.253238678436162 ], [ 7.076675892470064, 7.252280711785261 ], [ 7.084815979000837, 7.248450279182691 ], [ 7.087688922952907, 7.248450279182691 ], [ 7.091519355555477, 7.247492789532089 ], [ 7.095829010483669, 7.245577335230621 ], [ 7.099180697761028, 7.2470140462068 ], [ 7.104447842339766, 7.244141102254787 ], [ 7.113545417521152, 7.241268158302773 ], [ 7.121206759726704, 7.241268158302773 ], [ 7.125037193329263, 7.24078893697714 ], [ 7.132610321474885, 7.239617348181127 ], [ 7.136889935382669, 7.23928832995756 ], [ 7.140840530066896, 7.238300800286595 ], [ 7.146766663093445, 7.238629817510116 ], [ 7.15400934201449, 7.238629817510116 ], [ 7.165531634843376, 7.239617348181127 ], [ 7.178041935343515, 7.240605353852402 ], [ 7.1895647051727, 7.241263390299537 ], [ 7.202404021896427, 7.238958835733683 ], [ 7.213926314725256, 7.235008240049467 ], [ 7.216560363514986, 7.231716155812649 ], [ 7.221169471646647, 7.227436542904854 ], [ 7.23335027692292, 7.213938712733693 ], [ 7.23795938505458, 7.209659099825899 ], [ 7.251127720001875, 7.19122266829919 ], [ 7.263967036725603, 7.183979988378155 ], [ 7.26890564008113, 7.182992457707144 ], [ 7.286683083160085, 7.182004929036168 ], [ 7.298863888436358, 7.183321475930711 ], [ 7.307423592252292, 7.183321475930711 ] ] ] ] } },
{ "type": "Feature", "properties": { "fid": 288.0, "OBJECTID": 288.0, "lganame": "Kogi", "statecode": "KO", "LGA_UID": "22_11" }, "geometry": { "type": "MultiPolygon", "coordinates": [ [ [ [ 6.95117759719983, 8.34627246910128 ], [ 6.941985129953991, 8.322372436862338 ], [ 6.934631347957463, 8.31042194374254 ], [ 6.934631347957463, 8.30122947749669 ], [ 6.941065788329354, 8.292956351875489 ], [ 6.953016281449152, 8.283763884629593 ], [ 6.959450721821042, 8.275490761008427 ], [ 6.964966296568605, 8.265378952137894 ], [ 6.970481873316203, 8.245155334396941 ], [ 6.972320556565478, 8.224931716655931 ], [ 6.979674338562063, 8.211143494287455 ], [ 6.992543697306189, 8.195515632669071 ], [ 7.0008172989277, 8.181727409300606 ], [ 7.002655506176666, 8.167018890306849 ], [ 6.997139931429103, 8.153230666938441 ], [ 6.98335123106034, 8.11554145833037 ], [ 6.987028598558936, 8.092559813715411 ], [ 6.987028598558936, 8.077852248722309 ], [ 6.977376461000745, 8.05027484898477 ], [ 6.970941543628555, 8.030051231243817 ], [ 6.97278022787782, 8.019939423373273 ], [ 6.97921466824971, 8.000635147256958 ], [ 6.978295325625083, 7.985927582263855 ], [ 6.963587760631981, 7.960188388775293 ], [ 6.960829734758022, 7.942722796908242 ], [ 6.957152843259735, 7.929853439164106 ], [ 6.95255661013681, 7.917903423044606 ], [ 6.954395294386131, 7.905033588300171 ], [ 6.959910393133384, 7.896760463678959 ], [ 6.962668419007343, 7.887567997433109 ], [ 6.963587760631981, 7.879294871811908 ], [ 6.91670608477807, 7.864586829818506 ], [ 6.88361311029297, 7.857233046821932 ], [ 6.849600792183196, 7.849878787825105 ], [ 6.825700282943899, 7.833332538582681 ], [ 6.799042224830998, 7.823220729712205 ], [ 6.788011551336183, 7.811270713592705 ], [ 6.769437789716221, 7.800436020231018 ], [ 6.774682045279405, 7.829655647084394 ], [ 6.784793854149939, 7.863667488193869 ], [ 6.790309428897501, 7.885729790184143 ], [ 6.792148113146823, 7.915145397170647 ], [ 6.790309428897501, 7.936288356536295 ], [ 6.784793854149939, 7.953753948403346 ], [ 6.782955646900973, 7.96754264777212 ], [ 6.778359412778002, 7.99052381538678 ], [ 6.777440071153364, 7.997877598383297 ], [ 6.77927827840233, 8.025455475121191 ], [ 6.77927827840233, 8.044759750237517 ], [ 6.761812686535279, 8.088883400217469 ], [ 6.745266438292902, 8.101752280961307 ], [ 6.729639052674827, 8.121056557077623 ], [ 6.717689036555328, 8.133007050197421 ], [ 6.707577228684841, 8.149553299439845 ], [ 6.700223445688323, 8.164261818433602 ], [ 6.691258429596985, 8.183006287169576 ], [ 6.691575548812466, 8.183232788323437 ], [ 6.69944518115949, 8.188853637142586 ], [ 6.69976377537597, 8.189081192297181 ], [ 6.700055290574028, 8.189372719495225 ], [ 6.712357692932983, 8.201675576854484 ], [ 6.712633133120107, 8.201951027041616 ], [ 6.712659067137736, 8.202340101305992 ], [ 6.7139709480291, 8.222021373678501 ], [ 6.714444015350523, 8.229118480500631 ], [ 6.714471340369073, 8.229528426779154 ], [ 6.71457232643769, 8.229907070036461 ], [ 6.718048260799435, 8.242940026891745 ], [ 6.71814870786767, 8.243316650147619 ], [ 6.724583149239606, 8.24975109051951 ], [ 6.721825600365946, 8.258943557765349 ], [ 6.719986916116682, 8.27457141938379 ], [ 6.720275316312609, 8.274833597561894 ], [ 6.729810327791199, 8.283501709451457 ], [ 6.730098723987169, 8.283763884629593 ], [ 6.730332654146082, 8.283451978417702 ], [ 6.739406656311473, 8.271353309197195 ], [ 6.742148747174554, 8.267696910712857 ], [ 6.742747395581318, 8.266896373168947 ], [ 6.743462923067511, 8.265931771513522 ], [ 6.74358476015027, 8.265774587406725 ], [ 6.743647211192695, 8.265698122354763 ], [ 6.743653494196963, 8.265690858349842 ], [ 6.743887424355933, 8.265378952137894 ], [ 6.744256290606529, 8.265255986054342 ], [ 6.749034131852852, 8.263663234972171 ], [ 6.749403000103484, 8.263540267888629 ], [ 6.749719608318628, 8.263766386042278 ], [ 6.749724850322195, 8.263769364044265 ], [ 6.74980626937753, 8.263820273078863 ], [ 6.749967920487336, 8.263929989153439 ], [ 6.750128766596617, 8.264045055231577 ], [ 6.750770995033008, 8.264513037549591 ], [ 6.751333609415269, 8.26491810682478 ], [ 6.755275492093574, 8.267733078737422 ], [ 6.755401215179006, 8.267824135799287 ], [ 6.755837917475731, 8.268136024011199 ], [ 6.756154723690997, 8.26840007619063 ], [ 6.76105363501955, 8.27248320796491 ], [ 6.761353016222984, 8.272732735134468 ], [ 6.761429459274893, 8.273114912394135 ], [ 6.761431889276594, 8.273123528399992 ], [ 6.761455564292646, 8.273218873464771 ], [ 6.761477352307452, 8.273315339530313 ], [ 6.761517598334819, 8.273510253662778 ], [ 6.761745516489668, 8.274687811462854 ], [ 6.762135433754565, 8.276644417792284 ], [ 6.763110809417299, 8.281520786105546 ], [ 6.763191700472248, 8.281925201380318 ], [ 6.763123879426189, 8.282332088656801 ], [ 6.761417110266507, 8.292571819614182 ], [ 6.761353016222984, 8.292956351875489 ], [ 6.76100981598978, 8.293141147000995 ], [ 6.756522587940935, 8.295557277642672 ], [ 6.749746201336677, 8.299205997121817 ], [ 6.749403000103484, 8.299390793247369 ], [ 6.749525944187042, 8.299759658497976 ], [ 6.75111826226896, 8.30453702374399 ], [ 6.75124120735245, 8.304905890994633 ], [ 6.751628721615759, 8.304944645020953 ], [ 6.75163595062071, 8.304946247022031 ], [ 6.751729890684487, 8.304962274032903 ], [ 6.751826067749846, 8.304975502041884 ], [ 6.751923741816256, 8.304986857049641 ], [ 6.75212161795065, 8.305006404062908 ], [ 6.752918789492298, 8.305077506111218 ], [ 6.753612925963921, 8.30514395815635 ], [ 6.756835793153755, 8.305465379374766 ], [ 6.760046646335354, 8.305786479592939 ], [ 6.760434150598655, 8.30582523261927 ], [ 6.760812779855939, 8.305987526729552 ], [ 6.760891131909148, 8.306018425750551 ], [ 6.761165418095516, 8.306134023829088 ], [ 6.762077925715516, 8.306528413097055 ], [ 6.76271935315134, 8.306803199283763 ], [ 6.764019532034752, 8.307352364656879 ], [ 6.764191410151511, 8.307430006709637 ], [ 6.764269094204337, 8.307468362735676 ], [ 6.764274496207975, 8.307471339737731 ], [ 6.764973157682675, 8.307770810941179 ], [ 6.766523320735928, 8.308435265392632 ], [ 6.766868590970546, 8.308583260493208 ], [ 6.766980337046505, 8.308955708746282 ], [ 6.769508058763961, 8.317380574470576 ], [ 6.769626616844505, 8.317775725739068 ], [ 6.769655970864449, 8.318186867018426 ], [ 6.770012699106815, 8.32318327741325 ], [ 6.77001321910717, 8.323190552418168 ], [ 6.770517754449997, 8.330257188219605 ], [ 6.770545483468823, 8.330645561483493 ], [ 6.770690002566994, 8.33100678572896 ], [ 6.772239605619916, 8.334879991360594 ], [ 6.772384166718098, 8.335241317606119 ], [ 6.772732310954666, 8.335067268487876 ], [ 6.776722589665894, 8.333072387132404 ], [ 6.776723130666255, 8.333072117132247 ], [ 6.779389801478146, 8.331738955226399 ], [ 6.779737948714683, 8.331564903108131 ], [ 6.780148747993792, 8.331530667084905 ], [ 6.790381801946694, 8.330677838505437 ], [ 6.790769100209843, 8.330645561483493 ], [ 6.79108100842177, 8.330879484642423 ], [ 6.794726098898423, 8.333613225499903 ], [ 6.801420460446934, 8.338633850911151 ], [ 6.801800250704957, 8.338918686104705 ], [ 6.802300811045086, 8.339252364331401 ], [ 6.80245831615207, 8.339358303403401 ], [ 6.804031495221011, 8.340406053115316 ], [ 6.806991563232202, 8.342379260456028 ], [ 6.8073153504522, 8.342595099602647 ], [ 6.807459905550445, 8.342956451848181 ], [ 6.807462827552399, 8.342962486852286 ], [ 6.807541552605926, 8.343142134974357 ], [ 6.807652586681343, 8.343417331161334 ], [ 6.807942456878322, 8.344156232663352 ], [ 6.808198370052196, 8.344800926101414 ], [ 6.80946334291167, 8.347964525250916 ], [ 6.810109902350973, 8.349581520349602 ], [ 6.810731798773531, 8.351146136412694 ], [ 6.810845411850721, 8.351419990598743 ], [ 6.810847605852246, 8.351424823602031 ], [ 6.810992717950796, 8.351787566848486 ], [ 6.811250358125903, 8.352109659067366 ], [ 6.811302216161096, 8.352178344114009 ], [ 6.811425443244843, 8.352334988220434 ], [ 6.812363391882116, 8.353501810013256 ], [ 6.813382321574466, 8.354774958878295 ], [ 6.814295988195227, 8.355916581653958 ], [ 6.814349593231668, 8.355984204699951 ], [ 6.814669609449084, 8.356384276971767 ], [ 6.814993674669267, 8.356816377265375 ], [ 6.822707497910471, 8.367101771253772 ], [ 6.822942734070296, 8.367415428466927 ], [ 6.823117491189009, 8.367764941704365 ], [ 6.823120064190789, 8.367769746707665 ], [ 6.823254948282454, 8.368034319887386 ], [ 6.823961817762722, 8.369453107851427 ], [ 6.825290689665621, 8.372111195657453 ], [ 6.825778642997136, 8.373085569319528 ], [ 6.826313000360244, 8.37414782004123 ], [ 6.826442639448317, 8.37441473922263 ], [ 6.82644486044984, 8.374419682225948 ], [ 6.826619624568593, 8.374769211463445 ], [ 6.826696487620779, 8.375153447724529 ], [ 6.82706992987454, 8.37702026599294 ], [ 6.827069943874562, 8.377020337992974 ], [ 6.827185816953261, 8.377605316390429 ], [ 6.827377764083678, 8.378584585055819 ], [ 6.82741754011073, 8.378779889188536 ], [ 6.82746036013981, 8.378973984320396 ], [ 6.827462508141252, 8.378982753326341 ], [ 6.82753896719322, 8.379364966586081 ], [ 6.827757531341717, 8.379714704823698 ], [ 6.830233312023893, 8.383676365515441 ], [ 6.831916643167631, 8.386369975345644 ], [ 6.832135201316134, 8.386719703583253 ], [ 6.832426943514349, 8.387011416781434 ], [ 6.834154805688399, 8.388739098955341 ], [ 6.836455693251708, 8.391039747518505 ], [ 6.836731434439059, 8.391315459705879 ], [ 6.8367955214826, 8.391699980967132 ], [ 6.837586688020167, 8.396446984192494 ], [ 6.837650776063697, 8.39683151245373 ], [ 6.837375035876391, 8.397107223641058 ], [ 6.833330287128149, 8.401151554389003 ], [ 6.833054542940772, 8.401427268576356 ], [ 6.832685259689868, 8.401550377659987 ], [ 6.832678700685449, 8.401552972661761 ], [ 6.832586441622766, 8.401587150684975 ], [ 6.832399797495952, 8.401652066729071 ], [ 6.830892543471805, 8.402148592066453 ], [ 6.82965623663182, 8.402560168346099 ], [ 6.825150699570486, 8.404062187366662 ], [ 6.824781418319617, 8.404185295450304 ], [ 6.824974692450894, 8.404523517680104 ], [ 6.829446506489319, 8.412349046997178 ], [ 6.831941928184847, 8.416715954964275 ], [ 6.832135201316134, 8.417054176194085 ], [ 6.832135201316134, 8.417444066459041 ], [ 6.832135201316134, 8.424939583551861 ], [ 6.832135201316134, 8.425327300815297 ], [ 6.831859564128877, 8.425602973002583 ], [ 6.828091295568527, 8.429371729563286 ], [ 6.825056038506204, 8.432407379625886 ], [ 6.824781418319617, 8.43268203681248 ], [ 6.824829780352445, 8.433068935075369 ], [ 6.825925044096607, 8.441831045028835 ], [ 6.827260971004307, 8.452518463290403 ], [ 6.827841606398863, 8.457163541446505 ], [ 6.827889919431698, 8.457550048709152 ], [ 6.833537612269026, 8.457616079754018 ], [ 6.834390161848262, 8.457626047760755 ], [ 6.887284070787189, 8.458244470180944 ], [ 6.921116401774668, 8.458640028449736 ], [ 6.940821987163702, 8.458870419606285 ], [ 6.947562636743669, 8.45612112073826 ], [ 6.977416201027779, 8.443944556464828 ], [ 6.980814909337028, 8.443727661317496 ], [ 6.969562530691576, 8.391315459705879 ], [ 6.957612513572087, 8.374769211463445 ], [ 6.955773830322755, 8.359142302845726 ], [ 6.95117759719983, 8.34627246910128 ] ] ] ] } },
{ "type": "Feature", "properties": { "fid": 298.0, "OBJECTID": 298.0, "lganame": "Dekina", "statecode": "KO", "LGA_UID": "22_05" }, "geometry": { "type": "MultiPolygon", "coordinates": [ [ [ [ 7.483005046551625, 7.507169246970079 ], [ 7.482089519929559, 7.503295422337999 ], [ 7.4825062752127, 7.494540691389545 ], [ 7.477920532096903, 7.482450485174809 ], [ 7.478754043663287, 7.477030754492375 ], [ 7.477920532096903, 7.461605549011665 ], [ 7.479170798946427, 7.449098586513742 ], [ 7.477503299813463, 7.43700885829935 ], [ 7.47416830054749, 7.414495945002898 ], [ 7.475001812113817, 7.406157970337631 ], [ 7.47426652861418, 7.403488158523601 ], [ 7.463800906503309, 7.402249812682214 ], [ 7.450632571556014, 7.399286746668963 ], [ 7.443718909858546, 7.398957729445442 ], [ 7.435488701266479, 7.399286746668963 ], [ 7.424953461108316, 7.398957729445442 ], [ 7.415406226621371, 7.396982670103455 ], [ 7.407176018029361, 7.398299216997998 ], [ 7.394336700305644, 7.400274754340273 ], [ 7.386435508937154, 7.399286746668963 ], [ 7.375900268778935, 7.399945259116407 ], [ 7.368987083081777, 7.399286746668963 ], [ 7.36503648839755, 7.397640704550554 ], [ 7.360756397489411, 7.397311687327033 ], [ 7.352526187897354, 7.398628712221864 ], [ 7.337711333831351, 7.401920795458693 ], [ 7.330139636686738, 7.40257930790608 ], [ 7.314008235726249, 7.399286746668963 ], [ 7.307423592252292, 7.398957729445442 ], [ 7.304460526238984, 7.401262283011249 ], [ 7.295901299423406, 7.404554367248068 ], [ 7.286024569712652, 7.406858920813875 ], [ 7.283061980699699, 7.409163475379728 ], [ 7.278452872568039, 7.411468028945592 ], [ 7.273185252988924, 7.412455558616557 ], [ 7.253761767791559, 7.407517433261319 ], [ 7.25014019033091, 7.402249812682214 ], [ 7.247835635765057, 7.390727519853385 ], [ 7.246848106094092, 7.383484839932294 ], [ 7.241580485514987, 7.372620582550553 ], [ 7.234667300817762, 7.36406087873462 ], [ 7.213268280278157, 7.351880074458336 ], [ 7.208659172146497, 7.35155057923447 ], [ 7.196807384093745, 7.350563048563515 ], [ 7.179687977461924, 7.350892066787083 ], [ 7.1645441061724, 7.35155057923447 ], [ 7.148083209987988, 7.35583066914262 ], [ 7.144462108527591, 7.361756325168813 ], [ 7.137486457787986, 7.369592667493237 ], [ 7.132698535534814, 7.375817298722552 ], [ 7.129346848257512, 7.384436130578649 ], [ 7.125037193329263, 7.394491673410926 ], [ 7.118812561099958, 7.406462192544325 ], [ 7.113545417521152, 7.41172933612313 ], [ 7.107320786291837, 7.417475224027157 ], [ 7.106842040966512, 7.422263622280695 ], [ 7.103011131363587, 7.429445744160603 ], [ 7.104447842339766, 7.436628342040819 ], [ 7.100138187411574, 7.442852974270181 ], [ 7.099659443086296, 7.450513840475367 ], [ 7.100617408737207, 7.459132671331474 ], [ 7.100617408737207, 7.472539902441042 ], [ 7.100138187411574, 7.477807045019802 ], [ 7.09199857688111, 7.484989165899719 ], [ 7.082900523699379, 7.487383365526455 ], [ 7.069493770590157, 7.483074187598618 ], [ 7.053692340853786, 7.475412846393056 ], [ 7.045073508997746, 7.465357303560779 ], [ 7.03597593281637, 7.45338678442738 ], [ 7.029751300587009, 7.445725918222195 ], [ 7.028314589610829, 7.432797432437894 ], [ 7.020653725405623, 7.417475224027157 ], [ 7.014429092176272, 7.412686824773687 ], [ 7.002937317368151, 7.412208080448409 ], [ 6.992881774535874, 7.416038513050978 ], [ 6.982826709703943, 7.41699647870189 ], [ 6.975644111823726, 7.413644791424588 ], [ 6.967025279967629, 7.413165569098965 ], [ 6.964631081340883, 7.414602280075144 ], [ 6.954576014508916, 7.416038513050978 ], [ 6.943084239700795, 7.412686824773687 ], [ 6.93398666351942, 7.410292625146951 ], [ 6.927282809964481, 7.4155597687257 ], [ 6.91579103515636, 7.419390678328625 ], [ 6.89759588179362, 7.413165569098965 ], [ 6.886104106985499, 7.413165569098965 ], [ 6.877006530804124, 7.410771847472574 ], [ 6.87126064290004, 7.408856392171117 ], [ 6.863599299694499, 7.412686824773687 ], [ 6.849234580934365, 7.421784400955062 ], [ 6.847798346958541, 7.425136566232709 ], [ 6.844446658681193, 7.42848825451 ], [ 6.837264060800976, 7.43519163106464 ], [ 6.832954883873072, 7.439501285992833 ], [ 6.827208995969045, 7.442852974270181 ], [ 6.822899342040785, 7.448598862174208 ], [ 6.818110942787314, 7.451950550451556 ], [ 6.813199043449913, 7.452984810154248 ], [ 6.815717220160877, 7.464878559235501 ], [ 6.814280510184744, 7.475412846393056 ], [ 6.813323020534142, 7.498875141334622 ], [ 6.812844276208864, 7.515155315396214 ], [ 6.816195965486202, 7.525210381228135 ], [ 6.816195965486202, 7.536702156036256 ], [ 6.820026398088771, 7.54723644319381 ], [ 6.820505142414049, 7.553461075423172 ], [ 6.819068909438215, 7.556812762700474 ], [ 6.820505142414049, 7.56207990627928 ], [ 6.821463108064961, 7.571177483460644 ], [ 6.825293540667531, 7.582190513943488 ], [ 6.83199691822216, 7.591288090124863 ], [ 6.841094494403535, 7.60134363195715 ], [ 6.853544234862568, 7.609004498162335 ], [ 6.876527786478846, 7.620017528645178 ], [ 6.909087657601731, 7.624327182573381 ], [ 6.918185233783106, 7.627200126525395 ], [ 6.938774585772592, 7.632946014429479 ], [ 6.949308871930157, 7.642522334936132 ], [ 6.961279392063545, 7.658323764672446 ], [ 6.969419478594375, 7.663111686925618 ], [ 6.972292422546388, 7.671730517781725 ], [ 6.976601601474272, 7.677955151011076 ], [ 6.989530087258572, 7.688968182493909 ], [ 7.001021862066693, 7.695192813723224 ], [ 7.008683205272234, 7.695192813723224 ], [ 7.0331029888643, 7.695672035048858 ], [ 7.051777362552684, 7.696150780374126 ], [ 7.084337233675569, 7.696629523699414 ], [ 7.104447842339766, 7.699023724326139 ], [ 7.114982128497331, 7.702854155928776 ], [ 7.126952647630731, 7.711951733110141 ], [ 7.13652896913743, 7.71578216571271 ], [ 7.148020743945551, 7.725358963219719 ], [ 7.160470009404207, 7.741159915955734 ], [ 7.176750183465856, 7.762707232596085 ], [ 7.180580616068426, 7.768453120500169 ], [ 7.197339535455342, 7.780902385958882 ], [ 7.206437110636728, 7.784732818561451 ], [ 7.21745014211956, 7.788563728164377 ], [ 7.235166550157032, 7.79143667211639 ], [ 7.249052524591889, 7.794788361393728 ], [ 7.261023044725277, 7.79957675864722 ], [ 7.274909019160134, 7.802928447924558 ], [ 7.287837504944434, 7.804843426225659 ], [ 7.297413826451077, 7.811547278780608 ], [ 7.314651489163282, 7.820166110636706 ], [ 7.322312832368823, 7.823517798914054 ], [ 7.3347620958275, 7.832136630770094 ], [ 7.346732615960889, 7.841712952276794 ], [ 7.349126815587624, 7.846980094855553 ], [ 7.355204104716904, 7.827082157335838 ], [ 7.366753577564225, 7.811456679719072 ], [ 7.376944065488146, 7.801266192795083 ], [ 7.38305854764269, 7.791075705871151 ], [ 7.388493538335467, 7.786999226101386 ], [ 7.402081012567521, 7.761862755022321 ], [ 7.412271500491499, 7.736725806942957 ], [ 7.428576468569929, 7.717024325556736 ], [ 7.436728477108886, 7.70003986401656 ], [ 7.442163466801674, 7.687811374707906 ], [ 7.443522452725063, 7.667429923859629 ], [ 7.442842960263363, 7.653842925627941 ], [ 7.440125465416941, 7.630064964471899 ], [ 7.444201946186752, 7.619874476547977 ], [ 7.447598457494507, 7.607645512238946 ], [ 7.449636935879539, 7.599493026699747 ], [ 7.453712939648995, 7.588623047314059 ], [ 7.454392433110684, 7.574356555620682 ], [ 7.466620922419395, 7.560089587926939 ], [ 7.472055912112182, 7.550578594464639 ], [ 7.476811409343327, 7.539029120617329 ], [ 7.483605384959503, 7.517968655307754 ], [ 7.483005046551625, 7.507169246970079 ] ] ] ] } },
{ "type": "Feature", "properties": { "fid": 301.0, "OBJECTID": 301.0, "lganame": "Omala", "statecode": "KO", "LGA_UID": "22_19" }, "geometry": { "type": "MultiPolygon", "coordinates": [ [ [ [ 7.676837921251945, 8.014471053657815 ], [ 7.671111107360844, 7.982657909042246 ], [ 7.664317607744977, 7.935101985730228 ], [ 7.663638115283277, 7.905889033881408 ], [ 7.66975259843781, 7.884828567571788 ], [ 7.692851067132153, 7.83863115318286 ], [ 7.72817850113546, 7.792434215794174 ], [ 7.744690418354537, 7.768656730638497 ], [ 7.752635478752836, 7.744198799020523 ], [ 7.752635478752836, 7.70819234755578 ], [ 7.753994464676168, 7.679658890168639 ], [ 7.754673958137857, 7.661315917705451 ], [ 7.754673958137857, 7.647728443473397 ], [ 7.752448081625516, 7.647782802510335 ], [ 7.726819515212071, 7.648407935935097 ], [ 7.717308520749839, 7.644331455165343 ], [ 7.704400538979428, 7.642293452780621 ], [ 7.693530559593796, 7.640934943857587 ], [ 7.67790508297702, 7.637537955549476 ], [ 7.669073104976121, 7.638217449011165 ], [ 7.657524109129099, 7.637537955549476 ], [ 7.650730132512933, 7.633461474779665 ], [ 7.633066653511435, 7.630064964471899 ], [ 7.616082190971269, 7.625988482702155 ], [ 7.605891705047327, 7.622591972394389 ], [ 7.597060204046727, 7.621232986471 ], [ 7.580755233968262, 7.606287003315913 ], [ 7.572602749429052, 7.600172520161379 ], [ 7.565808772812829, 7.587264538391025 ], [ 7.556977271812286, 7.574356555620682 ], [ 7.552221774581142, 7.564166068696693 ], [ 7.539992809272121, 7.553975581772761 ], [ 7.533199309656254, 7.543784617848473 ], [ 7.526405334040078, 7.533594130924541 ], [ 7.524367331655355, 7.528838633693397 ], [ 7.518932342962501, 7.526121139846964 ], [ 7.516214848116135, 7.522724151538853 ], [ 7.506703853653846, 7.518648147769454 ], [ 7.492436885960103, 7.51321315807661 ], [ 7.483005046551625, 7.507169246970079 ], [ 7.483605384959503, 7.517968655307754 ], [ 7.476811409343327, 7.539029120617329 ], [ 7.472055912112182, 7.550578594464639 ], [ 7.466620922419395, 7.560089587926939 ], [ 7.454392433110684, 7.574356555620682 ], [ 7.453712939648995, 7.588623047314059 ], [ 7.449636935879539, 7.599493026699747 ], [ 7.447598457494507, 7.607645512238946 ], [ 7.444201946186752, 7.619874476547977 ], [ 7.440125465416941, 7.630064964471899 ], [ 7.442842960263363, 7.653842925627941 ], [ 7.443522452725063, 7.667429923859629 ], [ 7.442163466801674, 7.687811374707906 ], [ 7.436728477108886, 7.70003986401656 ], [ 7.428576468569929, 7.717024325556736 ], [ 7.412271500491499, 7.736725806942957 ], [ 7.402081012567521, 7.761862755022321 ], [ 7.388493538335467, 7.786999226101386 ], [ 7.38305854764269, 7.791075705871151 ], [ 7.376944065488146, 7.801266192795083 ], [ 7.366753577564225, 7.811456679719072 ], [ 7.355204104716904, 7.827082157335838 ], [ 7.349126815587624, 7.846980094855553 ], [ 7.347211361286213, 7.859908580639853 ], [ 7.346253871635611, 7.874752044725312 ], [ 7.350563048563515, 7.900129794968279 ], [ 7.358703136094334, 7.914015293402827 ], [ 7.3711528775533, 7.926943779187127 ], [ 7.377856255107929, 7.935562611043224 ], [ 7.385038375987847, 7.948969841152802 ], [ 7.389826775241374, 7.960940361286191 ], [ 7.396530150795968, 7.974826335721048 ], [ 7.409458636580268, 7.989669799806506 ], [ 7.418077469436355, 8.007386207843979 ], [ 7.424780845990995, 8.014568328723897 ], [ 7.430526732895089, 8.022708893255015 ], [ 7.445786953263678, 8.044860840306228 ], [ 7.450995444802572, 8.04651832643242 ], [ 7.505344867730457, 8.047198295894418 ], [ 7.542710304118543, 8.043121338124308 ], [ 7.583472728814684, 8.037686348431521 ], [ 7.624914168972168, 8.029534339892564 ], [ 7.66567611666801, 8.019343375968333 ], [ 7.677225589515331, 8.01662635812221 ], [ 7.676837921251945, 8.014471053657815 ] ] ] ] } },
{ "type": "Feature", "properties": { "fid": 321.0, "OBJECTID": 321.0, "lganame": "Ibaji", "statecode": "KO", "LGA_UID": "22_06" }, "geometry": { "type": "MultiPolygon", "coordinates": [ [ [ [ 6.835658072709748, 7.017067908969238 ], [ 6.846851349315102, 7.013446330508543 ], [ 6.853106498565182, 7.013446330508543 ], [ 6.863970279946557, 7.011471272166602 ], [ 6.867262840183741, 7.016738414745362 ], [ 6.869237899525672, 7.021677017100899 ], [ 6.87252998376249, 7.022006035324466 ], [ 6.883394241144231, 7.015092372626953 ], [ 6.886686325381049, 7.015092372626953 ], [ 6.892612457407608, 7.016080379298273 ], [ 6.901171684223186, 7.016080379298273 ], [ 6.906439303802301, 7.012458800837578 ], [ 6.905780792354847, 7.006203650587452 ], [ 6.901830195670641, 7.00126552623226 ], [ 6.895246029196983, 6.998302460219008 ], [ 6.892612457407608, 6.994351863534746 ], [ 6.894587516749539, 6.987767696061098 ], [ 6.901830195670641, 6.982171059258462 ], [ 6.919278621526018, 6.971306800876732 ], [ 6.921912670315692, 6.968014716639914 ], [ 6.925533771776088, 6.963405608508197 ], [ 6.936068534933952, 6.957479954482039 ], [ 6.942323685184022, 6.953858376021344 ], [ 6.950883388999955, 6.944311141534399 ], [ 6.957467556473603, 6.934763908047501 ], [ 6.961418152157819, 6.928838253021297 ], [ 6.960430622486854, 6.914352417178861 ], [ 6.961418152157819, 6.905793190363283 ], [ 6.962076663605274, 6.897562503770928 ], [ 6.960759639710432, 6.89097833629728 ], [ 6.962735176052718, 6.871225356876096 ], [ 6.963064194276228, 6.85970306404721 ], [ 6.961418152157819, 6.848509789441891 ], [ 6.960817336749585, 6.840898991270706 ], [ 6.952182292882526, 6.827945709469589 ], [ 6.952182292882526, 6.808251858088511 ], [ 6.949030875741244, 6.7885580057075 ], [ 6.93957805631851, 6.773591041538111 ], [ 6.932072639218916, 6.767693519531065 ], [ 6.931231975647734, 6.788033009350784 ], [ 6.923388004318156, 6.801978110825814 ], [ 6.912057399619528, 6.800670623937435 ], [ 6.896804810256128, 6.792390823311734 ], [ 6.884820938113648, 6.772780417987349 ], [ 6.8830776209291, 6.768422604026455 ], [ 6.878283977672083, 6.760578155696521 ], [ 6.868260859861834, 6.755348682143335 ], [ 6.859981060236123, 6.75317001266302 ], [ 6.853008270498435, 6.74445390674083 ], [ 6.84211349509593, 6.73050880426581 ], [ 6.833833694470172, 6.722229003640052 ], [ 6.819452762699029, 6.712641716125916 ], [ 6.806379317816209, 6.703054427611846 ], [ 6.800278186670823, 6.693467140097709 ], [ 6.798970698782398, 6.679522037622689 ], [ 6.800714015966946, 6.669934750108553 ], [ 6.80289316244756, 6.656425475929666 ], [ 6.803105451591819, 6.654514635631301 ], [ 6.80507183092783, 6.63681507060528 ], [ 6.808993815592657, 6.615897179392562 ], [ 6.808993815592657, 6.598030090252735 ], [ 6.808122635000757, 6.580162525112542 ], [ 6.793305873933434, 6.572318553782964 ], [ 6.764108181094969, 6.563602923861083 ], [ 6.743190288882261, 6.557501792715641 ], [ 6.717042923116367, 6.550093650682186 ], [ 6.683923243613094, 6.543120860944498 ], [ 6.664700984552439, 6.532356261630468 ], [ 6.6619448656798, 6.552682877441441 ], [ 6.6619448656798, 6.572853565146431 ], [ 6.660110950433761, 6.608610630441717 ], [ 6.652776241450169, 6.634282111884261 ], [ 6.628021716630599, 6.674623489294333 ], [ 6.61793613377796, 6.70487928385171 ], [ 6.621603489269717, 6.722299098687699 ], [ 6.62618780138456, 6.731467723917319 ], [ 6.628021716630599, 6.748887538753252 ], [ 6.631689072122413, 6.769058228458334 ], [ 6.629514216644736, 6.775506972839935 ], [ 6.627364159183855, 6.781950951218278 ], [ 6.623548984591594, 6.790752888198824 ], [ 6.623610019633077, 6.793598175132047 ], [ 6.623661040667741, 6.795996188761364 ], [ 6.620317936396248, 6.800127982568767 ], [ 6.617597102547563, 6.806581019953285 ], [ 6.615943909424345, 6.809521197950971 ], [ 6.613770007947267, 6.814801215538523 ], [ 6.610790252922641, 6.822104930501041 ], [ 6.614145279202262, 6.83082866742842 ], [ 6.621633530290126, 6.841525554696432 ], [ 6.628012348624281, 6.85375194000369 ], [ 6.628012271624186, 6.853751952003734 ], [ 6.634469986011936, 6.866129398413591 ], [ 6.646236897006986, 6.885384560496561 ], [ 6.652655602368213, 6.90784835775969 ], [ 6.672980309177888, 6.935661315657285 ], [ 6.67939853653877, 6.968822479188702 ], [ 6.679260254444785, 6.972002506349384 ], [ 6.678454186897113, 6.990536681942501 ], [ 6.678328513811721, 6.993426322905862 ], [ 6.677258968085027, 7.008402348081404 ], [ 6.677258968085027, 7.034075736525267 ], [ 6.683835505553475, 7.051613808441516 ], [ 6.686852454603354, 7.049989223337718 ], [ 6.692778586629856, 7.049001693666753 ], [ 6.705946921577151, 7.048343182219298 ], [ 6.709897518261357, 7.047684668771865 ], [ 6.71384811394563, 7.046038627653445 ], [ 6.721420288090542, 7.042746544416673 ], [ 6.730309010130043, 7.039454460179854 ], [ 6.73239040354423, 7.039344788105325 ], [ 6.736564159380123, 7.039125442956276 ], [ 6.748086452208952, 7.038137436284956 ], [ 6.758292198143295, 7.036491394166546 ], [ 6.767839431630193, 7.033528805153651 ], [ 6.775740622998683, 7.030565739140343 ], [ 6.784629822038482, 7.027602673127092 ], [ 6.791213988512084, 7.024639606113851 ], [ 6.794742229909389, 7.02399819267805 ], [ 6.802078246893871, 7.022664546771864 ], [ 6.816563605735951, 7.021018504653455 ], [ 6.835658072709748, 7.017067908969238 ] ] ] ] } },
{ "type": "Feature", "properties": { "fid": 493.0, "OBJECTID": 493.0, "lganame": "Idah", "statecode": "KO", "LGA_UID": "22_07" }, "geometry": { "type": "MultiPolygon", "coordinates": [ [ [ [ 6.73239040354423, 7.039344788105325 ], [ 6.730309010130043, 7.039454460179854 ], [ 6.721420288090542, 7.042746544416673 ], [ 6.71384811394563, 7.046038627653445 ], [ 6.709897518261357, 7.047684668771865 ], [ 6.705946921577151, 7.048343182219298 ], [ 6.692778586629856, 7.049001693666753 ], [ 6.686852454603354, 7.049989223337718 ], [ 6.683835505553475, 7.051613808441516 ], [ 6.690095424806771, 7.068306922783734 ], [ 6.711490154343494, 7.104677200495644 ], [ 6.71576881425068, 7.120723248398178 ], [ 6.71576881425068, 7.122821330823683 ], [ 6.7201032641957, 7.123733521443512 ], [ 6.728991985235155, 7.121758461101535 ], [ 6.741502284735361, 7.119453906535682 ], [ 6.744465350748612, 7.115503310851466 ], [ 6.747428416761863, 7.109906673048783 ], [ 6.747757434985431, 7.10562658314069 ], [ 6.747098922537987, 7.101346970232896 ], [ 6.744465350748612, 7.096737862101236 ], [ 6.740514755064339, 7.093775272088294 ], [ 6.736235142156545, 7.088178158285302 ], [ 6.735576629709158, 7.085874080719805 ], [ 6.735247135485281, 7.080935478364268 ], [ 6.732284546472329, 7.072376250548643 ], [ 6.732284546472329, 7.069083691311505 ], [ 6.733601093366872, 7.063158035285312 ], [ 6.732284546472329, 7.058548927153652 ], [ 6.73425960481427, 7.052293776903525 ], [ 6.733272076143294, 7.048672676443175 ], [ 6.73261356369585, 7.046038627653445 ], [ 6.73239040354423, 7.039344788105325 ] ] ] ] } },
{ "type": "Feature", "properties": { "fid": 721.0, "OBJECTID": 721.0, "lganame": "Mopa-Muro", "statecode": "KO", "LGA_UID": "22_13" }, "geometry": { "type": "MultiPolygon", "coordinates": [ [ [ [ 6.087030411052467, 8.354029655371903 ], [ 6.086100578420655, 8.343363762124909 ], [ 6.089353560630911, 8.336857795704418 ], [ 6.089353560630911, 8.329538344731191 ], [ 6.089353560630911, 8.324658394415508 ], [ 6.085287093867976, 8.307579040810879 ], [ 6.083660602762848, 8.301072121389723 ], [ 6.077154160341991, 8.292126656311723 ], [ 6.073087691579019, 8.282366752680332 ], [ 6.070647716921201, 8.275047301707104 ], [ 6.068207741263336, 8.268540382285948 ], [ 6.066581249158219, 8.264473914522966 ], [ 6.066581249158219, 8.259593964207284 ], [ 6.071461201473937, 8.244955063260818 ], [ 6.073087691579019, 8.232755660971918 ], [ 6.073087691579019, 8.227875709656246 ], [ 6.063328265947973, 8.220555304682364 ], [ 6.055195332422045, 8.210796356051617 ], [ 6.055195332422045, 8.192903518894241 ], [ 6.058448314632244, 8.181517601158077 ], [ 6.068207741263336, 8.167691230763694 ], [ 6.071461201473937, 8.162811279448022 ], [ 6.064141272500365, 8.159558296237776 ], [ 6.058448314632244, 8.159558296237776 ], [ 6.048688889001198, 8.160371779790466 ], [ 6.038115977817426, 8.157117843579556 ], [ 6.027144909363074, 8.154537200826155 ], [ 6.024289608423032, 8.153864861369357 ], [ 6.016970158449794, 8.148172378501556 ], [ 6.010463715029005, 8.145731925843393 ], [ 6.003143787055421, 8.1416654590804 ], [ 5.998264312740048, 8.139225960422891 ], [ 5.990944385766511, 8.13515949165992 ], [ 5.988504410108646, 8.1294660567915 ], [ 5.986064434450839, 8.122960091370999 ], [ 5.983624457792985, 8.115639687397106 ], [ 5.977118492372483, 8.106693268318452 ], [ 5.971425055504028, 8.104253768660953 ], [ 5.95759916310999, 8.096120834134979 ], [ 5.948652744031335, 8.084734917398805 ], [ 5.943772792715663, 8.070095062451685 ], [ 5.938893318400289, 8.061148643373031 ], [ 5.93401336708456, 8.055455207504622 ], [ 5.929946899321578, 8.047322272978647 ], [ 5.920186995690187, 8.031869888479491 ], [ 5.912054062164259, 8.011537551664617 ], [ 5.907987595401266, 7.999338150375706 ], [ 5.896601676665057, 7.98632526353407 ], [ 5.890908240796648, 7.981445312218341 ], [ 5.886028767481264, 7.970872402034558 ], [ 5.873828888192065, 7.955419539535058 ], [ 5.865695952666101, 7.945660113904012 ], [ 5.860002994797981, 7.939153671483155 ], [ 5.851870060272063, 7.933460711615055 ], [ 5.843737124746099, 7.927767276746636 ], [ 5.834894656738072, 7.923977852171902 ], [ 5.829910755351762, 7.936713695825347 ], [ 5.827470778693908, 7.940780162588283 ], [ 5.815271378404987, 7.946473598456691 ], [ 5.805511950773905, 7.950540066219673 ], [ 5.798192023800368, 7.957859516192912 ], [ 5.78436613140633, 7.966805935271566 ], [ 5.769726753459508, 7.975752354350277 ], [ 5.7640333175911, 7.994458199059977 ], [ 5.759966849828118, 8.002591132585962 ], [ 5.753460407407317, 8.025363922059 ], [ 5.753460407407317, 8.038376807900647 ], [ 5.755087375512744, 8.061148643373031 ], [ 5.755087375512744, 8.086360930503588 ], [ 5.757526875170299, 8.106693268318452 ], [ 5.770539761011946, 8.126213073581255 ], [ 5.781112671195729, 8.148984909053638 ], [ 5.79737901724792, 8.179077148499914 ], [ 5.811204909642015, 8.196156502104486 ], [ 5.818524836615552, 8.202663421525642 ], [ 5.823404311930915, 8.215676308367279 ], [ 5.826657772141459, 8.223809241893264 ], [ 5.836417197772562, 8.226248740550773 ], [ 5.843737124746099, 8.236822127734911 ], [ 5.854310035929927, 8.254714011891565 ], [ 5.876268863849873, 8.270167351391422 ], [ 5.892535209902121, 8.27830028491735 ], [ 5.912867545716949, 8.288059234548086 ], [ 5.925066948005906, 8.297819138179477 ], [ 5.935639858189688, 8.305138588152715 ], [ 5.947026252926207, 8.307579040810879 ], [ 5.962478638425409, 8.313272475679298 ], [ 5.987691401556276, 8.323031425310035 ], [ 6.008837222923887, 8.334418297046909 ], [ 6.027543067633587, 8.344990730230393 ], [ 6.04950189555359, 8.351496695650894 ], [ 6.062514782395226, 8.354750632861794 ], [ 6.087030411052467, 8.354029655371903 ] ] ] ] } }
]
}
