{
"type": "FeatureCollection",
"name": "Katsina",
"crs": { "type": "name", "properties": { "name": "urn:ogc:def:crs:OGC:1.3:CRS84" } },
"features": [
{ "type": "Feature", "properties": { "fid": 73.0, "OBJECTID": 73.0, "lganame": "Dan Musa", "statecode": "KT", "LGA_UID": "20_07" }, "geometry": { "type": "MultiPolygon", "coordinates": [ [ [ [ 7.111008878797691, 12.437427958849128 ], [ 7.165651535924837, 12.449810080262239 ], [ 7.171624260982981, 12.451378575327908 ], [ 7.18957097717697, 12.361938788557779 ], [ 7.196525503902251, 12.339509523318156 ], [ 7.196797888087303, 12.338112155368719 ], [ 7.198791948442192, 12.337308006822354 ], [ 7.198807844452972, 12.337303562819329 ], [ 7.201161710052304, 12.338465768609012 ], [ 7.210429774349507, 12.343941900329753 ], [ 7.214403975049834, 12.341903089944481 ], [ 7.217476953137748, 12.340707355132054 ], [ 7.224590710971199, 12.337245985780214 ], [ 7.225056804287931, 12.335632634684032 ], [ 7.229548950340131, 12.337931330245851 ], [ 7.23169116479562, 12.339669109426609 ], [ 7.234112401440768, 12.343085904748136 ], [ 7.237772564927695, 12.345560093429242 ], [ 7.240429157732706, 12.345968258706591 ], [ 7.248159272984935, 12.345732809546575 ], [ 7.257143567089372, 12.346777633256522 ], [ 7.261707018190009, 12.347683142871745 ], [ 7.264060046788757, 12.347543833777081 ], [ 7.265018030439705, 12.345843451621761 ], [ 7.263560919449617, 12.343852117268739 ], [ 7.262990488062087, 12.342110723085568 ], [ 7.263774830594969, 12.340856912233676 ], [ 7.26520090956393, 12.340508629997032 ], [ 7.266484380435998, 12.340647943091653 ], [ 7.267767851308065, 12.341832098896248 ], [ 7.269193929277037, 12.3422500351802 ], [ 7.270762615342846, 12.341623130754272 ], [ 7.271333046730433, 12.339463782287112 ], [ 7.271198606639075, 12.337396993882805 ], [ 7.271832174069573, 12.335771950778678 ], [ 7.278465121576346, 12.332385897477991 ], [ 7.279896720549061, 12.330311979068881 ], [ 7.278748653769014, 12.324696146253189 ], [ 7.279887499542781, 12.322483165749532 ], [ 7.282075671029531, 12.319870121974134 ], [ 7.286948605340456, 12.317938977661981 ], [ 7.291868574683349, 12.315291792863377 ], [ 7.295460620124004, 12.313331941531715 ], [ 7.298036363874076, 12.314049464019263 ], [ 7.300116062287145, 12.315036360689817 ], [ 7.300913910829252, 12.316441715644658 ], [ 7.300888520812009, 12.318867809293067 ], [ 7.30112619997351, 12.321073767791916 ], [ 7.302671119023159, 12.32246699573858 ], [ 7.304631976355495, 12.322931404054088 ], [ 7.306146044384263, 12.322935841057131 ], [ 7.308494271979725, 12.322234791580797 ], [ 7.31045513031205, 12.320551306436926 ], [ 7.311702948159905, 12.319332222608637 ], [ 7.313960905694046, 12.318577549095892 ], [ 7.315743503905253, 12.319854686963652 ], [ 7.316973511740969, 12.322331167646269 ], [ 7.318655079883513, 12.323686064566857 ], [ 7.321091297538828, 12.323802165645759 ], [ 7.322992734830791, 12.32304750613298 ], [ 7.325369533445667, 12.321364023989133 ], [ 7.32798401022211, 12.320493254397491 ], [ 7.32982602847369, 12.320783510594708 ], [ 7.33113326636186, 12.320609357476371 ], [ 7.332440505250077, 12.320725459555263 ], [ 7.333450642936441, 12.320028842081967 ], [ 7.33457962170354, 12.319970791042522 ], [ 7.336892840275254, 12.319862581969005 ], [ 7.338675438486405, 12.320065763107038 ], [ 7.340339195616878, 12.31992063400844 ], [ 7.341705854545467, 12.320094789126756 ], [ 7.343607291837372, 12.320385046323963 ], [ 7.345835540351402, 12.320907508678999 ], [ 7.348242046986513, 12.321110688817043 ], [ 7.349551139875985, 12.319015529393482 ], [ 7.351688403328126, 12.317424404312362 ], [ 7.3530253522365, 12.316814855898201 ], [ 7.352817382095225, 12.315015229675453 ], [ 7.353114481297098, 12.313360723551284 ], [ 7.353920747844882, 12.310898188878127 ], [ 7.354065199943022, 12.309209899731002 ], [ 7.354784163431532, 12.307653526673505 ], [ 7.3673621319777, 12.307127044315791 ], [ 7.376501545187466, 12.307834499796456 ], [ 7.378364982453604, 12.303646182950729 ], [ 7.381160095352755, 12.303757649026466 ], [ 7.384240424445693, 12.304537908556597 ], [ 7.386575225032061, 12.303595630916391 ], [ 7.389840159250468, 12.300174459591858 ], [ 7.391385077300129, 12.29663302418561 ], [ 7.389780739210096, 12.291465923674821 ], [ 7.389067699725615, 12.290014473688586 ], [ 7.388532920362252, 12.287866312229028 ], [ 7.389008279685243, 12.285776191808907 ], [ 7.389958999331213, 12.284615007019909 ], [ 7.390196678492714, 12.283395757191499 ], [ 7.390553197734903, 12.28177008208695 ], [ 7.391325657259756, 12.279041248232829 ], [ 7.394118394157317, 12.274802789352975 ], [ 7.394772012601436, 12.272131944538273 ], [ 7.395991310429849, 12.268755029243835 ], [ 7.397585618513119, 12.266084290429148 ], [ 7.399813200026642, 12.26357112472158 ], [ 7.40274872602123, 12.266731117868687 ], [ 7.405743490056011, 12.268914290352029 ], [ 7.406836816798887, 12.271376143024725 ], [ 7.411019979641139, 12.274302467013058 ], [ 7.413254170159178, 12.274859858391778 ], [ 7.41719965283994, 12.275324349707375 ], [ 7.420527169100808, 12.276578473559482 ], [ 7.422571215489654, 12.276439127464812 ], [ 7.423714515266511, 12.275652877930554 ], [ 7.426131814908956, 12.273990488801076 ], [ 7.426944522461099, 12.271561942150981 ], [ 7.429368855108351, 12.27049359542508 ], [ 7.429511463205245, 12.268867840320468 ], [ 7.431080570271376, 12.266150385474077 ], [ 7.436357774857015, 12.266957933022752 ], [ 7.440538875697825, 12.267238694213518 ], [ 7.441796946552643, 12.266023738388014 ], [ 7.442399895962296, 12.263756863847789 ], [ 7.442385634952643, 12.260482034622726 ], [ 7.443146211469411, 12.25757413864693 ], [ 7.445903295342703, 12.257629881684807 ], [ 7.45119404793752, 12.258641987372471 ], [ 7.454609521258192, 12.259295354816402 ], [ 7.457939396520658, 12.259357899858912 ], [ 7.460577247312983, 12.259024629632449 ], [ 7.461901633212847, 12.259038006641561 ], [ 7.46275954179572, 12.259046671647468 ], [ 7.463839359529459, 12.258896369545312 ], [ 7.467142143773515, 12.258436650232966 ], [ 7.46835689859887, 12.257374393511213 ], [ 7.47135935063892, 12.25710906733093 ], [ 7.473134261844905, 12.257757624771614 ], [ 7.475487291443642, 12.257165359369196 ], [ 7.485231020064077, 12.255911455517207 ], [ 7.499592722822172, 12.255518920250495 ], [ 7.503148411238101, 12.270755580603122 ], [ 7.506444472477597, 12.27037589334509 ], [ 7.516390448235427, 12.266013441381062 ], [ 7.528353559363779, 12.266170539487803 ], [ 7.54215478174109, 12.268546883102374 ], [ 7.541679423418088, 12.263553424709585 ], [ 7.543243193480578, 12.257265167436969 ], [ 7.53970430407611, 12.254723364709946 ], [ 7.537935966874613, 12.251044280210181 ], [ 7.538487756249538, 12.248921211767652 ], [ 7.541130382045026, 12.249148972922399 ], [ 7.542556461013987, 12.245637045536228 ], [ 7.540103606347429, 12.240787165240988 ], [ 7.539533174959843, 12.235323973528978 ], [ 7.537137363331965, 12.230696897385087 ], [ 7.534741550704155, 12.226348486430538 ], [ 7.529944697444876, 12.223736172655606 ], [ 7.530349229719775, 12.220383242377466 ], [ 7.532459826153797, 12.21681518095312 ], [ 7.533885904122769, 12.212466541998424 ], [ 7.533343395754173, 12.20944134894296 ], [ 7.531147834262356, 12.208731116460399 ], [ 7.530406272758512, 12.199531706209825 ], [ 7.528809064673283, 12.193621614194171 ], [ 7.531318963378624, 12.191391355678832 ], [ 7.530748531991094, 12.186763511534423 ], [ 7.528961179776672, 12.183540700344679 ], [ 7.530897830092499, 12.179355633501132 ], [ 7.537293007437711, 12.179230398416053 ], [ 7.541287786151997, 12.178791427117801 ], [ 7.53829827612077, 12.157366650560675 ], [ 7.534424541488761, 12.130009990973065 ], [ 7.534593050603235, 12.122195634663569 ], [ 7.529652021246022, 12.117965809789609 ], [ 7.527679542905844, 12.112699396211326 ], [ 7.5252120502293, 12.107424116627044 ], [ 7.496715624867306, 12.08952649546643 ], [ 7.494307688231231, 12.08554528676143 ], [ 7.483394812816471, 12.093550147200347 ], [ 7.476457329102743, 12.095076502237418 ], [ 7.473761769271221, 12.095489725518178 ], [ 7.46311518903741, 12.097121817627112 ], [ 7.463433627253778, 12.103323168840632 ], [ 7.462863195866191, 12.109249210867119 ], [ 7.456988226874387, 12.125135173660851 ], [ 7.453749999674187, 12.129441508586808 ], [ 7.434383598515637, 12.142441013419386 ], [ 7.415433521639955, 12.135710038846014 ], [ 7.403501999533034, 12.133885941606593 ], [ 7.388059196040388, 12.135877026959463 ], [ 7.388175108119128, 12.128993892282665 ], [ 7.375008342172919, 12.126965540904507 ], [ 7.370386691032763, 12.120969712830629 ], [ 7.366319699269411, 12.120841443743473 ], [ 7.358710486099312, 12.117830090697396 ], [ 7.352228422695021, 12.121355248092584 ], [ 7.34558859818361, 12.125168897683807 ], [ 7.33771348183285, 12.134176602804075 ], [ 7.330979509257418, 12.136172817160457 ], [ 7.328697783707071, 12.13858942980238 ], [ 7.322708254637462, 12.143701425275765 ], [ 7.319000921118516, 12.147706714997184 ], [ 7.319614712535554, 12.151756659748912 ], [ 7.318662928888898, 12.152946390557304 ], [ 7.3100558860408, 12.152575436305256 ], [ 7.302458287878551, 12.152585380312019 ], [ 7.291032630115353, 12.154493688608625 ], [ 7.279641845375863, 12.153636066025911 ], [ 7.270658251271925, 12.14254874149259 ], [ 7.264507347092717, 12.118947333456504 ], [ 7.253682493737699, 12.10188070186058 ], [ 7.249226233709919, 12.09981646645798 ], [ 7.234895101972597, 12.096848647441504 ], [ 7.210936985694161, 12.094896463115106 ], [ 7.182058852072828, 12.089848048684928 ], [ 7.178337337544235, 12.089197455242868 ], [ 7.177372416888602, 12.087904712364548 ], [ 7.176692359426568, 12.086993608745445 ], [ 7.174339329827774, 12.086714715555956 ], [ 7.171273260744499, 12.086435823366457 ], [ 7.169633270630243, 12.084065219755757 ], [ 7.167494154176779, 12.081067073718657 ], [ 7.167137633934544, 12.078068894681564 ], [ 7.165996771159371, 12.076883558876148 ], [ 7.1616537422085, 12.07575191910729 ], [ 7.158117709805936, 12.074378261173933 ], [ 7.152662939099685, 12.07353669960213 ], [ 7.151878594566767, 12.071654073322975 ], [ 7.150595124694689, 12.070259526375423 ], [ 7.14781427180526, 12.070189799328091 ], [ 7.146031673594052, 12.070956799849228 ], [ 7.142751694365472, 12.070398981470191 ], [ 7.141610830590309, 12.067888779764644 ], [ 7.139685625282198, 12.068237420001537 ], [ 7.139043889846164, 12.070050343233333 ], [ 7.136405645053628, 12.069353066759561 ], [ 7.130271575885786, 12.06838901810454 ], [ 7.133945660382153, 12.073076503289428 ], [ 7.136626687203773, 12.077929443586811 ], [ 7.136284428971237, 12.081555147050267 ], [ 7.136398515048768, 12.085571252779062 ], [ 7.133261141917046, 12.090256633962554 ], [ 7.117235417028326, 12.093964401481799 ], [ 7.119100001295237, 12.097199998680253 ], [ 7.121599997993883, 12.101399998533964 ], [ 7.12370000042074, 12.107000001338861 ], [ 7.125418247588186, 12.11165360250078 ], [ 7.125418942588681, 12.111655473502026 ], [ 7.126100000051395, 12.113499998755344 ], [ 7.127889920267592, 12.12447097520959 ], [ 7.135073832148692, 12.131824384205856 ], [ 7.145599999300771, 12.147199999652912 ], [ 7.150600000698034, 12.165100000815073 ], [ 7.154825017568726, 12.177458243211959 ], [ 7.156845294941377, 12.185125078421208 ], [ 7.149952583258141, 12.206962727258826 ], [ 7.150427942581132, 12.231585999989193 ], [ 7.148280274121873, 12.234544681999466 ], [ 7.139494675152434, 12.243199955880357 ], [ 7.128345735577284, 12.251868185769979 ], [ 7.128463353657196, 12.251896322789094 ], [ 7.128518820694865, 12.251909591798153 ], [ 7.124639692059191, 12.255277928086741 ], [ 7.118816539102625, 12.260271543479689 ], [ 7.106694872866512, 12.271419738054362 ], [ 7.099089121698796, 12.277109780920455 ], [ 7.093265967742241, 12.28256746162873 ], [ 7.086610936220438, 12.316240006507599 ], [ 7.082808059636591, 12.3293595194217 ], [ 7.083283419959571, 12.337718512101276 ], [ 7.084709497928486, 12.347470332727141 ], [ 7.074726949145827, 12.374982441420343 ], [ 7.068300000779004, 12.411300000096446 ], [ 7.066899999827797, 12.423200000181907 ], [ 7.065900002148339, 12.431699998957242 ], [ 7.111008878797691, 12.437427958849128 ] ] ] ] } },
{ "type": "Feature", "properties": { "fid": 79.0, "OBJECTID": 79.0, "lganame": "Safana", "statecode": "KT", "LGA_UID": "20_32" }, "geometry": { "type": "MultiPolygon", "coordinates": [ [ [ [ 7.111008878797691, 12.437427958849128 ], [ 7.065900002148339, 12.431699998957242 ], [ 7.059900002071629, 12.480799999318435 ], [ 7.059399999731909, 12.488600000618135 ], [ 7.058800002324233, 12.491200000384708 ], [ 7.057700000576801, 12.497000001325546 ], [ 7.05560341615228, 12.506816848995641 ], [ 7.055603397152254, 12.506816932995719 ], [ 7.055603313152233, 12.506817342995987 ], [ 7.054125704148248, 12.514132793966496 ], [ 7.054125612148198, 12.514133263966812 ], [ 7.05369999985902, 12.516300000439003 ], [ 7.05369999985902, 12.529300001271906 ], [ 7.051200000160406, 12.539900001474109 ], [ 7.052099999771883, 12.553399998646682 ], [ 7.051317048239923, 12.56368402263422 ], [ 7.050219772494358, 12.575078060375915 ], [ 7.050217707492948, 12.575077753375695 ], [ 7.051600002432167, 12.587000001476326 ], [ 7.047440660606071, 12.611054334820096 ], [ 7.046299158830493, 12.617655478305267 ], [ 7.046299141830502, 12.617655593305358 ], [ 7.045999999627213, 12.619600001626509 ], [ 7.04699999830666, 12.634000000410595 ], [ 7.047200003442583, 12.637699998924575 ], [ 7.046300001831071, 12.649999999281874 ], [ 7.04563596337988, 12.653221781470904 ], [ 7.044474470590671, 12.658857009299766 ], [ 7.03928775306656, 12.658740128220359 ], [ 7.03500455515632, 12.661370260007402 ], [ 7.035004404156211, 12.661370300007434 ], [ 7.035004248156156, 12.661370341007455 ], [ 7.020629762389319, 12.665146995573537 ], [ 7.020458220272758, 12.665192065604174 ], [ 7.020457847272553, 12.665192163604218 ], [ 7.020318240177687, 12.665267854655667 ], [ 7.020224450113972, 12.665318706690186 ], [ 7.016578058636412, 12.666256975327713 ], [ 7.000324330592775, 12.670439247169384 ], [ 6.988991773892792, 12.673441929209559 ], [ 7.019693471753158, 12.700316557469591 ], [ 7.043014568598778, 12.719585604561985 ], [ 7.122485517595521, 12.703636947725613 ], [ 7.121767772107887, 12.66881548606608 ], [ 7.131160159489525, 12.665849555050897 ], [ 7.1340421314477, 12.66446242710839 ], [ 7.154820395565594, 12.666116235232096 ], [ 7.1698269267618, 12.669256796365971 ], [ 7.170549014252401, 12.670361787116747 ], [ 7.171332032784449, 12.6709824965385 ], [ 7.172414419519896, 12.67113464664186 ], [ 7.172995948915002, 12.671746445057522 ], [ 7.173778969447028, 12.672605883641495 ], [ 7.173142766014735, 12.673178842030779 ], [ 7.173583214314021, 12.673799545452539 ], [ 7.174072600646525, 12.6745634849716 ], [ 7.175346883512361, 12.67451371993775 ], [ 7.175345007511055, 12.675184185393334 ], [ 7.175491823610855, 12.6761868500746 ], [ 7.176862107541865, 12.676664309398973 ], [ 7.178672840772208, 12.677237256788317 ], [ 7.179309044204444, 12.677428239918072 ], [ 7.179651615437194, 12.678430896599309 ], [ 7.180875083268518, 12.67886060489127 ], [ 7.182130632121584, 12.678474245628763 ], [ 7.183028385731575, 12.679099332053511 ], [ 7.183566712097331, 12.679720021475191 ], [ 7.184692302862118, 12.679672275442783 ], [ 7.185658875518868, 12.679350878224398 ], [ 7.186503035092414, 12.679911000604989 ], [ 7.187295951631199, 12.67970930946791 ], [ 7.187971197090008, 12.679815510540095 ], [ 7.187922258056744, 12.680627178091584 ], [ 7.188610374524274, 12.680447011969193 ], [ 7.189292541987754, 12.67957678537789 ], [ 7.190858581051828, 12.679958746637396 ], [ 7.192865068415131, 12.680388452929378 ], [ 7.194626861612164, 12.68053168802669 ], [ 7.194969432844971, 12.681438842643047 ], [ 7.195165187977977, 12.682775695551413 ], [ 7.196241839709501, 12.683396375973132 ], [ 7.197807878773517, 12.683730587200216 ], [ 7.199569672970597, 12.684208030524587 ], [ 7.201380405200894, 12.684064798427301 ], [ 7.203142199397973, 12.683682843167787 ], [ 7.204218851129497, 12.684160287492148 ], [ 7.205091025722083, 12.684245375550006 ], [ 7.20519762479455, 12.684255775557062 ], [ 7.206323214559291, 12.684208030524587 ], [ 7.207253051191117, 12.684924196011195 ], [ 7.208721213188653, 12.685115173140957 ], [ 7.210678760518704, 12.685544870432921 ], [ 7.21204904544976, 12.685544870432921 ], [ 7.213468268414033, 12.685449382368063 ], [ 7.214603422185348, 12.685695181535039 ], [ 7.215474754777347, 12.685544870432921 ], [ 7.216159898242893, 12.686070054789752 ], [ 7.217187610941153, 12.686833958308796 ], [ 7.217970630473189, 12.687406883698088 ], [ 7.218704710971963, 12.687215908568305 ], [ 7.21948772950401, 12.687024934438568 ], [ 7.220466505169043, 12.686547495114155 ], [ 7.221738911033583, 12.686261030919525 ], [ 7.22296237886485, 12.686261030919525 ], [ 7.22413690766291, 12.686547495114155 ], [ 7.224834969137191, 12.68607786179507 ], [ 7.230437461943836, 12.687802730967007 ], [ 7.241216617267753, 12.692482214146537 ], [ 7.244477345483233, 12.694222791329139 ], [ 7.250096319301065, 12.696180249659164 ], [ 7.253708227755226, 12.697256639390503 ], [ 7.260147428130324, 12.700265755435055 ], [ 7.269000998145941, 12.706641949767402 ], [ 7.273992271537281, 12.709714059854775 ], [ 7.27850143860104, 12.713914215708542 ], [ 7.281101960367948, 12.711562120110443 ], [ 7.283407147934213, 12.708460996003339 ], [ 7.282551501352827, 12.706513388680037 ], [ 7.278615524678514, 12.703786714827402 ], [ 7.276447886205744, 12.699947062218541 ], [ 7.274337290771655, 12.69905669961355 ], [ 7.274394332810459, 12.696719483025561 ], [ 7.274584477939641, 12.694312684390241 ], [ 7.276580987296143, 12.691416612422472 ], [ 7.281821825857094, 12.686871868334549 ], [ 7.28747860170057, 12.684518307735402 ], [ 7.293384942713658, 12.679080690040792 ], [ 7.295730112307126, 12.677355278868504 ], [ 7.312434972657286, 12.677214017772485 ], [ 7.32506922724167, 12.685006391067077 ], [ 7.341300000269712, 12.688700001576706 ], [ 7.354781162429504, 12.685237903224333 ], [ 7.356909648875728, 12.690851104038245 ], [ 7.362613962751539, 12.691025009156419 ], [ 7.365387978636363, 12.686603990152548 ], [ 7.366421886338856, 12.685630104490826 ], [ 7.36656449343576, 12.685038815089058 ], [ 7.367313184944408, 12.684830123947279 ], [ 7.367847964307771, 12.68357797709649 ], [ 7.368382742671145, 12.682604080434771 ], [ 7.368168831525793, 12.681769307867626 ], [ 7.369216348237558, 12.68039778893575 ], [ 7.369487954422084, 12.679404107260552 ], [ 7.370200992906575, 12.678534541669762 ], [ 7.370521861124587, 12.677351928866187 ], [ 7.373908797425827, 12.675612782684539 ], [ 7.375620090588598, 12.674534505951897 ], [ 7.378436595502251, 12.67008221792679 ], [ 7.382998440601853, 12.664638256227875 ], [ 7.385424160250011, 12.65631281757112 ], [ 7.38688589024315, 12.654932981633578 ], [ 7.387420669606513, 12.648787404457948 ], [ 7.3877130498052, 12.64322380867776 ], [ 7.38351689695412, 12.63704959248264 ], [ 7.386211619785058, 12.630665515144983 ], [ 7.384999987961805, 12.622462161571207 ], [ 7.369065723135179, 12.598512440298464 ], [ 7.36592373100035, 12.588209236297928 ], [ 7.365911307991951, 12.583765517278664 ], [ 7.362155535440024, 12.579939886679313 ], [ 7.360142396072206, 12.574966503300118 ], [ 7.358257756791716, 12.570416872208853 ], [ 7.36190681027108, 12.567864454474602 ], [ 7.367717020218834, 12.562121311572412 ], [ 7.371269336632452, 12.561606376222528 ], [ 7.373113871885721, 12.559473555773366 ], [ 7.372816308683525, 12.55631135762485 ], [ 7.376784737379921, 12.554060113095204 ], [ 7.378032556227765, 12.555138896828169 ], [ 7.379066462930211, 12.556113279490262 ], [ 7.380884713165642, 12.55604368044294 ], [ 7.382417747207285, 12.556565668797646 ], [ 7.383558608982412, 12.557818438648837 ], [ 7.384877731878703, 12.558758011287239 ], [ 7.387373368574401, 12.561437515107798 ], [ 7.389369878930893, 12.563421026455501 ], [ 7.391687255505474, 12.566135280299704 ], [ 7.393683765862022, 12.567492395221791 ], [ 7.394261590254587, 12.568075821618208 ], [ 7.394717672564468, 12.56853632593112 ], [ 7.398908043411666, 12.576324951223114 ], [ 7.40052894151296, 12.574556242021345 ], [ 7.401277633021664, 12.572433628579176 ], [ 7.401598501239675, 12.570798161467906 ], [ 7.40224023567572, 12.569475859569479 ], [ 7.402418495796837, 12.568188349694708 ], [ 7.401823946392881, 12.567172783004651 ], [ 7.401598501239675, 12.565961290181519 ], [ 7.401063720876323, 12.563908201786546 ], [ 7.399815903028525, 12.561541911178722 ], [ 7.399281122665172, 12.559036403476341 ], [ 7.400421986440335, 12.558549218145345 ], [ 7.402204583651496, 12.557226854246835 ], [ 7.403773269717362, 12.556182876537548 ], [ 7.403880225790033, 12.554303709260751 ], [ 7.403309795402436, 12.552146128794732 ], [ 7.403559358572011, 12.549744930163229 ], [ 7.402810667063306, 12.546160488727764 ], [ 7.401705457312346, 12.544385649521871 ], [ 7.400992416827876, 12.542715203386877 ], [ 7.401164734944985, 12.540168909656813 ], [ 7.400214016299003, 12.537199168639006 ], [ 7.399025618491521, 12.534647020904913 ], [ 7.399117627554062, 12.531050393461214 ], [ 7.404380942130217, 12.525486734680953 ], [ 7.410097046014073, 12.519179102395185 ], [ 7.413602150395604, 12.513643924634323 ], [ 7.418593424786934, 12.507796614661345 ], [ 7.422099994169514, 12.50046123267731 ], [ 7.419975598726069, 12.491957878899655 ], [ 7.408076558641255, 12.490920117194548 ], [ 7.407840782481003, 12.490555711946968 ], [ 7.400345694388477, 12.485191796302445 ], [ 7.399205734613929, 12.476481286384058 ], [ 7.412547904679286, 12.464236019063947 ], [ 7.412598795713905, 12.464142625000477 ], [ 7.414045078696574, 12.463646621663486 ], [ 7.416517962376759, 12.445393828261558 ], [ 7.416108281098388, 12.443490191968124 ], [ 7.413510766333502, 12.440713755081674 ], [ 7.41374023448941, 12.435228800354935 ], [ 7.419477147387397, 12.419495096664605 ], [ 7.420661977192424, 12.411837169461421 ], [ 7.421303711628468, 12.393800459206318 ], [ 7.417324583924824, 12.39296765764044 ], [ 7.413521323340717, 12.383582992263996 ], [ 7.408648736029988, 12.384468089865379 ], [ 7.407443850211337, 12.378412340750799 ], [ 7.412114256384655, 12.373920114698535 ], [ 7.409689922737414, 12.371552088089572 ], [ 7.409012536277203, 12.369044743385984 ], [ 7.408976884252979, 12.367059744037249 ], [ 7.408208242730723, 12.36257832699232 ], [ 7.415648423785967, 12.352449234110111 ], [ 7.412790934844452, 12.34837527534205 ], [ 7.409625507693647, 12.347627761834133 ], [ 7.407942268549959, 12.347051840442816 ], [ 7.406572887619575, 12.342392142276765 ], [ 7.403307515400911, 12.337021373627579 ], [ 7.399029279494016, 12.335488907586353 ], [ 7.394109309151133, 12.334861987160366 ], [ 7.392897142327513, 12.336673087390921 ], [ 7.39297543438073, 12.33970305644965 ], [ 7.391898886649244, 12.342106311082546 ], [ 7.386479788967222, 12.343917361313061 ], [ 7.383841545174676, 12.340643531088688 ], [ 7.373932607442043, 12.341143236428195 ], [ 7.370222495921155, 12.338832458858121 ], [ 7.370935535405636, 12.334861987160366 ], [ 7.369366850339816, 12.333677800355815 ], [ 7.364100801761765, 12.334308520784305 ], [ 7.359312997508709, 12.333956432545108 ], [ 7.358390989882196, 12.33130507074361 ], [ 7.355961713231636, 12.328662358948009 ], [ 7.351754782373234, 12.326920863764769 ], [ 7.346620899885011, 12.326015282149456 ], [ 7.343558670804384, 12.325319303676565 ], [ 7.341294075265694, 12.32560173186846 ], [ 7.338857856610389, 12.325717832947362 ], [ 7.337093590411655, 12.324345333014833 ], [ 7.336599901076227, 12.3228733530147 ], [ 7.336005699672455, 12.321247921910242 ], [ 7.33457962170354, 12.319970791042522 ], [ 7.333450642936441, 12.320028842081967 ], [ 7.332440505250077, 12.320725459555263 ], [ 7.33113326636186, 12.320609357476371 ], [ 7.329826029473679, 12.320783510594708 ], [ 7.32798401022211, 12.320493254397491 ], [ 7.325369534445713, 12.321364023989133 ], [ 7.32299273583078, 12.32304750613298 ], [ 7.321091297538828, 12.323802165645759 ], [ 7.318655079883513, 12.323686064566857 ], [ 7.316973512741015, 12.322331167646269 ], [ 7.315743504905242, 12.319854686963652 ], [ 7.313960905694046, 12.318577549095892 ], [ 7.311702949159894, 12.319332222608637 ], [ 7.31045513031205, 12.320551306436926 ], [ 7.308494272979772, 12.322234791580797 ], [ 7.306146044384263, 12.322935841057131 ], [ 7.304631976355495, 12.322931404054088 ], [ 7.302671119023159, 12.32246699573858 ], [ 7.30112619997351, 12.321073767791916 ], [ 7.300888520812009, 12.318867809293067 ], [ 7.300913911829241, 12.316441715644658 ], [ 7.300116062287145, 12.315036360689817 ], [ 7.298036363874076, 12.314049464019263 ], [ 7.295460620124004, 12.313331941531715 ], [ 7.291868574683349, 12.315291792863377 ], [ 7.286948605340456, 12.317938977661981 ], [ 7.282075671029531, 12.319870121974134 ], [ 7.279887499542781, 12.322483165749532 ], [ 7.278748653769014, 12.324696146253189 ], [ 7.279896720549061, 12.330311979068881 ], [ 7.278465121576346, 12.332385897477991 ], [ 7.271832174069573, 12.335771950778678 ], [ 7.271198606639075, 12.337396993882805 ], [ 7.271333046730433, 12.339463782287112 ], [ 7.270762615342846, 12.341623130754272 ], [ 7.269193929277037, 12.3422500351802 ], [ 7.267767851308065, 12.341832098896248 ], [ 7.266484381435987, 12.340647943091653 ], [ 7.26520090956393, 12.340508629997032 ], [ 7.263774830594969, 12.340856912233676 ], [ 7.262990489062076, 12.342110723085568 ], [ 7.263560919449617, 12.343852117268739 ], [ 7.265018030439705, 12.345843451621761 ], [ 7.264060046788757, 12.347543833777081 ], [ 7.261707018190009, 12.347683142871745 ], [ 7.257143568089361, 12.346777633256522 ], [ 7.248159272984935, 12.345732809546575 ], [ 7.240429157732706, 12.345968258706591 ], [ 7.237772564927695, 12.345560093429242 ], [ 7.234112402440758, 12.343085904748136 ], [ 7.23169116479562, 12.339669109426609 ], [ 7.229548950340131, 12.337931330245851 ], [ 7.22505680528792, 12.335632634684032 ], [ 7.224590711971246, 12.337245985780214 ], [ 7.217476954137737, 12.340707355132054 ], [ 7.214403975049834, 12.341903089944481 ], [ 7.210429774349507, 12.343941900329753 ], [ 7.201161711052293, 12.338465768609012 ], [ 7.198807844452972, 12.337303562819329 ], [ 7.198791949442182, 12.337308006822354 ], [ 7.196797888087303, 12.338112155368719 ], [ 7.196525503902251, 12.339509523318156 ], [ 7.18957097817696, 12.361938788557779 ], [ 7.171624260982981, 12.451378575327908 ], [ 7.165651535924837, 12.449810080262239 ], [ 7.111008878797691, 12.437427958849128 ] ] ] ] } },
{ "type": "Feature", "properties": { "fid": 303.0, "OBJECTID": 303.0, "lganame": "Faskari", "statecode": "KT", "LGA_UID": "20_13" }, "geometry": { "type": "MultiPolygon", "coordinates": [ [ [ [ 7.274416699825622, 11.900943537333205 ], [ 7.276124917986294, 11.8993989002837 ], [ 7.278950227905966, 11.896585328371998 ], [ 7.278665011712178, 11.894003737617936 ], [ 7.278522403615284, 11.891631443006077 ], [ 7.280447610923375, 11.889049805251943 ], [ 7.283513679006603, 11.885979716165991 ], [ 7.285724100508503, 11.884723762312603 ], [ 7.285795403556904, 11.88290959407999 ], [ 7.286747789204014, 11.881210077925232 ], [ 7.289574512124659, 11.87879278428278 ], [ 7.298915326471331, 11.872024334683942 ], [ 7.302908344184345, 11.869233172787517 ], [ 7.303770342770065, 11.867905950885699 ], [ 7.303934811881788, 11.863704164030764 ], [ 7.302163528678307, 11.862104830944133 ], [ 7.301593098290709, 11.861379105451022 ], [ 7.300566320593077, 11.860374250768245 ], [ 7.294671709587988, 11.855560376497465 ], [ 7.293749666961503, 11.850320851937454 ], [ 7.293892275058397, 11.847878393277938 ], [ 7.292038372798743, 11.841667468057892 ], [ 7.292552355147961, 11.83753472224987 ], [ 7.292495312109224, 11.835952867175081 ], [ 7.2936742039102, 11.834240732011779 ], [ 7.294069727178965, 11.834009039854323 ], [ 7.295460098123613, 11.833194578300947 ], [ 7.295853163390689, 11.831327679032484 ], [ 7.296272042675298, 11.82784757766791 ], [ 7.293071619500779, 11.818055394014607 ], [ 7.293807983001102, 11.815919875563623 ], [ 7.296172141607428, 11.813619614000686 ], [ 7.297358990413841, 11.811309814431297 ], [ 7.299723148020178, 11.809009551868371 ], [ 7.300242413372985, 11.805855342725238 ], [ 7.297390938435569, 11.804380416723063 ], [ 7.296230792647293, 11.800919533371598 ], [ 7.29659878289732, 11.798891980993972 ], [ 7.298852243428428, 11.797111632784265 ], [ 7.299099999596763, 11.792499999650886 ], [ 7.300999998887733, 11.788499999933094 ], [ 7.301456956198194, 11.783096383261579 ], [ 7.302020769581304, 11.775987720431601 ], [ 7.301417787171602, 11.774534087443897 ], [ 7.300355470449801, 11.773186457528254 ], [ 7.297858180752996, 11.771878981639873 ], [ 7.294947602775437, 11.770355114604513 ], [ 7.294023682147667, 11.768216376151315 ], [ 7.29370043692802, 11.767248409493618 ], [ 7.294651155574002, 11.765982601633596 ], [ 7.295316659026184, 11.765312466178273 ], [ 7.294841299703194, 11.764046650318164 ], [ 7.29370043692802, 11.763171743723717 ], [ 7.292863805359559, 11.76261329234427 ], [ 7.292086781831642, 11.763228138762031 ], [ 7.289398275004942, 11.764157453393466 ], [ 7.289203596872653, 11.758297615412005 ], [ 7.286921872322296, 11.754853748072037 ], [ 7.284019583350357, 11.752436745429804 ], [ 7.2840181903494, 11.74920851923639 ], [ 7.28376990618068, 11.747706182215609 ], [ 7.298076120901101, 11.727565831531194 ], [ 7.302996091243983, 11.724703382586313 ], [ 7.309203248461472, 11.72022343454239 ], [ 7.313080492095878, 11.71816627014465 ], [ 7.319555298495175, 11.709497731254771 ], [ 7.320981377464136, 11.699443464423382 ], [ 7.321570761864621, 11.691992566360852 ], [ 7.321606413888844, 11.687349201205905 ], [ 7.327612640969789, 11.679194179664933 ], [ 7.331161139380811, 11.675618250235232 ], [ 7.336582631064459, 11.672310563987821 ], [ 7.33788747495106, 11.668390899324606 ], [ 7.338077619080252, 11.652748449696276 ], [ 7.325273873380695, 11.647364903038408 ], [ 7.32197005613591, 11.644819432308907 ], [ 7.322880822754712, 11.637244583162158 ], [ 7.318286851633331, 11.620048110477967 ], [ 7.317770959282825, 11.613723993180997 ], [ 7.319211701261736, 11.610656973097093 ], [ 7.324131670604629, 11.607933009246324 ], [ 7.328909033850607, 11.607094860676852 ], [ 7.334470739629523, 11.606536094297155 ], [ 7.337972598008889, 11.604953037221549 ], [ 7.342991456418986, 11.59771576830417 ], [ 7.341768476588015, 11.59420157491644 ], [ 7.333929837262019, 11.593306252308139 ], [ 7.324176135634843, 11.58515036176658 ], [ 7.321016589488067, 11.583715628791765 ], [ 7.314862297306547, 11.586825501904741 ], [ 7.313111860117203, 11.575568211255927 ], [ 7.305519250958355, 11.567087178493466 ], [ 7.304365491174451, 11.566163711866011 ], [ 7.301737112388594, 11.567639693868898 ], [ 7.292367534022389, 11.572901208443852 ], [ 7.28506601206135, 11.572118837912285 ], [ 7.281814553852143, 11.573348274747616 ], [ 7.278506051604154, 11.574801238734835 ], [ 7.272402436457014, 11.575248303038563 ], [ 7.268075700517215, 11.575281400061101 ], [ 7.262876232984411, 11.577818908785218 ], [ 7.258158822779194, 11.579798369130117 ], [ 7.255723282124336, 11.580642831703926 ], [ 7.251296477116512, 11.582177708746769 ], [ 7.247816844752265, 11.58458060837944 ], [ 7.243766783000467, 11.586145275442561 ], [ 7.235984855713014, 11.588904437317296 ], [ 7.232340348236733, 11.588264659882611 ], [ 7.2249799992357, 11.58684841892034 ], [ 7.221414803813332, 11.586708717825388 ], [ 7.217442393114254, 11.587927036653184 ], [ 7.213072245144986, 11.58810573177459 ], [ 7.20822357885055, 11.587896179632253 ], [ 7.201663618393354, 11.585870506255901 ], [ 7.192496738164891, 11.587884050623984 ], [ 7.186629835178564, 11.591793749280441 ], [ 7.170923356506762, 11.598691059966825 ], [ 7.173347690154003, 11.593173023217616 ], [ 7.173863806504698, 11.587978168687926 ], [ 7.175840142847505, 11.584084154042159 ], [ 7.176656268402041, 11.576295015749793 ], [ 7.168991653194269, 11.576349422786734 ], [ 7.162948394088176, 11.575925375498628 ], [ 7.147261532429695, 11.578831269473028 ], [ 7.135398647369414, 11.578447513212325 ], [ 7.129792527560312, 11.566128476842096 ], [ 7.123834762512274, 11.560037538703568 ], [ 7.112422893758435, 11.55422475875406 ], [ 7.10775761458865, 11.550932422517064 ], [ 7.101899999608634, 11.556100000028209 ], [ 7.096593424003061, 11.558919242943773 ], [ 7.073918777596703, 11.562440055335969 ], [ 7.057972358761901, 11.550694684355562 ], [ 7.051740882527895, 11.551052559598702 ], [ 7.039759341386969, 11.533422634620024 ], [ 7.033859199378128, 11.531275481161117 ], [ 7.014065080928958, 11.533916597955624 ], [ 7.003517658762462, 11.535346929927471 ], [ 6.963432273526337, 11.510485551035345 ], [ 6.930252781982404, 11.49926907141429 ], [ 6.924638638167892, 11.497371139124709 ], [ 6.913247642428246, 11.493520230508182 ], [ 6.90112891919415, 11.491805498343126 ], [ 6.895878791626899, 11.505198479443038 ], [ 6.900621413849308, 11.51468372288781 ], [ 6.903199195600791, 11.519839287390766 ], [ 6.904760837661854, 11.523586272936654 ], [ 6.907266617364428, 11.529600143022833 ], [ 6.906637668937094, 11.534001350013227 ], [ 6.906153678608234, 11.537390709316128 ], [ 6.905639648258955, 11.540987967760316 ], [ 6.904489040477188, 11.54961776662384 ], [ 6.904012680153528, 11.553189278050525 ], [ 6.902339458016627, 11.554482459929147 ], [ 6.899405319023003, 11.556733591458737 ], [ 6.886100001982697, 11.56700000243427 ], [ 6.87610000018816, 11.574400000462219 ], [ 6.867400002276895, 11.577599998636458 ], [ 6.856800001074703, 11.589000002382193 ], [ 6.854400001444048, 11.595199997594818 ], [ 6.854398007442683, 11.595221182609237 ], [ 6.852424577101829, 11.616189057855934 ], [ 6.852000001813337, 11.620700001920909 ], [ 6.855199999987576, 11.64189999932529 ], [ 6.860887934852258, 11.653222208018178 ], [ 6.865800001189768, 11.662999998661746 ], [ 6.868999999364064, 11.678500000193253 ], [ 6.874295498962113, 11.690375566262162 ], [ 6.877906111415314, 11.698422696729779 ], [ 6.881150393619691, 11.705599401606037 ], [ 6.880761112355174, 11.710889490200373 ], [ 6.883955527525643, 11.716810135223227 ], [ 6.884426133845352, 11.720057825429876 ], [ 6.884426133845352, 11.725643157224795 ], [ 6.885495692572078, 11.735417215865823 ], [ 6.883974541538521, 11.744725522190379 ], [ 6.885578879628611, 11.748157879522523 ], [ 6.885816559790101, 11.75234646336844 ], [ 6.883083242932969, 11.755371511423846 ], [ 6.882548463569606, 11.758396526479203 ], [ 6.886232500072708, 11.761305163455461 ], [ 6.887777418122425, 11.765900745577937 ], [ 6.88973827645475, 11.771601489451371 ], [ 6.891954540960569, 11.776195991573104 ], [ 6.891472471633051, 11.777985368788904 ], [ 6.891322209530927, 11.779118972559104 ], [ 6.892631161420297, 11.779672261935048 ], [ 6.893876603266506, 11.781258320012739 ], [ 6.895384161290849, 11.783381631455427 ], [ 6.896176863829453, 11.785178067675986 ], [ 6.896373015962695, 11.785622586978036 ], [ 6.895720996519685, 11.786855982816064 ], [ 6.896081055764341, 11.787476619237736 ], [ 6.897384754650147, 11.787757570428653 ], [ 6.899197062881512, 11.788048403626249 ], [ 6.900623141850474, 11.788339237823891 ], [ 6.90121734125421, 11.788077487646035 ], [ 6.902227479940564, 11.788979071258609 ], [ 6.902052420821633, 11.789910310891344 ], [ 6.901395601375327, 11.790636813384936 ], [ 6.901870959698329, 11.791858301214916 ], [ 6.900949951072505, 11.793079784044835 ], [ 6.900385461688984, 11.793894101598141 ], [ 6.900812280978982, 11.796507227373638 ], [ 6.901247051274424, 11.79755850608791 ], [ 6.902210166928796, 11.798850443965762 ], [ 6.903267328647075, 11.797093187771736 ], [ 6.904396307414174, 11.794621170092114 ], [ 6.905644126262018, 11.792498125649615 ], [ 6.906743395008903, 11.790549564325659 ], [ 6.90828831305862, 11.788310154804094 ], [ 6.909862941128495, 11.785779891084928 ], [ 6.912388287844351, 11.785285468748953 ], [ 6.914166894052812, 11.785605978966714 ], [ 6.915154150723595, 11.785963578209703 ], [ 6.91739933824914, 11.785866568143774 ], [ 6.919947264980294, 11.787281192104956 ], [ 6.922457161685657, 11.787430099206119 ], [ 6.925005089416857, 11.789514792622583 ], [ 6.925328333636514, 11.79098523662168 ], [ 6.927795769312979, 11.792204030449795 ], [ 6.928636834884458, 11.79292099893695 ], [ 6.930622174233406, 11.793350960229077 ], [ 6.933315926063699, 11.793384344251763 ], [ 6.934395339797106, 11.794892345276367 ], [ 6.937009816573493, 11.795561244730891 ], [ 6.939142992022937, 11.795968401007542 ], [ 6.940462114919171, 11.796003300031259 ], [ 6.941434936580151, 11.797320944926525 ], [ 6.943528183002456, 11.797713349193145 ], [ 6.94534643323783, 11.799423386355045 ], [ 6.945738604504299, 11.801307904635451 ], [ 6.946808164231015, 11.802389752370516 ], [ 6.94695077132792, 11.803611188200421 ], [ 6.94805598207887, 11.803925270413856 ], [ 6.94866206549068, 11.802599140512768 ], [ 6.950658574847182, 11.802424650394244 ], [ 6.952730087254679, 11.800333080973132 ], [ 6.955635755228968, 11.801639678860909 ], [ 6.956469843795674, 11.802564243489087 ], [ 6.959779441044418, 11.803502969126896 ], [ 6.962566329937943, 11.803715882271547 ], [ 6.96363588766468, 11.804413841745827 ], [ 6.967557604329329, 11.804204453603518 ], [ 6.970801931533686, 11.803855474366401 ], [ 6.971764535187731, 11.803960168437527 ], [ 6.972299313551048, 11.803227307939608 ], [ 6.973440177326211, 11.803157511892209 ], [ 6.975882335985546, 11.80609669488922 ], [ 6.976773634591154, 11.80859768958851 ], [ 6.977130154833389, 11.809121150944179 ], [ 6.977568164131014, 11.808477845507127 ], [ 6.977664934196753, 11.808103309252601 ], [ 6.980427961074099, 11.809092069924418 ], [ 6.982121429224719, 11.80941196314177 ], [ 6.982626498567925, 11.810051746576505 ], [ 6.983814897375396, 11.81016807065555 ], [ 6.984201466638012, 11.810659466989421 ], [ 6.984111996577212, 11.811273148406372 ], [ 6.984871816093516, 11.812127298986752 ], [ 6.985656914626929, 11.812436382196722 ], [ 6.98684531443439, 11.812203736038668 ], [ 6.987640391974594, 11.811382820480901 ], [ 6.987796033080372, 11.810197151675311 ], [ 6.989915027520112, 11.810771161065304 ], [ 6.990949084222734, 11.810842079113513 ], [ 6.991331519482571, 11.811651199663231 ], [ 6.991806877805573, 11.812320059117724 ], [ 6.992193108067966, 11.812698109374594 ], [ 6.992810793487649, 11.812020686914309 ], [ 6.993712647100438, 11.811031611242242 ], [ 6.998751457524065, 11.810612844957745 ], [ 7.017337648152477, 11.81558492033605 ], [ 7.021426103930423, 11.811078140273878 ], [ 7.031931548068371, 11.804982707132297 ], [ 7.033754431306932, 11.803113128862037 ], [ 7.03732362273206, 11.800914507368191 ], [ 7.038808405740895, 11.798259028563905 ], [ 7.039636459303495, 11.796117514108857 ], [ 7.042609992323889, 11.790379245209976 ], [ 7.044368529518692, 11.789586470671281 ], [ 7.049715856151977, 11.788524177949512 ], [ 7.055069642789647, 11.788762124111202 ], [ 7.056544908791977, 11.789475961596224 ], [ 7.060018307152006, 11.789875413867605 ], [ 7.062600001906162, 11.804499998804317 ], [ 7.067099999963659, 11.806400001095312 ], [ 7.069899998866163, 11.807599998910632 ], [ 7.072399999564766, 11.808600000590104 ], [ 7.074430465944374, 11.816129652706138 ], [ 7.074430710944569, 11.816130559706778 ], [ 7.074800000195467, 11.817499998637231 ], [ 7.100763479836417, 11.820450989642268 ], [ 7.141816019729731, 11.849309142250036 ], [ 7.14256810724072, 11.853286469952479 ], [ 7.145049808926899, 11.858968754813304 ], [ 7.146236862733474, 11.865917348534538 ], [ 7.146236862733474, 11.872965064323125 ], [ 7.147055341289558, 11.881031894804153 ], [ 7.144668175667618, 11.887269272042147 ], [ 7.140817765051452, 11.911340509397462 ], [ 7.145807958442049, 11.912370074096998 ], [ 7.164957096453008, 11.909046176838558 ], [ 7.171399998830623, 11.910599998894327 ], [ 7.182500001372546, 11.909499999146931 ], [ 7.19069999794408, 11.907000002448285 ], [ 7.191574970538568, 11.906769773291842 ], [ 7.190962784122632, 11.903697264204197 ], [ 7.193064323550516, 11.900651554134811 ], [ 7.199764886103253, 11.900514497041684 ], [ 7.20597813532487, 11.906910488387439 ], [ 7.205295247860874, 11.90854442449762 ], [ 7.217083731870559, 11.912873483439057 ], [ 7.226416837212014, 11.913511151872285 ], [ 7.235934680678895, 11.921363373207498 ], [ 7.2465681829039, 11.932563020817156 ], [ 7.252639082028793, 11.929190339525576 ], [ 7.256318931529051, 11.924703606477067 ], [ 7.258058179710815, 11.919051112636453 ], [ 7.260339906261095, 11.9166092699773 ], [ 7.26426694092936, 11.914439247502912 ], [ 7.265894186034984, 11.912188884973887 ], [ 7.273357307105812, 11.901907834988378 ], [ 7.274416699825622, 11.900943537333205 ] ] ] ] } },
{ "type": "Feature", "properties": { "fid": 308.0, "OBJECTID": 308.0, "lganame": "Sabuwa", "statecode": "KT", "LGA_UID": "20_31" }, "geometry": { "type": "MultiPolygon", "coordinates": [ [ [ [ 7.10775761458865, 11.550932422517064 ], [ 7.105383233975317, 11.528462718249955 ], [ 7.106457944705539, 11.519804814367319 ], [ 7.105260039891618, 11.503315588163673 ], [ 7.107884038674513, 11.491766850316878 ], [ 7.110518441464478, 11.480092580384735 ], [ 7.111773390317126, 11.47550858527012 ], [ 7.104279156225175, 11.470051430562251 ], [ 7.096141218695834, 11.464835791018459 ], [ 7.094821727799285, 11.463303447977296 ], [ 7.093419416846473, 11.462528926451057 ], [ 7.092548393254674, 11.462965024747405 ], [ 7.088506895508658, 11.458362992620494 ], [ 7.071003160615703, 11.443899963793569 ], [ 7.085717344613272, 11.430416147631945 ], [ 7.10614716949442, 11.428641265425995 ], [ 7.119660291675928, 11.428379486248105 ], [ 7.122727891760235, 11.421268231416377 ], [ 7.130536328065659, 11.4041175577633 ], [ 7.143503910876575, 11.396309121457818 ], [ 7.150560043670851, 11.390549979544744 ], [ 7.14969824508529, 11.385985994443729 ], [ 7.149205220750332, 11.383938481052553 ], [ 7.14358142292923, 11.377323356557895 ], [ 7.134701066895445, 11.388158611919948 ], [ 7.134506416763202, 11.388222810963555 ], [ 7.124986716294984, 11.38197895272117 ], [ 7.127616055081489, 11.375288336175174 ], [ 7.129370790273754, 11.368871997815575 ], [ 7.132662815510514, 11.357451938056215 ], [ 7.137108381531107, 11.350346721228505 ], [ 7.147447962556328, 11.332270875946847 ], [ 7.151227070124094, 11.323741267151377 ], [ 7.155434000982495, 11.317308934780897 ], [ 7.157744996552708, 11.312357484416623 ], [ 7.161577205156505, 11.302860328963789 ], [ 7.175115936355439, 11.290299629429342 ], [ 7.178825354875812, 11.286858081090998 ], [ 7.187056909468765, 11.281916844733644 ], [ 7.192830776391816, 11.273820255232408 ], [ 7.193199883642649, 11.267884563199345 ], [ 7.194785907720245, 11.25756120718512 ], [ 7.195329320089456, 11.252239283569111 ], [ 7.196520381898722, 11.249404871643264 ], [ 7.199033304606189, 11.243424696580064 ], [ 7.199746344090613, 11.238762297412165 ], [ 7.199746344090613, 11.234566072560995 ], [ 7.200578222655849, 11.228504752442632 ], [ 7.202741109125441, 11.222163542134069 ], [ 7.206567343725169, 11.215498055605224 ], [ 7.20873063819505, 11.207895309439493 ], [ 7.211368882987585, 11.202439621732594 ], [ 7.216217549282078, 11.200061470116793 ], [ 7.218499274832368, 11.199851631974184 ], [ 7.219711440655999, 11.194185952124656 ], [ 7.206467072657063, 11.185571825271722 ], [ 7.20007403031326, 11.1731590128378 ], [ 7.201024748959242, 11.153385119402401 ], [ 7.200276175450654, 11.151728553276826 ], [ 7.200134120354107, 11.151632616211657 ], [ 7.185864448658549, 11.141995429663609 ], [ 7.181891440959077, 11.140368461558182 ], [ 7.173025531935082, 11.134899700842425 ], [ 7.161554182140833, 11.130866607102121 ], [ 7.152109715723782, 11.128836295722635 ], [ 7.144266285394565, 11.130118949594134 ], [ 7.133808377288915, 11.135366111159328 ], [ 7.129292462220519, 11.138164559060726 ], [ 7.123350469183208, 11.145043960734938 ], [ 7.121306320794304, 11.149294894623267 ], [ 7.118678839009078, 11.156086293237706 ], [ 7.109264761612678, 11.16249149058973 ], [ 7.101421331283404, 11.166455580283127 ], [ 7.095753850432629, 11.169523254367505 ], [ 7.089893864451028, 11.174849943986715 ], [ 7.084558257825734, 11.181023972181663 ], [ 7.076655407456144, 11.195305185885104 ], [ 7.073743831477827, 11.198889952320769 ], [ 7.068960526227841, 11.203290701310891 ], [ 7.061356392061157, 11.207753497343163 ], [ 7.058421298066889, 11.200257195249776 ], [ 7.05388934698766, 11.202040573461488 ], [ 7.051892836631112, 11.203159698221839 ], [ 7.049278359854725, 11.203952408760472 ], [ 7.046901563239771, 11.204838377362478 ], [ 7.043383229849269, 11.205214395617929 ], [ 7.043369166839682, 11.205212709616774 ], [ 7.04024652971799, 11.204838377362478 ], [ 7.03671627431936, 11.205746470979477 ], [ 7.030459827068398, 11.208041248538677 ], [ 7.02545017466457, 11.209558833569758 ], [ 7.013898939816045, 11.217112647702265 ], [ 6.99906772473895, 11.226764456260184 ], [ 6.983951295468046, 11.234317820392334 ], [ 6.97570038286193, 11.239037301599012 ], [ 6.970087051047926, 11.242879868209855 ], [ 6.967733860449073, 11.245169639765663 ], [ 6.968896866239277, 11.249790191905106 ], [ 6.971901001280457, 11.254740059268272 ], [ 6.972404956622825, 11.25557041183248 ], [ 6.973768308549211, 11.257368468054153 ], [ 6.975914955007738, 11.260199546977788 ], [ 6.978253840596892, 11.263669968335762 ], [ 6.980597019188963, 11.265999793918752 ], [ 6.984107017573876, 11.270629883064714 ], [ 6.986447811164339, 11.272950171641241 ], [ 6.988790988756364, 11.275270462217748 ], [ 6.993476867940217, 11.278759955588669 ], [ 6.99699306532932, 11.281089783171694 ], [ 6.999334811920448, 11.283410071748222 ], [ 7.002844810305305, 11.288040160894127 ], [ 7.005187034896721, 11.29036045147069 ], [ 7.008699894283552, 11.293840407835148 ], [ 7.008747731316078, 11.30443667803479 ], [ 7.00772781562307, 11.30865382190018 ], [ 7.007574781519111, 11.310985831484629 ], [ 7.008715645294274, 11.314621595954975 ], [ 7.0096188279079, 11.330912049023596 ], [ 7.008189352936654, 11.340752487709722 ], [ 7.00989691009687, 11.347400386226639 ], [ 7.012249938695618, 11.346433294569522 ], [ 7.013421670491766, 11.346011925283221 ], [ 7.013628480632292, 11.349229694469557 ], [ 7.006193160580324, 11.361789703003524 ], [ 7.00267219518804, 11.361769675989876 ], [ 6.995633125405277, 11.360569954174764 ], [ 6.988540937586492, 11.360675174246239 ], [ 6.981427170753022, 11.359621410530224 ], [ 6.97547043270572, 11.357384801010596 ], [ 6.968379903888035, 11.357499592088573 ], [ 6.961312152085839, 11.358762770946839 ], [ 6.958995981512089, 11.361119864548357 ], [ 6.954315988332269, 11.363508503171317 ], [ 6.949636476152762, 11.365897128794302 ], [ 6.946162122792089, 11.369428444193659 ], [ 6.940347163841068, 11.374158887407759 ], [ 6.934461554842073, 11.375405797254984 ], [ 6.928623119875169, 11.37897825768232 ], [ 6.92396756871193, 11.382524837092035 ], [ 6.919288059532391, 11.384913448714997 ], [ 6.91101538991154, 11.385044481804016 ], [ 6.897991356062334, 11.384070064141952 ], [ 6.897749178897755, 11.381299653259589 ], [ 6.895289194226336, 11.381264702235853 ], [ 6.893403035944743, 11.382256924909996 ], [ 6.891759649828145, 11.383396697684418 ], [ 6.889442273253621, 11.383641352850645 ], [ 6.887620714015952, 11.389651573934316 ], [ 6.88693141854759, 11.39620208738512 ], [ 6.88692636154417, 11.396333560474432 ], [ 6.8861179349949, 11.417349814754004 ], [ 6.886460304227512, 11.423166274705977 ], [ 6.886503715256993, 11.423904531207597 ], [ 6.886651234357203, 11.426413276912172 ], [ 6.886877975511311, 11.430269246532134 ], [ 6.88693141854759, 11.43117809314964 ], [ 6.891481875639442, 11.441417694106974 ], [ 6.893438338968735, 11.445819855098023 ], [ 6.897537581753966, 11.453106878049255 ], [ 6.900759219942927, 11.458833693940335 ], [ 6.907266617364428, 11.475102424994191 ], [ 6.903199195600791, 11.486490249731673 ], [ 6.90112891919415, 11.491805498343126 ], [ 6.913247642428246, 11.493520230508182 ], [ 6.924638638167892, 11.497371139124709 ], [ 6.930252781982404, 11.49926907141429 ], [ 6.963432273526337, 11.510485551035345 ], [ 7.003517658762462, 11.535346929927471 ], [ 7.014065080928958, 11.533916597955624 ], [ 7.033859199378128, 11.531275481161117 ], [ 7.039759341386969, 11.533422634620024 ], [ 7.051740882527895, 11.551052559598702 ], [ 7.057972358761901, 11.550694684355562 ], [ 7.073918777596703, 11.562440055335969 ], [ 7.096593424003061, 11.558919242943773 ], [ 7.101899999608634, 11.556100000028209 ], [ 7.10775761458865, 11.550932422517064 ] ] ] ] } },
{ "type": "Feature", "properties": { "fid": 325.0, "OBJECTID": 325.0, "lganame": "Batsari", "statecode": "KT", "LGA_UID": "20_03" }, "geometry": { "type": "MultiPolygon", "coordinates": [ [ [ [ 7.270897928434806, 13.007358875090404 ], [ 7.281688413766403, 13.000336757319189 ], [ 7.287965685031509, 13.002241868613623 ], [ 7.298423593137215, 13.005368259737907 ], [ 7.309100617391721, 13.004736048308303 ], [ 7.320527807155941, 13.004441926108484 ], [ 7.327182839677732, 13.003515589479093 ], [ 7.341087104125052, 12.999694410882796 ], [ 7.351782691392202, 12.995062601735697 ], [ 7.355712600062361, 12.995697708167199 ], [ 7.362693305805465, 13.000348979327498 ], [ 7.367015071741889, 12.997705930531708 ], [ 7.371378412706576, 12.996348247609205 ], [ 7.372391644395009, 12.986135211669932 ], [ 7.373583495204798, 12.985068816945386 ], [ 7.381792634782528, 12.984462053533093 ], [ 7.382863392510046, 12.983783908072326 ], [ 7.383220311752552, 12.982427615150812 ], [ 7.384219686431607, 12.981285474374772 ], [ 7.384647988722634, 12.979715030307716 ], [ 7.384398144552847, 12.978394429410457 ], [ 7.38379138314059, 12.976966752440376 ], [ 7.383363079849573, 12.976003069785634 ], [ 7.38354153897086, 12.97496800508236 ], [ 7.384612296698378, 12.973647404185044 ], [ 7.383771749127277, 12.97212759215239 ], [ 7.382647265363232, 12.955819155071595 ], [ 7.388522657355281, 12.951346639032749 ], [ 7.395314997970331, 12.945746657227801 ], [ 7.397984518784142, 12.943910975980543 ], [ 7.399447886778432, 12.94319713849552 ], [ 7.399947574117959, 12.942447607986253 ], [ 7.399590654875453, 12.940555935700957 ], [ 7.399233735632947, 12.938842724536926 ], [ 7.399269427657202, 12.936808285154598 ], [ 7.400197418287746, 12.935023689942057 ], [ 7.40148232716075, 12.931989876880721 ], [ 7.401375251087984, 12.930526507886441 ], [ 7.400518644506008, 12.927992382164632 ], [ 7.388498771339016, 12.92807333221964 ], [ 7.397763054633685, 12.908524299936971 ], [ 7.398745572301266, 12.897740605609954 ], [ 7.415825952906573, 12.893762058906702 ], [ 7.420225794896055, 12.890110665425766 ], [ 7.422870630693126, 12.88734293154522 ], [ 7.42192451505025, 12.885273242138965 ], [ 7.420738510244405, 12.879643382313759 ], [ 7.415983101013353, 12.877837425086682 ], [ 7.412300001510857, 12.877500000857424 ], [ 7.412799999850563, 12.873900000411368 ], [ 7.412799999850563, 12.868799998946145 ], [ 7.412200000442908, 12.865299999568094 ], [ 7.412575501698029, 12.863430297297725 ], [ 7.412363895554279, 12.855418993854414 ], [ 7.413364401234048, 12.854159735998792 ], [ 7.414197212799934, 12.853921788837113 ], [ 7.415743861850785, 12.854016967901771 ], [ 7.417052565739993, 12.854064556934134 ], [ 7.418789571920229, 12.85418353001495 ], [ 7.41966997251842, 12.853897994820954 ], [ 7.420312426954922, 12.853374513465269 ], [ 7.420621757165122, 12.852351344770057 ], [ 7.42071693622978, 12.850804695719205 ], [ 7.420431400035739, 12.850067063218034 ], [ 7.419241670227393, 12.848972511474301 ], [ 7.417766404225006, 12.847996931811451 ], [ 7.415648683786117, 12.845569881162419 ], [ 7.41530396055191, 12.84449995743546 ], [ 7.415243443510803, 12.840201635514916 ], [ 7.413425940275886, 12.829336749132722 ], [ 7.419043643092834, 12.821559179848236 ], [ 7.418855453964966, 12.817131305839723 ], [ 7.418409569662003, 12.811961237326898 ], [ 7.412642164743318, 12.802457823869759 ], [ 7.408300000793076, 12.795800000346105 ], [ 7.405333256777283, 12.792569739151304 ], [ 7.401300048036887, 12.781151475393131 ], [ 7.402600001920177, 12.772100002243064 ], [ 7.402883580112871, 12.769979400802242 ], [ 7.402395122780945, 12.762536817745342 ], [ 7.398402104067884, 12.753426614555394 ], [ 7.394979515742421, 12.748836617436666 ], [ 7.394765603597079, 12.742855587372844 ], [ 7.395074241806753, 12.737816483949018 ], [ 7.395122123839315, 12.7296411813943 ], [ 7.398017166806369, 12.718715453970788 ], [ 7.398145338893414, 12.716446046428814 ], [ 7.39812086487683, 12.710427942339777 ], [ 7.392376511973794, 12.703715935779314 ], [ 7.386386399903813, 12.696470937856702 ], [ 7.382928742554498, 12.686603990152548 ], [ 7.38225135609423, 12.684134488474626 ], [ 7.377509644872475, 12.681699743820332 ], [ 7.369216348237558, 12.68039778893575 ], [ 7.368168831525793, 12.681769307867626 ], [ 7.368382742671145, 12.682604080434771 ], [ 7.367847964307771, 12.68357797709649 ], [ 7.367313184944408, 12.684830123947279 ], [ 7.36656449343576, 12.685038815089058 ], [ 7.366421886338856, 12.685630104490826 ], [ 7.365387978636363, 12.686603990152548 ], [ 7.362613962751539, 12.691025009156419 ], [ 7.356909648875728, 12.690851104038245 ], [ 7.354781162429504, 12.685237903224333 ], [ 7.341300000269712, 12.688700001576706 ], [ 7.32506922724167, 12.685006391067077 ], [ 7.312434972657286, 12.677214017772485 ], [ 7.295730112307126, 12.677355278868504 ], [ 7.293384942713658, 12.679080690040792 ], [ 7.28747860170057, 12.684518307735402 ], [ 7.281821825857094, 12.686871868334549 ], [ 7.276580987296143, 12.691416612422472 ], [ 7.274584477939641, 12.694312684390241 ], [ 7.274394332810459, 12.696719483025561 ], [ 7.274337290771655, 12.69905669961355 ], [ 7.276447886205744, 12.699947062218541 ], [ 7.278615524678514, 12.703786714827402 ], [ 7.282551501352827, 12.706513388680037 ], [ 7.283407147934213, 12.708460996003339 ], [ 7.281101960367948, 12.711562120110443 ], [ 7.27850143860104, 12.713914215708542 ], [ 7.273992271537281, 12.709714059854775 ], [ 7.269000998145941, 12.706641949767402 ], [ 7.260147428130324, 12.700265755435055 ], [ 7.253708227755226, 12.697256639390503 ], [ 7.250096319301065, 12.696180249659164 ], [ 7.244477345483233, 12.694222791329139 ], [ 7.241216617267753, 12.692482214146537 ], [ 7.230437461943836, 12.687802730967007 ], [ 7.224834969137191, 12.68607786179507 ], [ 7.22413690766291, 12.686547495114155 ], [ 7.22296237886485, 12.686261030919525 ], [ 7.221738911033583, 12.686261030919525 ], [ 7.220466505169043, 12.686547495114155 ], [ 7.21948772950401, 12.687024934438568 ], [ 7.218704710971963, 12.687215908568305 ], [ 7.217970630473189, 12.687406883698088 ], [ 7.217187610941153, 12.686833958308796 ], [ 7.216159898242893, 12.686070054789752 ], [ 7.215474754777347, 12.685544870432921 ], [ 7.214603422185348, 12.685695181535039 ], [ 7.213468268414033, 12.685449382368063 ], [ 7.21204904544976, 12.685544870432921 ], [ 7.210678760518704, 12.685544870432921 ], [ 7.208721213188653, 12.685115173140957 ], [ 7.207253051191117, 12.684924196011195 ], [ 7.206323214559291, 12.684208030524587 ], [ 7.20519762479455, 12.684255775557062 ], [ 7.205091025722083, 12.684245375550006 ], [ 7.204218851129497, 12.684160287492148 ], [ 7.203142199397973, 12.683682843167787 ], [ 7.201380405200894, 12.684064798427301 ], [ 7.199569672970597, 12.684208030524587 ], [ 7.197807878773517, 12.683730587200216 ], [ 7.196241839709501, 12.683396375973132 ], [ 7.195165187977977, 12.682775695551413 ], [ 7.194969432844971, 12.681438842643047 ], [ 7.194626861612164, 12.68053168802669 ], [ 7.192865068415131, 12.680388452929378 ], [ 7.190858581051828, 12.679958746637396 ], [ 7.189292541987754, 12.67957678537789 ], [ 7.188610374524274, 12.680447011969193 ], [ 7.187922258056744, 12.680627178091584 ], [ 7.187971197090008, 12.679815510540095 ], [ 7.187295951631199, 12.67970930946791 ], [ 7.186503035092414, 12.679911000604989 ], [ 7.185658875518868, 12.679350878224398 ], [ 7.184692302862118, 12.679672275442783 ], [ 7.183566712097331, 12.679720021475191 ], [ 7.183028385731575, 12.679099332053511 ], [ 7.182130632121584, 12.678474245628763 ], [ 7.180875083268518, 12.67886060489127 ], [ 7.179651615437194, 12.678430896599309 ], [ 7.179309044204444, 12.677428239918072 ], [ 7.178672840772208, 12.677237256788317 ], [ 7.176862107541865, 12.676664309398973 ], [ 7.175491823610855, 12.6761868500746 ], [ 7.175345007511055, 12.675184185393334 ], [ 7.175346883512361, 12.67451371993775 ], [ 7.174072600646525, 12.6745634849716 ], [ 7.173583214314021, 12.673799545452539 ], [ 7.173142766014735, 12.673178842030779 ], [ 7.173778969447028, 12.672605883641495 ], [ 7.172995948915002, 12.671746445057522 ], [ 7.172414419519896, 12.67113464664186 ], [ 7.171332032784449, 12.6709824965385 ], [ 7.170549014252401, 12.670361787116747 ], [ 7.1698269267618, 12.669256796365971 ], [ 7.154820395565594, 12.666116235232096 ], [ 7.1340421314477, 12.66446242710839 ], [ 7.131160159489525, 12.665849555050897 ], [ 7.121767772107887, 12.66881548606608 ], [ 7.122485517595521, 12.703636947725613 ], [ 7.043014568598778, 12.719585604561985 ], [ 7.06071415762483, 12.739841593324968 ], [ 7.10920116456947, 12.778351046490343 ], [ 7.11110179786084, 12.780038371636806 ], [ 7.123533985307915, 12.865185118490047 ], [ 7.101212065141226, 12.898392551052893 ], [ 7.100719842806768, 12.900657077591575 ], [ 7.104787294570428, 12.925208681273205 ], [ 7.105671348171086, 12.932942780528151 ], [ 7.118937702184951, 12.936392949872413 ], [ 7.13115949748908, 12.939571420032053 ], [ 7.139844565390206, 12.942115685760712 ], [ 7.143694977006362, 12.95295629212643 ], [ 7.153883384928918, 12.968081466403248 ], [ 7.161811946315993, 12.97328420893831 ], [ 7.167800002384581, 12.985800002442204 ], [ 7.18019531480661, 12.993758645849709 ], [ 7.183457827023346, 12.997268567234528 ], [ 7.184883904992319, 13.000603447500396 ], [ 7.192806084375036, 13.001529741129787 ], [ 7.193796895048251, 13.001645590208511 ], [ 7.2024959729589, 12.99949182574511 ], [ 7.205200001796129, 13.000700000566042 ], [ 7.213761991613637, 13.005744635993608 ], [ 7.219822824731693, 13.005953061135244 ], [ 7.224618195989876, 13.007354322087338 ], [ 7.225523916605312, 13.007894755454515 ], [ 7.228321430506071, 13.009563995588678 ], [ 7.234351363603139, 13.013161941033331 ], [ 7.240936708077584, 13.015849153859165 ], [ 7.245019404851575, 13.021077620411631 ], [ 7.255424977921678, 13.013611487338778 ], [ 7.263339713299331, 13.008609409940107 ], [ 7.270897928434806, 13.007358875090404 ] ] ] ] } },
{ "type": "Feature", "properties": { "fid": 326.0, "OBJECTID": 326.0, "lganame": "Jibia", "statecode": "KT", "LGA_UID": "20_16" }, "geometry": { "type": "MultiPolygon", "coordinates": [ [ [ [ 7.598998728363881, 13.105384959694561 ], [ 7.596749234835443, 13.084110002239186 ], [ 7.600535486408035, 13.061494629873096 ], [ 7.600508463389644, 13.061480299863376 ], [ 7.576754990250322, 13.057971668479411 ], [ 7.576591243139035, 13.057616583238143 ], [ 7.575956775707937, 13.053140172196663 ], [ 7.575624274482038, 13.043814593860361 ], [ 7.566605450354189, 13.040536353632945 ], [ 7.563836956473097, 13.036743533055926 ], [ 7.562539224591376, 13.027893394042678 ], [ 7.55999999886609, 13.02400000039728 ], [ 7.566044453973007, 13.019684757465257 ], [ 7.568504439644414, 13.017704828120031 ], [ 7.56996616963761, 13.015308052491491 ], [ 7.566935752578559, 13.013779661453043 ], [ 7.564760984100928, 13.012077578296555 ], [ 7.560950623511985, 13.007617514266144 ], [ 7.565790558800472, 12.997174279170451 ], [ 7.567350314860278, 12.992159479763131 ], [ 7.555760850985791, 12.9765627821659 ], [ 7.546191844484099, 12.973597074150859 ], [ 7.533674174978898, 12.968494470683879 ], [ 7.528629717551439, 12.965829474873146 ], [ 7.524394276673661, 12.962878942868372 ], [ 7.522871421638968, 12.961070552639683 ], [ 7.521253388539549, 12.960499482251635 ], [ 7.518183567453775, 12.960486792243046 ], [ 7.515258450466263, 12.959421774519399 ], [ 7.513926820561494, 12.96807468439863 ], [ 7.51264909269338, 12.967949526313589 ], [ 7.501810898329325, 12.96204320030057 ], [ 7.485544859277297, 12.956356393436636 ], [ 7.480492941844773, 12.954577037227637 ], [ 7.477776553999092, 12.9514981721357 ], [ 7.471993378069726, 12.93983681221232 ], [ 7.472472747395386, 12.935869930517015 ], [ 7.470475032038053, 12.93604312563474 ], [ 7.464014566648473, 12.937133829375796 ], [ 7.463360215203863, 12.933826379128561 ], [ 7.460028969940424, 12.933493253902213 ], [ 7.458268168744098, 12.9334337678618 ], [ 7.45695946485489, 12.933624123991137 ], [ 7.454865540432138, 12.933933454201281 ], [ 7.453009560171097, 12.934266579427629 ], [ 7.450487331457339, 12.934266579427629 ], [ 7.44844099506696, 12.9334337678618 ], [ 7.449210507589839, 12.931106663280616 ], [ 7.450047009158197, 12.92995647849915 ], [ 7.449499997786518, 12.929400001121053 ], [ 7.448800001310872, 12.928699999645403 ], [ 7.448199998903249, 12.928399999441581 ], [ 7.4459999994084, 12.928100001237738 ], [ 7.442382377950423, 12.925901161743752 ], [ 7.441092815074228, 12.925115685210017 ], [ 7.440369553582798, 12.924316601667101 ], [ 7.437869055883823, 12.92064519517254 ], [ 7.43512823502158, 12.916807242564857 ], [ 7.431320428434333, 12.915671335793036 ], [ 7.425467999457908, 12.913470369297613 ], [ 7.421519828775274, 12.902400331775993 ], [ 7.418842440956155, 12.897484624436004 ], [ 7.415825952906573, 12.893762058906702 ], [ 7.398745572301266, 12.897740605609954 ], [ 7.397763054633685, 12.908524299936971 ], [ 7.388498771339016, 12.92807333221964 ], [ 7.400518644506008, 12.927992382164632 ], [ 7.401375251087984, 12.930526507886441 ], [ 7.40148232716075, 12.931989876880721 ], [ 7.400197418287746, 12.935023689942057 ], [ 7.399269427657202, 12.936808285154598 ], [ 7.399233735632947, 12.938842724536926 ], [ 7.399590654875453, 12.940555935700957 ], [ 7.399947574117959, 12.942447607986253 ], [ 7.399447886778432, 12.94319713849552 ], [ 7.397984518784142, 12.943910975980543 ], [ 7.395314997970331, 12.945746657227801 ], [ 7.388522657355281, 12.951346639032749 ], [ 7.382647265363232, 12.955819155071595 ], [ 7.383771749127277, 12.97212759215239 ], [ 7.384612296698378, 12.973647404185044 ], [ 7.38354153897086, 12.97496800508236 ], [ 7.383363079849573, 12.976003069785634 ], [ 7.38379138314059, 12.976966752440376 ], [ 7.384398144552847, 12.978394429410457 ], [ 7.384647988722634, 12.979715030307716 ], [ 7.384219686431607, 12.981285474374772 ], [ 7.383220311752552, 12.982427615150812 ], [ 7.382863392510046, 12.983783908072326 ], [ 7.381792634782528, 12.984462053533093 ], [ 7.373583495204798, 12.985068816945386 ], [ 7.372391644395009, 12.986135211669932 ], [ 7.371378412706576, 12.996348247609205 ], [ 7.367015071741889, 12.997705930531708 ], [ 7.362693305805465, 13.000348979327498 ], [ 7.355712600062361, 12.995697708167199 ], [ 7.351782691392202, 12.995062601735697 ], [ 7.341087104125052, 12.999694410882796 ], [ 7.327182839677732, 13.003515589479093 ], [ 7.320527807155941, 13.004441926108484 ], [ 7.309100617391721, 13.004736048308303 ], [ 7.298423593137215, 13.005368259737907 ], [ 7.287965685031509, 13.002241868613623 ], [ 7.281688413766403, 13.000336757319189 ], [ 7.270897928434806, 13.007358875090404 ], [ 7.263339713299331, 13.008609409940107 ], [ 7.255424977921678, 13.013611487338778 ], [ 7.245019404851575, 13.021077620411631 ], [ 7.240936708077584, 13.015849153859165 ], [ 7.234351363603139, 13.013161941033331 ], [ 7.228321430506071, 13.009563995588678 ], [ 7.225523916605312, 13.007894755454515 ], [ 7.224618195989876, 13.007354322087338 ], [ 7.219822824731693, 13.005953061135244 ], [ 7.213761991613637, 13.005744635993608 ], [ 7.205200001796129, 13.000700000566042 ], [ 7.2024959729589, 12.99949182574511 ], [ 7.193796895048251, 13.001645590208511 ], [ 7.192806084375036, 13.001529741129787 ], [ 7.184883904992319, 13.000603447500396 ], [ 7.183457827023346, 12.997268567234528 ], [ 7.18019531480661, 12.993758645849709 ], [ 7.167800002384581, 12.985800002442204 ], [ 7.161811946315993, 12.97328420893831 ], [ 7.153883384928918, 12.968081466403248 ], [ 7.143694977006362, 12.95295629212643 ], [ 7.139844565390206, 12.942115685760712 ], [ 7.13115949748908, 12.939571420032053 ], [ 7.118937702184951, 12.936392949872413 ], [ 7.105671348171086, 12.932942780528151 ], [ 7.104787294570428, 12.925208681273205 ], [ 7.100719842806768, 12.900657077591575 ], [ 7.101212065141226, 12.898392551052893 ], [ 7.123533985307915, 12.865185118490047 ], [ 7.11110179786084, 12.780038371636806 ], [ 7.10920116456947, 12.778351046490343 ], [ 7.06071415762483, 12.739841593324968 ], [ 7.060438887437783, 12.761706797181375 ], [ 7.066412751496728, 12.799634478951475 ], [ 7.066472242537145, 12.810573151383778 ], [ 7.056076722473904, 12.823255149000602 ], [ 7.068569167961925, 12.832182071066029 ], [ 7.063282557369917, 12.838145851118099 ], [ 7.062857570081178, 12.843599994823933 ], [ 7.064909909475602, 12.859538749653609 ], [ 7.064952489504549, 12.877241340681678 ], [ 7.066430049508483, 12.881733239733705 ], [ 7.065061014578305, 12.885653537397332 ], [ 7.066180366338813, 12.889573690060899 ], [ 7.066216902363635, 12.892510191056147 ], [ 7.06537908179439, 12.897509103452649 ], [ 7.063893583785102, 12.903127360269991 ], [ 7.065260241713645, 12.905675806001568 ], [ 7.065561550918403, 12.907517849253111 ], [ 7.06537908179439, 12.909266754441433 ], [ 7.064487783188781, 12.910193441071044 ], [ 7.065400000808609, 12.912599998706241 ], [ 7.061350443057108, 12.912805247845654 ], [ 7.061457366129787, 12.914479327983145 ], [ 7.062408084775768, 12.916158912124331 ], [ 7.062051565533523, 12.919112636131217 ], [ 7.061219686968286, 12.91928638424929 ], [ 7.060328388362677, 12.918301813580342 ], [ 7.05967476791858, 12.919112636131217 ], [ 7.058664630232272, 12.922471731413566 ], [ 7.057060291142193, 12.924846236026951 ], [ 7.05597041940166, 12.927908981107976 ], [ 7.055111613818156, 12.930380936787515 ], [ 7.053079156437207, 12.932780395417865 ], [ 7.050999458024137, 12.9326066572998 ], [ 7.0499299002974, 12.933301607771966 ], [ 7.04921685981293, 12.934749416755722 ], [ 7.0501675794589, 12.937413362565735 ], [ 7.052009596710491, 12.93822412411663 ], [ 7.052009596710491, 12.939382348903564 ], [ 7.050880618943381, 12.941698782477488 ], [ 7.052187856831608, 12.943262362539826 ], [ 7.054564654446494, 12.943320272579172 ], [ 7.056228411576967, 12.943899374972659 ], [ 7.057817549656704, 12.946369635651081 ], [ 7.05830810998998, 12.948010954766289 ], [ 7.057892169707372, 12.949864040025375 ], [ 7.058783469312971, 12.950501034458171 ], [ 7.059793607999325, 12.951138026890987 ], [ 7.059734187958952, 12.952006652481202 ], [ 7.059021149474461, 12.952875273071356 ], [ 7.056584931819202, 12.955481117841941 ], [ 7.054505234406122, 12.956928797825526 ], [ 7.049276279853302, 12.961213881737081 ], [ 7.049751640176282, 12.964630315058344 ], [ 7.048622661409183, 12.965730511805873 ], [ 7.048741501489928, 12.968741552851782 ], [ 7.050207992486378, 12.970298229909474 ], [ 7.0499299002974, 12.973373852999202 ], [ 7.050108159418528, 12.977832360028515 ], [ 7.050524098701146, 12.981364367428398 ], [ 7.050320982563107, 12.984025903236784 ], [ 7.048951133632386, 12.986812129129873 ], [ 7.051746247531526, 12.989646901055949 ], [ 7.051266663205695, 12.995474501015565 ], [ 7.090555190900375, 12.99527740488162 ], [ 7.10822180390403, 13.010014659894921 ], [ 7.129133393112454, 13.027457697746627 ], [ 7.138839084707001, 13.035553116247058 ], [ 7.145486523223667, 13.041004658951124 ], [ 7.147499084591061, 13.042776108154783 ], [ 7.179413396275379, 13.081153097230128 ], [ 7.188433342403982, 13.09223069975684 ], [ 7.196740248048116, 13.101502166056378 ], [ 7.218888283096703, 13.12555503839917 ], [ 7.230108048720012, 13.125394738290254 ], [ 7.230260434823549, 13.125361188267448 ], [ 7.243817416034858, 13.122376345239388 ], [ 7.264224069900251, 13.118596361671052 ], [ 7.292751538283312, 13.114217525695835 ], [ 7.306850987863186, 13.112053297225373 ], [ 7.32206385119963, 13.109718138638698 ], [ 7.338927373657611, 13.107129581879917 ], [ 7.344368119354328, 13.106220901262532 ], [ 7.348757930337001, 13.105382833693113 ], [ 7.349244142667374, 13.105324557653489 ], [ 7.379721642375387, 13.099721908846732 ], [ 7.38232877214682, 13.1012378588768 ], [ 7.385319569178932, 13.102988638066336 ], [ 7.403241939356349, 13.113397761138856 ], [ 7.413228137141459, 13.119203995083922 ], [ 7.448022795782833, 13.139433439828849 ], [ 7.453169164279529, 13.142425371861748 ], [ 7.466033004019891, 13.149976389992332 ], [ 7.484290134424782, 13.160517319154394 ], [ 7.49438010628046, 13.166382763139666 ], [ 7.507490698188462, 13.17400392731787 ], [ 7.519770201531799, 13.181141766167741 ], [ 7.525605806496856, 13.18453381747247 ], [ 7.530777747010916, 13.187540435515302 ], [ 7.538307416126997, 13.191917977489652 ], [ 7.545836167242385, 13.196294907463596 ], [ 7.551237377912287, 13.199434917597046 ], [ 7.579849491352888, 13.216069421899419 ], [ 7.594816093521956, 13.224772713812911 ], [ 7.60197394938541, 13.228934998640966 ], [ 7.611668228972178, 13.234572098471119 ], [ 7.614693726027895, 13.236269819624624 ], [ 7.638550007237086, 13.212341440366458 ], [ 7.646096984364931, 13.206398389328399 ], [ 7.647770607502082, 13.19065080462866 ], [ 7.645279158809274, 13.18173085856796 ], [ 7.640063767265644, 13.170945233239649 ], [ 7.632146022885877, 13.158999907123359 ], [ 7.637949438829025, 13.152048578400297 ], [ 7.64971133882068, 13.133383125717955 ], [ 7.655596200819218, 13.1269460733443 ], [ 7.647089407039232, 13.12553129738302 ], [ 7.635814656378557, 13.12216424809526 ], [ 7.600444760346363, 13.118934304900677 ], [ 7.598998728363881, 13.105384959694561 ] ] ] ] } },
{ "type": "Feature", "properties": { "fid": 327.0, "OBJECTID": 327.0, "lganame": "Dandume", "statecode": "KT", "LGA_UID": "20_08" }, "geometry": { "type": "MultiPolygon", "coordinates": [ [ [ [ 7.147261532429695, 11.578831269473028 ], [ 7.162948394088176, 11.575925375498628 ], [ 7.168991653194269, 11.576349422786734 ], [ 7.176656268402041, 11.576295015749793 ], [ 7.175290676474162, 11.567057578473396 ], [ 7.176716754443135, 11.561608773771184 ], [ 7.177073995685816, 11.560259827854622 ], [ 7.175005460280374, 11.559652767442174 ], [ 7.174221116747447, 11.556579014353701 ], [ 7.174720244086586, 11.552666916695614 ], [ 7.17536197952262, 11.549383507464654 ], [ 7.174577635989692, 11.547427415135587 ], [ 7.177000501635916, 11.544265089986936 ], [ 7.176439527254729, 11.541975405431231 ], [ 7.176183912081058, 11.538361113975498 ], [ 7.179749071503409, 11.531542043342256 ], [ 7.184526433749454, 11.524904824832561 ], [ 7.186023816766806, 11.521132020269135 ], [ 7.186915116372404, 11.517778372990449 ], [ 7.187770762953789, 11.514319882640564 ], [ 7.187840165000978, 11.511446858688487 ], [ 7.187341037661838, 11.508582188742082 ], [ 7.187483645758732, 11.506975166650193 ], [ 7.185193114202377, 11.498611476967483 ], [ 7.189765371309022, 11.500686730377481 ], [ 7.193544478876788, 11.50054698528254 ], [ 7.195142901962811, 11.500571606299275 ], [ 7.196554719922062, 11.499691212701123 ], [ 7.198592371306574, 11.498919815176976 ], [ 7.204721459470989, 11.49646463750878 ], [ 7.202059573662382, 11.493169178269682 ], [ 7.204770356504241, 11.488270639941334 ], [ 7.218446103796225, 11.484733477538043 ], [ 7.230176818766722, 11.484368785290201 ], [ 7.230312606859002, 11.484363712286779 ], [ 7.233333653911643, 11.484243879205337 ], [ 7.235147477144039, 11.482932519314375 ], [ 7.235961557697181, 11.481391201267115 ], [ 7.236081591778714, 11.479280595833018 ], [ 7.234282937556657, 11.46863293059846 ], [ 7.236927124353258, 11.46778854302471 ], [ 7.242449845105682, 11.468645263606845 ], [ 7.244837959728272, 11.469265119027966 ], [ 7.246882006117119, 11.4695213462021 ], [ 7.245538863204501, 11.473161286675236 ], [ 7.246147178617832, 11.476542744972789 ], [ 7.245683907303032, 11.480700441797751 ], [ 7.236815941277712, 11.499975211894082 ], [ 7.238598538488873, 11.504167528742528 ], [ 7.241168545235098, 11.506106897060249 ], [ 7.246415794800328, 11.50794158530681 ], [ 7.247474161519449, 11.506860656572371 ], [ 7.24835630211885, 11.50636698523698 ], [ 7.249761830073794, 11.504822752187749 ], [ 7.25011834931604, 11.503075965000903 ], [ 7.249604715967052, 11.501257192765081 ], [ 7.249345889791186, 11.499465902548025 ], [ 7.248692271347124, 11.498155788657868 ], [ 7.250518663588025, 11.49659951660044 ], [ 7.253732930772003, 11.494857008416488 ], [ 7.255451899939942, 11.493192290285378 ], [ 7.257634971423215, 11.49180892734546 ], [ 7.259982058017954, 11.490935493751977 ], [ 7.267481885113739, 11.4847873135746 ], [ 7.274059173582714, 11.480782018853176 ], [ 7.280141112715114, 11.474287137440228 ], [ 7.285764543535947, 11.472606634298415 ], [ 7.288950960700959, 11.470410591806285 ], [ 7.293726232945573, 11.467896592098157 ], [ 7.297293416369314, 11.465286114324442 ], [ 7.303170685362602, 11.461550359786202 ], [ 7.306287779480556, 11.459242283217975 ], [ 7.308951499290401, 11.458266005554606 ], [ 7.31364825548161, 11.44968124372167 ], [ 7.313701115517574, 11.449628515685845 ], [ 7.318741723942424, 11.431938997666634 ], [ 7.32067414225537, 11.41271624460569 ], [ 7.318602281847689, 11.411865080027383 ], [ 7.316403744353863, 11.410350699998389 ], [ 7.308679153105345, 11.405225047515785 ], [ 7.299112543605304, 11.404642582120005 ], [ 7.295127294897497, 11.385415852056383 ], [ 7.295016083821963, 11.384228158249357 ], [ 7.299300493733028, 11.381344269289912 ], [ 7.301675564346738, 11.379617146116402 ], [ 7.308822526202789, 11.374419893585127 ], [ 7.308246122811113, 11.36949399723818 ], [ 7.307512819312876, 11.366199359999655 ], [ 7.304310050136792, 11.36262250056933 ], [ 7.303396774516216, 11.360099516855087 ], [ 7.304009679932676, 11.34721354809966 ], [ 7.303863569833425, 11.341210793021105 ], [ 7.306432155578648, 11.329844324298108 ], [ 7.306888500888704, 11.3261528207899 ], [ 7.307173716082502, 11.321342608521604 ], [ 7.308257535818882, 11.31664418432922 ], [ 7.310368132252961, 11.313008445858941 ], [ 7.307871825556845, 11.30607107314529 ], [ 7.307401889237497, 11.305177467538158 ], [ 7.307294219164362, 11.29951337168967 ], [ 7.308339408874531, 11.292940184223482 ], [ 7.304432081219659, 11.288757356381439 ], [ 7.295649815252546, 11.2854650631445 ], [ 7.292799392315828, 11.284931710782132 ], [ 7.289577098126415, 11.284328776372433 ], [ 7.283993013332292, 11.275450398340013 ], [ 7.280983074287178, 11.275669053488571 ], [ 7.276847446477234, 11.275179559155958 ], [ 7.275084485279365, 11.274799192897547 ], [ 7.27328225005482, 11.274410352633311 ], [ 7.270197230958729, 11.27541222231406 ], [ 7.26779184832435, 11.27727738258136 ], [ 7.265652729870908, 11.27811650815147 ], [ 7.262695812861864, 11.277542304761369 ], [ 7.260562626412423, 11.278499374411638 ], [ 7.260497912368464, 11.278528409431374 ], [ 7.2584619369851, 11.276497136051205 ], [ 7.257048801024951, 11.275150229136045 ], [ 7.252711146077729, 11.272877568591866 ], [ 7.252297080796382, 11.272885230597069 ], [ 7.249561889937979, 11.272935842631455 ], [ 7.243916996102541, 11.273984765344153 ], [ 7.240615267859141, 11.275064185077611 ], [ 7.238450576388345, 11.275771876558451 ], [ 7.234885165965807, 11.276117560793296 ], [ 7.232893741612713, 11.276787154248268 ], [ 7.232833508571787, 11.276807407262027 ], [ 7.232832503571103, 11.276807744262271 ], [ 7.227398254878835, 11.278634939503775 ], [ 7.222121765293707, 11.276117560793296 ], [ 7.215126832540932, 11.269965040612931 ], [ 7.209957299028531, 11.261107233594487 ], [ 7.194785907720245, 11.25756120718512 ], [ 7.193199883642649, 11.267884563199345 ], [ 7.192830776391816, 11.273820255232408 ], [ 7.187056909468765, 11.281916844733644 ], [ 7.178825354875812, 11.286858081090998 ], [ 7.175115936355439, 11.290299629429342 ], [ 7.161577205156505, 11.302860328963789 ], [ 7.157744996552708, 11.312357484416623 ], [ 7.155434000982495, 11.317308934780897 ], [ 7.151227070124094, 11.323741267151377 ], [ 7.147447962556328, 11.332270875946847 ], [ 7.137108381531107, 11.350346721228505 ], [ 7.132662815510514, 11.357451938056215 ], [ 7.129370790273754, 11.368871997815575 ], [ 7.127616055081489, 11.375288336175174 ], [ 7.124986716294984, 11.38197895272117 ], [ 7.134506416763202, 11.388222810963555 ], [ 7.134701066895445, 11.388158611919948 ], [ 7.14358142292923, 11.377323356557895 ], [ 7.149205220750332, 11.383938481052553 ], [ 7.14969824508529, 11.385985994443729 ], [ 7.150560043670851, 11.390549979544744 ], [ 7.143503910876575, 11.396309121457818 ], [ 7.130536328065659, 11.4041175577633 ], [ 7.122727891760235, 11.421268231416377 ], [ 7.119660291675928, 11.428379486248105 ], [ 7.10614716949442, 11.428641265425995 ], [ 7.085717344613272, 11.430416147631945 ], [ 7.071003160615703, 11.443899963793569 ], [ 7.088506895508658, 11.458362992620494 ], [ 7.092548393254674, 11.462965024747405 ], [ 7.093419416846473, 11.462528926451057 ], [ 7.094821727799285, 11.463303447977296 ], [ 7.096141218695834, 11.464835791018459 ], [ 7.104279156225175, 11.470051430562251 ], [ 7.111773390317126, 11.47550858527012 ], [ 7.110518441464478, 11.480092580384735 ], [ 7.107884038674513, 11.491766850316878 ], [ 7.105260039891618, 11.503315588163673 ], [ 7.106457944705539, 11.519804814367319 ], [ 7.105383233975317, 11.528462718249955 ], [ 7.10775761458865, 11.550932422517064 ], [ 7.112422893758435, 11.55422475875406 ], [ 7.123834762512274, 11.560037538703568 ], [ 7.129792527560312, 11.566128476842096 ], [ 7.135398647369414, 11.578447513212325 ], [ 7.147261532429695, 11.578831269473028 ] ] ] ] } },
{ "type": "Feature", "properties": { "fid": 332.0, "OBJECTID": 332.0, "lganame": "Kankara", "statecode": "KT", "LGA_UID": "20_19" }, "geometry": { "type": "MultiPolygon", "coordinates": [ [ [ [ 7.302458287878551, 12.152585380312019 ], [ 7.3100558860408, 12.152575436305256 ], [ 7.318662928888898, 12.152946390557304 ], [ 7.319614712535554, 12.151756659748912 ], [ 7.319000921118516, 12.147706714997184 ], [ 7.322708254637462, 12.143701425275765 ], [ 7.328697783707071, 12.13858942980238 ], [ 7.330979509257418, 12.136172817160457 ], [ 7.33771348183285, 12.134176602804075 ], [ 7.34558859818361, 12.125168897683807 ], [ 7.352228422695021, 12.121355248092584 ], [ 7.358710486099312, 12.117830090697396 ], [ 7.366319699269411, 12.120841443743473 ], [ 7.370386691032763, 12.120969712830629 ], [ 7.375008342172919, 12.126965540904507 ], [ 7.388175108119128, 12.128993892282665 ], [ 7.388059196040388, 12.135877026959463 ], [ 7.403501999533034, 12.133885941606593 ], [ 7.415433521639955, 12.135710038846014 ], [ 7.434383598515637, 12.142441013419386 ], [ 7.453749999674187, 12.129441508586808 ], [ 7.456988226874387, 12.125135173660851 ], [ 7.462863195866191, 12.109249210867119 ], [ 7.463433627253778, 12.103323168840632 ], [ 7.46311518903741, 12.097121817627112 ], [ 7.473761769271221, 12.095489725518178 ], [ 7.476457329102743, 12.095076502237418 ], [ 7.483394812816471, 12.093550147200347 ], [ 7.494307688231231, 12.08554528676143 ], [ 7.510909879511644, 12.070623688622902 ], [ 7.514067155656846, 12.0496399143654 ], [ 7.509199999349846, 12.046700001367867 ], [ 7.512878059848902, 12.032130898468836 ], [ 7.513017340943577, 12.032109832454523 ], [ 7.521541103735046, 12.036920673723273 ], [ 7.526033250787236, 12.040477197139751 ], [ 7.532842775413997, 12.044696147006334 ], [ 7.540975682939916, 12.048530795611782 ], [ 7.552111620506309, 12.041517744846772 ], [ 7.560215329012351, 12.032795618920488 ], [ 7.564337024812858, 12.031132770790634 ], [ 7.562645939663867, 12.02118523003179 ], [ 7.560268084048232, 12.020025018243473 ], [ 7.558332052732794, 12.017349488425566 ], [ 7.547384675294552, 12.021504382248622 ], [ 7.536353290799241, 12.014158681257584 ], [ 7.523880377324474, 11.990509388188968 ], [ 7.510606681305603, 11.974554073348088 ], [ 7.514970008270325, 11.962647175257928 ], [ 7.516565568354395, 11.961768116660608 ], [ 7.535490527213028, 11.963685392963328 ], [ 7.544607872407823, 11.961325640359973 ], [ 7.554030398810028, 11.959554229156424 ], [ 7.571206487480367, 11.962055646856015 ], [ 7.57291082463837, 11.956542372109993 ], [ 7.574679161839867, 11.953473048024534 ], [ 7.577450715722989, 11.939836135758867 ], [ 7.583600678901632, 11.936260846329617 ], [ 7.591206430069349, 11.934109836868117 ], [ 7.595929534278525, 11.931853531335094 ], [ 7.600303542250458, 11.932313550647621 ], [ 7.605496923779071, 11.931406516031359 ], [ 7.607101262869151, 11.926668372812003 ], [ 7.612359927442185, 11.925156801784965 ], [ 7.617470039914281, 11.921610387375324 ], [ 7.622312766204686, 11.920476688605049 ], [ 7.626293900909673, 11.915563936267063 ], [ 7.630898946038542, 11.912656940291924 ], [ 7.635122853908513, 11.911142612263006 ], [ 7.636679598966225, 11.910170337602381 ], [ 7.639107700616023, 11.901632108801039 ], [ 7.642416196864019, 11.890446712201083 ], [ 7.644829008503393, 11.886553482555826 ], [ 7.645354197860229, 11.872841300239031 ], [ 7.644004180942943, 11.86195345084127 ], [ 7.642522850936473, 11.844965859299009 ], [ 7.635093083888307, 11.838246093733233 ], [ 7.617899999206372, 11.836800001750703 ], [ 7.60084243161657, 11.829900366062702 ], [ 7.597928510636734, 11.816132931708353 ], [ 7.580164648567006, 11.817260139474229 ], [ 7.576881453336227, 11.815714517424055 ], [ 7.57596947671658, 11.815311289150088 ], [ 7.574551666753223, 11.815026680956748 ], [ 7.573680785161514, 11.815183726063424 ], [ 7.57071121714381, 11.815426431228332 ], [ 7.569921235607069, 11.814341396491102 ], [ 7.56933050220573, 11.812375880155628 ], [ 7.565802285808445, 11.82312893946181 ], [ 7.548521862067219, 11.820906909952043 ], [ 7.54235220687525, 11.820343108568977 ], [ 7.520500001027699, 11.81509999900652 ], [ 7.520310385898824, 11.808425867471783 ], [ 7.519894521616266, 11.792002182312672 ], [ 7.511040875600656, 11.794838783239982 ], [ 7.505088913556563, 11.795059169389731 ], [ 7.500440360398102, 11.794559590050312 ], [ 7.497065308104879, 11.796560472409794 ], [ 7.494736046522291, 11.798002959389919 ], [ 7.491978961648954, 11.799491970401618 ], [ 7.489364484872567, 11.79972462655968 ], [ 7.486369720837729, 11.800329534970729 ], [ 7.483897851158247, 11.798887059990591 ], [ 7.473888565357413, 11.795895416957933 ], [ 7.46100100960092, 11.803695551257761 ], [ 7.455671386979702, 11.80359541118969 ], [ 7.450965328782161, 11.807224786655695 ], [ 7.447970563747333, 11.807643558940242 ], [ 7.437670852749136, 11.807986501173275 ], [ 7.426487665150717, 11.814348739496097 ], [ 7.41725278587603, 11.803143488882654 ], [ 7.412555253684275, 11.806016670834822 ], [ 7.409227738423397, 11.807121764585702 ], [ 7.405364585798566, 11.807253209675025 ], [ 7.404851198449762, 11.809263305040758 ], [ 7.402740602015683, 11.811050044254785 ], [ 7.400287747349125, 11.8112175513686 ], [ 7.399146884573952, 11.812278421089388 ], [ 7.398975755457684, 11.816019350631223 ], [ 7.393898916008197, 11.818308552186579 ], [ 7.393556657775662, 11.822328565918042 ], [ 7.391824330598581, 11.823360985619502 ], [ 7.388686958466906, 11.823919314998875 ], [ 7.385929872593579, 11.822802657240118 ], [ 7.384523087637774, 11.820387943599428 ], [ 7.383648149043267, 11.820290158532998 ], [ 7.381366423492921, 11.821872104607849 ], [ 7.376802972392284, 11.824477642378213 ], [ 7.375186750294176, 11.825129022820818 ], [ 7.373000095808436, 11.822151270797576 ], [ 7.371193730581069, 11.821499883354988 ], [ 7.368531717772385, 11.821313772228507 ], [ 7.365679560834451, 11.821685995481403 ], [ 7.364108344766919, 11.822899348305839 ], [ 7.362064299378062, 11.826039936439713 ], [ 7.360952165622393, 11.828049731805265 ], [ 7.35896050726916, 11.829084977508671 ], [ 7.356359985502252, 11.830436699427082 ], [ 7.353911883838862, 11.831367222059384 ], [ 7.352937398176778, 11.832600158897094 ], [ 7.352653880984121, 11.834954628496803 ], [ 7.350919567805761, 11.834952858495626 ], [ 7.349327194723799, 11.834341237080082 ], [ 7.347225739295936, 11.834962349502064 ], [ 7.346094750527527, 11.835085644585831 ], [ 7.344003169106372, 11.838249354735467 ], [ 7.342767236266639, 11.839552048620533 ], [ 7.341323705285788, 11.841770060127601 ], [ 7.338964359682734, 11.843460093275894 ], [ 7.337538280713773, 11.843460093275894 ], [ 7.335993362664112, 11.842855280864967 ], [ 7.33456728469514, 11.844530143002942 ], [ 7.333925549259106, 11.846833061567679 ], [ 7.33235686319324, 11.84711220275733 ], [ 7.331073392321173, 11.846344566235757 ], [ 7.328826213794343, 11.845893648929405 ], [ 7.32786471614105, 11.846274781188356 ], [ 7.327579499947262, 11.847391343946981 ], [ 7.325251905365747, 11.849459993352525 ], [ 7.32265952960438, 11.852136682171249 ], [ 7.321019540490056, 11.853323003977266 ], [ 7.319593461521151, 11.853741704261779 ], [ 7.313817843596837, 11.854858236020391 ], [ 7.312819588918614, 11.854160403546246 ], [ 7.311892638288782, 11.85276473459794 ], [ 7.311108294755854, 11.851648194839299 ], [ 7.309896128932223, 11.851299274602241 ], [ 7.308755266157107, 11.851229490554829 ], [ 7.307543100333476, 11.852136682171249 ], [ 7.305536370970003, 11.854100620505619 ], [ 7.302480521893699, 11.857021503490216 ], [ 7.302163528678307, 11.862104830944133 ], [ 7.303934811881788, 11.863704164030764 ], [ 7.303770342770065, 11.867905950885699 ], [ 7.302908344184345, 11.869233172787517 ], [ 7.298915326471331, 11.872024334683942 ], [ 7.289574512124659, 11.87879278428278 ], [ 7.286747789204014, 11.881210077925232 ], [ 7.285795403556904, 11.88290959407999 ], [ 7.285724100508503, 11.884723762312603 ], [ 7.283513679006603, 11.885979716165991 ], [ 7.280447610923375, 11.889049805251943 ], [ 7.278522403615284, 11.891631443006077 ], [ 7.278665011712178, 11.894003737617936 ], [ 7.278950227905966, 11.896585328371998 ], [ 7.276124917986294, 11.8993989002837 ], [ 7.274416699825622, 11.900943537333205 ], [ 7.273357307105812, 11.901907834988378 ], [ 7.265894186034984, 11.912188884973887 ], [ 7.26426694092936, 11.914439247502912 ], [ 7.260339906261095, 11.9166092699773 ], [ 7.258058179710815, 11.919051112636453 ], [ 7.256318931529051, 11.924703606477067 ], [ 7.252639082028793, 11.929190339525576 ], [ 7.2465681829039, 11.932563020817156 ], [ 7.24379739702124, 11.938864113098418 ], [ 7.240850168018767, 11.942026618247212 ], [ 7.237879171000088, 11.945537883632937 ], [ 7.231176603446045, 11.949444406287228 ], [ 7.225543592618635, 11.952234744183158 ], [ 7.223511056237669, 11.951774473870444 ], [ 7.222318310427227, 11.949594073388937 ], [ 7.220321801070668, 11.949761493502706 ], [ 7.219751368683092, 11.95143569764025 ], [ 7.220466563169055, 11.956848888318234 ], [ 7.220466563169055, 11.960920798084942 ], [ 7.213944400737546, 11.962404967093335 ], [ 7.21106331878002, 11.964171649293746 ], [ 7.210966725714343, 11.969907065190682 ], [ 7.209714122863261, 11.974137898065294 ], [ 7.209540647745428, 11.975933703285477 ], [ 7.21192454536515, 11.979718034856774 ], [ 7.210800652601506, 11.985461921759452 ], [ 7.208216740845899, 11.988018277496394 ], [ 7.205504293002889, 11.989030643184265 ], [ 7.201759206458291, 11.989475419486439 ], [ 7.198811977455762, 11.990172902960353 ], [ 7.197623578648347, 11.991288873718588 ], [ 7.19729082742225, 11.992637331634796 ], [ 7.197296064425814, 11.993784173414042 ], [ 7.197005611228462, 11.994543760930128 ], [ 7.19681546709927, 11.995334228467243 ], [ 7.197447503528679, 11.995742536744672 ], [ 7.196904609159787, 11.998385842540642 ], [ 7.195393951133383, 11.999425146246836 ], [ 7.193669057961415, 12.000410030915987 ], [ 7.191971362807919, 12.001545413687438 ], [ 7.190145981567639, 12.001601209725322 ], [ 7.188491731443662, 12.001545413687438 ], [ 7.185981832738321, 12.001991783990718 ], [ 7.184384625653081, 12.003721460165934 ], [ 7.182844460606589, 12.006120669796132 ], [ 7.180448648978768, 12.007906115009234 ], [ 7.176512673304444, 12.008352474312517 ], [ 7.174744336102947, 12.010137904525607 ], [ 7.17297599890145, 12.012146498890388 ], [ 7.171606963971271, 12.014266666330911 ], [ 7.171207661699952, 12.017279507378021 ], [ 7.170523144234835, 12.020348106462961 ], [ 7.168583676917081, 12.021240782069526 ], [ 7.165156871588692, 12.021329692129939 ], [ 7.163334141350276, 12.02201789759755 ], [ 7.160027207103326, 12.021966079562333 ], [ 7.156604618777862, 12.023416668547952 ], [ 7.153866548917449, 12.02559253902632 ], [ 7.153581332723661, 12.027768390504718 ], [ 7.153296116529873, 12.029609482755632 ], [ 7.152212297793483, 12.03106003074123 ], [ 7.150309908500901, 12.031488220032145 ], [ 7.148669919386634, 12.033022443074628 ], [ 7.149169046725717, 12.035044814448725 ], [ 7.149668174064857, 12.036927697728061 ], [ 7.15026195846832, 12.0390302071566 ], [ 7.150309908500901, 12.041809187044805 ], [ 7.148679088392839, 12.043350376091951 ], [ 7.147315145466109, 12.047457655882624 ], [ 7.146530801933181, 12.05219948910451 ], [ 7.145675155351796, 12.056801776231566 ], [ 7.143464732849907, 12.063983975111512 ], [ 7.141396919444958, 12.065099639869572 ], [ 7.139756929330645, 12.063844517016776 ], [ 7.137554201834007, 12.061934104718716 ], [ 7.134694350890868, 12.063495870779889 ], [ 7.131699586856087, 12.064890452727411 ], [ 7.130271575885786, 12.06838901810454 ], [ 7.136405645053628, 12.069353066759561 ], [ 7.139043889846164, 12.070050343233333 ], [ 7.139685625282198, 12.068237420001537 ], [ 7.141610830590309, 12.067888779764644 ], [ 7.142751694365472, 12.070398981470191 ], [ 7.146031673594052, 12.070956799849228 ], [ 7.14781427180526, 12.070189799328091 ], [ 7.150595124694689, 12.070259526375423 ], [ 7.151878594566767, 12.071654073322975 ], [ 7.152662939099685, 12.07353669960213 ], [ 7.158117709805936, 12.074378261173933 ], [ 7.1616537422085, 12.07575191910729 ], [ 7.165996771159371, 12.076883558876148 ], [ 7.167137633934544, 12.078068894681564 ], [ 7.167494154176779, 12.081067073718657 ], [ 7.169633270630243, 12.084065219755757 ], [ 7.171273260744499, 12.086435823366457 ], [ 7.174339329827774, 12.086714715555956 ], [ 7.176692359426568, 12.086993608745445 ], [ 7.177372416888602, 12.087904712364548 ], [ 7.178337337544235, 12.089197455242868 ], [ 7.182058852072828, 12.089848048684928 ], [ 7.210936985694161, 12.094896463115106 ], [ 7.234895101972597, 12.096848647441504 ], [ 7.249226233709919, 12.09981646645798 ], [ 7.253682493737699, 12.10188070186058 ], [ 7.264507347092717, 12.118947333456504 ], [ 7.270658251271925, 12.14254874149259 ], [ 7.279641845375863, 12.153636066025911 ], [ 7.291032630115353, 12.154493688608625 ], [ 7.302458287878551, 12.152585380312019 ] ] ] ] } },
{ "type": "Feature", "properties": { "fid": 338.0, "OBJECTID": 338.0, "lganame": "Funtua", "statecode": "KT", "LGA_UID": "20_14" }, "geometry": { "type": "MultiPolygon", "coordinates": [ [ [ [ 7.192496738164891, 11.587884050623984 ], [ 7.201663618393354, 11.585870506255901 ], [ 7.20822357885055, 11.587896179632253 ], [ 7.213072245144986, 11.58810573177459 ], [ 7.217442393114254, 11.587927036653184 ], [ 7.221414803813332, 11.586708717825388 ], [ 7.2249799992357, 11.58684841892034 ], [ 7.232340348236733, 11.588264659882611 ], [ 7.235984855713014, 11.588904437317296 ], [ 7.243766783000467, 11.586145275442561 ], [ 7.247816844752265, 11.58458060837944 ], [ 7.251296477116512, 11.582177708746769 ], [ 7.255723282124336, 11.580642831703926 ], [ 7.258158822779194, 11.579798369130117 ], [ 7.262876232984411, 11.577818908785218 ], [ 7.268075700517215, 11.575281400061101 ], [ 7.272402436457014, 11.575248303038563 ], [ 7.278506051604154, 11.574801238734835 ], [ 7.281814553852143, 11.573348274747616 ], [ 7.28506601206135, 11.572118837912285 ], [ 7.292367534022389, 11.572901208443852 ], [ 7.301737112388594, 11.567639693868898 ], [ 7.304365491174451, 11.566163711866011 ], [ 7.309745345829811, 11.561257779532696 ], [ 7.311435884978437, 11.559716147485233 ], [ 7.311390876947826, 11.555331571506088 ], [ 7.314516560071581, 11.55598434494965 ], [ 7.320400000069128, 11.55779999918326 ], [ 7.324999999194631, 11.559099998066586 ], [ 7.327149922655394, 11.5535717903104 ], [ 7.327177921674433, 11.5443458010418 ], [ 7.328620128654336, 11.538741777234122 ], [ 7.329571608300796, 11.532291164851245 ], [ 7.331703357749234, 11.529838977185079 ], [ 7.334930525941957, 11.524889962822442 ], [ 7.336100000736565, 11.521899997790911 ], [ 7.336677472128883, 11.519335538048495 ], [ 7.337239286510624, 11.517656512907649 ], [ 7.33983552527468, 11.513465802060296 ], [ 7.341864006652941, 11.514736539923661 ], [ 7.343177469545367, 11.515621699525127 ], [ 7.344490932437793, 11.515907234719123 ], [ 7.347460500455441, 11.515179120224388 ], [ 7.350858369764182, 11.51405125645806 ], [ 7.355098569645179, 11.513737167244642 ], [ 7.358624818041108, 11.514819720980199 ], [ 7.362503750676638, 11.516664251233465 ], [ 7.370660920219052, 11.518844134714584 ], [ 7.375851844746023, 11.52024148666402 ], [ 7.380316369779507, 11.521335326407268 ], [ 7.383200000738782, 11.521999999858849 ], [ 7.387964003975696, 11.522438810157041 ], [ 7.400784858686848, 11.526875514171536 ], [ 7.398175675914047, 11.516965748438338 ], [ 7.397510172461864, 11.51179544992533 ], [ 7.394040048104102, 11.495911325132852 ], [ 7.389461385993116, 11.482565275064815 ], [ 7.387238188482513, 11.473775596092651 ], [ 7.391601925447503, 11.456192928146038 ], [ 7.391125980124116, 11.446136680313316 ], [ 7.387234585480087, 11.44206704254816 ], [ 7.387117953400832, 11.433526564745307 ], [ 7.388159737108708, 11.420976673218263 ], [ 7.38507940801577, 11.418013236204729 ], [ 7.382855215504492, 11.415248254326059 ], [ 7.370494857106223, 11.409103521150996 ], [ 7.370733550268426, 11.407851103300061 ], [ 7.371506008793233, 11.403133135094436 ], [ 7.372634987560332, 11.399114063363641 ], [ 7.374816180042387, 11.393140081304637 ], [ 7.375622890590478, 11.390037271196377 ], [ 7.379440498184351, 11.381319727273251 ], [ 7.38364443204074, 11.3781577541248 ], [ 7.385736014461884, 11.373404340895092 ], [ 7.387114556398558, 11.371470331581008 ], [ 7.389976284342936, 11.370209463724336 ], [ 7.389978622344529, 11.370208433723633 ], [ 7.38997840534438, 11.370207577723079 ], [ 7.388813018552582, 11.365590095585674 ], [ 7.383584210999857, 11.355241771554461 ], [ 7.383584089999772, 11.355241531554327 ], [ 7.382971763583726, 11.354029654730937 ], [ 7.380634784995834, 11.349410056592092 ], [ 7.377128123613204, 11.343620299658255 ], [ 7.376078419900011, 11.34189073248308 ], [ 7.373620034229646, 11.337840079730881 ], [ 7.370110034844743, 11.333200454578446 ], [ 7.366612912468611, 11.322810172518757 ], [ 7.366621017474131, 11.319359779174363 ], [ 7.364293098892404, 11.3112697596776 ], [ 7.364323138912823, 11.29860019706922 ], [ 7.364336013921559, 11.292840004155437 ], [ 7.364614404110739, 11.290343927459446 ], [ 7.363264386193464, 11.286513535856898 ], [ 7.36110942372926, 11.27833608530068 ], [ 7.360206240115588, 11.274373530608329 ], [ 7.358970306275864, 11.270457540947575 ], [ 7.357781908468382, 11.264257114734676 ], [ 7.35042968147286, 11.262738067702571 ], [ 7.341207707206991, 11.262365104449145 ], [ 7.329894152519955, 11.263483995209413 ], [ 7.320196818931095, 11.265069083286392 ], [ 7.306601538693712, 11.269358102200556 ], [ 7.301847944463873, 11.271409348594318 ], [ 7.297569709557024, 11.273647057114715 ], [ 7.293861905037716, 11.277190057522034 ], [ 7.291032393115245, 11.281904196725066 ], [ 7.289577098126415, 11.284328776372433 ], [ 7.292799392315828, 11.284931710782132 ], [ 7.295649815252546, 11.2854650631445 ], [ 7.304432081219659, 11.288757356381439 ], [ 7.308339408874531, 11.292940184223482 ], [ 7.307294219164362, 11.29951337168967 ], [ 7.307401889237497, 11.305177467538158 ], [ 7.307871825556845, 11.30607107314529 ], [ 7.310368132252961, 11.313008445858941 ], [ 7.308257535818882, 11.31664418432922 ], [ 7.307173716082502, 11.321342608521604 ], [ 7.306888500888704, 11.3261528207899 ], [ 7.306432155578648, 11.329844324298108 ], [ 7.303863569833425, 11.341210793021105 ], [ 7.304009679932676, 11.34721354809966 ], [ 7.303396774516216, 11.360099516855087 ], [ 7.304310050136792, 11.36262250056933 ], [ 7.307512819312876, 11.366199359999655 ], [ 7.308246122811113, 11.36949399723818 ], [ 7.308822526202789, 11.374419893585127 ], [ 7.301675564346738, 11.379617146116402 ], [ 7.299300493733028, 11.381344269289912 ], [ 7.295016083821963, 11.384228158249357 ], [ 7.295127294897497, 11.385415852056383 ], [ 7.299112543605304, 11.404642582120005 ], [ 7.308679153105345, 11.405225047515785 ], [ 7.316403744353863, 11.410350699998389 ], [ 7.318602281847689, 11.411865080027383 ], [ 7.32067414225537, 11.41271624460569 ], [ 7.318741723942424, 11.431938997666634 ], [ 7.313701115517574, 11.449628515685845 ], [ 7.31364825548161, 11.44968124372167 ], [ 7.308951499290401, 11.458266005554606 ], [ 7.306287779480556, 11.459242283217975 ], [ 7.303170685362602, 11.461550359786202 ], [ 7.297293416369314, 11.465286114324442 ], [ 7.293726232945573, 11.467896592098157 ], [ 7.288950960700959, 11.470410591806285 ], [ 7.285764543535947, 11.472606634298415 ], [ 7.280141112715114, 11.474287137440228 ], [ 7.274059173582714, 11.480782018853176 ], [ 7.267481885113739, 11.4847873135746 ], [ 7.259982058017954, 11.490935493751977 ], [ 7.257634971423215, 11.49180892734546 ], [ 7.255451899939942, 11.493192290285378 ], [ 7.253732930772003, 11.494857008416488 ], [ 7.250518663588025, 11.49659951660044 ], [ 7.248692271347124, 11.498155788657868 ], [ 7.249345889791186, 11.499465902548025 ], [ 7.249604715967052, 11.501257192765081 ], [ 7.25011834931604, 11.503075965000903 ], [ 7.249761830073794, 11.504822752187749 ], [ 7.24835630211885, 11.50636698523698 ], [ 7.247474161519449, 11.506860656572371 ], [ 7.246415794800328, 11.50794158530681 ], [ 7.241168545235098, 11.506106897060249 ], [ 7.238598538488873, 11.504167528742528 ], [ 7.236815941277712, 11.499975211894082 ], [ 7.245683907303032, 11.480700441797751 ], [ 7.246147178617832, 11.476542744972789 ], [ 7.245538863204501, 11.473161286675236 ], [ 7.246882006117119, 11.4695213462021 ], [ 7.244837959728272, 11.469265119027966 ], [ 7.242449845105682, 11.468645263606845 ], [ 7.236927124353258, 11.46778854302471 ], [ 7.234282937556657, 11.46863293059846 ], [ 7.236081591778714, 11.479280595833018 ], [ 7.235961557697181, 11.481391201267115 ], [ 7.235147477144039, 11.482932519314375 ], [ 7.233333653911643, 11.484243879205337 ], [ 7.230312606859002, 11.484363712286779 ], [ 7.230176818766722, 11.484368785290201 ], [ 7.218446103796225, 11.484733477538043 ], [ 7.204770356504241, 11.488270639941334 ], [ 7.202059573662382, 11.493169178269682 ], [ 7.204721459470989, 11.49646463750878 ], [ 7.198592371306574, 11.498919815176976 ], [ 7.196554719922062, 11.499691212701123 ], [ 7.195142901962811, 11.500571606299275 ], [ 7.193544478876788, 11.50054698528254 ], [ 7.189765371309022, 11.500686730377481 ], [ 7.185193114202377, 11.498611476967483 ], [ 7.187483645758732, 11.506975166650193 ], [ 7.187341037661838, 11.508582188742082 ], [ 7.187840165000978, 11.511446858688487 ], [ 7.187770762953789, 11.514319882640564 ], [ 7.186915116372404, 11.517778372990449 ], [ 7.186023816766806, 11.521132020269135 ], [ 7.184526433749454, 11.524904824832561 ], [ 7.179749071503409, 11.531542043342256 ], [ 7.176183912081058, 11.538361113975498 ], [ 7.176439527254729, 11.541975405431231 ], [ 7.177000501635916, 11.544265089986936 ], [ 7.174577635989692, 11.547427415135587 ], [ 7.17536197952262, 11.549383507464654 ], [ 7.174720244086586, 11.552666916695614 ], [ 7.174221116747447, 11.556579014353701 ], [ 7.175005460280374, 11.559652767442174 ], [ 7.177073995685816, 11.560259827854622 ], [ 7.176716754443135, 11.561608773771184 ], [ 7.175290676474162, 11.567057578473396 ], [ 7.176656268402041, 11.576295015749793 ], [ 7.175840142847505, 11.584084154042159 ], [ 7.173863806504698, 11.587978168687926 ], [ 7.173347690154003, 11.593173023217616 ], [ 7.170923356506762, 11.598691059966825 ], [ 7.186629835178564, 11.591793749280441 ], [ 7.192496738164891, 11.587884050623984 ] ] ] ] } },
{ "type": "Feature", "properties": { "fid": 343.0, "OBJECTID": 343.0, "lganame": "Dutsin Ma", "statecode": "KT", "LGA_UID": "20_12" }, "geometry": { "type": "MultiPolygon", "coordinates": [ [ [ [ 7.63448988847847, 12.548802917523176 ], [ 7.64323978342361, 12.541552853597125 ], [ 7.643901222873012, 12.526967288686933 ], [ 7.64275647809518, 12.523044232021391 ], [ 7.642621058003215, 12.522580144706069 ], [ 7.634366564394668, 12.516343532468568 ], [ 7.63351936681903, 12.51618098335814 ], [ 7.631057410146241, 12.500764279883185 ], [ 7.64021801237044, 12.487654333975627 ], [ 7.639161361652498, 12.486412192131638 ], [ 7.63873178336064, 12.484430791785371 ], [ 7.637784142716725, 12.476762783575282 ], [ 7.635988368496612, 12.470267444162005 ], [ 7.639156013648858, 12.462833566111044 ], [ 7.639514085892131, 12.461483453193694 ], [ 7.631591103508867, 12.456119448549146 ], [ 7.635335328052861, 12.451333577297362 ], [ 7.632425013075476, 12.435557496578269 ], [ 7.637403142457856, 12.430305428009717 ], [ 7.641442826202649, 12.424538874091638 ], [ 7.633386367728633, 12.4171964481028 ], [ 7.633101151534845, 12.412182610696107 ], [ 7.634313319358455, 12.401667165551373 ], [ 7.6318570966896, 12.389720621434265 ], [ 7.628253919241388, 12.378642886907471 ], [ 7.62347655599541, 12.370354850276101 ], [ 7.619269625137008, 12.363598860685727 ], [ 7.609132542249313, 12.343031915711492 ], [ 7.607500740140608, 12.346265054908258 ], [ 7.605602997851179, 12.348569489474016 ], [ 7.602608233816341, 12.350902897059427 ], [ 7.60021955219338, 12.351042205154101 ], [ 7.59972042485424, 12.349579474160237 ], [ 7.600112597120699, 12.347594327811407 ], [ 7.597973478667257, 12.347559499787735 ], [ 7.593089161348587, 12.34923120392358 ], [ 7.588858462474036, 12.347046378439131 ], [ 7.586095670596876, 12.347973804069227 ], [ 7.580211437598791, 12.352625476229832 ], [ 7.56687308653602, 12.354998499842225 ], [ 7.552769499953286, 12.358011367889276 ], [ 7.515725927783933, 12.366645604755888 ], [ 7.517184158774739, 12.342562707392688 ], [ 7.516742431474597, 12.341241848495201 ], [ 7.516399816241801, 12.339497830310222 ], [ 7.515829384854214, 12.335527368612475 ], [ 7.516970246629398, 12.330929917488731 ], [ 7.51739807092008, 12.322988675093029 ], [ 7.519251973179678, 12.321456126051714 ], [ 7.525064082128779, 12.319037661408515 ], [ 7.526168452879119, 12.316858427927798 ], [ 7.52480389195199, 12.311982058614547 ], [ 7.523948245370605, 12.307913649850263 ], [ 7.528298054326058, 12.297704467913604 ], [ 7.529461967116902, 12.292026614055771 ], [ 7.532635709273336, 12.287137974734151 ], [ 7.536414546840888, 12.284829402165599 ], [ 7.538755962431765, 12.280286944079194 ], [ 7.540041422305137, 12.278759356041292 ], [ 7.541563897339586, 12.275816455041706 ], [ 7.545113894751637, 12.27121776391715 ], [ 7.544400855267156, 12.269545563780923 ], [ 7.54215478174109, 12.268546883102374 ], [ 7.528353559363779, 12.266170539487803 ], [ 7.516390448235427, 12.266013441381062 ], [ 7.506444472477597, 12.27037589334509 ], [ 7.503148411238101, 12.270755580603122 ], [ 7.499592722822172, 12.255518920250495 ], [ 7.485231020064077, 12.255911455517207 ], [ 7.475487291443642, 12.257165359369196 ], [ 7.473134261844905, 12.257757624771614 ], [ 7.47135935063892, 12.25710906733093 ], [ 7.46835689859887, 12.257374393511213 ], [ 7.467142143773515, 12.258436650232966 ], [ 7.463839359529459, 12.258896369545312 ], [ 7.46275954179572, 12.259046671647468 ], [ 7.461901633212847, 12.259038006641561 ], [ 7.460577247312983, 12.259024629632449 ], [ 7.457939396520658, 12.259357899858912 ], [ 7.454609521258192, 12.259295354816402 ], [ 7.45119404793752, 12.258641987372471 ], [ 7.445903295342703, 12.257629881684807 ], [ 7.443146211469411, 12.25757413864693 ], [ 7.442385634952643, 12.260482034622726 ], [ 7.442399895962296, 12.263756863847789 ], [ 7.441796946552643, 12.266023738388014 ], [ 7.440538875697825, 12.267238694213518 ], [ 7.436357774857015, 12.266957933022752 ], [ 7.431080570271376, 12.266150385474077 ], [ 7.429511463205245, 12.268867840320468 ], [ 7.429368855108351, 12.27049359542508 ], [ 7.426944522461099, 12.271561942150981 ], [ 7.426131814908956, 12.273990488801076 ], [ 7.423714515266511, 12.275652877930554 ], [ 7.422571215489654, 12.276439127464812 ], [ 7.420527169100808, 12.276578473559482 ], [ 7.41719965283994, 12.275324349707375 ], [ 7.413254170159178, 12.274859858391778 ], [ 7.411019979641139, 12.274302467013058 ], [ 7.406836816798887, 12.271376143024725 ], [ 7.405743490056011, 12.268914290352029 ], [ 7.40274872602123, 12.266731117868687 ], [ 7.399813200026642, 12.26357112472158 ], [ 7.397585618513119, 12.266084290429148 ], [ 7.395991310429849, 12.268755029243835 ], [ 7.394772012601436, 12.272131944538273 ], [ 7.394118394157317, 12.274802789352975 ], [ 7.391325657259756, 12.279041248232829 ], [ 7.390553197734903, 12.28177008208695 ], [ 7.390196678492714, 12.283395757191499 ], [ 7.389958999331213, 12.284615007019909 ], [ 7.389008279685243, 12.285776191808907 ], [ 7.388532920362252, 12.287866312229028 ], [ 7.389067699725615, 12.290014473688586 ], [ 7.389780739210096, 12.291465923674821 ], [ 7.391385077300129, 12.29663302418561 ], [ 7.389840159250468, 12.300174459591858 ], [ 7.386575225032061, 12.303595630916391 ], [ 7.384240424445693, 12.304537908556597 ], [ 7.381160095352755, 12.303757649026466 ], [ 7.378364982453604, 12.303646182950729 ], [ 7.376501545187466, 12.307834499796456 ], [ 7.3673621319777, 12.307127044315791 ], [ 7.354784163431532, 12.307653526673505 ], [ 7.354065199943022, 12.309209899731002 ], [ 7.353920747844882, 12.310898188878127 ], [ 7.353114481297098, 12.313360723551284 ], [ 7.352817382095225, 12.315015229675453 ], [ 7.3530253522365, 12.316814855898201 ], [ 7.351688403328126, 12.317424404312362 ], [ 7.349551139875985, 12.319015529393482 ], [ 7.348242046986513, 12.321110688817043 ], [ 7.345835540351402, 12.320907508678999 ], [ 7.343607291837372, 12.320385046323963 ], [ 7.341705854545467, 12.320094789126756 ], [ 7.340339195616878, 12.31992063400844 ], [ 7.338675438486405, 12.320065763107038 ], [ 7.336892840275254, 12.319862581969005 ], [ 7.33457962170354, 12.319970791042522 ], [ 7.336005699672455, 12.321247921910242 ], [ 7.336599901076227, 12.3228733530147 ], [ 7.337093590411655, 12.324345333014833 ], [ 7.338857856610389, 12.325717832947362 ], [ 7.341294075265694, 12.32560173186846 ], [ 7.343558670804384, 12.325319303676565 ], [ 7.346620899885011, 12.326015282149456 ], [ 7.351754782373234, 12.326920863764769 ], [ 7.355961713231636, 12.328662358948009 ], [ 7.358390989882196, 12.33130507074361 ], [ 7.359312997508709, 12.333956432545108 ], [ 7.364100801761765, 12.334308520784305 ], [ 7.369366850339816, 12.333677800355815 ], [ 7.370935535405636, 12.334861987160366 ], [ 7.370222495921155, 12.338832458858121 ], [ 7.373932607442043, 12.341143236428195 ], [ 7.383841545174676, 12.340643531088688 ], [ 7.386479788967222, 12.343917361313061 ], [ 7.391898886649244, 12.342106311082546 ], [ 7.39297543438073, 12.33970305644965 ], [ 7.392897142327513, 12.336673087390921 ], [ 7.394109309151133, 12.334861987160366 ], [ 7.399029279494016, 12.335488907586353 ], [ 7.403307515400911, 12.337021373627579 ], [ 7.406572887619575, 12.342392142276765 ], [ 7.407942268549959, 12.347051840442816 ], [ 7.409625507693647, 12.347627761834133 ], [ 7.412790934844452, 12.34837527534205 ], [ 7.415648423785967, 12.352449234110111 ], [ 7.408208242730723, 12.36257832699232 ], [ 7.408976884252979, 12.367059744037249 ], [ 7.409012536277203, 12.369044743385984 ], [ 7.409689922737414, 12.371552088089572 ], [ 7.412114256384655, 12.373920114698535 ], [ 7.407443850211337, 12.378412340750799 ], [ 7.408648736029988, 12.384468089865379 ], [ 7.413521323340717, 12.383582992263996 ], [ 7.417324583924824, 12.39296765764044 ], [ 7.421303711628468, 12.393800459206318 ], [ 7.420661977192424, 12.411837169461421 ], [ 7.419477147387397, 12.419495096664605 ], [ 7.41374023448941, 12.435228800354935 ], [ 7.413510766333502, 12.440713755081674 ], [ 7.416108281098388, 12.443490191968124 ], [ 7.416517962376759, 12.445393828261558 ], [ 7.414045078696574, 12.463646621663486 ], [ 7.412598795713905, 12.464142625000477 ], [ 7.412547904679286, 12.464236019063947 ], [ 7.399205734613929, 12.476481286384058 ], [ 7.400345694388477, 12.485191796302445 ], [ 7.407840782481003, 12.490555711946968 ], [ 7.408076558641255, 12.490920117194548 ], [ 7.419975598726069, 12.491957878899655 ], [ 7.422099994169514, 12.50046123267731 ], [ 7.418593424786934, 12.507796614661345 ], [ 7.413602150395604, 12.513643924634323 ], [ 7.410097046014073, 12.519179102395185 ], [ 7.404380942130217, 12.525486734680953 ], [ 7.415860778930266, 12.525501801691178 ], [ 7.418300013587611, 12.524155540776462 ], [ 7.422687524568687, 12.526342474262378 ], [ 7.425238307301811, 12.526323438249449 ], [ 7.429578444250751, 12.520022625968352 ], [ 7.42969907233271, 12.517864178501782 ], [ 7.434066375300063, 12.515453779864004 ], [ 7.443919130994573, 12.511943844479163 ], [ 7.448382161026984, 12.522447607616016 ], [ 7.446792456946866, 12.524861228255929 ], [ 7.453033217187169, 12.532785979640437 ], [ 7.460732355418372, 12.54493377889429 ], [ 7.466252130168812, 12.557906800708849 ], [ 7.467501437017631, 12.559779051980968 ], [ 7.467973522338411, 12.560555707508684 ], [ 7.470760347231931, 12.560083623187893 ], [ 7.4795011451709, 12.557753815604883 ], [ 7.48412323231139, 12.558972101432687 ], [ 7.498301237944645, 12.553453434682979 ], [ 7.514021841626061, 12.55313621946749 ], [ 7.519301744213521, 12.553560578755821 ], [ 7.526406832041062, 12.56352245252441 ], [ 7.548187634840133, 12.555212098877917 ], [ 7.547457843344262, 12.547342036530608 ], [ 7.548983558380939, 12.54327516776732 ], [ 7.555841309040431, 12.542947345544633 ], [ 7.56342804619527, 12.545898459549733 ], [ 7.572383818280287, 12.547902970911707 ], [ 7.578054917133557, 12.548153120081679 ], [ 7.578145175194834, 12.548793859517048 ], [ 7.577211053560177, 12.552684741160704 ], [ 7.575212208202061, 12.554384205315444 ], [ 7.574836672946901, 12.555920859359503 ], [ 7.575635277489482, 12.557646898532255 ], [ 7.575955118706815, 12.560757975646084 ], [ 7.575038694084128, 12.562608031903096 ], [ 7.598051522720311, 12.564552821224538 ], [ 7.605300751645814, 12.565171678645015 ], [ 7.610545675209494, 12.566221250358126 ], [ 7.615451384542666, 12.566221250358126 ], [ 7.615152747339778, 12.562504711832901 ], [ 7.621730652809163, 12.549793626196333 ], [ 7.630292106626257, 12.549680105119194 ], [ 7.63448988847847, 12.548802917523176 ] ] ] ] } },
{ "type": "Feature", "properties": { "fid": 346.0, "OBJECTID": 346.0, "lganame": "Bakori", "statecode": "KT", "LGA_UID": "20_01" }, "geometry": { "type": "MultiPolygon", "coordinates": [ [ [ [ 7.307543100333476, 11.852136682171249 ], [ 7.308755266157107, 11.851229490554829 ], [ 7.309896128932223, 11.851299274602241 ], [ 7.311108294755854, 11.851648194839299 ], [ 7.311892638288782, 11.85276473459794 ], [ 7.312819588918614, 11.854160403546246 ], [ 7.313817843596837, 11.854858236020391 ], [ 7.319593461521151, 11.853741704261779 ], [ 7.321019540490056, 11.853323003977266 ], [ 7.32265952960438, 11.852136682171249 ], [ 7.325251905365747, 11.849459993352525 ], [ 7.327579499947262, 11.847391343946981 ], [ 7.32786471614105, 11.846274781188356 ], [ 7.328826213794343, 11.845893648929405 ], [ 7.331073392321173, 11.846344566235757 ], [ 7.33235686319324, 11.84711220275733 ], [ 7.333925549259106, 11.846833061567679 ], [ 7.33456728469514, 11.844530143002942 ], [ 7.335993362664112, 11.842855280864967 ], [ 7.337538280713773, 11.843460093275894 ], [ 7.338964359682734, 11.843460093275894 ], [ 7.341323705285788, 11.841770060127601 ], [ 7.342767236266639, 11.839552048620533 ], [ 7.344003169106372, 11.838249354735467 ], [ 7.346094750527527, 11.835085644585831 ], [ 7.347225739295936, 11.834962349502064 ], [ 7.349327194723799, 11.834341237080082 ], [ 7.350919567805761, 11.834952858495626 ], [ 7.352653880984121, 11.834954628496803 ], [ 7.352937398176778, 11.832600158897094 ], [ 7.353911883838862, 11.831367222059384 ], [ 7.356359985502252, 11.830436699427082 ], [ 7.35896050726916, 11.829084977508671 ], [ 7.360952165622393, 11.828049731805265 ], [ 7.362064299378062, 11.826039936439713 ], [ 7.364108344766919, 11.822899348305839 ], [ 7.365679560834451, 11.821685995481403 ], [ 7.368531717772385, 11.821313772228507 ], [ 7.371193730581069, 11.821499883354988 ], [ 7.373000095808436, 11.822151270797576 ], [ 7.375186750294176, 11.825129022820818 ], [ 7.376802972392284, 11.824477642378213 ], [ 7.381366423492921, 11.821872104607849 ], [ 7.383648149043267, 11.820290158532998 ], [ 7.384523087637774, 11.820387943599428 ], [ 7.385929872593579, 11.822802657240118 ], [ 7.388686958466906, 11.823919314998875 ], [ 7.391824330598581, 11.823360985619502 ], [ 7.393556657775662, 11.822328565918042 ], [ 7.393898916008197, 11.818308552186579 ], [ 7.398975755457684, 11.816019350631223 ], [ 7.399146884573952, 11.812278421089388 ], [ 7.400287747349125, 11.8112175513686 ], [ 7.402740602015683, 11.811050044254785 ], [ 7.404851198449762, 11.809263305040758 ], [ 7.405364585798566, 11.807253209675025 ], [ 7.403938507829594, 11.806192319954221 ], [ 7.402341299744364, 11.804628896891927 ], [ 7.402911732131997, 11.801892884032952 ], [ 7.403253990364533, 11.79770505618751 ], [ 7.402707003992873, 11.792041752339571 ], [ 7.407532226271371, 11.785587913954487 ], [ 7.410156210054254, 11.780283006350032 ], [ 7.41061255536431, 11.777825960680559 ], [ 7.411753418139483, 11.774977994745541 ], [ 7.412894279914667, 11.770510538710084 ], [ 7.412780193837136, 11.767718341812952 ], [ 7.413980329652588, 11.767291299522753 ], [ 7.416409563303091, 11.764888885890457 ], [ 7.418429840675799, 11.762329321151356 ], [ 7.420204816881835, 11.759209617031672 ], [ 7.425263133318708, 11.753603351222466 ], [ 7.42668921228767, 11.748949387060293 ], [ 7.427639930933594, 11.744178992819059 ], [ 7.430670346992656, 11.741968294316962 ], [ 7.432274685082746, 11.73830314982672 ], [ 7.434889161859132, 11.734521600257324 ], [ 7.437028280312575, 11.728471014146237 ], [ 7.437563058675948, 11.722594836153633 ], [ 7.437087700352947, 11.717416713635316 ], [ 7.444004180052332, 11.711086474334252 ], [ 7.446190832538093, 11.705500847539042 ], [ 7.450269277309189, 11.698180003564914 ], [ 7.454367016093443, 11.695632631834087 ], [ 7.458930467194079, 11.692467280683388 ], [ 7.461877695196563, 11.690512193355005 ], [ 7.480486288840211, 11.682977059235213 ], [ 7.482102511938365, 11.680649491653753 ], [ 7.488519864298667, 11.675575329206083 ], [ 7.492988243334707, 11.673945990099014 ], [ 7.495006755706186, 11.671163176208211 ], [ 7.498787628275124, 11.669430346030879 ], [ 7.50406194485879, 11.669176323858267 ], [ 7.506038137201529, 11.669350003976263 ], [ 7.508669813989627, 11.667324912600293 ], [ 7.512710368734986, 11.664578226734079 ], [ 7.514897023220726, 11.665276540208538 ], [ 7.515562525672919, 11.664904106955476 ], [ 7.517511499997113, 11.662576388373907 ], [ 7.520743944193441, 11.662390170247363 ], [ 7.525114547163071, 11.662927284612351 ], [ 7.525785564618957, 11.662380513240805 ], [ 7.531661807611613, 11.657365611833427 ], [ 7.539625041022248, 11.656318450121944 ], [ 7.541244255122422, 11.655676569685795 ], [ 7.544096411060309, 11.653888824471153 ], [ 7.546651348796274, 11.651831223073088 ], [ 7.553459150421872, 11.647479325116194 ], [ 7.554053350825598, 11.644627688178616 ], [ 7.552270751614401, 11.636130801405386 ], [ 7.552123982514672, 11.633620287699614 ], [ 7.551696161224015, 11.630244710406089 ], [ 7.551696161224015, 11.629057427599378 ], [ 7.551506017094823, 11.626869091112496 ], [ 7.551330964975875, 11.626328871745443 ], [ 7.550698458546094, 11.625348103079034 ], [ 7.552922943057524, 11.619353784006194 ], [ 7.557015745838385, 11.61878711562116 ], [ 7.559529901546682, 11.621153430228958 ], [ 7.564150395686056, 11.624896949772506 ], [ 7.568029329321632, 11.627467098518821 ], [ 7.57076416517981, 11.630119760321179 ], [ 7.572217250167114, 11.632466452915651 ], [ 7.574004983381769, 11.63374991378771 ], [ 7.580704390933704, 11.636265474496895 ], [ 7.585142268949085, 11.635680240099248 ], [ 7.589762763088459, 11.635233272795574 ], [ 7.592843093181386, 11.633389524542793 ], [ 7.596722025816973, 11.630093095303039 ], [ 7.600486873375019, 11.628193441012343 ], [ 7.604822151320604, 11.627467098518821 ], [ 7.610127161925107, 11.626629008949351 ], [ 7.613907567493754, 11.62680327006774 ], [ 7.615995114912096, 11.624477397487453 ], [ 7.619893061560617, 11.621590603525988 ], [ 7.620368420883551, 11.61879690362781 ], [ 7.6200381706592, 11.615722270538754 ], [ 7.61937538120884, 11.614481776695868 ], [ 7.619304077160393, 11.612176918129819 ], [ 7.619884773554929, 11.610665896103171 ], [ 7.61937538120884, 11.610221264801055 ], [ 7.617877999191421, 11.610256186824813 ], [ 7.617022351610103, 11.609837116540064 ], [ 7.617807016143217, 11.607218271760701 ], [ 7.618234519433713, 11.605122534336715 ], [ 7.619517989305734, 11.601595274940109 ], [ 7.620623200056684, 11.600547565228226 ], [ 7.621692758783411, 11.599255385350261 ], [ 7.62269101446168, 11.5973694900689 ], [ 7.62326144484922, 11.596182068262124 ], [ 7.623582312067242, 11.594470774099364 ], [ 7.62602324972579, 11.593697502573946 ], [ 7.627439557688092, 11.592136775513495 ], [ 7.628665051520727, 11.590786312595924 ], [ 7.630356184669779, 11.59045443137046 ], [ 7.631532699469176, 11.589860705967055 ], [ 7.63228139097788, 11.588114447780526 ], [ 7.632958778438137, 11.587869970614406 ], [ 7.632248515955553, 11.585953496312243 ], [ 7.632352694026338, 11.583609052719339 ], [ 7.634099640213265, 11.581897681556541 ], [ 7.634990938818873, 11.58119916108194 ], [ 7.633921381092193, 11.578719395397059 ], [ 7.641236702062599, 11.571346296387333 ], [ 7.643518035612658, 11.569888744397019 ], [ 7.63935397978338, 11.564237524557257 ], [ 7.638660106311931, 11.563109981791172 ], [ 7.637734809683195, 11.561322641576737 ], [ 7.636732867002422, 11.559199785134354 ], [ 7.635226123978669, 11.556493272295427 ], [ 7.634297625347813, 11.553529950281984 ], [ 7.633405326741524, 11.552935083877799 ], [ 7.630728432922695, 11.555611978696618 ], [ 7.628348972305957, 11.558437587616481 ], [ 7.626713093194496, 11.559627318424873 ], [ 7.623887483274586, 11.558140155414378 ], [ 7.622995184668355, 11.557991439313355 ], [ 7.622102887062056, 11.558288871515458 ], [ 7.621817896868436, 11.557433900934541 ], [ 7.62165673775894, 11.555909409898732 ], [ 7.61897984394011, 11.556058126999744 ], [ 7.616154234020257, 11.55680170850502 ], [ 7.614462440870739, 11.559032454020667 ], [ 7.611841461089909, 11.558883736919654 ], [ 7.609164568271069, 11.560222183829069 ], [ 7.606463829436052, 11.559753706510719 ], [ 7.603513347431317, 11.559478602323793 ], [ 7.601728752218776, 11.560519617031161 ], [ 7.59860570909683, 11.562155496142623 ], [ 7.597862127591611, 11.563642659153118 ], [ 7.594739085469655, 11.565278539264625 ], [ 7.593430360580442, 11.568720067602953 ], [ 7.592359623852929, 11.570334892700146 ], [ 7.587041530239503, 11.572464291146957 ], [ 7.584761089690062, 11.573681707974174 ], [ 7.576005026740745, 11.560958901329627 ], [ 7.578015195106559, 11.547076173896926 ], [ 7.576073554787286, 11.541679556230179 ], [ 7.579809309325583, 11.53634004560223 ], [ 7.583772539018412, 11.534573534402 ], [ 7.586183983656838, 11.533433893627659 ], [ 7.586404797806892, 11.532971327313362 ], [ 7.586345974766914, 11.531820259531287 ], [ 7.582174355932523, 11.519745331326931 ], [ 7.584005500176659, 11.508425392635559 ], [ 7.584472096493698, 11.49620713733384 ], [ 7.582703869292288, 11.496624950617729 ], [ 7.570220424810373, 11.501214031735799 ], [ 7.567991090295664, 11.503918552573396 ], [ 7.563351461143213, 11.50883249891217 ], [ 7.559369901437947, 11.510596461110708 ], [ 7.555381165727795, 11.511444940687227 ], [ 7.547647780473312, 11.509947766669939 ], [ 7.539294042797337, 11.501634197021247 ], [ 7.531051358196805, 11.498172533669219 ], [ 7.507228414010228, 11.490318282332623 ], [ 7.504277633005358, 11.506325880209033 ], [ 7.499942355059716, 11.516554794159106 ], [ 7.493344662576874, 11.520648176940369 ], [ 7.4922999998671, 11.521299999383245 ], [ 7.491999998663289, 11.521499998519118 ], [ 7.491811851535431, 11.521688145646976 ], [ 7.491599999391497, 11.521899997790911 ], [ 7.491099998051766, 11.521999999858849 ], [ 7.490699998779974, 11.521999999858849 ], [ 7.49040000057613, 11.521899997790911 ], [ 7.48979999916844, 11.521699998655038 ], [ 7.489521482979228, 11.521600000587114 ], [ 7.488821481503635, 11.521299999383245 ], [ 7.486684877051914, 11.52117916830116 ], [ 7.481129113277007, 11.522421637145328 ], [ 7.476993486467052, 11.525984826566344 ], [ 7.467581369071979, 11.528919183560106 ], [ 7.463313738172303, 11.536704565849902 ], [ 7.456294883403302, 11.544338804037011 ], [ 7.451864349392963, 11.542840221018821 ], [ 7.44837341702106, 11.542401875720998 ], [ 7.446510561755304, 11.539865894997888 ], [ 7.441275747198517, 11.539627948836255 ], [ 7.4357913424721, 11.539162063519711 ], [ 7.432507685241035, 11.538983605398414 ], [ 7.42495384310854, 11.540868125678855 ], [ 7.424942352100743, 11.532482703981373 ], [ 7.420681300205558, 11.526959687228725 ], [ 7.406605547641732, 11.526394400844651 ], [ 7.403915337813885, 11.526617584996302 ], [ 7.40187630442847, 11.526775649103683 ], [ 7.400784858686848, 11.526875514171536 ], [ 7.387964003975696, 11.522438810157041 ], [ 7.383200000738782, 11.521999999858849 ], [ 7.380316369779507, 11.521335326407268 ], [ 7.375851844746023, 11.52024148666402 ], [ 7.370660920219052, 11.518844134714584 ], [ 7.362503750676638, 11.516664251233465 ], [ 7.358624818041108, 11.514819720980199 ], [ 7.355098569645179, 11.513737167244642 ], [ 7.350858369764182, 11.51405125645806 ], [ 7.347460500455441, 11.515179120224388 ], [ 7.344490932437793, 11.515907234719123 ], [ 7.343177469545367, 11.515621699525127 ], [ 7.341864006652941, 11.514736539923661 ], [ 7.33983552527468, 11.513465802060296 ], [ 7.337239286510624, 11.517656512907649 ], [ 7.336677472128883, 11.519335538048495 ], [ 7.336100000736565, 11.521899997790911 ], [ 7.334930525941957, 11.524889962822442 ], [ 7.331703357749234, 11.529838977185079 ], [ 7.329571608300796, 11.532291164851245 ], [ 7.328620128654336, 11.538741777234122 ], [ 7.327177921674433, 11.5443458010418 ], [ 7.327149922655394, 11.5535717903104 ], [ 7.324999999194631, 11.559099998066586 ], [ 7.320400000069128, 11.55779999918326 ], [ 7.314516560071581, 11.55598434494965 ], [ 7.311390876947826, 11.555331571506088 ], [ 7.311435884978437, 11.559716147485233 ], [ 7.309745345829811, 11.561257779532696 ], [ 7.304365491174451, 11.566163711866011 ], [ 7.305519250958355, 11.567087178493466 ], [ 7.313111860117203, 11.575568211255927 ], [ 7.314862297306547, 11.586825501904741 ], [ 7.321016589488067, 11.583715628791765 ], [ 7.324176135634843, 11.58515036176658 ], [ 7.333929837262019, 11.593306252308139 ], [ 7.341768476588015, 11.59420157491644 ], [ 7.342991456418986, 11.59771576830417 ], [ 7.337972598008889, 11.604953037221549 ], [ 7.334470739629523, 11.606536094297155 ], [ 7.328909033850607, 11.607094860676852 ], [ 7.324131670604629, 11.607933009246324 ], [ 7.319211701261736, 11.610656973097093 ], [ 7.317770959282825, 11.613723993180997 ], [ 7.318286851633331, 11.620048110477967 ], [ 7.322880822754712, 11.637244583162158 ], [ 7.32197005613591, 11.644819432308907 ], [ 7.325273873380695, 11.647364903038408 ], [ 7.338077619080252, 11.652748449696276 ], [ 7.33788747495106, 11.668390899324606 ], [ 7.336582631064459, 11.672310563987821 ], [ 7.331161139380811, 11.675618250235232 ], [ 7.327612640969789, 11.679194179664933 ], [ 7.321606413888844, 11.687349201205905 ], [ 7.321570761864621, 11.691992566360852 ], [ 7.320981377464136, 11.699443464423382 ], [ 7.319555298495175, 11.709497731254771 ], [ 7.313080492095878, 11.71816627014465 ], [ 7.309203248461472, 11.72022343454239 ], [ 7.302996091243983, 11.724703382586313 ], [ 7.298076120901101, 11.727565831531194 ], [ 7.28376990618068, 11.747706182215609 ], [ 7.2840181903494, 11.74920851923639 ], [ 7.284019583350357, 11.752436745429804 ], [ 7.286921872322296, 11.754853748072037 ], [ 7.289203596872653, 11.758297615412005 ], [ 7.289398275004942, 11.764157453393466 ], [ 7.292086781831642, 11.763228138762031 ], [ 7.292863805359559, 11.76261329234427 ], [ 7.29370043692802, 11.763171743723717 ], [ 7.294841299703194, 11.764046650318164 ], [ 7.295316659026184, 11.765312466178273 ], [ 7.294651155574002, 11.765982601633596 ], [ 7.29370043692802, 11.767248409493618 ], [ 7.294023682147667, 11.768216376151315 ], [ 7.294947602775437, 11.770355114604513 ], [ 7.297858180752996, 11.771878981639873 ], [ 7.300355470449801, 11.773186457528254 ], [ 7.301417787171602, 11.774534087443897 ], [ 7.302020769581304, 11.775987720431601 ], [ 7.301456956198194, 11.783096383261579 ], [ 7.300999998887733, 11.788499999933094 ], [ 7.299099999596763, 11.792499999650886 ], [ 7.298852243428428, 11.797111632784265 ], [ 7.29659878289732, 11.798891980993972 ], [ 7.296230792647293, 11.800919533371598 ], [ 7.297390938435569, 11.804380416723063 ], [ 7.300242413372985, 11.805855342725238 ], [ 7.299723148020178, 11.809009551868371 ], [ 7.297358990413841, 11.811309814431297 ], [ 7.296172141607428, 11.813619614000686 ], [ 7.293807983001102, 11.815919875563623 ], [ 7.293071619500779, 11.818055394014607 ], [ 7.296272042675298, 11.82784757766791 ], [ 7.295853163390689, 11.831327679032484 ], [ 7.295460098123613, 11.833194578300947 ], [ 7.294069727178965, 11.834009039854323 ], [ 7.2936742039102, 11.834240732011779 ], [ 7.292495312109224, 11.835952867175081 ], [ 7.292552355147961, 11.83753472224987 ], [ 7.292038372798743, 11.841667468057892 ], [ 7.293892275058397, 11.847878393277938 ], [ 7.293749666961503, 11.850320851937454 ], [ 7.294671709587988, 11.855560376497465 ], [ 7.300566320593077, 11.860374250768245 ], [ 7.301593098290709, 11.861379105451022 ], [ 7.302163528678307, 11.862104830944133 ], [ 7.302480521893699, 11.857021503490216 ], [ 7.305536370970003, 11.854100620505619 ], [ 7.307543100333476, 11.852136682171249 ] ] ] ] } },
{ "type": "Feature", "properties": { "fid": 348.0, "OBJECTID": 348.0, "lganame": "Kurfi", "statecode": "KT", "LGA_UID": "20_22" }, "geometry": { "type": "MultiPolygon", "coordinates": [ [ [ [ 7.435569970321694, 12.860108095040459 ], [ 7.444390119314562, 12.859774335813654 ], [ 7.452215723631696, 12.86006398401048 ], [ 7.465822086876585, 12.859622502710522 ], [ 7.470006051719395, 12.858777946136684 ], [ 7.472999597753358, 12.857352121167878 ], [ 7.475276434300383, 12.857146450028154 ], [ 7.479358749074152, 12.858470917928059 ], [ 7.48144065848868, 12.85867580106725 ], [ 7.485942313547355, 12.855906408185604 ], [ 7.48782106582388, 12.854840288461219 ], [ 7.486996422263587, 12.851144814950317 ], [ 7.485243534072538, 12.845959889427377 ], [ 7.483668905002673, 12.840890723983136 ], [ 7.482890750473985, 12.835942480621043 ], [ 7.483164734660136, 12.835555212357917 ], [ 7.485819744464095, 12.825283144378488 ], [ 7.47433981266397, 12.823892640433712 ], [ 7.475358190355962, 12.813624750457166 ], [ 7.487954344914442, 12.810898841605081 ], [ 7.49993340405365, 12.809183788439782 ], [ 7.514915209233095, 12.807178244077079 ], [ 7.509236820374895, 12.80403743594303 ], [ 7.509415079495966, 12.802716347045418 ], [ 7.509308124423342, 12.801499547218668 ], [ 7.509308124423342, 12.799587421919455 ], [ 7.509379427471742, 12.798127243927354 ], [ 7.509308124423342, 12.796840890053318 ], [ 7.509522034568647, 12.795380696061216 ], [ 7.509486382544424, 12.794233395281651 ], [ 7.510270726077351, 12.793398990714707 ], [ 7.51076985441648, 12.791904009698953 ], [ 7.510734202392257, 12.790721925895809 ], [ 7.511019417586056, 12.789713673210713 ], [ 7.511304632779854, 12.788496811383936 ], [ 7.511696805046313, 12.787001801368149 ], [ 7.512362382498566, 12.786437490984724 ], [ 7.512980274918391, 12.784915725950725 ], [ 7.513158535039508, 12.784220364478301 ], [ 7.513051578966838, 12.783594536053045 ], [ 7.513515055281744, 12.782794864509754 ], [ 7.514941133250659, 12.782829633533368 ], [ 7.515155045396057, 12.782099497037279 ], [ 7.515618519710927, 12.781508432635633 ], [ 7.515333304517128, 12.781091210352145 ], [ 7.514620265032647, 12.780291530808825 ], [ 7.514762873129541, 12.779665694383596 ], [ 7.515511563638256, 12.778866010840261 ], [ 7.516057950009497, 12.777948823217059 ], [ 7.514790939148611, 12.774614333951433 ], [ 7.52069009815682, 12.76186708229028 ], [ 7.522868489636949, 12.758462420976969 ], [ 7.523968116384083, 12.754034123968154 ], [ 7.522448783351763, 12.748849659445568 ], [ 7.523247386894411, 12.742673895249425 ], [ 7.522848084623092, 12.738500996414132 ], [ 7.520850499265805, 12.735860315619902 ], [ 7.520163865799304, 12.73203566702125 ], [ 7.519676005467829, 12.729318171174839 ], [ 7.517401964922726, 12.724324030781531 ], [ 7.516858555553483, 12.722921566828632 ], [ 7.514528721970464, 12.718871825077031 ], [ 7.516810447520811, 12.717550290179076 ], [ 7.517864134236731, 12.71673343062406 ], [ 7.517660729098509, 12.715992855120874 ], [ 7.517568646035954, 12.710249268218377 ], [ 7.524789001941826, 12.708059878730808 ], [ 7.534297433402401, 12.7032295164488 ], [ 7.533451335827522, 12.698288065091333 ], [ 7.533536110885109, 12.696250873707129 ], [ 7.536152525662828, 12.69074184296403 ], [ 7.542284662829331, 12.686289837939114 ], [ 7.545911202293382, 12.679789558522486 ], [ 7.548167248826246, 12.677282440818999 ], [ 7.552206999571069, 12.675918960892545 ], [ 7.55350314745175, 12.672052175265264 ], [ 7.561948936190277, 12.670641333306662 ], [ 7.563770911428207, 12.668295524712789 ], [ 7.562032261246884, 12.664992386468498 ], [ 7.563019842917925, 12.658416664000583 ], [ 7.566547718314951, 12.654600653407783 ], [ 7.568115696380289, 12.652721071130713 ], [ 7.567640337057298, 12.650587509681031 ], [ 7.567592801025, 12.647804577790168 ], [ 7.569393005248173, 12.646170640679998 ], [ 7.569797555523053, 12.646041484592217 ], [ 7.570954440309094, 12.645672140341276 ], [ 7.573059434739321, 12.646552247939269 ], [ 7.574342904611399, 12.64785095982171 ], [ 7.57505594409588, 12.648639461357448 ], [ 7.57700491842013, 12.648036489947742 ], [ 7.578111560172033, 12.646748971072952 ], [ 7.580997937133191, 12.647016075254442 ], [ 7.582328944037556, 12.646366716813191 ], [ 7.582609148227903, 12.642738030347687 ], [ 7.584436371469451, 12.642135464938292 ], [ 7.586489923864747, 12.642302446051701 ], [ 7.58774914172028, 12.640058656527174 ], [ 7.588511661238385, 12.636634473200616 ], [ 7.590197727384009, 12.634788214946184 ], [ 7.591082471985146, 12.633077542783838 ], [ 7.594712102451297, 12.631357991615459 ], [ 7.596928816957472, 12.628832334899414 ], [ 7.598982370352758, 12.628164377445557 ], [ 7.603840543653632, 12.629240883177033 ], [ 7.608707382960461, 12.624569679003173 ], [ 7.610183784963567, 12.621035807602027 ], [ 7.611111547593964, 12.62006551494278 ], [ 7.613652339320311, 12.618938605177107 ], [ 7.617937374231815, 12.619243497384275 ], [ 7.619273941139909, 12.618977671203652 ], [ 7.623149818773413, 12.618206807679883 ], [ 7.623342426904287, 12.618158013646735 ], [ 7.624863501937796, 12.617772677384892 ], [ 7.626061407751706, 12.616214038325893 ], [ 7.626871803302322, 12.615600462909015 ], [ 7.635986913495628, 12.608699041219779 ], [ 7.636870518095975, 12.606510590732853 ], [ 7.634617877565404, 12.604635284458652 ], [ 7.631715577593411, 12.603495694684341 ], [ 7.6295980821547, 12.600849808886608 ], [ 7.627658615836935, 12.600014770319262 ], [ 7.624178984472678, 12.592387956137202 ], [ 7.622353604232387, 12.589771405359329 ], [ 7.620870483224678, 12.587544532846323 ], [ 7.620813439185952, 12.58431553265234 ], [ 7.618750582784344, 12.583511035105744 ], [ 7.616934505550375, 12.579193589172235 ], [ 7.618189455403069, 12.576632578432168 ], [ 7.617706352074833, 12.574811253194639 ], [ 7.617950389240661, 12.571041329633147 ], [ 7.615907729852722, 12.567891545493012 ], [ 7.615451384542666, 12.566221250358126 ], [ 7.610545675209494, 12.566221250358126 ], [ 7.605300751645814, 12.565171678645015 ], [ 7.598051522720311, 12.564552821224538 ], [ 7.575038694084128, 12.562608031903096 ], [ 7.575955118706815, 12.560757975646084 ], [ 7.575635277489482, 12.557646898532255 ], [ 7.574836672946901, 12.555920859359503 ], [ 7.575212208202061, 12.554384205315444 ], [ 7.577211053560177, 12.552684741160704 ], [ 7.578145175194834, 12.548793859517048 ], [ 7.578054917133557, 12.548153120081679 ], [ 7.572383818280287, 12.547902970911707 ], [ 7.56342804619527, 12.545898459549733 ], [ 7.555841309040431, 12.542947345544633 ], [ 7.548983558380939, 12.54327516776732 ], [ 7.547457843344262, 12.547342036530608 ], [ 7.548187634840133, 12.555212098877917 ], [ 7.526406832041062, 12.56352245252441 ], [ 7.519301744213521, 12.553560578755821 ], [ 7.514021841626061, 12.55313621946749 ], [ 7.498301237944645, 12.553453434682979 ], [ 7.48412323231139, 12.558972101432687 ], [ 7.4795011451709, 12.557753815604883 ], [ 7.470760347231931, 12.560083623187893 ], [ 7.467973522338411, 12.560555707508684 ], [ 7.467501437017631, 12.559779051980968 ], [ 7.466252130168812, 12.557906800708849 ], [ 7.460732355418372, 12.54493377889429 ], [ 7.453033217187169, 12.532785979640437 ], [ 7.446792456946866, 12.524861228255929 ], [ 7.448382161026984, 12.522447607616016 ], [ 7.443919130994573, 12.511943844479163 ], [ 7.434066375300063, 12.515453779864004 ], [ 7.42969907233271, 12.517864178501782 ], [ 7.429578444250751, 12.520022625968352 ], [ 7.425238307301811, 12.526323438249449 ], [ 7.422687524568687, 12.526342474262378 ], [ 7.418300013587611, 12.524155540776462 ], [ 7.415860778930266, 12.525501801691178 ], [ 7.404380942130217, 12.525486734680953 ], [ 7.399117627554062, 12.531050393461214 ], [ 7.399025618491521, 12.534647020904913 ], [ 7.400214016299003, 12.537199168639006 ], [ 7.401164734944985, 12.540168909656813 ], [ 7.400992416827876, 12.542715203386877 ], [ 7.401705457312346, 12.544385649521871 ], [ 7.402810667063306, 12.546160488727764 ], [ 7.403559358572011, 12.549744930163229 ], [ 7.403309795402436, 12.552146128794732 ], [ 7.403880225790033, 12.554303709260751 ], [ 7.403773269717362, 12.556182876537548 ], [ 7.402204583651496, 12.557226854246835 ], [ 7.400421986440335, 12.558549218145345 ], [ 7.399281122665172, 12.559036403476341 ], [ 7.399815903028525, 12.561541911178722 ], [ 7.401063720876323, 12.563908201786546 ], [ 7.401598501239675, 12.565961290181519 ], [ 7.401823946392881, 12.567172783004651 ], [ 7.402418495796837, 12.568188349694708 ], [ 7.40224023567572, 12.569475859569479 ], [ 7.401598501239675, 12.570798161467906 ], [ 7.401277633021664, 12.572433628579176 ], [ 7.40052894151296, 12.574556242021345 ], [ 7.398908043411666, 12.576324951223114 ], [ 7.394717672564468, 12.56853632593112 ], [ 7.394261590254587, 12.568075821618208 ], [ 7.393683765862022, 12.567492395221791 ], [ 7.391687255505474, 12.566135280299704 ], [ 7.389369878930893, 12.563421026455501 ], [ 7.387373368574401, 12.561437515107798 ], [ 7.384877731878703, 12.558758011287239 ], [ 7.383558608982412, 12.557818438648837 ], [ 7.382417747207285, 12.556565668797646 ], [ 7.380884713165642, 12.55604368044294 ], [ 7.379066462930211, 12.556113279490262 ], [ 7.378032556227765, 12.555138896828169 ], [ 7.376784737379921, 12.554060113095204 ], [ 7.372816308683525, 12.55631135762485 ], [ 7.373113871885721, 12.559473555773366 ], [ 7.371269336632452, 12.561606376222528 ], [ 7.367717020218834, 12.562121311572412 ], [ 7.36190681027108, 12.567864454474602 ], [ 7.358257756791716, 12.570416872208853 ], [ 7.360142396072206, 12.574966503300118 ], [ 7.362155535440024, 12.579939886679313 ], [ 7.365911307991951, 12.583765517278664 ], [ 7.36592373100035, 12.588209236297928 ], [ 7.369065723135179, 12.598512440298464 ], [ 7.384999987961805, 12.622462161571207 ], [ 7.386211619785058, 12.630665515144983 ], [ 7.38351689695412, 12.63704959248264 ], [ 7.3877130498052, 12.64322380867776 ], [ 7.387420669606513, 12.648787404457948 ], [ 7.38688589024315, 12.654932981633578 ], [ 7.385424160250011, 12.65631281757112 ], [ 7.382998440601853, 12.664638256227875 ], [ 7.378436595502251, 12.67008221792679 ], [ 7.375620090588598, 12.674534505951897 ], [ 7.373908797425827, 12.675612782684539 ], [ 7.370521861124587, 12.677351928866187 ], [ 7.370200992906575, 12.678534541669762 ], [ 7.369487954422084, 12.679404107260552 ], [ 7.369216348237558, 12.68039778893575 ], [ 7.377509644872475, 12.681699743820332 ], [ 7.38225135609423, 12.684134488474626 ], [ 7.382928742554498, 12.686603990152548 ], [ 7.386386399903813, 12.696470937856702 ], [ 7.392376511973794, 12.703715935779314 ], [ 7.39812086487683, 12.710427942339777 ], [ 7.398145338893414, 12.716446046428814 ], [ 7.398017166806369, 12.718715453970788 ], [ 7.395122123839315, 12.7296411813943 ], [ 7.395074241806753, 12.737816483949018 ], [ 7.394765603597079, 12.742855587372844 ], [ 7.394979515742421, 12.748836617436666 ], [ 7.398402104067884, 12.753426614555394 ], [ 7.402395122780945, 12.762536817745342 ], [ 7.402883580112871, 12.769979400802242 ], [ 7.402600001920177, 12.772100002243064 ], [ 7.401300048036887, 12.781151475393131 ], [ 7.405333256777283, 12.792569739151304 ], [ 7.408300000793076, 12.795800000346105 ], [ 7.412642164743318, 12.802457823869759 ], [ 7.418409569662003, 12.811961237326898 ], [ 7.418855453964966, 12.817131305839723 ], [ 7.419043643092834, 12.821559179848236 ], [ 7.413425940275886, 12.829336749132722 ], [ 7.415243443510803, 12.840201635514916 ], [ 7.41530396055191, 12.84449995743546 ], [ 7.415648683786117, 12.845569881162419 ], [ 7.417766404225006, 12.847996931811451 ], [ 7.419241670227393, 12.848972511474301 ], [ 7.420431400035739, 12.850067063218034 ], [ 7.42071693622978, 12.850804695719205 ], [ 7.420621757165122, 12.852351344770057 ], [ 7.420312426954922, 12.853374513465269 ], [ 7.41966997251842, 12.853897994820954 ], [ 7.418789571920229, 12.85418353001495 ], [ 7.417052565739993, 12.854064556934134 ], [ 7.415743861850785, 12.854016967901771 ], [ 7.414197212799934, 12.853921788837113 ], [ 7.413364401234048, 12.854159735998792 ], [ 7.412363895554279, 12.855418993854414 ], [ 7.412575501698029, 12.863430297297725 ], [ 7.421840254993015, 12.863250085175252 ], [ 7.434556119632873, 12.862207365466816 ], [ 7.435569970321694, 12.860108095040459 ] ] ] ] } },
{ "type": "Feature", "properties": { "fid": 350.0, "OBJECTID": 350.0, "lganame": "Danja", "statecode": "KT", "LGA_UID": "20_09" }, "geometry": { "type": "MultiPolygon", "coordinates": [ [ [ [ 7.456294883403302, 11.544338804037011 ], [ 7.463313739172293, 11.536704565849902 ], [ 7.467581370071969, 11.528919183560106 ], [ 7.476993486467052, 11.525984826566344 ], [ 7.481129114276996, 11.522421637145328 ], [ 7.486684878051904, 11.52117916830116 ], [ 7.488821481503635, 11.521299999383245 ], [ 7.489521482979228, 11.521600000587114 ], [ 7.489800000168486, 11.521699998655038 ], [ 7.49040000157612, 11.521899997790911 ], [ 7.490699999779963, 11.521999999858849 ], [ 7.491099998051766, 11.521999999858849 ], [ 7.491600000391486, 11.521899997790911 ], [ 7.49181185253542, 11.521688145646976 ], [ 7.491999998663289, 11.521499998519118 ], [ 7.4922999998671, 11.521299999383245 ], [ 7.49334466357692, 11.520648176940369 ], [ 7.499942355059716, 11.516554794159106 ], [ 7.504277634005348, 11.506325880209033 ], [ 7.507228414010228, 11.490318282332623 ], [ 7.503725450630157, 11.46413505254236 ], [ 7.497999999739989, 11.446100000288368 ], [ 7.477718976959977, 11.428274319176694 ], [ 7.48176276870754, 11.427534796674195 ], [ 7.497520934414467, 11.425577859344571 ], [ 7.506799999719192, 11.426600002039038 ], [ 7.508620976956422, 11.428937974627615 ], [ 7.513924186559734, 11.434416080349706 ], [ 7.518667714782737, 11.435300153950379 ], [ 7.52479985194924, 11.435859261330279 ], [ 7.532714587326893, 11.43620870256774 ], [ 7.53777716476668, 11.433972270048173 ], [ 7.539702371074782, 11.431805708576064 ], [ 7.541611591372032, 11.428176860110455 ], [ 7.544525663351976, 11.422910219532014 ], [ 7.55211092950583, 11.419662143325127 ], [ 7.56396228755824, 11.414645296916376 ], [ 7.571361309585541, 11.414262940656613 ], [ 7.587587653610569, 11.414365721726426 ], [ 7.587322390430359, 11.401673837102919 ], [ 7.588318909107443, 11.391321265068825 ], [ 7.598939950323938, 11.391251066021084 ], [ 7.602719057891647, 11.394536315253276 ], [ 7.605197492575655, 11.399112722362759 ], [ 7.609314204372765, 11.403828441566873 ], [ 7.614234174715648, 11.407532918083859 ], [ 7.625001066031246, 11.413543852168004 ], [ 7.632915801408956, 11.416479379162581 ], [ 7.634603937555937, 11.417586155914591 ], [ 7.64169002837059, 11.4037214964942 ], [ 7.644618917360674, 11.401757771159907 ], [ 7.644691327409873, 11.401763025163518 ], [ 7.667769911090659, 11.40551408171217 ], [ 7.680062352442803, 11.422721968404119 ], [ 7.688172617953342, 11.42864587542914 ], [ 7.688739342338408, 11.428869667581182 ], [ 7.689489768848262, 11.429204058808409 ], [ 7.695207600733283, 11.431490146361682 ], [ 7.694949845558142, 11.430242344513829 ], [ 7.694771586437014, 11.424126928358703 ], [ 7.694477605237296, 11.420322715773921 ], [ 7.696640511706846, 11.421557105612635 ], [ 7.700968041647229, 11.423865051180769 ], [ 7.70569209385701, 11.426028397650668 ], [ 7.722348716174395, 11.415519916510675 ], [ 7.719514904248967, 11.408776095928545 ], [ 7.73094828201738, 11.398194652738937 ], [ 7.739993187162952, 11.391367401100183 ], [ 7.745038549591072, 11.389181687615064 ], [ 7.748175920722758, 11.38759728753854 ], [ 7.748984033271825, 11.385873077367023 ], [ 7.749887214885518, 11.384381859353823 ], [ 7.750362575208499, 11.381725607549015 ], [ 7.750647792402276, 11.379115933775836 ], [ 7.750289314158692, 11.376751473169293 ], [ 7.749885258884206, 11.374316511514905 ], [ 7.749552506658063, 11.373733983119052 ], [ 7.749504970625765, 11.373524271976578 ], [ 7.749341399514662, 11.373361211865813 ], [ 7.749425583571849, 11.373252627791999 ], [ 7.750191390092198, 11.372069105987862 ], [ 7.750448084266566, 11.371677642721863 ], [ 7.750657879409118, 11.371444528563472 ], [ 7.750667225415498, 11.371434143556428 ], [ 7.750418166246277, 11.371375098516353 ], [ 7.750197125096065, 11.371249271430827 ], [ 7.749776430810243, 11.371095482326325 ], [ 7.749384259543774, 11.370934702217085 ], [ 7.749013479291818, 11.370773922107844 ], [ 7.748578524996333, 11.370459351894112 ], [ 7.74802235361841, 11.370214686727877 ], [ 7.747765660444031, 11.370039924609159 ], [ 7.747523227279316, 11.369830212466638 ], [ 7.747293182122974, 11.369805677449961 ], [ 7.747069258970839, 11.369688072370081 ], [ 7.746823425803825, 11.369610036317056 ], [ 7.746593899647849, 11.369538942268719 ], [ 7.746461592557978, 11.36953654026712 ], [ 7.746080512299045, 11.369529622262405 ], [ 7.745852339143994, 11.369455057211724 ], [ 7.745557615943767, 11.369277965091442 ], [ 7.745099062632164, 11.369115525981044 ], [ 7.744522125240167, 11.368933100857078 ], [ 7.744118068965633, 11.368869021813566 ], [ 7.743559521586121, 11.368676783682929 ], [ 7.743084163263177, 11.368566100607723 ], [ 7.742461440840032, 11.368491535557098 ], [ 7.7415868202458, 11.368297199425058 ], [ 7.741330086071343, 11.368416969506427 ], [ 7.741206481987376, 11.368677943683736 ], [ 7.740997472845322, 11.368858277806282 ], [ 7.739723370979675, 11.368855040804078 ], [ 7.739438155785876, 11.368929605854703 ], [ 7.738848709385366, 11.368948246867376 ], [ 7.737945525771693, 11.369134659994074 ], [ 7.737821932687723, 11.369395638171397 ], [ 7.737660309577905, 11.369498165241055 ], [ 7.737327559351797, 11.36969389837401 ], [ 7.736823679009433, 11.369777783431005 ], [ 7.736452896757498, 11.370048080614652 ], [ 7.735715671256628, 11.370486804912787 ], [ 7.735373412024046, 11.370582340977705 ], [ 7.734795850631656, 11.37061729300143 ], [ 7.733626465837119, 11.37057534997291 ], [ 7.732578300124885, 11.370764092101183 ], [ 7.731965085708282, 11.370966815238944 ], [ 7.73115222115598, 11.371211480405179 ], [ 7.731011492060361, 11.371241044425233 ], [ 7.730852744952472, 11.371274393447891 ], [ 7.73040352864723, 11.371470124580867 ], [ 7.730125445458327, 11.371637894694857 ], [ 7.72984022826455, 11.371651875704401 ], [ 7.729162841804282, 11.371400220533417 ], [ 7.728899017624997, 11.371253422433654 ], [ 7.728542497382762, 11.371099633329152 ], [ 7.727872240927354, 11.370945843224661 ], [ 7.727522851689969, 11.370945843224661 ], [ 7.727204262473492, 11.370972611242848 ], [ 7.727059376375053, 11.370882929181903 ], [ 7.726881117253924, 11.370840987153429 ], [ 7.726546670026721, 11.37095102622817 ], [ 7.726139554750091, 11.37099477625793 ], [ 7.725682917439826, 11.370886713184518 ], [ 7.724036089320862, 11.370764092101183 ], [ 7.723273137802494, 11.370547387953934 ], [ 7.722638534371299, 11.370470493901678 ], [ 7.721790015794795, 11.370302722787699 ], [ 7.721169672373264, 11.370197865716477 ], [ 7.720994808254488, 11.370172678699362 ], [ 7.720486177908867, 11.369706340382493 ], [ 7.720001310579448, 11.369007292907497 ], [ 7.71984444347288, 11.368755635736534 ], [ 7.71971609538565, 11.368322225442057 ], [ 7.719573488288745, 11.367888814147534 ], [ 7.717748107048521, 11.364561313886668 ], [ 7.717998252218479, 11.363082021881553 ], [ 7.717789493076623, 11.361671762923379 ], [ 7.71752055189387, 11.361396980736686 ], [ 7.716855966442324, 11.358528357787577 ], [ 7.715952782828651, 11.356314616283441 ], [ 7.714669312956573, 11.35274929086097 ], [ 7.713671058278351, 11.350418989277614 ], [ 7.713267003003807, 11.348391609900148 ], [ 7.714479169827428, 11.344406722192559 ], [ 7.715433106475587, 11.342361288802806 ], [ 7.717973062201338, 11.336809645030712 ], [ 7.716646809300187, 11.33623636064118 ], [ 7.716461418174276, 11.33608255153672 ], [ 7.717287007735194, 11.333831981007563 ], [ 7.719188446027147, 11.329310877935654 ], [ 7.721007885263361, 11.325406126282587 ], [ 7.721137420351397, 11.325092671069569 ], [ 7.721179651380055, 11.324992108001254 ], [ 7.721077506310678, 11.324947028970655 ], [ 7.720022207593615, 11.32423855048927 ], [ 7.718712962704046, 11.323357760890815 ], [ 7.717129844628403, 11.322474532290698 ], [ 7.718710215702174, 11.321339361519392 ], [ 7.716808778410268, 11.319120671011888 ], [ 7.71608377391766, 11.318522806605699 ], [ 7.715991159854752, 11.318318955467191 ], [ 7.715667914635105, 11.317955385220159 ], [ 7.715373194434846, 11.317899452182132 ], [ 7.715102247250741, 11.317892835177645 ], [ 7.714797993044044, 11.317935553206667 ], [ 7.714013664511128, 11.318374888505161 ], [ 7.713024916839288, 11.317666394023775 ], [ 7.712530543503419, 11.317246888738737 ], [ 7.712280471333486, 11.316968220549427 ], [ 7.711722431954342, 11.316640937327008 ], [ 7.711132985553832, 11.316407879168707 ], [ 7.71057206217273, 11.316323977111665 ], [ 7.710134730875552, 11.316296010092685 ], [ 7.709659371552561, 11.316081595946969 ], [ 7.70897485508749, 11.315848536788621 ], [ 7.70837590168054, 11.315801924756954 ], [ 7.708166742538424, 11.316016338902671 ], [ 7.707891035351054, 11.316640937327008 ], [ 7.707691384215423, 11.317451980878104 ], [ 7.707662863196049, 11.318281666441862 ], [ 7.707330110969963, 11.318197765384809 ], [ 7.707092430808473, 11.318067253296135 ], [ 7.706567780451962, 11.318093116313719 ], [ 7.706816721621124, 11.317023152586728 ], [ 7.707057656784855, 11.31593016984408 ], [ 7.706978344730942, 11.314748495041215 ], [ 7.707016372756812, 11.314077279585149 ], [ 7.706898137676433, 11.313509442199347 ], [ 7.706413667347249, 11.312630857602358 ], [ 7.706176063185808, 11.310041559843057 ], [ 7.689808362064753, 11.30884734903168 ], [ 7.689313986728848, 11.308931252088655 ], [ 7.688962221489817, 11.309108382209047 ], [ 7.688553412212059, 11.309145672234365 ], [ 7.687631215585498, 11.309388059399055 ], [ 7.687337025385602, 11.30938273239542 ], [ 7.686956205126819, 11.309369414386367 ], [ 7.686690002945966, 11.309425350424362 ], [ 7.686537887842633, 11.309788929671413 ], [ 7.686072035526081, 11.309602478544718 ], [ 7.685967458455025, 11.309705026614438 ], [ 7.685710763280611, 11.30968638160175 ], [ 7.684826594679862, 11.309499930475056 ], [ 7.684294191318145, 11.309192285266022 ], [ 7.684018483130785, 11.309406704411742 ], [ 7.683780802969295, 11.309574510525749 ], [ 7.683486079769068, 11.309658413582724 ], [ 7.683181849562345, 11.30944399543705 ], [ 7.682996968436726, 11.309378997392912 ], [ 7.683193772570462, 11.309143003232521 ], [ 7.683422254725713, 11.308826476017487 ], [ 7.683619578859748, 11.308261643633728 ], [ 7.683620538860396, 11.308258835631818 ], [ 7.683605511850203, 11.308133932546923 ], [ 7.683700584914789, 11.307819295333161 ], [ 7.683878844035917, 11.307481349103512 ], [ 7.684104639189343, 11.307015215786805 ], [ 7.684484927447727, 11.306257749272163 ], [ 7.684247247286237, 11.30639758936718 ], [ 7.683379715696788, 11.306490816430482 ], [ 7.682773634284956, 11.306444203398826 ], [ 7.682310157970051, 11.306246096264204 ], [ 7.681822914638985, 11.306222789248409 ], [ 7.680979151065742, 11.305954762066278 ], [ 7.680468138718481, 11.305931455050427 ], [ 7.680218574548917, 11.305861535002919 ], [ 7.67979075225827, 11.305919802042524 ], [ 7.679410463999886, 11.305908148034632 ], [ 7.679089596781864, 11.305919802042524 ], [ 7.678828148604225, 11.306013028105895 ], [ 7.678435978337745, 11.305954762066278 ], [ 7.678043807071276, 11.30597806808214 ], [ 7.677449606667551, 11.306164522208803 ], [ 7.677092738425074, 11.306349304334333 ], [ 7.676694974154827, 11.306467898414951 ], [ 7.676041354710719, 11.306537818462459 ], [ 7.675328315226238, 11.306153257201174 ], [ 7.675007447008227, 11.305523974773564 ], [ 7.674864839911322, 11.30513941251229 ], [ 7.674389479588342, 11.304463515053044 ], [ 7.67393788928149, 11.30404399076798 ], [ 7.673355572885839, 11.303286516253308 ], [ 7.672333552191446, 11.301410299978556 ], [ 7.67202456698152, 11.301258803875612 ], [ 7.671751234795806, 11.301153921804314 ], [ 7.671501670626242, 11.301014078709329 ], [ 7.671079395339291, 11.300556715398557 ], [ 7.670081138661033, 11.299368045590938 ], [ 7.669770075449662, 11.298755099174457 ], [ 7.66952259228151, 11.298144411759495 ], [ 7.669344332160392, 11.29774818649031 ], [ 7.669269746109705, 11.297713837466972 ], [ 7.668830038810938, 11.296909729920628 ], [ 7.668715074732859, 11.296955150951476 ], [ 7.668300877451429, 11.297439406280489 ], [ 7.664311552740855, 11.300022482035558 ], [ 7.664092203591849, 11.29960053574888 ], [ 7.664009015535328, 11.29925092651132 ], [ 7.66393771348686, 11.299017854352996 ], [ 7.663890176454572, 11.298656591107545 ], [ 7.663973364511094, 11.297934062616605 ], [ 7.663985248519168, 11.297479568307779 ], [ 7.662986993840889, 11.296675460761435 ], [ 7.662107579243354, 11.296174349420937 ], [ 7.661038019516639, 11.295346930858784 ], [ 7.660705269290588, 11.295148815724133 ], [ 7.660408169088726, 11.294449587249062 ], [ 7.658589918853295, 11.29378531679771 ], [ 7.658043255481857, 11.293493969599751 ], [ 7.658067023498006, 11.293121046346357 ], [ 7.657991069446382, 11.292974461246786 ], [ 7.657762249290897, 11.293046845295976 ], [ 7.657544128142717, 11.29319097039388 ], [ 7.65702590579059, 11.293025402281387 ], [ 7.656961812747056, 11.292876314180091 ], [ 7.656575646484669, 11.29288154718364 ], [ 7.656320077311022, 11.293167662378039 ], [ 7.656106165165681, 11.293097738330516 ], [ 7.655820949971883, 11.293004507267199 ], [ 7.655737761915361, 11.292841353156348 ], [ 7.655476313737722, 11.292363541831662 ], [ 7.655012839422852, 11.292037231609982 ], [ 7.653757889570159, 11.291981292571961 ], [ 7.653263516234233, 11.292186402711309 ], [ 7.652702590853096, 11.292307602793699 ], [ 7.652483926704576, 11.292587297983744 ], [ 7.652227231530162, 11.293025484281429 ], [ 7.651666309148993, 11.293006838268752 ], [ 7.650858196599927, 11.292671206040723 ], [ 7.650496924354456, 11.292382188844329 ], [ 7.649916985960431, 11.29204655461632 ], [ 7.650097622083194, 11.291813477457936 ], [ 7.650449388322158, 11.291608367318588 ], [ 7.649833117903427, 11.291268659087791 ], [ 7.649521458691709, 11.291073810955368 ], [ 7.649280002527632, 11.291272733090523 ], [ 7.648462385972095, 11.291216794052502 ], [ 7.648414849939797, 11.290993037900478 ], [ 7.648319776875212, 11.290713341710443 ], [ 7.648148648758934, 11.290237859387389 ], [ 7.64792911560977, 11.290018353238224 ], [ 7.641949965547212, 11.288845661441428 ], [ 7.638955200512441, 11.287796793728774 ], [ 7.634593967549165, 11.286294264707919 ], [ 7.631040466134721, 11.284929868780864 ], [ 7.629092178810936, 11.284061405190755 ], [ 7.627903094003045, 11.283531358830658 ], [ 7.618667561727932, 11.277690310861942 ], [ 7.607601520209073, 11.271854522896774 ], [ 7.60750208214148, 11.271802082861143 ], [ 7.605281316632613, 11.274388315618353 ], [ 7.601968253381528, 11.278897765682302 ], [ 7.599452006671868, 11.28260499720119 ], [ 7.593137927381747, 11.292017657596659 ], [ 7.585784596385508, 11.302741457882973 ], [ 7.58237421106827, 11.306570678484775 ], [ 7.577561338798148, 11.315480520538586 ], [ 7.573983846367412, 11.319052096965322 ], [ 7.569966581637914, 11.321398800559791 ], [ 7.562183877349923, 11.323247361815788 ], [ 7.555848406045243, 11.327271721550176 ], [ 7.55092843570236, 11.33139667835286 ], [ 7.544511082342069, 11.333424176730432 ], [ 7.538319003134859, 11.334511915469534 ], [ 7.537347652474864, 11.334978164786321 ], [ 7.534116550279464, 11.336529094840103 ], [ 7.529901387415464, 11.339158729626831 ], [ 7.524902505018986, 11.340205706338168 ], [ 7.522406867323298, 11.340415442480719 ], [ 7.521725196860132, 11.340404114473017 ], [ 7.521664282818733, 11.346948044919316 ], [ 7.521892454973795, 11.353547491403333 ], [ 7.520295246888566, 11.361600845875159 ], [ 7.510619305314208, 11.358000633429015 ], [ 7.505628031922868, 11.356462664384026 ], [ 7.503667172590553, 11.355344135624023 ], [ 7.501135884870678, 11.35356147341281 ], [ 7.4963585216247, 11.351569072059078 ], [ 7.489499211964073, 11.352181935475471 ], [ 7.482975800531733, 11.357613225165778 ], [ 7.477446342774726, 11.367529556903435 ], [ 7.47722996062771, 11.368308530432728 ], [ 7.472503996416663, 11.376015752669446 ], [ 7.46772441416914, 11.377658567785659 ], [ 7.467637231109904, 11.377682532801941 ], [ 7.45437011809554, 11.378406194293632 ], [ 7.447736560588339, 11.377079482392162 ], [ 7.440463327646512, 11.376004187661579 ], [ 7.433618151995518, 11.375053505015615 ], [ 7.429111744933664, 11.374494277635677 ], [ 7.427571579887172, 11.374046896331663 ], [ 7.4237978743231, 11.374139237394445 ], [ 7.418122764467171, 11.374814951853523 ], [ 7.415060492386488, 11.37494093793913 ], [ 7.415060262386305, 11.374940947939137 ], [ 7.40633009645461, 11.37530011918318 ], [ 7.405453073858723, 11.375336201207688 ], [ 7.397914129736364, 11.378042323046373 ], [ 7.392313004930656, 11.374830245863961 ], [ 7.389978622344529, 11.370208433723633 ], [ 7.387114556398558, 11.371470331581008 ], [ 7.385736014461884, 11.373404340895092 ], [ 7.38364443204074, 11.3781577541248 ], [ 7.379440499184398, 11.381319727273251 ], [ 7.375622890590478, 11.390037271196377 ], [ 7.374816180042387, 11.393140081304637 ], [ 7.372634988560321, 11.399114063363641 ], [ 7.371506008793233, 11.403133135094436 ], [ 7.370733551268415, 11.407851103300061 ], [ 7.370494857106223, 11.409103521150996 ], [ 7.382855215504492, 11.415248254326059 ], [ 7.38507940801577, 11.418013236204729 ], [ 7.388159737108708, 11.420976673218263 ], [ 7.387117953400832, 11.433526564745307 ], [ 7.387234585480087, 11.44206704254816 ], [ 7.391125980124116, 11.446136680313316 ], [ 7.391601925447503, 11.456192928146038 ], [ 7.387238188482513, 11.473775596092651 ], [ 7.389461385993116, 11.482565275064815 ], [ 7.394040048104102, 11.495911325132852 ], [ 7.397510173461853, 11.51179544992533 ], [ 7.398175675914047, 11.516965748438338 ], [ 7.400784858686848, 11.526875514171536 ], [ 7.40187630442847, 11.526775649103683 ], [ 7.403915337813885, 11.526617584996302 ], [ 7.406605548641721, 11.526394400844651 ], [ 7.420681301205548, 11.526959687228725 ], [ 7.424942353100732, 11.532482703981373 ], [ 7.42495384310854, 11.540868125678855 ], [ 7.432507686241024, 11.538983605398414 ], [ 7.435791343472147, 11.539162063519711 ], [ 7.441275748198507, 11.539627948836255 ], [ 7.44651056275535, 11.539865894997888 ], [ 7.44837341702106, 11.542401875720998 ], [ 7.451864350392952, 11.542840221018821 ], [ 7.456294883403302, 11.544338804037011 ] ] ] ] } },
{ "type": "Feature", "properties": { "fid": 355.0, "OBJECTID": 355.0, "lganame": "Malumfashi", "statecode": "KT", "LGA_UID": "20_25" }, "geometry": { "type": "MultiPolygon", "coordinates": [ [ [ [ 7.730607807786043, 12.042834443741413 ], [ 7.737417936413237, 12.020527178584643 ], [ 7.736855178030851, 12.008888146676497 ], [ 7.771361743476461, 12.0112050752507 ], [ 7.79333246540449, 12.013080535525035 ], [ 7.805884723933161, 12.018527975226277 ], [ 7.834502287377461, 12.023175396383976 ], [ 7.86557850049229, 12.021391929172239 ], [ 7.862991388734486, 12.017696402661272 ], [ 7.85973590752252, 12.008163023183783 ], [ 7.858477951667794, 12.004126590441217 ], [ 7.856705600463556, 12.001227859471669 ], [ 7.855596983710313, 12.00023115279447 ], [ 7.844799999374288, 11.995000001240157 ], [ 7.834676900496106, 11.980190557177821 ], [ 7.829349077876088, 11.968646744334364 ], [ 7.833395843625681, 11.969740261077334 ], [ 7.831798488540358, 11.963992492171997 ], [ 7.826216259747525, 11.953329438926971 ], [ 7.827986704950433, 11.942975960892227 ], [ 7.828649461400744, 11.938894805119276 ], [ 7.828642481396002, 11.930938420713289 ], [ 7.829526780996844, 11.922049633673794 ], [ 7.843712025635057, 11.901946553014682 ], [ 7.847689957337877, 11.893341342167844 ], [ 7.848209579690945, 11.886129290267604 ], [ 7.855368936555408, 11.881496348119754 ], [ 7.85987240461526, 11.876863326971829 ], [ 7.862841567632699, 11.874246594193892 ], [ 7.865105310170804, 11.873462987661469 ], [ 7.860361769947758, 11.863487863883847 ], [ 7.85558440770177, 11.845623373745752 ], [ 7.855177951425617, 11.842523576639564 ], [ 7.852334041493293, 11.835995395204009 ], [ 7.854918807249533, 11.833262022346787 ], [ 7.854473156946767, 11.83230242669481 ], [ 7.853000920946442, 11.824344345287614 ], [ 7.846963021843976, 11.828012955780309 ], [ 7.842749633981157, 11.827468757410543 ], [ 7.840139821207913, 11.826990992085939 ], [ 7.838794236293666, 11.827194436224147 ], [ 7.834232333194052, 11.830768386652494 ], [ 7.832956942327485, 11.831491743143943 ], [ 7.831567337383319, 11.832367383738926 ], [ 7.828540662326816, 11.832862312075179 ], [ 7.826256379774748, 11.832957491139894 ], [ 7.823857883145081, 11.834156738954675 ], [ 7.822373099136257, 11.835622486950626 ], [ 7.82109770826969, 11.83499430852379 ], [ 7.818299462368429, 11.833052669204562 ], [ 7.815158574234317, 11.830730314626635 ], [ 7.811427578699295, 11.829093245514287 ], [ 7.809866651638742, 11.830882600730092 ], [ 7.806473736333373, 11.831967440467167 ], [ 7.791406631095981, 11.837657562333334 ], [ 7.788864482368751, 11.839425446534563 ], [ 7.775131302037664, 11.846669017456179 ], [ 7.765302378359365, 11.857677301935837 ], [ 7.759669368532002, 11.848116950439987 ], [ 7.757387643981701, 11.847768026202914 ], [ 7.751255506815198, 11.849442858340922 ], [ 7.747690310392841, 11.850768760241806 ], [ 7.743198163340594, 11.849024151056426 ], [ 7.736923419077243, 11.849721995530558 ], [ 7.721521772612505, 11.850768760241806 ], [ 7.711122817546936, 11.852129092166081 ], [ 7.710919705408912, 11.851342563631647 ], [ 7.710724459276264, 11.85058649311793 ], [ 7.712827924705437, 11.839699944721076 ], [ 7.686694315948898, 11.834231155005284 ], [ 7.6788141925947, 11.825945663375649 ], [ 7.679900003332477, 11.822799999238327 ], [ 7.681996958757281, 11.817438949595726 ], [ 7.686287645672564, 11.815451395245304 ], [ 7.692482819881945, 11.812864718487788 ], [ 7.694396377182102, 11.802519571458731 ], [ 7.687659769604863, 11.79766867716279 ], [ 7.680840650971618, 11.794630549098486 ], [ 7.669550864300732, 11.786196440367917 ], [ 7.671486071615618, 11.782947546160472 ], [ 7.677738524863855, 11.773787945936931 ], [ 7.679027966739966, 11.768016471015471 ], [ 7.677083910419071, 11.750739470276585 ], [ 7.665702100685678, 11.740532736341606 ], [ 7.653238600217321, 11.709953910564707 ], [ 7.630523798783656, 11.706258796054044 ], [ 7.622699998467795, 11.705200002334664 ], [ 7.616941316555028, 11.703584845237231 ], [ 7.609905996774842, 11.699023135137793 ], [ 7.599451258671365, 11.69514045749969 ], [ 7.590042843278752, 11.691551711061265 ], [ 7.586107557604919, 11.698273547628446 ], [ 7.581570031521892, 11.707751917068549 ], [ 7.580698327929611, 11.714271476498311 ], [ 7.575441332357741, 11.725514924137713 ], [ 7.564045610614869, 11.735909225200146 ], [ 7.55041593035412, 11.740371654232149 ], [ 7.548999999392095, 11.72830000103005 ], [ 7.54639446162173, 11.705452843506464 ], [ 7.54418445512016, 11.697751655273862 ], [ 7.543958029966291, 11.696055176121206 ], [ 7.543780550845725, 11.691531478047523 ], [ 7.5330415895491, 11.678349325090892 ], [ 7.522033703069781, 11.671925039725863 ], [ 7.524000000405749, 11.671500001437096 ], [ 7.525661420534618, 11.670432774711969 ], [ 7.527651990887136, 11.669069691785808 ], [ 7.529165917915748, 11.668167041172524 ], [ 7.533140368616216, 11.670240742581484 ], [ 7.535800000423308, 11.666200000836 ], [ 7.535599999287399, 11.665800000564218 ], [ 7.535500002219464, 11.665100001088604 ], [ 7.535500002219464, 11.664200000477081 ], [ 7.535399999151537, 11.664000001341208 ], [ 7.535399999151537, 11.663400001933496 ], [ 7.535786871414359, 11.663013129670674 ], [ 7.537169753353965, 11.661630248731058 ], [ 7.536028235578385, 11.660300150827311 ], [ 7.535077516932404, 11.65939814821445 ], [ 7.531661807611613, 11.657365611833427 ], [ 7.525785564618957, 11.662380513240805 ], [ 7.525114547163071, 11.662927284612351 ], [ 7.520743945193431, 11.662390170247363 ], [ 7.517511500997102, 11.662576388373907 ], [ 7.515562525672919, 11.664904106955476 ], [ 7.514897024220716, 11.665276540208538 ], [ 7.512710368734986, 11.664578226734079 ], [ 7.508669813989627, 11.667324912600293 ], [ 7.506038138201518, 11.669350003976263 ], [ 7.50406194485879, 11.669176323858267 ], [ 7.498787629275114, 11.669430346030879 ], [ 7.495006756706232, 11.671163176208211 ], [ 7.492988244334754, 11.673945990099014 ], [ 7.488519865298656, 11.675575329206083 ], [ 7.482102511938365, 11.680649491653753 ], [ 7.480486288840211, 11.682977059235213 ], [ 7.461877695196563, 11.690512193355005 ], [ 7.458930468194069, 11.692467280683388 ], [ 7.454367016093443, 11.695632631834087 ], [ 7.450269278309179, 11.698180003564914 ], [ 7.446190833538083, 11.705500847539042 ], [ 7.444004180052332, 11.711086474334252 ], [ 7.437087701352937, 11.717416713635316 ], [ 7.437563059675938, 11.722594836153633 ], [ 7.437028280312575, 11.728471014146237 ], [ 7.434889161859132, 11.734521600257324 ], [ 7.432274685082746, 11.73830314982672 ], [ 7.430670346992656, 11.741968294316962 ], [ 7.427639930933594, 11.744178992819059 ], [ 7.42668921228767, 11.748949387060293 ], [ 7.425263133318708, 11.753603351222466 ], [ 7.420204817881825, 11.759209617031672 ], [ 7.418429840675799, 11.762329321151356 ], [ 7.416409563303091, 11.764888885890457 ], [ 7.413980330652578, 11.767291299522753 ], [ 7.412780193837136, 11.767718341812952 ], [ 7.412894279914667, 11.770510538710084 ], [ 7.411753418139483, 11.774977994745541 ], [ 7.41061255536431, 11.777825960680559 ], [ 7.410156210054254, 11.780283006350032 ], [ 7.407532226271371, 11.785587913954487 ], [ 7.402707003992873, 11.792041752339571 ], [ 7.403253990364533, 11.79770505618751 ], [ 7.402911733131987, 11.801892884032952 ], [ 7.402341299744364, 11.804628896891927 ], [ 7.40393850882964, 11.806192319954221 ], [ 7.405364585798566, 11.807253209675025 ], [ 7.409227738423397, 11.807121764585702 ], [ 7.412555253684275, 11.806016670834822 ], [ 7.41725278587603, 11.803143488882654 ], [ 7.426487665150717, 11.814348739496097 ], [ 7.437670852749136, 11.807986501173275 ], [ 7.447970563747333, 11.807643558940242 ], [ 7.450965328782161, 11.807224786655695 ], [ 7.455671386979702, 11.80359541118969 ], [ 7.46100100960092, 11.803695551257761 ], [ 7.473888565357413, 11.795895416957933 ], [ 7.483897851158247, 11.798887059990591 ], [ 7.486369720837729, 11.800329534970729 ], [ 7.489364484872567, 11.79972462655968 ], [ 7.491978961648954, 11.799491970401618 ], [ 7.494736046522291, 11.798002959389919 ], [ 7.497065308104879, 11.796560472409794 ], [ 7.500440360398102, 11.794559590050312 ], [ 7.505088913556563, 11.795059169389731 ], [ 7.511040875600656, 11.794838783239982 ], [ 7.519894521616266, 11.792002182312672 ], [ 7.520310385898824, 11.808425867471783 ], [ 7.520500001027699, 11.81509999900652 ], [ 7.54235220687525, 11.820343108568977 ], [ 7.548521862067219, 11.820906909952043 ], [ 7.565802285808445, 11.82312893946181 ], [ 7.56933050220573, 11.812375880155628 ], [ 7.569921235607069, 11.814341396491102 ], [ 7.57071121714381, 11.815426431228332 ], [ 7.573680785161514, 11.815183726063424 ], [ 7.574551666753223, 11.815026680956748 ], [ 7.57596947671658, 11.815311289150088 ], [ 7.576881453336227, 11.815714517424055 ], [ 7.580164648567006, 11.817260139474229 ], [ 7.597928510636734, 11.816132931708353 ], [ 7.60084243161657, 11.829900366062702 ], [ 7.617899999206372, 11.836800001750703 ], [ 7.635093083888307, 11.838246093733233 ], [ 7.642522850936473, 11.844965859299009 ], [ 7.644004180942943, 11.86195345084127 ], [ 7.645354197860229, 11.872841300239031 ], [ 7.644829008503393, 11.886553482555826 ], [ 7.642416196864019, 11.890446712201083 ], [ 7.639107700616023, 11.901632108801039 ], [ 7.636679598966225, 11.910170337602381 ], [ 7.635122853908513, 11.911142612263006 ], [ 7.630898946038542, 11.912656940291924 ], [ 7.626293900909673, 11.915563936267063 ], [ 7.622312766204686, 11.920476688605049 ], [ 7.617470039914281, 11.921610387375324 ], [ 7.612359927442185, 11.925156801784965 ], [ 7.607101262869151, 11.926668372812003 ], [ 7.605496923779071, 11.931406516031359 ], [ 7.600303542250458, 11.932313550647621 ], [ 7.595929534278525, 11.931853531335094 ], [ 7.591206430069349, 11.934109836868117 ], [ 7.583600678901632, 11.936260846329617 ], [ 7.577450715722989, 11.939836135758867 ], [ 7.574679161839867, 11.953473048024534 ], [ 7.57291082463837, 11.956542372109993 ], [ 7.571206487480367, 11.962055646856015 ], [ 7.556163573259369, 11.980315475262671 ], [ 7.559134569278058, 11.981361735973564 ], [ 7.560745198372388, 11.978346312924714 ], [ 7.579344076009477, 11.959975935442912 ], [ 7.588924786519101, 11.956538282107203 ], [ 7.594764207486719, 11.957329993645146 ], [ 7.598617861105083, 11.960279754649378 ], [ 7.601986582393977, 11.968622326317757 ], [ 7.604157052868686, 11.971369340184197 ], [ 7.609689273627566, 11.980357219291079 ], [ 7.614898132166786, 11.994021573575367 ], [ 7.614025513573893, 12.00311910975671 ], [ 7.613915777499301, 12.008563357455785 ], [ 7.620232590791261, 12.042208897316357 ], [ 7.631919492731981, 12.04062282423871 ], [ 7.640119063303189, 12.050488941942262 ], [ 7.646380044557247, 12.054737843829173 ], [ 7.646999999978505, 12.056000001686755 ], [ 7.649684647802587, 12.057747566874184 ], [ 7.655040778441787, 12.058672212502415 ], [ 7.666555864265774, 12.060386004666839 ], [ 7.670517899957815, 12.053935877284289 ], [ 7.670993895281185, 12.049956020580169 ], [ 7.673917357267555, 12.050583615006587 ], [ 7.677910375980616, 12.050025753627551 ], [ 7.690925503823792, 12.046530902252982 ], [ 7.708342326657714, 12.042128618261813 ], [ 7.711224175615769, 12.049960906583465 ], [ 7.716639187295016, 12.061683768548619 ], [ 7.728266186195015, 12.060732469902234 ], [ 7.726248048823777, 12.047629576999441 ], [ 7.730607807786043, 12.042834443741413 ] ] ] ] } },
{ "type": "Feature", "properties": { "fid": 358.0, "OBJECTID": 358.0, "lganame": "Batagarawa", "statecode": "KT", "LGA_UID": "20_02" }, "geometry": { "type": "MultiPolygon", "coordinates": [ [ [ [ 7.714030697522674, 13.025293621276262 ], [ 7.717260444717169, 13.017087114700303 ], [ 7.717213199685034, 13.011128165651485 ], [ 7.717706587020302, 13.00888739912898 ], [ 7.717939608178597, 13.007829100409936 ], [ 7.7256914284456, 13.006746355674238 ], [ 7.735471741090862, 13.007566051231208 ], [ 7.739546311859328, 13.00710719291942 ], [ 7.743716313692687, 13.006166385280153 ], [ 7.748325375824322, 13.005419213772484 ], [ 7.75330981321099, 13.004198943943379 ], [ 7.761095372500904, 13.003747456636631 ], [ 7.760083684813537, 12.999347208646839 ], [ 7.758835865965693, 12.99645233467993 ], [ 7.759548905450174, 12.994020614027704 ], [ 7.761688022903627, 12.992920542280274 ], [ 7.759548905450174, 12.989272899801847 ], [ 7.75830108660233, 12.986783209110229 ], [ 7.756763594557697, 12.98456698660442 ], [ 7.756149820140649, 12.983883766140195 ], [ 7.754650960122262, 12.982257468035186 ], [ 7.753474135322676, 12.980429471793173 ], [ 7.7530721330495, 12.976013559792761 ], [ 7.752477933645764, 12.972886799668288 ], [ 7.751491450975493, 12.969766849548421 ], [ 7.75137243489462, 12.967215774815088 ], [ 7.750695336434603, 12.963448380255272 ], [ 7.750517076313486, 12.960553087288076 ], [ 7.74847872892849, 12.952379786734696 ], [ 7.734772890616057, 12.950347660353998 ], [ 7.728754749527013, 12.951231826954711 ], [ 7.72695832730642, 12.957884265474718 ], [ 7.725234376135063, 12.957180171996356 ], [ 7.722434902232976, 12.955961184168075 ], [ 7.720919038202965, 12.955209642657451 ], [ 7.719675780358273, 12.954593255238649 ], [ 7.718665435671767, 12.953825656717129 ], [ 7.717734661039344, 12.952874489070837 ], [ 7.716649991302347, 12.951614361214638 ], [ 7.715269811364635, 12.9499703340976 ], [ 7.712426241432524, 12.946565136783931 ], [ 7.706226599220145, 12.944662671491301 ], [ 7.705092837449854, 12.944359807285537 ], [ 7.699591410711889, 12.947973840741099 ], [ 7.694994778588693, 12.950433248412139 ], [ 7.68717594627617, 12.950878146714444 ], [ 7.684911404737477, 12.946057036438674 ], [ 7.684909380736144, 12.946054934437257 ], [ 7.684083428174915, 12.945197239854508 ], [ 7.683989541111146, 12.943637228794557 ], [ 7.683894362046487, 12.942816315236769 ], [ 7.684151486221197, 12.94055610770107 ], [ 7.684318556334688, 12.939765690164052 ], [ 7.682034186782573, 12.937077141337284 ], [ 7.6848654827063, 12.936195735738409 ], [ 7.686055213514635, 12.934768058768384 ], [ 7.687601863565533, 12.934530112606694 ], [ 7.689148512616441, 12.934530112606694 ], [ 7.68998132418227, 12.934173194364178 ], [ 7.690814135748099, 12.932269625070774 ], [ 7.692717705041503, 12.930960922181612 ], [ 7.686285410671076, 12.926642665247527 ], [ 7.682170664875287, 12.923428248063487 ], [ 7.667409022845447, 12.916936596652704 ], [ 7.672920932590557, 12.907672058357889 ], [ 7.66984211149861, 12.905914436163698 ], [ 7.665948767853251, 12.901812525376613 ], [ 7.663450334155698, 12.900503820487415 ], [ 7.662736495670686, 12.899789983002393 ], [ 7.659762169649753, 12.898243332951552 ], [ 7.656074005143864, 12.89705360214316 ], [ 7.65585893899771, 12.895742473252312 ], [ 7.656491605427561, 12.893180321511466 ], [ 7.655873638007677, 12.891767025551189 ], [ 7.655555617791606, 12.889249966840964 ], [ 7.657418556057394, 12.886229606788788 ], [ 7.657656236218884, 12.884237033434886 ], [ 7.656537557458819, 12.883996070271166 ], [ 7.655719937903257, 12.878731885694435 ], [ 7.653780471585492, 12.877879226115056 ], [ 7.653856528637164, 12.876155360943812 ], [ 7.653152997159168, 12.87491343009998 ], [ 7.653267084236688, 12.873486128130196 ], [ 7.652810738926576, 12.872207111261162 ], [ 7.651936077332323, 12.869741738586015 ], [ 7.650264275196378, 12.868055005439999 ], [ 7.650205769156628, 12.867498787062061 ], [ 7.649588434737211, 12.864245541851631 ], [ 7.648566928043124, 12.862587615725147 ], [ 7.647430757271138, 12.861410662925493 ], [ 7.647706746458653, 12.859132490377533 ], [ 7.662646203609313, 12.8520275805501 ], [ 7.662672592627246, 12.847932399767615 ], [ 7.663432551143615, 12.840549753751475 ], [ 7.664300180733164, 12.832120861024407 ], [ 7.664465298845357, 12.828328637447783 ], [ 7.661839159061003, 12.826489408198142 ], [ 7.658890257057351, 12.824741021010141 ], [ 7.644095237004819, 12.816540761438489 ], [ 7.641747247409455, 12.814805711259567 ], [ 7.640771438746469, 12.813799969576223 ], [ 7.637146913283743, 12.810136355086968 ], [ 7.636904017118752, 12.808459551947692 ], [ 7.636515359854684, 12.807142510052813 ], [ 7.636007825509807, 12.805699092072075 ], [ 7.635048716858137, 12.803037792263865 ], [ 7.633347550702297, 12.801226348033026 ], [ 7.625718030518385, 12.796915350103916 ], [ 7.619588601353712, 12.792447985068577 ], [ 7.607418090084423, 12.779940298570182 ], [ 7.603692678553216, 12.775843789786791 ], [ 7.599389274629232, 12.771389018759976 ], [ 7.593010329295055, 12.763264784239936 ], [ 7.574789330914712, 12.754522781300182 ], [ 7.575346307293159, 12.753228060420497 ], [ 7.5775554877942, 12.746491901843569 ], [ 7.578783127628299, 12.741908791729543 ], [ 7.580102110524535, 12.733942686316993 ], [ 7.581016776145987, 12.720953622491493 ], [ 7.581635005566056, 12.71043306234327 ], [ 7.583263963672835, 12.704521579326695 ], [ 7.57874503060242, 12.702015947624261 ], [ 7.568762481819761, 12.702641977049609 ], [ 7.563750190414169, 12.704066115017213 ], [ 7.559637957620055, 12.701345863168967 ], [ 7.553806054657571, 12.700196146387782 ], [ 7.548443243013821, 12.698493925231219 ], [ 7.543879791913128, 12.69696360419141 ], [ 7.541384155217486, 12.697172285333181 ], [ 7.536464183874614, 12.696824483096918 ], [ 7.533536110885109, 12.696250873707129 ], [ 7.533451335827522, 12.698288065091333 ], [ 7.534297433402401, 12.7032295164488 ], [ 7.524789001941826, 12.708059878730808 ], [ 7.517568646035954, 12.710249268218377 ], [ 7.517660729098509, 12.715992855120874 ], [ 7.517864134236731, 12.71673343062406 ], [ 7.516810447520811, 12.717550290179076 ], [ 7.514528721970464, 12.718871825077031 ], [ 7.516858555553483, 12.722921566828632 ], [ 7.517401964922726, 12.724324030781531 ], [ 7.519676005467829, 12.729318171174839 ], [ 7.520163865799304, 12.73203566702125 ], [ 7.520850499265805, 12.735860315619902 ], [ 7.522848084623092, 12.738500996414132 ], [ 7.523247386894411, 12.742673895249425 ], [ 7.522448783351763, 12.748849659445568 ], [ 7.523968116384083, 12.754034123968154 ], [ 7.522868489636949, 12.758462420976969 ], [ 7.52069009815682, 12.76186708229028 ], [ 7.514790939148611, 12.774614333951433 ], [ 7.516057950009497, 12.777948823217059 ], [ 7.515511563638256, 12.778866010840261 ], [ 7.514762873129541, 12.779665694383596 ], [ 7.514620265032647, 12.780291530808825 ], [ 7.515333304517128, 12.781091210352145 ], [ 7.515618519710927, 12.781508432635633 ], [ 7.515155045396057, 12.782099497037279 ], [ 7.514941133250659, 12.782829633533368 ], [ 7.513515055281744, 12.782794864509754 ], [ 7.513051578966838, 12.783594536053045 ], [ 7.513158535039508, 12.784220364478301 ], [ 7.512980274918391, 12.784915725950725 ], [ 7.512362382498566, 12.786437490984724 ], [ 7.511696805046313, 12.787001801368149 ], [ 7.511304632779854, 12.788496811383936 ], [ 7.511019417586056, 12.789713673210713 ], [ 7.510734202392257, 12.790721925895809 ], [ 7.51076985441648, 12.791904009698953 ], [ 7.510270726077351, 12.793398990714707 ], [ 7.509486382544424, 12.794233395281651 ], [ 7.509522034568647, 12.795380696061216 ], [ 7.509308124423342, 12.796840890053318 ], [ 7.509379427471742, 12.798127243927354 ], [ 7.509308124423342, 12.799587421919455 ], [ 7.509308124423342, 12.801499547218668 ], [ 7.509415079495966, 12.802716347045418 ], [ 7.509236820374895, 12.80403743594303 ], [ 7.514915209233095, 12.807178244077079 ], [ 7.49993340405365, 12.809183788439782 ], [ 7.487954344914442, 12.810898841605081 ], [ 7.475358190355962, 12.813624750457166 ], [ 7.47433981266397, 12.823892640433712 ], [ 7.485819744464095, 12.825283144378488 ], [ 7.483164734660136, 12.835555212357917 ], [ 7.482890750473985, 12.835942480621043 ], [ 7.483668905002673, 12.840890723983136 ], [ 7.485243534072538, 12.845959889427377 ], [ 7.486996422263587, 12.851144814950317 ], [ 7.48782106582388, 12.854840288461219 ], [ 7.485942313547355, 12.855906408185604 ], [ 7.48144065848868, 12.85867580106725 ], [ 7.479358749074152, 12.858470917928059 ], [ 7.475276434300383, 12.857146450028154 ], [ 7.472999597753358, 12.857352121167878 ], [ 7.470006051719395, 12.858777946136684 ], [ 7.465822086876585, 12.859622502710522 ], [ 7.452215723631696, 12.86006398401048 ], [ 7.444390119314562, 12.859774335813654 ], [ 7.435569970321694, 12.860108095040459 ], [ 7.434556119632873, 12.862207365466816 ], [ 7.421840254993015, 12.863250085175252 ], [ 7.412575501698029, 12.863430297297725 ], [ 7.412200000442908, 12.865299999568094 ], [ 7.412799998850574, 12.868799998946145 ], [ 7.412799998850574, 12.873900000411368 ], [ 7.412300001510857, 12.877500000857424 ], [ 7.415983101013353, 12.877837425086682 ], [ 7.420738510244405, 12.879643382313759 ], [ 7.421924514050261, 12.885273242138965 ], [ 7.422870630693126, 12.88734293154522 ], [ 7.420225794896055, 12.890110665425766 ], [ 7.415825952906573, 12.893762058906702 ], [ 7.418842440956155, 12.897484624436004 ], [ 7.421519828775274, 12.902400331775993 ], [ 7.425467999457908, 12.913470369297613 ], [ 7.431320428434333, 12.915671335793036 ], [ 7.43512823502158, 12.916807242564857 ], [ 7.437869055883823, 12.92064519517254 ], [ 7.440369553582798, 12.924316601667101 ], [ 7.441092815074228, 12.925115685210017 ], [ 7.442382377950423, 12.925901161743752 ], [ 7.4459999994084, 12.928100001237738 ], [ 7.448199998903249, 12.928399999441581 ], [ 7.448800001310872, 12.928699999645403 ], [ 7.449499997786518, 12.929400001121053 ], [ 7.450047009158197, 12.92995647849915 ], [ 7.449210507589839, 12.931106663280616 ], [ 7.44844099506696, 12.9334337678618 ], [ 7.450487331457339, 12.934266579427629 ], [ 7.453009560171097, 12.934266579427629 ], [ 7.454865540432138, 12.933933454201281 ], [ 7.45695946485489, 12.933624123991137 ], [ 7.458268168744098, 12.9334337678618 ], [ 7.460028969940424, 12.933493253902213 ], [ 7.463360215203863, 12.933826379128561 ], [ 7.464014566648473, 12.937133829375796 ], [ 7.470475032038053, 12.93604312563474 ], [ 7.472472747395386, 12.935869930517015 ], [ 7.471993378069726, 12.93983681221232 ], [ 7.477776553999092, 12.9514981721357 ], [ 7.480492941844773, 12.954577037227637 ], [ 7.485544859277297, 12.956356393436636 ], [ 7.501810898329325, 12.96204320030057 ], [ 7.51264909269338, 12.967949526313589 ], [ 7.513926820561494, 12.96807468439863 ], [ 7.515258450466263, 12.959421774519399 ], [ 7.518183567453775, 12.960486792243046 ], [ 7.521253388539549, 12.960499482251635 ], [ 7.522871421638968, 12.961070552639683 ], [ 7.524394276673661, 12.962878942868372 ], [ 7.528629717551439, 12.965829474873146 ], [ 7.533674174978898, 12.968494470683879 ], [ 7.546191844484099, 12.973597074150859 ], [ 7.555760850985791, 12.9765627821659 ], [ 7.559206920327199, 12.973455830054888 ], [ 7.560927272496087, 12.971421099672398 ], [ 7.566542816311596, 12.966680939451692 ], [ 7.56943969327989, 12.964116327709121 ], [ 7.574148302479159, 12.961741104095267 ], [ 7.57698402540592, 12.959837728802029 ], [ 7.580827931017666, 12.958231954710982 ], [ 7.586122791615253, 12.955319115731868 ], [ 7.590317634465464, 12.953821007713941 ], [ 7.594684034432248, 12.951199138932509 ], [ 7.596917728949904, 12.952527731835232 ], [ 7.601734904222951, 12.953129254243947 ], [ 7.601799998267211, 12.952500000816372 ], [ 7.605599998849129, 12.952900000088164 ], [ 7.612199999333541, 12.953600000563767 ], [ 7.613134392968391, 12.954015285845969 ], [ 7.614874305150579, 12.955044225545066 ], [ 7.617317054810314, 12.956652468637799 ], [ 7.622093916055974, 12.959982237900192 ], [ 7.626944448351651, 12.963363315197512 ], [ 7.628809447618835, 12.961172708709114 ], [ 7.631790646644447, 12.957761825391572 ], [ 7.635994001500421, 12.963006760955238 ], [ 7.637428675475235, 12.965139498404312 ], [ 7.639255197716238, 12.96764090910392 ], [ 7.640561311603676, 12.969653338471289 ], [ 7.641546123272803, 12.970816362261473 ], [ 7.642049114614565, 12.973143577842734 ], [ 7.653837710624373, 12.974179807546818 ], [ 7.66153632885522, 12.973593491148449 ], [ 7.662605093581419, 12.973660360193833 ], [ 7.666745645394712, 12.974203654562984 ], [ 7.670293553805379, 12.974728641919683 ], [ 7.671303683491715, 12.978929244773838 ], [ 7.671673563743013, 12.980467373818897 ], [ 7.67232429318517, 12.983173366657525 ], [ 7.673448237948833, 12.98740511253277 ], [ 7.676834744249788, 12.996600204780407 ], [ 7.677466307678912, 12.998785686265364 ], [ 7.677056335400323, 13.003614713546426 ], [ 7.676963205337074, 13.007030454867277 ], [ 7.677071930410932, 13.009251627376443 ], [ 7.678544614411578, 13.011385738826505 ], [ 7.680293532599876, 13.013882964523248 ], [ 7.68259553916397, 13.014657696049596 ], [ 7.683591599840724, 13.015201953419421 ], [ 7.684430511410767, 13.01551775063399 ], [ 7.686013003485982, 13.016372261214599 ], [ 7.686279928667318, 13.016910971580614 ], [ 7.686642185913456, 13.017412529921387 ], [ 7.687328568379826, 13.017914086262181 ], [ 7.687767088677788, 13.018601402729189 ], [ 7.688518968188646, 13.019132341089914 ], [ 7.687210013299307, 13.01976026951661 ], [ 7.687036262181266, 13.023326969940001 ], [ 7.687046954188531, 13.024130170485705 ], [ 7.689626951941477, 13.024042815426355 ], [ 7.689882920115394, 13.023567963103744 ], [ 7.690396037464041, 13.022518738390829 ], [ 7.69056259957722, 13.022251048208943 ], [ 7.690924957823427, 13.022032725060626 ], [ 7.691454424183178, 13.021550884733244 ], [ 7.693215771379926, 13.02029575188044 ], [ 7.707544622115677, 13.035128542958603 ], [ 7.711370676715319, 13.038526573267404 ], [ 7.715097674247659, 13.039719913078216 ], [ 7.72659883006213, 13.036735792050649 ], [ 7.720018966591454, 13.029504349137198 ], [ 7.714030697522674, 13.025293621276262 ] ] ] ] } },
{ "type": "Feature", "properties": { "fid": 367.0, "OBJECTID": 367.0, "lganame": "Kafur", "statecode": "KT", "LGA_UID": "20_17" }, "geometry": { "type": "MultiPolygon", "coordinates": [ [ [ [ 7.765302378359365, 11.857677301935837 ], [ 7.775131302037664, 11.846669017456179 ], [ 7.788864482368751, 11.839425446534563 ], [ 7.791406631095981, 11.837657562333334 ], [ 7.806473736333373, 11.831967440467167 ], [ 7.809866651638742, 11.830882600730092 ], [ 7.811427578699295, 11.829093245514287 ], [ 7.815158574234317, 11.830730314626635 ], [ 7.818299462368429, 11.833052669204562 ], [ 7.82109770826969, 11.83499430852379 ], [ 7.822373099136257, 11.835622486950626 ], [ 7.823857883145081, 11.834156738954675 ], [ 7.826256379774748, 11.832957491139894 ], [ 7.828540662326816, 11.832862312075179 ], [ 7.831567337383319, 11.832367383738926 ], [ 7.832956942327485, 11.831491743143943 ], [ 7.834232333194052, 11.830768386652494 ], [ 7.838794236293666, 11.827194436224147 ], [ 7.840139821207913, 11.826990992085939 ], [ 7.842749633981157, 11.827468757410543 ], [ 7.846963021843976, 11.828012955780309 ], [ 7.853000920946442, 11.824344345287614 ], [ 7.855323080524215, 11.817255320470963 ], [ 7.855532134666248, 11.810936788177855 ], [ 7.854975180287852, 11.801902478039437 ], [ 7.857506040007422, 11.794943217310959 ], [ 7.85932946524639, 11.777216009266169 ], [ 7.860582529097769, 11.767992781999396 ], [ 7.86084667527723, 11.761995856924784 ], [ 7.867620546879778, 11.756411261130324 ], [ 7.869403144090938, 11.750012105782389 ], [ 7.869046625848739, 11.745532608738756 ], [ 7.867501705799043, 11.743263745197169 ], [ 7.869180595939781, 11.738556602998926 ], [ 7.870878862093662, 11.733795056763654 ], [ 7.875345138128296, 11.72127225025497 ], [ 7.876846462148364, 11.718098262098408 ], [ 7.877274620439266, 11.712337407184179 ], [ 7.877844715826598, 11.711256027449451 ], [ 7.880554264667637, 11.70930107212115 ], [ 7.882550774024139, 11.708393409504424 ], [ 7.886591846769875, 11.707753589069682 ], [ 7.888326392948443, 11.707206461697979 ], [ 7.892296159645696, 11.702260991337766 ], [ 7.893602881533525, 11.700154490906471 ], [ 7.894957656454039, 11.698339102673003 ], [ 7.896597646568353, 11.69666334953439 ], [ 7.896098520229202, 11.694359172968802 ], [ 7.894459538115598, 11.692672017822474 ], [ 7.892391723710602, 11.692462544680154 ], [ 7.891607381177721, 11.691066054731323 ], [ 7.893531578485124, 11.68709739703479 ], [ 7.895315185696973, 11.683300000454665 ], [ 7.894442998104353, 11.678982099520852 ], [ 7.896598654569061, 11.67563437124619 ], [ 7.897668214295777, 11.674517112487081 ], [ 7.896883870762849, 11.673050702490741 ], [ 7.891892597371509, 11.667534138742496 ], [ 7.892890852049732, 11.664740900844606 ], [ 7.900948193524357, 11.661528641662017 ], [ 7.90230297044485, 11.653218496015654 ], [ 7.901046952591457, 11.649646960588996 ], [ 7.897026478859743, 11.64888874207378 ], [ 7.895671703939229, 11.650913958449848 ], [ 7.893361443369486, 11.653467312184716 ], [ 7.891725562257989, 11.654954475195211 ], [ 7.889197384540239, 11.655103191296234 ], [ 7.885156136794365, 11.653944163508754 ], [ 7.881761570487924, 11.653616028285796 ], [ 7.878935958568036, 11.654359609791015 ], [ 7.875263857073037, 11.656350093143431 ], [ 7.873646301973963, 11.657567239970433 ], [ 7.87268987532417, 11.658523666620283 ], [ 7.871620365597437, 11.658895014872598 ], [ 7.870905279111582, 11.659267249125492 ], [ 7.869864264404271, 11.658374949519214 ], [ 7.868957112787882, 11.657064622628923 ], [ 7.867895245066393, 11.655390685491568 ], [ 7.867187370585441, 11.654210893689935 ], [ 7.865997639777106, 11.652723730679497 ], [ 7.865848923676026, 11.651385283770082 ], [ 7.866776641306387, 11.649964900805003 ], [ 7.865997639777106, 11.648857107052322 ], [ 7.863126170826035, 11.649043967179296 ], [ 7.860589065102204, 11.64954002651632 ], [ 7.857818243219583, 11.649749403658575 ], [ 7.855884929905983, 11.649451971456472 ], [ 7.853802903491328, 11.648262240648137 ], [ 7.852464455581924, 11.646477645435596 ], [ 7.851572158975671, 11.645585347829297 ], [ 7.847808488418423, 11.644444157053897 ], [ 7.844855958412325, 11.641844808287772 ], [ 7.843838908721295, 11.639785410888521 ], [ 7.843244045317078, 11.637852098574911 ], [ 7.842054313508697, 11.635472637958173 ], [ 7.841162015902455, 11.632944461240413 ], [ 7.839674853892006, 11.632200878735205 ], [ 7.835659513163762, 11.631903446533101 ], [ 7.832387752940747, 11.631903446533101 ], [ 7.831910031616133, 11.63226173777656 ], [ 7.831198024132391, 11.63279574513939 ], [ 7.83043838461623, 11.634558955337411 ], [ 7.828212504103874, 11.63588547123868 ], [ 7.820166792637167, 11.634908946575194 ], [ 7.816623824229907, 11.637554666372807 ], [ 7.814393079714193, 11.638149531777003 ], [ 7.813377366024099, 11.637743246500975 ], [ 7.810823889289111, 11.636364935564472 ], [ 7.807917247314208, 11.634522825312843 ], [ 7.805023952348336, 11.634431624250851 ], [ 7.801260855791497, 11.63261428201605 ], [ 7.797885570498124, 11.630564999623687 ], [ 7.796973117878167, 11.628508222226174 ], [ 7.796993271891836, 11.626698375996511 ], [ 7.796547121588731, 11.625359929087097 ], [ 7.793275363365694, 11.62550864518812 ], [ 7.791594143223392, 11.627118733282089 ], [ 7.789762934979194, 11.628467727198711 ], [ 7.786823964982318, 11.629824339120432 ], [ 7.783757519898813, 11.629375268815295 ], [ 7.779246970834095, 11.630092376302571 ], [ 7.766854121413701, 11.628626163306308 ], [ 7.75815504250312, 11.623737293984561 ], [ 7.745534249927857, 11.619407080042379 ], [ 7.739544721858294, 11.616753045239136 ], [ 7.736461717763518, 11.6085534666679 ], [ 7.728215732160777, 11.605367879503433 ], [ 7.72198313292597, 11.603416163177315 ], [ 7.721491625592023, 11.59971775866444 ], [ 7.718140342314996, 11.599647910616966 ], [ 7.715027943200255, 11.598239093659743 ], [ 7.710589094184286, 11.5974012620905 ], [ 7.706871185658144, 11.595021801473763 ], [ 7.704876690302967, 11.59248709775153 ], [ 7.704956242357014, 11.591295541941918 ], [ 7.705306817595215, 11.586044485374089 ], [ 7.706823683625885, 11.582183833750946 ], [ 7.709270576288418, 11.578316167123035 ], [ 7.711164944575557, 11.575869275460491 ], [ 7.713192939953444, 11.573236465671641 ], [ 7.716868408450807, 11.571671165608109 ], [ 7.71853993158652, 11.569013018802025 ], [ 7.717030800561133, 11.563915506338503 ], [ 7.716876703456421, 11.563394991984808 ], [ 7.71120349760173, 11.549004337207066 ], [ 7.700275288176556, 11.539562742791929 ], [ 7.697987018621745, 11.53537979494979 ], [ 7.679604869131936, 11.523740264041294 ], [ 7.680797475942256, 11.520350630738221 ], [ 7.681742822584567, 11.517886723064066 ], [ 7.682296549960824, 11.516548971155146 ], [ 7.682047968791949, 11.514459791735646 ], [ 7.682642170195663, 11.51067520216418 ], [ 7.680050861435006, 11.506551758362491 ], [ 7.679354413961789, 11.492178887596822 ], [ 7.675170904119284, 11.483252130531525 ], [ 7.682778251288141, 11.475756932438856 ], [ 7.686267728659061, 11.47104043823424 ], [ 7.687400396428643, 11.469605723259406 ], [ 7.689476205839071, 11.466146038908732 ], [ 7.692107179626703, 11.460534659096083 ], [ 7.693414417514873, 11.455759331851425 ], [ 7.69396738689062, 11.453977134640525 ], [ 7.693115563311835, 11.435183939871422 ], [ 7.693061753275288, 11.433996750064807 ], [ 7.695207600733283, 11.431490146361682 ], [ 7.689489768848262, 11.429204058808409 ], [ 7.688739342338408, 11.428869667581182 ], [ 7.688172617953342, 11.42864587542914 ], [ 7.680062352442803, 11.422721968404119 ], [ 7.667769911090659, 11.40551408171217 ], [ 7.644691327409873, 11.401763025163518 ], [ 7.644618917360674, 11.401757771159907 ], [ 7.64169002837059, 11.4037214964942 ], [ 7.634603937555937, 11.417586155914591 ], [ 7.632915801408956, 11.416479379162581 ], [ 7.625001066031246, 11.413543852168004 ], [ 7.614234174715648, 11.407532918083859 ], [ 7.609314204372765, 11.403828441566873 ], [ 7.605197492575655, 11.399112722362759 ], [ 7.602719057891647, 11.394536315253276 ], [ 7.598939950323938, 11.391251066021084 ], [ 7.588318909107443, 11.391321265068825 ], [ 7.587322390430359, 11.401673837102919 ], [ 7.587587653610569, 11.414365721726426 ], [ 7.571361309585541, 11.414262940656613 ], [ 7.56396228755824, 11.414645296916376 ], [ 7.55211092950583, 11.419662143325127 ], [ 7.544525663351976, 11.422910219532014 ], [ 7.541611591372032, 11.428176860110455 ], [ 7.539702371074782, 11.431805708576064 ], [ 7.53777716476668, 11.433972270048173 ], [ 7.532714587326893, 11.43620870256774 ], [ 7.52479985194924, 11.435859261330279 ], [ 7.518667714782737, 11.435300153950379 ], [ 7.513924186559734, 11.434416080349706 ], [ 7.508620976956422, 11.428937974627615 ], [ 7.506799999719192, 11.426600002039038 ], [ 7.497520934414467, 11.425577859344571 ], [ 7.48176276870754, 11.427534796674195 ], [ 7.477718976959977, 11.428274319176694 ], [ 7.497999999739989, 11.446100000288368 ], [ 7.503725450630157, 11.46413505254236 ], [ 7.507228414010228, 11.490318282332623 ], [ 7.531051358196805, 11.498172533669219 ], [ 7.539294042797337, 11.501634197021247 ], [ 7.547647780473312, 11.509947766669939 ], [ 7.555381165727795, 11.511444940687227 ], [ 7.559369901437947, 11.510596461110708 ], [ 7.563351461143213, 11.50883249891217 ], [ 7.567991090295664, 11.503918552573396 ], [ 7.570220424810373, 11.501214031735799 ], [ 7.582703869292288, 11.496624950617729 ], [ 7.584472096493698, 11.49620713733384 ], [ 7.584005500176659, 11.508425392635559 ], [ 7.582174355932523, 11.519745331326931 ], [ 7.586345974766914, 11.531820259531287 ], [ 7.586404797806892, 11.532971327313362 ], [ 7.586183983656838, 11.533433893627659 ], [ 7.583772539018412, 11.534573534402 ], [ 7.579809309325583, 11.53634004560223 ], [ 7.576073554787286, 11.541679556230179 ], [ 7.578015195106559, 11.547076173896926 ], [ 7.576005026740745, 11.560958901329627 ], [ 7.584761089690062, 11.573681707974174 ], [ 7.587041530239503, 11.572464291146957 ], [ 7.592359623852929, 11.570334892700146 ], [ 7.593430360580442, 11.568720067602953 ], [ 7.594739085469655, 11.565278539264625 ], [ 7.597862127591611, 11.563642659153118 ], [ 7.59860570909683, 11.562155496142623 ], [ 7.601728752218776, 11.560519617031161 ], [ 7.603513347431317, 11.559478602323793 ], [ 7.606463829436052, 11.559753706510719 ], [ 7.609164568271069, 11.560222183829069 ], [ 7.611841461089909, 11.558883736919654 ], [ 7.614462440870739, 11.559032454020667 ], [ 7.616154234020257, 11.55680170850502 ], [ 7.61897984394011, 11.556058126999744 ], [ 7.62165673775894, 11.555909409898732 ], [ 7.621817896868436, 11.557433900934541 ], [ 7.622102887062056, 11.558288871515458 ], [ 7.622995184668355, 11.557991439313355 ], [ 7.623887483274586, 11.558140155414378 ], [ 7.626713093194496, 11.559627318424873 ], [ 7.628348972305957, 11.558437587616481 ], [ 7.630728432922695, 11.555611978696618 ], [ 7.633405326741524, 11.552935083877799 ], [ 7.634297625347813, 11.553529950281984 ], [ 7.635226123978669, 11.556493272295427 ], [ 7.636732867002422, 11.559199785134354 ], [ 7.637734809683195, 11.561322641576737 ], [ 7.638660106311931, 11.563109981791172 ], [ 7.63935397978338, 11.564237524557257 ], [ 7.643518035612658, 11.569888744397019 ], [ 7.641236702062599, 11.571346296387333 ], [ 7.633921381092193, 11.578719395397059 ], [ 7.634990938818873, 11.58119916108194 ], [ 7.634099640213265, 11.581897681556541 ], [ 7.632352694026338, 11.583609052719339 ], [ 7.632248515955553, 11.585953496312243 ], [ 7.632958778438137, 11.587869970614406 ], [ 7.63228139097788, 11.588114447780526 ], [ 7.631532699469176, 11.589860705967055 ], [ 7.630356184669779, 11.59045443137046 ], [ 7.628665051520727, 11.590786312595924 ], [ 7.627439557688092, 11.592136775513495 ], [ 7.62602324972579, 11.593697502573946 ], [ 7.623582312067242, 11.594470774099364 ], [ 7.62326144484922, 11.596182068262124 ], [ 7.62269101446168, 11.5973694900689 ], [ 7.621692758783411, 11.599255385350261 ], [ 7.620623200056684, 11.600547565228226 ], [ 7.619517989305734, 11.601595274940109 ], [ 7.618234519433713, 11.605122534336715 ], [ 7.617807016143217, 11.607218271760701 ], [ 7.617022351610103, 11.609837116540064 ], [ 7.617877999191421, 11.610256186824813 ], [ 7.61937538120884, 11.610221264801055 ], [ 7.619884773554929, 11.610665896103171 ], [ 7.619304077160393, 11.612176918129819 ], [ 7.61937538120884, 11.614481776695868 ], [ 7.6200381706592, 11.615722270538754 ], [ 7.620368420883551, 11.61879690362781 ], [ 7.619893061560617, 11.621590603525988 ], [ 7.615995114912096, 11.624477397487453 ], [ 7.613907567493754, 11.62680327006774 ], [ 7.610127161925107, 11.626629008949351 ], [ 7.604822151320604, 11.627467098518821 ], [ 7.600486873375019, 11.628193441012343 ], [ 7.596722025816973, 11.630093095303039 ], [ 7.592843093181386, 11.633389524542793 ], [ 7.589762763088459, 11.635233272795574 ], [ 7.585142268949085, 11.635680240099248 ], [ 7.580704390933704, 11.636265474496895 ], [ 7.574004983381769, 11.63374991378771 ], [ 7.572217250167114, 11.632466452915651 ], [ 7.57076416517981, 11.630119760321179 ], [ 7.568029329321632, 11.627467098518821 ], [ 7.564150395686056, 11.624896949772506 ], [ 7.559529901546682, 11.621153430228958 ], [ 7.557015745838385, 11.61878711562116 ], [ 7.552922943057524, 11.619353784006194 ], [ 7.550698458546094, 11.625348103079034 ], [ 7.551330964975875, 11.626328871745443 ], [ 7.551506017094823, 11.626869091112496 ], [ 7.551696161224015, 11.629057427599378 ], [ 7.551696161224015, 11.630244710406089 ], [ 7.552123982514672, 11.633620287699614 ], [ 7.552270751614401, 11.636130801405386 ], [ 7.554053350825598, 11.644627688178616 ], [ 7.553459150421872, 11.647479325116194 ], [ 7.546651348796274, 11.651831223073088 ], [ 7.544096411060309, 11.653888824471153 ], [ 7.541244255122422, 11.655676569685795 ], [ 7.539625041022248, 11.656318450121944 ], [ 7.531661807611613, 11.657365611833427 ], [ 7.535077516932404, 11.65939814821445 ], [ 7.536028235578385, 11.660300150827311 ], [ 7.537169753353965, 11.661630248731058 ], [ 7.535786871414359, 11.663013129670674 ], [ 7.535399999151537, 11.663400001933496 ], [ 7.535399999151537, 11.664000001341208 ], [ 7.535500002219464, 11.664200000477081 ], [ 7.535500002219464, 11.665100001088604 ], [ 7.535599999287399, 11.665800000564218 ], [ 7.535800000423308, 11.666200000836 ], [ 7.533140368616216, 11.670240742581484 ], [ 7.529165917915748, 11.668167041172524 ], [ 7.527651990887136, 11.669069691785808 ], [ 7.525661420534618, 11.670432774711969 ], [ 7.524000000405749, 11.671500001437096 ], [ 7.522033703069781, 11.671925039725863 ], [ 7.5330415895491, 11.678349325090892 ], [ 7.543780550845725, 11.691531478047523 ], [ 7.543958029966291, 11.696055176121206 ], [ 7.54418445512016, 11.697751655273862 ], [ 7.54639446162173, 11.705452843506464 ], [ 7.548999999392095, 11.72830000103005 ], [ 7.55041593035412, 11.740371654232149 ], [ 7.564045610614869, 11.735909225200146 ], [ 7.575441332357741, 11.725514924137713 ], [ 7.580698327929611, 11.714271476498311 ], [ 7.581570031521892, 11.707751917068549 ], [ 7.586107557604919, 11.698273547628446 ], [ 7.590042843278752, 11.691551711061265 ], [ 7.599451258671365, 11.69514045749969 ], [ 7.609905996774842, 11.699023135137793 ], [ 7.616941316555028, 11.703584845237231 ], [ 7.622699998467795, 11.705200002334664 ], [ 7.630523798783656, 11.706258796054044 ], [ 7.653238600217321, 11.709953910564707 ], [ 7.665702100685678, 11.740532736341606 ], [ 7.677083910419071, 11.750739470276585 ], [ 7.679027966739966, 11.768016471015471 ], [ 7.677738524863855, 11.773787945936931 ], [ 7.671486071615618, 11.782947546160472 ], [ 7.669550864300732, 11.786196440367917 ], [ 7.680840650971618, 11.794630549098486 ], [ 7.687659769604863, 11.79766867716279 ], [ 7.694396377182102, 11.802519571458731 ], [ 7.692482819881945, 11.812864718487788 ], [ 7.686287645672564, 11.815451395245304 ], [ 7.681996958757281, 11.817438949595726 ], [ 7.679900003332477, 11.822799999238327 ], [ 7.6788141925947, 11.825945663375649 ], [ 7.686694315948898, 11.834231155005284 ], [ 7.712827924705437, 11.839699944721076 ], [ 7.710724459276264, 11.85058649311793 ], [ 7.710919705408912, 11.851342563631647 ], [ 7.711122817546936, 11.852129092166081 ], [ 7.721521772612505, 11.850768760241806 ], [ 7.736923419077243, 11.849721995530558 ], [ 7.743198163340594, 11.849024151056426 ], [ 7.747690310392841, 11.850768760241806 ], [ 7.751255506815198, 11.849442858340922 ], [ 7.757387643981701, 11.847768026202914 ], [ 7.759669368532002, 11.848116950439987 ], [ 7.765302378359365, 11.857677301935837 ] ] ] ] } },
{ "type": "Feature", "properties": { "fid": 372.0, "OBJECTID": 372.0, "lganame": "Musawa", "statecode": "KT", "LGA_UID": "20_29" }, "geometry": { "type": "MultiPolygon", "coordinates": [ [ [ [ 7.8306596687666, 12.2666980698462 ], [ 7.833074064407072, 12.259962507269734 ], [ 7.842512381819972, 12.248279592331698 ], [ 7.847100000937019, 12.244499999763661 ], [ 7.850213205052285, 12.242286970260011 ], [ 7.852922753893324, 12.240614586123684 ], [ 7.85464195806145, 12.239264632206471 ], [ 7.857366365912526, 12.234997073306886 ], [ 7.856808816533714, 12.23225250744207 ], [ 7.859280686213253, 12.232345420505169 ], [ 7.863154865845559, 12.232580026664607 ], [ 7.865864414686541, 12.229165440344559 ], [ 7.867522965813464, 12.226572259582611 ], [ 7.870784385029424, 12.223729883651345 ], [ 7.870758477011861, 12.21994706708108 ], [ 7.86957007820439, 12.21595157236635 ], [ 7.868328260360613, 12.214145002138878 ], [ 7.864402684693403, 12.209685190108644 ], [ 7.864187280547014, 12.207271498468629 ], [ 7.864262612598225, 12.201518517559748 ], [ 7.862884070661551, 12.197151041592292 ], [ 7.860980096367882, 12.193307289980623 ], [ 7.861648135821781, 12.189205769193848 ], [ 7.860174521820568, 12.182561293679214 ], [ 7.859509019368375, 12.178797566121943 ], [ 7.855508461650174, 12.176767368742503 ], [ 7.855837958874076, 12.172790502040414 ], [ 7.859628634449621, 12.169506959809439 ], [ 7.859977481686656, 12.162917498332206 ], [ 7.858542121711423, 12.159337129899484 ], [ 7.85432014884276, 12.156666589084978 ], [ 7.854221736775912, 12.155142349049356 ], [ 7.856598535390845, 12.150774110081329 ], [ 7.855267528486479, 12.15012351563928 ], [ 7.855200238440773, 12.147097219583031 ], [ 7.857125443748828, 12.14514540325689 ], [ 7.859478473347622, 12.144378614735899 ], [ 7.862785222594425, 12.141035855464622 ], [ 7.865468002417231, 12.139986962751948 ], [ 7.864839188989947, 12.1349436863253 ], [ 7.863186276866884, 12.131970270304976 ], [ 7.863217137887887, 12.121608742264812 ], [ 7.864211385563408, 12.118330583037448 ], [ 7.866323648998616, 12.117400184405312 ], [ 7.869603630227175, 12.115517866126368 ], [ 7.870887100099253, 12.114332696321071 ], [ 7.871317662391789, 12.112837165304938 ], [ 7.869817541372527, 12.109661681147372 ], [ 7.869175805936493, 12.107082130394701 ], [ 7.867615860876583, 12.10422380745257 ], [ 7.867321903676839, 12.10136519851028 ], [ 7.869461022130281, 12.096345353099537 ], [ 7.86899999881706, 12.095499999525146 ], [ 7.867179295579945, 12.094741772009968 ], [ 7.867036688483097, 12.093068458873063 ], [ 7.869817541372527, 12.090209858930791 ], [ 7.869936381453272, 12.086398344341035 ], [ 7.868225087290512, 12.082633257782845 ], [ 7.872362167101471, 12.075682072059806 ], [ 7.875642147330097, 12.065083492858605 ], [ 7.875736921394491, 12.061599994491701 ], [ 7.877709959735057, 12.050161099719503 ], [ 7.879790755148861, 12.044340710764857 ], [ 7.869865845405343, 12.027516022333259 ], [ 7.86557850049229, 12.021391929172239 ], [ 7.834502287377461, 12.023175396383976 ], [ 7.805884722933172, 12.018527975226277 ], [ 7.7933324644045, 12.013080535525035 ], [ 7.771361743476461, 12.0112050752507 ], [ 7.736855178030851, 12.008888146676497 ], [ 7.737417936413237, 12.020527178584643 ], [ 7.730607806786054, 12.042834443741413 ], [ 7.726248048823777, 12.047629576999441 ], [ 7.728266186195015, 12.060732469902234 ], [ 7.716639186295026, 12.061683768548619 ], [ 7.711224175615769, 12.049960906583465 ], [ 7.708342326657714, 12.042128618261813 ], [ 7.690925502823802, 12.046530902252982 ], [ 7.677910374980627, 12.050025753627551 ], [ 7.673917356267566, 12.050583615006587 ], [ 7.670993895281185, 12.049956020580169 ], [ 7.670517899957815, 12.053935877284289 ], [ 7.666555864265774, 12.060386004666839 ], [ 7.655040778441787, 12.058672212502415 ], [ 7.649684646802598, 12.057747566874184 ], [ 7.646999999978505, 12.056000001686755 ], [ 7.646380044557247, 12.054737843829173 ], [ 7.640119063303189, 12.050488941942262 ], [ 7.631919491731992, 12.04062282423871 ], [ 7.620232590791261, 12.042208897316357 ], [ 7.613915777499301, 12.008563357455785 ], [ 7.614025513573893, 12.00311910975671 ], [ 7.614898131166797, 11.994021573575367 ], [ 7.609689272627577, 11.980357219291079 ], [ 7.604157051868697, 11.971369340184197 ], [ 7.601986581393987, 11.968622326317757 ], [ 7.598617861105083, 11.960279754649378 ], [ 7.594764207486719, 11.957329993645146 ], [ 7.588924786519101, 11.956538282107203 ], [ 7.579344076009477, 11.959975935442912 ], [ 7.560745197372398, 11.978346312924714 ], [ 7.559134569278058, 11.981361735973564 ], [ 7.556163572259379, 11.980315475262671 ], [ 7.571206487480367, 11.962055646856015 ], [ 7.554030398810028, 11.959554229156424 ], [ 7.544607872407823, 11.961325640359973 ], [ 7.535490527213028, 11.963685392963328 ], [ 7.516565568354395, 11.961768116660608 ], [ 7.514970008270325, 11.962647175257928 ], [ 7.510606681305603, 11.974554073348088 ], [ 7.523880377324474, 11.990509388188968 ], [ 7.536353290799241, 12.014158681257584 ], [ 7.547384675294552, 12.021504382248622 ], [ 7.558332052732794, 12.017349488425566 ], [ 7.560268084048232, 12.020025018243473 ], [ 7.562645939663867, 12.02118523003179 ], [ 7.564337024812858, 12.031132770790634 ], [ 7.560215329012351, 12.032795618920488 ], [ 7.552111620506309, 12.041517744846772 ], [ 7.540975682939916, 12.048530795611782 ], [ 7.532842775413997, 12.044696147006334 ], [ 7.526033250787236, 12.040477197139751 ], [ 7.521541103735046, 12.036920673723273 ], [ 7.513017340943577, 12.032109832454523 ], [ 7.512878059848902, 12.032130898468836 ], [ 7.509199999349846, 12.046700001367867 ], [ 7.514067155656846, 12.0496399143654 ], [ 7.510909879511644, 12.070623688622902 ], [ 7.494307688231231, 12.08554528676143 ], [ 7.496715624867306, 12.08952649546643 ], [ 7.5252120502293, 12.107424116627044 ], [ 7.533615361938928, 12.107404371613654 ], [ 7.542377062892115, 12.105754248492417 ], [ 7.545048772707389, 12.107168736453502 ], [ 7.552062511472911, 12.114585084492603 ], [ 7.562435962521192, 12.122878930127854 ], [ 7.57417576749782, 12.133034663028184 ], [ 7.577900000028251, 12.133499999344394 ], [ 7.583556183871394, 12.133868154594495 ], [ 7.585967791509972, 12.133919447629353 ], [ 7.587244973377722, 12.134035460708219 ], [ 7.590420373535267, 12.134295714885013 ], [ 7.592984467277461, 12.134252650855785 ], [ 7.597056392044124, 12.134667506137646 ], [ 7.599884497965718, 12.134842066256226 ], [ 7.602646618842414, 12.134983528352393 ], [ 7.604414957043957, 12.135150833466071 ], [ 7.605860049025807, 12.135243779529219 ], [ 7.609035451183331, 12.135448264668128 ], [ 7.615681333698944, 12.13586948195433 ], [ 7.623216567818758, 12.136548817415928 ], [ 7.636429509796301, 12.144550209852468 ], [ 7.65127188088104, 12.147959724169084 ], [ 7.656779007622845, 12.147026146534756 ], [ 7.669199999062357, 12.146400001109328 ], [ 7.669700000402088, 12.148899998807963 ], [ 7.670499998945616, 12.151399999506566 ], [ 7.671000000285346, 12.154199999409059 ], [ 7.671386633548025, 12.158162672101525 ], [ 7.671200000421265, 12.159200001806312 ], [ 7.671926976915188, 12.165287570942553 ], [ 7.690504400537691, 12.162311218920252 ], [ 7.710798945326871, 12.16708066716086 ], [ 7.718442025520005, 12.171917924447541 ], [ 7.722292192135967, 12.178588601979982 ], [ 7.729684007158369, 12.179452415566914 ], [ 7.729699294168768, 12.183786362511626 ], [ 7.735296650971918, 12.183681816440583 ], [ 7.736294905650198, 12.182984835966977 ], [ 7.735546215141483, 12.181834816185642 ], [ 7.735297634972596, 12.179873744853182 ], [ 7.748845388177642, 12.188392184641032 ], [ 7.755923316986753, 12.191373398666656 ], [ 7.775116573027674, 12.20663380603537 ], [ 7.781274854211915, 12.207119325365227 ], [ 7.793378440435731, 12.205856358507106 ], [ 7.795205652677282, 12.20799815696239 ], [ 7.798420756861788, 12.218167869872218 ], [ 7.776998105306063, 12.229702202709234 ], [ 7.778548222359291, 12.246658674230389 ], [ 7.783442855684996, 12.249051120855938 ], [ 7.794965402514038, 12.251413514461092 ], [ 7.79877621510326, 12.259573399005319 ], [ 7.798873696169494, 12.263999143012427 ], [ 7.805206087472072, 12.264700674489063 ], [ 7.810128518816668, 12.263562484715749 ], [ 7.814087895506873, 12.264220340162694 ], [ 7.820406961800359, 12.265946417335499 ], [ 7.829540939006449, 12.266787863907211 ], [ 7.8306596687666, 12.2666980698462 ] ] ] ] } },
{ "type": "Feature", "properties": { "fid": 373.0, "OBJECTID": 373.0, "lganame": "Kusada", "statecode": "KT", "LGA_UID": "20_23" }, "geometry": { "type": "MultiPolygon", "coordinates": [ [ [ [ 7.962494316342031, 12.577220264831453 ], [ 7.973793128019054, 12.575536263687241 ], [ 7.983992726949225, 12.57705051471612 ], [ 7.989011167358967, 12.562365520738354 ], [ 7.999294321345928, 12.558086445830895 ], [ 8.004608364956539, 12.554890019659069 ], [ 8.007448636886409, 12.552140847791179 ], [ 8.012246414146261, 12.553975967038014 ], [ 8.016858486279943, 12.555238452895821 ], [ 8.026522435846118, 12.557639161526993 ], [ 8.027306779379046, 12.562232600648031 ], [ 8.026601621899943, 12.573543327333141 ], [ 8.033589486647884, 12.573890030568691 ], [ 8.036902119898627, 12.573726291457433 ], [ 8.042818539918585, 12.571338550835094 ], [ 8.04437033397295, 12.561511576158125 ], [ 8.043493257377008, 12.558423927060232 ], [ 8.032586524966405, 12.546478356943737 ], [ 8.044773616246971, 12.539236043022925 ], [ 8.060816465147298, 12.538835819751 ], [ 8.067195679481699, 12.536757090338597 ], [ 8.06716882846348, 12.535808123693869 ], [ 8.066847960245411, 12.532432305400107 ], [ 8.066384484930552, 12.53083138531241 ], [ 8.065279274179602, 12.529822104626646 ], [ 8.063960151283311, 12.530100526815772 ], [ 8.062819288508138, 12.530413752028608 ], [ 8.061607121684517, 12.530100526815772 ], [ 8.0608396961631, 12.528999276067566 ], [ 8.062034945975199, 12.527177074829467 ], [ 8.062391465217445, 12.523940356630249 ], [ 8.057860807139093, 12.519045846304664 ], [ 8.056865412462741, 12.517049144947975 ], [ 8.057400190826115, 12.512942173157512 ], [ 8.058861920819311, 12.506990429113557 ], [ 8.057899318165255, 12.502396005991898 ], [ 8.058648009673959, 12.49821918715395 ], [ 8.058782311765185, 12.494547606659239 ], [ 8.05814888233482, 12.49177979177864 ], [ 8.057186278680774, 12.489795730430558 ], [ 8.056330632099389, 12.488751480721078 ], [ 8.054441077815568, 12.487985695200734 ], [ 8.053371520088831, 12.487637609964224 ], [ 8.052974566819103, 12.486973171512773 ], [ 8.053692387306853, 12.483947880457265 ], [ 8.054334122742887, 12.481546045825326 ], [ 8.051909789095646, 12.479248619264297 ], [ 8.048952179086086, 12.477664723188127 ], [ 8.048469829758346, 12.476642980493921 ], [ 8.047615612177935, 12.472890910944557 ], [ 8.047809814309915, 12.469675785760046 ], [ 8.048126911525344, 12.468178149742471 ], [ 8.047916770382585, 12.467621932364523 ], [ 8.045064613444652, 12.466995328938765 ], [ 8.044815049275087, 12.465742119087281 ], [ 8.045207220541556, 12.464837019472327 ], [ 8.050412407078227, 12.45884935640396 ], [ 8.051148150578172, 12.456753960980279 ], [ 8.051695877950294, 12.455194027920356 ], [ 8.049663715569523, 12.455507344133252 ], [ 8.048487200770182, 12.453140059524799 ], [ 8.048237636600618, 12.448683937497037 ], [ 8.04645504038939, 12.445515865344476 ], [ 8.045599392808015, 12.442800344499403 ], [ 8.044708094202463, 12.439806275465116 ], [ 8.043323038261349, 12.434730093016071 ], [ 8.04352827740081, 12.421273868873186 ], [ 8.047943132400519, 12.412637168004949 ], [ 8.033571198635457, 12.404365113384472 ], [ 8.030248358377719, 12.395402801295006 ], [ 8.030248310377715, 12.395402799295027 ], [ 8.013044724688655, 12.394712782826161 ], [ 8.002419379469245, 12.393601694071265 ], [ 8.001277235693237, 12.39217401710124 ], [ 8.001498986843899, 12.39080329616985 ], [ 8.000741866329463, 12.389651795387465 ], [ 7.999278490335143, 12.388842771837801 ], [ 7.998992955141148, 12.386653668350391 ], [ 7.998843571039629, 12.384095649612334 ], [ 7.997133493877755, 12.382949490833596 ], [ 7.995471351748392, 12.381894746116927 ], [ 7.993377426325651, 12.381323674728947 ], [ 7.992615998808333, 12.380467069146903 ], [ 7.989189576480214, 12.375803324978108 ], [ 7.987626017417824, 12.374770629276441 ], [ 7.987286006186821, 12.372757615908711 ], [ 7.986143864410792, 12.372852794973369 ], [ 7.983764403794055, 12.371901010326667 ], [ 7.982527083953357, 12.372472079714669 ], [ 7.982812620147399, 12.374946720396053 ], [ 7.981194585048001, 12.375327433654775 ], [ 7.980528335595295, 12.374946720396053 ], [ 7.980718692724622, 12.372852794973369 ], [ 7.979291016754587, 12.372186544520673 ], [ 7.975785371372694, 12.371152951818374 ], [ 7.973618379900302, 12.369480587682119 ], [ 7.972438169098439, 12.368569764063238 ], [ 7.971493782456776, 12.365473906959721 ], [ 7.969106924834989, 12.3630494143124 ], [ 7.968059961123629, 12.362763880118393 ], [ 7.967769682926416, 12.364505547301803 ], [ 7.967012998412258, 12.365904768252506 ], [ 7.965299787248227, 12.36447709228247 ], [ 7.962634790437505, 12.364952982605814 ], [ 7.961683004790814, 12.364572270347139 ], [ 7.959969794626772, 12.363144593377115 ], [ 7.95682890649266, 12.361716917407023 ], [ 7.955781941781311, 12.359527811919634 ], [ 7.953523031246448, 12.35818094900452 ], [ 7.95187962612988, 12.358861563466974 ], [ 7.950356770095141, 12.358766385402305 ], [ 7.944876814371753, 12.349234276925699 ], [ 7.933693566773286, 12.344440125668257 ], [ 7.922605117239186, 12.336709739415824 ], [ 7.918561890492015, 12.335848346830574 ], [ 7.902729067734356, 12.332475204538696 ], [ 7.894673250260837, 12.338528602651706 ], [ 7.864613793836838, 12.338499879632138 ], [ 7.857888945267632, 12.337822056171603 ], [ 7.858403559617273, 12.334898359185104 ], [ 7.857204311802434, 12.331471934857007 ], [ 7.857204311802434, 12.328502367839349 ], [ 7.855833741871209, 12.325532799821644 ], [ 7.854934306260077, 12.323255656274455 ], [ 7.855041382332843, 12.319293852582575 ], [ 7.851650650029001, 12.317973252685306 ], [ 7.848545452919154, 12.317259414200294 ], [ 7.844904878445561, 12.317045263054752 ], [ 7.839410701712495, 12.319246263550212 ], [ 7.836983652063452, 12.32005528109994 ], [ 7.832415086959315, 12.321292600940637 ], [ 7.82994044827791, 12.332095354280568 ], [ 7.830570428705983, 12.336237885095272 ], [ 7.820377371780239, 12.340442792952274 ], [ 7.808299639573988, 12.347859971991909 ], [ 7.80782406025088, 12.348152033190331 ], [ 7.805131835421605, 12.350075088496965 ], [ 7.802902961907193, 12.353555801861944 ], [ 7.80177016113754, 12.353794318024029 ], [ 7.796984588885948, 12.354616659582746 ], [ 7.794174921976946, 12.357906026817716 ], [ 7.797205403036003, 12.359865751149243 ], [ 7.798613255992564, 12.363078698332288 ], [ 7.798302763781578, 12.372478051718758 ], [ 7.836869172985644, 12.376516308462556 ], [ 7.841506184136279, 12.354024608180509 ], [ 7.845402241783461, 12.354897473773576 ], [ 7.845638606944078, 12.354991644837526 ], [ 7.845905697125545, 12.355098056909867 ], [ 7.861046447413003, 12.361130321008488 ], [ 7.862366529309895, 12.363426136568364 ], [ 7.865976538762766, 12.369704472834201 ], [ 7.875246049060934, 12.373883357673549 ], [ 7.878536030296345, 12.373159851181981 ], [ 7.883145378428139, 12.386387327169416 ], [ 7.880962253944858, 12.39044556992684 ], [ 7.880890481896074, 12.390578988017467 ], [ 7.878569268318927, 12.390604378034709 ], [ 7.864789597956303, 12.384935696183106 ], [ 7.858936335979251, 12.394077248394353 ], [ 7.858997839021072, 12.394239831504819 ], [ 7.859773175547843, 12.396289427897443 ], [ 7.860734677201151, 12.398831148624424 ], [ 7.866085086836506, 12.401626795523953 ], [ 7.872862097441157, 12.405167857929939 ], [ 7.872952107502329, 12.405272252000827 ], [ 7.877603433662671, 12.410666815666218 ], [ 7.876822946132393, 12.414588057330491 ], [ 7.876843119146088, 12.414662571381143 ], [ 7.877966173909158, 12.418810936199748 ], [ 7.87896467058755, 12.422499202705751 ], [ 7.87902750663028, 12.42374481055208 ], [ 7.879515766962015, 12.425189402533647 ], [ 7.87844589123506, 12.426423114371858 ], [ 7.873464872850718, 12.432166897274499 ], [ 7.873346105769997, 12.432303852367568 ], [ 7.878180371054668, 12.443743215140046 ], [ 7.878237941093801, 12.443879444232607 ], [ 7.877668441706817, 12.444767072835702 ], [ 7.877609620666874, 12.444858751898039 ], [ 7.877608113665872, 12.444861100899629 ], [ 7.87749766159078, 12.44490401192877 ], [ 7.870293739696081, 12.447702778830376 ], [ 7.869905499432264, 12.447726427846476 ], [ 7.860370882953987, 12.448307217241108 ], [ 7.858185065468831, 12.450006840395929 ], [ 7.853977628610039, 12.453278409618804 ], [ 7.853953529593696, 12.45329714863152 ], [ 7.849199936363846, 12.453413191710354 ], [ 7.849550183601821, 12.474870312289454 ], [ 7.853462185259843, 12.479689189563658 ], [ 7.873153652639246, 12.493308477817322 ], [ 7.885115530766768, 12.493395678876595 ], [ 7.891616590183958, 12.497364174572965 ], [ 7.888468938045264, 12.502398485993581 ], [ 7.898968605179277, 12.511019402851048 ], [ 7.906277975145656, 12.517560771295621 ], [ 7.904599998005551, 12.518199998729926 ], [ 7.903700002394089, 12.518700000069657 ], [ 7.903299998122293, 12.518800002137596 ], [ 7.902183059363381, 12.519244303439507 ], [ 7.901351179798155, 12.520543659322357 ], [ 7.900923355507473, 12.521239739795305 ], [ 7.899982960868499, 12.523787989526738 ], [ 7.911658001801129, 12.530621206169599 ], [ 7.926551082920298, 12.533035720810119 ], [ 7.938515463049555, 12.538626718608953 ], [ 7.936308496549998, 12.546083577675518 ], [ 7.940316735273427, 12.550690007805372 ], [ 7.943463176411285, 12.55839206603855 ], [ 7.938081748754826, 12.564343093082016 ], [ 7.931750448453045, 12.568294005766461 ], [ 7.931681577406209, 12.572796357825609 ], [ 7.932717578110157, 12.577634295112773 ], [ 7.945746919962971, 12.591832182759561 ], [ 7.94954979554683, 12.593977832217433 ], [ 7.954442774871382, 12.595169429027067 ], [ 7.962144753104553, 12.588640347590854 ], [ 7.956264248108994, 12.580639723154832 ], [ 7.962494316342031, 12.577220264831453 ] ] ] ] } },
{ "type": "Feature", "properties": { "fid": 378.0, "OBJECTID": 378.0, "lganame": "Matazu", "statecode": "KT", "LGA_UID": "20_28" }, "geometry": { "type": "MultiPolygon", "coordinates": [ [ [ [ 7.586095670596876, 12.347973804069227 ], [ 7.588858462474036, 12.347046378439131 ], [ 7.593089161348587, 12.34923120392358 ], [ 7.597973478667257, 12.347559499787735 ], [ 7.600112597120699, 12.347594327811407 ], [ 7.59972042485424, 12.349579474160237 ], [ 7.60021955219338, 12.351042205154101 ], [ 7.602608233816341, 12.350902897059427 ], [ 7.605602997851179, 12.348569489474016 ], [ 7.607500740140608, 12.346265054908258 ], [ 7.609132542249313, 12.343031915711492 ], [ 7.610095144903369, 12.342683637474806 ], [ 7.613779181406471, 12.345289913245665 ], [ 7.614967580213943, 12.346218646876707 ], [ 7.619838032523205, 12.346440188027202 ], [ 7.62079158217108, 12.34895296073455 ], [ 7.624722792842192, 12.348736932587769 ], [ 7.625306648238848, 12.348598512493709 ], [ 7.627921125015291, 12.347263467586629 ], [ 7.631159511215628, 12.343925830318824 ], [ 7.635200065960987, 12.340791313189072 ], [ 7.637339184414429, 12.339427206262258 ], [ 7.640755829735838, 12.338730637788956 ], [ 7.645836234187755, 12.338817708848126 ], [ 7.649627225763538, 12.340773899177236 ], [ 7.652054229412613, 12.344335725597318 ], [ 7.65695409574181, 12.342532731372273 ], [ 7.663133768940611, 12.338991866966467 ], [ 7.668137217340245, 12.337944464254804 ], [ 7.668956921897177, 12.337772869138178 ], [ 7.674304715530752, 12.336844105507168 ], [ 7.67763223179162, 12.334870472166131 ], [ 7.678755394554798, 12.333730351391466 ], [ 7.679824954281514, 12.332221085366029 ], [ 7.679349593958534, 12.328970329157301 ], [ 7.679230753877789, 12.32502292947521 ], [ 7.680237403561705, 12.324406414056341 ], [ 7.682677110219402, 12.323107257173604 ], [ 7.686777086005122, 12.321133519832529 ], [ 7.689926342144929, 12.320320800280342 ], [ 7.698007452635636, 12.31405116502043 ], [ 7.699836374878316, 12.313286069500577 ], [ 7.703588201427522, 12.311545159317689 ], [ 7.708821879983532, 12.309116623667649 ], [ 7.714959934154081, 12.304608797604772 ], [ 7.716920792486349, 12.303041309539708 ], [ 7.718507328564328, 12.302672555289178 ], [ 7.721711861741653, 12.302782299363741 ], [ 7.727200440470938, 12.302751033342474 ], [ 7.732055073769402, 12.302556444210268 ], [ 7.735340089001397, 12.303202461649221 ], [ 7.743422082492771, 12.305189346999214 ], [ 7.747325996145264, 12.305749472379773 ], [ 7.750972774623108, 12.306061419591742 ], [ 7.756238986201254, 12.307955541878698 ], [ 7.759685341542877, 12.30743305252372 ], [ 7.759804181623622, 12.304820594748662 ], [ 7.764538612840454, 12.304163267302044 ], [ 7.772817147465332, 12.303136996604735 ], [ 7.77430264547462, 12.300524495829677 ], [ 7.774599744676493, 12.296460554068403 ], [ 7.776679443089563, 12.293615757135512 ], [ 7.778527014344888, 12.291875557953119 ], [ 7.779947539310058, 12.28780995419072 ], [ 7.78068973381437, 12.28513703337461 ], [ 7.786569439809341, 12.274182183931316 ], [ 7.78989515306904, 12.269455709719921 ], [ 7.798873696169494, 12.263999143012427 ], [ 7.79877621510326, 12.259573399005319 ], [ 7.794965402514038, 12.251413514461092 ], [ 7.783442855684996, 12.249051120855938 ], [ 7.778548222359291, 12.246658674230389 ], [ 7.776998105306063, 12.229702202709234 ], [ 7.798420756861788, 12.218167869872218 ], [ 7.795205652677282, 12.20799815696239 ], [ 7.793378440435731, 12.205856358507106 ], [ 7.781274854211915, 12.207119325365227 ], [ 7.775116573027674, 12.20663380603537 ], [ 7.755923316986753, 12.191373398666656 ], [ 7.748845388177642, 12.188392184641032 ], [ 7.735297634972596, 12.179873744853182 ], [ 7.735546215141483, 12.181834816185642 ], [ 7.736294905650198, 12.182984835966977 ], [ 7.735296650971918, 12.183681816440583 ], [ 7.729699294168768, 12.183786362511626 ], [ 7.729684007158369, 12.179452415566914 ], [ 7.722292192135967, 12.178588601979982 ], [ 7.718442025520005, 12.171917924447541 ], [ 7.710798945326871, 12.16708066716086 ], [ 7.690504400537691, 12.162311218920252 ], [ 7.671926976915188, 12.165287570942553 ], [ 7.671200000421265, 12.159200001806312 ], [ 7.671386633548025, 12.158162672101525 ], [ 7.671000000285346, 12.154199999409059 ], [ 7.670499998945616, 12.151399999506566 ], [ 7.669700000402088, 12.148899998807963 ], [ 7.669199999062357, 12.146400001109328 ], [ 7.656779007622845, 12.147026146534756 ], [ 7.65127188088104, 12.147959724169084 ], [ 7.636429509796301, 12.144550209852468 ], [ 7.623216567818758, 12.136548817415928 ], [ 7.615681333698944, 12.13586948195433 ], [ 7.609035451183331, 12.135448264668128 ], [ 7.605860049025807, 12.135243779529219 ], [ 7.604414957043957, 12.135150833466071 ], [ 7.602646618842414, 12.134983528352393 ], [ 7.599884497965718, 12.134842066256226 ], [ 7.597056392044124, 12.134667506137646 ], [ 7.592984467277461, 12.134252650855785 ], [ 7.590420373535267, 12.134295714885013 ], [ 7.587244973377722, 12.134035460708219 ], [ 7.585967791509972, 12.133919447629353 ], [ 7.583556183871394, 12.133868154594495 ], [ 7.577900000028251, 12.133499999344394 ], [ 7.57417576749782, 12.133034663028184 ], [ 7.562435962521192, 12.122878930127854 ], [ 7.552062511472911, 12.114585084492603 ], [ 7.545048772707389, 12.107168736453502 ], [ 7.542377062892115, 12.105754248492417 ], [ 7.533615361938928, 12.107404371613654 ], [ 7.5252120502293, 12.107424116627044 ], [ 7.527679542905844, 12.112699396211326 ], [ 7.529652021246022, 12.117965809789609 ], [ 7.534593050603235, 12.122195634663569 ], [ 7.534424541488761, 12.130009990973065 ], [ 7.53829827612077, 12.157366650560675 ], [ 7.541287786151997, 12.178791427117801 ], [ 7.537293007437711, 12.179230398416053 ], [ 7.530897830092499, 12.179355633501132 ], [ 7.528961179776672, 12.183540700344679 ], [ 7.530748531991094, 12.186763511534423 ], [ 7.531318963378624, 12.191391355678832 ], [ 7.528809064673283, 12.193621614194171 ], [ 7.530406272758512, 12.199531706209825 ], [ 7.531147834262356, 12.208731116460399 ], [ 7.533343395754173, 12.20944134894296 ], [ 7.533885904122769, 12.212466541998424 ], [ 7.532459826153797, 12.21681518095312 ], [ 7.530349229719775, 12.220383242377466 ], [ 7.529944697444876, 12.223736172655606 ], [ 7.534741550704155, 12.226348486430538 ], [ 7.537137363331965, 12.230696897385087 ], [ 7.539533174959843, 12.235323973528978 ], [ 7.540103606347429, 12.240787165240988 ], [ 7.542556461013987, 12.245637045536228 ], [ 7.541130382045026, 12.249148972922399 ], [ 7.538487756249538, 12.248921211767652 ], [ 7.537935966874613, 12.251044280210181 ], [ 7.53970430407611, 12.254723364709946 ], [ 7.543243193480578, 12.257265167436969 ], [ 7.541679423418088, 12.263553424709585 ], [ 7.54215478174109, 12.268546883102374 ], [ 7.544400855267156, 12.269545563780923 ], [ 7.545113894751637, 12.27121776391715 ], [ 7.541563897339586, 12.275816455041706 ], [ 7.540041422305137, 12.278759356041292 ], [ 7.538755962431765, 12.280286944079194 ], [ 7.536414546840888, 12.284829402165599 ], [ 7.532635709273336, 12.287137974734151 ], [ 7.529461967116902, 12.292026614055771 ], [ 7.528298054326058, 12.297704467913604 ], [ 7.523948245370605, 12.307913649850263 ], [ 7.52480389195199, 12.311982058614547 ], [ 7.526168452879119, 12.316858427927798 ], [ 7.525064082128779, 12.319037661408515 ], [ 7.519251973179678, 12.321456126051714 ], [ 7.51739807092008, 12.322988675093029 ], [ 7.516970246629398, 12.330929917488731 ], [ 7.515829384854214, 12.335527368612475 ], [ 7.516399816241801, 12.339497830310222 ], [ 7.516742431474597, 12.341241848495201 ], [ 7.517184158774739, 12.342562707392688 ], [ 7.515725927783933, 12.366645604755888 ], [ 7.552769499953286, 12.358011367889276 ], [ 7.56687308653602, 12.354998499842225 ], [ 7.580211437598791, 12.352625476229832 ], [ 7.586095670596876, 12.347973804069227 ] ] ] ] } },
{ "type": "Feature", "properties": { "fid": 385.0, "OBJECTID": 385.0, "lganame": "Charanchi", "statecode": "KT", "LGA_UID": "20_06" }, "geometry": { "type": "MultiPolygon", "coordinates": [ [ [ [ 7.746943786885595, 12.715927319076343 ], [ 7.750023434978061, 12.706491592665259 ], [ 7.750509972308635, 12.70561944607266 ], [ 7.75194145328129, 12.704260353149209 ], [ 7.754574388070239, 12.702520872967341 ], [ 7.768988580864004, 12.704392507238992 ], [ 7.77338800285321, 12.703364865540777 ], [ 7.774863554855756, 12.701574961324638 ], [ 7.778731631483936, 12.697952591863384 ], [ 7.781060892066535, 12.694057202216641 ], [ 7.787906067717529, 12.694984680846858 ], [ 7.788149903883209, 12.708508183035406 ], [ 7.796765825737339, 12.708591933092293 ], [ 7.798429846867919, 12.707980406676825 ], [ 7.798701385052425, 12.707493122345738 ], [ 7.799917885878983, 12.706679320792773 ], [ 7.807775762218057, 12.702462932927972 ], [ 7.810111265804892, 12.697730231712285 ], [ 7.815193297257906, 12.696743940042154 ], [ 7.816966455462705, 12.696206748677184 ], [ 7.816826284367437, 12.6932929786974 ], [ 7.814987088117789, 12.684403064657147 ], [ 7.805911142951118, 12.687414422703171 ], [ 7.793110869253951, 12.689182812904733 ], [ 7.784910917682453, 12.690272620645203 ], [ 7.781900471637016, 12.689510664127511 ], [ 7.781155964131131, 12.68844588140405 ], [ 7.779539742033023, 12.685431484355888 ], [ 7.777726816801191, 12.68313387179478 ], [ 7.779796323207336, 12.676836617516074 ], [ 7.778306082194774, 12.67490084920081 ], [ 7.77321972673883, 12.673011800917266 ], [ 7.770199998687076, 12.673261216086757 ], [ 7.759346820312885, 12.677326147848703 ], [ 7.759404495352044, 12.676618445367865 ], [ 7.75877195692226, 12.676300188151572 ], [ 7.759146981177082, 12.674601591997487 ], [ 7.759389117341584, 12.67351452225887 ], [ 7.759812278629113, 12.671614732968067 ], [ 7.759689498545697, 12.666978400817868 ], [ 7.760100668825089, 12.665935246109086 ], [ 7.760297688958929, 12.6653441867075 ], [ 7.76028934795329, 12.665113391550676 ], [ 7.761314765650013, 12.664640437229366 ], [ 7.761543843805612, 12.662960219087722 ], [ 7.765186964280986, 12.661715753242163 ], [ 7.772973080571262, 12.662185223561153 ], [ 7.774455984578822, 12.663891522720519 ], [ 7.775293556147915, 12.666499412492442 ], [ 7.777387480570667, 12.667013375841634 ], [ 7.782560348085383, 12.665117875553733 ], [ 7.783152007487388, 12.66302878213429 ], [ 7.784361875309401, 12.662380365693707 ], [ 7.791539868186533, 12.658097049783407 ], [ 7.796295478417733, 12.648024350939522 ], [ 7.798604133986373, 12.640946877130659 ], [ 7.799598510662008, 12.635118012170267 ], [ 7.800406302210831, 12.627899631265677 ], [ 7.800271305119111, 12.624867357205403 ], [ 7.782524117060746, 12.608266719926064 ], [ 7.77107266628002, 12.607669860520502 ], [ 7.772213528055204, 12.606834843953152 ], [ 7.772441701210198, 12.605498812045369 ], [ 7.772898045520265, 12.604385446288916 ], [ 7.773810736140433, 12.603216407494585 ], [ 7.773525519946645, 12.601435004284212 ], [ 7.774095952334221, 12.600377289565529 ], [ 7.775065684993081, 12.599263901809081 ], [ 7.776434719923316, 12.598428858241675 ], [ 7.777233324465897, 12.597204122409551 ], [ 7.776796496169084, 12.595770902435731 ], [ 7.770798917093998, 12.595041313939987 ], [ 7.762944181757121, 12.59490263984577 ], [ 7.754166928793381, 12.597925217899501 ], [ 7.747930467555989, 12.612460306775404 ], [ 7.741500001186807, 12.611800000326753 ], [ 7.739000000488147, 12.61140000105496 ], [ 7.736000001449781, 12.611000000783179 ], [ 7.731199998188401, 12.610199999239626 ], [ 7.72729999853857, 12.609599999831971 ], [ 7.72529999917964, 12.610100001171702 ], [ 7.722791248475062, 12.610595976508648 ], [ 7.721500001597747, 12.610399999375488 ], [ 7.718699998695286, 12.609799999967834 ], [ 7.71620000199664, 12.608899999356311 ], [ 7.714600000909513, 12.608500000084575 ], [ 7.71292346377038, 12.598603909360634 ], [ 7.710955095432951, 12.598924144578234 ], [ 7.709565633488864, 12.597006500275256 ], [ 7.709482445432343, 12.595301601116887 ], [ 7.709482445432343, 12.593190756682645 ], [ 7.70881694198016, 12.590917522138113 ], [ 7.708900130036682, 12.58831951337288 ], [ 7.709648820545397, 12.587020499490222 ], [ 7.709648820545397, 12.583772936283651 ], [ 7.710147947884536, 12.582798658621698 ], [ 7.710690918253476, 12.57928003923098 ], [ 7.712976336806321, 12.57963223247026 ], [ 7.71588791378457, 12.57963223247026 ], [ 7.719539130265389, 12.577989248353958 ], [ 7.722734434436461, 12.577820691239424 ], [ 7.725459922288337, 12.57858211075677 ], [ 7.724655124741503, 12.57568712178977 ], [ 7.724206704436824, 12.571918980229498 ], [ 7.723374824871598, 12.568346446802082 ], [ 7.723042073645502, 12.565423428816075 ], [ 7.723790765154206, 12.563231144326494 ], [ 7.726619154075934, 12.5603892653956 ], [ 7.727201469471595, 12.558440529071504 ], [ 7.731086109111061, 12.555226441887669 ], [ 7.735353884010806, 12.551213840161324 ], [ 7.738431836102109, 12.549346235892358 ], [ 7.738526033166124, 12.546540707986139 ], [ 7.741343413080415, 12.545773390464774 ], [ 7.742035344550516, 12.541370777473389 ], [ 7.737275660316527, 12.52941470434979 ], [ 7.737816599684095, 12.524583647067345 ], [ 7.756887280641706, 12.522847810887924 ], [ 7.75084144253384, 12.506662797890954 ], [ 7.733386014673727, 12.513806683744917 ], [ 7.71937881515646, 12.503059112442429 ], [ 7.71543631947776, 12.498587528404187 ], [ 7.720120906660725, 12.485359556416427 ], [ 7.723533301979273, 12.47398408168732 ], [ 7.728923878641922, 12.470558720359918 ], [ 7.734099999158843, 12.465500000922759 ], [ 7.734900000702396, 12.463000000224156 ], [ 7.73570000024597, 12.460799999729375 ], [ 7.736056864488432, 12.459750874016493 ], [ 7.73601618946077, 12.459653651950475 ], [ 7.733972196071988, 12.454768047630921 ], [ 7.728496055351229, 12.448501642373174 ], [ 7.71725962971658, 12.43431825473624 ], [ 7.712827378705072, 12.42556869379132 ], [ 7.706673072523529, 12.404930090768346 ], [ 7.705839093956854, 12.402699598252866 ], [ 7.699489620642737, 12.377304664998178 ], [ 7.689310665726566, 12.379507344494812 ], [ 7.684034177141484, 12.381387779772467 ], [ 7.68218027488183, 12.38354678323941 ], [ 7.680896804009762, 12.386123632990291 ], [ 7.675905529618433, 12.393087966722192 ], [ 7.67880198558646, 12.396129215788562 ], [ 7.680418207684568, 12.397893463987316 ], [ 7.681273855265943, 12.398961291712851 ], [ 7.682367182008818, 12.401979043763276 ], [ 7.681760551596653, 12.405326822037921 ], [ 7.681507943425004, 12.409477969858415 ], [ 7.680244606566646, 12.412931156204706 ], [ 7.667709444049592, 12.416261479467494 ], [ 7.66355578122733, 12.41807585870032 ], [ 7.658294788652768, 12.41961350374504 ], [ 7.657358367016514, 12.420457540318523 ], [ 7.655759368930035, 12.424645392163995 ], [ 7.653551229429752, 12.426358604328016 ], [ 7.648811343209218, 12.428452528750768 ], [ 7.641442826202649, 12.424538874091638 ], [ 7.637403142457856, 12.430305428009717 ], [ 7.632425013075476, 12.435557496578269 ], [ 7.635335328052861, 12.451333577297362 ], [ 7.631591103508867, 12.456119448549146 ], [ 7.639514085892131, 12.461483453193694 ], [ 7.639156013648858, 12.462833566111044 ], [ 7.635988368496612, 12.470267444162005 ], [ 7.637784142716725, 12.476762783575282 ], [ 7.63873178336064, 12.484430791785371 ], [ 7.639161361652498, 12.486412192131638 ], [ 7.64021801237044, 12.487654333975627 ], [ 7.631057410146241, 12.500764279883185 ], [ 7.63351936681903, 12.51618098335814 ], [ 7.634366564394668, 12.516343532468568 ], [ 7.642621058003215, 12.522580144706069 ], [ 7.64275647809518, 12.523044232021391 ], [ 7.643901222873012, 12.526967288686933 ], [ 7.64323978342361, 12.541552853597125 ], [ 7.63448988847847, 12.548802917523176 ], [ 7.630292106626257, 12.549680105119194 ], [ 7.621730652809163, 12.549793626196333 ], [ 7.615152747339778, 12.562504711832901 ], [ 7.615451384542666, 12.566221250358126 ], [ 7.615907729852722, 12.567891545493012 ], [ 7.617950389240661, 12.571041329633147 ], [ 7.617706352074833, 12.574811253194639 ], [ 7.618189455403069, 12.576632578432168 ], [ 7.616934505550375, 12.579193589172235 ], [ 7.618750582784344, 12.583511035105744 ], [ 7.620813439185952, 12.58431553265234 ], [ 7.620870483224678, 12.587544532846323 ], [ 7.622353604232387, 12.589771405359329 ], [ 7.624178984472678, 12.592387956137202 ], [ 7.627658615836935, 12.600014770319262 ], [ 7.6295980821547, 12.600849808886608 ], [ 7.631715577593411, 12.603495694684341 ], [ 7.634617877565404, 12.604635284458652 ], [ 7.636870518095975, 12.606510590732853 ], [ 7.635986913495628, 12.608699041219779 ], [ 7.626871803302322, 12.615600462909015 ], [ 7.626061407751706, 12.616214038325893 ], [ 7.624863501937796, 12.617772677384892 ], [ 7.623342426904287, 12.618158013646735 ], [ 7.623149818773413, 12.618206807679883 ], [ 7.619273941139909, 12.618977671203652 ], [ 7.617937374231815, 12.619243497384275 ], [ 7.613652339320311, 12.618938605177107 ], [ 7.611111547593964, 12.62006551494278 ], [ 7.610183784963567, 12.621035807602027 ], [ 7.608707382960461, 12.624569679003173 ], [ 7.603840543653632, 12.629240883177033 ], [ 7.598982370352758, 12.628164377445557 ], [ 7.596928816957472, 12.628832334899414 ], [ 7.594712102451297, 12.631357991615459 ], [ 7.591082471985146, 12.633077542783838 ], [ 7.590197727384009, 12.634788214946184 ], [ 7.588511661238385, 12.636634473200616 ], [ 7.58774914172028, 12.640058656527174 ], [ 7.586489923864747, 12.642302446051701 ], [ 7.584436371469451, 12.642135464938292 ], [ 7.582609148227903, 12.642738030347687 ], [ 7.582328944037556, 12.646366716813191 ], [ 7.580997937133191, 12.647016075254442 ], [ 7.578111560172033, 12.646748971072952 ], [ 7.57700491842013, 12.648036489947742 ], [ 7.57505594409588, 12.648639461357448 ], [ 7.574342904611399, 12.64785095982171 ], [ 7.573059434739321, 12.646552247939269 ], [ 7.570954440309094, 12.645672140341276 ], [ 7.569797555523053, 12.646041484592217 ], [ 7.569393005248173, 12.646170640679998 ], [ 7.567592801025, 12.647804577790168 ], [ 7.567640337057298, 12.650587509681031 ], [ 7.568115696380289, 12.652721071130713 ], [ 7.566547718314951, 12.654600653407783 ], [ 7.563019842917925, 12.658416664000583 ], [ 7.562032261246884, 12.664992386468498 ], [ 7.563770911428207, 12.668295524712789 ], [ 7.561948936190277, 12.670641333306662 ], [ 7.55350314745175, 12.672052175265264 ], [ 7.552206999571069, 12.675918960892545 ], [ 7.548167248826246, 12.677282440818999 ], [ 7.545911202293382, 12.679789558522486 ], [ 7.542284662829331, 12.686289837939114 ], [ 7.536152525662828, 12.69074184296403 ], [ 7.533536110885109, 12.696250873707129 ], [ 7.536464183874614, 12.696824483096918 ], [ 7.541384155217486, 12.697172285333181 ], [ 7.543879791913128, 12.69696360419141 ], [ 7.548443243013821, 12.698493925231219 ], [ 7.553806054657571, 12.700196146387782 ], [ 7.559637957620055, 12.701345863168967 ], [ 7.563750190414169, 12.704066115017213 ], [ 7.568762481819761, 12.702641977049609 ], [ 7.57874503060242, 12.702015947624261 ], [ 7.583263963672835, 12.704521579326695 ], [ 7.581635005566056, 12.71043306234327 ], [ 7.581016776145987, 12.720953622491493 ], [ 7.583321121711663, 12.723136884974906 ], [ 7.584699664648326, 12.725733520739198 ], [ 7.586628831959104, 12.726981596587223 ], [ 7.58698504120116, 12.727648660040472 ], [ 7.586866512120594, 12.728256714453607 ], [ 7.587312161423426, 12.728807330827749 ], [ 7.588797660432704, 12.72924202812311 ], [ 7.590337267478787, 12.729540777326065 ], [ 7.590898325860053, 12.729857457541243 ], [ 7.591887495532148, 12.729734683457821 ], [ 7.592900001220073, 12.730792143176302 ], [ 7.593787204822888, 12.731015761328251 ], [ 7.595096171712271, 12.73144447961954 ], [ 7.596892062932511, 12.732536364361408 ], [ 7.59800774869052, 12.73271957548593 ], [ 7.599255567538364, 12.733009368682815 ], [ 7.600290927241872, 12.733711173159691 ], [ 7.601335264951445, 12.73382078923413 ], [ 7.602196853536839, 12.733588955076641 ], [ 7.603286606277265, 12.734469535674918 ], [ 7.604246841929694, 12.734284455549187 ], [ 7.605494659777548, 12.734023643371984 ], [ 7.606356249362989, 12.73448730968704 ], [ 7.606934311755708, 12.735166889148729 ], [ 7.607544648170403, 12.735211788179242 ], [ 7.608109136553992, 12.734835059923284 ], [ 7.609178696280708, 12.735675453494309 ], [ 7.61054535520924, 12.735762389553372 ], [ 7.611050423552456, 12.735501579376148 ], [ 7.611644622956135, 12.735965242691179 ], [ 7.612002859199549, 12.736525712072023 ], [ 7.613070701925096, 12.736631759144075 ], [ 7.613664901328832, 12.736631759144075 ], [ 7.614268441738943, 12.737260766571467 ], [ 7.615239529398707, 12.737008485400054 ], [ 7.615596048640953, 12.737298272596945 ], [ 7.616071407963943, 12.737095422459106 ], [ 7.617289516791629, 12.7374141886757 ], [ 7.619874283547858, 12.739645549191778 ], [ 7.621658118759854, 12.740393227699826 ], [ 7.623231509828884, 12.741094473176247 ], [ 7.624598167757483, 12.741616083530687 ], [ 7.626202506847562, 12.742746237298547 ], [ 7.630075117478839, 12.744953837798505 ], [ 7.652548551748453, 12.743480179797245 ], [ 7.655396283683388, 12.742060169832428 ], [ 7.666004139890902, 12.728832897845109 ], [ 7.668778462775947, 12.728743439784296 ], [ 7.671054008322074, 12.728422709566416 ], [ 7.680151227503188, 12.716371611378236 ], [ 7.682020777773459, 12.715794815986328 ], [ 7.694560305293464, 12.719010874171488 ], [ 7.706871644658463, 12.727580531994192 ], [ 7.710428472075137, 12.735109919110073 ], [ 7.72520521211527, 12.74685952109337 ], [ 7.732921852358345, 12.734111897431944 ], [ 7.733950045056929, 12.72409681462716 ], [ 7.746943786885595, 12.715927319076343 ] ] ] ] } },
{ "type": "Feature", "properties": { "fid": 387.0, "OBJECTID": 387.0, "lganame": "Rimi", "statecode": "KT", "LGA_UID": "20_30" }, "geometry": { "type": "MultiPolygon", "coordinates": [ [ [ [ 7.824779007770985, 13.086252334694791 ], [ 7.832057111716097, 13.084731324661334 ], [ 7.837955631723844, 13.084762465682502 ], [ 7.842489603804495, 13.082246968973379 ], [ 7.8408999997244, 13.078499999427493 ], [ 7.8390999995014, 13.074200000505812 ], [ 7.83659999780275, 13.070500000991842 ], [ 7.83370000083238, 13.067899998225244 ], [ 7.831599999405512, 13.06179999908062 ], [ 7.830499998658127, 13.054099998848812 ], [ 7.820960999176805, 13.04578018219587 ], [ 7.813963810422536, 13.039537459954261 ], [ 7.810417175012788, 13.036510467897529 ], [ 7.807218106839173, 13.033756100026096 ], [ 7.797943038537198, 13.027824653995935 ], [ 7.794865348446024, 13.020480902006227 ], [ 7.79412057894001, 13.013847651499248 ], [ 7.793486543509175, 13.009530578566 ], [ 7.790679300601823, 13.004934797443354 ], [ 7.793253709351006, 12.999041833439378 ], [ 7.792834775066353, 12.986320633795913 ], [ 7.801693751085622, 12.964916820253052 ], [ 7.803500543313248, 12.960564827296082 ], [ 7.808415557652779, 12.942673000139393 ], [ 7.79345832149005, 12.937708874766543 ], [ 7.789958521112055, 12.929307961058498 ], [ 7.778127139073206, 12.900905835760568 ], [ 7.772189719039034, 12.890293560550049 ], [ 7.766117001912903, 12.883319595811543 ], [ 7.765670921609797, 12.879268030058711 ], [ 7.769111766947674, 12.874155835585213 ], [ 7.774186229395525, 12.86661372846072 ], [ 7.776598678034702, 12.861423328934052 ], [ 7.778459269298878, 12.857678965389937 ], [ 7.781396817294819, 12.845318644991721 ], [ 7.785750546252928, 12.83307855967513 ], [ 7.789945684103373, 12.829628385330921 ], [ 7.797040332923814, 12.826126179951302 ], [ 7.792426670789041, 12.811563618056766 ], [ 7.790222898291688, 12.809435515610801 ], [ 7.782084129761813, 12.804372187170486 ], [ 7.779927532296483, 12.800583356596178 ], [ 7.779683278130506, 12.795185201928405 ], [ 7.780640570780974, 12.786259396863727 ], [ 7.784733507561953, 12.780076103662452 ], [ 7.787880713700304, 12.772845082749313 ], [ 7.791923405447108, 12.764724144231536 ], [ 7.793812666730787, 12.755027001642759 ], [ 7.793508035523814, 12.75448571927501 ], [ 7.781384780286601, 12.75585001320195 ], [ 7.775310132159177, 12.757087109042516 ], [ 7.777405342582767, 12.742995537467948 ], [ 7.78385968996821, 12.741434912407556 ], [ 7.790558016519412, 12.739447437057208 ], [ 7.790223515292155, 12.729481978286117 ], [ 7.788149903883209, 12.708508183035406 ], [ 7.787906067717529, 12.694984680846858 ], [ 7.781060892066535, 12.694057202216641 ], [ 7.778731631483936, 12.697952591863384 ], [ 7.774863554855756, 12.701574961324638 ], [ 7.77338800285321, 12.703364865540777 ], [ 7.768988580864004, 12.704392507238992 ], [ 7.754574388070239, 12.702520872967341 ], [ 7.75194145328129, 12.704260353149209 ], [ 7.750509972308635, 12.70561944607266 ], [ 7.750023434978061, 12.706491592665259 ], [ 7.746943786885595, 12.715927319076343 ], [ 7.733950045056929, 12.72409681462716 ], [ 7.732921852358345, 12.734111897431944 ], [ 7.72520521211527, 12.74685952109337 ], [ 7.710428472075137, 12.735109919110073 ], [ 7.706871644658463, 12.727580531994192 ], [ 7.694560305293464, 12.719010874171488 ], [ 7.682020777773459, 12.715794815986328 ], [ 7.680151227503188, 12.716371611378236 ], [ 7.671054008322074, 12.728422709566416 ], [ 7.668778462775947, 12.728743439784296 ], [ 7.666004139890902, 12.728832897845109 ], [ 7.655396283683388, 12.742060169832428 ], [ 7.652548551748453, 12.743480179797245 ], [ 7.630075117478839, 12.744953837798505 ], [ 7.626202506847562, 12.742746237298547 ], [ 7.624598167757483, 12.741616083530687 ], [ 7.623231509828884, 12.741094473176247 ], [ 7.621658118759854, 12.740393227699826 ], [ 7.619874283547858, 12.739645549191778 ], [ 7.617289516791629, 12.7374141886757 ], [ 7.616071407963943, 12.737095422459106 ], [ 7.615596048640953, 12.737298272596945 ], [ 7.615239529398707, 12.737008485400054 ], [ 7.614268441738943, 12.737260766571467 ], [ 7.613664901328832, 12.736631759144075 ], [ 7.613070701925096, 12.736631759144075 ], [ 7.612002859199549, 12.736525712072023 ], [ 7.611644622956135, 12.735965242691179 ], [ 7.611050423552456, 12.735501579376148 ], [ 7.61054535520924, 12.735762389553372 ], [ 7.609178696280708, 12.735675453494309 ], [ 7.608109136553992, 12.734835059923284 ], [ 7.607544648170403, 12.735211788179242 ], [ 7.606934311755708, 12.735166889148729 ], [ 7.606356249362989, 12.73448730968704 ], [ 7.605494659777548, 12.734023643371984 ], [ 7.604246841929694, 12.734284455549187 ], [ 7.603286606277265, 12.734469535674918 ], [ 7.602196853536839, 12.733588955076641 ], [ 7.601335264951445, 12.73382078923413 ], [ 7.600290927241872, 12.733711173159691 ], [ 7.599255567538364, 12.733009368682815 ], [ 7.59800774869052, 12.73271957548593 ], [ 7.596892062932511, 12.732536364361408 ], [ 7.595096171712271, 12.73144447961954 ], [ 7.593787204822888, 12.731015761328251 ], [ 7.592900001220073, 12.730792143176302 ], [ 7.591887495532148, 12.729734683457821 ], [ 7.590898325860053, 12.729857457541243 ], [ 7.590337267478787, 12.729540777326065 ], [ 7.588797660432704, 12.72924202812311 ], [ 7.587312161423426, 12.728807330827749 ], [ 7.586866512120594, 12.728256714453607 ], [ 7.58698504120116, 12.727648660040472 ], [ 7.586628831959104, 12.726981596587223 ], [ 7.584699664648326, 12.725733520739198 ], [ 7.583321121711663, 12.723136884974906 ], [ 7.581016776145987, 12.720953622491493 ], [ 7.580102110524535, 12.733942686316993 ], [ 7.578783127628299, 12.741908791729543 ], [ 7.5775554877942, 12.746491901843569 ], [ 7.575346307293159, 12.753228060420497 ], [ 7.574789330914712, 12.754522781300182 ], [ 7.593010329295055, 12.763264784239936 ], [ 7.599389274629232, 12.771389018759976 ], [ 7.603692678553216, 12.775843789786791 ], [ 7.607418090084423, 12.779940298570182 ], [ 7.619588601353712, 12.792447985068577 ], [ 7.625718030518385, 12.796915350103916 ], [ 7.633347550702297, 12.801226348033026 ], [ 7.635048716858137, 12.803037792263865 ], [ 7.636007825509807, 12.805699092072075 ], [ 7.636515359854684, 12.807142510052813 ], [ 7.636904017118752, 12.808459551947692 ], [ 7.637146913283743, 12.810136355086968 ], [ 7.640771438746469, 12.813799969576223 ], [ 7.641747247409455, 12.814805711259567 ], [ 7.644095237004819, 12.816540761438489 ], [ 7.658890257057351, 12.824741021010141 ], [ 7.661839159061003, 12.826489408198142 ], [ 7.664465298845357, 12.828328637447783 ], [ 7.664300180733164, 12.832120861024407 ], [ 7.663432551143615, 12.840549753751475 ], [ 7.662672592627246, 12.847932399767615 ], [ 7.662646203609313, 12.8520275805501 ], [ 7.647706746458653, 12.859132490377533 ], [ 7.647430757271138, 12.861410662925493 ], [ 7.648566928043124, 12.862587615725147 ], [ 7.649588434737211, 12.864245541851631 ], [ 7.650205769156628, 12.867498787062061 ], [ 7.650264275196378, 12.868055005439999 ], [ 7.651936077332323, 12.869741738586015 ], [ 7.652810738926576, 12.872207111261162 ], [ 7.653267084236688, 12.873486128130196 ], [ 7.653152997159168, 12.87491343009998 ], [ 7.653856528637164, 12.876155360943812 ], [ 7.653780471585492, 12.877879226115056 ], [ 7.655719937903257, 12.878731885694435 ], [ 7.656537557458819, 12.883996070271166 ], [ 7.657656236218884, 12.884237033434886 ], [ 7.657418556057394, 12.886229606788788 ], [ 7.655555617791606, 12.889249966840964 ], [ 7.655873638007677, 12.891767025551189 ], [ 7.656491605427561, 12.893180321511466 ], [ 7.65585893899771, 12.895742473252312 ], [ 7.656074005143864, 12.89705360214316 ], [ 7.659762169649753, 12.898243332951552 ], [ 7.662736495670686, 12.899789983002393 ], [ 7.663450334155698, 12.900503820487415 ], [ 7.665948767853251, 12.901812525376613 ], [ 7.66984211149861, 12.905914436163698 ], [ 7.672920932590557, 12.907672058357889 ], [ 7.667409022845447, 12.916936596652704 ], [ 7.682170664875287, 12.923428248063487 ], [ 7.686285410671076, 12.926642665247527 ], [ 7.692717705041503, 12.930960922181612 ], [ 7.690814135748099, 12.932269625070774 ], [ 7.68998132418227, 12.934173194364178 ], [ 7.689148512616441, 12.934530112606694 ], [ 7.687601863565533, 12.934530112606694 ], [ 7.686055213514635, 12.934768058768384 ], [ 7.6848654827063, 12.936195735738409 ], [ 7.682034186782573, 12.937077141337284 ], [ 7.684318556334688, 12.939765690164052 ], [ 7.684151486221197, 12.94055610770107 ], [ 7.683894362046487, 12.942816315236769 ], [ 7.683989541111146, 12.943637228794557 ], [ 7.684083428174915, 12.945197239854508 ], [ 7.684909380736144, 12.946054934437257 ], [ 7.684911404737477, 12.946057036438674 ], [ 7.68717594627617, 12.950878146714444 ], [ 7.694994778588693, 12.950433248412139 ], [ 7.699591410711889, 12.947973840741099 ], [ 7.705092837449854, 12.944359807285537 ], [ 7.706226599220145, 12.944662671491301 ], [ 7.712426241432524, 12.946565136783931 ], [ 7.715269811364635, 12.9499703340976 ], [ 7.716649991302347, 12.951614361214638 ], [ 7.717734661039344, 12.952874489070837 ], [ 7.718665435671767, 12.953825656717129 ], [ 7.719675780358273, 12.954593255238649 ], [ 7.720919038202965, 12.955209642657451 ], [ 7.722434902232976, 12.955961184168075 ], [ 7.725234376135063, 12.957180171996356 ], [ 7.72695832730642, 12.957884265474718 ], [ 7.728754749527013, 12.951231826954711 ], [ 7.734772890616057, 12.950347660353998 ], [ 7.74847872892849, 12.952379786734696 ], [ 7.750517076313486, 12.960553087288076 ], [ 7.750695336434603, 12.963448380255272 ], [ 7.75137243489462, 12.967215774815088 ], [ 7.751491450975493, 12.969766849548421 ], [ 7.752477933645764, 12.972886799668288 ], [ 7.7530721330495, 12.976013559792761 ], [ 7.753474135322676, 12.980429471793173 ], [ 7.754650960122262, 12.982257468035186 ], [ 7.756149820140649, 12.983883766140195 ], [ 7.756763594557697, 12.98456698660442 ], [ 7.75830108660233, 12.986783209110229 ], [ 7.759548905450174, 12.989272899801847 ], [ 7.761688022903627, 12.992920542280274 ], [ 7.759548905450174, 12.994020614027704 ], [ 7.758835865965693, 12.99645233467993 ], [ 7.760083684813537, 12.999347208646839 ], [ 7.761095372500904, 13.003747456636631 ], [ 7.75330981321099, 13.004198943943379 ], [ 7.748325375824322, 13.005419213772484 ], [ 7.743716313692687, 13.006166385280153 ], [ 7.739546311859328, 13.00710719291942 ], [ 7.735471741090862, 13.007566051231208 ], [ 7.7256914284456, 13.006746355674238 ], [ 7.717939608178597, 13.007829100409936 ], [ 7.717706587020302, 13.00888739912898 ], [ 7.717213199685034, 13.011128165651485 ], [ 7.717260444717169, 13.017087114700303 ], [ 7.714030697522674, 13.025293621276262 ], [ 7.720018966591454, 13.029504349137198 ], [ 7.72659883006213, 13.036735792050649 ], [ 7.742574856917088, 13.038770677433263 ], [ 7.746527675602863, 13.031228666308834 ], [ 7.752058711360917, 13.026866666345029 ], [ 7.76224812828417, 13.026577327148459 ], [ 7.765089072214437, 13.027744296941364 ], [ 7.767230586669541, 13.028458135426376 ], [ 7.770442858852107, 13.029528893153895 ], [ 7.77172776772511, 13.031955942802995 ], [ 7.773084060646681, 13.035953437519083 ], [ 7.782155832810531, 13.047937530661727 ], [ 7.788600001189025, 13.051692187212836 ], [ 7.790575537531311, 13.05448687411166 ], [ 7.795424876826189, 13.063110891971291 ], [ 7.817611825901224, 13.084326382386223 ], [ 7.824779007770985, 13.086252334694791 ] ] ] ] } },
{ "type": "Feature", "properties": { "fid": 389.0, "OBJECTID": 389.0, "lganame": "Kaita", "statecode": "KT", "LGA_UID": "20_18" }, "geometry": { "type": "MultiPolygon", "coordinates": [ [ [ [ 7.818427165455205, 13.286197701548303 ], [ 7.828999387638532, 13.276954216267768 ], [ 7.847963325523608, 13.280193310468576 ], [ 7.851803218132659, 13.269326378084997 ], [ 7.855416553587759, 13.260803478294122 ], [ 7.85305815498532, 13.25578648088532 ], [ 7.856044912014681, 13.245441356856247 ], [ 7.861153371485614, 13.240140242254427 ], [ 7.864776291947237, 13.242092918581193 ], [ 7.873812711087055, 13.244061245918545 ], [ 7.884345797243782, 13.247175764034751 ], [ 7.932742647127156, 13.246517509587477 ], [ 7.944325463997131, 13.24029862936203 ], [ 7.945788720991345, 13.221026367267427 ], [ 7.946379521392771, 13.217500290871612 ], [ 7.938645080137633, 13.215537512537992 ], [ 7.938384558960593, 13.212837463703465 ], [ 7.937681772483074, 13.209135697188287 ], [ 7.937993495694911, 13.202398424610635 ], [ 7.939088631439006, 13.199173629419533 ], [ 7.939269534561902, 13.193126568310845 ], [ 7.942071320465573, 13.186592990871588 ], [ 7.94212836250432, 13.18248306807908 ], [ 7.938731225196136, 13.178106462105404 ], [ 7.933200528438306, 13.174087523374681 ], [ 7.931400001214911, 13.172300000160135 ], [ 7.924796979728455, 13.172505029299487 ], [ 7.92211205990418, 13.156061245126693 ], [ 7.919425196078578, 13.150601048416718 ], [ 7.918685574576045, 13.145186810738039 ], [ 7.91383653128139, 13.144505869275349 ], [ 7.909468809313694, 13.138606454267006 ], [ 7.908016348326839, 13.1360797245502 ], [ 7.904187069725026, 13.127648859821818 ], [ 7.898681435984201, 13.124748022850838 ], [ 7.878719904421246, 13.115133940318515 ], [ 7.868527777496183, 13.097539391363853 ], [ 7.863870475331794, 13.090139303335832 ], [ 7.849008528233753, 13.096843653891142 ], [ 7.8451000005781, 13.088399999154035 ], [ 7.842489603804495, 13.082246968973379 ], [ 7.837955631723844, 13.084762465682502 ], [ 7.832057111716097, 13.084731324661334 ], [ 7.824779007770985, 13.086252334694791 ], [ 7.817611825901224, 13.084326382386223 ], [ 7.795424876826189, 13.063110891971291 ], [ 7.790575537531311, 13.05448687411166 ], [ 7.788600001189025, 13.051692187212836 ], [ 7.782155832810531, 13.047937530661727 ], [ 7.773084060646681, 13.035953437519083 ], [ 7.77172776772511, 13.031955942802995 ], [ 7.770442858852107, 13.029528893153895 ], [ 7.767230586669541, 13.028458135426376 ], [ 7.765089072214437, 13.027744296941364 ], [ 7.76224812828417, 13.026577327148459 ], [ 7.752058711360917, 13.026866666345029 ], [ 7.746527675602863, 13.031228666308834 ], [ 7.742574856917088, 13.038770677433263 ], [ 7.72659883006213, 13.036735792050649 ], [ 7.715097674247659, 13.039719913078216 ], [ 7.711370676715319, 13.038526573267404 ], [ 7.707544622115677, 13.035128542958603 ], [ 7.693215771379926, 13.02029575188044 ], [ 7.691454424183178, 13.021550884733244 ], [ 7.690924957823427, 13.022032725060626 ], [ 7.69056259957722, 13.022251048208943 ], [ 7.690396037464041, 13.022518738390829 ], [ 7.689882920115394, 13.023567963103744 ], [ 7.689627527941866, 13.024041746425667 ], [ 7.690702556672306, 13.025224624229338 ], [ 7.690762043712709, 13.027223370587421 ], [ 7.689798362057957, 13.028603457525094 ], [ 7.688549145209151, 13.029840778365838 ], [ 7.687456090466469, 13.030426383763711 ], [ 7.686488733809199, 13.030766776994994 ], [ 7.677326179583702, 13.032607666245781 ], [ 7.676169754797968, 13.025680661539184 ], [ 7.670022759621361, 13.025433956371558 ], [ 7.670090995667749, 13.02613007384457 ], [ 7.669992409600752, 13.028009615121618 ], [ 7.667473003888915, 13.028125396200267 ], [ 7.66192595811998, 13.028666633568037 ], [ 7.660648618252083, 13.033756112026083 ], [ 7.660686777277988, 13.033949029157156 ], [ 7.658772900977624, 13.040839399838887 ], [ 7.672771082488737, 13.048839392274488 ], [ 7.672186027091186, 13.051450408048538 ], [ 7.669285327120292, 13.081034497149517 ], [ 7.665828108771279, 13.08317737060554 ], [ 7.657053513809387, 13.084782531696135 ], [ 7.652687278842734, 13.085552404219243 ], [ 7.646054325335911, 13.085945482486295 ], [ 7.643280824451494, 13.086122399606552 ], [ 7.6423843728424, 13.054898450391306 ], [ 7.618177570395005, 13.057497145157015 ], [ 7.609964314814476, 13.059315577392567 ], [ 7.603384389343717, 13.060380081115852 ], [ 7.600535486408035, 13.061494629873096 ], [ 7.596749234835443, 13.084110002239186 ], [ 7.598998728363881, 13.105384959694561 ], [ 7.600444760346363, 13.118934304900677 ], [ 7.635814656378557, 13.12216424809526 ], [ 7.647089407039232, 13.12553129738302 ], [ 7.655596200819218, 13.1269460733443 ], [ 7.64971133882068, 13.133383125717955 ], [ 7.637949438829025, 13.152048578400297 ], [ 7.632146022885877, 13.158999907123359 ], [ 7.640063767265644, 13.170945233239649 ], [ 7.645279158809274, 13.18173085856796 ], [ 7.647770607502082, 13.19065080462866 ], [ 7.646096984364931, 13.206398389328399 ], [ 7.638550007237086, 13.212341440366458 ], [ 7.614693726027895, 13.236269819624624 ], [ 7.616441769215612, 13.237347802357078 ], [ 7.619423943241827, 13.239081851535275 ], [ 7.624411469630616, 13.241981930505744 ], [ 7.626385197971672, 13.243042422226324 ], [ 7.62668156717308, 13.243242201362079 ], [ 7.626981074376545, 13.243437244494601 ], [ 7.627283643582132, 13.243627500623859 ], [ 7.627589199789782, 13.243812924749818 ], [ 7.627897665999342, 13.243993466872496 ], [ 7.628208962210863, 13.244169083991835 ], [ 7.62852301042426, 13.244339729107764 ], [ 7.628839731639403, 13.24450536122032 ], [ 7.629159045856397, 13.244665937329387 ], [ 7.634733833644191, 13.247983926583856 ], [ 7.641949015546572, 13.252179146434287 ], [ 7.648860604242657, 13.256197776164754 ], [ 7.651926303325695, 13.257980254375866 ], [ 7.655579936808124, 13.260172346865318 ], [ 7.661388688754926, 13.263501755127493 ], [ 7.666753460400002, 13.266598261231422 ], [ 7.671494887621577, 13.269357643106275 ], [ 7.674886130925813, 13.271329295445923 ], [ 7.679935094356324, 13.274264706440363 ], [ 7.686701883954072, 13.278198789113389 ], [ 7.725978991641, 13.297238407049917 ], [ 7.758899749009117, 13.310406462997037 ], [ 7.767461897826706, 13.315692388588559 ], [ 7.778442702287634, 13.322908526491574 ], [ 7.796126073302617, 13.33734015529717 ], [ 7.819701155320786, 13.352274842444615 ], [ 7.819344472078456, 13.341751168294252 ], [ 7.81878151969596, 13.325141711008939 ], [ 7.812261165265681, 13.3089453830043 ], [ 7.813534251130704, 13.302846472860381 ], [ 7.818427165455205, 13.286197701548303 ] ] ] ] } },
{ "type": "Feature", "properties": { "fid": 396.0, "OBJECTID": 396.0, "lganame": "Kankia", "statecode": "KT", "LGA_UID": "20_20" }, "geometry": { "type": "MultiPolygon", "coordinates": [ [ [ [ 7.8389432333949, 12.620956960548483 ], [ 7.843097023217183, 12.61692526580913 ], [ 7.844758852346331, 12.61712180994266 ], [ 7.846938438827237, 12.617283613052621 ], [ 7.847690348338119, 12.617017112871508 ], [ 7.848061543590347, 12.616636399612844 ], [ 7.848404186823132, 12.615637025933836 ], [ 7.848524923905188, 12.614832944387501 ], [ 7.856138181078052, 12.613678133602832 ], [ 7.857665186115582, 12.612715167948579 ], [ 7.860156903808559, 12.610165441216168 ], [ 7.861194373513513, 12.600692948780022 ], [ 7.871636294608265, 12.60069198477936 ], [ 7.87673987707592, 12.60730309027133 ], [ 7.881368222220658, 12.608282508936782 ], [ 7.883256748503811, 12.60772360255703 ], [ 7.885226678842287, 12.607975097727888 ], [ 7.888921496352793, 12.607157361172312 ], [ 7.896620253583706, 12.608931636377861 ], [ 7.898293566720668, 12.604533056389187 ], [ 7.895930965115383, 12.596666221044075 ], [ 7.896640804597666, 12.594256407406704 ], [ 7.908537922681205, 12.594179079354149 ], [ 7.911108168427575, 12.593632968983115 ], [ 7.91000469267783, 12.58435498567917 ], [ 7.896842986735066, 12.577516991033065 ], [ 7.898544903891434, 12.569709099727959 ], [ 7.910448555979372, 12.565406426804486 ], [ 7.91443325268682, 12.567189471015979 ], [ 7.915966288728441, 12.57670468648115 ], [ 7.91833357033687, 12.577950931327905 ], [ 7.931681577406209, 12.572796357825609 ], [ 7.931750448453045, 12.568294005766461 ], [ 7.938081748754826, 12.564343093082016 ], [ 7.943463176411285, 12.55839206603855 ], [ 7.940316735273427, 12.550690007805372 ], [ 7.936308496549998, 12.546083577675518 ], [ 7.938515463049555, 12.538626718608953 ], [ 7.926551082920298, 12.533035720810119 ], [ 7.911658001801129, 12.530621206169599 ], [ 7.899982960868499, 12.523787989526738 ], [ 7.900923355507473, 12.521239739795305 ], [ 7.901351179798155, 12.520543659322357 ], [ 7.902183059363381, 12.519244303439507 ], [ 7.903299998122293, 12.518800002137596 ], [ 7.903700002394089, 12.518700000069657 ], [ 7.904599998005551, 12.518199998729926 ], [ 7.906277975145656, 12.517560771295621 ], [ 7.898968605179277, 12.511019402851048 ], [ 7.888468938045264, 12.502398485993581 ], [ 7.891616590183958, 12.497364174572965 ], [ 7.885115530766768, 12.493395678876595 ], [ 7.873153652639246, 12.493308477817322 ], [ 7.853462185259843, 12.479689189563658 ], [ 7.849550183601821, 12.474870312289454 ], [ 7.849199936363846, 12.453413191710354 ], [ 7.853953529593696, 12.45329714863152 ], [ 7.853977628610039, 12.453278409618804 ], [ 7.858185065468831, 12.450006840395929 ], [ 7.860370882953987, 12.448307217241108 ], [ 7.869905499432264, 12.447726427846476 ], [ 7.870293739696081, 12.447702778830376 ], [ 7.87749766159078, 12.44490401192877 ], [ 7.877608113665872, 12.444861100899629 ], [ 7.877609620666874, 12.444858751898039 ], [ 7.877668441706817, 12.444767072835702 ], [ 7.878237941093801, 12.443879444232607 ], [ 7.878180371054668, 12.443743215140046 ], [ 7.873346105769997, 12.432303852367568 ], [ 7.873464872850718, 12.432166897274499 ], [ 7.87844589123506, 12.426423114371858 ], [ 7.879515766962015, 12.425189402533647 ], [ 7.87902750663028, 12.42374481055208 ], [ 7.87896467058755, 12.422499202705751 ], [ 7.877966173909158, 12.418810936199748 ], [ 7.876843119146088, 12.414662571381143 ], [ 7.876822946132393, 12.414588057330491 ], [ 7.877603433662671, 12.410666815666218 ], [ 7.872952107502329, 12.405272252000827 ], [ 7.872862097441157, 12.405167857929939 ], [ 7.866085086836506, 12.401626795523953 ], [ 7.860734677201151, 12.398831148624424 ], [ 7.859773175547843, 12.396289427897443 ], [ 7.858997839021072, 12.394239831504819 ], [ 7.858936335979251, 12.394077248394353 ], [ 7.864789597956303, 12.384935696183106 ], [ 7.878569268318927, 12.390604378034709 ], [ 7.880890481896074, 12.390578988017467 ], [ 7.880962253944858, 12.39044556992684 ], [ 7.883145378428139, 12.386387327169416 ], [ 7.878536030296345, 12.373159851181981 ], [ 7.875246049060934, 12.373883357673549 ], [ 7.865976538762766, 12.369704472834201 ], [ 7.862366529309895, 12.363426136568364 ], [ 7.861046447413003, 12.361130321008488 ], [ 7.845905697125545, 12.355098056909867 ], [ 7.845638606944078, 12.354991644837526 ], [ 7.845402241783461, 12.354897473773576 ], [ 7.841506184136279, 12.354024608180509 ], [ 7.836869172985644, 12.376516308462556 ], [ 7.798302763781578, 12.372478051718758 ], [ 7.798613255992564, 12.363078698332288 ], [ 7.797205403036003, 12.359865751149243 ], [ 7.794174921976946, 12.357906026817716 ], [ 7.796984588885948, 12.354616659582746 ], [ 7.80177016113754, 12.353794318024029 ], [ 7.802902961907193, 12.353555801861944 ], [ 7.805131835421605, 12.350075088496965 ], [ 7.80782406025088, 12.348152033190331 ], [ 7.808299639573988, 12.347859971991909 ], [ 7.820377371780239, 12.340442792952274 ], [ 7.830570428705983, 12.336237885095272 ], [ 7.82994044827791, 12.332095354280568 ], [ 7.832415086959315, 12.321292600940637 ], [ 7.836983652063452, 12.32005528109994 ], [ 7.839410701712495, 12.319246263550212 ], [ 7.844904878445561, 12.317045263054752 ], [ 7.848545452919154, 12.317259414200294 ], [ 7.851650650029001, 12.317973252685306 ], [ 7.855041382332843, 12.319293852582575 ], [ 7.854934306260077, 12.323255656274455 ], [ 7.855833741871209, 12.325532799821644 ], [ 7.857204311802434, 12.328502367839349 ], [ 7.857204311802434, 12.331471934857007 ], [ 7.858403559617273, 12.334898359185104 ], [ 7.857888945267632, 12.337822056171603 ], [ 7.864613793836838, 12.338499879632138 ], [ 7.894673250260837, 12.338528602651706 ], [ 7.902729067734356, 12.332475204538696 ], [ 7.892354398685256, 12.330264884036865 ], [ 7.886647852807926, 12.309818841144761 ], [ 7.885003809690886, 12.298521295468618 ], [ 7.876962580227257, 12.289576294390884 ], [ 7.864537482784954, 12.280680186346387 ], [ 7.870141528592683, 12.266369104622697 ], [ 7.873676391994422, 12.260646073734165 ], [ 7.878136519024906, 12.253424836827662 ], [ 7.876453491881364, 12.235753188820638 ], [ 7.876404742848194, 12.235241306472801 ], [ 7.867461609771794, 12.233939370588189 ], [ 7.863154865845559, 12.232580026664607 ], [ 7.859280686213253, 12.232345420505169 ], [ 7.856808816533714, 12.23225250744207 ], [ 7.857366365912526, 12.234997073306886 ], [ 7.85464195806145, 12.239264632206471 ], [ 7.852922753893324, 12.240614586123684 ], [ 7.850213205052285, 12.242286970260011 ], [ 7.847100000937019, 12.244499999763661 ], [ 7.842512381819972, 12.248279592331698 ], [ 7.833074064407072, 12.259962507269734 ], [ 7.8306596687666, 12.2666980698462 ], [ 7.829540939006449, 12.266787863907211 ], [ 7.820406961800359, 12.265946417335499 ], [ 7.814087895506873, 12.264220340162694 ], [ 7.810128518816668, 12.263562484715749 ], [ 7.805206087472072, 12.264700674489063 ], [ 7.798873696169494, 12.263999143012427 ], [ 7.78989515306904, 12.269455709719921 ], [ 7.786569439809341, 12.274182183931316 ], [ 7.78068973381437, 12.28513703337461 ], [ 7.779947539310058, 12.28780995419072 ], [ 7.778527014344888, 12.291875557953119 ], [ 7.776679443089563, 12.293615757135512 ], [ 7.774599744676493, 12.296460554068403 ], [ 7.77430264547462, 12.300524495829677 ], [ 7.772817147465332, 12.303136996604735 ], [ 7.764538612840454, 12.304163267302044 ], [ 7.759804181623622, 12.304820594748662 ], [ 7.759685341542877, 12.30743305252372 ], [ 7.756238986201254, 12.307955541878698 ], [ 7.750972774623108, 12.306061419591742 ], [ 7.747325996145264, 12.305749472379773 ], [ 7.743422082492771, 12.305189346999214 ], [ 7.735340089001397, 12.303202461649221 ], [ 7.732055073769402, 12.302556444210268 ], [ 7.727200440470938, 12.302751033342474 ], [ 7.721711861741653, 12.302782299363741 ], [ 7.718507328564328, 12.302672555289178 ], [ 7.716920792486349, 12.303041309539708 ], [ 7.714959934154081, 12.304608797604772 ], [ 7.708821879983532, 12.309116623667649 ], [ 7.703588201427522, 12.311545159317689 ], [ 7.699836374878316, 12.313286069500577 ], [ 7.698007452635636, 12.31405116502043 ], [ 7.689926342144929, 12.320320800280342 ], [ 7.686777086005122, 12.321133519832529 ], [ 7.682677110219402, 12.323107257173604 ], [ 7.680237403561705, 12.324406414056341 ], [ 7.679230753877789, 12.32502292947521 ], [ 7.679349593958534, 12.328970329157301 ], [ 7.679824954281514, 12.332221085366029 ], [ 7.678755394554798, 12.333730351391466 ], [ 7.67763223179162, 12.334870472166131 ], [ 7.674304715530752, 12.336844105507168 ], [ 7.668956921897177, 12.337772869138178 ], [ 7.668137217340245, 12.337944464254804 ], [ 7.663133768940611, 12.338991866966467 ], [ 7.65695409574181, 12.342532731372273 ], [ 7.652054229412613, 12.344335725597318 ], [ 7.649627225763538, 12.340773899177236 ], [ 7.645836234187755, 12.338817708848126 ], [ 7.640755829735838, 12.338730637788956 ], [ 7.637339184414429, 12.339427206262258 ], [ 7.635200065960987, 12.340791313189072 ], [ 7.631159511215628, 12.343925830318824 ], [ 7.627921125015291, 12.347263467586629 ], [ 7.625306648238848, 12.348598512493709 ], [ 7.624722792842192, 12.348736932587769 ], [ 7.62079158217108, 12.34895296073455 ], [ 7.619838032523205, 12.346440188027202 ], [ 7.614967580213943, 12.346218646876707 ], [ 7.613779181406471, 12.345289913245665 ], [ 7.610095144903369, 12.342683637474806 ], [ 7.609132542249313, 12.343031915711492 ], [ 7.619269625137008, 12.363598860685727 ], [ 7.62347655599541, 12.370354850276101 ], [ 7.628253919241388, 12.378642886907471 ], [ 7.6318570966896, 12.389720621434265 ], [ 7.634313319358455, 12.401667165551373 ], [ 7.633101151534845, 12.412182610696107 ], [ 7.633386367728633, 12.4171964481028 ], [ 7.641442826202649, 12.424538874091638 ], [ 7.648811343209218, 12.428452528750768 ], [ 7.653551229429752, 12.426358604328016 ], [ 7.655759368930035, 12.424645392163995 ], [ 7.657358367016514, 12.420457540318523 ], [ 7.658294788652768, 12.41961350374504 ], [ 7.66355578122733, 12.41807585870032 ], [ 7.667709444049592, 12.416261479467494 ], [ 7.680244606566646, 12.412931156204706 ], [ 7.681507943425004, 12.409477969858415 ], [ 7.681760551596653, 12.405326822037921 ], [ 7.682367182008818, 12.401979043763276 ], [ 7.681273855265943, 12.398961291712851 ], [ 7.680418207684568, 12.397893463987316 ], [ 7.67880198558646, 12.396129215788562 ], [ 7.675905529618433, 12.393087966722192 ], [ 7.680896804009762, 12.386123632990291 ], [ 7.68218027488183, 12.38354678323941 ], [ 7.684034177141484, 12.381387779772467 ], [ 7.689310665726566, 12.379507344494812 ], [ 7.699489620642737, 12.377304664998178 ], [ 7.705839093956854, 12.402699598252866 ], [ 7.706673072523529, 12.404930090768346 ], [ 7.712827378705072, 12.42556869379132 ], [ 7.71725962971658, 12.43431825473624 ], [ 7.728496055351229, 12.448501642373174 ], [ 7.733972196071988, 12.454768047630921 ], [ 7.73601618946077, 12.459653651950475 ], [ 7.736056864488432, 12.459750874016493 ], [ 7.73570000024597, 12.460799999729375 ], [ 7.734900000702396, 12.463000000224156 ], [ 7.734099999158843, 12.465500000922759 ], [ 7.728923878641922, 12.470558720359918 ], [ 7.723533301979273, 12.47398408168732 ], [ 7.720120906660725, 12.485359556416427 ], [ 7.71543631947776, 12.498587528404187 ], [ 7.71937881515646, 12.503059112442429 ], [ 7.733386014673727, 12.513806683744917 ], [ 7.75084144253384, 12.506662797890954 ], [ 7.756887280641706, 12.522847810887924 ], [ 7.737816599684095, 12.524583647067345 ], [ 7.737275660316527, 12.52941470434979 ], [ 7.742035344550516, 12.541370777473389 ], [ 7.741343413080415, 12.545773390464774 ], [ 7.738526033166124, 12.546540707986139 ], [ 7.738431836102109, 12.549346235892358 ], [ 7.735353884010806, 12.551213840161324 ], [ 7.731086109111061, 12.555226441887669 ], [ 7.727201469471595, 12.558440529071504 ], [ 7.726619154075934, 12.5603892653956 ], [ 7.723790765154206, 12.563231144326494 ], [ 7.723042073645502, 12.565423428816075 ], [ 7.723374824871598, 12.568346446802082 ], [ 7.724206704436824, 12.571918980229498 ], [ 7.724655124741503, 12.57568712178977 ], [ 7.725459922288337, 12.57858211075677 ], [ 7.722734434436461, 12.577820691239424 ], [ 7.719539130265389, 12.577989248353958 ], [ 7.71588791378457, 12.57963223247026 ], [ 7.712976336806321, 12.57963223247026 ], [ 7.710690918253476, 12.57928003923098 ], [ 7.710147947884536, 12.582798658621698 ], [ 7.709648820545397, 12.583772936283651 ], [ 7.709648820545397, 12.587020499490222 ], [ 7.708900130036682, 12.58831951337288 ], [ 7.70881694198016, 12.590917522138113 ], [ 7.709482445432343, 12.593190756682645 ], [ 7.709482445432343, 12.595301601116887 ], [ 7.709565633488864, 12.597006500275256 ], [ 7.710955095432951, 12.598924144578234 ], [ 7.71292346377038, 12.598603909360634 ], [ 7.714600000909513, 12.608500000084575 ], [ 7.71620000199664, 12.608899999356311 ], [ 7.718699998695286, 12.609799999967834 ], [ 7.721500001597747, 12.610399999375488 ], [ 7.722791248475062, 12.610595976508648 ], [ 7.72529999917964, 12.610100001171702 ], [ 7.72729999853857, 12.609599999831971 ], [ 7.731199998188401, 12.610199999239626 ], [ 7.736000001449781, 12.611000000783179 ], [ 7.739000000488147, 12.61140000105496 ], [ 7.741500001186807, 12.611800000326753 ], [ 7.747930467555989, 12.612460306775404 ], [ 7.754166928793381, 12.597925217899501 ], [ 7.762944181757121, 12.59490263984577 ], [ 7.770798917093998, 12.595041313939987 ], [ 7.776796496169084, 12.595770902435731 ], [ 7.777233324465897, 12.597204122409551 ], [ 7.776434719923316, 12.598428858241675 ], [ 7.775065684993081, 12.599263901809081 ], [ 7.774095952334221, 12.600377289565529 ], [ 7.773525519946645, 12.601435004284212 ], [ 7.773810736140433, 12.603216407494585 ], [ 7.772898045520265, 12.604385446288916 ], [ 7.772441701210198, 12.605498812045369 ], [ 7.772213528055204, 12.606834843953152 ], [ 7.77107266628002, 12.607669860520502 ], [ 7.782524117060746, 12.608266719926064 ], [ 7.800271305119111, 12.624867357205403 ], [ 7.82989615324783, 12.627128595741794 ], [ 7.833968873015067, 12.621964521233053 ], [ 7.8389432333949, 12.620956960548483 ] ] ] ] } },
{ "type": "Feature", "properties": { "fid": 405.0, "OBJECTID": 405.0, "lganame": "Bindawa", "statecode": "KT", "LGA_UID": "20_05" }, "geometry": { "type": "MultiPolygon", "coordinates": [ [ [ [ 7.971470961441241, 12.847094418198253 ], [ 7.978716575364331, 12.840374434632338 ], [ 7.982116539674394, 12.841165217169646 ], [ 7.983994208950207, 12.842323890956891 ], [ 7.986846365888141, 12.844548530468444 ], [ 7.990506634375095, 12.845382765035254 ], [ 7.99934832038258, 12.846425553743813 ], [ 8.002233477342941, 12.84682593301585 ], [ 8.004523197898664, 12.846929511086216 ], [ 8.007711676065128, 12.846453618762837 ], [ 8.018085415113603, 12.843349849653976 ], [ 8.0217796036236, 12.839533757061133 ], [ 8.024639913567057, 12.838049032052311 ], [ 8.025461172125063, 12.836945798302736 ], [ 8.025880378409909, 12.835401078253199 ], [ 8.023907026069082, 12.831683820727449 ], [ 8.021983167761903, 12.827123461628901 ], [ 8.021392170360343, 12.825744766692139 ], [ 8.005727241716784, 12.816440825370591 ], [ 8.005534435585787, 12.805480527923578 ], [ 8.005477804547297, 12.801921147505141 ], [ 8.004941488182908, 12.792171045880423 ], [ 8.003479180189345, 12.786472834008748 ], [ 8.000627023251411, 12.770826817378008 ], [ 7.999834161712727, 12.759990951015538 ], [ 7.9892694445345, 12.755092292687152 ], [ 7.98925551652502, 12.755093898688244 ], [ 7.976679753980363, 12.753451067571973 ], [ 7.967456733713789, 12.753617863685349 ], [ 7.944780199306138, 12.754329914169148 ], [ 7.931493348278366, 12.752497960924416 ], [ 7.92740344149945, 12.751539271273032 ], [ 7.930399998535449, 12.749099999615623 ], [ 7.93209513168722, 12.747341106420549 ], [ 7.934300002185353, 12.744899998761923 ], [ 7.936430427632843, 12.742503270133454 ], [ 7.937804989566814, 12.740707158913096 ], [ 7.938399999971068, 12.739799999296736 ], [ 7.939199998514653, 12.738100000141685 ], [ 7.939860102963166, 12.736335138942536 ], [ 7.940211953202208, 12.735394424303365 ], [ 7.941127242824109, 12.73276099551407 ], [ 7.940631576487363, 12.730674979096705 ], [ 7.941292177936191, 12.729216467105744 ], [ 7.943000000096561, 12.728399998550969 ], [ 7.943799998640145, 12.727400000871512 ], [ 7.945365033703524, 12.72607679697245 ], [ 7.947799999357926, 12.724800002104928 ], [ 7.9503999991245, 12.723900001493462 ], [ 7.952799997755221, 12.723000000881939 ], [ 7.95479999911413, 12.721900001134543 ], [ 7.956206874070006, 12.723050755916404 ], [ 7.958051058323065, 12.725583376637189 ], [ 7.960008837653277, 12.727841130171271 ], [ 7.962178393127374, 12.730009120644297 ], [ 7.963191839815977, 12.730986557308427 ], [ 7.966525623081111, 12.715451004752765 ], [ 7.964433876659882, 12.70111009000874 ], [ 7.957851181187266, 12.687841333993276 ], [ 7.953837671460235, 12.67928128317709 ], [ 7.961295300527354, 12.673599936316919 ], [ 7.962697212479895, 12.6538290268835 ], [ 7.959110002042564, 12.652749664150122 ], [ 7.956176009049045, 12.648088918983376 ], [ 7.955146377349479, 12.627476001977868 ], [ 7.963968441343638, 12.628698003808154 ], [ 7.986906367928896, 12.620965880554536 ], [ 7.998980454132663, 12.616528662539679 ], [ 7.997662967237488, 12.611327807005921 ], [ 7.996101752176742, 12.601745956495506 ], [ 7.992886725992264, 12.592915747495795 ], [ 7.983992726949225, 12.57705051471612 ], [ 7.973793128019054, 12.575536263687241 ], [ 7.962494316342031, 12.577220264831453 ], [ 7.956264248108994, 12.580639723154832 ], [ 7.962144753104553, 12.588640347590854 ], [ 7.954442774871382, 12.595169429027067 ], [ 7.94954979554683, 12.593977832217433 ], [ 7.945746919962971, 12.591832182759561 ], [ 7.932717578110157, 12.577634295112773 ], [ 7.931681577406209, 12.572796357825609 ], [ 7.91833357033687, 12.577950931327905 ], [ 7.915966288728441, 12.57670468648115 ], [ 7.91443325268682, 12.567189471015979 ], [ 7.910448555979372, 12.565406426804486 ], [ 7.898544903891434, 12.569709099727959 ], [ 7.896842986735066, 12.577516991033065 ], [ 7.91000469267783, 12.58435498567917 ], [ 7.911108168427575, 12.593632968983115 ], [ 7.908537922681205, 12.594179079354149 ], [ 7.896640804597666, 12.594256407406704 ], [ 7.895930965115383, 12.596666221044075 ], [ 7.898293566720668, 12.604533056389187 ], [ 7.896620253583706, 12.608931636377861 ], [ 7.888921496352793, 12.607157361172312 ], [ 7.885226678842287, 12.607975097727888 ], [ 7.883256748503811, 12.60772360255703 ], [ 7.881368222220658, 12.608282508936782 ], [ 7.87673987707592, 12.60730309027133 ], [ 7.871636294608265, 12.60069198477936 ], [ 7.861194373513513, 12.600692948780022 ], [ 7.860156903808559, 12.610165441216168 ], [ 7.857665186115582, 12.612715167948579 ], [ 7.856138181078052, 12.613678133602832 ], [ 7.848524923905188, 12.614832944387501 ], [ 7.848404186823132, 12.615637025933836 ], [ 7.848061543590347, 12.616636399612844 ], [ 7.847690348338119, 12.617017112871508 ], [ 7.846938438827237, 12.617283613052621 ], [ 7.844758852346331, 12.61712180994266 ], [ 7.843097023217183, 12.61692526580913 ], [ 7.8389432333949, 12.620956960548483 ], [ 7.833968873015067, 12.621964521233053 ], [ 7.82989615324783, 12.627128595741794 ], [ 7.800271305119111, 12.624867357205403 ], [ 7.800406302210831, 12.627899631265677 ], [ 7.799598510662008, 12.635118012170267 ], [ 7.798604133986373, 12.640946877130659 ], [ 7.796295478417733, 12.648024350939522 ], [ 7.791539868186533, 12.658097049783407 ], [ 7.784361875309401, 12.662380365693707 ], [ 7.783152007487388, 12.66302878213429 ], [ 7.782560348085383, 12.665117875553733 ], [ 7.777387480570667, 12.667013375841634 ], [ 7.775293556147915, 12.666499412492442 ], [ 7.774455984578822, 12.663891522720519 ], [ 7.772973080571262, 12.662185223561153 ], [ 7.765186964280986, 12.661715753242163 ], [ 7.761543843805612, 12.662960219087722 ], [ 7.761314765650013, 12.664640437229366 ], [ 7.76028934795329, 12.665113391550676 ], [ 7.760297688958929, 12.6653441867075 ], [ 7.760100668825089, 12.665935246109086 ], [ 7.759689498545697, 12.666978400817868 ], [ 7.759812278629113, 12.671614732968067 ], [ 7.759389117341584, 12.67351452225887 ], [ 7.759146981177082, 12.674601591997487 ], [ 7.75877195692226, 12.676300188151572 ], [ 7.759404495352044, 12.676618445367865 ], [ 7.759346820312885, 12.677326147848703 ], [ 7.770199998687076, 12.673261216086757 ], [ 7.77321972673883, 12.673011800917266 ], [ 7.778306082194774, 12.67490084920081 ], [ 7.779796323207336, 12.676836617516074 ], [ 7.777726816801191, 12.68313387179478 ], [ 7.779539742033023, 12.685431484355888 ], [ 7.781155964131131, 12.68844588140405 ], [ 7.781900471637016, 12.689510664127511 ], [ 7.784910917682453, 12.690272620645203 ], [ 7.793110869253951, 12.689182812904733 ], [ 7.805911142951118, 12.687414422703171 ], [ 7.814987088117789, 12.684403064657147 ], [ 7.816826284367437, 12.6932929786974 ], [ 7.816966455462705, 12.696206748677184 ], [ 7.815193297257906, 12.696743940042154 ], [ 7.810111265804892, 12.697730231712285 ], [ 7.807775762218057, 12.702462932927972 ], [ 7.799917885878983, 12.706679320792773 ], [ 7.798701385052425, 12.707493122345738 ], [ 7.798429846867919, 12.707980406676825 ], [ 7.796765825737339, 12.708591933092293 ], [ 7.788149903883209, 12.708508183035406 ], [ 7.790223515292155, 12.729481978286117 ], [ 7.790558016519412, 12.739447437057208 ], [ 7.78385968996821, 12.741434912407556 ], [ 7.777405342582767, 12.742995537467948 ], [ 7.775310132159177, 12.757087109042516 ], [ 7.781384780286601, 12.75585001320195 ], [ 7.793508035523814, 12.75448571927501 ], [ 7.793812666730787, 12.755027001642759 ], [ 7.791923405447108, 12.764724144231536 ], [ 7.787880713700304, 12.772845082749313 ], [ 7.784733507561953, 12.780076103662452 ], [ 7.780640570780974, 12.786259396863727 ], [ 7.779683278130506, 12.795185201928405 ], [ 7.779927532296483, 12.800583356596178 ], [ 7.782084129761813, 12.804372187170486 ], [ 7.790222898291688, 12.809435515610801 ], [ 7.792426670789041, 12.811563618056766 ], [ 7.797040332923814, 12.826126179951302 ], [ 7.804408404930086, 12.822997545825558 ], [ 7.809854530630503, 12.820053789825408 ], [ 7.811186932535804, 12.818027396448599 ], [ 7.81566455557811, 12.807942552596387 ], [ 7.819608023257501, 12.795116227881522 ], [ 7.824404366516433, 12.789239485888515 ], [ 7.83454081640366, 12.796802455027205 ], [ 7.840715135598828, 12.802807888107623 ], [ 7.850499999247177, 12.791700001560343 ], [ 7.852100000334303, 12.792300000967998 ], [ 7.853952832593222, 12.792608805177849 ], [ 7.855900000916222, 12.793099998511593 ], [ 7.858199999478927, 12.793499998783375 ], [ 7.859499998362253, 12.793799999987186 ], [ 7.861200000517329, 12.794100001191055 ], [ 7.863099999808298, 12.794799997666644 ], [ 7.863800000283902, 12.795200000938451 ], [ 7.864799998963349, 12.796300000685846 ], [ 7.865699998574826, 12.797600000569105 ], [ 7.866199999914556, 12.798400000112679 ], [ 7.867299999661952, 12.799299999724212 ], [ 7.868099999205526, 12.800099999267729 ], [ 7.871002153177415, 12.798806535388906 ], [ 7.874000002214302, 12.797200002297359 ], [ 7.877575961644027, 12.794423400410778 ], [ 7.886443437669016, 12.795195620935431 ], [ 7.887175996166775, 12.803913347858725 ], [ 7.886225276520804, 12.81044916729951 ], [ 7.883998563007879, 12.820423218076428 ], [ 7.891587901164485, 12.82118019159077 ], [ 7.9051243183618, 12.819896461718542 ], [ 7.908066893361138, 12.823197472961397 ], [ 7.916489710084079, 12.822314401361382 ], [ 7.917871053022623, 12.819536135473697 ], [ 7.919298729992647, 12.819060243150318 ], [ 7.920079192522962, 12.818774707956322 ], [ 7.921069049195523, 12.81894602907272 ], [ 7.921830475712852, 12.819954919758231 ], [ 7.922030696848935, 12.821006653472864 ], [ 7.927302699430982, 12.82303778985289 ], [ 7.928058612944596, 12.824293180705865 ], [ 7.928717803392487, 12.825798143728434 ], [ 7.93214831372336, 12.833630029049857 ], [ 7.937834301586747, 12.846610646869578 ], [ 7.939993105053532, 12.848138317907512 ], [ 7.943557131475131, 12.850403962446933 ], [ 7.956770291452813, 12.850640164607398 ], [ 7.965992968719206, 12.851430788144626 ], [ 7.971470961441241, 12.847094418198253 ] ] ] ] } },
{ "type": "Feature", "properties": { "fid": 408.0, "OBJECTID": 408.0, "lganame": "Mani", "statecode": "KT", "LGA_UID": "20_26" }, "geometry": { "type": "MultiPolygon", "coordinates": [ [ [ [ 7.943984728765656, 12.92465321689582 ], [ 7.9547460020774, 12.91397653964151 ], [ 7.964286622559825, 12.921872669006575 ], [ 7.964787970900488, 12.923532663134438 ], [ 7.971680682583724, 12.927992062164378 ], [ 7.97760368560813, 12.932302432093081 ], [ 7.9902791222205, 12.930656080974472 ], [ 8.004445646846023, 12.920851197312516 ], [ 8.009121550023053, 12.919419122339491 ], [ 8.016900171308237, 12.91809190043773 ], [ 8.025464525127347, 12.917595968100727 ], [ 8.032942633208336, 12.916293209215553 ], [ 8.038356542886845, 12.915737544838009 ], [ 8.044832419286934, 12.919469730373862 ], [ 8.050212461942408, 12.923626400198145 ], [ 8.055165687307863, 12.92949781518746 ], [ 8.060924162220488, 12.937553946661239 ], [ 8.063923007258097, 12.939614784061519 ], [ 8.07218521187184, 12.937449581590329 ], [ 8.075689569252916, 12.932161240997175 ], [ 8.076964469119105, 12.931621370630353 ], [ 8.078065638867315, 12.930716606015608 ], [ 8.079279163691865, 12.928468015487795 ], [ 8.08070684066189, 12.927361565736021 ], [ 8.08199174953495, 12.926362192056956 ], [ 8.083383735480709, 12.924863132038411 ], [ 8.08385008879759, 12.923685534238302 ], [ 8.084608709313045, 12.916075105067364 ], [ 8.087575417328765, 12.887642532748771 ], [ 8.083923340847377, 12.883738668096271 ], [ 8.075676674244107, 12.879173788994649 ], [ 8.073518263777601, 12.877278971707256 ], [ 8.077150699245692, 12.86491077330362 ], [ 8.078400476094828, 12.864415278966987 ], [ 8.07998030316827, 12.863788929541386 ], [ 8.087032865960111, 12.864072140733811 ], [ 8.092261819512942, 12.864477640009341 ], [ 8.094282097885639, 12.857410269207378 ], [ 8.094460358006756, 12.853355130452087 ], [ 8.094997427371652, 12.835611586396226 ], [ 8.094341676926149, 12.831195619395771 ], [ 8.095651862816339, 12.816760352587664 ], [ 8.09501094038086, 12.810254551167304 ], [ 8.108291384404311, 12.804776502445236 ], [ 8.107751563037539, 12.804249452087106 ], [ 8.108182491330297, 12.801879177476621 ], [ 8.108123451290169, 12.801245701046184 ], [ 8.106982587515006, 12.800522570554847 ], [ 8.105442424468549, 12.798408795118632 ], [ 8.102419138414405, 12.797129395249385 ], [ 8.101221231600448, 12.794459323435149 ], [ 8.098996550088884, 12.79173359458315 ], [ 8.09797099139206, 12.788390778311907 ], [ 8.104380318746905, 12.784246438495984 ], [ 8.107270860710912, 12.780711878094451 ], [ 8.104182405612448, 12.776801449437471 ], [ 8.10037953002859, 12.771209343637906 ], [ 8.097854183312734, 12.768109004531368 ], [ 8.081968846519374, 12.767770724301556 ], [ 8.067558951728529, 12.767708791259452 ], [ 8.066481761996613, 12.76431006995017 ], [ 8.065881032588436, 12.762810368931184 ], [ 8.059667323366511, 12.748116144947176 ], [ 8.045361592646486, 12.740890888037939 ], [ 8.041711040166092, 12.738694827545828 ], [ 8.039585974722172, 12.738665334525763 ], [ 8.038231200801704, 12.738317590289512 ], [ 8.036662514735838, 12.73713525648617 ], [ 8.034238182088643, 12.734909669974002 ], [ 8.032705970047573, 12.73326170685425 ], [ 8.031978669553382, 12.733219976825922 ], [ 8.031771888412891, 12.733143470773939 ], [ 8.031258500064098, 12.733011324684128 ], [ 8.030937631846029, 12.732948729641635 ], [ 8.030680937671661, 12.732788763532938 ], [ 8.030538330574757, 12.732573158386458 ], [ 8.030509808555394, 12.732134989088706 ], [ 8.027301608375524, 12.728384790540645 ], [ 8.025780458342012, 12.727828377162552 ], [ 8.024306843340753, 12.727225593753019 ], [ 8.015502925358874, 12.708440657989513 ], [ 8.014736002837822, 12.704998066650433 ], [ 7.994394823016933, 12.722042286231215 ], [ 7.988895499280432, 12.727613663016712 ], [ 7.993314621282991, 12.740650241874448 ], [ 7.973025646497604, 12.742519740144644 ], [ 7.964066392410189, 12.7431630625818 ], [ 7.963191839815977, 12.730986557308427 ], [ 7.962178393127374, 12.730009120644297 ], [ 7.960008837653277, 12.727841130171271 ], [ 7.958051058323065, 12.725583376637189 ], [ 7.956206874070006, 12.723050755916404 ], [ 7.95479999911413, 12.721900001134543 ], [ 7.952799997755221, 12.723000000881939 ], [ 7.9503999991245, 12.723900001493462 ], [ 7.947799999357926, 12.724800002104928 ], [ 7.945365033703524, 12.72607679697245 ], [ 7.943799998640145, 12.727400000871512 ], [ 7.943000000096561, 12.728399998550969 ], [ 7.941292177936191, 12.729216467105744 ], [ 7.940631576487363, 12.730674979096705 ], [ 7.941127242824109, 12.73276099551407 ], [ 7.940211953202208, 12.735394424303365 ], [ 7.939860102963166, 12.736335138942536 ], [ 7.939199998514653, 12.738100000141685 ], [ 7.938399999971068, 12.739799999296736 ], [ 7.937804989566814, 12.740707158913096 ], [ 7.936430427632843, 12.742503270133454 ], [ 7.934300002185353, 12.744899998761923 ], [ 7.93209513168722, 12.747341106420549 ], [ 7.930399998535449, 12.749099999615623 ], [ 7.92740344149945, 12.751539271273032 ], [ 7.931493348278366, 12.752497960924416 ], [ 7.944780199306138, 12.754329914169148 ], [ 7.967456733713789, 12.753617863685349 ], [ 7.976679753980363, 12.753451067571973 ], [ 7.98925551652502, 12.755093898688244 ], [ 7.9892694445345, 12.755092292687152 ], [ 7.999834161712727, 12.759990951015538 ], [ 8.000627023251411, 12.770826817378008 ], [ 8.003479180189345, 12.786472834008748 ], [ 8.004941488182908, 12.792171045880423 ], [ 8.005477804547297, 12.801921147505141 ], [ 8.005534435585787, 12.805480527923578 ], [ 8.005727241716784, 12.816440825370591 ], [ 8.021392170360343, 12.825744766692139 ], [ 8.021983167761903, 12.827123461628901 ], [ 8.023907026069082, 12.831683820727449 ], [ 8.025880378409909, 12.835401078253199 ], [ 8.025461172125063, 12.836945798302736 ], [ 8.024639913567057, 12.838049032052311 ], [ 8.0217796036236, 12.839533757061133 ], [ 8.018085415113603, 12.843349849653976 ], [ 8.007711676065128, 12.846453618762837 ], [ 8.004523197898664, 12.846929511086216 ], [ 8.002233477342941, 12.84682593301585 ], [ 7.99934832038258, 12.846425553743813 ], [ 7.990506634375095, 12.845382765035254 ], [ 7.986846365888141, 12.844548530468444 ], [ 7.983994208950207, 12.842323890956891 ], [ 7.982116539674394, 12.841165217169646 ], [ 7.978716575364331, 12.840374434632338 ], [ 7.971470961441241, 12.847094418198253 ], [ 7.965992968719206, 12.851430788144626 ], [ 7.956770291452813, 12.850640164607398 ], [ 7.943557131475131, 12.850403962446933 ], [ 7.939993105053532, 12.848138317907512 ], [ 7.937834301586747, 12.846610646869578 ], [ 7.93214831372336, 12.833630029049857 ], [ 7.928717803392487, 12.825798143728434 ], [ 7.928058612944596, 12.824293180705865 ], [ 7.927302699430982, 12.82303778985289 ], [ 7.922030696848935, 12.821006653472864 ], [ 7.921830475712852, 12.819954919758231 ], [ 7.921069049195523, 12.81894602907272 ], [ 7.920079192522962, 12.818774707956322 ], [ 7.919298729992647, 12.819060243150318 ], [ 7.917871053022623, 12.819536135473697 ], [ 7.916489710084079, 12.822314401361382 ], [ 7.908066893361138, 12.823197472961397 ], [ 7.9051243183618, 12.819896461718542 ], [ 7.891587901164485, 12.82118019159077 ], [ 7.883998563007879, 12.820423218076428 ], [ 7.886225276520804, 12.81044916729951 ], [ 7.887175996166775, 12.803913347858725 ], [ 7.886443437669016, 12.795195620935431 ], [ 7.877575961644027, 12.794423400410778 ], [ 7.874000002214302, 12.797200002297359 ], [ 7.871002153177415, 12.798806535388906 ], [ 7.868099999205526, 12.800099999267729 ], [ 7.867299999661952, 12.799299999724212 ], [ 7.866199999914556, 12.798400000112679 ], [ 7.865699998574826, 12.797600000569105 ], [ 7.864799998963349, 12.796300000685846 ], [ 7.863800000283902, 12.795200000938451 ], [ 7.863099999808298, 12.794799997666644 ], [ 7.861200000517329, 12.794100001191055 ], [ 7.859499998362253, 12.793799999987186 ], [ 7.858199999478927, 12.793499998783375 ], [ 7.855900000916222, 12.793099998511593 ], [ 7.853952832593222, 12.792608805177849 ], [ 7.852100000334303, 12.792300000967998 ], [ 7.850499999247177, 12.791700001560343 ], [ 7.840715135598828, 12.802807888107623 ], [ 7.83454081640366, 12.796802455027205 ], [ 7.824404366516433, 12.789239485888515 ], [ 7.819608023257501, 12.795116227881522 ], [ 7.81566455557811, 12.807942552596387 ], [ 7.811186932535804, 12.818027396448599 ], [ 7.809854530630503, 12.820053789825408 ], [ 7.804408404930086, 12.822997545825558 ], [ 7.797040332923814, 12.826126179951302 ], [ 7.789945684103373, 12.829628385330921 ], [ 7.785750546252928, 12.83307855967513 ], [ 7.781396817294819, 12.845318644991721 ], [ 7.778459269298878, 12.857678965389937 ], [ 7.776598678034702, 12.861423328934052 ], [ 7.774186229395525, 12.86661372846072 ], [ 7.769111766947674, 12.874155835585213 ], [ 7.765670921609797, 12.879268030058711 ], [ 7.766117001912903, 12.883319595811543 ], [ 7.772189719039034, 12.890293560550049 ], [ 7.778127139073206, 12.900905835760568 ], [ 7.789958521112055, 12.929307961058498 ], [ 7.79345832149005, 12.937708874766543 ], [ 7.808415557652779, 12.942673000139393 ], [ 7.803500543313248, 12.960564827296082 ], [ 7.801693751085622, 12.964916820253052 ], [ 7.792834775066353, 12.986320633795913 ], [ 7.793253709351006, 12.999041833439378 ], [ 7.790679300601823, 13.004934797443354 ], [ 7.793486543509175, 13.009530578566 ], [ 7.79412057894001, 13.013847651499248 ], [ 7.794865348446024, 13.020480902006227 ], [ 7.797943038537198, 13.027824653995935 ], [ 7.807218106839173, 13.033756100026096 ], [ 7.810417175012788, 13.036510467897529 ], [ 7.813963810422536, 13.039537459954261 ], [ 7.820960999176805, 13.04578018219587 ], [ 7.830499998658127, 13.054099998848812 ], [ 7.831599999405512, 13.06179999908062 ], [ 7.83370000083238, 13.067899998225244 ], [ 7.83659999780275, 13.070500000991842 ], [ 7.8390999995014, 13.074200000505812 ], [ 7.8408999997244, 13.078499999427493 ], [ 7.842489603804495, 13.082246968973379 ], [ 7.8451000005781, 13.088399999154035 ], [ 7.849008528233753, 13.096843653891142 ], [ 7.863870475331794, 13.090139303335832 ], [ 7.86794255509858, 13.084306715372861 ], [ 7.875540484261023, 13.073686481156926 ], [ 7.874511891562122, 13.068273614479097 ], [ 7.875263193072612, 13.062604134626952 ], [ 7.874645640653, 13.054037166806097 ], [ 7.875584540290959, 13.049389793648459 ], [ 7.875863825480678, 13.039323685808995 ], [ 7.881268153152689, 13.027768089957533 ], [ 7.890367823335453, 13.015966694939038 ], [ 7.893191446253979, 13.01482692716462 ], [ 7.905493839612916, 13.005598051894026 ], [ 7.901191101689392, 12.993791999872371 ], [ 7.898676099980548, 12.978253913314973 ], [ 7.923373197761066, 12.969921381653421 ], [ 7.933583491698471, 12.968562555730159 ], [ 7.935291916859285, 12.967555601045945 ], [ 7.951122305615286, 12.932338842117815 ], [ 7.943984728765656, 12.92465321689582 ] ] ] ] } },
{ "type": "Feature", "properties": { "fid": 418.0, "OBJECTID": 418.0, "lganame": "Mashi", "statecode": "KT", "LGA_UID": "20_27" }, "geometry": { "type": "MultiPolygon", "coordinates": [ [ [ [ 8.066008232674903, 13.28926132962988 ], [ 8.069133798798532, 13.277518534651222 ], [ 8.076821232021814, 13.262327345329481 ], [ 8.080697743655719, 13.254904408285995 ], [ 8.084194029031266, 13.240201968296333 ], [ 8.086648022698625, 13.228461292319139 ], [ 8.087314804151674, 13.225271107151514 ], [ 8.092716558821962, 13.2165072781969 ], [ 8.100230954927611, 13.205550712752483 ], [ 8.110782039096591, 13.183339345660897 ], [ 8.118055282038426, 13.17019559573032 ], [ 8.120672688816796, 13.164008996526832 ], [ 8.122541060086292, 13.150886481610655 ], [ 8.12281420427189, 13.139976441197803 ], [ 8.117804134867754, 13.127429947673079 ], [ 8.114486090613298, 13.120940753263937 ], [ 8.114961982936677, 13.113326478090414 ], [ 8.12271093020172, 13.108689901940068 ], [ 8.126621341858652, 13.106426040401914 ], [ 8.128520157148785, 13.101645963154056 ], [ 8.134352006111271, 13.097058851037332 ], [ 8.137952239557478, 13.092104968671379 ], [ 8.141440716927718, 13.088079281936132 ], [ 8.143662946437587, 13.082587125204498 ], [ 8.1515151677728, 13.080683555911094 ], [ 8.154727439955423, 13.076043607758493 ], [ 8.157701765976356, 13.07080879320165 ], [ 8.158381642438258, 13.066248027102802 ], [ 8.158707823659881, 13.062005749220418 ], [ 8.159614250275752, 13.055795864001084 ], [ 8.160683809002478, 13.047946673667923 ], [ 8.160255984711796, 13.042667433080908 ], [ 8.160962487191853, 13.038451709216531 ], [ 8.156191661950288, 13.035720892361098 ], [ 8.152137580195699, 13.03027296965945 ], [ 8.122464908034544, 13.016454797270683 ], [ 8.111239243407226, 13.013392435189928 ], [ 8.097519429085253, 13.006791009704557 ], [ 8.07911182357816, 13.006684202632016 ], [ 8.074441595404949, 13.009494505541454 ], [ 8.066546698040725, 13.009243366370868 ], [ 8.058330282458087, 13.008919336150655 ], [ 8.04831409465254, 13.00329971333241 ], [ 8.050604820209003, 12.996649741814053 ], [ 8.055342674428118, 12.989740372119456 ], [ 8.06006526863689, 12.98628044076861 ], [ 8.057111945630254, 12.982706466340289 ], [ 8.056012021882907, 12.980632712931254 ], [ 8.051866390066152, 12.969358562270997 ], [ 8.048723321930595, 12.955311824726891 ], [ 8.053733380334677, 12.953160830265404 ], [ 8.059978701578075, 12.950519496470747 ], [ 8.060831552157595, 12.947940764718624 ], [ 8.06009754165882, 12.943512465709773 ], [ 8.061642459708537, 12.94067485178175 ], [ 8.063923007258097, 12.939614784061519 ], [ 8.060924162220488, 12.937553946661239 ], [ 8.055165687307863, 12.92949781518746 ], [ 8.050212461942408, 12.923626400198145 ], [ 8.044832419286934, 12.919469730373862 ], [ 8.038356542886845, 12.915737544838009 ], [ 8.032942633208336, 12.916293209215553 ], [ 8.025464525127347, 12.917595968100727 ], [ 8.016900171308237, 12.91809190043773 ], [ 8.009121550023053, 12.919419122339491 ], [ 8.004445646846023, 12.920851197312516 ], [ 7.9902791222205, 12.930656080974472 ], [ 7.97760368560813, 12.932302432093081 ], [ 7.971680682583724, 12.927992062164378 ], [ 7.964787970900488, 12.923532663134438 ], [ 7.964286622559825, 12.921872669006575 ], [ 7.9547460020774, 12.91397653964151 ], [ 7.943984728765656, 12.92465321689582 ], [ 7.951122305615286, 12.932338842117815 ], [ 7.935291916859285, 12.967555601045945 ], [ 7.933583491698471, 12.968562555730159 ], [ 7.923373197761066, 12.969921381653421 ], [ 7.898676099980548, 12.978253913314973 ], [ 7.901191101689392, 12.993791999872371 ], [ 7.905493839612916, 13.005598051894026 ], [ 7.893191446253979, 13.01482692716462 ], [ 7.890367823335453, 13.015966694939038 ], [ 7.881268153152689, 13.027768089957533 ], [ 7.875863825480678, 13.039323685808995 ], [ 7.875584540290959, 13.049389793648459 ], [ 7.874645640653, 13.054037166806097 ], [ 7.875263193072612, 13.062604134626952 ], [ 7.874511891562122, 13.068273614479097 ], [ 7.875540484261023, 13.073686481156926 ], [ 7.86794255509858, 13.084306715372861 ], [ 7.863870475331794, 13.090139303335832 ], [ 7.868527777496183, 13.097539391363853 ], [ 7.878719904421246, 13.115133940318515 ], [ 7.898681435984201, 13.124748022850838 ], [ 7.904187069725026, 13.127648859821818 ], [ 7.908016348326839, 13.1360797245502 ], [ 7.909468809313694, 13.138606454267006 ], [ 7.91383653128139, 13.144505869275349 ], [ 7.918685574576045, 13.145186810738039 ], [ 7.919425196078578, 13.150601048416718 ], [ 7.92211205990418, 13.156061245126693 ], [ 7.924796979728455, 13.172505029299487 ], [ 7.931400001214911, 13.172300000160135 ], [ 7.933200528438306, 13.174087523374681 ], [ 7.938731225196136, 13.178106462105404 ], [ 7.94212836250432, 13.18248306807908 ], [ 7.942071320465573, 13.186592990871588 ], [ 7.939269534561902, 13.193126568310845 ], [ 7.939088631439006, 13.199173629419533 ], [ 7.937993495694911, 13.202398424610635 ], [ 7.937681772483074, 13.209135697188287 ], [ 7.938384558960593, 13.212837463703465 ], [ 7.938645080137633, 13.215537512537992 ], [ 7.946379521392771, 13.217500290871612 ], [ 7.945788720991345, 13.221026367267427 ], [ 7.944325463997131, 13.24029862936203 ], [ 7.932742647127156, 13.246517509587477 ], [ 7.884345797243782, 13.247175764034751 ], [ 7.873812711087055, 13.244061245918545 ], [ 7.864776291947237, 13.242092918581193 ], [ 7.861153371485614, 13.240140242254427 ], [ 7.856044912014681, 13.245441356856247 ], [ 7.85305815498532, 13.25578648088532 ], [ 7.855416553587759, 13.260803478294122 ], [ 7.851803218132659, 13.269326378084997 ], [ 7.847963325523608, 13.280193310468576 ], [ 7.828999387638532, 13.276954216267768 ], [ 7.818427165455205, 13.286197701548303 ], [ 7.813534251130704, 13.302846472860381 ], [ 7.812261165265681, 13.3089453830043 ], [ 7.81878151969596, 13.325141711008939 ], [ 7.819344472078456, 13.341751168294252 ], [ 7.819701155320786, 13.352274842444615 ], [ 7.84738341512957, 13.348251642711034 ], [ 7.866542150147041, 13.345574616892122 ], [ 7.891233809923904, 13.342124438547899 ], [ 7.923282064699151, 13.337646541505364 ], [ 7.925655555311835, 13.337314907280017 ], [ 7.929226509738157, 13.336779849916468 ], [ 7.946612236550891, 13.334386715290464 ], [ 7.959703458445802, 13.332557514047608 ], [ 7.978858325460635, 13.329881032229082 ], [ 7.991800965254527, 13.328072558000315 ], [ 8.007854617162252, 13.325829365476125 ], [ 8.034671409383009, 13.322082179930135 ], [ 8.040573058392852, 13.321257518369805 ], [ 8.045542415769319, 13.320409742793743 ], [ 8.053230421992964, 13.318725344649295 ], [ 8.062040113978753, 13.316795177337838 ], [ 8.062071080999772, 13.310177916841724 ], [ 8.062230053107783, 13.299600692655019 ], [ 8.066008232674903, 13.28926132962988 ] ] ] ] } },
{ "type": "Feature", "properties": { "fid": 446.0, "OBJECTID": 446.0, "lganame": "Mai'Adua", "statecode": "KT", "LGA_UID": "20_24" }, "geometry": { "type": "MultiPolygon", "coordinates": [ [ [ [ 8.427161618061632, 13.083631214913908 ], [ 8.434368198958168, 13.081879916723949 ], [ 8.4349199983331, 13.078703578565808 ], [ 8.434854520288582, 13.077557050786766 ], [ 8.430476614314045, 13.060875938452739 ], [ 8.428483660959898, 13.058193115629877 ], [ 8.424984463582348, 13.053482587429301 ], [ 8.423929356865472, 13.05206221246425 ], [ 8.413448322744102, 13.037952295877233 ], [ 8.412839822330625, 13.037133087320569 ], [ 8.394895933138628, 13.022482600366288 ], [ 8.377320795197136, 13.018489295653012 ], [ 8.372899832193298, 13.016996380638659 ], [ 8.365991664499518, 13.017105123712554 ], [ 8.362635997219513, 13.030173099591593 ], [ 8.363377456723299, 13.048612905120592 ], [ 8.375075549671578, 13.069692322443075 ], [ 8.379196916471869, 13.071025890349176 ], [ 8.380611887433304, 13.073459976002994 ], [ 8.371354358143208, 13.082331457030762 ], [ 8.357064821434165, 13.075601100457789 ], [ 8.34163288894888, 13.060662888308002 ], [ 8.330290747242429, 13.058501413839394 ], [ 8.319764990090675, 13.057464530134837 ], [ 8.31046929677467, 13.056422934427133 ], [ 8.311805590682638, 13.053573005490762 ], [ 8.31278206734612, 13.051544938112784 ], [ 8.31326887567684, 13.050377812319766 ], [ 8.313827855056672, 13.049001675384716 ], [ 8.314300001377489, 13.047899998636183 ], [ 8.314671115629608, 13.046351685584227 ], [ 8.312069804862176, 13.046719333834005 ], [ 8.306100050805981, 13.045802981211352 ], [ 8.295117013343543, 13.036835653118487 ], [ 8.286610313563642, 13.029767957316324 ], [ 8.273996692993251, 13.022567371423861 ], [ 8.253102018796312, 13.021181087481978 ], [ 8.243054249969305, 13.015962512936198 ], [ 8.233424282426199, 13.007980444512725 ], [ 8.249357130251838, 12.990558422675292 ], [ 8.247991963324296, 12.989174577735014 ], [ 8.246746011477683, 12.988196847070697 ], [ 8.242386705515742, 12.987022026272484 ], [ 8.24176019509008, 12.987036596282394 ], [ 8.239931101847276, 12.987079133311283 ], [ 8.237247070023614, 12.986051205612853 ], [ 8.232678504919477, 12.986051205612853 ], [ 8.225254585875291, 12.983481387866789 ], [ 8.219186960752609, 12.981139999275911 ], [ 8.205302806319025, 13.00037794134721 ], [ 8.203399237025621, 13.003185705254964 ], [ 8.199258975212501, 13.005232040645353 ], [ 8.198973439018516, 13.006945252809373 ], [ 8.199830044600503, 13.008182572650071 ], [ 8.203589594154948, 13.009800606749479 ], [ 8.205921465739323, 13.011799354107495 ], [ 8.207872624065089, 13.013131852012862 ], [ 8.209823782390799, 13.016605865373322 ], [ 8.21129904739314, 13.020746127186442 ], [ 8.211760761706898, 13.023562582100055 ], [ 8.21177493971652, 13.023649070158854 ], [ 8.207459238784168, 13.029480418120954 ], [ 8.192570710668122, 13.029215273940792 ], [ 8.179940066086203, 13.01711350771825 ], [ 8.172098053757907, 13.012798947786678 ], [ 8.169525494009974, 13.016894783569626 ], [ 8.16530928514527, 13.023085837776136 ], [ 8.161895974826109, 13.030719260962712 ], [ 8.160962487191853, 13.038451709216531 ], [ 8.160255984711796, 13.042667433080908 ], [ 8.160683809002478, 13.047946673667923 ], [ 8.159614250275752, 13.055795864001084 ], [ 8.158707823659881, 13.062005749220418 ], [ 8.158381642438258, 13.066248027102802 ], [ 8.157701765976356, 13.07080879320165 ], [ 8.154727439955423, 13.076043607758493 ], [ 8.1515151677728, 13.080683555911094 ], [ 8.143662946437587, 13.082587125204498 ], [ 8.141440716927718, 13.088079281936132 ], [ 8.137952239557478, 13.092104968671379 ], [ 8.134352006111271, 13.097058851037332 ], [ 8.128520157148785, 13.101645963154056 ], [ 8.126621341858652, 13.106426040401914 ], [ 8.12271093020172, 13.108689901940068 ], [ 8.114961982936677, 13.113326478090414 ], [ 8.114486090613298, 13.120940753263937 ], [ 8.117804134867754, 13.127429947673079 ], [ 8.12281420427189, 13.139976441197803 ], [ 8.122541060086292, 13.150886481610655 ], [ 8.120672688816796, 13.164008996526832 ], [ 8.118055282038426, 13.17019559573032 ], [ 8.110782039096591, 13.183339345660897 ], [ 8.100230954927611, 13.205550712752483 ], [ 8.092716558821962, 13.2165072781969 ], [ 8.087314804151674, 13.225271107151514 ], [ 8.086648022698625, 13.228461292319139 ], [ 8.084194029031266, 13.240201968296333 ], [ 8.080697743655719, 13.254904408285995 ], [ 8.076821232021814, 13.262327345329481 ], [ 8.069133798798532, 13.277518534651222 ], [ 8.066008232674903, 13.28926132962988 ], [ 8.062230053107783, 13.299600692655019 ], [ 8.062071080999772, 13.310177916841724 ], [ 8.062040113978753, 13.316795177337838 ], [ 8.08411640097853, 13.312102963149698 ], [ 8.101513975799378, 13.308146704461592 ], [ 8.115366625211607, 13.305111633399406 ], [ 8.12222099286879, 13.30360984837904 ], [ 8.12333297662434, 13.303054810001925 ], [ 8.124721526567782, 13.298610686982329 ], [ 8.13055419953082, 13.290833472698068 ], [ 8.141387938891853, 13.280553817713553 ], [ 8.149575948455208, 13.275051056974689 ], [ 8.16277262042172, 13.266210046967615 ], [ 8.167737381795064, 13.262845197681372 ], [ 8.179759951963831, 13.254764784191082 ], [ 8.187204771022209, 13.249760957791239 ], [ 8.190046604953125, 13.247850873493405 ], [ 8.194336915868178, 13.244967190534112 ], [ 8.197418807962208, 13.242798623060651 ], [ 8.211985638859687, 13.233104455473949 ], [ 8.217945186908878, 13.229098564752121 ], [ 8.226110458456844, 13.223609924022867 ], [ 8.23583221406227, 13.219165802003261 ], [ 8.243082028988226, 13.21853363457376 ], [ 8.251508711713711, 13.217596053936688 ], [ 8.27466739744898, 13.205103951448905 ], [ 8.287221908979177, 13.198331832847543 ], [ 8.310789230992043, 13.176050382708354 ], [ 8.319336567799553, 13.16796890221741 ], [ 8.323347684524947, 13.164093914584498 ], [ 8.330795258585226, 13.157134457855875 ], [ 8.33959660856533, 13.148813144201938 ], [ 8.343569966265022, 13.145056404649438 ], [ 8.35100006231346, 13.138242682019836 ], [ 8.358222765220944, 13.131985736768513 ], [ 8.367126400270536, 13.124272399527683 ], [ 8.371347853138786, 13.120615216042779 ], [ 8.377973276640489, 13.114875281142758 ], [ 8.384786736269916, 13.108972302131974 ], [ 8.393281330041589, 13.101612640131407 ], [ 8.408609390456263, 13.088333130108595 ], [ 8.427161618061632, 13.083631214913908 ] ] ] ] } },
{ "type": "Feature", "properties": { "fid": 450.0, "OBJECTID": 450.0, "lganame": "Ingawa", "statecode": "KT", "LGA_UID": "20_15" }, "geometry": { "type": "MultiPolygon", "coordinates": [ [ [ [ 8.141625530053261, 12.811018202686171 ], [ 8.127836427684258, 12.801113419956323 ], [ 8.127918636740105, 12.796827571044275 ], [ 8.152304577309167, 12.796827571044275 ], [ 8.152371404354597, 12.795902030415448 ], [ 8.152468590420654, 12.794556002500883 ], [ 8.154943229102059, 12.785761514525404 ], [ 8.161485569547267, 12.769789852673455 ], [ 8.162865770485041, 12.763920261685314 ], [ 8.16714400539189, 12.756687800771203 ], [ 8.172108300764876, 12.751146484006142 ], [ 8.180168854241685, 12.756107495376909 ], [ 8.18088189272612, 12.753650259707342 ], [ 8.181963564461057, 12.750326361448913 ], [ 8.180072999176502, 12.750004302230082 ], [ 8.179178140568524, 12.74849453320428 ], [ 8.1805134894758, 12.743311065682349 ], [ 8.184898266455093, 12.73506674608069 ], [ 8.185127750611002, 12.732469973316313 ], [ 8.183196604298871, 12.731948343961903 ], [ 8.181212478950727, 12.731509803663926 ], [ 8.179007498452563, 12.730586306036457 ], [ 8.177843506661702, 12.730456958948594 ], [ 8.176660410857835, 12.730325488859251 ], [ 8.174328883273688, 12.730587550037285 ], [ 8.166788755150492, 12.728950089924751 ], [ 8.163330514800805, 12.727054804636964 ], [ 8.159183374983002, 12.726720353409746 ], [ 8.153918398405722, 12.723994496557623 ], [ 8.144535414030429, 12.721262380701319 ], [ 8.14333146021238, 12.715329468670177 ], [ 8.152732475599919, 12.69282638338035 ], [ 8.15389010238647, 12.690600001867665 ], [ 8.156085558878203, 12.687961196074696 ], [ 8.158280775369747, 12.686316719957347 ], [ 8.16002351555386, 12.683965512359805 ], [ 8.160432934832045, 12.667056628871023 ], [ 8.159230758015212, 12.665606388885635 ], [ 8.158454514487801, 12.663168699229345 ], [ 8.153242574946546, 12.655401583951971 ], [ 8.182134731577378, 12.651782658493062 ], [ 8.183460518478171, 12.635248842259159 ], [ 8.185268903706913, 12.629936396649555 ], [ 8.18591817614805, 12.629855005594266 ], [ 8.186454982512771, 12.629717948501138 ], [ 8.187128845970619, 12.629786477547725 ], [ 8.187757024397456, 12.630151962796049 ], [ 8.18812250864579, 12.628758550849284 ], [ 8.188956272212295, 12.62888418593468 ], [ 8.190395370190117, 12.628724285826024 ], [ 8.191240554764363, 12.627193816786132 ], [ 8.191194868733305, 12.626291525173087 ], [ 8.190983020589385, 12.625550392669481 ], [ 8.19039513618992, 12.624009391622451 ], [ 8.196765448518249, 12.62288216185658 ], [ 8.203539322120776, 12.621629711005596 ], [ 8.208245380318317, 12.619611858634528 ], [ 8.219939223263736, 12.616271932365237 ], [ 8.226713094866284, 12.613558208521397 ], [ 8.230492203433982, 12.612514461812168 ], [ 8.237013231864751, 12.608953932392978 ], [ 8.240167971008248, 12.604882327626513 ], [ 8.246199607106462, 12.594415679514896 ], [ 8.236084048233408, 12.591205942334057 ], [ 8.232354852699586, 12.584921972064421 ], [ 8.228276267928379, 12.584734076936741 ], [ 8.194753641151351, 12.567607313299902 ], [ 8.179865978035878, 12.564088129908782 ], [ 8.180230241283368, 12.563015562179999 ], [ 8.180830845691446, 12.56242933678169 ], [ 8.181350326044424, 12.561741329314259 ], [ 8.181211152949857, 12.560534470494247 ], [ 8.180880895725466, 12.559156221557771 ], [ 8.181231248963513, 12.55808145882753 ], [ 8.180780794657437, 12.557006692097275 ], [ 8.179687961914908, 12.554727826548913 ], [ 8.180380392385416, 12.553850756952954 ], [ 8.180580593521427, 12.552971388355502 ], [ 8.179242624612357, 12.552120799777526 ], [ 8.179229233603223, 12.550870659928137 ], [ 8.179229233603223, 12.549747007164683 ], [ 8.179329333671262, 12.548867623567162 ], [ 8.178628629195146, 12.547597397704124 ], [ 8.178378377025126, 12.546522586973822 ], [ 8.17767767154902, 12.545887468542276 ], [ 8.177927923719039, 12.545008071944778 ], [ 8.17722721924298, 12.543522861935628 ], [ 8.176626613834856, 12.542496890238567 ], [ 8.176776764936903, 12.541568624607805 ], [ 8.177087377147927, 12.540370950794056 ], [ 8.176860310993675, 12.539517317214063 ], [ 8.176976967072903, 12.538344102416943 ], [ 8.176734816908379, 12.53782124606164 ], [ 8.176173275526878, 12.537745496010189 ], [ 8.175816756284632, 12.537397477773709 ], [ 8.17562661215544, 12.536956654474238 ], [ 8.175674148187738, 12.536237413985532 ], [ 8.175777741258116, 12.535754690657541 ], [ 8.176054436446123, 12.53507734619734 ], [ 8.176648634849812, 12.534682920929299 ], [ 8.177147762188952, 12.53435810070863 ], [ 8.177575586479634, 12.533870869377552 ], [ 8.177813265641134, 12.533337233015004 ], [ 8.177955872738039, 12.532757192620863 ], [ 8.177741961592687, 12.532153950211011 ], [ 8.177290370285846, 12.531573906816902 ], [ 8.176712563893261, 12.531070951475158 ], [ 8.176197042542981, 12.530738643249379 ], [ 8.175959364381526, 12.530228202902549 ], [ 8.176006900413824, 12.529578550461167 ], [ 8.176441423709036, 12.528962416042532 ], [ 8.176886315011302, 12.528274598575194 ], [ 8.177422593375695, 12.527880928307695 ], [ 8.177837033657283, 12.527323313928832 ], [ 8.177646889528091, 12.526696855503189 ], [ 8.177314138301995, 12.526047194061732 ], [ 8.1769338510436, 12.525583148746477 ], [ 8.176387186672173, 12.525026293368114 ], [ 8.176212523553545, 12.524270950854884 ], [ 8.175769220252334, 12.523425328280325 ], [ 8.175555308106993, 12.522590036712757 ], [ 8.175697916203887, 12.521569123019106 ], [ 8.17564305016657, 12.520850373530777 ], [ 8.175293860929344, 12.520501800293914 ], [ 8.174818500606364, 12.520130556041693 ], [ 8.174343142283362, 12.519545844644369 ], [ 8.174557053428714, 12.518942571234504 ], [ 8.174831424615149, 12.518480583920621 ], [ 8.175198788864748, 12.517712816398955 ], [ 8.175487518060891, 12.517470953234579 ], [ 8.175959364381526, 12.517364771162477 ], [ 8.176529794769067, 12.51752719227278 ], [ 8.177147762188952, 12.517944845556599 ], [ 8.177623121511942, 12.518153671698485 ], [ 8.178181576891404, 12.518062609636615 ], [ 8.178241088931827, 12.51752719227278 ], [ 8.178597609174062, 12.516900709847164 ], [ 8.178882267367499, 12.516150393337341 ], [ 8.179209617589891, 12.515467888873616 ], [ 8.179614944865307, 12.514919754501193 ], [ 8.180213831272226, 12.514487581207561 ], [ 8.180482208454578, 12.514002385877859 ], [ 8.180903101740569, 12.513373821450784 ], [ 8.180950637772867, 12.512724126009346 ], [ 8.180808029675973, 12.511981614504862 ], [ 8.180546582498323, 12.511285509031893 ], [ 8.179833543013842, 12.510705418637713 ], [ 8.180190063256077, 12.510218143306645 ], [ 8.180689189595228, 12.50991649510172 ], [ 8.1813546940474, 12.509591642880991 ], [ 8.182043964515685, 12.509266790660263 ], [ 8.182067732531834, 12.508361844045396 ], [ 8.182733235984017, 12.507503301462066 ], [ 8.183517578516955, 12.506621550862917 ], [ 8.184396994114479, 12.507340873351666 ], [ 8.185181336647418, 12.50780495066698 ], [ 8.186227128357984, 12.507967377777391 ], [ 8.187059006923221, 12.507712135603924 ], [ 8.188081029617592, 12.507039222146716 ], [ 8.18960217965116, 12.506041451468775 ], [ 8.190386523184088, 12.505182899885426 ], [ 8.188223637714486, 12.504463571396684 ], [ 8.187296687084711, 12.503999487081387 ], [ 8.18658364760023, 12.503674627860619 ], [ 8.18632220042258, 12.503256950576827 ], [ 8.186179592325686, 12.502468005040782 ], [ 8.185704233002696, 12.502143142820046 ], [ 8.185062496566673, 12.502073529772758 ], [ 8.183683954629998, 12.501771872567815 ], [ 8.18266193193557, 12.501168557157882 ], [ 8.181616141225049, 12.500008331369543 ], [ 8.180760493643675, 12.499010531691624 ], [ 8.179976151110736, 12.49768786279293 ], [ 8.178977896432457, 12.496434801941518 ], [ 8.178311535979674, 12.49621766479396 ], [ 8.176812349961097, 12.496470951966103 ], [ 8.175792988268483, 12.495715449452746 ], [ 8.175032412751705, 12.494810453837829 ], [ 8.174295606251064, 12.494207122427895 ], [ 8.173772709895786, 12.493696609081042 ], [ 8.173035903395146, 12.49344135290761 ], [ 8.172132719781473, 12.493209300749925 ], [ 8.171681129474621, 12.49253635029271 ], [ 8.171413621292913, 12.491484263577888 ], [ 8.168808775523019, 12.481746267961341 ], [ 8.162895116504956, 12.474482831026194 ], [ 8.162164963008877, 12.462392860811633 ], [ 8.164964010910694, 12.451413511351689 ], [ 8.158782593710725, 12.447324362573283 ], [ 8.156739727322645, 12.44030048580089 ], [ 8.155836047708647, 12.440535732960711 ], [ 8.148618195804488, 12.439649405358523 ], [ 8.130165955267046, 12.441150616378536 ], [ 8.108160370315261, 12.416365815538427 ], [ 8.078651895265637, 12.417515496319538 ], [ 8.077202304280718, 12.417488839301427 ], [ 8.07702371815941, 12.417476686293185 ], [ 8.055168494309783, 12.417187664096787 ], [ 8.047943132400519, 12.412637168004949 ], [ 8.04352827740081, 12.421273868873186 ], [ 8.043323038261349, 12.434730093016071 ], [ 8.044708094202463, 12.439806275465116 ], [ 8.045599392808015, 12.442800344499403 ], [ 8.04645504038939, 12.445515865344476 ], [ 8.048237636600618, 12.448683937497037 ], [ 8.048487200770182, 12.453140059524799 ], [ 8.049663715569523, 12.455507344133252 ], [ 8.051695877950294, 12.455194027920356 ], [ 8.051148150578172, 12.456753960980279 ], [ 8.050412407078227, 12.45884935640396 ], [ 8.045207220541556, 12.464837019472327 ], [ 8.044815049275087, 12.465742119087281 ], [ 8.045064613444652, 12.466995328938765 ], [ 8.047916770382585, 12.467621932364523 ], [ 8.048126911525344, 12.468178149742471 ], [ 8.047809814309915, 12.469675785760046 ], [ 8.047615612177935, 12.472890910944557 ], [ 8.048469829758346, 12.476642980493921 ], [ 8.048952179086086, 12.477664723188127 ], [ 8.051909789095646, 12.479248619264297 ], [ 8.054334122742887, 12.481546045825326 ], [ 8.053692387306853, 12.483947880457265 ], [ 8.052974566819103, 12.486973171512773 ], [ 8.053371520088831, 12.487637609964224 ], [ 8.054441077815568, 12.487985695200734 ], [ 8.056330632099389, 12.488751480721078 ], [ 8.057186278680774, 12.489795730430558 ], [ 8.05814888233482, 12.49177979177864 ], [ 8.058782311765185, 12.494547606659239 ], [ 8.058648009673959, 12.49821918715395 ], [ 8.057899318165255, 12.502396005991898 ], [ 8.058861920819311, 12.506990429113557 ], [ 8.057400190826115, 12.512942173157512 ], [ 8.056865412462741, 12.517049144947975 ], [ 8.057860807139093, 12.519045846304664 ], [ 8.062391465217445, 12.523940356630249 ], [ 8.062034945975199, 12.527177074829467 ], [ 8.0608396961631, 12.528999276067566 ], [ 8.061607121684517, 12.530100526815772 ], [ 8.062819288508138, 12.530413752028608 ], [ 8.063960151283311, 12.530100526815772 ], [ 8.065279274179602, 12.529822104626646 ], [ 8.066384484930552, 12.53083138531241 ], [ 8.066847960245411, 12.532432305400107 ], [ 8.06716882846348, 12.535808123693869 ], [ 8.067195679481699, 12.536757090338597 ], [ 8.060816465147298, 12.538835819751 ], [ 8.044773616246971, 12.539236043022925 ], [ 8.032586524966405, 12.546478356943737 ], [ 8.043493257377008, 12.558423927060232 ], [ 8.04437033397295, 12.561511576158125 ], [ 8.042818539918585, 12.571338550835094 ], [ 8.036902119898627, 12.573726291457433 ], [ 8.033589486647884, 12.573890030568691 ], [ 8.026601621899943, 12.573543327333141 ], [ 8.027306779379046, 12.562232600648031 ], [ 8.026522435846118, 12.557639161526993 ], [ 8.016858486279943, 12.555238452895821 ], [ 8.012246414146261, 12.553975967038014 ], [ 8.007448636886409, 12.552140847791179 ], [ 8.004608364956539, 12.554890019659069 ], [ 7.999294321345928, 12.558086445830895 ], [ 7.989011167358967, 12.562365520738354 ], [ 7.983992726949225, 12.57705051471612 ], [ 7.992886725992264, 12.592915747495795 ], [ 7.996101752176742, 12.601745956495506 ], [ 7.997662967237488, 12.611327807005921 ], [ 7.998980454132663, 12.616528662539679 ], [ 7.986906367928896, 12.620965880554536 ], [ 7.963968441343638, 12.628698003808154 ], [ 7.955146377349479, 12.627476001977868 ], [ 7.956176009049045, 12.648088918983376 ], [ 7.959110002042564, 12.652749664150122 ], [ 7.962697212479895, 12.6538290268835 ], [ 7.961295300527354, 12.673599936316919 ], [ 7.953837671460235, 12.67928128317709 ], [ 7.957851181187266, 12.687841333993276 ], [ 7.964433876659882, 12.70111009000874 ], [ 7.966525623081111, 12.715451004752765 ], [ 7.963191839815977, 12.730986557308427 ], [ 7.964066392410189, 12.7431630625818 ], [ 7.973025646497604, 12.742519740144644 ], [ 7.993314621282991, 12.740650241874448 ], [ 7.988895499280432, 12.727613663016712 ], [ 7.994394823016933, 12.722042286231215 ], [ 8.014736002837822, 12.704998066650433 ], [ 8.015502925358874, 12.708440657989513 ], [ 8.024306843340753, 12.727225593753019 ], [ 8.025780458342012, 12.727828377162552 ], [ 8.027301608375524, 12.728384790540645 ], [ 8.030509808555394, 12.732134989088706 ], [ 8.030538330574757, 12.732573158386458 ], [ 8.030680937671661, 12.732788763532938 ], [ 8.030937631846029, 12.732948729641635 ], [ 8.031258500064098, 12.733011324684128 ], [ 8.031771888412891, 12.733143470773939 ], [ 8.031978669553382, 12.733219976825922 ], [ 8.032705970047573, 12.73326170685425 ], [ 8.034238182088643, 12.734909669974002 ], [ 8.036662514735838, 12.73713525648617 ], [ 8.038231200801704, 12.738317590289512 ], [ 8.039585974722172, 12.738665334525763 ], [ 8.041711040166092, 12.738694827545828 ], [ 8.045361592646486, 12.740890888037939 ], [ 8.059667323366511, 12.748116144947176 ], [ 8.065881032588436, 12.762810368931184 ], [ 8.066481761996613, 12.76431006995017 ], [ 8.067558951728529, 12.767708791259452 ], [ 8.081968846519374, 12.767770724301556 ], [ 8.097854183312734, 12.768109004531368 ], [ 8.10037953002859, 12.771209343637906 ], [ 8.104182405612448, 12.776801449437471 ], [ 8.107270860710912, 12.780711878094451 ], [ 8.104380318746905, 12.784246438495984 ], [ 8.09797099139206, 12.788390778311907 ], [ 8.098996550088884, 12.79173359458315 ], [ 8.101221231600448, 12.794459323435149 ], [ 8.102419138414405, 12.797129395249385 ], [ 8.105442424468549, 12.798408795118632 ], [ 8.106982587515006, 12.800522570554847 ], [ 8.108123451290169, 12.801245701046184 ], [ 8.108182491330297, 12.801879177476621 ], [ 8.107751563037539, 12.804249452087106 ], [ 8.108291384404311, 12.804776502445236 ], [ 8.116198585776885, 12.802567658944383 ], [ 8.120017371371546, 12.806344119510356 ], [ 8.120540265726845, 12.806854007856771 ], [ 8.12240000099041, 12.807799999499537 ], [ 8.124989748750068, 12.810275515181559 ], [ 8.127539931482772, 12.812578818746545 ], [ 8.129650200916615, 12.814378758969497 ], [ 8.131226825987824, 12.816225408224227 ], [ 8.141625530053261, 12.811018202686171 ] ] ] ] } },
{ "type": "Feature", "properties": { "fid": 464.0, "OBJECTID": 464.0, "lganame": "Daura", "statecode": "KT", "LGA_UID": "20_10" }, "geometry": { "type": "MultiPolygon", "coordinates": [ [ [ [ 8.363377456723299, 13.048612905120592 ], [ 8.362635997219513, 13.030173099591593 ], [ 8.365991664499518, 13.017105123712554 ], [ 8.360970725088009, 13.011920707189972 ], [ 8.355731366528119, 13.011232330722237 ], [ 8.346752395427359, 12.988928257567693 ], [ 8.347117975675758, 12.980394457769364 ], [ 8.347127873682439, 12.979958149472907 ], [ 8.348354365515831, 12.979187256949103 ], [ 8.352678696454007, 12.976469250102355 ], [ 8.353186542799051, 12.976312274995735 ], [ 8.353005881676324, 12.975937882741334 ], [ 8.351643379750556, 12.968713192832467 ], [ 8.347827853158094, 12.960837013481012 ], [ 8.345763656755537, 12.957228543029203 ], [ 8.337539359167522, 12.95294466411849 ], [ 8.33835794872374, 12.951376058052745 ], [ 8.341972232179444, 12.94531711493596 ], [ 8.344013105566148, 12.942098580749132 ], [ 8.345985741906418, 12.938973266625624 ], [ 8.345175139355661, 12.923662051222379 ], [ 8.343169375992829, 12.920509618080416 ], [ 8.336541243489364, 12.916763733535277 ], [ 8.327545453377127, 12.913064307021671 ], [ 8.31160608854708, 12.909250958430675 ], [ 8.298655498747792, 12.910603961349977 ], [ 8.297193147754172, 12.910658912387362 ], [ 8.294909872202766, 12.909856548842185 ], [ 8.282457339741882, 12.9054805778689 ], [ 8.280051337107125, 12.903041085211385 ], [ 8.273434332611146, 12.900928170775728 ], [ 8.268756796433024, 12.901206186964657 ], [ 8.266360983805157, 12.900427742435738 ], [ 8.264028274220209, 12.900690402614202 ], [ 8.263169047636381, 12.898878144382877 ], [ 8.260237581644617, 12.893345428623661 ], [ 8.258159355232522, 12.889423002958551 ], [ 8.253749535236295, 12.882808116464048 ], [ 8.25297399470935, 12.881481122562377 ], [ 8.250597690094764, 12.879914139497714 ], [ 8.239515709565069, 12.895695734220567 ], [ 8.234777036345349, 12.902685880970012 ], [ 8.229919839045124, 12.909627177686332 ], [ 8.229919839045124, 12.915660605785774 ], [ 8.229696776893547, 12.918595733780023 ], [ 8.2294179497041, 12.924085417510014 ], [ 8.227633457491606, 12.932346894123327 ], [ 8.226603372791715, 12.938624100388381 ], [ 8.224228673178231, 12.950073414167662 ], [ 8.221643655421815, 12.957502910215624 ], [ 8.221362100230522, 12.962514927621044 ], [ 8.210014238520216, 12.971774585912556 ], [ 8.206922992419834, 12.973943504386227 ], [ 8.204011415441585, 12.97753346882547 ], [ 8.197118702758303, 12.984713242703776 ], [ 8.195692624789331, 12.987087155316715 ], [ 8.194444805941487, 12.990213736441092 ], [ 8.190699322396597, 12.99365907078203 ], [ 8.184952500491931, 12.99894527237376 ], [ 8.178438484065964, 13.004736944308945 ], [ 8.174023440066151, 13.009733448703855 ], [ 8.172098053757907, 13.012798947786678 ], [ 8.179940066086203, 13.01711350771825 ], [ 8.192570710668122, 13.029215273940792 ], [ 8.207459238784168, 13.029480418120954 ], [ 8.21177493971652, 13.023649070158854 ], [ 8.211760761706898, 13.023562582100055 ], [ 8.21129904739314, 13.020746127186442 ], [ 8.209823782390799, 13.016605865373322 ], [ 8.207872624065089, 13.013131852012862 ], [ 8.205921465739323, 13.011799354107495 ], [ 8.203589594154948, 13.009800606749479 ], [ 8.199830044600503, 13.008182572650071 ], [ 8.198973439018516, 13.006945252809373 ], [ 8.199258975212501, 13.005232040645353 ], [ 8.203399237025621, 13.003185705254964 ], [ 8.205302806319025, 13.00037794134721 ], [ 8.219186960752609, 12.981139999275911 ], [ 8.225254585875291, 12.983481387866789 ], [ 8.232678504919477, 12.986051205612853 ], [ 8.237247070023614, 12.986051205612853 ], [ 8.239931101847276, 12.987079133311283 ], [ 8.24176019509008, 12.987036596282394 ], [ 8.242386705515742, 12.987022026272484 ], [ 8.246746011477683, 12.988196847070697 ], [ 8.247991963324296, 12.989174577735014 ], [ 8.249357130251838, 12.990558422675292 ], [ 8.233424282426199, 13.007980444512725 ], [ 8.243054249969305, 13.015962512936198 ], [ 8.253102018796312, 13.021181087481978 ], [ 8.273996692993251, 13.022567371423861 ], [ 8.286610313563642, 13.029767957316324 ], [ 8.295117013343543, 13.036835653118487 ], [ 8.306100050805981, 13.045802981211352 ], [ 8.312069804862176, 13.046719333834005 ], [ 8.314671115629608, 13.046351685584227 ], [ 8.314300001377489, 13.047899998636183 ], [ 8.313827855056672, 13.049001675384716 ], [ 8.31326887567684, 13.050377812319766 ], [ 8.31278206734612, 13.051544938112784 ], [ 8.311805590682638, 13.053573005490762 ], [ 8.31046929677467, 13.056422934427133 ], [ 8.319764990090675, 13.057464530134837 ], [ 8.330290747242429, 13.058501413839394 ], [ 8.34163288894888, 13.060662888308002 ], [ 8.357064821434165, 13.075601100457789 ], [ 8.371354358143208, 13.082331457030762 ], [ 8.380611887433304, 13.073459976002994 ], [ 8.379196916471869, 13.071025890349176 ], [ 8.375075549671578, 13.069692322443075 ], [ 8.363377456723299, 13.048612905120592 ] ] ] ] } },
{ "type": "Feature", "properties": { "fid": 465.0, "OBJECTID": 465.0, "lganame": "Sandamu", "statecode": "KT", "LGA_UID": "20_33" }, "geometry": { "type": "MultiPolygon", "coordinates": [ [ [ [ 8.418879732434505, 13.026468933074796 ], [ 8.423405491509527, 13.002155722555131 ], [ 8.439544531475235, 12.988618350357115 ], [ 8.436905776682352, 12.974573442814233 ], [ 8.436892493673326, 12.974573655814424 ], [ 8.440631055213487, 12.97051273205517 ], [ 8.446699999337056, 12.953899997767621 ], [ 8.449200001035706, 12.953400001427894 ], [ 8.45109999932663, 12.952900000088164 ], [ 8.454000000297071, 12.951900002408706 ], [ 8.45667582211513, 12.950814136670942 ], [ 8.456676479115572, 12.948285664952948 ], [ 8.458386199277243, 12.942851519260728 ], [ 8.470316390383289, 12.926277513999423 ], [ 8.465632616200878, 12.923358516016094 ], [ 8.45258630133651, 12.9099986069387 ], [ 8.44866409167156, 12.904210801006172 ], [ 8.447759520056934, 12.899573626855386 ], [ 8.447387243803973, 12.891233815188912 ], [ 8.455637458409626, 12.878730037693174 ], [ 8.461434116348187, 12.858772071132648 ], [ 8.464177660212272, 12.844543731465194 ], [ 8.493029119815503, 12.844098384162578 ], [ 8.502569345297616, 12.844880639694111 ], [ 8.504631605698876, 12.843945697058814 ], [ 8.502112606987282, 12.83382183018017 ], [ 8.498859405776898, 12.833621025043726 ], [ 8.485254776533225, 12.832024177958715 ], [ 8.47880233914907, 12.830661485032863 ], [ 8.469829929052764, 12.828112277300761 ], [ 8.467066902175418, 12.826837663434731 ], [ 8.461984397722063, 12.82324486399358 ], [ 8.459164050805782, 12.821883989068965 ], [ 8.456311894867895, 12.820985944458755 ], [ 8.452301049142704, 12.818958089080922 ], [ 8.444071388551038, 12.816090095132267 ], [ 8.435351536626285, 12.815188293519554 ], [ 8.4229034291684, 12.820932048422151 ], [ 8.416278105666777, 12.822844010721212 ], [ 8.407543375731962, 12.824292457705383 ], [ 8.401312465498336, 12.825215773332729 ], [ 8.398377832504423, 12.825942682826621 ], [ 8.394937331166773, 12.826248848034652 ], [ 8.394147010629752, 12.826088740925854 ], [ 8.390081405867363, 12.825280190376532 ], [ 8.3839997507352, 12.825236538346871 ], [ 8.377170563095035, 12.825189590314949 ], [ 8.374614639358413, 12.82514448628433 ], [ 8.372727054075881, 12.825309306396264 ], [ 8.370633502653448, 12.825492110520486 ], [ 8.367781346715503, 12.825028611205596 ], [ 8.364513250495008, 12.82444923381189 ], [ 8.361660703556822, 12.82414112460259 ], [ 8.360830316992633, 12.824051432541637 ], [ 8.352394484260856, 12.82546574050258 ], [ 8.35000119163476, 12.826866759454504 ], [ 8.346843347489141, 12.829898303514312 ], [ 8.338193511611962, 12.835304579187607 ], [ 8.337479200126666, 12.836011287667759 ], [ 8.325614739065315, 12.834206307441377 ], [ 8.300301847866365, 12.831008251268429 ], [ 8.292329121449313, 12.829145269002652 ], [ 8.288608005920992, 12.829061587945773 ], [ 8.276914162975572, 12.829131111993036 ], [ 8.260585565881058, 12.830104444654353 ], [ 8.253811694278511, 12.829270160087503 ], [ 8.245017770303434, 12.827897030154531 ], [ 8.242117851333091, 12.826141564961745 ], [ 8.24190393918775, 12.829200636040241 ], [ 8.243605461343861, 12.83679293619889 ], [ 8.245355613532979, 12.8436313038452 ], [ 8.247839842220912, 12.848607141226069 ], [ 8.250527955047346, 12.850973409833841 ], [ 8.252436955344422, 12.852869818122372 ], [ 8.259234595963107, 12.854955329539393 ], [ 8.262792512380543, 12.856489801581972 ], [ 8.260958945134746, 12.861755430159747 ], [ 8.259904144418044, 12.864923835312482 ], [ 8.258254072296893, 12.871132189530783 ], [ 8.250597690094764, 12.879914139497714 ], [ 8.25297399470935, 12.881481122562377 ], [ 8.253749535236295, 12.882808116464048 ], [ 8.258159355232522, 12.889423002958551 ], [ 8.260237581644617, 12.893345428623661 ], [ 8.263169047636381, 12.898878144382877 ], [ 8.264028274220209, 12.900690402614202 ], [ 8.266360983805157, 12.900427742435738 ], [ 8.268756796433024, 12.901206186964657 ], [ 8.273434332611146, 12.900928170775728 ], [ 8.280051337107125, 12.903041085211385 ], [ 8.282457339741882, 12.9054805778689 ], [ 8.297193147754172, 12.910658912387362 ], [ 8.298655498747792, 12.910603961349977 ], [ 8.31160608854708, 12.909250958430675 ], [ 8.327545453377127, 12.913064307021671 ], [ 8.336541243489364, 12.916763733535277 ], [ 8.343169375992829, 12.920509618080416 ], [ 8.345175139355661, 12.923662051222379 ], [ 8.345985741906418, 12.938973266625624 ], [ 8.344013105566148, 12.942098580749132 ], [ 8.341972232179444, 12.94531711493596 ], [ 8.33835794872374, 12.951376058052745 ], [ 8.337539359167522, 12.95294466411849 ], [ 8.345763656755537, 12.957228543029203 ], [ 8.347827853158094, 12.960837013481012 ], [ 8.351643379750556, 12.968713192832467 ], [ 8.353005881676324, 12.975937882741334 ], [ 8.353186542799051, 12.976312274995735 ], [ 8.352678696454007, 12.976469250102355 ], [ 8.348354365515831, 12.979187256949103 ], [ 8.347127873682439, 12.979958149472907 ], [ 8.347117975675758, 12.980394457769364 ], [ 8.346752395427359, 12.988928257567693 ], [ 8.355731366528119, 13.011232330722237 ], [ 8.360970725088009, 13.011920707189972 ], [ 8.365991664499518, 13.017105123712554 ], [ 8.372899832193298, 13.016996380638659 ], [ 8.377320795197136, 13.018489295653012 ], [ 8.394895933138628, 13.022482600366288 ], [ 8.412839822330625, 13.037133087320569 ], [ 8.413448322744102, 13.037952295877233 ], [ 8.413716342926193, 13.036304169757386 ], [ 8.418879732434505, 13.026468933074796 ] ] ] ] } },
{ "type": "Feature", "properties": { "fid": 469.0, "OBJECTID": 469.0, "lganame": "Katsina", "statecode": "KT", "LGA_UID": "20_21" }, "geometry": { "type": "MultiPolygon", "coordinates": [ [ [ [ 7.669285327120292, 13.081034497149517 ], [ 7.672186027091186, 13.051450408048538 ], [ 7.672771082488737, 13.048839392274488 ], [ 7.658772900977624, 13.040839399838887 ], [ 7.660686777277988, 13.033949029157156 ], [ 7.660648618252083, 13.033756112026083 ], [ 7.66192595811998, 13.028666633568037 ], [ 7.667473003888915, 13.028125396200267 ], [ 7.669992409600752, 13.028009615121618 ], [ 7.670090995667749, 13.02613007384457 ], [ 7.670022759621361, 13.025433956371558 ], [ 7.676169754797968, 13.025680661539184 ], [ 7.677326179583702, 13.032607666245781 ], [ 7.686488733809199, 13.030766776994994 ], [ 7.687456090466469, 13.030426383763711 ], [ 7.688549145209151, 13.029840778365838 ], [ 7.689798362057957, 13.028603457525094 ], [ 7.690762043712709, 13.027223370587421 ], [ 7.690702556672306, 13.025224624229338 ], [ 7.689627527941866, 13.024041746425667 ], [ 7.689626951941477, 13.024042815426355 ], [ 7.687046954188531, 13.024130170485705 ], [ 7.687036262181266, 13.023326969940001 ], [ 7.687210013299307, 13.01976026951661 ], [ 7.688518968188646, 13.019132341089914 ], [ 7.687767088677788, 13.018601402729189 ], [ 7.687328568379826, 13.017914086262181 ], [ 7.686642185913456, 13.017412529921387 ], [ 7.686279928667318, 13.016910971580614 ], [ 7.686013003485982, 13.016372261214599 ], [ 7.684430511410767, 13.01551775063399 ], [ 7.683591599840724, 13.015201953419421 ], [ 7.68259553916397, 13.014657696049596 ], [ 7.680293532599876, 13.013882964523248 ], [ 7.678544614411578, 13.011385738826505 ], [ 7.677071930410932, 13.009251627376443 ], [ 7.676963205337074, 13.007030454867277 ], [ 7.677056335400323, 13.003614713546426 ], [ 7.677466307678912, 12.998785686265364 ], [ 7.676834744249788, 12.996600204780407 ], [ 7.673448237948833, 12.98740511253277 ], [ 7.67232429318517, 12.983173366657525 ], [ 7.671673563743013, 12.980467373818897 ], [ 7.671303683491715, 12.978929244773838 ], [ 7.670293553805379, 12.974728641919683 ], [ 7.666745645394712, 12.974203654562984 ], [ 7.662605093581419, 12.973660360193833 ], [ 7.66153632885522, 12.973593491148449 ], [ 7.653837710624373, 12.974179807546818 ], [ 7.642049114614565, 12.973143577842734 ], [ 7.641546123272803, 12.970816362261473 ], [ 7.640561311603676, 12.969653338471289 ], [ 7.639255197716238, 12.96764090910392 ], [ 7.637428675475235, 12.965139498404312 ], [ 7.635994001500421, 12.963006760955238 ], [ 7.631790646644447, 12.957761825391572 ], [ 7.628809447618835, 12.961172708709114 ], [ 7.626944448351651, 12.963363315197512 ], [ 7.622093916055974, 12.959982237900192 ], [ 7.617317054810314, 12.956652468637799 ], [ 7.614874305150579, 12.955044225545066 ], [ 7.613134392968391, 12.954015285845969 ], [ 7.612199999333541, 12.953600000563767 ], [ 7.605599998849129, 12.952900000088164 ], [ 7.601799998267211, 12.952500000816372 ], [ 7.601734904222951, 12.953129254243947 ], [ 7.596917728949904, 12.952527731835232 ], [ 7.594684034432248, 12.951199138932509 ], [ 7.590317634465464, 12.953821007713941 ], [ 7.586122791615253, 12.955319115731868 ], [ 7.580827931017666, 12.958231954710982 ], [ 7.57698402540592, 12.959837728802029 ], [ 7.574148302479159, 12.961741104095267 ], [ 7.56943969327989, 12.964116327709121 ], [ 7.566542816311596, 12.966680939451692 ], [ 7.560927272496087, 12.971421099672398 ], [ 7.559206920327199, 12.973455830054888 ], [ 7.555760850985791, 12.9765627821659 ], [ 7.567350314860278, 12.992159479763131 ], [ 7.565790558800472, 12.997174279170451 ], [ 7.560950623511985, 13.007617514266144 ], [ 7.564760984100928, 13.012077578296555 ], [ 7.566935752578559, 13.013779661453043 ], [ 7.56996616963761, 13.015308052491491 ], [ 7.568504439644414, 13.017704828120031 ], [ 7.566044453973007, 13.019684757465257 ], [ 7.55999999886609, 13.02400000039728 ], [ 7.562539224591376, 13.027893394042678 ], [ 7.563836956473097, 13.036743533055926 ], [ 7.566605450354189, 13.040536353632945 ], [ 7.575624274482038, 13.043814593860361 ], [ 7.575956775707937, 13.053140172196663 ], [ 7.576591243139035, 13.057616583238143 ], [ 7.576754990250322, 13.057971668479411 ], [ 7.600508463389644, 13.061480299863376 ], [ 7.600535486408035, 13.061494629873096 ], [ 7.603384389343717, 13.060380081115852 ], [ 7.609964314814476, 13.059315577392567 ], [ 7.618177570395005, 13.057497145157015 ], [ 7.6423843728424, 13.054898450391306 ], [ 7.643280824451494, 13.086122399606552 ], [ 7.646054325335911, 13.085945482486295 ], [ 7.652687278842734, 13.085552404219243 ], [ 7.657053513809387, 13.084782531696135 ], [ 7.665828108771279, 13.08317737060554 ], [ 7.669285327120292, 13.081034497149517 ] ] ] ] } },
{ "type": "Feature", "properties": { "fid": 497.0, "OBJECTID": 497.0, "lganame": "Zango", "statecode": "KT", "LGA_UID": "20_34" }, "geometry": { "type": "MultiPolygon", "coordinates": [ [ [ [ 8.516387938686705, 13.083610534899833 ], [ 8.5369434356532, 13.076944351370457 ], [ 8.541942596049921, 13.074998855048591 ], [ 8.56434244026957, 13.059877605774432 ], [ 8.573436587448612, 13.05325448727433 ], [ 8.587223245816006, 13.042897315237099 ], [ 8.595758766615461, 13.036562640933028 ], [ 8.614999770688826, 13.021944046000328 ], [ 8.628932328155372, 13.006260997344441 ], [ 8.63756821302303, 12.992126144740496 ], [ 8.642937736671342, 12.981642721617504 ], [ 8.647565700815846, 12.972606761478005 ], [ 8.651927046779178, 12.964092294692819 ], [ 8.654519633540701, 12.9590037512354 ], [ 8.659999848264249, 12.948331832984309 ], [ 8.663610457717482, 12.943332671587598 ], [ 8.684102473640849, 12.937163026395638 ], [ 8.707874154792592, 12.930005760532595 ], [ 8.709125285642699, 12.919064194098326 ], [ 8.709695718030275, 12.908361119826111 ], [ 8.711264404096141, 12.889177840791945 ], [ 8.721686597177495, 12.864811418236116 ], [ 8.71979710589369, 12.860177718087755 ], [ 8.714616438373696, 12.847188589262259 ], [ 8.714673482412422, 12.846465590771004 ], [ 8.714584352351892, 12.845388042038849 ], [ 8.712953916244089, 12.846005609458473 ], [ 8.708942131518256, 12.848034625837101 ], [ 8.704942037800379, 12.852182608655426 ], [ 8.702921760427671, 12.857628092355412 ], [ 8.695078329098465, 12.857628092355412 ], [ 8.688423296576673, 12.85785981151281 ], [ 8.686456144240083, 12.852187182658554 ], [ 8.676614063552847, 12.851123239935646 ], [ 8.671566003122905, 12.850826945734354 ], [ 8.672708507899188, 12.859105282359053 ], [ 8.666158855448998, 12.87729456371784 ], [ 8.659583699981511, 12.880801157100393 ], [ 8.625902089096428, 12.882827199476992 ], [ 8.607799998796906, 12.873599999207556 ], [ 8.604661293664321, 12.869265346262353 ], [ 8.601951744823339, 12.867597033128789 ], [ 8.593395275009584, 12.862592026728123 ], [ 8.58486131221116, 12.873186199926408 ], [ 8.575407503787744, 12.868269364585615 ], [ 8.57689311079713, 12.862665808778274 ], [ 8.572112345548817, 12.859515775637988 ], [ 8.564875644631854, 12.869405670357708 ], [ 8.553063272605868, 12.866101552112696 ], [ 8.552279733073533, 12.844528027454487 ], [ 8.552150601985772, 12.83181927281953 ], [ 8.52786859748727, 12.83193494489808 ], [ 8.502112606987282, 12.83382183018017 ], [ 8.504631605698876, 12.843945697058814 ], [ 8.502569345297616, 12.844880639694111 ], [ 8.493029119815503, 12.844098384162578 ], [ 8.464177660212272, 12.844543731465194 ], [ 8.461434116348187, 12.858772071132648 ], [ 8.455637458409626, 12.878730037693174 ], [ 8.447387243803973, 12.891233815188912 ], [ 8.447759520056934, 12.899573626855386 ], [ 8.44866409167156, 12.904210801006172 ], [ 8.45258630133651, 12.9099986069387 ], [ 8.465632616200878, 12.923358516016094 ], [ 8.470316390383289, 12.926277513999423 ], [ 8.458386199277243, 12.942851519260728 ], [ 8.456676479115572, 12.948285664952948 ], [ 8.45667582211513, 12.950814136670942 ], [ 8.454000000297071, 12.951900002408706 ], [ 8.45109999932663, 12.952900000088164 ], [ 8.449200001035706, 12.953400001427894 ], [ 8.446699999337056, 12.953899997767621 ], [ 8.440631055213487, 12.97051273205517 ], [ 8.436892493673326, 12.974573655814424 ], [ 8.436905776682352, 12.974573442814233 ], [ 8.439544531475235, 12.988618350357115 ], [ 8.423405491509527, 13.002155722555131 ], [ 8.418879732434505, 13.026468933074796 ], [ 8.413716342926193, 13.036304169757386 ], [ 8.413448322744102, 13.037952295877233 ], [ 8.423929356865472, 13.05206221246425 ], [ 8.424984463582348, 13.053482587429301 ], [ 8.428483660959898, 13.058193115629877 ], [ 8.430476614314045, 13.060875938452739 ], [ 8.434854520288582, 13.077557050786766 ], [ 8.4349199983331, 13.078703578565808 ], [ 8.434368198958168, 13.081879916723949 ], [ 8.449165344012158, 13.078054428124744 ], [ 8.454166413410121, 13.079999924446611 ], [ 8.461270123236773, 13.081629714553969 ], [ 8.463566093796771, 13.082348332042216 ], [ 8.471109389922105, 13.083887101087726 ], [ 8.497499465852911, 13.085832596409603 ], [ 8.516387938686705, 13.083610534899833 ] ] ] ] } },
{ "type": "Feature", "properties": { "fid": 513.0, "OBJECTID": 513.0, "lganame": "Baure", "statecode": "KT", "LGA_UID": "20_04" }, "geometry": { "type": "MultiPolygon", "coordinates": [ [ [ [ 8.955193949834779, 12.855623044993024 ], [ 8.9638656187268, 12.845231509932489 ], [ 8.977528487010034, 12.837483300667941 ], [ 8.98416529651945, 12.835802416525894 ], [ 8.988643035561893, 12.836337548889446 ], [ 8.995924897509553, 12.84007876243146 ], [ 9.003388040580433, 12.840403191651887 ], [ 9.017030856850056, 12.845454987084338 ], [ 9.032499313360177, 12.8466663359074 ], [ 9.040895138064741, 12.846141420550737 ], [ 9.044929383805822, 12.827315295759263 ], [ 9.047338500442663, 12.81615732917794 ], [ 9.035780845589784, 12.814187276839391 ], [ 9.01818944663728, 12.809691493784726 ], [ 9.014994860466686, 12.809146656414555 ], [ 8.982868786638562, 12.80676876979885 ], [ 8.971254165746927, 12.785102119077408 ], [ 8.969963653870082, 12.775642815650258 ], [ 8.954501827364538, 12.744334127377442 ], [ 8.951332270210969, 12.738121688156411 ], [ 8.923190992090269, 12.707054570047774 ], [ 8.908359776013185, 12.701953634581912 ], [ 8.896856077196958, 12.6989857705654 ], [ 8.883529119141883, 12.696092996599873 ], [ 8.872461943622284, 12.680015776676157 ], [ 8.864637002305585, 12.669043436220988 ], [ 8.850491907694675, 12.678794437846307 ], [ 8.850290424557784, 12.678495147642991 ], [ 8.849942072321085, 12.678158216414033 ], [ 8.849730776177523, 12.677906945243308 ], [ 8.849662247130937, 12.677615699045418 ], [ 8.849570876068867, 12.677318742843681 ], [ 8.849164780792933, 12.676844753521607 ], [ 8.848374800256181, 12.675926281897546 ], [ 8.847932220955499, 12.675345693503061 ], [ 8.846742490147108, 12.675150578370506 ], [ 8.844986447953943, 12.674636614021267 ], [ 8.842735478424515, 12.67410551866044 ], [ 8.84071769505357, 12.673677216369413 ], [ 8.84029776776822, 12.67285906181354 ], [ 8.840160710675093, 12.672162355340163 ], [ 8.838344706441205, 12.671625548975385 ], [ 8.836641012283621, 12.671451689857292 ], [ 8.835774887695152, 12.671689636018925 ], [ 8.833338320039616, 12.670766405391646 ], [ 8.831029291470713, 12.670419955156262 ], [ 8.829696792565358, 12.670503713213179 ], [ 8.829171408208367, 12.672650937672131 ], [ 8.828626986838458, 12.675935545903826 ], [ 8.823927400645346, 12.674430193881051 ], [ 8.816793813798427, 12.674165280701004 ], [ 8.804685135571106, 12.673134643000765 ], [ 8.794037084336253, 12.672949131874702 ], [ 8.759254548703154, 12.673896188518199 ], [ 8.752371159026211, 12.672681243692693 ], [ 8.744812942890803, 12.666652040596148 ], [ 8.742292884178539, 12.666933685787512 ], [ 8.735782212754827, 12.668837403081 ], [ 8.73074230333043, 12.669666659644406 ], [ 8.726036244132899, 12.669991308865008 ], [ 8.722946408033522, 12.669944930833481 ], [ 8.722789650926984, 12.682716999511513 ], [ 8.712407232872636, 12.680555802043102 ], [ 8.70120000125786, 12.68699999942163 ], [ 8.701111221197493, 12.687008151427165 ], [ 8.688016502300286, 12.688210581244164 ], [ 8.687446070912699, 12.694703012655452 ], [ 8.686733032428208, 12.69683620510483 ], [ 8.685544632620747, 12.69957222796387 ], [ 8.684559197951216, 12.700881408853377 ], [ 8.684213626716371, 12.70323567245299 ], [ 8.683880875490331, 12.705136931744789 ], [ 8.683581139286673, 12.708047621722471 ], [ 8.682115626290908, 12.709195706502555 ], [ 8.680248662022393, 12.7104413343489 ], [ 8.678081489549868, 12.712556346785959 ], [ 8.677415986097742, 12.713576499479075 ], [ 8.676728708630719, 12.715904374060756 ], [ 8.668633008130087, 12.719465191480197 ], [ 8.663894335910413, 12.725770017764034 ], [ 8.651025613166723, 12.727596056004757 ], [ 8.651846301724333, 12.733124862761315 ], [ 8.636273392143266, 12.737315142608395 ], [ 8.60382689509737, 12.737272795579599 ], [ 8.600843980070636, 12.748182204992077 ], [ 8.594412672700855, 12.766215766245011 ], [ 8.593680164203136, 12.771893926103076 ], [ 8.593052075776427, 12.777338585802454 ], [ 8.588195489476561, 12.794441789423274 ], [ 8.587099100731621, 12.802715978045171 ], [ 8.589058318062825, 12.808618954055987 ], [ 8.585350513543574, 12.812582109748746 ], [ 8.583995739623049, 12.813590271433782 ], [ 8.57403483485507, 12.820465467105123 ], [ 8.563938892995338, 12.8252742773725 ], [ 8.563190273486725, 12.834138749395493 ], [ 8.552150601985772, 12.83181927281953 ], [ 8.552279733073533, 12.844528027454487 ], [ 8.553063272605868, 12.866101552112696 ], [ 8.564875644631854, 12.869405670357708 ], [ 8.572112345548817, 12.859515775637988 ], [ 8.57689311079713, 12.862665808778274 ], [ 8.575407503787744, 12.868269364585615 ], [ 8.58486131221116, 12.873186199926408 ], [ 8.593395275009584, 12.862592026728123 ], [ 8.601951744823339, 12.867597033128789 ], [ 8.604661293664321, 12.869265346262353 ], [ 8.607799998796906, 12.873599999207556 ], [ 8.625902089096428, 12.882827199476992 ], [ 8.659583699981511, 12.880801157100393 ], [ 8.666158855448998, 12.87729456371784 ], [ 8.672708507899188, 12.859105282359053 ], [ 8.671566003122905, 12.850826945734354 ], [ 8.676614063552847, 12.851123239935646 ], [ 8.686456144240083, 12.852187182658554 ], [ 8.688423296576673, 12.85785981151281 ], [ 8.695078329098465, 12.857628092355412 ], [ 8.702921760427671, 12.857628092355412 ], [ 8.704942037800379, 12.852182608655426 ], [ 8.708942132518246, 12.848034625837101 ], [ 8.712953916244089, 12.846005609458473 ], [ 8.714584352351892, 12.845388042038849 ], [ 8.714673482412422, 12.846465590771004 ], [ 8.714616438373696, 12.847188589262259 ], [ 8.71979710589369, 12.860177718087755 ], [ 8.721686597177495, 12.864811418236116 ], [ 8.711264404096141, 12.889177840791945 ], [ 8.709695718030275, 12.908361119826111 ], [ 8.709125285642699, 12.919064194098326 ], [ 8.707874154792592, 12.930005760532595 ], [ 8.741353698540365, 12.919926084683937 ], [ 8.764188384055501, 12.913051121012757 ], [ 8.793988217303081, 12.904078836916483 ], [ 8.816544689629154, 12.897287206301883 ], [ 8.842562631307089, 12.889468270989312 ], [ 8.858882506395673, 12.884576736665736 ], [ 8.880836907312698, 12.877967528175077 ], [ 8.899540696021006, 12.872347179356325 ], [ 8.907879860687103, 12.869834405648987 ], [ 8.928139400452494, 12.863753236517141 ], [ 8.93243948937419, 12.862461029639121 ], [ 8.955193949834779, 12.855623044993024 ] ] ] ] } },
{ "type": "Feature", "properties": { "fid": 522.0, "OBJECTID": 522.0, "lganame": "Dutsi", "statecode": "KT", "LGA_UID": "20_11" }, "geometry": { "type": "MultiPolygon", "coordinates": [ [ [ [ 8.174023440066151, 13.009733448703855 ], [ 8.178438484065964, 13.004736944308945 ], [ 8.184952500491931, 12.99894527237376 ], [ 8.190699322396597, 12.99365907078203 ], [ 8.194444805941487, 12.990213736441092 ], [ 8.195692624789331, 12.987087155316715 ], [ 8.197118702758303, 12.984713242703776 ], [ 8.204011415441585, 12.97753346882547 ], [ 8.206922992419834, 12.973943504386227 ], [ 8.210014238520216, 12.971774585912556 ], [ 8.221362100230522, 12.962514927621044 ], [ 8.221643655421815, 12.957502910215624 ], [ 8.224228673178231, 12.950073414167662 ], [ 8.226603372791715, 12.938624100388381 ], [ 8.227633457491606, 12.932346894123327 ], [ 8.2294179497041, 12.924085417510014 ], [ 8.229696776893547, 12.918595733780023 ], [ 8.229919839045124, 12.915660605785774 ], [ 8.229919839045124, 12.909627177686332 ], [ 8.234777036345349, 12.902685880970012 ], [ 8.239515709565069, 12.895695734220567 ], [ 8.250597690094764, 12.879914139497714 ], [ 8.258254072296893, 12.871132189530783 ], [ 8.259904144418044, 12.864923835312482 ], [ 8.260958945134746, 12.861755430159747 ], [ 8.262792512380543, 12.856489801581972 ], [ 8.259234595963107, 12.854955329539393 ], [ 8.252436955344422, 12.852869818122372 ], [ 8.250527955047346, 12.850973409833841 ], [ 8.247839842220912, 12.848607141226069 ], [ 8.245355613532979, 12.8436313038452 ], [ 8.243605461343861, 12.83679293619889 ], [ 8.24190393918775, 12.829200636040241 ], [ 8.242117851333091, 12.826141564961745 ], [ 8.23011727917924, 12.82615535397116 ], [ 8.210958039161483, 12.81752034810404 ], [ 8.200746591223265, 12.816431035363905 ], [ 8.192468933599002, 12.815703329869507 ], [ 8.187890755488354, 12.814417682995952 ], [ 8.182284353679051, 12.812468136671328 ], [ 8.180955266775982, 12.812005963357308 ], [ 8.178882608367701, 12.811285219867557 ], [ 8.168246992141292, 12.814391606978234 ], [ 8.152061002143682, 12.818632779859911 ], [ 8.141625530053261, 12.811018202686171 ], [ 8.131226825987824, 12.816225408224227 ], [ 8.129650200916615, 12.814378758969497 ], [ 8.127539931482772, 12.812578818746545 ], [ 8.124989748750068, 12.810275515181559 ], [ 8.12240000099041, 12.807799999499537 ], [ 8.120540265726845, 12.806854007856771 ], [ 8.120017371371546, 12.806344119510356 ], [ 8.116198585776885, 12.802567658944383 ], [ 8.108291384404311, 12.804776502445236 ], [ 8.09501094038086, 12.810254551167304 ], [ 8.095651862816339, 12.816760352587664 ], [ 8.094341676926149, 12.831195619395771 ], [ 8.094997427371652, 12.835611586396226 ], [ 8.094460358006756, 12.853355130452087 ], [ 8.094282097885639, 12.857410269207378 ], [ 8.092261819512942, 12.864477640009341 ], [ 8.087032865960111, 12.864072140733811 ], [ 8.07998030316827, 12.863788929541386 ], [ 8.078400476094828, 12.864415278966987 ], [ 8.077150699245692, 12.86491077330362 ], [ 8.073518263777601, 12.877278971707256 ], [ 8.075676674244107, 12.879173788994649 ], [ 8.083923340847377, 12.883738668096271 ], [ 8.087575417328765, 12.887642532748771 ], [ 8.084608709313045, 12.916075105067364 ], [ 8.08385008879759, 12.923685534238302 ], [ 8.083383735480709, 12.924863132038411 ], [ 8.08199174953495, 12.926362192056956 ], [ 8.08070684066189, 12.927361565736021 ], [ 8.079279163691865, 12.928468015487795 ], [ 8.078065638867315, 12.930716606015608 ], [ 8.076964469119105, 12.931621370630353 ], [ 8.075689569252916, 12.932161240997175 ], [ 8.07218521187184, 12.937449581590329 ], [ 8.063923007258097, 12.939614784061519 ], [ 8.061642459708537, 12.94067485178175 ], [ 8.06009754165882, 12.943512465709773 ], [ 8.060831552157595, 12.947940764718624 ], [ 8.059978701578075, 12.950519496470747 ], [ 8.053733380334677, 12.953160830265404 ], [ 8.048723321930595, 12.955311824726891 ], [ 8.051866390066152, 12.969358562270997 ], [ 8.056012021882907, 12.980632712931254 ], [ 8.057111945630254, 12.982706466340289 ], [ 8.06006526863689, 12.98628044076861 ], [ 8.055342674428118, 12.989740372119456 ], [ 8.050604820209003, 12.996649741814053 ], [ 8.04831409465254, 13.00329971333241 ], [ 8.058330282458087, 13.008919336150655 ], [ 8.066546698040725, 13.009243366370868 ], [ 8.074441595404949, 13.009494505541454 ], [ 8.07911182357816, 13.006684202632016 ], [ 8.097519429085253, 13.006791009704557 ], [ 8.111239243407226, 13.013392435189928 ], [ 8.122464908034544, 13.016454797270683 ], [ 8.152137580195699, 13.03027296965945 ], [ 8.156191661950288, 13.035720892361098 ], [ 8.160962487191853, 13.038451709216531 ], [ 8.161895974826109, 13.030719260962712 ], [ 8.16530928514527, 13.023085837776136 ], [ 8.169525494009974, 13.016894783569626 ], [ 8.172098053757907, 13.012798947786678 ], [ 8.174023440066151, 13.009733448703855 ] ] ] ] } }
]
}
