{
"type": "FeatureCollection",
"name": "Oyo",
"crs": { "type": "name", "properties": { "name": "urn:ogc:def:crs:OGC:1.3:CRS84" } },
"features": [
{ "type": "Feature", "properties": { "fid": 22.0, "OBJECTID": 22.0, "lganame": "Oyo West", "statecode": "OY", "LGA_UID": "30_30" }, "geometry": { "type": "MultiPolygon", "coordinates": [ [ [ [ 3.945071458692041, 7.848711491031963 ], [ 3.943712710768807, 7.836481093722 ], [ 3.943033218307107, 7.820173739641916 ], [ 3.940315247460376, 7.80522584948551 ], [ 3.938861132472368, 7.798681259038744 ], [ 3.928764342612112, 7.794354439098868 ], [ 3.917213439763827, 7.795712948021958 ], [ 3.910418987147295, 7.798430919868679 ], [ 3.899547576760654, 7.805905341947209 ], [ 3.886637687989037, 7.816776752333794 ], [ 3.87168955783244, 7.824250698412015 ], [ 3.861497640907544, 7.826968670258736 ], [ 3.844511032365915, 7.83240413695188 ], [ 3.827524423824343, 7.839878082030054 ], [ 3.809858321821025, 7.841237067953443 ], [ 3.795589685126174, 7.841237067953443 ], [ 3.775205612276181, 7.841237067953443 ], [ 3.762975215966151, 7.843275547338465 ], [ 3.746668099886278, 7.842596053876832 ], [ 3.732399464191417, 7.841237067953443 ], [ 3.726751566353926, 7.839761733951036 ], [ 3.722139359220137, 7.841079711846533 ], [ 3.719503641429299, 7.847668648323406 ], [ 3.725433826458584, 7.852939605904737 ], [ 3.726751566353926, 7.860187053829065 ], [ 3.726092576906183, 7.864799499962999 ], [ 3.726092576906183, 7.872046946887281 ], [ 3.724774837010784, 7.879953861259708 ], [ 3.720162629877052, 7.883248329498144 ], [ 3.718900625019558, 7.887665234499195 ], [ 3.718984116076285, 7.887722981538445 ], [ 3.733272539784593, 7.897605730253304 ], [ 3.726712579327398, 7.926138299639831 ], [ 3.722139359220137, 7.944524288132243 ], [ 3.721480369772394, 7.948477744818433 ], [ 3.717527151086358, 7.950454235161374 ], [ 3.714891672295664, 7.959678650428941 ], [ 3.716209412191006, 7.962973117667389 ], [ 3.721480369772394, 7.964949608010272 ], [ 3.72938704514462, 7.964949608010272 ], [ 3.733999252278352, 7.965608597458072 ], [ 3.739929199307483, 7.969562054144262 ], [ 3.741246939202824, 7.976809978068843 ], [ 3.740587949755081, 7.984716415440914 ], [ 3.740587949755081, 7.991963863365186 ], [ 3.73861146041213, 8.00052928918501 ], [ 3.739929199307483, 8.007777214109637 ], [ 3.740587949755081, 8.013707161138768 ], [ 3.740213825500859, 8.014217318485407 ], [ 3.733340262830609, 8.023590087853734 ], [ 3.730045794592172, 8.032155990673857 ], [ 3.72687339843668, 8.038989067316606 ], [ 3.730045794592172, 8.045333861627626 ], [ 3.733340262830609, 8.055875777790334 ], [ 3.733340262830609, 8.065100670058257 ], [ 3.733755785112919, 8.08088755678466 ], [ 3.733999252278352, 8.090137482069565 ], [ 3.733340262830609, 8.1125402452912 ], [ 3.734437942576449, 8.119817734235937 ], [ 3.762975215966151, 8.102150917232166 ], [ 3.768410920659505, 8.095356940615943 ], [ 3.785397530201067, 8.077011108150828 ], [ 3.809178829359382, 8.046435356376037 ], [ 3.817332505899401, 8.039640426759206 ], [ 3.828883170747531, 8.032166480680985 ], [ 3.847228765212492, 8.022653580217423 ], [ 3.87168955783244, 8.007705688061037 ], [ 3.897509098375622, 7.980527400594667 ], [ 3.908380507762217, 7.971693992592805 ], [ 3.919251919148849, 7.954707623051377 ], [ 3.919931411610548, 7.943836211664745 ], [ 3.924687623842146, 7.914619445813344 ], [ 3.932161807920522, 7.890838145655039 ], [ 3.947109938077062, 7.855505942648449 ], [ 3.945071458692041, 7.848711491031963 ] ] ] ] } },
{ "type": "Feature", "properties": { "fid": 26.0, "OBJECTID": 26.0, "lganame": "Itesiwaju", "statecode": "OY", "LGA_UID": "30_17" }, "geometry": { "type": "MultiPolygon", "coordinates": [ [ [ [ 3.626369625149096, 8.283668080564496 ], [ 3.625011182226103, 8.233117557217838 ], [ 3.597559172573767, 8.223237768504987 ], [ 3.604095366014803, 8.174964413705482 ], [ 3.638511390398833, 8.158966104835372 ], [ 3.652762667081902, 8.155119357221679 ], [ 3.640284480603611, 8.128061676837262 ], [ 3.602849924168538, 8.132473379834835 ], [ 3.563335669320509, 8.093354589255455 ], [ 3.512141478536421, 8.091719608144558 ], [ 3.462024685484437, 8.090119030057053 ], [ 3.459388590693322, 8.047315062973723 ], [ 3.457087040129522, 8.047817230314934 ], [ 3.442772388403398, 8.059170723029126 ], [ 3.439477921164951, 8.069712639191835 ], [ 3.424982548316052, 8.079595565906857 ], [ 3.416417122496227, 8.083548545592691 ], [ 3.410487175467097, 8.086843490831484 ], [ 3.406533717780917, 8.091455459965061 ], [ 3.405874968333364, 8.098044395441946 ], [ 3.411804914362449, 8.108586310604665 ], [ 3.418393611839178, 8.117152214424834 ], [ 3.428277015554499, 8.123741149901662 ], [ 3.432889222688232, 8.134283066064427 ], [ 3.428935766002041, 8.139554023645815 ], [ 3.416417122496227, 8.153390884047269 ], [ 3.402580500094928, 8.162614822314538 ], [ 3.391379595484409, 8.168544769343612 ], [ 3.361070870891069, 8.186334610431004 ], [ 3.355140923861939, 8.18962955466975 ], [ 3.347893237937456, 8.194241523803385 ], [ 3.344598769699019, 8.199512482384762 ], [ 3.340645313012828, 8.207419394757096 ], [ 3.334056615536156, 8.212031363890731 ], [ 3.324173211820835, 8.212031363890731 ], [ 3.317584515344151, 8.209395409099727 ], [ 3.310336828419679, 8.205442429413893 ], [ 3.30177116359971, 8.194900513251127 ], [ 3.294523477675227, 8.181063651849627 ], [ 3.293205737779886, 8.164591788657788 ], [ 3.285299063407706, 8.148778914913692 ], [ 3.276074648140138, 8.138895035198061 ], [ 3.273626089476465, 8.135396956821239 ], [ 3.26602840431417, 8.132685660979064 ], [ 3.247851848964046, 8.133511542540191 ], [ 3.213977574948103, 8.141774178154265 ], [ 3.181755543054749, 8.158297539381124 ], [ 3.177624464247856, 8.159950255504043 ], [ 3.166883944950143, 8.173995972047464 ], [ 3.149533510161348, 8.18969345071315 ], [ 3.140445231986291, 8.203739166256582 ], [ 3.135488032618127, 8.214479445554105 ], [ 3.127193450982361, 8.228303908947169 ], [ 3.133157730034782, 8.231227874933836 ], [ 3.151290178354941, 8.25137519762302 ], [ 3.168213843853778, 8.264268875383664 ], [ 3.189569712364062, 8.268701553395488 ], [ 3.222611188814199, 8.271119118038087 ], [ 3.238728761765344, 8.269104003668929 ], [ 3.264114380013666, 8.26467227865777 ], [ 3.294335126547253, 8.255806922634179 ], [ 3.301789521612193, 8.255404472360738 ], [ 3.316698312742005, 8.255404472360738 ], [ 3.329189539229219, 8.258627891550873 ], [ 3.34087491016885, 8.260643004920041 ], [ 3.355381012025077, 8.263060569562697 ], [ 3.375125170440299, 8.262657166288591 ], [ 3.379154682178182, 8.2650747299312 ], [ 3.397287130498285, 8.267895698847951 ], [ 3.411390066080571, 8.272328376859718 ], [ 3.428313731579408, 8.281998634430181 ], [ 3.443625449983017, 8.293280602095763 ], [ 3.454504967375158, 8.305771827582987 ], [ 3.466190338314789, 8.320278168439359 ], [ 3.476264000159404, 8.329948425009832 ], [ 3.487546443825295, 8.34002208685439 ], [ 3.500440597586248, 8.352916717615699 ], [ 3.516558169537348, 8.370646476662273 ], [ 3.542951107470117, 8.385957718065526 ], [ 3.548592329303062, 8.389181137255662 ], [ 3.564306973980422, 8.389986991803198 ], [ 3.579618931384175, 8.39119625062483 ], [ 3.585663080490917, 8.385957718065526 ], [ 3.595333576061535, 8.376689910768505 ], [ 3.609033823370225, 8.367825507745522 ], [ 3.617898464393363, 8.354528426710772 ], [ 3.627166270690395, 8.348887443878027 ], [ 3.64650750183182, 8.33760452321178 ], [ 3.658195389773198, 8.33054306341387 ], [ 3.658536873005232, 8.328958451337201 ], [ 3.640927508040477, 8.309686219242622 ], [ 3.626369625149096, 8.283668080564496 ] ] ] ] } },
{ "type": "Feature", "properties": { "fid": 28.0, "OBJECTID": 28.0, "lganame": "Saki East", "statecode": "OY", "LGA_UID": "30_31" }, "geometry": { "type": "MultiPolygon", "coordinates": [ [ [ [ 3.822780608601136, 8.596618652199709 ], [ 3.812236071436587, 8.565782547248034 ], [ 3.807624817303463, 8.53965091749285 ], [ 3.812236071436587, 8.504298210472314 ], [ 3.818384646614277, 8.487389564983687 ], [ 3.816847562569876, 8.46894455045117 ], [ 3.813773155480987, 8.458184242140021 ], [ 3.801476479125995, 8.453573227007098 ], [ 3.792253732859535, 8.453573227007098 ], [ 3.781291962411558, 8.455264091155925 ], [ 3.779680252316439, 8.459696770167739 ], [ 3.771218299566954, 8.461308479262811 ], [ 3.768800734924355, 8.462920189357931 ], [ 3.768800734924355, 8.466949463095602 ], [ 3.767591953103022, 8.471784592380857 ], [ 3.765980244007949, 8.475813866118528 ], [ 3.769606590471881, 8.483873366594594 ], [ 3.766786097555496, 8.485887526963154 ], [ 3.74301242840238, 8.49273776961752 ], [ 3.717223882880319, 8.499990462545384 ], [ 3.684585570704087, 8.504423140557208 ], [ 3.662423610646101, 8.505228996104734 ], [ 3.639053105766948, 8.506840706199853 ], [ 3.616689681572041, 8.510467528664094 ], [ 3.595333576061535, 8.514496803401812 ], [ 3.584454297669595, 8.517317772318506 ], [ 3.565918684075541, 8.526585578615538 ], [ 3.548189402029323, 8.53262901272177 ], [ 3.524012803602432, 8.539076805102752 ], [ 3.515953779126733, 8.543911934388007 ], [ 3.500642060723123, 8.556403159875174 ], [ 3.487344979688373, 8.559626579065366 ], [ 3.470018386915797, 8.56687927199323 ], [ 3.453900575964497, 8.574131965921083 ], [ 3.449065207679098, 8.579370499480433 ], [ 3.446244716762692, 8.588638305777465 ], [ 3.442421913165276, 8.600106238569367 ], [ 3.449479102960311, 8.602672577313058 ], [ 3.454090357093435, 8.610358237535138 ], [ 3.460238695270959, 8.639563560378747 ], [ 3.454090357093435, 8.658008574911264 ], [ 3.444867610827032, 8.676453590443828 ], [ 3.427959442338704, 8.682601928621295 ], [ 3.403365849628528, 8.69643592802089 ], [ 3.38953185122898, 8.716418265597952 ], [ 3.38645768214019, 8.75023460357454 ], [ 3.394143105362105, 8.777902603373661 ], [ 3.407977103761652, 8.805570602172736 ], [ 3.420274019116789, 8.833238601971857 ], [ 3.416131496302171, 8.860165596267507 ], [ 3.524797201135414, 8.928539275724177 ], [ 3.603774308796631, 8.960129738188414 ], [ 3.621112346577036, 8.933335303982858 ], [ 3.642754793282052, 8.899888039257007 ], [ 3.665380954655461, 8.869391440535992 ], [ 3.673250914002722, 8.845781326494034 ], [ 3.68013715668161, 8.837911606146974 ], [ 3.679153442013217, 8.82020378111531 ], [ 3.675218582339653, 8.807415009425938 ], [ 3.67718601167644, 8.78085422537913 ], [ 3.685055971023701, 8.754292488331714 ], [ 3.705714703060323, 8.732650756627152 ], [ 3.748015880802029, 8.706089019579679 ], [ 3.77851200052271, 8.69133281655354 ], [ 3.810975789580311, 8.66378784183803 ], [ 3.820813179264348, 8.648048401143797 ], [ 3.822780608601136, 8.61853599509152 ], [ 3.822780608601136, 8.596618652199709 ] ] ] ] } },
{ "type": "Feature", "properties": { "fid": 37.0, "OBJECTID": 37.0, "lganame": "Ido", "statecode": "OY", "LGA_UID": "30_14" }, "geometry": { "type": "MultiPolygon", "coordinates": [ [ [ [ 3.748027085809611, 7.659141064227754 ], [ 3.753462790502908, 7.651667118149589 ], [ 3.759577989657942, 7.648269652841122 ], [ 3.769090414121138, 7.645551681994391 ], [ 3.784038782277889, 7.646231174456091 ], [ 3.794230700202831, 7.646231174456091 ], [ 3.807819843435993, 7.648949146302812 ], [ 3.82140922466931, 7.652346133610934 ], [ 3.832960128517641, 7.652346133610934 ], [ 3.844511032365915, 7.6509876246879 ], [ 3.846549272750792, 7.652152061479057 ], [ 3.846549272750792, 7.646231174456091 ], [ 3.843152046442583, 7.640795707762948 ], [ 3.836357354825907, 7.634000778146117 ], [ 3.828203917286032, 7.622449875297832 ], [ 3.813255548129291, 7.609539985526169 ], [ 3.796268939587719, 7.594592094369773 ], [ 3.793551206741142, 7.586438178829553 ], [ 3.795589685126174, 7.574887752981624 ], [ 3.803546373532356, 7.561626298971078 ], [ 3.803743123666038, 7.561298369748272 ], [ 3.804014784850608, 7.560949086510902 ], [ 3.813255548129291, 7.549067974438287 ], [ 3.826844931362643, 7.532760620358204 ], [ 3.835677862364207, 7.517812729201808 ], [ 3.843831538904226, 7.503543853506756 ], [ 3.846784923910946, 7.499113858496798 ], [ 3.865123828371338, 7.495669620156605 ], [ 3.871897699973886, 7.478419795436139 ], [ 3.877102885510567, 7.479338860060636 ], [ 3.883006849522019, 7.465255740491784 ], [ 3.884604057607248, 7.454565839228508 ], [ 3.884014612206784, 7.453687257631543 ], [ 3.879184959925226, 7.453724964657169 ], [ 3.877504168783219, 7.446778104937096 ], [ 3.87482314096161, 7.446608418821825 ], [ 3.87549244741632, 7.433687197042445 ], [ 3.879542510168164, 7.433272395760639 ], [ 3.878335097347815, 7.431693321687703 ], [ 3.878235271279948, 7.431325656437878 ], [ 3.878976831783802, 7.428228766333689 ], [ 3.879073686849608, 7.427286613693582 ], [ 3.87880629666796, 7.427168770613491 ], [ 3.878402241393417, 7.427133417589459 ], [ 3.877920940066417, 7.427198231633497 ], [ 3.876940511400221, 7.427657817945772 ], [ 3.875590490482978, 7.428338948408566 ], [ 3.875049769115549, 7.428598201584748 ], [ 3.874752668913686, 7.428663014628739 ], [ 3.874378323659357, 7.428692475648802 ], [ 3.872068195089753, 7.428642190614596 ], [ 3.872369051294129, 7.426084994877101 ], [ 3.875707864562685, 7.420413494023592 ], [ 3.87084603325934, 7.418865680971919 ], [ 3.86773753214726, 7.413619995407714 ], [ 3.862491845583065, 7.407597065315429 ], [ 3.858606099942847, 7.402934551147496 ], [ 3.856501586512934, 7.400638676587562 ], [ 3.856469154490924, 7.400603293563506 ], [ 3.856274843358904, 7.397300243319251 ], [ 3.85491490443485, 7.390305995566962 ], [ 3.85491490443485, 7.387780189850787 ], [ 3.853444558435854, 7.384692626752951 ], [ 3.852972031114803, 7.38370037107876 ], [ 3.85149550411154, 7.381485461573845 ], [ 3.850966694752231, 7.380889136168662 ], [ 3.849669217870655, 7.379426003174501 ], [ 3.847532034418577, 7.37554025653435 ], [ 3.845394849966453, 7.373403549082525 ], [ 3.842869282250433, 7.370877743366407 ], [ 3.840537785666299, 7.369323254310189 ], [ 3.838983535610282, 7.367963314386145 ], [ 3.837429284554219, 7.366409302330283 ], [ 3.835875034498201, 7.364660740142199 ], [ 3.835680723366124, 7.361163615766088 ], [ 3.837623595686239, 7.357860564521843 ], [ 3.838400602214165, 7.353586196617584 ], [ 3.8386477833821, 7.352906602155826 ], [ 3.839955091270383, 7.349312304713692 ], [ 3.84345197664635, 7.344455242413517 ], [ 3.846949100022471, 7.339986801377449 ], [ 3.852583407850716, 7.332409382228946 ], [ 3.858606099942847, 7.324832439080751 ], [ 3.858023404546941, 7.322306633364576 ], [ 3.859189034338954, 7.31822681359256 ], [ 3.860354662130931, 7.316089630140425 ], [ 3.862686156715085, 7.314341067952341 ], [ 3.863851785507052, 7.310261250180304 ], [ 3.862262487427188, 7.307558537343937 ], [ 3.855591535894632, 7.307082176020288 ], [ 3.848444223038371, 7.309940814962602 ], [ 3.843679189800753, 7.309940814962602 ], [ 3.835102319973146, 7.31422948787656 ], [ 3.826525450145596, 7.316611767495203 ], [ 3.816995620670525, 7.316135406171554 ], [ 3.807942151519114, 7.311370372933936 ], [ 3.802700757957837, 7.308511733991622 ], [ 3.797459364396559, 7.30231714178268 ], [ 3.792694569159096, 7.295169829926408 ], [ 3.787452935597628, 7.288975238717455 ], [ 3.783641100007685, 7.280398368889905 ], [ 3.775540828503892, 7.271821499062298 ], [ 3.769205093199105, 7.269064426189004 ], [ 3.761141061719968, 7.267154693891428 ], [ 3.760556459322743, 7.270077228877199 ], [ 3.760175943064212, 7.275026321239864 ], [ 3.759795188805469, 7.281117916378776 ], [ 3.762460231616274, 7.292158603880409 ], [ 3.762840747874804, 7.296727179984543 ], [ 3.762294530503709, 7.300916194830791 ], [ 3.760139704039602, 7.30119133001773 ], [ 3.754912853488179, 7.300626277633796 ], [ 3.749686002936755, 7.300062180250563 ], [ 3.74677967996206, 7.299490928862383 ], [ 3.740404366630344, 7.300087929268045 ], [ 3.736349582875334, 7.300678729669471 ], [ 3.730548381933659, 7.300694465680124 ], [ 3.725913524784517, 7.30128669708256 ], [ 3.722432852419558, 7.301296711089321 ], [ 3.718372106660468, 7.301308155097104 ], [ 3.71548318869759, 7.30247449888958 ], [ 3.714346646925321, 7.304794312465788 ], [ 3.714381932949323, 7.308269500827009 ], [ 3.71523809353107, 7.310486317333243 ], [ 3.715606927781664, 7.314637661153881 ], [ 3.716222525199896, 7.318111419514139 ], [ 3.717482567056038, 7.327954769202222 ], [ 3.717535734092166, 7.3331680297444 ], [ 3.717571020116168, 7.336643219105611 ], [ 3.717606068139958, 7.340118408466878 ], [ 3.718221902558412, 7.343592166827136 ], [ 3.7189018730204, 7.353436946516183 ], [ 3.718925476036475, 7.355753899090416 ], [ 3.718978405072392, 7.360966681632306 ], [ 3.719124713171823, 7.362047473366601 ], [ 3.719605446498463, 7.36559867877952 ], [ 3.719676017546419, 7.372549533502308 ], [ 3.719705342566328, 7.375445366469876 ], [ 3.720320939984617, 7.378919124830134 ], [ 3.720350266004516, 7.38181543379801 ], [ 3.719793796626448, 7.384133816373264 ], [ 3.719827180649133, 7.387421750607245 ], [ 3.693458775733006, 7.387974761983003 ], [ 3.69352116677544, 7.400063397196675 ], [ 3.701067497902784, 7.407558596289277 ], [ 3.702196476669883, 7.40962093169054 ], [ 3.706728930749478, 7.41147820295248 ], [ 3.706733941752873, 7.411973000288697 ], [ 3.70677518778092, 7.416027546043551 ], [ 3.706804513800819, 7.418923855011485 ], [ 3.70683979982482, 7.422399044372696 ], [ 3.70631265646665, 7.427613257915482 ], [ 3.706326150475775, 7.427724308990946 ], [ 3.706945895896865, 7.432824612456386 ], [ 3.707573175323091, 7.437456607603565 ], [ 3.707608461347093, 7.440932273965132 ], [ 3.707649469374928, 7.444986819720043 ], [ 3.70709299999686, 7.44730520229524 ], [ 3.704198360030091, 7.447892188694084 ], [ 3.699551343872656, 7.447325706309186 ], [ 3.691418409346682, 7.446190356537784 ], [ 3.687931775977688, 7.445620537150603 ], [ 3.68270468742611, 7.445056437767335 ], [ 3.674009084517877, 7.445659637177187 ], [ 3.665301560601506, 7.44510507580037 ], [ 3.657162428071331, 7.44338941563467 ], [ 3.646140336582391, 7.443420409655744 ], [ 3.64033937464086, 7.443437098667061 ], [ 3.633378028910954, 7.443456172679987 ], [ 3.618869543053165, 7.44291734731388 ], [ 3.61190819732326, 7.442937374327528 ], [ 3.604216723097238, 7.442959050342267 ], [ 3.603786706805067, 7.442960262343092 ], [ 3.598559856253644, 7.442395209959159 ], [ 3.591018677129796, 7.442416190973404 ], [ 3.586371659972372, 7.441850184588816 ], [ 3.578830480848467, 7.441870688602762 ], [ 3.571863174114526, 7.441311359222709 ], [ 3.555040120684055, 7.441358089254493 ], [ 3.549233197738545, 7.440794944871811 ], [ 3.545752525373587, 7.440804481878331 ], [ 3.540554729841915, 7.450223779278303 ], [ 3.543264278682898, 7.451779219335151 ], [ 3.546544258911524, 7.455314289737032 ], [ 3.546116434620842, 7.461818747156542 ], [ 3.547685121686698, 7.465636534750502 ], [ 3.549966847236988, 7.469312892248468 ], [ 3.549966847236988, 7.472140838169878 ], [ 3.54640165081463, 7.479493412165652 ], [ 3.547257298396005, 7.48133153641453 ], [ 3.549253807752507, 7.481755716702764 ], [ 3.552533787981133, 7.483169651663445 ], [ 3.557667670469357, 7.485149154008411 ], [ 3.561232865891725, 7.486421684873051 ], [ 3.564655454217245, 7.486987254257315 ], [ 3.567365003058228, 7.491794555523654 ], [ 3.566651963573747, 7.497308750270292 ], [ 3.57050237618995, 7.499146798519178 ], [ 3.573924963515424, 7.498157080846738 ], [ 3.5777967601461, 7.498506053083815 ], [ 3.576849936502811, 7.500399590370364 ], [ 3.575663327696532, 7.505145549595056 ], [ 3.578036308308867, 7.513451099238296 ], [ 3.57981610251818, 7.528875350718351 ], [ 3.57981610251818, 7.537774085764624 ], [ 3.575070143293487, 7.562690257693987 ], [ 3.570917368471896, 7.575741290561552 ], [ 3.569137812262795, 7.595318316863199 ], [ 3.572103977278118, 7.610742569343245 ], [ 3.576054551962386, 7.622030192012687 ], [ 3.576256514099612, 7.622607231404743 ], [ 3.577196304738152, 7.62448683168185 ], [ 3.57504964827956, 7.634738239647163 ], [ 3.57565202368886, 7.642499630920668 ], [ 3.582579342395661, 7.654589210134986 ], [ 3.594626851581381, 7.656529481453333 ], [ 3.601704916390588, 7.652338705605871 ], [ 3.605918646253599, 7.655235766574322 ], [ 3.61659693650904, 7.663540840217195 ], [ 3.630834818182961, 7.672439575263468 ], [ 3.64803886387233, 7.682524681115808 ], [ 3.656937360918448, 7.688457012146557 ], [ 3.657405485236495, 7.688977148499987 ], [ 3.662276505546117, 7.694389343177306 ], [ 3.665242671561487, 7.699728488805022 ], [ 3.67176842699547, 7.70803403944825 ], [ 3.677107572623129, 7.715152740285077 ], [ 3.686006068669258, 7.724644660734384 ], [ 3.69002938340293, 7.731483936381323 ], [ 3.693670033876572, 7.731163979163966 ], [ 3.696431874753102, 7.73003196739478 ], [ 3.735117197037937, 7.714177607622503 ], [ 3.742591381116313, 7.704665184159239 ], [ 3.747347593347968, 7.693793773772654 ], [ 3.746668099886278, 7.685639858232435 ], [ 3.745988846424723, 7.670691967076039 ], [ 3.748027085809611, 7.659141064227754 ] ] ] ] } },
{ "type": "Feature", "properties": { "fid": 55.0, "OBJECTID": 55.0, "lganame": "Oyo East", "statecode": "OY", "LGA_UID": "30_29" }, "geometry": { "type": "MultiPolygon", "coordinates": [ [ [ [ 4.090175629283465, 7.937615871438311 ], [ 4.099309921489805, 7.922772884353208 ], [ 4.099989413951505, 7.911221980504877 ], [ 4.093194485334664, 7.894235610963449 ], [ 4.089797497026552, 7.875889778498333 ], [ 4.089797497026552, 7.86774873696686 ], [ 4.089797497026552, 7.863659382188359 ], [ 4.091146468943123, 7.850165844020125 ], [ 4.067375182791636, 7.848711491031963 ], [ 4.049029350326521, 7.845993519185242 ], [ 4.035439968093158, 7.843955039800164 ], [ 4.013018130858597, 7.838519573107021 ], [ 3.986518859853561, 7.824250698412015 ], [ 3.970211743773632, 7.814058781487063 ], [ 3.955942869078626, 7.80114889071541 ], [ 3.945071458692041, 7.793674945637235 ], [ 3.93759751261382, 7.792995453175536 ], [ 3.938861132472368, 7.798681259038744 ], [ 3.940315247460376, 7.80522584948551 ], [ 3.943033218307107, 7.820173739641916 ], [ 3.943712710768807, 7.836481093722 ], [ 3.945071458692041, 7.848711491031963 ], [ 3.947109938077062, 7.855505942648449 ], [ 3.954584122155438, 7.863659382188359 ], [ 3.962058067233613, 7.86637735403508 ], [ 3.974288463543587, 7.873851299113255 ], [ 3.981762647621963, 7.882684708115164 ], [ 3.990595578623527, 7.895594119886482 ], [ 4.001467228010313, 7.907824516196456 ], [ 4.01505613324332, 7.914619445813344 ], [ 4.025248051168262, 7.922093390891519 ], [ 4.042234897709989, 7.930926322893072 ], [ 4.05718326586674, 7.939759253894636 ], [ 4.078313828223941, 7.949342251405824 ], [ 4.090175629283465, 7.937615871438311 ] ] ] ] } },
{ "type": "Feature", "properties": { "fid": 97.0, "OBJECTID": 97.0, "lganame": "Atisbo", "statecode": "OY", "LGA_UID": "30_04" }, "geometry": { "type": "MultiPolygon", "coordinates": [ [ [ [ 3.781291962411558, 8.455264091155925 ], [ 3.779277325042699, 8.45204067196579 ], [ 3.775247812304826, 8.447607993953966 ], [ 3.772830247662228, 8.439951896752007 ], [ 3.7744419567573, 8.430281639181544 ], [ 3.775650739578623, 8.422223090706154 ], [ 3.778471470495163, 8.412955284409122 ], [ 3.784918546875645, 8.402478218290412 ], [ 3.790156841434793, 8.384346007970464 ], [ 3.788544893339576, 8.375884056220968 ], [ 3.784918546875645, 8.361378670365241 ], [ 3.786127328696921, 8.352916717615699 ], [ 3.787739037792051, 8.339619636580949 ], [ 3.796805381952197, 8.334784508295741 ], [ 3.799222945594806, 8.331560135104894 ], [ 3.795193433856923, 8.32591915127216 ], [ 3.789149283750248, 8.316248893701641 ], [ 3.789552212023978, 8.308592796499681 ], [ 3.789149283750248, 8.2973108288341 ], [ 3.789149283750248, 8.290863037453164 ], [ 3.78471708273878, 8.283206940251205 ], [ 3.781090498274637, 8.273134232407244 ], [ 3.774240493620425, 8.248151779432874 ], [ 3.770210980882553, 8.238078116588269 ], [ 3.769405127335006, 8.221556664362708 ], [ 3.763360977228274, 8.206647873232896 ], [ 3.757316828121589, 8.215109824982392 ], [ 3.752481460836179, 8.227601051469605 ], [ 3.743616818813052, 8.252181053170546 ], [ 3.738378525253893, 8.266686440026319 ], [ 3.732737303420947, 8.276357650597447 ], [ 3.729513884230755, 8.284013747799406 ], [ 3.72387266239781, 8.29126644072727 ], [ 3.70775485044652, 8.301340102571828 ], [ 3.698889971423284, 8.308996200773777 ], [ 3.694860696685566, 8.315443039154104 ], [ 3.689622402126361, 8.313427924784946 ], [ 3.680757523103125, 8.313831329059042 ], [ 3.673101663901321, 8.320278168439359 ], [ 3.665848731973313, 8.32591915127216 ], [ 3.64650750183182, 8.33760452321178 ], [ 3.627166270690395, 8.348887443878027 ], [ 3.617898464393363, 8.354528426710772 ], [ 3.609033823370225, 8.367825507745522 ], [ 3.595333576061535, 8.376689910768505 ], [ 3.585663080490917, 8.385957718065526 ], [ 3.579618931384175, 8.39119625062483 ], [ 3.564306973980422, 8.389986991803198 ], [ 3.548592329303062, 8.389181137255662 ], [ 3.542951107470117, 8.385957718065526 ], [ 3.516558169537348, 8.370646476662273 ], [ 3.500440597586248, 8.352916717615699 ], [ 3.487546443825295, 8.34002208685439 ], [ 3.476264000159404, 8.329948425009832 ], [ 3.466190338314789, 8.320278168439359 ], [ 3.454504967375158, 8.305771827582987 ], [ 3.443625449983017, 8.293280602095763 ], [ 3.428313731579408, 8.281998634430181 ], [ 3.411390066080571, 8.272328376859718 ], [ 3.397287130498285, 8.267895698847951 ], [ 3.379154682178182, 8.2650747299312 ], [ 3.375125170440299, 8.262657166288591 ], [ 3.355381012025077, 8.263060569562697 ], [ 3.34087491016885, 8.260643004920041 ], [ 3.329189539229219, 8.258627891550873 ], [ 3.316698312742005, 8.255404472360738 ], [ 3.301789521612193, 8.255404472360738 ], [ 3.294335126547253, 8.255806922634179 ], [ 3.264114380013666, 8.26467227865777 ], [ 3.238728761765344, 8.269104003668929 ], [ 3.222611188814199, 8.271119118038087 ], [ 3.189569712364062, 8.268701553395488 ], [ 3.168213843853778, 8.264268875383664 ], [ 3.151290178354941, 8.25137519762302 ], [ 3.133157730034782, 8.231227874933836 ], [ 3.127193450982361, 8.228303908947169 ], [ 3.112607718072013, 8.221154213089278 ], [ 3.090445757014038, 8.216721535077511 ], [ 3.0781559936637, 8.215109824982392 ], [ 3.047532319856373, 8.216721535077511 ], [ 3.023355722429471, 8.219944954267646 ], [ 2.985882043967877, 8.222362517910256 ], [ 2.943975925494669, 8.221556664362708 ], [ 2.918590546246492, 8.215109824982392 ], [ 2.906905174306814, 8.211483954518826 ], [ 2.868625402297482, 8.210677146970625 ], [ 2.855126858125857, 8.209468842149647 ], [ 2.8426356316387, 8.209065436875505 ], [ 2.828532696056413, 8.21108055124472 ], [ 2.809191464914932, 8.211886405792256 ], [ 2.783511199466432, 8.209389596095775 ], [ 2.753507680080418, 8.206472449113733 ], [ 2.753611087150659, 8.206943512433782 ], [ 2.751111031452012, 8.218053817982707 ], [ 2.742777347789684, 8.23694419881781 ], [ 2.739999770902443, 8.241109847648204 ], [ 2.733333111372758, 8.248332976555957 ], [ 2.728055476786835, 8.256666183217988 ], [ 2.709999560518725, 8.326387404590264 ], [ 2.709166526952686, 8.338888168083997 ], [ 2.71027755770757, 8.351943969954789 ], [ 2.720833301879736, 8.424444199215259 ], [ 2.723055363389506, 8.429164887422758 ], [ 2.728888512352853, 8.437221526896849 ], [ 2.747499942998445, 8.453054427654592 ], [ 2.752499580395465, 8.461942671693748 ], [ 2.752626781481922, 8.462578657125846 ], [ 2.782945316081907, 8.461200597189531 ], [ 2.789447069499545, 8.460905074988716 ], [ 2.803147315808246, 8.459293364893654 ], [ 2.820876597854465, 8.455667496430067 ], [ 2.838203191627031, 8.455667496430067 ], [ 2.855126858125857, 8.453652382060852 ], [ 2.873662232719823, 8.453652382060852 ], [ 2.885347604659444, 8.45244312323922 ], [ 2.901868342884541, 8.45244312323922 ], [ 2.920806645752236, 8.45204067196579 ], [ 2.936924457703526, 8.449623108323181 ], [ 2.955459833297425, 8.446802139406429 ], [ 2.977218628081516, 8.443176269942853 ], [ 2.998171806318226, 8.443176269942853 ], [ 3.014289379269314, 8.440355301026102 ], [ 3.029198408399338, 8.437534332109408 ], [ 3.042495489434089, 8.432296752550712 ], [ 3.054583787647516, 8.431490898003176 ], [ 3.067880868682209, 8.42746067026485 ], [ 3.083192825085973, 8.426252365443816 ], [ 3.096086978846984, 8.443176269942853 ], [ 3.101728200679929, 8.446399689132988 ], [ 3.117442846357278, 8.446399689132988 ], [ 3.129329681433831, 8.444787979037926 ], [ 3.139806270552185, 8.441967010121175 ], [ 3.144641637837594, 8.439549446478566 ], [ 3.156327008777225, 8.440355301026102 ], [ 3.16156530433642, 8.442772864668768 ], [ 3.188159466405864, 8.456875801251044 ], [ 3.202665567262102, 8.471382141107426 ], [ 3.218380212939451, 8.48467922214212 ], [ 3.231677293974201, 8.495558738534271 ], [ 3.246989250377965, 8.504826545831293 ], [ 3.262300967781528, 8.512481689032597 ], [ 3.278015852459077, 8.51933193168702 ], [ 3.288089514303635, 8.526182175341432 ], [ 3.299774885243323, 8.535046577364369 ], [ 3.31105709090906, 8.543911934388007 ], [ 3.318310260837222, 8.554791450780101 ], [ 3.32717490186036, 8.56244754798206 ], [ 3.340069055621314, 8.57050609645745 ], [ 3.352560282108527, 8.576147079290251 ], [ 3.365857363143277, 8.581385611849612 ], [ 3.396682739087623, 8.590250014872538 ], [ 3.414815187407783, 8.593473434062673 ], [ 3.430126904811402, 8.597906113074487 ], [ 3.442421913165276, 8.600106238569367 ], [ 3.446244716762692, 8.588638305777465 ], [ 3.449065207679098, 8.579370499480433 ], [ 3.453900575964497, 8.574131965921083 ], [ 3.470018386915797, 8.56687927199323 ], [ 3.487344979688373, 8.559626579065366 ], [ 3.500642060723123, 8.556403159875174 ], [ 3.515953779126733, 8.543911934388007 ], [ 3.524012803602432, 8.539076805102752 ], [ 3.548189402029323, 8.53262901272177 ], [ 3.565918684075541, 8.526585578615538 ], [ 3.584454297669595, 8.517317772318506 ], [ 3.595333576061535, 8.514496803401812 ], [ 3.616689681572041, 8.510467528664094 ], [ 3.639053105766948, 8.506840706199853 ], [ 3.662423610646101, 8.505228996104734 ], [ 3.684585570704087, 8.504423140557208 ], [ 3.717223882880319, 8.499990462545384 ], [ 3.74301242840238, 8.49273776961752 ], [ 3.766786097555496, 8.485887526963154 ], [ 3.769606590471881, 8.483873366594594 ], [ 3.765980244007949, 8.475813866118528 ], [ 3.767591953103022, 8.471784592380857 ], [ 3.768800734924355, 8.466949463095602 ], [ 3.768800734924355, 8.462920189357931 ], [ 3.771218299566954, 8.461308479262811 ], [ 3.779680252316439, 8.459696770167739 ], [ 3.781291962411558, 8.455264091155925 ] ] ] ] } },
{ "type": "Feature", "properties": { "fid": 109.0, "OBJECTID": 109.0, "lganame": "Ogbomosho South", "statecode": "OY", "LGA_UID": "30_22" }, "geometry": { "type": "MultiPolygon", "coordinates": [ [ [ [ 4.307036029629955, 8.063975254293553 ], [ 4.307905197220464, 8.06342220291782 ], [ 4.292956829063769, 8.049832343684102 ], [ 4.284803390523905, 8.046435356376037 ], [ 4.278008460907074, 8.04371738352927 ], [ 4.263060569750678, 8.043038368067926 ], [ 4.240638255515762, 8.047794342299426 ], [ 4.219574928204224, 8.053230285992868 ], [ 4.1843585972764, 8.068347931264611 ], [ 4.183180332475786, 8.084843636472669 ], [ 4.182002067675228, 8.106052398883037 ], [ 4.186873912985391, 8.117291450519417 ], [ 4.195793629045966, 8.115740776465827 ], [ 4.212100506125694, 8.11370182008045 ], [ 4.232484817975887, 8.112342834157062 ], [ 4.239279269592373, 8.107586860925608 ], [ 4.248791695055615, 8.093997954692554 ], [ 4.255586623672457, 8.088562011999102 ], [ 4.26985502236721, 8.085844040152381 ], [ 4.280046940292095, 8.081088065920937 ], [ 4.30043077514199, 8.068178177149264 ], [ 4.307036029629955, 8.063975254293553 ] ] ] ] } },
{ "type": "Feature", "properties": { "fid": 114.0, "OBJECTID": 114.0, "lganame": "Ogbomosho North", "statecode": "OY", "LGA_UID": "30_21" }, "geometry": { "type": "MultiPolygon", "coordinates": [ [ [ [ 4.307036029629955, 8.063975254293553 ], [ 4.30043077514199, 8.068178177149264 ], [ 4.280046940292095, 8.081088065920937 ], [ 4.26985502236721, 8.085844040152381 ], [ 4.255586623672457, 8.088562011999102 ], [ 4.248791695055615, 8.093997954692554 ], [ 4.239279269592373, 8.107586860925608 ], [ 4.232484817975887, 8.112342834157062 ], [ 4.212100506125694, 8.11370182008045 ], [ 4.195793629045966, 8.115740776465827 ], [ 4.186873912985391, 8.117291450519417 ], [ 4.189071655478699, 8.126083374493135 ], [ 4.196141243282113, 8.142579078701146 ], [ 4.206746101487624, 8.163787842111503 ], [ 4.213815689291096, 8.188531875923957 ], [ 4.220885277094567, 8.20031452192967 ], [ 4.24091577470432, 8.219167708739576 ], [ 4.276264190721918, 8.23448467314671 ], [ 4.291358421977748, 8.242612208668959 ], [ 4.292917381036943, 8.23774046135884 ], [ 4.295007164456877, 8.231769653301967 ], [ 4.299186729296707, 8.221917820608098 ], [ 4.30097797051377, 8.218633877376817 ], [ 4.303067753933647, 8.214752852739878 ], [ 4.306053156962093, 8.210573287900047 ], [ 4.308740019787706, 8.205199561248833 ], [ 4.310232721801924, 8.200124374800509 ], [ 4.312621045424692, 8.193855026540746 ], [ 4.31321812583036, 8.189078381295246 ], [ 4.314710827844578, 8.186092978266799 ], [ 4.318591852481575, 8.176838225978656 ], [ 4.320383094698627, 8.171763039530276 ], [ 4.320980175104296, 8.167284935487658 ], [ 4.325159739944127, 8.149969593722687 ], [ 4.326950983161225, 8.141610463043037 ], [ 4.32724952336406, 8.129370308726436 ], [ 4.32635390175551, 8.118025775018339 ], [ 4.323368497727074, 8.106979780513143 ], [ 4.321875795712856, 8.099217732239197 ], [ 4.321577255510022, 8.089365899545328 ], [ 4.319487474090124, 8.086081956314047 ], [ 4.315606449453128, 8.075931583417344 ], [ 4.312919585627526, 8.072647639186073 ], [ 4.30903856099053, 8.066378291926299 ], [ 4.307036029629955, 8.063975254293553 ] ] ] ] } },
{ "type": "Feature", "properties": { "fid": 118.0, "OBJECTID": 118.0, "lganame": "Surulere", "statecode": "OY", "LGA_UID": "30_33" }, "geometry": { "type": "MultiPolygon", "coordinates": [ [ [ [ 4.495918750966837, 7.943399906368313 ], [ 4.482576369901324, 7.941874981332148 ], [ 4.46885299657697, 7.942256450591344 ], [ 4.458178997324467, 7.941493988073319 ], [ 4.449792384626164, 7.938063144742216 ], [ 4.441786766186738, 7.928914069525831 ], [ 4.440643311409815, 7.917096615496462 ], [ 4.439118385373661, 7.906422615243969 ], [ 4.435687542042558, 7.898036002545666 ], [ 4.435033797598408, 7.895421981769516 ], [ 4.433019161229538, 7.891555309142291 ], [ 4.42882585538041, 7.889267920588168 ], [ 4.422485828072638, 7.888441086026376 ], [ 4.418135643116898, 7.890402317358905 ], [ 4.414721011796814, 7.894605160214553 ], [ 4.407477855875413, 7.898416995804496 ], [ 4.400997162472095, 7.898416995804496 ], [ 4.397185325882162, 7.896511077509558 ], [ 4.377889632771598, 7.918016434121398 ], [ 4.351390838766918, 7.943156719203046 ], [ 4.326250552685281, 7.968297005284683 ], [ 4.322173594915171, 7.977809428747946 ], [ 4.310623169067242, 7.997513771136141 ], [ 4.302469253527022, 8.01653862006259 ], [ 4.294315814987158, 8.034204483065707 ], [ 4.284803390523905, 8.046435356376037 ], [ 4.292956829063769, 8.049832343684102 ], [ 4.307905197220464, 8.06342220291782 ], [ 4.307036029629955, 8.063975254293553 ], [ 4.30903856099053, 8.066378291926299 ], [ 4.312919585627526, 8.072647639186073 ], [ 4.315606449453128, 8.075931583417344 ], [ 4.319487474090124, 8.086081956314047 ], [ 4.321577255510022, 8.089365899545328 ], [ 4.321875795712856, 8.099217732239197 ], [ 4.323368497727074, 8.106979780513143 ], [ 4.32635390175551, 8.118025775018339 ], [ 4.32724952336406, 8.129370308726436 ], [ 4.326950983161225, 8.141610463043037 ], [ 4.325159739944127, 8.149969593722687 ], [ 4.320980175104296, 8.167284935487658 ], [ 4.320383094698627, 8.171763039530276 ], [ 4.318591852481575, 8.176838225978656 ], [ 4.314710827844578, 8.186092978266799 ], [ 4.31321812583036, 8.189078381295246 ], [ 4.312621045424692, 8.193855026540746 ], [ 4.310232721801924, 8.200124374800509 ], [ 4.308740019787706, 8.205199561248833 ], [ 4.306053156962093, 8.210573287900047 ], [ 4.303067753933647, 8.214752852739878 ], [ 4.30097797051377, 8.218633877376817 ], [ 4.299186729296707, 8.221917820608098 ], [ 4.295007164456877, 8.231769653301967 ], [ 4.292917381036943, 8.23774046135884 ], [ 4.291358421977748, 8.242612208668959 ], [ 4.306899547537171, 8.250980377354779 ], [ 4.321038723144113, 8.268654823363704 ], [ 4.350495815158808, 8.293398857176101 ], [ 4.391735077178964, 8.304002762381003 ], [ 4.417978287009987, 8.273376464571868 ], [ 4.440625045397383, 8.253964179382137 ], [ 4.440632344402331, 8.250558800068347 ], [ 4.444023075706184, 8.246953915618974 ], [ 4.452410676405179, 8.239430060506891 ], [ 4.457122008606291, 8.235075646548239 ], [ 4.459682309345908, 8.23355517051516 ], [ 4.461601740650053, 8.227438370359096 ], [ 4.471919083660225, 8.216350081825112 ], [ 4.480495579487524, 8.210510345857301 ], [ 4.483886241791311, 8.202712058558689 ], [ 4.490001201946143, 8.182328223708851 ], [ 4.494078158716263, 8.166700363090456 ], [ 4.494078158716263, 8.149713515548683 ], [ 4.494078158716263, 8.133406639468944 ], [ 4.494964123318255, 8.122775078245297 ], [ 4.495437144639652, 8.117099762389159 ], [ 4.505629062564537, 8.091959000307213 ], [ 4.533486843492597, 8.071575165457375 ], [ 4.557268142650912, 8.058665275685712 ], [ 4.568998336621007, 8.05475616502963 ], [ 4.560724734999496, 8.053951263482759 ], [ 4.559199809963388, 8.048995018115193 ], [ 4.5603432657403, 8.041371345935261 ], [ 4.563011645553331, 8.03412818901387 ], [ 4.563011645553331, 8.024598121538645 ], [ 4.563011645553331, 8.019261359912605 ], [ 4.563011645553331, 8.008968352918941 ], [ 4.559962273481403, 7.99410104781731 ], [ 4.557293891668394, 7.980758666751797 ], [ 4.549669266487797, 7.970847130017376 ], [ 4.54268836974461, 7.966130256812505 ], [ 4.535564898904568, 7.961317061542161 ], [ 4.529846668019275, 7.95886611887687 ], [ 4.525915146347984, 7.957181453732176 ], [ 4.522222518839044, 7.955598830656868 ], [ 4.511929511845437, 7.95369291336192 ], [ 4.50659275121933, 7.951786518066569 ], [ 4.501255511592944, 7.947212218958555 ], [ 4.495918750966837, 7.943399906368313 ] ] ] ] } },
{ "type": "Feature", "properties": { "fid": 122.0, "OBJECTID": 122.0, "lganame": "Ogo Oluwa", "statecode": "OY", "LGA_UID": "30_23" }, "geometry": { "type": "MultiPolygon", "coordinates": [ [ [ [ 4.284803390523905, 8.046435356376037 ], [ 4.294315814987158, 8.034204483065707 ], [ 4.302469253527022, 8.01653862006259 ], [ 4.310623169067242, 7.997513771136141 ], [ 4.322173594915171, 7.977809428747946 ], [ 4.326250552685281, 7.968297005284683 ], [ 4.351390838766918, 7.943156719203046 ], [ 4.377889632771598, 7.918016434121398 ], [ 4.397185325882162, 7.896511077509558 ], [ 4.396041393104895, 7.891174315883461 ], [ 4.3941354748099, 7.88393115996206 ], [ 4.390323162219602, 7.87897539059486 ], [ 4.386129856370474, 7.868682860601552 ], [ 4.380793094744377, 7.860677242162126 ], [ 4.37589788441835, 7.854053973661905 ], [ 4.374312401341058, 7.851909637204926 ], [ 4.370881557009966, 7.848478316873525 ], [ 4.367285251566443, 7.849197865362441 ], [ 4.365925788642755, 7.85152816794573 ], [ 4.365925788642755, 7.858008862349095 ], [ 4.363257407829735, 7.872113704932644 ], [ 4.360207557757462, 7.882787704185148 ], [ 4.35143995280032, 7.896130085250661 ], [ 4.348390101728057, 7.904897690207861 ], [ 4.338097571734806, 7.91633415197839 ], [ 4.335429191921776, 7.923195838640595 ], [ 4.328186035000385, 7.935013293669954 ], [ 4.315987109711784, 7.943018913109427 ], [ 4.30711078568072, 7.944463730091115 ], [ 4.295395850720979, 7.954551219945074 ], [ 4.293877124689061, 7.957504748951862 ], [ 4.285871506249634, 7.965510368391278 ], [ 4.27634143777442, 7.971228600276561 ], [ 4.265286446263076, 7.97008466749935 ], [ 4.250800133420285, 7.965510368391278 ], [ 4.235551834059777, 7.95636129417494 ], [ 4.234789370541705, 7.950261593030461 ], [ 4.234408379282854, 7.942637443850231 ], [ 4.234026909023669, 7.931201458080011 ], [ 4.230215073433726, 7.92777013774861 ], [ 4.224877833807284, 7.927008152230883 ], [ 4.216110228850141, 7.92167091360443 ], [ 4.209629536446812, 7.91900253279141 ], [ 4.198193072676247, 7.91633415197839 ], [ 4.191331387014088, 7.910234450833912 ], [ 4.192093848532124, 7.900704384358676 ], [ 4.197430611158211, 7.888505459070075 ], [ 4.200861454489313, 7.878594398335963 ], [ 4.202767848784617, 7.868682860601552 ], [ 4.197049617899324, 7.865252018270496 ], [ 4.186375617646831, 7.864870548011254 ], [ 4.174176693358277, 7.861058712421311 ], [ 4.164646625882995, 7.854959011276833 ], [ 4.147110938968353, 7.849622249650793 ], [ 4.130718707830567, 7.84885978713271 ], [ 4.116613865247018, 7.849240780391597 ], [ 4.108989716066787, 7.856102943054111 ], [ 4.09907817833232, 7.863727093234331 ], [ 4.089797497026552, 7.86774873696686 ], [ 4.089797497026552, 7.875889778498333 ], [ 4.093194485334664, 7.894235610963449 ], [ 4.099989413951505, 7.911221980504877 ], [ 4.099309921489805, 7.922772884353208 ], [ 4.090175629283465, 7.937615871438311 ], [ 4.106592655438078, 7.949342251405824 ], [ 4.121910094845532, 7.964659690813335 ], [ 4.13487100565186, 7.984690189423077 ], [ 4.15018844605936, 8.011790275836347 ], [ 4.161971569065429, 8.031821251446445 ], [ 4.176110743672325, 8.0577430730591 ], [ 4.1843585972764, 8.068347931264611 ], [ 4.219574928204224, 8.053230285992868 ], [ 4.240638255515762, 8.047794342299426 ], [ 4.263060569750678, 8.043038368067926 ], [ 4.278008460907074, 8.04371738352927 ], [ 4.284803390523905, 8.046435356376037 ] ] ] ] } },
{ "type": "Feature", "properties": { "fid": 388.0, "OBJECTID": 388.0, "lganame": "Ori Ire", "statecode": "OY", "LGA_UID": "30_27" }, "geometry": { "type": "MultiPolygon", "coordinates": [ [ [ [ 4.391735077178964, 8.304002762381003 ], [ 4.350495815158808, 8.293398857176101 ], [ 4.321038723144113, 8.268654823363704 ], [ 4.306899547537171, 8.250980377354779 ], [ 4.291358421977748, 8.242612208668959 ], [ 4.276264190721918, 8.23448467314671 ], [ 4.24091577470432, 8.219167708739576 ], [ 4.220885277094567, 8.20031452192967 ], [ 4.213815689291096, 8.188531875923957 ], [ 4.206746101487624, 8.163787842111503 ], [ 4.196141243282113, 8.142579078701146 ], [ 4.189071655478699, 8.126083374493135 ], [ 4.186873912985391, 8.117291450519417 ], [ 4.182002067675228, 8.106052398883037 ], [ 4.183180332475786, 8.084843636472669 ], [ 4.1843585972764, 8.068347931264611 ], [ 4.176110743672325, 8.0577430730591 ], [ 4.161971569065429, 8.031821251446445 ], [ 4.15018844605936, 8.011790275836347 ], [ 4.13487100565186, 7.984690189423077 ], [ 4.121910094845532, 7.964659690813335 ], [ 4.106592655438078, 7.949342251405824 ], [ 4.090175629283465, 7.937615871438311 ], [ 4.078313828223941, 7.949342251405824 ], [ 4.060639858215325, 7.974085808217922 ], [ 4.037074089203486, 8.023573874842725 ], [ 4.031182766200573, 8.060099601660227 ], [ 4.026469706998284, 8.091913223276094 ], [ 4.0229349135966, 8.120192528490577 ], [ 4.012330532391388, 8.141401290900944 ], [ 3.991121291980733, 8.164966582912427 ], [ 3.973447322972106, 8.179105758519313 ], [ 3.964020966567318, 8.202671050530853 ], [ 3.965199232367866, 8.233306885346451 ], [ 3.986408233778434, 8.260406493759376 ], [ 4.000547409385319, 8.283972739771514 ], [ 4.021756648795986, 8.314607619586468 ], [ 4.041787148405774, 8.34406471260121 ], [ 4.047678471408631, 8.362916946410394 ], [ 4.045321940807526, 8.377056122017279 ], [ 4.031182766200573, 8.391195296624232 ], [ 4.021756648795986, 8.39944362622856 ], [ 4.013508797191946, 8.41476154263637 ], [ 4.009974002790216, 8.427721977442388 ], [ 3.999369382584916, 8.447752953052486 ], [ 3.991121291980733, 8.463070869460296 ], [ 3.982873440376693, 8.487813950272027 ], [ 3.972269058171491, 8.506666183081222 ], [ 3.958129643564462, 8.531410216893676 ], [ 3.95459485116271, 8.549084662902601 ], [ 3.956951379763836, 8.569115638512699 ], [ 3.956951379763836, 8.595037460125354 ], [ 3.963522911228893, 8.614751815520378 ], [ 3.970558167009017, 8.613432883624228 ], [ 4.027431010651469, 8.614969253668107 ], [ 4.048950672273065, 8.614969253668107 ], [ 4.061247348628058, 8.613432883624228 ], [ 4.104286193870962, 8.613432883624228 ], [ 4.147325516114165, 8.624192237934665 ], [ 4.168844699735416, 8.644174575511727 ], [ 4.196512698534548, 8.674916267399283 ], [ 4.209143639116633, 8.680658340300738 ], [ 4.25976848551386, 8.575006484515256 ], [ 4.348138808557337, 8.391195296624232 ], [ 4.391735077178964, 8.304002762381003 ] ] ] ] } },
{ "type": "Feature", "properties": { "fid": 422.0, "OBJECTID": 422.0, "lganame": "Egbeda", "statecode": "OY", "LGA_UID": "30_05" }, "geometry": { "type": "MultiPolygon", "coordinates": [ [ [ [ 4.134980678726379, 7.363748549522427 ], [ 4.13803911180446, 7.352023601555857 ], [ 4.136680125881071, 7.33028078078263 ], [ 4.131924151649628, 7.312614440779214 ], [ 4.128886699585848, 7.310589790403526 ], [ 4.117655276954622, 7.313293934240903 ], [ 4.112219810261479, 7.316011906087624 ], [ 4.10270690879787, 7.320768356319434 ], [ 4.092514991872974, 7.327562808935909 ], [ 4.08436155333311, 7.332998275629052 ], [ 4.062618731559837, 7.339793205245883 ], [ 4.051747322173242, 7.341831683630971 ], [ 4.040196419324957, 7.346587657862415 ], [ 4.027966022014994, 7.352023601555857 ], [ 4.02321004878354, 7.354062079940945 ], [ 4.011659144935209, 7.356779574787367 ], [ 4.005543708780067, 7.360177040095778 ], [ 3.989236592700138, 7.368330478635642 ], [ 3.982442141083652, 7.370368958020663 ], [ 3.977006435390308, 7.370368958020663 ], [ 3.9688527578503, 7.368330478635642 ], [ 3.960699320310425, 7.36493349132752 ], [ 3.950507164385328, 7.358138560710699 ], [ 3.950507164385328, 7.373086928867394 ], [ 3.948468924000451, 7.386676311100757 ], [ 3.947789430538762, 7.393470763717289 ], [ 3.955263614617081, 7.396868229025699 ], [ 3.9688527578503, 7.403662681642231 ], [ 3.989916086161827, 7.411136626720406 ], [ 3.997390270240203, 7.414534092028816 ], [ 4.009620666550177, 7.420649052183649 ], [ 4.016415119166652, 7.424726008953769 ], [ 4.021171570398451, 7.424726008953769 ], [ 4.029325007938326, 7.426084994877101 ], [ 4.039516925863268, 7.428802966723822 ], [ 4.053106308096631, 7.430161952647211 ], [ 4.078926085639921, 7.435597420340343 ], [ 4.103386402259559, 7.443071365418575 ], [ 4.135321139957739, 7.451904774420427 ], [ 4.148231029729402, 7.45869922603697 ], [ 4.14619255134437, 7.448507309112017 ], [ 4.14143657711287, 7.439674377110464 ], [ 4.13803911180446, 7.421328544645348 ], [ 4.135321139957739, 7.405701160027263 ], [ 4.135321139957739, 7.388034821023837 ], [ 4.134348392296772, 7.373439789107181 ], [ 4.133962631034706, 7.367650986173942 ], [ 4.134980678726379, 7.363748549522427 ] ] ] ] } },
{ "type": "Feature", "properties": { "fid": 467.0, "OBJECTID": 467.0, "lganame": "Kajola", "statecode": "OY", "LGA_UID": "30_19" }, "geometry": { "type": "MultiPolygon", "coordinates": [ [ [ [ 3.383579246184468, 7.847364080116449 ], [ 3.383472919112194, 7.847009658875663 ], [ 3.370130301046515, 7.850949763552762 ], [ 3.353606223819156, 7.863342761973229 ], [ 3.341212988398581, 7.869952202464049 ], [ 3.31890559224172, 7.885650158130034 ], [ 3.302381516014407, 7.899695872673476 ], [ 3.287509679909704, 7.914567470778024 ], [ 3.283378839102966, 7.924481868514363 ], [ 3.279247761296119, 7.942658423864486 ], [ 3.275942802050565, 7.952572822600871 ], [ 3.265202283752842, 7.992230891546626 ], [ 3.261897325507277, 8.006276131089749 ], [ 3.261897325507277, 8.048412322719287 ], [ 3.265202283752842, 8.054196357649289 ], [ 3.270159483121063, 8.06824111919201 ], [ 3.273464203366473, 8.078982353490176 ], [ 3.277595282173309, 8.094679832155862 ], [ 3.278421401734647, 8.117814063874505 ], [ 3.273626089476465, 8.135396956821239 ], [ 3.276074648140138, 8.138895035198061 ], [ 3.285299063407706, 8.148778914913692 ], [ 3.293205737779886, 8.164591788657788 ], [ 3.294523477675227, 8.181063651849627 ], [ 3.30177116359971, 8.194900513251127 ], [ 3.310336828419679, 8.205442429413893 ], [ 3.317584515344151, 8.209395409099727 ], [ 3.324173211820835, 8.212031363890731 ], [ 3.334056615536156, 8.212031363890731 ], [ 3.340645313012828, 8.207419394757096 ], [ 3.344598769699019, 8.199512482384762 ], [ 3.347893237937456, 8.194241523803385 ], [ 3.355140923861939, 8.18962955466975 ], [ 3.361070870891069, 8.186334610431004 ], [ 3.391379595484409, 8.168544769343612 ], [ 3.402580500094928, 8.162614822314538 ], [ 3.416417122496227, 8.153390884047269 ], [ 3.428935766002041, 8.139554023645815 ], [ 3.432889222688232, 8.134283066064427 ], [ 3.428277015554499, 8.123741149901662 ], [ 3.418393611839178, 8.117152214424834 ], [ 3.411804914362449, 8.108586310604665 ], [ 3.405874968333364, 8.098044395441946 ], [ 3.406533717780917, 8.091455459965061 ], [ 3.410487175467097, 8.086843490831484 ], [ 3.416417122496227, 8.083548545592691 ], [ 3.424982548316052, 8.079595565906857 ], [ 3.439477921164951, 8.069712639191835 ], [ 3.442772388403398, 8.059170723029126 ], [ 3.457087040129522, 8.047817230314934 ], [ 3.455291270909413, 8.044674873179872 ], [ 3.453314542566318, 8.034132957017107 ], [ 3.457268000252498, 8.022932053406635 ], [ 3.459903479043192, 8.015684128482008 ], [ 3.45792674970005, 8.008436202557391 ], [ 3.456815664945168, 8.003039527890621 ], [ 3.453314542566318, 7.986033916336112 ], [ 3.447384595537187, 7.966926575353568 ], [ 3.448702335432529, 7.956384182190504 ], [ 3.448882453554916, 7.95044135015263 ], [ 3.449361323880282, 7.934641361417277 ], [ 3.443431376851152, 7.919487000120569 ], [ 3.431571483792936, 7.902355671480677 ], [ 3.411145925914695, 7.887201309183979 ], [ 3.399945021304234, 7.881271362154848 ], [ 3.382799947654973, 7.880748362799523 ], [ 3.378379104651174, 7.869306065025 ], [ 3.379519968426337, 7.851647578026871 ], [ 3.383579246184468, 7.847364080116449 ] ] ] ] } },
{ "type": "Feature", "properties": { "fid": 562.0, "OBJECTID": 562.0, "lganame": "Lagelu", "statecode": "OY", "LGA_UID": "30_20" }, "geometry": { "type": "MultiPolygon", "coordinates": [ [ [ [ 4.064725853991547, 7.623270288855281 ], [ 4.09253924788942, 7.620441704933341 ], [ 4.093373299456118, 7.62148427964172 ], [ 4.11018133187639, 7.61225795737289 ], [ 4.121732234724732, 7.610219478987858 ], [ 4.138718605266149, 7.598668575139527 ], [ 4.14483404242128, 7.587117672291242 ], [ 4.144396305123905, 7.581428528425761 ], [ 4.144222780005975, 7.57917364789364 ], [ 4.144220352004311, 7.579142093872235 ], [ 4.148219491721534, 7.569479686307091 ], [ 4.148231029729402, 7.569451809288125 ], [ 4.153796672510964, 7.568672656758736 ], [ 4.154346465884544, 7.565374850518026 ], [ 4.152987479961155, 7.557221412978151 ], [ 4.152987479961155, 7.549067974438287 ], [ 4.154346465884544, 7.539555549975034 ], [ 4.157743454192655, 7.533440112819846 ], [ 4.161140918501076, 7.523248195894951 ], [ 4.164538382809496, 7.514415263893397 ], [ 4.165897368732828, 7.506261826353523 ], [ 4.163874980358742, 7.493453827651081 ], [ 4.163858891347786, 7.493351935581813 ], [ 4.156384945269622, 7.479083060886808 ], [ 4.152307987499512, 7.46277618380708 ], [ 4.148231029729402, 7.45869922603697 ], [ 4.135321139957739, 7.451904774420427 ], [ 4.103386402259559, 7.443071365418575 ], [ 4.078926085639921, 7.435597420340343 ], [ 4.053106308096631, 7.430161952647211 ], [ 4.039516925863268, 7.428802966723822 ], [ 4.029325007938326, 7.426084994877101 ], [ 4.021171570398451, 7.424726008953769 ], [ 4.020220367752188, 7.424726008953769 ], [ 4.016415119166652, 7.424726008953769 ], [ 4.009620666550177, 7.420649052183649 ], [ 3.997390270240203, 7.414534092028816 ], [ 3.989916086161827, 7.411136626720406 ], [ 3.9688527578503, 7.403662681642231 ], [ 3.955263614617081, 7.396868229025699 ], [ 3.947789430538762, 7.393470763717289 ], [ 3.946458577634473, 7.395527363114638 ], [ 3.940315247460376, 7.405021666565574 ], [ 3.928764342612112, 7.419290543260615 ], [ 3.934200048305399, 7.426084994877101 ], [ 3.939497454904767, 7.428873021771437 ], [ 3.938863152473743, 7.429417004141044 ], [ 3.938085938945676, 7.42965033129957 ], [ 3.937330118432158, 7.430244254703155 ], [ 3.936873772122055, 7.431276550404561 ], [ 3.936502991870157, 7.432735427395755 ], [ 3.936564590911985, 7.433759546091608 ], [ 3.937439251506305, 7.433721837066003 ], [ 3.937491541541817, 7.434131923344637 ], [ 3.937662670658085, 7.434622140677732 ], [ 3.938071479935843, 7.435145354033182 ], [ 3.938299653090894, 7.435668566388699 ], [ 3.937667424661299, 7.436059796654547 ], [ 3.93731090541911, 7.436441598913916 ], [ 3.937106501280198, 7.436828115176581 ], [ 3.939392979833769, 7.440323712551674 ], [ 3.94118983805464, 7.442753552202589 ], [ 3.941962296579504, 7.443307392578902 ], [ 3.943019972298146, 7.443554853747059 ], [ 3.944077647016741, 7.443649124811145 ], [ 3.944861989549679, 7.443908368987252 ], [ 3.945788941179501, 7.444721452539738 ], [ 3.946678753784113, 7.446069224455471 ], [ 3.947629473430084, 7.446729113903814 ], [ 3.948372222934722, 7.446953006055935 ], [ 3.949334824588789, 7.447106194160028 ], [ 3.951533363082547, 7.447412571368204 ], [ 3.951293305919478, 7.448383550027927 ], [ 3.950924902669158, 7.449250829617199 ], [ 3.950296002241828, 7.450352368365657 ], [ 3.949659020809065, 7.452030357505748 ], [ 3.949640005796141, 7.452536050849346 ], [ 3.949782613893035, 7.453938296802107 ], [ 3.950495653377516, 7.455269836706861 ], [ 3.952288510595679, 7.458491892896063 ], [ 3.953779950609032, 7.469018304048291 ], [ 3.956075447168701, 7.484565159611634 ], [ 3.967490967925016, 7.483670817003997 ], [ 3.966885114513389, 7.484745737734329 ], [ 3.966930770544366, 7.484743818733023 ], [ 3.967158942699427, 7.488985580615122 ], [ 3.967681839054706, 7.500313240311698 ], [ 3.970028925649444, 7.507294202054936 ], [ 3.971686741775841, 7.518209020471033 ], [ 3.975786716561572, 7.518597819735248 ], [ 3.97717714350631, 7.520471124008054 ], [ 3.985911874441172, 7.52312201280921 ], [ 3.98495640079193, 7.52692276939166 ], [ 3.986816276055663, 7.530810869033417 ], [ 3.988236381020556, 7.533779599050547 ], [ 3.99009028328021, 7.539611353012958 ], [ 3.992799832121193, 7.549613511808957 ], [ 3.99568764108335, 7.559933517820923 ], [ 4.005206713551104, 7.567814726175811 ], [ 4.010963020462214, 7.569500803321432 ], [ 4.010967596465321, 7.569567038366415 ], [ 4.011854319067822, 7.582400178085948 ], [ 4.033958534086594, 7.602013554412281 ], [ 4.04293094318291, 7.607667694254019 ], [ 4.046317879484207, 7.62621981885934 ], [ 4.050120755068065, 7.627397703659653 ], [ 4.064678637959446, 7.623275090858499 ], [ 4.064725853991547, 7.623270288855281 ] ] ] ] } },
{ "type": "Feature", "properties": { "fid": 572.0, "OBJECTID": 572.0, "lganame": "Ibarapa East", "statecode": "OY", "LGA_UID": "30_12" }, "geometry": { "type": "MultiPolygon", "coordinates": [ [ [ [ 3.61659693650904, 7.663540840217195 ], [ 3.605918646253599, 7.655235766574322 ], [ 3.601704917390578, 7.652338702605903 ], [ 3.594626851581381, 7.656529481453333 ], [ 3.582579342395661, 7.654589210134986 ], [ 3.57565202368886, 7.642499630920668 ], [ 3.57504964827956, 7.634738239647163 ], [ 3.577196306738131, 7.624486829681814 ], [ 3.576256514099612, 7.622607231404743 ], [ 3.576054552962376, 7.622030191012641 ], [ 3.572103977278118, 7.610742569343245 ], [ 3.569137812262795, 7.595318316863199 ], [ 3.570917368471896, 7.575741290561552 ], [ 3.575070143293487, 7.562690257693987 ], [ 3.57981610251818, 7.537774085764624 ], [ 3.57981610251818, 7.528875350718351 ], [ 3.578036308308867, 7.513451099238296 ], [ 3.575663327696532, 7.505145549595056 ], [ 3.576849936502811, 7.500399590370364 ], [ 3.577796758146121, 7.498506052083826 ], [ 3.573924963515424, 7.498157080846738 ], [ 3.57050237618995, 7.499146798519178 ], [ 3.566651963573747, 7.497308750270292 ], [ 3.567365003058228, 7.491794555523654 ], [ 3.564655454217245, 7.486987254257315 ], [ 3.561232865891725, 7.486421684873051 ], [ 3.557667670469357, 7.485149154008411 ], [ 3.552533787981133, 7.483169651663445 ], [ 3.549253807752507, 7.481755716702764 ], [ 3.547257298396005, 7.48133153641453 ], [ 3.54640165081463, 7.479493412165652 ], [ 3.549966847236988, 7.472140838169878 ], [ 3.549966847236988, 7.469312892248468 ], [ 3.547685121686698, 7.465636534750502 ], [ 3.546116434620842, 7.461818747156542 ], [ 3.546544258911524, 7.455314289737032 ], [ 3.543264278682898, 7.451779219335151 ], [ 3.540554729841915, 7.450223779278303 ], [ 3.545752525373587, 7.440804481878331 ], [ 3.540519713818128, 7.439661026101419 ], [ 3.53875589361968, 7.437348842530355 ], [ 3.536986113417186, 7.434457778566014 ], [ 3.535222292218748, 7.432145595994996 ], [ 3.533452511016264, 7.429254532030654 ], [ 3.532263041208068, 7.426362038065349 ], [ 3.529338837221246, 7.424053192496615 ], [ 3.524662495043856, 7.420590878144139 ], [ 3.522289276431366, 7.415384292606518 ], [ 3.519956826846624, 7.414232253823741 ], [ 3.518199204652376, 7.412499427646367 ], [ 3.515843153051549, 7.409030914289644 ], [ 3.511753082272548, 7.40614604932955 ], [ 3.508835077289916, 7.404416561154449 ], [ 3.50649094569718, 7.402106284584704 ], [ 3.502980947312267, 7.39921951262329 ], [ 3.501228809121812, 7.398066520839905 ], [ 3.499470710927255, 7.396333693662484 ], [ 3.497712850732853, 7.394600868485156 ], [ 3.49422621736386, 7.394031048097986 ], [ 3.491899966783308, 7.393458365708852 ], [ 3.488993405808401, 7.392887592321017 ], [ 3.486093043837741, 7.392895699326573 ], [ 3.483766556257024, 7.392323016937439 ], [ 3.482014656066667, 7.391169071153399 ], [ 3.47909641308388, 7.389439582978298 ], [ 3.4744496349266, 7.38887357659371 ], [ 3.472733020760245, 7.39119529717118 ], [ 3.473366022190362, 7.396406650712095 ], [ 3.475715875786932, 7.399295806675127 ], [ 3.477485656989415, 7.402186870639468 ], [ 3.479243755183973, 7.403920173817141 ], [ 3.481013298386301, 7.406811236781493 ], [ 3.482226610210716, 7.412020683321089 ], [ 3.482859611640777, 7.417232036861947 ], [ 3.480580568092307, 7.421293258621347 ], [ 3.477732658157265, 7.426514149168725 ], [ 3.474879503218688, 7.431156158322722 ], [ 3.472611903677944, 7.436375617869089 ], [ 3.471475123905577, 7.438695431445296 ], [ 3.468598126950781, 7.441020489025107 ], [ 3.466295481386226, 7.442764282209907 ], [ 3.459404944704431, 7.449734687945977 ], [ 3.460014343118473, 7.452629088912602 ], [ 3.460641383544555, 7.457261086059816 ], [ 3.463577270539361, 7.460728645415827 ], [ 3.465364694753816, 7.46535682656048 ], [ 3.465974331168013, 7.468251704527404 ], [ 3.466583966582277, 7.471145630493709 ], [ 3.461984158456914, 7.475213051257299 ], [ 3.459124803514101, 7.479276180018019 ], [ 3.45568537717719, 7.483340262779393 ], [ 3.452234267832296, 7.486245631753434 ], [ 3.453435658648573, 7.490297317506361 ], [ 3.453482627680501, 7.49493074365455 ], [ 3.445929526548525, 7.493793487881874 ], [ 3.442431211171595, 7.492065429707736 ], [ 3.438926934790572, 7.489758492140254 ], [ 3.432487011414992, 7.483984470217081 ], [ 3.42664480244548, 7.479945660472879 ], [ 3.421388387874003, 7.476485252121734 ], [ 3.417304039098838, 7.474179744555215 ], [ 3.411473751137464, 7.471299647598357 ], [ 3.406797408960074, 7.46783781124617 ], [ 3.401535273384695, 7.463797568501036 ], [ 3.398605347393982, 7.460909842538967 ], [ 3.395687103411149, 7.459179878363557 ], [ 3.393082856641684, 7.455832005088837 ], [ 3.386098145895915, 7.459712504725417 ], [ 3.377954245362503, 7.463332176184849 ], [ 3.368000745599602, 7.472380638332822 ], [ 3.345766544492506, 7.506747722683656 ], [ 3.35171294153281, 7.520339011918281 ], [ 3.35171294153281, 7.528482914451672 ], [ 3.356237172606768, 7.553819179666505 ], [ 3.356237172606768, 7.582775116340713 ], [ 3.356237172606768, 7.60720682094086 ], [ 3.356237172606768, 7.62439966162259 ], [ 3.354427576377248, 7.638877392459563 ], [ 3.348093510073568, 7.648830891222474 ], [ 3.3476860517967, 7.652089119436312 ], [ 3.366825341800961, 7.660922527438174 ], [ 3.383349419028264, 7.670011043613385 ], [ 3.408135652869362, 7.67992544234977 ], [ 3.410663382586847, 7.681993569754979 ], [ 3.425698309802385, 7.684321694336802 ], [ 3.427780384217044, 7.692446358857126 ], [ 3.444322893456899, 7.696968718929895 ], [ 3.491379518429653, 7.700136697082371 ], [ 3.544263257361649, 7.711618947884006 ], [ 3.542469947143218, 7.74099919784652 ], [ 3.549416541863081, 7.751805305188782 ], [ 3.550242901424554, 7.76171970392511 ], [ 3.550242901424554, 7.774938582906714 ], [ 3.549416541863081, 7.77906990071375 ], [ 3.554373980231446, 7.781548500397889 ], [ 3.559862473960607, 7.780764267865038 ], [ 3.560157299160949, 7.780722140836417 ], [ 3.591553211492965, 7.769155501977423 ], [ 3.636168241806786, 7.750978946627299 ], [ 3.685740471488771, 7.733628749838658 ], [ 3.69002938340293, 7.731483936381323 ], [ 3.686006068669258, 7.724644660734384 ], [ 3.677107572623129, 7.715152740285077 ], [ 3.67176842699547, 7.70803403944825 ], [ 3.665242671561487, 7.699728488805022 ], [ 3.662276505546117, 7.694389343177306 ], [ 3.657405486236485, 7.688977147499997 ], [ 3.656937360918448, 7.688457012146557 ], [ 3.64803886387233, 7.682524681115808 ], [ 3.630834818182961, 7.672439575263468 ], [ 3.61659693650904, 7.663540840217195 ] ] ] ] } },
{ "type": "Feature", "properties": { "fid": 581.0, "OBJECTID": 581.0, "lganame": "Ibarapa Central", "statecode": "OY", "LGA_UID": "30_11" }, "geometry": { "type": "MultiPolygon", "coordinates": [ [ [ [ 3.393082856641684, 7.455832005088837 ], [ 3.393893719192647, 7.453971862824915 ], [ 3.400228024496528, 7.449320792664764 ], [ 3.399014710672134, 7.44411087012486 ], [ 3.396079062677472, 7.440643786769158 ], [ 3.393166541698577, 7.439493178987334 ], [ 3.387341975741037, 7.437192917424454 ], [ 3.385004044152538, 7.435461521248044 ], [ 3.382659911559813, 7.433151244678299 ], [ 3.381476163755508, 7.430837631106328 ], [ 3.381428956723425, 7.426203727957784 ], [ 3.383145808889935, 7.423882008380303 ], [ 3.384276627658267, 7.420982838410453 ], [ 3.382512808459865, 7.418670653839399 ], [ 3.381323098651478, 7.415778159874094 ], [ 3.383033990813942, 7.41287708290298 ], [ 3.385852336728874, 7.404760361388014 ], [ 3.385816812704775, 7.401284695026504 ], [ 3.383466959108148, 7.398395061063127 ], [ 3.38054299412147, 7.396086216494382 ], [ 3.379347324309038, 7.392614365135387 ], [ 3.377577543106554, 7.389723301171045 ], [ 3.375807761904071, 7.386832237206704 ], [ 3.36937951953638, 7.382215977070189 ], [ 3.363525390558777, 7.37701940453934 ], [ 3.359435319779777, 7.374135016579544 ], [ 3.357079744179259, 7.370666027222512 ], [ 3.353557824786321, 7.366621017474131 ], [ 3.350041866397362, 7.363155365119383 ], [ 3.347082376386538, 7.357371807189736 ], [ 3.344714879777939, 7.352744579045748 ], [ 3.343519448965708, 7.349272250686454 ], [ 3.339411497174524, 7.344649791545748 ], [ 3.334694146969298, 7.337132931438362 ], [ 3.332924603766969, 7.334242344474376 ], [ 3.331142901556404, 7.330192565722712 ], [ 3.329964875755991, 7.328458308544384 ], [ 3.328189372549616, 7.324987888186399 ], [ 3.324028491722515, 7.31515216750347 ], [ 3.319375991561344, 7.314007281725594 ], [ 3.311254501043152, 7.314029693740792 ], [ 3.306613683889964, 7.314042567749539 ], [ 3.296212911823147, 7.318126201524194 ], [ 3.291601418689822, 7.321035384500817 ], [ 3.286995887560579, 7.324523448870821 ], [ 3.282466888483327, 7.33554124835689 ], [ 3.280169963922674, 7.33786439893538 ], [ 3.264097452002204, 7.354707718379586 ], [ 3.260066509263368, 7.357614994354947 ], [ 3.257195234312462, 7.360518932328034 ], [ 3.256644486938228, 7.363416672296921 ], [ 3.249144315842216, 7.367492199066078 ], [ 3.236973762572916, 7.368684768876335 ], [ 3.230024337851091, 7.369862555676605 ], [ 3.22074270154468, 7.369888305694133 ], [ 3.212621212026477, 7.369910716709342 ], [ 3.206233977686679, 7.369349957328325 ], [ 3.198106766164585, 7.368793010949901 ], [ 3.183035850924625, 7.369993686765724 ], [ 3.178406476779173, 7.371165275561737 ], [ 3.173197269239779, 7.37233781835846 ], [ 3.167988299700539, 7.373511314155792 ], [ 3.161624670376739, 7.375266552348364 ], [ 3.15527296106103, 7.378180027327915 ], [ 3.151138544251921, 7.382362366169673 ], [ 3.148382425379282, 7.385150433063984 ], [ 3.14609122282252, 7.388052940036118 ], [ 3.143902540335375, 7.39093780499627 ], [ 3.140366553932836, 7.395598888163249 ], [ 3.136903762580062, 7.397346497350668 ], [ 3.132292271446772, 7.400255203326992 ], [ 3.128249167699664, 7.402004241515385 ], [ 3.123631953562494, 7.404334068098365 ], [ 3.115294455897526, 7.408086299647834 ], [ 3.11324882450765, 7.410155773053987 ], [ 3.107279778451925, 7.416193008155972 ], [ 3.104073048273108, 7.420607090155158 ], [ 3.097791910005355, 7.430471896857796 ], [ 3.094340800660518, 7.433377265831894 ], [ 3.090309380921326, 7.436284541807254 ], [ 3.086260319170208, 7.437454699602313 ], [ 3.082211256419043, 7.438624382397052 ], [ 3.080500603256723, 7.441524982367866 ], [ 3.079375744492438, 7.44500350973135 ], [ 3.077664614329819, 7.447904586702521 ], [ 3.075379609777258, 7.451386452068277 ], [ 3.07426667202111, 7.456023216218739 ], [ 3.073176861280615, 7.462976932943434 ], [ 3.070885896724008, 7.465879916915867 ], [ 3.069192647573516, 7.470518112067339 ], [ 3.073011875168504, 7.470571041103312 ], [ 3.084775209161137, 7.468761443873746 ], [ 3.103777647072434, 7.46695136964388 ], [ 3.128209113672426, 7.471476077718251 ], [ 3.145401716354002, 7.475095272177271 ], [ 3.164404154265242, 7.478714942636714 ], [ 3.175262689643148, 7.479619980251641 ], [ 3.187026023635781, 7.479619980251641 ], [ 3.197884321013476, 7.484144211325599 ], [ 3.22412586184339, 7.495907307318078 ], [ 3.268464564969406, 7.498621941162583 ], [ 3.301944970717784, 7.499526977777464 ], [ 3.323661804473375, 7.499526977777464 ], [ 3.336330175080946, 7.504051207851489 ], [ 3.345766544492506, 7.506747722683656 ], [ 3.368000745599602, 7.472380638332822 ], [ 3.377954245362503, 7.463332176184849 ], [ 3.386098145895915, 7.459712504725417 ], [ 3.393082856641684, 7.455832005088837 ] ] ] ] } },
{ "type": "Feature", "properties": { "fid": 583.0, "OBJECTID": 583.0, "lganame": "Ibadan North East", "statecode": "OY", "LGA_UID": "30_07" }, "geometry": { "type": "MultiPolygon", "coordinates": [ [ [ [ 3.950507164385328, 7.358138560710699 ], [ 3.949919461985985, 7.354557991277886 ], [ 3.949336766590079, 7.350672244637678 ], [ 3.947782515534072, 7.346009254469436 ], [ 3.946033955345968, 7.338820933585282 ], [ 3.943313837497783, 7.334935187945121 ], [ 3.939234017725767, 7.332020759964905 ], [ 3.936100244596503, 7.329594612316441 ], [ 3.934765338689488, 7.333380698888902 ], [ 3.926411152013202, 7.342318057961393 ], [ 3.922137022109155, 7.346203803601611 ], [ 3.917862654204896, 7.348729134317466 ], [ 3.914559840960806, 7.350672244637678 ], [ 3.909526109540593, 7.354681492361806 ], [ 3.913199902036808, 7.359415053578005 ], [ 3.915531396620906, 7.365826129934021 ], [ 3.916426182228918, 7.371046066480744 ], [ 3.921554088713094, 7.372431755422269 ], [ 3.925634146485265, 7.37359762221439 ], [ 3.928936957729377, 7.376317501062431 ], [ 3.934959649821508, 7.382534504286582 ], [ 3.937679767669692, 7.387003422323005 ], [ 3.940205336385702, 7.389140128774841 ], [ 3.942925453233897, 7.39186048462318 ], [ 3.947789430538762, 7.393470763717289 ], [ 3.948468924000451, 7.386676311100757 ], [ 3.950507164385328, 7.373086928867394 ], [ 3.950507164385328, 7.358138560710699 ] ] ] ] } },
{ "type": "Feature", "properties": { "fid": 603.0, "OBJECTID": 603.0, "lganame": "Irepo", "statecode": "OY", "LGA_UID": "30_15" }, "geometry": { "type": "MultiPolygon", "coordinates": [ [ [ [ 4.210460186011176, 8.970032691917027 ], [ 4.203491211276116, 8.959896088029666 ], [ 4.190702437586708, 8.948091507008996 ], [ 4.1729950895554, 8.926448822303826 ], [ 4.126759052140187, 8.905790329267347 ], [ 4.094295025082431, 8.8959522245828 ], [ 4.056912898683038, 8.886115073898964 ], [ 3.998871565246645, 8.878245353551847 ], [ 3.97722911754164, 8.875539779713506 ], [ 3.966408014189199, 8.878245353551847 ], [ 3.936895609136911, 8.897920608920231 ], [ 3.914269208763358, 8.91267681094638 ], [ 3.877870560032136, 8.929400444309294 ], [ 3.850325584316636, 8.94022178566189 ], [ 3.830650805948551, 8.949074744677091 ], [ 3.796219586554173, 8.953009605350644 ], [ 3.764739513164955, 8.957928657692889 ], [ 3.738178492117981, 8.960880279698358 ], [ 3.704730988391987, 8.974652290055815 ], [ 3.688007116028871, 8.987441062745177 ], [ 3.682179689069415, 8.994165421314051 ], [ 3.720009803773223, 9.013080597166038 ], [ 3.743066311439009, 9.046896935142684 ], [ 3.752289056705422, 9.086861610296751 ], [ 3.753826140749823, 9.120677948273396 ], [ 3.77073431023814, 9.146808624027926 ], [ 3.795327901948326, 9.1652536385605 ], [ 3.810251236087993, 9.17346191413759 ], [ 3.826070069836135, 9.182162285049117 ], [ 3.862960576901514, 9.188310623226585 ], [ 3.921370744588501, 9.172939300782502 ], [ 3.944427252254286, 9.148345947072471 ], [ 3.972095251053418, 9.077638626030193 ], [ 3.990540503586089, 9.048433304186574 ], [ 4.012060165207686, 9.03459930378699 ], [ 4.072007178938861, 9.014616966209928 ], [ 4.133491515714582, 8.994634627632877 ], [ 4.210460186011176, 8.970032691917027 ] ] ] ] } },
{ "type": "Feature", "properties": { "fid": 608.0, "OBJECTID": 608.0, "lganame": "Afijio", "statecode": "OY", "LGA_UID": "30_01" }, "geometry": { "type": "MultiPolygon", "coordinates": [ [ [ [ 4.07249164626802, 7.80873298586846 ], [ 4.07066774402881, 7.800783157466924 ], [ 4.07213115702308, 7.796392441483647 ], [ 4.070092677638058, 7.784162521173982 ], [ 4.069413185176359, 7.77057313894062 ], [ 4.070833206141231, 7.759752273588333 ], [ 4.066016196868304, 7.754945278322225 ], [ 4.061259746636495, 7.754265784860536 ], [ 4.061939240098184, 7.748830318167393 ], [ 4.069413185176359, 7.740676402627173 ], [ 4.074169636408158, 7.735920429395719 ], [ 4.074849128869857, 7.729125976779244 ], [ 4.076208114793189, 7.718933581853946 ], [ 4.078246593178278, 7.708062172467351 ], [ 4.075528622331547, 7.688357830079156 ], [ 4.074169636408158, 7.68156337746268 ], [ 4.05718326586674, 7.679524899077592 ], [ 4.052928924976072, 7.674966811980596 ], [ 4.047670364403132, 7.669332981152706 ], [ 4.037478447478236, 7.661859035074485 ], [ 4.029325007938326, 7.652346133610934 ], [ 4.01573562570502, 7.6509876246879 ], [ 4.000787734548624, 7.652346133610934 ], [ 3.991954564546859, 7.653705119534266 ], [ 3.975647449466976, 7.648269652841122 ], [ 3.965455531542034, 7.648269652841122 ], [ 3.954584122155438, 7.644872188532759 ], [ 3.938956498537209, 7.646231174456091 ], [ 3.926046609765535, 7.64759016037948 ], [ 3.906342030377175, 7.653025627072623 ], [ 3.892752886144024, 7.659141064227754 ], [ 3.879163503910661, 7.659141064227754 ], [ 3.863535881292421, 7.657102584842733 ], [ 3.849267243597581, 7.653705119534266 ], [ 3.846549272750792, 7.652152061479057 ], [ 3.844511032365915, 7.6509876246879 ], [ 3.832960128517641, 7.652346133610934 ], [ 3.82140922466931, 7.652346133610934 ], [ 3.807819843435993, 7.648949146302812 ], [ 3.794230700202831, 7.646231174456091 ], [ 3.784038782277889, 7.646231174456091 ], [ 3.769090414121138, 7.645551681994391 ], [ 3.759577989657942, 7.648269652841122 ], [ 3.753462790502908, 7.651667118149589 ], [ 3.748027085809611, 7.659141064227754 ], [ 3.745988846424723, 7.670691967076039 ], [ 3.746668099886278, 7.685639858232435 ], [ 3.747347593347968, 7.693793773772654 ], [ 3.742591381116313, 7.704665184159239 ], [ 3.735117197037937, 7.714177607622503 ], [ 3.696431874753102, 7.73003196739478 ], [ 3.693670033876572, 7.731163979163966 ], [ 3.699785233031548, 7.735920429395719 ], [ 3.702502965878125, 7.74339437547394 ], [ 3.711336135879833, 7.746791839782361 ], [ 3.727643250959773, 7.746791839782361 ], [ 3.736476182961326, 7.750189304090782 ], [ 3.743950367039702, 7.750189304090782 ], [ 3.752103805579566, 7.757663250168946 ], [ 3.753462790502908, 7.764457702785478 ], [ 3.744629859501345, 7.782803535250594 ], [ 3.737835168884715, 7.800469398253711 ], [ 3.733758450114749, 7.811340808640352 ], [ 3.732399464191417, 7.824930190873658 ], [ 3.732399464191417, 7.841237067953443 ], [ 3.746668099886278, 7.842596053876832 ], [ 3.762975215966151, 7.843275547338465 ], [ 3.775205612276181, 7.841237067953443 ], [ 3.795589685126174, 7.841237067953443 ], [ 3.809858321821025, 7.841237067953443 ], [ 3.827524423824343, 7.839878082030054 ], [ 3.844511032365915, 7.83240413695188 ], [ 3.861497640907544, 7.826968670258736 ], [ 3.87168955783244, 7.824250698412015 ], [ 3.886637687989037, 7.816776752333794 ], [ 3.899547576760654, 7.805905341947209 ], [ 3.910418987147295, 7.798430919868679 ], [ 3.917213439763827, 7.795712948021958 ], [ 3.928764342612112, 7.794354439098868 ], [ 3.938861132472368, 7.798681259038744 ], [ 3.93759751261382, 7.792995453175536 ], [ 3.945071458692041, 7.793674945637235 ], [ 3.955942869078626, 7.80114889071541 ], [ 3.970211743773632, 7.814058781487063 ], [ 3.986518859853561, 7.824250698412015 ], [ 4.013018130858597, 7.838519573107021 ], [ 4.035439968093158, 7.843955039800164 ], [ 4.049029350326521, 7.845993519185242 ], [ 4.067375182791636, 7.848711491031963 ], [ 4.091146468943123, 7.850165844020125 ], [ 4.076208114793189, 7.824930190873658 ], [ 4.07249164626802, 7.80873298586846 ] ] ] ] } },
{ "type": "Feature", "properties": { "fid": 633.0, "OBJECTID": 633.0, "lganame": "Orelope", "statecode": "OY", "LGA_UID": "30_28" }, "geometry": { "type": "MultiPolygon", "coordinates": [ [ [ [ 3.97722911754164, 8.875539779713506 ], [ 3.973294257868076, 8.870375633204731 ], [ 3.965424298520816, 8.859554290852145 ], [ 3.95460295716822, 8.840863228152443 ], [ 3.937879323805305, 8.811349869099502 ], [ 3.916236877100289, 8.77495193536879 ], [ 3.896561860732049, 8.750357627658161 ], [ 3.885740519379453, 8.72478008327937 ], [ 3.877870560032136, 8.692317009222279 ], [ 3.885740519379453, 8.6854305265432 ], [ 3.896561860732049, 8.670674323517062 ], [ 3.905415534747704, 8.654933928822231 ], [ 3.918204308437055, 8.642145157132859 ], [ 3.926074265784337, 8.623454094433157 ], [ 3.923945189337701, 8.617599487455209 ], [ 3.910610914277697, 8.605747223402147 ], [ 3.873720407212318, 8.60113525426857 ], [ 3.842978239324452, 8.598061562180135 ], [ 3.822780608601136, 8.596618652199709 ], [ 3.822780608601136, 8.61853599509152 ], [ 3.820813179264348, 8.648048401143797 ], [ 3.810975789580311, 8.66378784183803 ], [ 3.77851200052271, 8.69133281655354 ], [ 3.748015880802029, 8.706089019579679 ], [ 3.705714703060323, 8.732650756627152 ], [ 3.685055971023701, 8.754292488331714 ], [ 3.67718601167644, 8.78085422537913 ], [ 3.675218582339653, 8.807415009425938 ], [ 3.679153442013217, 8.82020378111531 ], [ 3.68013715668161, 8.837911606146974 ], [ 3.673250914002722, 8.845781326494034 ], [ 3.665380954655461, 8.869391440535992 ], [ 3.642754793282052, 8.899888039257007 ], [ 3.621112346577036, 8.933335303982858 ], [ 3.603774308796631, 8.960129738188414 ], [ 3.655451297908712, 8.980800629233329 ], [ 3.682179689069415, 8.994165421314051 ], [ 3.688007116028871, 8.987441062745177 ], [ 3.704730988391987, 8.974652290055815 ], [ 3.738178492117981, 8.960880279698358 ], [ 3.764739513164955, 8.957928657692889 ], [ 3.796219586554173, 8.953009605350644 ], [ 3.830650805948551, 8.949074744677091 ], [ 3.850325584316636, 8.94022178566189 ], [ 3.877870560032136, 8.929400444309294 ], [ 3.914269208763358, 8.91267681094638 ], [ 3.936895609136911, 8.897920608920231 ], [ 3.966408014189199, 8.878245353551847 ], [ 3.97722911754164, 8.875539779713506 ] ] ] ] } },
{ "type": "Feature", "properties": { "fid": 654.0, "OBJECTID": 654.0, "lganame": "Atiba", "statecode": "OY", "LGA_UID": "30_03" }, "geometry": { "type": "MultiPolygon", "coordinates": [ [ [ [ 3.963522911228893, 8.614751815520378 ], [ 3.956951379763836, 8.595037460125354 ], [ 3.956951379763836, 8.569115638512699 ], [ 3.95459485116271, 8.549084662902601 ], [ 3.958129643564462, 8.531410216893676 ], [ 3.972269058171491, 8.506666183081222 ], [ 3.982873440376693, 8.487813950272027 ], [ 3.991121291980733, 8.463070869460296 ], [ 3.999369382584916, 8.447752953052486 ], [ 4.009974002790216, 8.427721977442388 ], [ 4.013508797191946, 8.41476154263637 ], [ 4.021756648795986, 8.39944362622856 ], [ 4.031182766200573, 8.391195296624232 ], [ 4.045321940807526, 8.377056122017279 ], [ 4.047678471408631, 8.362916946410394 ], [ 4.041787148405774, 8.34406471260121 ], [ 4.021756648795986, 8.314607619586468 ], [ 4.000547409385319, 8.283972739771514 ], [ 3.986408233778434, 8.260406493759376 ], [ 3.965199232367866, 8.233306885346451 ], [ 3.964020966567318, 8.202671050530853 ], [ 3.973447322972106, 8.179105758519313 ], [ 3.991121291980733, 8.164966582912427 ], [ 4.012330532391388, 8.141401290900944 ], [ 4.0229349135966, 8.120192528490577 ], [ 4.026469706998284, 8.091913223276094 ], [ 4.031182766200573, 8.060099601660227 ], [ 4.037074089203486, 8.023573874842725 ], [ 4.060639858215325, 7.974085808217922 ], [ 4.078313828223941, 7.949342251405824 ], [ 4.05718326586674, 7.939759253894636 ], [ 4.042234897709989, 7.930926322893072 ], [ 4.025248051168262, 7.922093390891519 ], [ 4.01505613324332, 7.914619445813344 ], [ 4.001467228010313, 7.907824516196456 ], [ 3.990595578623527, 7.895594119886482 ], [ 3.981762647621963, 7.882684708115164 ], [ 3.974288463543587, 7.873851299113255 ], [ 3.962058067233613, 7.86637735403508 ], [ 3.954584122155438, 7.863659382188359 ], [ 3.947109938077062, 7.855505942648449 ], [ 3.932161807920522, 7.890838145655039 ], [ 3.924687623842146, 7.914619445813344 ], [ 3.919931411610548, 7.943836211664745 ], [ 3.919251919148849, 7.954707623051377 ], [ 3.908380507762217, 7.971693992592805 ], [ 3.897509098375622, 7.980527400594667 ], [ 3.87168955783244, 8.007705688061037 ], [ 3.847228765212492, 8.022653580217423 ], [ 3.828883170747531, 8.032166480680985 ], [ 3.817332505899401, 8.039640426759206 ], [ 3.809178829359382, 8.046435356376037 ], [ 3.785397530201067, 8.077011108150828 ], [ 3.768410920659505, 8.095356940615943 ], [ 3.762975215966151, 8.102150917232166 ], [ 3.734437942576449, 8.119817734235937 ], [ 3.734437942576449, 8.128650665237444 ], [ 3.739873648269736, 8.156508446165503 ], [ 3.754142283964597, 8.17417430916862 ], [ 3.758219003734553, 8.184366226093573 ], [ 3.761616468042973, 8.193879127557125 ], [ 3.761616468042973, 8.205430031405456 ], [ 3.763360977228274, 8.206647873232896 ], [ 3.769405127335006, 8.221556664362708 ], [ 3.770210980882553, 8.238078116588269 ], [ 3.774240493620425, 8.248151779432874 ], [ 3.781090498274637, 8.273134232407244 ], [ 3.78471708273878, 8.283206940251205 ], [ 3.789149283750248, 8.290863037453164 ], [ 3.789149283750248, 8.2973108288341 ], [ 3.789552212023978, 8.308592796499681 ], [ 3.789149283750248, 8.316248893701641 ], [ 3.795193433856923, 8.32591915127216 ], [ 3.799222945594806, 8.331560135104894 ], [ 3.796805381952197, 8.334784508295741 ], [ 3.787739037792051, 8.339619636580949 ], [ 3.786127328696921, 8.352916717615699 ], [ 3.784918546875645, 8.361378670365241 ], [ 3.788544893339576, 8.375884056220968 ], [ 3.790156841434793, 8.384346007970464 ], [ 3.784918546875645, 8.402478218290412 ], [ 3.778471470495163, 8.412955284409122 ], [ 3.775650739578623, 8.422223090706154 ], [ 3.7744419567573, 8.430281639181544 ], [ 3.772830247662228, 8.439951896752007 ], [ 3.775247812304826, 8.447607993953966 ], [ 3.779277325042699, 8.45204067196579 ], [ 3.781291962411558, 8.455264091155925 ], [ 3.792253732859535, 8.453573227007098 ], [ 3.801476479125995, 8.453573227007098 ], [ 3.813773155480987, 8.458184242140021 ], [ 3.816847562569876, 8.46894455045117 ], [ 3.818384646614277, 8.487389564983687 ], [ 3.812236071436587, 8.504298210472314 ], [ 3.807624817303463, 8.53965091749285 ], [ 3.812236071436587, 8.565782547248034 ], [ 3.822780608601136, 8.596618652199709 ], [ 3.842978239324452, 8.598061562180135 ], [ 3.873720407212318, 8.60113525426857 ], [ 3.910610914277697, 8.605747223402147 ], [ 3.923945189337701, 8.617599487455209 ], [ 3.929056167810359, 8.618043899757197 ], [ 3.945964336298687, 8.618043899757197 ], [ 3.963522911228893, 8.614751815520378 ] ] ] ] } },
{ "type": "Feature", "properties": { "fid": 671.0, "OBJECTID": 671.0, "lganame": "Saki West", "statecode": "OY", "LGA_UID": "30_32" }, "geometry": { "type": "MultiPolygon", "coordinates": [ [ [ [ 3.442421913165276, 8.600106238569367 ], [ 3.430126904811402, 8.597906113074487 ], [ 3.414815187407783, 8.593473434062673 ], [ 3.396682739087623, 8.590250014872538 ], [ 3.365857363143277, 8.581385611849612 ], [ 3.352560282108527, 8.576147079290251 ], [ 3.340069055621314, 8.57050609645745 ], [ 3.32717490186036, 8.56244754798206 ], [ 3.318310260837222, 8.554791450780101 ], [ 3.31105709090906, 8.543911934388007 ], [ 3.299774885243323, 8.535046577364369 ], [ 3.288089514303635, 8.526182175341432 ], [ 3.278015852459077, 8.51933193168702 ], [ 3.262300967781528, 8.512481689032597 ], [ 3.246989250377965, 8.504826545831293 ], [ 3.231677293974201, 8.495558738534271 ], [ 3.218380212939451, 8.48467922214212 ], [ 3.202665567262102, 8.471382141107426 ], [ 3.188159466405864, 8.456875801251044 ], [ 3.16156530433642, 8.442772864668768 ], [ 3.156327008777225, 8.440355301026102 ], [ 3.144641637837594, 8.439549446478566 ], [ 3.139806270552185, 8.441967010121175 ], [ 3.129329681433831, 8.444787979037926 ], [ 3.117442846357278, 8.446399689132988 ], [ 3.101728200679929, 8.446399689132988 ], [ 3.096086978846984, 8.443176269942853 ], [ 3.083192825085973, 8.426252365443816 ], [ 3.067880868682209, 8.42746067026485 ], [ 3.054583787647516, 8.431490898003176 ], [ 3.042495489434089, 8.432296752550712 ], [ 3.029198408399338, 8.437534332109408 ], [ 3.014289379269314, 8.440355301026102 ], [ 2.998171806318226, 8.443176269942853 ], [ 2.977218628081516, 8.443176269942853 ], [ 2.955459833297425, 8.446802139406429 ], [ 2.936924457703526, 8.449623108323181 ], [ 2.920806645752236, 8.45204067196579 ], [ 2.901868342884541, 8.45244312323922 ], [ 2.885347604659444, 8.45244312323922 ], [ 2.873662232719823, 8.453652382060852 ], [ 2.855126858125857, 8.453652382060852 ], [ 2.838203191627031, 8.455667496430067 ], [ 2.820876597854465, 8.455667496430067 ], [ 2.803147315808246, 8.459293364893654 ], [ 2.789447069499545, 8.460905074988716 ], [ 2.782945316081907, 8.461200597189531 ], [ 2.752626781481922, 8.462578657125846 ], [ 2.758333206359168, 8.491109847511439 ], [ 2.762777328378718, 8.519165038573647 ], [ 2.759721756302611, 8.529722212746719 ], [ 2.753611087150659, 8.53583145089766 ], [ 2.752965926712307, 8.535575865724013 ], [ 2.7563886640379, 8.555276871109925 ], [ 2.7563886640379, 8.575206052650856 ], [ 2.785398358748637, 8.597389796723689 ], [ 2.802357197271363, 8.610358237535138 ], [ 2.840784788381143, 8.610358237535138 ], [ 2.888435124757279, 8.608820915490583 ], [ 2.920714377689535, 8.611895560579683 ], [ 2.942233801310977, 8.638026237334259 ], [ 3.0144779683975, 8.710269928420416 ], [ 3.051368475462823, 8.728715896953588 ], [ 3.103630065972141, 8.75023460357454 ], [ 3.131298064771215, 8.777902603373661 ], [ 3.163577317703471, 8.808645248261826 ], [ 3.183559656280522, 8.81171894135025 ], [ 3.19739365568006, 8.796348571906833 ], [ 3.23735833183423, 8.782514571507249 ], [ 3.281934500121622, 8.804033279128191 ], [ 3.338807343764017, 8.825552939749798 ], [ 3.38799476618459, 8.842461586238471 ], [ 3.416131496302171, 8.860165596267507 ], [ 3.420274019116789, 8.833238601971857 ], [ 3.407977103761652, 8.805570602172736 ], [ 3.394143105362105, 8.777902603373661 ], [ 3.38645768214019, 8.75023460357454 ], [ 3.38953185122898, 8.716418265597952 ], [ 3.403365849628528, 8.69643592802089 ], [ 3.427959442338704, 8.682601928621295 ], [ 3.444867610827032, 8.676453590443828 ], [ 3.454090357093435, 8.658008574911264 ], [ 3.460238695270959, 8.639563560378747 ], [ 3.454090357093435, 8.610358237535138 ], [ 3.449479102960311, 8.602672577313058 ], [ 3.442421913165276, 8.600106238569367 ] ] ] ] } },
{ "type": "Feature", "properties": { "fid": 690.0, "OBJECTID": 690.0, "lganame": "Iseyin", "statecode": "OY", "LGA_UID": "30_16" }, "geometry": { "type": "MultiPolygon", "coordinates": [ [ [ [ 3.680757523103125, 8.313831329059042 ], [ 3.689622402126361, 8.313427924784946 ], [ 3.694860696685566, 8.315443039154104 ], [ 3.698889971423284, 8.308996200773777 ], [ 3.70775485044652, 8.301340102571828 ], [ 3.72387266239781, 8.29126644072727 ], [ 3.729513884230755, 8.284013747799406 ], [ 3.732737303420947, 8.276357650597447 ], [ 3.738378525253893, 8.266686440026319 ], [ 3.743616818813052, 8.252181053170546 ], [ 3.752481460836179, 8.227601051469605 ], [ 3.757316828121589, 8.215109824982392 ], [ 3.763360977228274, 8.206647873232896 ], [ 3.761616468042973, 8.205430031405456 ], [ 3.761616468042973, 8.193879127557125 ], [ 3.758219003734553, 8.184366226093573 ], [ 3.754142283964597, 8.17417430916862 ], [ 3.739873648269736, 8.156508446165503 ], [ 3.734437942576449, 8.128650665237444 ], [ 3.734437942576449, 8.119817734235937 ], [ 3.733340262830609, 8.1125402452912 ], [ 3.733999252278352, 8.090137482069565 ], [ 3.733755785112919, 8.08088755678466 ], [ 3.733340262830609, 8.065100670058257 ], [ 3.733340262830609, 8.055875777790334 ], [ 3.730045794592172, 8.045333861627626 ], [ 3.72687339843668, 8.038989067316606 ], [ 3.730045794592172, 8.032155990673857 ], [ 3.733340262830609, 8.023590087853734 ], [ 3.740213825500859, 8.014217318485407 ], [ 3.740587949755081, 8.013707161138768 ], [ 3.739929199307483, 8.007777214109637 ], [ 3.73861146041213, 8.00052928918501 ], [ 3.740587949755081, 7.991963863365186 ], [ 3.740587949755081, 7.984716415440914 ], [ 3.741246939202824, 7.976809978068843 ], [ 3.739929199307483, 7.969562054144262 ], [ 3.733999252278352, 7.965608597458072 ], [ 3.72938704514462, 7.964949608010272 ], [ 3.721480369772394, 7.964949608010272 ], [ 3.716209412191006, 7.962973117667389 ], [ 3.714891672295664, 7.959678650428941 ], [ 3.717527151086358, 7.950454235161374 ], [ 3.721480369772394, 7.948477744818433 ], [ 3.722139359220137, 7.944524288132243 ], [ 3.726712579327398, 7.926138299639831 ], [ 3.733272539784593, 7.897605730253304 ], [ 3.718984116076285, 7.887722981538445 ], [ 3.718900625019558, 7.887665234499195 ], [ 3.720162629877052, 7.883248329498144 ], [ 3.724774837010784, 7.879953861259708 ], [ 3.726092576906183, 7.872046946887281 ], [ 3.726092576906183, 7.864799499962999 ], [ 3.726751566353926, 7.860187053829065 ], [ 3.725433826458584, 7.852939605904737 ], [ 3.719503641429299, 7.847668648323406 ], [ 3.722139359220137, 7.841079711846533 ], [ 3.726751566353926, 7.839761733951036 ], [ 3.732399464191417, 7.841237067953443 ], [ 3.732399464191417, 7.824930190873658 ], [ 3.733758450114749, 7.811340808640352 ], [ 3.737835168884715, 7.800469398253711 ], [ 3.744629859501345, 7.782803535250594 ], [ 3.753462790502908, 7.764457702785478 ], [ 3.752103805579566, 7.757663250168946 ], [ 3.743950367039702, 7.750189304090782 ], [ 3.736476182961326, 7.750189304090782 ], [ 3.727643250959773, 7.746791839782361 ], [ 3.711336135879833, 7.746791839782361 ], [ 3.702502965878125, 7.74339437547394 ], [ 3.699785233031548, 7.735920429395719 ], [ 3.693670033876572, 7.731163979163966 ], [ 3.69002938340293, 7.731483936381323 ], [ 3.685740471488771, 7.733628749838658 ], [ 3.636168241806786, 7.750978946627299 ], [ 3.591553211492965, 7.769155501977423 ], [ 3.560157299160949, 7.780722140836417 ], [ 3.559862473960607, 7.780764267865038 ], [ 3.554373980231446, 7.781548500397889 ], [ 3.549416541863081, 7.77906990071375 ], [ 3.550242901424554, 7.774938582906714 ], [ 3.550242901424554, 7.76171970392511 ], [ 3.549416541863081, 7.751805305188782 ], [ 3.542469946143228, 7.740999199846499 ], [ 3.544263257361649, 7.711618947884006 ], [ 3.491379518429653, 7.700136697082371 ], [ 3.444322893456899, 7.696968718929895 ], [ 3.427780384217044, 7.692446358857126 ], [ 3.425698309802385, 7.684321694336802 ], [ 3.410663380586868, 7.681993572754948 ], [ 3.408135652869362, 7.67992544234977 ], [ 3.383349419028264, 7.670011043613385 ], [ 3.366825341800961, 7.660922527438174 ], [ 3.3476860517967, 7.652089119436312 ], [ 3.342039346960007, 7.658443927754092 ], [ 3.331298589662197, 7.665879725806349 ], [ 3.317490276280068, 7.671249776455056 ], [ 3.317468990265638, 7.671258054460679 ], [ 3.301070945123911, 7.669529190286028 ], [ 3.266607383707537, 7.675653537447204 ], [ 3.256149475601887, 7.692377266810183 ], [ 3.273262417229319, 7.701798797211666 ], [ 3.271360978937423, 7.719934650534128 ], [ 3.281292303685291, 7.736102212519256 ], [ 3.278421401734647, 7.754283904872864 ], [ 3.274290561927899, 7.764198302609202 ], [ 3.258592606261914, 7.782374858959315 ], [ 3.255287886016504, 7.793115139256827 ], [ 3.247851848964046, 7.802203655432095 ], [ 3.247025728402718, 7.809639454484341 ], [ 3.269333362559735, 7.806334496238776 ], [ 3.289988278593796, 7.807160853800269 ], [ 3.330472469100869, 7.808813094922868 ], [ 3.365173100678305, 7.818727492659264 ], [ 3.374261140853207, 7.8228588104663 ], [ 3.383472919112194, 7.847009658875663 ], [ 3.383579245184421, 7.847364081116439 ], [ 3.379519968426337, 7.851647578026871 ], [ 3.378379104651174, 7.869306065025 ], [ 3.382799947654973, 7.880748362799523 ], [ 3.399945021304234, 7.881271362154848 ], [ 3.411145925914695, 7.887201309183979 ], [ 3.431571483792936, 7.902355671480677 ], [ 3.443431376851152, 7.919487000120569 ], [ 3.449361323880282, 7.934641361417277 ], [ 3.448882455554894, 7.95044135015263 ], [ 3.448702335432529, 7.956384182190504 ], [ 3.447384595537187, 7.966926575353568 ], [ 3.453314542566318, 7.986033916336112 ], [ 3.45681565594515, 8.0030395298906 ], [ 3.45792674970005, 8.008436202557391 ], [ 3.459903479043192, 8.015684128482008 ], [ 3.457268000252498, 8.022932053406635 ], [ 3.453314542566318, 8.034132957017107 ], [ 3.455291270909413, 8.044674873179872 ], [ 3.457087040129522, 8.047817230314934 ], [ 3.459388590693322, 8.047315062973723 ], [ 3.462024685484437, 8.090119030057053 ], [ 3.512141478536421, 8.091719608144558 ], [ 3.563335669320509, 8.093354589255455 ], [ 3.602849924168538, 8.132473379834835 ], [ 3.640284480603611, 8.128061676837262 ], [ 3.652762667081902, 8.155119357221679 ], [ 3.638511390398833, 8.158966104835372 ], [ 3.604095366014803, 8.174964413705482 ], [ 3.597559172573767, 8.223237768504987 ], [ 3.625011182226103, 8.233117557217838 ], [ 3.626369625149096, 8.283668080564496 ], [ 3.640927508040477, 8.309686219242622 ], [ 3.658536873005232, 8.328958451337201 ], [ 3.658195389773198, 8.33054306341387 ], [ 3.665848731973313, 8.32591915127216 ], [ 3.673101663901321, 8.320278168439359 ], [ 3.680757523103125, 8.313831329059042 ] ] ] ] } },
{ "type": "Feature", "properties": { "fid": 696.0, "OBJECTID": 696.0, "lganame": "Akinyele", "statecode": "OY", "LGA_UID": "30_02" }, "geometry": { "type": "MultiPolygon", "coordinates": [ [ [ [ 4.068733691714669, 7.665935515844296 ], [ 4.080284594563011, 7.644872188532759 ], [ 4.089118003564863, 7.630603312837707 ], [ 4.093373299456118, 7.62148427964172 ], [ 4.09253924688943, 7.620441705933388 ], [ 4.064725853991547, 7.623270288855281 ], [ 4.064678637959446, 7.623275090858499 ], [ 4.050120755068065, 7.627397703659653 ], [ 4.046317879484207, 7.62621981885934 ], [ 4.04293094318291, 7.607667694254019 ], [ 4.033958534086594, 7.602013554412281 ], [ 4.011854319067822, 7.582400178085948 ], [ 4.010967596465321, 7.569567038366415 ], [ 4.010963020462214, 7.569500803321432 ], [ 4.005206713551104, 7.567814726175811 ], [ 3.99568764108335, 7.559933517820923 ], [ 3.992799832121193, 7.549613511808957 ], [ 3.99009028328021, 7.539611353012958 ], [ 3.988236381020556, 7.533779599050547 ], [ 3.986816276055663, 7.530810869033417 ], [ 3.98495640079193, 7.52692276939166 ], [ 3.985911874441172, 7.52312201280921 ], [ 3.97717714350631, 7.520471124008054 ], [ 3.975786716561572, 7.518597819735248 ], [ 3.971686741775841, 7.518209020471033 ], [ 3.970028925649444, 7.507294202054936 ], [ 3.967681839054706, 7.500313240311698 ], [ 3.967158942699427, 7.488985580615122 ], [ 3.966930770544366, 7.484743818733023 ], [ 3.966885114513389, 7.484745737734329 ], [ 3.967490967925016, 7.483670817003997 ], [ 3.956075447168701, 7.484565159611634 ], [ 3.953779950609032, 7.469018304048291 ], [ 3.952288510595679, 7.458491892896063 ], [ 3.950495653377516, 7.455269836706861 ], [ 3.949782613893035, 7.453938296802107 ], [ 3.949640005796141, 7.452536050849346 ], [ 3.949659020809065, 7.452030357505748 ], [ 3.950296002241828, 7.450352368365657 ], [ 3.950924902669158, 7.449250829617199 ], [ 3.951293305919478, 7.448383550027927 ], [ 3.951533363082547, 7.447412571368204 ], [ 3.949334824588789, 7.447106194160028 ], [ 3.948372222934722, 7.446953006055935 ], [ 3.947629473430084, 7.446729113903814 ], [ 3.946678753784113, 7.446069224455471 ], [ 3.945788941179501, 7.444721452539738 ], [ 3.944861989549679, 7.443908368987252 ], [ 3.944077647016741, 7.443649124811145 ], [ 3.943019972298146, 7.443554853747059 ], [ 3.941962296579504, 7.443307392578902 ], [ 3.94118983805464, 7.442753552202589 ], [ 3.939392979833769, 7.440323712551674 ], [ 3.937106501280198, 7.436828115176581 ], [ 3.93731090541911, 7.436441598913916 ], [ 3.937667424661299, 7.436059796654547 ], [ 3.938299653090894, 7.435668566388699 ], [ 3.938071479935843, 7.435145354033182 ], [ 3.937662670658085, 7.434622140677732 ], [ 3.937491541541817, 7.434131923344637 ], [ 3.937439251506305, 7.433721837066003 ], [ 3.936564590911985, 7.433759546091608 ], [ 3.936502991870157, 7.432735427395755 ], [ 3.936873772122055, 7.431276550404561 ], [ 3.937330118432158, 7.430244254703155 ], [ 3.938085938945676, 7.42965033129957 ], [ 3.938863152473743, 7.429417004141044 ], [ 3.939497454904767, 7.428873021771437 ], [ 3.934200048305399, 7.426084994877101 ], [ 3.928764342612112, 7.419290543260615 ], [ 3.923302649901132, 7.42469406093204 ], [ 3.910418987147295, 7.4315209385706 ], [ 3.899547576760654, 7.432879448493622 ], [ 3.884599208603959, 7.42744398080049 ], [ 3.87984299737235, 7.42336702303038 ], [ 3.875707864562685, 7.420413494023592 ], [ 3.872369051294129, 7.426084994877101 ], [ 3.872068195089753, 7.428642190614596 ], [ 3.874378323659357, 7.428692475648802 ], [ 3.874752668913686, 7.428663014628739 ], [ 3.875049769115549, 7.428598201584748 ], [ 3.875590490482978, 7.428338948408566 ], [ 3.876940511400221, 7.427657817945772 ], [ 3.877920940066417, 7.427198231633497 ], [ 3.878402241393417, 7.427133417589459 ], [ 3.87880629666796, 7.427168770613491 ], [ 3.879073686849608, 7.427286613693582 ], [ 3.878976831783802, 7.428228766333689 ], [ 3.878235271279948, 7.431325656437878 ], [ 3.878335097347815, 7.431693321687703 ], [ 3.879542510168164, 7.433272395760639 ], [ 3.87549244741632, 7.433687197042445 ], [ 3.87482314096161, 7.446608418821825 ], [ 3.877504168783219, 7.446778104937096 ], [ 3.879184959925226, 7.453724964657169 ], [ 3.884014612206784, 7.453687257631543 ], [ 3.884604057607248, 7.454565839228508 ], [ 3.883006849522019, 7.465255740491784 ], [ 3.877102885510567, 7.479338860060636 ], [ 3.871897699973886, 7.478419795436139 ], [ 3.865123828371338, 7.495669620156605 ], [ 3.846784923910946, 7.499113858496798 ], [ 3.843831538904226, 7.503543853506756 ], [ 3.835677862364207, 7.517812729201808 ], [ 3.826844931362643, 7.532760620358204 ], [ 3.813255548129291, 7.549067974438287 ], [ 3.804014784850608, 7.560949086510902 ], [ 3.803743123666038, 7.561298369748272 ], [ 3.803546373532356, 7.561626298971078 ], [ 3.795589685126174, 7.574887752981624 ], [ 3.793551206741142, 7.586438178829553 ], [ 3.796268939587719, 7.594592094369773 ], [ 3.813255548129291, 7.609539985526169 ], [ 3.828203917286032, 7.622449875297832 ], [ 3.836357354825907, 7.634000778146117 ], [ 3.843152046442583, 7.640795707762948 ], [ 3.846549272750792, 7.646231174456091 ], [ 3.846549272750792, 7.652152061479057 ], [ 3.849267243597581, 7.653705119534266 ], [ 3.863535881292421, 7.657102584842733 ], [ 3.879163503910661, 7.659141064227754 ], [ 3.892752886144024, 7.659141064227754 ], [ 3.906342030377175, 7.653025627072623 ], [ 3.926046609765535, 7.64759016037948 ], [ 3.938956498537209, 7.646231174456091 ], [ 3.954584122155438, 7.644872188532759 ], [ 3.965455531542034, 7.648269652841122 ], [ 3.975647449466976, 7.648269652841122 ], [ 3.991954564546859, 7.653705119534266 ], [ 4.000787734548624, 7.652346133610934 ], [ 4.01573562570502, 7.6509876246879 ], [ 4.029325007938326, 7.652346133610934 ], [ 4.037478447478236, 7.661859035074485 ], [ 4.047670364403132, 7.669332981152706 ], [ 4.052928924976072, 7.674966811980596 ], [ 4.068733691714669, 7.665935515844296 ] ] ] ] } },
{ "type": "Feature", "properties": { "fid": 717.0, "OBJECTID": 717.0, "lganame": "Iwajowa", "statecode": "OY", "LGA_UID": "30_18" }, "geometry": { "type": "MultiPolygon", "coordinates": [ [ [ [ 3.273626089476465, 8.135396956821239 ], [ 3.278421401734647, 8.117814063874505 ], [ 3.277595282173309, 8.094679832155862 ], [ 3.273464203366473, 8.078982353490176 ], [ 3.270159483121063, 8.06824111919201 ], [ 3.265202283752842, 8.054196357649289 ], [ 3.261897325507277, 8.048412322719287 ], [ 3.261897325507277, 8.006276131089749 ], [ 3.265202283752842, 7.992230891546626 ], [ 3.275942802050565, 7.952572822600871 ], [ 3.279247761296119, 7.942658423864486 ], [ 3.283378839102966, 7.924481868514363 ], [ 3.287509679909704, 7.914567470778024 ], [ 3.302381516014407, 7.899695872673476 ], [ 3.31890559224172, 7.885650158130034 ], [ 3.341212988398581, 7.869952202464049 ], [ 3.353606223819156, 7.863342761973229 ], [ 3.370130301046515, 7.850949763552762 ], [ 3.383472919112194, 7.847009658875663 ], [ 3.374261140853207, 7.8228588104663 ], [ 3.365173100678305, 7.818727492659264 ], [ 3.330472469100869, 7.808813094922868 ], [ 3.289988278593796, 7.807160853800269 ], [ 3.269333362559735, 7.806334496238776 ], [ 3.247025728402718, 7.809639454484341 ], [ 3.24493789698414, 7.81080341327521 ], [ 3.206028222546877, 7.817137717579044 ], [ 3.181596755946828, 7.819852352423538 ], [ 3.151735782657681, 7.811708449890148 ], [ 3.125494479827978, 7.813518047119658 ], [ 3.088394879620523, 7.81261300950473 ], [ 3.044055939494285, 7.799039841282422 ], [ 3.025958538197983, 7.791800976363959 ], [ 3.02330684739627, 7.79566669499053 ], [ 3.021580458223298, 7.800292492133508 ], [ 3.019850016047542, 7.803760529489864 ], [ 3.018121957873404, 7.807807922239931 ], [ 3.015814781305778, 7.812431812381647 ], [ 3.014082909129058, 7.81532049234437 ], [ 3.012929440345317, 7.817632674915387 ], [ 3.011776208561741, 7.819944859486384 ], [ 3.008892297602245, 7.825724602413459 ], [ 3.006583691033654, 7.829769135161541 ], [ 3.004849671855482, 7.832078933730941 ], [ 2.99905824692047, 7.836109161469267 ], [ 2.997326373743761, 7.83899784143199 ], [ 2.993282079995879, 7.844773293356127 ], [ 2.992710589607555, 7.847666264321788 ], [ 2.991559028825122, 7.850557804286439 ], [ 2.98983263965215, 7.855184078429772 ], [ 2.985782861900475, 7.85922145817301 ], [ 2.982876777925924, 7.858051300377895 ], [ 2.981708527132184, 7.855729102800069 ], [ 2.980540514338543, 7.853407860222944 ], [ 2.979368447542186, 7.84992790185845 ], [ 2.978780508142734, 7.847608089282232 ], [ 2.9781873227397, 7.843551635526069 ], [ 2.978179931734644, 7.841234683951825 ], [ 2.978168725727073, 7.837759494590614 ], [ 2.977579117326457, 7.834860801621062 ], [ 2.97698950792585, 7.831962584651876 ], [ 2.975817680129637, 7.828482628287418 ], [ 2.97522044172382, 7.823267459743931 ], [ 2.974048375927453, 7.819787502379484 ], [ 2.97287678713144, 7.81630706801468 ], [ 2.97112417194063, 7.812824725648568 ], [ 2.968205451957488, 7.807599545098299 ], [ 2.965284823973036, 7.801795483154763 ], [ 2.961781978593024, 7.795409678815872 ], [ 2.957120180425534, 7.789597987867126 ], [ 2.955369711236187, 7.786695003894692 ], [ 2.952445507249308, 7.779732704164132 ], [ 2.950112819664355, 7.776247500796103 ], [ 2.947201489686279, 7.773339271820078 ], [ 2.943709373313538, 7.770428657842444 ], [ 2.940800190336859, 7.768099785260119 ], [ 2.937309979965448, 7.76576852767613 ], [ 2.934983015384375, 7.76402092048869 ], [ 2.932071686406289, 7.761113166513042 ], [ 2.929162025429321, 7.75878429393066 ], [ 2.926832913846795, 7.756457806349943 ], [ 2.92450761826683, 7.755289554556157 ], [ 2.921019553896883, 7.753537178365491 ], [ 2.918692350315666, 7.751790047178417 ], [ 2.91462564455253, 7.750614643379777 ], [ 2.911731004585761, 7.752919673945939 ], [ 2.911744117594651, 7.756974219700794 ], [ 2.912331819993938, 7.759293079276347 ], [ 2.912919760393436, 7.76161193785191 ], [ 2.913509368794053, 7.764510631821452 ], [ 2.914100885195978, 7.767988205184281 ], [ 2.914692401597847, 7.771466254547477 ], [ 2.915285587000938, 7.775523186303928 ], [ 2.915294886007246, 7.778419018271507 ], [ 2.915888071410279, 7.782475948028036 ], [ 2.9153170590223, 7.785369395993996 ], [ 2.912436962065385, 7.792307853708337 ], [ 2.911287308284273, 7.795777798066013 ], [ 2.908972978711802, 7.798085212633794 ], [ 2.904337167561948, 7.800382614194746 ], [ 2.900275945802548, 7.800945281577071 ], [ 2.89737939783447, 7.802670478749235 ], [ 2.894482850866439, 7.804396151921765 ], [ 2.89042544410961, 7.806116581090691 ], [ 2.886950492748554, 7.808418750654937 ], [ 2.884053706780321, 7.810144423827467 ], [ 2.882317780600829, 7.811874866003222 ], [ 2.880011082033548, 7.816498756144938 ], [ 2.879439830645424, 7.819392204110898 ], [ 2.879450797652851, 7.822867393472109 ], [ 2.88004446005624, 7.826924324228628 ], [ 2.881217956853561, 7.830983638986709 ], [ 2.881232976863771, 7.835617542135253 ], [ 2.881824493265697, 7.839095116498072 ], [ 2.882414102666303, 7.841993809467624 ], [ 2.883007526069491, 7.846050262223798 ], [ 2.883020401078227, 7.850104331978343 ], [ 2.882456778695257, 7.855315207518856 ], [ 2.881308793915252, 7.859364510270211 ], [ 2.881319760922736, 7.862840175631732 ], [ 2.881909370323342, 7.865738391600928 ], [ 2.883085012122137, 7.870377063752699 ], [ 2.883676528524063, 7.873854637115528 ], [ 2.884268044925932, 7.877332211478404 ], [ 2.885441779723465, 7.881391525236495 ], [ 2.887196063915383, 7.885453223996251 ], [ 2.888369798712915, 7.889512538754332 ], [ 2.889541863509237, 7.892992496118836 ], [ 2.89071369230544, 7.896472454483273 ], [ 2.891305207707376, 7.899950503846469 ], [ 2.89480638508627, 7.90575694979168 ], [ 2.896553040273034, 7.907501697977125 ], [ 2.90295076361997, 7.911582946750173 ], [ 2.907021046385523, 7.91391658833578 ], [ 2.910516261760392, 7.917985439100335 ], [ 2.913422345734944, 7.919156074895739 ], [ 2.91574764331483, 7.920324325689535 ], [ 2.918653250289083, 7.921494484484583 ], [ 2.919821739083034, 7.923816681062419 ], [ 2.917507171510351, 7.926123618629845 ], [ 2.912865877356808, 7.926682949009887 ], [ 2.908222437201857, 7.926663875996951 ], [ 2.905320168229878, 7.926651477988514 ], [ 2.901837825863765, 7.926637172978815 ], [ 2.89951634428644, 7.926627635972295 ], [ 2.896612167313208, 7.926036357570581 ], [ 2.893127679945678, 7.925442219166882 ], [ 2.889643430578246, 7.924849032763859 ], [ 2.886160851212026, 7.924834250753804 ], [ 2.883839129634509, 7.924824714747331 ], [ 2.878615379085204, 7.924802779732431 ], [ 2.87223648975106, 7.926513671894895 ], [ 2.869334220779137, 7.926501273886458 ], [ 2.865853548414179, 7.927066326270392 ], [ 2.86237454405034, 7.928210258047613 ], [ 2.859474421079824, 7.928777218432856 ], [ 2.853672028137396, 7.929332255809982 ], [ 2.850769997165571, 7.929319858801534 ], [ 2.846128464011883, 7.929880142182242 ], [ 2.842067480252638, 7.930441855563913 ], [ 2.83858680688769, 7.931006907947847 ], [ 2.835107802523851, 7.932150840725058 ], [ 2.831629038160202, 7.933294772502336 ], [ 2.827567816400801, 7.933856486883997 ], [ 2.822933674252113, 7.936733245838582 ], [ 2.821199894074084, 7.939043522408326 ], [ 2.819471597899792, 7.943089962157671 ], [ 2.817737578721619, 7.945399760727071 ], [ 2.813107251575559, 7.94943475746868 ], [ 2.810208796606162, 7.950581551247865 ], [ 2.807890654031098, 7.95173025102838 ], [ 2.804409980666151, 7.952294827411947 ], [ 2.800349235907049, 7.952856540793618 ], [ 2.79686474753953, 7.952263355390585 ], [ 2.793960809566443, 7.951672076988814 ], [ 2.791637181987653, 7.951082705588362 ], [ 2.784666538251429, 7.949316025387986 ], [ 2.781178712881569, 7.947564125197687 ], [ 2.777106524114743, 7.944651127218435 ], [ 2.775932550317066, 7.940591812460298 ], [ 2.774176359123828, 7.935950756306966 ], [ 2.773006439328924, 7.933050156336094 ], [ 2.771252155136949, 7.928988456576405 ], [ 2.770655154731344, 7.92377281203261 ], [ 2.770063639329408, 7.920295237669734 ], [ 2.767714261733147, 7.911597728760228 ], [ 2.765381575148183, 7.908112526392188 ], [ 2.76247024517005, 7.905204773416472 ], [ 2.760142802588689, 7.903457165229042 ], [ 2.756649256214985, 7.899967669858142 ], [ 2.753159284843719, 7.897636414274132 ], [ 2.750253676869477, 7.896465778478728 ], [ 2.746767520500782, 7.895292758681762 ], [ 2.742697000735063, 7.892959118096144 ], [ 2.739208937365106, 7.891206740905488 ], [ 2.733389854411314, 7.886548518740426 ], [ 2.72873544724888, 7.883054256366279 ], [ 2.728004918752504, 7.882469498968931 ], [ 2.704145689541292, 7.863371171992526 ], [ 2.702925681712316, 7.865038872125638 ], [ 2.695277690515866, 7.882222174800916 ], [ 2.692499637628316, 7.906388282220632 ], [ 2.708888529763783, 8.008054733298195 ], [ 2.727499962409411, 8.108331680431661 ], [ 2.741388797846241, 8.156110763895299 ], [ 2.751111031452012, 8.195554732695655 ], [ 2.753373606989328, 8.205861692698761 ], [ 2.753507680080418, 8.206472449113733 ], [ 2.783511199466432, 8.209389596095775 ], [ 2.809191464914932, 8.211886405792256 ], [ 2.828532696056413, 8.21108055124472 ], [ 2.8426356316387, 8.209065436875505 ], [ 2.855126858125857, 8.209468842149647 ], [ 2.868625402297482, 8.210677146970625 ], [ 2.906905174306814, 8.211483954518826 ], [ 2.918590546246492, 8.215109824982392 ], [ 2.943975925494669, 8.221556664362708 ], [ 2.985882043967877, 8.222362517910256 ], [ 3.023355722429471, 8.219944954267646 ], [ 3.047532319856373, 8.216721535077511 ], [ 3.0781559936637, 8.215109824982392 ], [ 3.090445757014038, 8.216721535077511 ], [ 3.112607718072013, 8.221154213089278 ], [ 3.127193450982361, 8.228303908947169 ], [ 3.135488032618127, 8.214479445554105 ], [ 3.140445231986291, 8.203739166256582 ], [ 3.149533510161348, 8.18969345071315 ], [ 3.166883944950143, 8.173995972047464 ], [ 3.177624464247856, 8.159950255504043 ], [ 3.181755543054749, 8.158297539381124 ], [ 3.213977574948103, 8.141774178154265 ], [ 3.247851848964046, 8.133511542540191 ], [ 3.26602840431417, 8.132685660979064 ], [ 3.273626089476465, 8.135396956821239 ] ] ] ] } },
{ "type": "Feature", "properties": { "fid": 743.0, "OBJECTID": 743.0, "lganame": "Ibarapa North", "statecode": "OY", "LGA_UID": "30_13" }, "geometry": { "type": "MultiPolygon", "coordinates": [ [ [ [ 3.206028222546877, 7.817137717579044 ], [ 3.24493789698414, 7.81080341327521 ], [ 3.247025728402718, 7.809639454484341 ], [ 3.247851848964046, 7.802203655432095 ], [ 3.255287886016504, 7.793115139256827 ], [ 3.258592606261914, 7.782374858959315 ], [ 3.274290561927899, 7.764198302609202 ], [ 3.278421401734647, 7.754283904872864 ], [ 3.281292303685291, 7.736102212519256 ], [ 3.271360978937423, 7.719934650534128 ], [ 3.273262417229319, 7.701798797211666 ], [ 3.256149475601887, 7.692377266810183 ], [ 3.266607383707537, 7.675653537447204 ], [ 3.301070945123911, 7.669529190286028 ], [ 3.317468987265613, 7.67125805346069 ], [ 3.317490275280079, 7.671249775455067 ], [ 3.331298589662197, 7.665879725806349 ], [ 3.342039346960007, 7.658443927754092 ], [ 3.3476860517967, 7.652089119436312 ], [ 3.348093510073568, 7.648830891222474 ], [ 3.354427576377248, 7.638877392459563 ], [ 3.356237172606768, 7.62439966162259 ], [ 3.356237172606768, 7.60720682094086 ], [ 3.356237172606768, 7.582775116340713 ], [ 3.356237172606768, 7.553819179666505 ], [ 3.35171294153281, 7.528482914451672 ], [ 3.35171294153281, 7.520339011918281 ], [ 3.345766544492506, 7.506747722683656 ], [ 3.336330175080946, 7.504051207851489 ], [ 3.323661804473375, 7.499526977777464 ], [ 3.301944970717784, 7.499526977777464 ], [ 3.268464564969406, 7.498621941162583 ], [ 3.22412586184339, 7.495907307318078 ], [ 3.197884321013476, 7.484144211325599 ], [ 3.187026023635781, 7.479619980251641 ], [ 3.175262689643148, 7.479619980251641 ], [ 3.164404154265242, 7.478714942636714 ], [ 3.145401716354002, 7.475095272177271 ], [ 3.128209113672426, 7.471476077718251 ], [ 3.103777647072434, 7.46695136964388 ], [ 3.084775209161137, 7.468761443873746 ], [ 3.073011875168504, 7.470571041103312 ], [ 3.069192647573516, 7.470518112067339 ], [ 3.069245814609644, 7.475731372609516 ], [ 3.073371172412635, 7.482090949930523 ], [ 3.074578285232803, 7.486721992077094 ], [ 3.07633638442735, 7.488454819254457 ], [ 3.076946019841557, 7.491348743220783 ], [ 3.075276135706986, 7.498303889946442 ], [ 3.073577165552592, 7.502363204704579 ], [ 3.068989277435321, 7.507589340255493 ], [ 3.067307949292967, 7.51338625019423 ], [ 3.064471960366063, 7.519765853528838 ], [ 3.060458421639055, 7.524411200685165 ], [ 3.05816125907819, 7.526734352263645 ], [ 3.054112673327381, 7.527904034058395 ], [ 3.050655602978452, 7.530230521639112 ], [ 3.044315576670726, 7.534303188406284 ], [ 3.043202399914378, 7.538939952556746 ], [ 3.036891698626562, 7.545907974291197 ], [ 3.033452272289594, 7.54997253405287 ], [ 3.028248786754091, 7.551724434243226 ], [ 3.025354384787477, 7.552311896642379 ], [ 3.02071928963818, 7.552903652044449 ], [ 3.014349937310499, 7.554080485844054 ], [ 3.010881185953622, 7.555248259637494 ], [ 3.006826162198422, 7.5558385850386 ], [ 3.003990412271662, 7.562218666373553 ], [ 3.000539302926825, 7.56512451234795 ], [ 2.997673987979965, 7.568607329714325 ], [ 2.995394707431274, 7.572668552473772 ], [ 2.990789175302041, 7.576157092844028 ], [ 2.986763715566951, 7.579643250212712 ], [ 2.982750176839943, 7.584288597369039 ], [ 2.980459213283325, 7.587190628340807 ], [ 2.978760004128787, 7.591249943098944 ], [ 2.97765255037632, 7.596466540643348 ], [ 2.976533889616235, 7.600524426400511 ], [ 2.975408791851805, 7.604002952764006 ], [ 2.973697900689331, 7.606903552734821 ], [ 2.972573041925045, 7.610382080098304 ], [ 2.972631930965065, 7.616174221033816 ], [ 2.974993466569629, 7.62022256878447 ], [ 2.977343321166245, 7.623112201747858 ], [ 2.981427669941354, 7.62541723331401 ], [ 2.984345912924141, 7.627146721489112 ], [ 2.987269877910876, 7.629455566057857 ], [ 2.989022017101377, 7.630609511841897 ], [ 2.990797520307694, 7.634079933199928 ], [ 2.992622374547636, 7.637996673861153 ], [ 2.99379038834121, 7.640318394438623 ], [ 2.997302531727598, 7.649600505745411 ], [ 2.997890234126885, 7.651919365320964 ], [ 2.996747971350771, 7.657706738253182 ], [ 2.993276595992143, 7.661167144604406 ], [ 2.995611190578359, 7.665231228365769 ], [ 3.000262021738422, 7.667567252952949 ], [ 3.002021789934076, 7.673367022893615 ], [ 2.999707460361606, 7.675673962461076 ], [ 2.996228455997766, 7.676818371238653 ], [ 2.993326426025988, 7.676805973230216 ], [ 2.989851235664787, 7.679108142794462 ], [ 2.992769956647919, 7.684332848344411 ], [ 2.994516849834838, 7.686078071530176 ], [ 2.998001099202213, 7.686671733933565 ], [ 3.002648354359792, 7.687849521733824 ], [ 3.001498460578489, 7.691319942091809 ], [ 2.999180555003591, 7.692468642872313 ], [ 2.996879101439845, 7.698830605194928 ], [ 3.001529931599862, 7.701166629782165 ], [ 3.008489370328505, 7.699457644620963 ], [ 3.011975526697199, 7.700630665417975 ], [ 3.011983155702353, 7.702947616992276 ], [ 3.010835170922348, 7.706997394743894 ], [ 3.007361888562457, 7.709878444701417 ], [ 3.006213902782406, 7.713928223453081 ], [ 3.006803751183213, 7.716826916422576 ], [ 3.007972001976952, 7.719148158999758 ], [ 3.010301112559489, 7.721474647580521 ], [ 3.013796328934347, 7.725543499345122 ], [ 3.014970302731967, 7.729602814103202 ], [ 3.016153096535618, 7.736558436829228 ], [ 3.017323256330712, 7.739459037800032 ], [ 3.01907181651876, 7.741783142379177 ], [ 3.02024030731269, 7.744105338957013 ], [ 3.020829915713307, 7.747003554926209 ], [ 3.022000073508366, 7.749904632897369 ], [ 3.023750543697759, 7.752807616869802 ], [ 3.025501012887105, 7.755710601842225 ], [ 3.026090622287711, 7.758609294811777 ], [ 3.025523185902159, 7.762661456565013 ], [ 3.020312071361445, 7.766694069304947 ], [ 3.020911216768582, 7.772488594242077 ], [ 3.022084950566068, 7.776547909000215 ], [ 3.020354748390446, 7.780015945356581 ], [ 3.019783735002477, 7.782908916322185 ], [ 3.019210576613034, 7.785223960895166 ], [ 3.019225358623089, 7.789857388043345 ], [ 3.022123813592486, 7.788711071264515 ], [ 3.025025844564254, 7.788722992272596 ], [ 3.025958538197983, 7.791800976363959 ], [ 3.044055939494285, 7.799039841282422 ], [ 3.088394879620523, 7.81261300950473 ], [ 3.125494479827978, 7.813518047119658 ], [ 3.151735782657681, 7.811708449890148 ], [ 3.181596755946828, 7.819852352423538 ], [ 3.206028222546877, 7.817137717579044 ] ] ] ] } },
{ "type": "Feature", "properties": { "fid": 752.0, "OBJECTID": 752.0, "lganame": "Ona ara", "statecode": "OY", "LGA_UID": "30_26" }, "geometry": { "type": "MultiPolygon", "coordinates": [ [ [ [ 4.128886699585848, 7.310589790403526 ], [ 4.129169940778297, 7.305490016938506 ], [ 4.131338120251485, 7.299527644887348 ], [ 4.129712105146666, 7.29356527283619 ], [ 4.128086090041847, 7.288145065153401 ], [ 4.129712105146666, 7.282182693102243 ], [ 4.129712105146666, 7.2767624864195 ], [ 4.125917911568706, 7.270257949999973 ], [ 4.125917911568706, 7.264837742317184 ], [ 4.125375748200327, 7.257791518529586 ], [ 4.111283301625122, 7.251286983110106 ], [ 4.107489109047151, 7.245866776427306 ], [ 4.10532092957402, 7.237194060534591 ], [ 4.10260868073118, 7.233126162770645 ], [ 4.099848746855912, 7.232263565184553 ], [ 4.097031592941789, 7.230698586121207 ], [ 4.094214439027667, 7.228194714419999 ], [ 4.091084479900985, 7.222248077379504 ], [ 4.089206695625137, 7.218492030827463 ], [ 4.08858060819972, 7.214423180062852 ], [ 4.086390017711324, 7.212232112574156 ], [ 4.084511757435166, 7.207849978596698 ], [ 4.084825038647978, 7.204407215257504 ], [ 4.081381798308485, 7.200964450918264 ], [ 4.079816818245149, 7.195643425302876 ], [ 4.078565121394661, 7.190948486112916 ], [ 4.078565121394661, 7.186879635348305 ], [ 4.078565121394661, 7.182184696158345 ], [ 4.077626227756753, 7.177803040181175 ], [ 4.076061248693406, 7.175298691479611 ], [ 4.074496268630071, 7.17060422928995 ], [ 4.072618008353913, 7.167474270163268 ], [ 4.071991919928507, 7.162779330973308 ], [ 4.075121880055178, 7.159962177059185 ], [ 4.080130100458007, 7.15808439278328 ], [ 4.083260058584699, 7.154641151443798 ], [ 4.085450649073096, 7.151198387104557 ], [ 4.083260058584699, 7.149007319615862 ], [ 4.080442904670576, 7.14994621325377 ], [ 4.077000141331325, 7.14994621325377 ], [ 4.072618008353913, 7.146816730127455 ], [ 4.071053028290578, 7.142121791937484 ], [ 4.071053028290578, 7.138991832810802 ], [ 4.073244094779284, 7.135548592471309 ], [ 4.076374053905965, 7.134922981046202 ], [ 4.079190730819732, 7.138365746385432 ], [ 4.080755710883068, 7.140243529661291 ], [ 4.084511757435166, 7.139930725448721 ], [ 4.087641715561801, 7.138052464172574 ], [ 4.088356018047136, 7.133446217042831 ], [ 4.085114955844972, 7.131877898977223 ], [ 4.069125174980684, 7.132258892236109 ], [ 4.05770349522021, 7.137207984598774 ], [ 4.045901775201457, 7.138350010374722 ], [ 4.026865959267525, 7.128451346649058 ], [ 4.019251347093757, 7.124644279062295 ], [ 4.012756823681059, 7.126267910165495 ], [ 4.013175487965498, 7.147217274399623 ], [ 4.013175487965498, 7.161851883343161 ], [ 4.012633323597129, 7.17052459723584 ], [ 4.014801502070327, 7.180281161864968 ], [ 4.014801502070327, 7.194373608440117 ], [ 4.015343666438696, 7.206298350542397 ], [ 4.015343666438696, 7.215513228803502 ], [ 4.014801502070327, 7.226895808537449 ], [ 4.015343666438696, 7.239362240007779 ], [ 4.011549472860679, 7.251829147478475 ], [ 4.006670951545971, 7.259417533634405 ], [ 4.000708580494802, 7.266463757422002 ], [ 3.988784075392687, 7.278388499524283 ], [ 3.979027509763569, 7.283267020838991 ], [ 3.965476750556434, 7.293023586468166 ], [ 3.953010082085939, 7.305490016938506 ], [ 3.947047710034781, 7.312536715726424 ], [ 3.941085338983612, 7.322293282355531 ], [ 3.936100244596503, 7.329594612316441 ], [ 3.939234017725767, 7.332020759964905 ], [ 3.943313837497783, 7.334935187945121 ], [ 3.946033955345968, 7.338820933585282 ], [ 3.947782515534072, 7.346009254469436 ], [ 3.949336766590079, 7.350672244637678 ], [ 3.949919461985985, 7.354557991277886 ], [ 3.950507164385328, 7.358138560710699 ], [ 3.960699320310425, 7.36493349132752 ], [ 3.9688527578503, 7.368330478635642 ], [ 3.977006435390308, 7.370368958020663 ], [ 3.982442141083652, 7.370368958020663 ], [ 3.989236592700138, 7.368330478635642 ], [ 4.005543708780067, 7.360177040095778 ], [ 4.011659144935209, 7.356779574787367 ], [ 4.02321004878354, 7.354062079940945 ], [ 4.027966022014994, 7.352023601555857 ], [ 4.040196419324957, 7.346587657862415 ], [ 4.051747322173242, 7.341831683630971 ], [ 4.062618731559837, 7.339793205245883 ], [ 4.08436155333311, 7.332998275629052 ], [ 4.092514991872974, 7.327562808935909 ], [ 4.10270690879787, 7.320768356319434 ], [ 4.112219810261479, 7.316011906087624 ], [ 4.117655276954622, 7.313293934240903 ], [ 4.128886699585848, 7.310589790403526 ] ] ] ] } },
{ "type": "Feature", "properties": { "fid": 760.0, "OBJECTID": 760.0, "lganame": "Ibadan South West", "statecode": "OY", "LGA_UID": "30_08" }, "geometry": { "type": "MultiPolygon", "coordinates": [ [ [ [ 3.909526109540593, 7.354681492361806 ], [ 3.906594275548571, 7.350283623373628 ], [ 3.902902842040419, 7.344260693281342 ], [ 3.899405717664308, 7.336877823265013 ], [ 3.894937276628184, 7.331049442304902 ], [ 3.891634464384083, 7.325026512212617 ], [ 3.889691591063979, 7.319781302648778 ], [ 3.888331652139982, 7.311621189104358 ], [ 3.887110472310269, 7.307957648615115 ], [ 3.882697344311737, 7.30812406472819 ], [ 3.874537467767482, 7.308901310256317 ], [ 3.86793184327928, 7.306958198936059 ], [ 3.863851785507052, 7.310261250180304 ], [ 3.862686156715085, 7.314341067952341 ], [ 3.860354662130931, 7.316089630140425 ], [ 3.859189034338954, 7.31822681359256 ], [ 3.858023404546941, 7.322306633364576 ], [ 3.858606099942847, 7.324832439080751 ], [ 3.852583407850716, 7.332409382228946 ], [ 3.846949100022471, 7.339986801377449 ], [ 3.84345197664635, 7.344455242413517 ], [ 3.839955091270383, 7.349312304713692 ], [ 3.838400602214165, 7.353586196617584 ], [ 3.837623595686239, 7.357860564521843 ], [ 3.835680723366124, 7.361163615766088 ], [ 3.835875034498201, 7.364660740142199 ], [ 3.837429284554219, 7.366409302330283 ], [ 3.838983535610282, 7.367963314386145 ], [ 3.840537785666299, 7.369323254310189 ], [ 3.842869282250433, 7.370877743366407 ], [ 3.845394849966453, 7.373403549082525 ], [ 3.847532034418577, 7.37554025653435 ], [ 3.849669217870655, 7.379426003174501 ], [ 3.85149550411154, 7.381485461573845 ], [ 3.855497598830766, 7.378260612382689 ], [ 3.858412026810981, 7.376900673458692 ], [ 3.862880467847106, 7.374180316610307 ], [ 3.864629030035189, 7.37320899995035 ], [ 3.867154597751153, 7.373014926818485 ], [ 3.871623277787421, 7.373792171346622 ], [ 3.875897407691525, 7.374180316610307 ], [ 3.882308722047696, 7.373986244478488 ], [ 3.886971712215939, 7.372237682290404 ], [ 3.892023086648123, 7.369711875574239 ], [ 3.896880149948288, 7.367574692122105 ], [ 3.901154279852335, 7.364854813274064 ], [ 3.903097153172439, 7.362717627821951 ], [ 3.905040026492543, 7.35960912670987 ], [ 3.909526109540593, 7.354681492361806 ] ] ] ] } },
{ "type": "Feature", "properties": { "fid": 762.0, "OBJECTID": 762.0, "lganame": "Ibadan North West", "statecode": "OY", "LGA_UID": "30_10" }, "geometry": { "type": "MultiPolygon", "coordinates": [ [ [ [ 3.916426182228918, 7.371046066480744 ], [ 3.915531396620906, 7.365826129934021 ], [ 3.913199902036808, 7.359415053578005 ], [ 3.909526109540593, 7.354681492361806 ], [ 3.905040026492543, 7.35960912670987 ], [ 3.903097153172439, 7.362717627821951 ], [ 3.901154279852335, 7.364854813274064 ], [ 3.896880149948288, 7.367574692122105 ], [ 3.892023086648123, 7.369711875574239 ], [ 3.886971712215939, 7.372237682290404 ], [ 3.882308722047696, 7.373986244478488 ], [ 3.875897407691525, 7.374180316610307 ], [ 3.871623277787421, 7.373792171346622 ], [ 3.867154597751153, 7.373014926818485 ], [ 3.864629030035189, 7.37320899995035 ], [ 3.862880467847106, 7.374180316610307 ], [ 3.858412026810981, 7.376900673458692 ], [ 3.855497598830766, 7.378260612382689 ], [ 3.85149550411154, 7.381485461573845 ], [ 3.852972031114803, 7.38370037107876 ], [ 3.85491490443485, 7.387780189850787 ], [ 3.85491490443485, 7.390305995566962 ], [ 3.856274843358904, 7.397300243319251 ], [ 3.856469154490924, 7.400603293563506 ], [ 3.858606099942847, 7.402934551147496 ], [ 3.862491845583065, 7.407597065315429 ], [ 3.86773753214726, 7.413619995407714 ], [ 3.87084603325934, 7.418865680971919 ], [ 3.875707864562685, 7.420413494023592 ], [ 3.877645968879563, 7.417699814179798 ], [ 3.885805845423818, 7.407402992183563 ], [ 3.888137341007962, 7.405654429995479 ], [ 3.892800093176049, 7.402157306619358 ], [ 3.899988651060369, 7.398660183243237 ], [ 3.902902842040419, 7.395746231263331 ], [ 3.90620565428452, 7.39186048462318 ], [ 3.913005589904742, 7.3840889933428 ], [ 3.914948463224846, 7.381757735758811 ], [ 3.91669702541293, 7.377871990118649 ], [ 3.916426182228918, 7.371046066480744 ] ] ] ] } },
{ "type": "Feature", "properties": { "fid": 764.0, "OBJECTID": 764.0, "lganame": "Ibadan North", "statecode": "OY", "LGA_UID": "30_06" }, "geometry": { "type": "MultiPolygon", "coordinates": [ [ [ [ 3.928764342612112, 7.419290543260615 ], [ 3.940315247460376, 7.405021666565574 ], [ 3.946458577634473, 7.395527363114638 ], [ 3.947789430538762, 7.393470763717289 ], [ 3.942925453233897, 7.39186048462318 ], [ 3.940205336385702, 7.389140128774841 ], [ 3.937679767669692, 7.387003422323005 ], [ 3.934959649821508, 7.382534504286582 ], [ 3.928936957729377, 7.376317501062431 ], [ 3.925634146485265, 7.37359762221439 ], [ 3.921554088713094, 7.372431755422269 ], [ 3.916426182228918, 7.371046066480744 ], [ 3.91669702541293, 7.377871990118649 ], [ 3.914948463224846, 7.381757735758811 ], [ 3.913005589904742, 7.3840889933428 ], [ 3.90620565428452, 7.39186048462318 ], [ 3.902902842040419, 7.395746231263331 ], [ 3.899988651060369, 7.398660183243237 ], [ 3.892800093176049, 7.402157306619358 ], [ 3.888137341007962, 7.405654429995479 ], [ 3.885805845423818, 7.407402992183563 ], [ 3.877645968879563, 7.417699814179798 ], [ 3.875707864562685, 7.420413494023592 ], [ 3.87984299737235, 7.42336702303038 ], [ 3.884599208603959, 7.42744398080049 ], [ 3.899547576760654, 7.432879448493622 ], [ 3.910418987147295, 7.4315209385706 ], [ 3.923302649901132, 7.42469406093204 ], [ 3.928764342612112, 7.419290543260615 ] ] ] ] } },
{ "type": "Feature", "properties": { "fid": 765.0, "OBJECTID": 765.0, "lganame": "Olorunsogo", "statecode": "OY", "LGA_UID": "30_24" }, "geometry": { "type": "MultiPolygon", "coordinates": [ [ [ [ 4.334852218529704, 8.980800629233329 ], [ 4.334852218529704, 8.957744597567853 ], [ 4.321018219130167, 8.94237327612376 ], [ 4.292989471085946, 8.923915793582751 ], [ 4.257997036310257, 8.900871276925102 ], [ 4.221106529244878, 8.860906600770988 ], [ 4.194975853490291, 8.816330910483885 ], [ 4.190364361357013, 8.75330924966363 ], [ 4.201124190667826, 8.717955588642496 ], [ 4.206113338057719, 8.703819275037517 ], [ 4.210346698934075, 8.69182491288791 ], [ 4.213420868022808, 8.682601928621295 ], [ 4.209143639116633, 8.680658340300738 ], [ 4.196512698534548, 8.674916267399283 ], [ 4.168844699735416, 8.644174575511727 ], [ 4.147325516114165, 8.624192237934665 ], [ 4.104286193870962, 8.613432883624228 ], [ 4.061247348628058, 8.613432883624228 ], [ 4.048950672273065, 8.614969253668107 ], [ 4.027431010651469, 8.614969253668107 ], [ 3.970558167009017, 8.613432883624228 ], [ 3.963522911228893, 8.614751815520378 ], [ 3.945964336298687, 8.618043899757197 ], [ 3.929056167810359, 8.618043899757197 ], [ 3.923945189337701, 8.617599487455209 ], [ 3.926074265784337, 8.623454094433157 ], [ 3.918204308437055, 8.642145157132859 ], [ 3.905415534747704, 8.654933928822231 ], [ 3.896561860732049, 8.670674323517062 ], [ 3.885740519379453, 8.6854305265432 ], [ 3.877870560032136, 8.692317009222279 ], [ 3.885740519379453, 8.72478008327937 ], [ 3.896561860732049, 8.750357627658161 ], [ 3.916236877100289, 8.77495193536879 ], [ 3.937879323805305, 8.811349869099502 ], [ 3.95460295716822, 8.840863228152443 ], [ 3.965424298520816, 8.859554290852145 ], [ 3.973294257868076, 8.870375633204731 ], [ 3.97722911754164, 8.875539779713506 ], [ 3.998871565246645, 8.878245353551847 ], [ 4.056912898683038, 8.886115073898964 ], [ 4.094295025082431, 8.8959522245828 ], [ 4.126759052140187, 8.905790329267347 ], [ 4.1729950895554, 8.926448822303826 ], [ 4.190702437586708, 8.948091507008996 ], [ 4.203491211276116, 8.959896088029666 ], [ 4.210460186011176, 8.970032691917027 ], [ 4.253385544176922, 8.966966628833745 ], [ 4.27336835875434, 8.979264259189449 ], [ 4.290276527242611, 8.991560935544442 ], [ 4.316407203997187, 8.997709273721966 ], [ 4.325629711263446, 8.994634627632877 ], [ 4.329013347562466, 8.989559174184365 ], [ 4.334852218529704, 8.980800629233329 ] ] ] ] } },
{ "type": "Feature", "properties": { "fid": 766.0, "OBJECTID": 766.0, "lganame": "Ibadan South East", "statecode": "OY", "LGA_UID": "30_09" }, "geometry": { "type": "MultiPolygon", "coordinates": [ [ [ [ 3.936100244596503, 7.329594612316441 ], [ 3.933016776501404, 7.322889804760848 ], [ 3.928936957729377, 7.317449570064468 ], [ 3.925245523221236, 7.315701007876385 ], [ 3.920582771053091, 7.313952445688301 ], [ 3.916114092016869, 7.311038493708452 ], [ 3.910674334320788, 7.309289931520368 ], [ 3.902902842040419, 7.308318137860056 ], [ 3.892994404308126, 7.307735443464139 ], [ 3.887110472310269, 7.307957648615115 ], [ 3.888331652139982, 7.311621189104358 ], [ 3.889691591063979, 7.319781302648778 ], [ 3.891634464384083, 7.325026512212617 ], [ 3.894937276628184, 7.331049442304902 ], [ 3.899405717664308, 7.336877823265013 ], [ 3.902902842040419, 7.344260693281342 ], [ 3.906594275548571, 7.350283623373628 ], [ 3.909526109540593, 7.354681492361806 ], [ 3.914559840960806, 7.350672244637678 ], [ 3.917862654204896, 7.348729134317466 ], [ 3.922137022109155, 7.346203803601611 ], [ 3.926411152013202, 7.342318057961393 ], [ 3.934765338689488, 7.333380698888902 ], [ 3.936100244596503, 7.329594612316441 ] ] ] ] } },
{ "type": "Feature", "properties": { "fid": 770.0, "OBJECTID": 770.0, "lganame": "Oluyole", "statecode": "OY", "LGA_UID": "30_25" }, "geometry": { "type": "MultiPolygon", "coordinates": [ [ [ [ 4.012756823681059, 7.126267910165495 ], [ 4.005546092781685, 7.128451346649058 ], [ 3.997550964349387, 7.12616729709714 ], [ 3.978134394156712, 7.115888119112924 ], [ 3.969758749465882, 7.1113195420088 ], [ 3.965570926620444, 7.109796523973955 ], [ 3.961383103775006, 7.09799432795495 ], [ 3.960240840998893, 7.092283726074868 ], [ 3.953388214342851, 7.088095665229275 ], [ 3.938920974513053, 7.083908081383981 ], [ 3.916078090992357, 7.083527088125095 ], [ 3.890189648402384, 7.083908081383981 ], [ 3.874199628537951, 7.083146571866564 ], [ 3.823610306164881, 7.08281278563976 ], [ 3.816521406348272, 7.082766055608033 ], [ 3.797485828414494, 7.080862522314646 ], [ 3.783780098102113, 7.080101012797286 ], [ 3.758652925029367, 7.080862522314646 ], [ 3.739998102354321, 7.081623553831776 ], [ 3.731213093385293, 7.080647469168525 ], [ 3.727600573930772, 7.08357763315945 ], [ 3.724769592007249, 7.087715148970688 ], [ 3.727434396817841, 7.096852303178991 ], [ 3.738475084319475, 7.103324412576455 ], [ 3.752561568890599, 7.107892989680579 ], [ 3.781495809550051, 7.121218203734486 ], [ 3.79291725231036, 7.132258892236109 ], [ 3.794440031345061, 7.139492035150681 ], [ 3.793044567396862, 7.144841670785468 ], [ 3.790632962758309, 7.149771690135196 ], [ 3.789919376273474, 7.152704716128085 ], [ 3.787206650430278, 7.163857936706165 ], [ 3.782638073326154, 7.172233582396984 ], [ 3.777307986704614, 7.180609226087881 ], [ 3.777688741963345, 7.192030906848345 ], [ 3.780353784774093, 7.202690601091149 ], [ 3.775023699152541, 7.210685729523448 ], [ 3.768932343013773, 7.223629951318401 ], [ 3.763602257392222, 7.230483054974798 ], [ 3.762460231616274, 7.238858699665627 ], [ 3.762079477357588, 7.247614860615045 ], [ 3.761698723098846, 7.257894038599261 ], [ 3.761698723098846, 7.264366149996761 ], [ 3.761141061719968, 7.267154693891428 ], [ 3.769205093199105, 7.269064426189004 ], [ 3.775540828503892, 7.271821499062298 ], [ 3.783641100007685, 7.280398368889905 ], [ 3.787452935597628, 7.288975238717455 ], [ 3.792694569159096, 7.295169829926408 ], [ 3.797459364396559, 7.30231714178268 ], [ 3.802700757957837, 7.308511733991622 ], [ 3.807942151519114, 7.311370372933936 ], [ 3.816995620670525, 7.316135406171554 ], [ 3.826525450145596, 7.316611767495203 ], [ 3.835102319973146, 7.31422948787656 ], [ 3.843679189800753, 7.309940814962602 ], [ 3.848444223038371, 7.309940814962602 ], [ 3.855591535894632, 7.307082176020288 ], [ 3.862262487427188, 7.307558537343937 ], [ 3.863851785507052, 7.310261250180304 ], [ 3.86793184327928, 7.306958198936059 ], [ 3.874537467767482, 7.308901310256317 ], [ 3.882697344311737, 7.30812406472819 ], [ 3.887110472310269, 7.307957648615115 ], [ 3.892994404308126, 7.307735443464139 ], [ 3.902902842040419, 7.308318137860056 ], [ 3.910674334320788, 7.309289931520368 ], [ 3.916114092016869, 7.311038493708452 ], [ 3.920582771053091, 7.313952445688301 ], [ 3.925245523221236, 7.315701007876385 ], [ 3.928936957729377, 7.317449570064468 ], [ 3.933016776501404, 7.322889804760848 ], [ 3.936100244596503, 7.329594612316441 ], [ 3.941085338983612, 7.322293282355531 ], [ 3.947047710034781, 7.312536715726424 ], [ 3.953010082085939, 7.305490016938506 ], [ 3.965476750556434, 7.293023586468166 ], [ 3.979027509763569, 7.283267020838991 ], [ 3.988784075392687, 7.278388499524283 ], [ 4.000708580494802, 7.266463757422002 ], [ 4.006670951545971, 7.259417533634405 ], [ 4.011549472860679, 7.251829147478475 ], [ 4.015343666438696, 7.239362240007779 ], [ 4.014801502070327, 7.226895808537449 ], [ 4.015343666438696, 7.215513228803502 ], [ 4.015343666438696, 7.206298350542397 ], [ 4.014801502070327, 7.194373608440117 ], [ 4.014801502070327, 7.180281161864968 ], [ 4.012633323597129, 7.17052459723584 ], [ 4.013175487965498, 7.161851883343161 ], [ 4.013175487965498, 7.147217274399623 ], [ 4.012756823681059, 7.126267910165495 ] ] ] ] } }
]
}
