{
"type": "FeatureCollection",
"name": "Sokoto",
"crs": { "type": "name", "properties": { "name": "urn:ogc:def:crs:OGC:1.3:CRS84" } },
"features": [
{ "type": "Feature", "properties": { "fid": 18.0, "OBJECTID": 18.0, "lganame": "Gudu", "statecode": "SO", "LGA_UID": "33_06" }, "geometry": { "type": "MultiPolygon", "coordinates": [ [ [ [ 4.701197889444416, 13.284975098717609 ], [ 4.695433539527755, 13.254980104337392 ], [ 4.651363108584007, 13.258505675732863 ], [ 4.619781030125466, 13.248335992823058 ], [ 4.601362313610821, 13.239664535931183 ], [ 4.588918257155683, 13.229508319030515 ], [ 4.536162982310941, 13.200850877559162 ], [ 4.511322214432766, 13.184093254173149 ], [ 4.503440699077657, 13.171317520492607 ], [ 4.497530337061846, 13.159961893776995 ], [ 4.496603110431863, 13.160326781024935 ], [ 4.495711810826265, 13.160326781024935 ], [ 4.494107472736175, 13.161541824850474 ], [ 4.493037914009449, 13.162293992361526 ], [ 4.492562554686458, 13.162930438793978 ], [ 4.492146615403897, 13.164087611580214 ], [ 4.491730676121279, 13.165129062287861 ], [ 4.491077055677181, 13.165996933877523 ], [ 4.490304597152317, 13.166575514270619 ], [ 4.489532137627464, 13.166749087388553 ], [ 4.488819099142972, 13.167327664781681 ], [ 4.488343738819992, 13.167790527096201 ], [ 4.487036500931765, 13.16813767233208 ], [ 4.486145202326213, 13.1688319608038 ], [ 4.485194482680242, 13.169005532921744 ], [ 4.484303184074633, 13.169584106314858 ], [ 4.482877106105661, 13.170220533747283 ], [ 4.481985807500052, 13.170914818218989 ], [ 4.480678567611847, 13.171724812769355 ], [ 4.480024949167785, 13.172534805319685 ], [ 4.478955390441058, 13.173460506948686 ], [ 4.477945250754715, 13.174270493499023 ], [ 4.476162652543508, 13.175022621010044 ], [ 4.474320635291974, 13.176353302914208 ], [ 4.47259745712114, 13.177510411700382 ], [ 4.470874278950305, 13.178841080604514 ], [ 4.469507621021762, 13.179477485036898 ], [ 4.467546762689437, 13.180518869744503 ], [ 4.465422915246393, 13.180872704984893 ], [ 4.463031369621433, 13.181305769279163 ], [ 4.461786414775531, 13.182316749966049 ], [ 4.46047442288409, 13.18277495427742 ], [ 4.459518951234884, 13.182705529230248 ], [ 4.458092872265979, 13.182608335164161 ], [ 4.457422614810525, 13.182622219173595 ], [ 4.456791756381904, 13.182717335238237 ], [ 4.456138135937806, 13.18277518927755 ], [ 4.455127997251452, 13.183006605434798 ], [ 4.45370191928248, 13.183585144827873 ], [ 4.452216421273192, 13.184337244338906 ], [ 4.450493243102358, 13.185262900967814 ], [ 4.448532384770033, 13.186014996478832 ], [ 4.446868626639628, 13.18670923395058 ], [ 4.439500554633355, 13.188791938365682 ], [ 4.43777737746251, 13.189833284073188 ], [ 4.434925220524633, 13.190932476820024 ], [ 4.432429582828945, 13.191800257409682 ], [ 4.431122344940775, 13.192089516606188 ], [ 4.429755687012175, 13.192668034999258 ], [ 4.407076013602421, 13.195541895951919 ], [ 4.391845489253967, 13.197134641034154 ], [ 4.374447310432743, 13.201090244721797 ], [ 4.300238918011587, 13.259614569486303 ], [ 4.258026999330582, 13.26442646375574 ], [ 4.213913641357635, 13.263686179252772 ], [ 4.178570396343559, 13.254068557718028 ], [ 4.126404703899425, 13.249674073732194 ], [ 4.125776376472515, 13.286523686769783 ], [ 4.127366720553084, 13.300756584440364 ], [ 4.128153173087412, 13.366315158984321 ], [ 4.128153173087412, 13.389727218891721 ], [ 4.126667675078124, 13.410536027030332 ], [ 4.124885076866917, 13.451281387714914 ], [ 4.126472937945778, 13.468159090182496 ], [ 4.142499923835373, 13.476943969151421 ], [ 4.232408444923976, 13.499422486424521 ], [ 4.287695690489102, 13.541127835761358 ], [ 4.313246260849496, 13.564811610853326 ], [ 4.333449037576315, 13.588493024943773 ], [ 4.34770982126588, 13.608706993678197 ], [ 4.358405408533031, 13.623144487487821 ], [ 4.377786259701395, 13.640852168519359 ], [ 4.394354467958692, 13.653460350085993 ], [ 4.42822382897134, 13.66731773350142 ], [ 4.444792527228969, 13.674646263480838 ], [ 4.465080276013566, 13.681269360980934 ], [ 4.503109031852318, 13.691430321884809 ], [ 4.542326187498531, 13.702052676102198 ], [ 4.597334543874126, 13.713939148178497 ], [ 4.636685038610949, 13.723065047379123 ], [ 4.643847959477796, 13.726054985410656 ], [ 4.667108044281918, 13.73576392100739 ], [ 4.708388808330255, 13.758525131472595 ], [ 4.728591585057131, 13.762276574021541 ], [ 4.744634966957847, 13.765739392374314 ], [ 4.80135606949716, 13.768725558403275 ], [ 4.807890040936684, 13.711815667735721 ], [ 4.749846653498935, 13.687528203233512 ], [ 4.704315069562369, 13.650782439266493 ], [ 4.758551592413539, 13.595122852448412 ], [ 4.723160314366851, 13.542936848990507 ], [ 4.727428332266754, 13.518529284406668 ], [ 4.746447317189222, 13.51763436879861 ], [ 4.763767667957609, 13.516280776878943 ], [ 4.760408963675502, 13.484828158508378 ], [ 4.761091264139111, 13.446748378634936 ], [ 4.728071284703617, 13.350890770504179 ], [ 4.711620566526108, 13.303119807046073 ], [ 4.701197889444416, 13.284975098717609 ] ] ] ] } },
{ "type": "Feature", "properties": { "fid": 54.0, "OBJECTID": 54.0, "lganame": "Yabo", "statecode": "SO", "LGA_UID": "33_23" }, "geometry": { "type": "MultiPolygon", "coordinates": [ [ [ [ 4.937700000136431, 12.933699999042688 ], [ 4.943199999873457, 12.932999997567038 ], [ 4.948600001542502, 12.933699999042688 ], [ 4.952900000464126, 12.933499998906768 ], [ 4.956913907191392, 12.933190970696785 ], [ 4.961300001171537, 12.932399999159372 ], [ 4.964109868080698, 12.930994110204153 ], [ 4.966699998840568, 12.930799998072246 ], [ 4.971110213837107, 12.929952663496522 ], [ 4.981400001828547, 12.929000000849271 ], [ 4.983600002323328, 12.929299999053057 ], [ 4.98719999876937, 12.930700000004322 ], [ 5.002599999232984, 12.932999997567038 ], [ 5.014500000318435, 12.933099999634976 ], [ 5.018399998968334, 12.933200001702971 ], [ 5.027899999423141, 12.93450000058624 ], [ 5.038206100425612, 12.933832169132472 ], [ 5.044399998634105, 12.933099999634976 ], [ 5.047271734585308, 12.933756793081272 ], [ 5.053642274913784, 12.933823429126562 ], [ 5.057934580830192, 12.93365531201232 ], [ 5.073821651624712, 12.904541979231169 ], [ 5.085512433568056, 12.886133168723234 ], [ 5.086795905440113, 12.870215297907805 ], [ 5.093641081091107, 12.862012682334523 ], [ 5.102722607261569, 12.857410799207742 ], [ 5.099754678245006, 12.85273092502797 ], [ 5.095395505283136, 12.850056411210801 ], [ 5.094253363507107, 12.849485339822763 ], [ 5.092492563310714, 12.848343199046724 ], [ 5.090826940178999, 12.84705829017372 ], [ 5.089066138982616, 12.846106505527018 ], [ 5.086429696191317, 12.845659167223062 ], [ 5.083993127535734, 12.846420594740437 ], [ 5.076378853362201, 12.845659167223062 ], [ 5.072267143568524, 12.844745453602229 ], [ 5.066632579740087, 12.841395173325907 ], [ 5.06145487322209, 12.837892605946024 ], [ 5.058554137251178, 12.83453013966141 ], [ 5.067422825277049, 12.808386663898148 ], [ 5.054432492450701, 12.785267594189804 ], [ 5.068178743790611, 12.776183027017282 ], [ 5.069282516540568, 12.775698375687966 ], [ 5.085200001355759, 12.774099997601979 ], [ 5.095037681040026, 12.752335724814145 ], [ 5.090331622842484, 12.750666637680126 ], [ 5.099068523778783, 12.738794941613833 ], [ 5.086988167570723, 12.73330467588346 ], [ 5.079692668613802, 12.720972284504171 ], [ 5.079132380233091, 12.709042477398441 ], [ 5.080128988910246, 12.704703950450607 ], [ 5.089003160939853, 12.689108764854439 ], [ 5.101658126538325, 12.670086540929731 ], [ 5.097965481029348, 12.667045141863241 ], [ 5.084308913750306, 12.66377571264178 ], [ 5.07721055392733, 12.667491400166455 ], [ 5.06885990325344, 12.669959294843238 ], [ 5.057305611402853, 12.677461502940673 ], [ 5.048533436442597, 12.683304742910877 ], [ 5.04315218878628, 12.688247345269133 ], [ 5.044224299514724, 12.684007471388327 ], [ 5.043368652933339, 12.678535058670093 ], [ 5.041599999731602, 12.672300000433665 ], [ 5.041277071512184, 12.665734720972864 ], [ 5.016531704698878, 12.672127866316714 ], [ 5.004138698278439, 12.672146200329166 ], [ 4.996497530086629, 12.665255019646906 ], [ 4.960717870776023, 12.63623909993197 ], [ 4.957865713838089, 12.626720811464736 ], [ 4.957352326489286, 12.615643525938253 ], [ 4.956814704123985, 12.608209037886866 ], [ 4.951750797683303, 12.610821310661777 ], [ 4.946147859876362, 12.618158113646814 ], [ 4.941826431940171, 12.638226580282378 ], [ 4.934138314716449, 12.645976393547983 ], [ 4.916933397026526, 12.640859077071013 ], [ 4.906501946938874, 12.633753162242897 ], [ 4.898142331258896, 12.628751426844474 ], [ 4.867600000506798, 12.629000001013367 ], [ 4.866700000895321, 12.635699998565656 ], [ 4.86549999907993, 12.641899998778285 ], [ 4.864000000060798, 12.64380000206927 ], [ 4.862599999109534, 12.648699999398559 ], [ 4.870320822355495, 12.660290107273511 ], [ 4.870399482408914, 12.66175106026617 ], [ 4.870124597222173, 12.664440120093218 ], [ 4.87905097028721, 12.689006156784728 ], [ 4.878322154791988, 12.693989478170636 ], [ 4.879281728443971, 12.698047382927768 ], [ 4.880797400473796, 12.70445682228268 ], [ 4.878837132141882, 12.708872543283007 ], [ 4.880250275102071, 12.720420614129353 ], [ 4.860868811933301, 12.726694794392358 ], [ 4.843197211926281, 12.719912292783988 ], [ 4.837780768246034, 12.727113741677044 ], [ 4.832574843708869, 12.734858827939433 ], [ 4.810922958997423, 12.745428443121 ], [ 4.804194914426034, 12.745112133906105 ], [ 4.787178499864183, 12.747675329647677 ], [ 4.750326258824828, 12.75090921484491 ], [ 4.752858513545334, 12.756699471779143 ], [ 4.757196169492602, 12.764580990134277 ], [ 4.76028600459199, 12.772462262489228 ], [ 4.764683079579584, 12.779879705529027 ], [ 4.770250338362303, 12.789276123913453 ], [ 4.770250370362305, 12.789276136913429 ], [ 4.773798461773083, 12.790171519521834 ], [ 4.775794972129574, 12.7903384026352 ], [ 4.778304869834983, 12.79139532835336 ], [ 4.780301379191485, 12.792396620033685 ], [ 4.788401504695173, 12.796902387095145 ], [ 4.795189638307363, 12.799683684984871 ], [ 4.806305366859988, 12.804185508043645 ], [ 4.806835267220038, 12.819476618433271 ], [ 4.775187553716876, 12.854685831356278 ], [ 4.775419234874278, 12.85478417442306 ], [ 4.778868425217865, 12.856248264417843 ], [ 4.779073960357493, 12.856300796453525 ], [ 4.825550687936243, 12.86694720168731 ], [ 4.827795765461701, 12.866879972641584 ], [ 4.845347468387274, 12.870051260796345 ], [ 4.861245685189317, 12.873658982247605 ], [ 4.863752204892421, 12.875188712287013 ], [ 4.867510491446012, 12.880974189217966 ], [ 4.881091328673506, 12.893330278613348 ], [ 4.911869191585652, 12.931802024753097 ], [ 4.912586515073031, 12.934152276349948 ], [ 4.916999999071777, 12.935600001333626 ], [ 4.921899278400588, 12.936318103821577 ], [ 4.92559999991505, 12.936900001216941 ], [ 4.931000001584096, 12.936500001945149 ], [ 4.934105272694012, 12.934778581775504 ], [ 4.937700000136431, 12.933699999042688 ] ] ] ] } },
{ "type": "Feature", "properties": { "fid": 56.0, "OBJECTID": 56.0, "lganame": "Shagari", "statecode": "SO", "LGA_UID": "33_14" }, "geometry": { "type": "MultiPolygon", "coordinates": [ [ [ [ 5.199791001214976, 12.677218068775232 ], [ 5.225280393533808, 12.652263858820049 ], [ 5.291253024359094, 12.622520923611091 ], [ 5.271959951250381, 12.605075580757841 ], [ 5.271625568023182, 12.595971252571871 ], [ 5.271409244876224, 12.590081191569823 ], [ 5.268530040919927, 12.571925536233948 ], [ 5.270135023010425, 12.553435367670716 ], [ 5.26157029519112, 12.452449789055777 ], [ 5.332934250679557, 12.456558439847413 ], [ 5.337788958978081, 12.437901388170815 ], [ 5.300552739677869, 12.391371938556233 ], [ 5.294606628637723, 12.374881455351726 ], [ 5.289838180397794, 12.369315417569851 ], [ 5.29203671689163, 12.361479816245946 ], [ 5.287262325647646, 12.359001394561972 ], [ 5.276165745108017, 12.342041245038331 ], [ 5.26401777485404, 12.338019025305471 ], [ 5.24162834464147, 12.331262200714491 ], [ 5.203597102801041, 12.322477226745548 ], [ 5.199515454027733, 12.322904344035749 ], [ 5.18861914962423, 12.322922047047769 ], [ 5.181869851038414, 12.322488582753238 ], [ 5.180384619029269, 12.321617557161403 ], [ 5.180358012011197, 12.321601953150832 ], [ 5.180350162005823, 12.32159734914768 ], [ 5.180345783002849, 12.321594781145961 ], [ 5.180345769002827, 12.321594720145924 ], [ 5.180345717002808, 12.321594678145857 ], [ 5.180343859001539, 12.321593349144962 ], [ 5.180338218997747, 12.321589315142205 ], [ 5.180303265973976, 12.321564317125251 ], [ 5.177163792840872, 12.319318977599664 ], [ 5.171566435037732, 12.320224583214952 ], [ 5.160244080344683, 12.31611244442098 ], [ 5.155736965282301, 12.312840328197694 ], [ 5.154149737203909, 12.311196369080733 ], [ 5.152537606108524, 12.309526605946189 ], [ 5.147715273831977, 12.306466014866658 ], [ 5.145255312160543, 12.302600362240128 ], [ 5.144406369583749, 12.301645330591214 ], [ 5.137946637194659, 12.293159574825552 ], [ 5.135422479479587, 12.290697925152983 ], [ 5.133470724153483, 12.288787708855068 ], [ 5.128006871441016, 12.285681662744651 ], [ 5.124100657786926, 12.285797220823156 ], [ 5.124100656786936, 12.285797289823222 ], [ 5.124000132718663, 12.291137620451707 ], [ 5.124000132718663, 12.294944757038479 ], [ 5.125077231450462, 12.29703911546153 ], [ 5.129005985119875, 12.326992033813099 ], [ 5.119807778870154, 12.34085401123167 ], [ 5.118524308998076, 12.346565767112565 ], [ 5.138526350588506, 12.376713521596514 ], [ 5.136240480035383, 12.396084995758542 ], [ 5.130536167159562, 12.404998968815164 ], [ 5.122010144366527, 12.414436634227627 ], [ 5.071904679322245, 12.418218751797383 ], [ 5.071409759985954, 12.476473181378537 ], [ 5.060778060762232, 12.491576766640719 ], [ 5.016044754368011, 12.528672095845252 ], [ 4.999448147091414, 12.532427127396602 ], [ 4.965853936265717, 12.52937689932412 ], [ 4.958664124380618, 12.525606555762351 ], [ 4.955098927958204, 12.521952172279384 ], [ 4.956762686088666, 12.51574540106219 ], [ 4.953969950191151, 12.51342507448561 ], [ 4.945424843385126, 12.504526227439271 ], [ 4.947282850647582, 12.488886261812638 ], [ 4.954815976765985, 12.458167251940495 ], [ 4.947646016894282, 12.399514750088883 ], [ 4.905495069254698, 12.428299585646869 ], [ 4.899197482975808, 12.442222788107017 ], [ 4.891740460909091, 12.474875000292627 ], [ 4.881986560281803, 12.494875889882337 ], [ 4.886669477463613, 12.501039764070356 ], [ 4.87298780716759, 12.552902951308965 ], [ 4.829777737808342, 12.564013988858392 ], [ 4.827971749581252, 12.58229332227836 ], [ 4.828404326875159, 12.59943359792436 ], [ 4.829444285581815, 12.617113972937318 ], [ 4.867600000506798, 12.629000001013367 ], [ 4.898142331258896, 12.628751426844474 ], [ 4.906501946938874, 12.633753162242897 ], [ 4.916933397026526, 12.640859077071013 ], [ 4.934138314716449, 12.645976393547983 ], [ 4.941826431940171, 12.638226580282378 ], [ 4.946147859876362, 12.618158113646814 ], [ 4.951750797683303, 12.610821310661777 ], [ 4.956814704123985, 12.608209037886866 ], [ 4.957352326489286, 12.615643525938253 ], [ 4.957865713838089, 12.626720811464736 ], [ 4.960717870776023, 12.63623909993197 ], [ 4.996497530086629, 12.665255019646906 ], [ 5.004138698278439, 12.672146200329166 ], [ 5.016531704698878, 12.672127866316714 ], [ 5.041277071512184, 12.665734720972864 ], [ 5.041599999731602, 12.672300000433665 ], [ 5.043368652933339, 12.678535058670093 ], [ 5.044224299514724, 12.684007471388327 ], [ 5.04315218878628, 12.688247345269133 ], [ 5.048533436442597, 12.683304742910877 ], [ 5.057305611402853, 12.677461502940673 ], [ 5.06885990325344, 12.669959294843238 ], [ 5.07721055392733, 12.667491400166455 ], [ 5.084308913750306, 12.66377571264178 ], [ 5.097965481029348, 12.667045141863241 ], [ 5.101658126538325, 12.670086540929731 ], [ 5.089003160939853, 12.689108764854439 ], [ 5.080128988910246, 12.704703950450607 ], [ 5.079132380233091, 12.709042477398441 ], [ 5.079692668613802, 12.720972284504171 ], [ 5.086988167570723, 12.73330467588346 ], [ 5.099068523778783, 12.738794941613833 ], [ 5.090331622842484, 12.750666637680126 ], [ 5.095037681040026, 12.752335724814145 ], [ 5.085200001355759, 12.774099997601979 ], [ 5.087888343182385, 12.777100950641 ], [ 5.08949999927745, 12.778900000863359 ], [ 5.090134937708854, 12.780212914755396 ], [ 5.091499998636323, 12.782999999649121 ], [ 5.094300001538784, 12.785100002075978 ], [ 5.097499999713023, 12.785799998551568 ], [ 5.102885498372245, 12.789033967748878 ], [ 5.10898273851501, 12.793337415672909 ], [ 5.114740727427318, 12.797295327362121 ], [ 5.116999998962399, 12.79870000131649 ], [ 5.120299999204576, 12.800099999267729 ], [ 5.129513579464742, 12.798847494416748 ], [ 5.131086782533714, 12.79096699406233 ], [ 5.137518315903606, 12.780741880114817 ], [ 5.139986164580421, 12.776592175295264 ], [ 5.150749027893255, 12.771672943952922 ], [ 5.17004888900658, 12.767143779875539 ], [ 5.180644026205528, 12.765174221537336 ], [ 5.185379841423241, 12.739897727363143 ], [ 5.193105538672512, 12.717166798918527 ], [ 5.194253373452398, 12.710308407258594 ], [ 5.199791001214976, 12.677218068775232 ] ] ] ] } },
{ "type": "Feature", "properties": { "fid": 87.0, "OBJECTID": 87.0, "lganame": "Binji", "statecode": "SO", "LGA_UID": "33_01" }, "geometry": { "type": "MultiPolygon", "coordinates": [ [ [ [ 4.854426044555737, 13.333542054716531 ], [ 4.860202123480292, 13.308895444970346 ], [ 4.876024031230543, 13.309932204674794 ], [ 4.90977510016279, 13.306848080579243 ], [ 4.935072127350963, 13.292997683168551 ], [ 4.953205792671895, 13.296525697565698 ], [ 4.96224355481263, 13.290530873492457 ], [ 4.964799999549655, 13.286499998753698 ], [ 4.960299999492122, 13.282800000239718 ], [ 4.956099997638375, 13.279199998793672 ], [ 4.952100000920609, 13.275699999415622 ], [ 4.949999999493741, 13.273699999056703 ], [ 4.949099998882218, 13.272599999309307 ], [ 4.94759999986303, 13.269699998338865 ], [ 4.945229894252691, 13.265200328281594 ], [ 4.941495640715402, 13.25813530948119 ], [ 4.951795802713889, 13.248318855811419 ], [ 4.959556137986681, 13.242723462009565 ], [ 4.964392570272821, 13.236290583638777 ], [ 4.9672371682056, 13.223123387692283 ], [ 4.976339052389903, 13.218226422364978 ], [ 5.003673317962239, 13.195340330814986 ], [ 5.015797854200287, 13.186809744018831 ], [ 5.024442034073616, 13.183853770010387 ], [ 5.037107897679448, 13.180108841465881 ], [ 5.044639311796686, 13.178166808146386 ], [ 5.070968034685848, 13.172954402604773 ], [ 5.01789133862269, 13.14589661122028 ], [ 5.012911506239163, 13.133452054764803 ], [ 5.003015820515486, 13.13109576616381 ], [ 4.988048190345694, 13.129439226038301 ], [ 4.973658707568688, 13.123551009037499 ], [ 4.96609609443027, 13.116460992220198 ], [ 4.985312009486563, 13.084732232661963 ], [ 4.936142501078223, 13.085290214041095 ], [ 4.927913842487214, 13.086611762939015 ], [ 4.889528975406506, 13.094368122209119 ], [ 4.884721203139861, 13.106417625396205 ], [ 4.885323694549243, 13.123521167017259 ], [ 4.877947715537573, 13.120805735172212 ], [ 4.869304313664827, 13.112637512622314 ], [ 4.860085082400758, 13.116434497202192 ], [ 4.853788799122754, 13.124390513607921 ], [ 4.835550569730742, 13.119064259988988 ], [ 4.822479537849574, 13.117256198760458 ], [ 4.798798747759577, 13.115037315252835 ], [ 4.798648636657617, 13.110106303902455 ], [ 4.787327194965201, 13.109608292564076 ], [ 4.760858400980908, 13.109035261174768 ], [ 4.745405237481179, 13.105088219492927 ], [ 4.72149001623194, 13.09113511201241 ], [ 4.7021560040954, 13.073203389828677 ], [ 4.682985900070207, 13.07891146770703 ], [ 4.623164249424178, 13.0702689858349 ], [ 4.623160934421946, 13.070264565831849 ], [ 4.623046777344371, 13.070112333728446 ], [ 4.554715233916284, 13.111444511811726 ], [ 4.512950660539218, 13.136703522974017 ], [ 4.497530337061846, 13.159961893776995 ], [ 4.503440699077657, 13.171317520492607 ], [ 4.511322214432766, 13.184093254173149 ], [ 4.536162982310941, 13.200850877559162 ], [ 4.588918257155683, 13.229508319030515 ], [ 4.601362313610821, 13.239664535931183 ], [ 4.619781030125466, 13.248335992823058 ], [ 4.651363108584007, 13.258505675732863 ], [ 4.695433539527755, 13.254980104337392 ], [ 4.701197889444416, 13.284975098717609 ], [ 4.711620566526108, 13.303119807046073 ], [ 4.728071284703617, 13.350890770504179 ], [ 4.797498692876275, 13.338040411772965 ], [ 4.854426044555737, 13.333542054716531 ] ] ] ] } },
{ "type": "Feature", "properties": { "fid": 103.0, "OBJECTID": 103.0, "lganame": "Silame", "statecode": "SO", "LGA_UID": "33_15" }, "geometry": { "type": "MultiPolygon", "coordinates": [ [ [ [ 4.860085082400758, 13.116434497202192 ], [ 4.869304313664827, 13.112637512622314 ], [ 4.877947715537573, 13.120805735172212 ], [ 4.885323694549243, 13.123521167017259 ], [ 4.884721203139861, 13.106417625396205 ], [ 4.889528975406506, 13.094368122209119 ], [ 4.927913842487214, 13.086611762939015 ], [ 4.936142501078223, 13.085290214041095 ], [ 4.985312009486563, 13.084732232661963 ], [ 4.996979004413731, 13.083540005851887 ], [ 5.016371457590026, 13.079077409819774 ], [ 5.014783848511286, 13.072607766423971 ], [ 5.015268536840608, 13.064595583980065 ], [ 5.016977395001732, 13.060067020903148 ], [ 5.017462977331661, 13.028001177115868 ], [ 5.01300783630461, 13.013644801361409 ], [ 5.002614456242782, 13.015972706943103 ], [ 4.982954942885044, 13.020699353154669 ], [ 4.981737458057864, 12.997830755616519 ], [ 4.980077287929817, 12.957483933202752 ], [ 4.965761199202746, 12.955918823139314 ], [ 4.964631240434983, 12.955984992184256 ], [ 4.964899997617579, 12.932900000499103 ], [ 4.964109868080698, 12.930994110204153 ], [ 4.961300001171537, 12.932399999159372 ], [ 4.956913907191392, 12.933190970696785 ], [ 4.952900000464126, 12.933499998906768 ], [ 4.948600001542502, 12.933699999042688 ], [ 4.943199999873457, 12.932999997567038 ], [ 4.937700000136431, 12.933699999042688 ], [ 4.934105272694012, 12.934778581775504 ], [ 4.931000001584096, 12.936500001945149 ], [ 4.92559999991505, 12.936900001216941 ], [ 4.921899278400588, 12.936318103821577 ], [ 4.916999999071777, 12.935600001333626 ], [ 4.912586515073031, 12.934152276349948 ], [ 4.911869191585652, 12.931802024753097 ], [ 4.881091328673506, 12.893330278613348 ], [ 4.867510491446012, 12.880974189217966 ], [ 4.863752204892421, 12.875188712287013 ], [ 4.861245685189317, 12.873658982247605 ], [ 4.845347468387274, 12.870051260796345 ], [ 4.827795765461701, 12.866879972641584 ], [ 4.825550687936243, 12.86694720168731 ], [ 4.779073960357493, 12.856300796453525 ], [ 4.778868425217865, 12.856248264417843 ], [ 4.775419234874278, 12.85478417442306 ], [ 4.775187553716876, 12.854685831356278 ], [ 4.774253742082408, 12.85572465506209 ], [ 4.759246383885625, 12.87444386178089 ], [ 4.740491125142285, 12.89328117558 ], [ 4.712638782217937, 12.907538440267103 ], [ 4.711724051596434, 12.907533924264044 ], [ 4.711041574132707, 12.907872050493779 ], [ 4.710452127732196, 12.908724608073044 ], [ 4.710090855486726, 12.909725431753088 ], [ 4.709124366830054, 12.910847770515659 ], [ 4.707885186988108, 12.911541733987178 ], [ 4.707491826720798, 12.912196202431858 ], [ 4.706303428913372, 12.912427870589283 ], [ 4.704829813912113, 12.914188552785561 ], [ 4.703498808007737, 12.91567122279298 ], [ 4.701407225586649, 12.918034209398513 ], [ 4.699886075553081, 12.920582503129936 ], [ 4.698222318422609, 12.922435792389194 ], [ 4.697901450204597, 12.923362431018802 ], [ 4.697900001203607, 12.92409999951991 ], [ 4.698115362349938, 12.925238864293704 ], [ 4.697972754253044, 12.926698302285331 ], [ 4.697366670841234, 12.928748451678302 ], [ 4.696617980332576, 12.930451104835186 ], [ 4.69532955945715, 12.931837016776853 ], [ 4.694299999757618, 12.933299999770895 ], [ 4.690984969505166, 12.935142029022472 ], [ 4.689859153740258, 12.936176787725515 ], [ 4.689273676342452, 12.937226856438997 ], [ 4.688168464591513, 12.938165022076419 ], [ 4.687476273121206, 12.938452015271423 ], [ 4.686920646743658, 12.938755718477807 ], [ 4.657916506036713, 12.944245153207589 ], [ 4.646215274086273, 12.948615239176888 ], [ 4.646371779192634, 12.949896114047192 ], [ 4.647378195876456, 12.949753145950012 ], [ 4.648328914522381, 12.950563866500886 ], [ 4.648566593683881, 12.951664126248431 ], [ 4.648031815320564, 12.952590655877998 ], [ 4.648447753603136, 12.953111828232124 ], [ 4.648923113926116, 12.9532276443108 ], [ 4.649517313329852, 12.954096260900997 ], [ 4.650349191895089, 12.954269984018993 ], [ 4.651240490500697, 12.954327892058359 ], [ 4.652369470267786, 12.954327892058359 ], [ 4.652904248631103, 12.955080689569854 ], [ 4.653854968277074, 12.95594930016 ], [ 4.654508586721192, 12.956702093671538 ], [ 4.655340466286418, 12.956238836356761 ], [ 4.656825965295752, 12.956817907750178 ], [ 4.657776683941734, 12.957976045537123 ], [ 4.658667982547342, 12.958033952576443 ], [ 4.659796961314385, 12.958555112930526 ], [ 4.660688259919993, 12.959481617560073 ], [ 4.660985360121856, 12.961334616819101 ], [ 4.661104200202601, 12.963361320196157 ], [ 4.661163620242974, 12.964808954179773 ], [ 4.661638978565975, 12.965851244887915 ], [ 4.660450580758493, 12.965967054966598 ], [ 4.659499862112511, 12.96625658016336 ], [ 4.658965081749159, 12.967125150753475 ], [ 4.659321601991394, 12.968109528422303 ], [ 4.659440442072139, 12.968920188973129 ], [ 4.660569419839248, 12.969441327327218 ], [ 4.662054918848582, 12.970194078838688 ], [ 4.663421576777182, 12.97048359903539 ], [ 4.664134616261663, 12.969441327327218 ], [ 4.664966494826842, 12.969557135405921 ], [ 4.665738955351685, 12.969615039445273 ], [ 4.66562011527094, 12.971525866743548 ], [ 4.666154893634314, 12.97349458208123 ], [ 4.667878071805148, 12.975057963143456 ], [ 4.669482409895238, 12.975463283418833 ], [ 4.670433128541163, 12.975521185458206 ], [ 4.670908488864143, 12.976389725048307 ], [ 4.671799788469741, 12.976621335205721 ], [ 4.672334566833115, 12.977605673874507 ], [ 4.673107026357968, 12.978590009543325 ], [ 4.673641805721331, 12.979342735054786 ], [ 4.673463545600214, 12.980095456566232 ], [ 4.673522965640586, 12.98061657192028 ], [ 4.67405774500395, 12.980674472959606 ], [ 4.674711364448058, 12.980269161684248 ], [ 4.6758403432151, 12.98050076884158 ], [ 4.676612801739964, 12.980558669880963 ], [ 4.677385261264817, 12.980674472959606 ], [ 4.678038879708936, 12.980906079117005 ], [ 4.678276559870426, 12.980211260644865 ], [ 4.678454819991543, 12.979458538133429 ], [ 4.679167859476024, 12.979458538133429 ], [ 4.680609783455736, 12.980288462697331 ], [ 4.679412475642209, 12.983961420192941 ], [ 4.678042841711601, 12.988162955047699 ], [ 4.677757625517813, 12.999094190474977 ], [ 4.686669374572944, 13.006129868255357 ], [ 4.702590615390704, 13.025757995591732 ], [ 4.715365308070488, 13.038474803232248 ], [ 4.716577857894379, 13.040881823867664 ], [ 4.721212612043473, 13.045188611793947 ], [ 4.724706504417384, 13.049495325720159 ], [ 4.731627659119965, 13.052771054945879 ], [ 4.726346494531697, 13.054496577118243 ], [ 4.717221085331403, 13.061834727104213 ], [ 4.7021560040954, 13.073203389828677 ], [ 4.72149001623194, 13.09113511201241 ], [ 4.745405237481179, 13.105088219492927 ], [ 4.760858400980908, 13.109035261174768 ], [ 4.787327194965201, 13.109608292564076 ], [ 4.798648636657617, 13.110106303902455 ], [ 4.798798747759577, 13.115037315252835 ], [ 4.822479537849574, 13.117256198760458 ], [ 4.835550569730742, 13.119064259988988 ], [ 4.853788799122754, 13.124390513607921 ], [ 4.860085082400758, 13.116434497202192 ] ] ] ] } },
{ "type": "Feature", "properties": { "fid": 137.0, "OBJECTID": 137.0, "lganame": "Sokoto South", "statecode": "SO", "LGA_UID": "33_17" }, "geometry": { "type": "MultiPolygon", "coordinates": [ [ [ [ 5.264268801024627, 13.065731915752167 ], [ 5.27062771334522, 13.065155719360632 ], [ 5.269204684378337, 13.063602764305472 ], [ 5.268444108861559, 13.062491423550398 ], [ 5.267800000423904, 13.061199999672908 ], [ 5.272700000753218, 13.059200000314036 ], [ 5.275400001587741, 13.058600000906381 ], [ 5.277700000150503, 13.057999998498701 ], [ 5.278499997694041, 13.05809999956665 ], [ 5.299299999826644, 13.055399998732128 ], [ 5.297107884337208, 13.050123406146895 ], [ 5.294584476622674, 13.046752623856605 ], [ 5.293199340681554, 13.044439015284638 ], [ 5.292038706892981, 13.042500378967418 ], [ 5.292229128022313, 13.038134931001309 ], [ 5.292119394947804, 13.030498006812365 ], [ 5.283821899309999, 13.029986340464689 ], [ 5.2778149572286, 13.027335758663753 ], [ 5.276366711244577, 13.02107048040682 ], [ 5.273174561075678, 13.019075424051266 ], [ 5.271215568744594, 13.017851068219386 ], [ 5.269387244502354, 13.016708374442942 ], [ 5.26756751426592, 13.015328731505576 ], [ 5.267248435049112, 13.015086819341207 ], [ 5.264429434133774, 13.012949555889008 ], [ 5.260799999667711, 13.009799997749042 ], [ 5.259476425768412, 13.008739904028744 ], [ 5.257800001629391, 13.007900000458108 ], [ 5.256448553711095, 13.007429932138677 ], [ 5.251100000077031, 13.005600001895345 ], [ 5.247400000563061, 13.005600001895345 ], [ 5.246906208227529, 13.007635418278312 ], [ 5.246780735142295, 13.008424022814154 ], [ 5.246599998019462, 13.009399999477239 ], [ 5.245700002408, 13.011300000768244 ], [ 5.244594056656524, 13.010038056910787 ], [ 5.244061174294472, 13.010207559025957 ], [ 5.243005561577263, 13.012608608657388 ], [ 5.244197259386965, 13.013108978997366 ], [ 5.247243246456549, 13.014249349772172 ], [ 5.24695446526033, 13.014586291001081 ], [ 5.245898986543182, 13.015463961597447 ], [ 5.244840303823878, 13.016534981325151 ], [ 5.244565783637313, 13.016896233570606 ], [ 5.243275868760918, 13.01962744842632 ], [ 5.24324793574192, 13.019685849466043 ], [ 5.2426822963576, 13.020868463269551 ], [ 5.240400000806858, 13.026299997959995 ], [ 5.239227797010415, 13.028244737281398 ], [ 5.238997053853666, 13.028627548541465 ], [ 5.238467629493925, 13.029884955395858 ], [ 5.238218954324964, 13.03155958753365 ], [ 5.238076763228378, 13.033006553516827 ], [ 5.237943706137969, 13.033399930784071 ], [ 5.237822273055428, 13.033758944028023 ], [ 5.237199998632605, 13.033699999987959 ], [ 5.236099998885209, 13.033300000716167 ], [ 5.235800001681412, 13.033699999987959 ], [ 5.23530000134167, 13.034100000259741 ], [ 5.234700001934016, 13.034499998531544 ], [ 5.234399999730158, 13.034899997803336 ], [ 5.233899999390417, 13.035300002075076 ], [ 5.233700000254544, 13.035700001346868 ], [ 5.233399998050686, 13.036099999618671 ], [ 5.232700000575107, 13.035799999414849 ], [ 5.230700001216178, 13.035599999278929 ], [ 5.230199999876447, 13.035799999414849 ], [ 5.22961493947895, 13.03587313246453 ], [ 5.228388806645853, 13.036129816638947 ], [ 5.226981261689502, 13.036481835878078 ], [ 5.22940000133292, 13.039999999268503 ], [ 5.229699998536717, 13.040399997540305 ], [ 5.225687861810684, 13.042172781744853 ], [ 5.224623592087539, 13.042629387055058 ], [ 5.222100001372894, 13.043699997782483 ], [ 5.224001942665154, 13.046520947699207 ], [ 5.224168537778382, 13.04675046885518 ], [ 5.225285038536981, 13.048288684900285 ], [ 5.226820786580447, 13.050300069266939 ], [ 5.226906879638932, 13.05039935133442 ], [ 5.225400000615082, 13.051199998878417 ], [ 5.224800002207417, 13.051800001286097 ], [ 5.224199998799747, 13.052700001897563 ], [ 5.224794818203918, 13.053141216197389 ], [ 5.225694311815062, 13.053910325719926 ], [ 5.227392548968908, 13.056062680182379 ], [ 5.227279504892124, 13.060158561965295 ], [ 5.228599998789321, 13.060600001265243 ], [ 5.228399998653458, 13.061399999808827 ], [ 5.228198049516209, 13.063096964961801 ], [ 5.228091450443799, 13.064376162830968 ], [ 5.228123756465777, 13.065273567440727 ], [ 5.228140705477244, 13.065443302556048 ], [ 5.228551387756283, 13.065468332573062 ], [ 5.228671115837642, 13.065522863610113 ], [ 5.228870236972966, 13.065443137555917 ], [ 5.229654041505512, 13.065469572573932 ], [ 5.230373590994418, 13.065498125593308 ], [ 5.231298724623002, 13.065458150566144 ], [ 5.231698474894586, 13.065401043527345 ], [ 5.232433031393725, 13.065458084566103 ], [ 5.233476113102427, 13.06544326755602 ], [ 5.234705567937795, 13.065446277558067 ], [ 5.236227566971934, 13.065475549577968 ], [ 5.236951944464067, 13.065442922555803 ], [ 5.237351692735672, 13.065134545346268 ], [ 5.23779418003636, 13.064456204885346 ], [ 5.238077120228581, 13.064343675808914 ], [ 5.238360029420789, 13.064527013933457 ], [ 5.238569865563363, 13.06350014023576 ], [ 5.238875332770931, 13.062998894895202 ], [ 5.239082667911816, 13.062662528666635 ], [ 5.239255151028999, 13.06230850642612 ], [ 5.239386497118232, 13.061977285201067 ], [ 5.239357944098856, 13.061623221960474 ], [ 5.239238019017364, 13.061531849898415 ], [ 5.239021011869909, 13.06124631470442 ], [ 5.238992458850532, 13.060943648498778 ], [ 5.2391980439902, 13.060572452246561 ], [ 5.239388886119855, 13.06002813187672 ], [ 5.239614926273475, 13.059413178458897 ], [ 5.239660611304487, 13.059013429187246 ], [ 5.239820511413143, 13.058065450543154 ], [ 5.239783445387957, 13.057525069175995 ], [ 5.239902999469166, 13.057049579852901 ], [ 5.239972998516748, 13.056787280674712 ], [ 5.240470364854673, 13.056960596792464 ], [ 5.240982322202569, 13.057266587000356 ], [ 5.241252129385884, 13.057320548037012 ], [ 5.241960966867509, 13.055820894018098 ], [ 5.241860837799436, 13.0555942498641 ], [ 5.243414902855363, 13.056281704331184 ], [ 5.244742276757279, 13.056814513693212 ], [ 5.245515420282572, 13.05707893587288 ], [ 5.246821805170214, 13.057666251271939 ], [ 5.247205108430649, 13.057752633330608 ], [ 5.247276618479248, 13.057827122381241 ], [ 5.247814677844815, 13.05808493055639 ], [ 5.249387711913585, 13.058753045010349 ], [ 5.249562960032677, 13.058859367082562 ], [ 5.250643169766647, 13.05947418250031 ], [ 5.251792038547251, 13.060446562161019 ], [ 5.252935213323951, 13.061331376762212 ], [ 5.253233040526311, 13.061819416093783 ], [ 5.253392940634967, 13.062017387228309 ], [ 5.253986854038487, 13.06251992856977 ], [ 5.254474400369759, 13.063212297040195 ], [ 5.254895787656096, 13.063745418402448 ], [ 5.255225430880046, 13.064162715685939 ], [ 5.255600002134543, 13.064499999915142 ], [ 5.256012244414649, 13.065215663401375 ], [ 5.256993454081339, 13.065723677746576 ], [ 5.258000000765264, 13.065499998594589 ], [ 5.259736245944964, 13.065342159487329 ], [ 5.260899997735692, 13.065200001390735 ], [ 5.264268801024627, 13.065731915752167 ] ] ] ] } },
{ "type": "Feature", "properties": { "fid": 139.0, "OBJECTID": 139.0, "lganame": "Kebbe", "statecode": "SO", "LGA_UID": "33_10" }, "geometry": { "type": "MultiPolygon", "coordinates": [ [ [ [ 4.861730543518775, 12.159646444109683 ], [ 4.866349958657452, 12.136425674332258 ], [ 4.868582693174517, 12.13290109193747 ], [ 4.87457963424913, 12.118243822978513 ], [ 4.864552585436229, 12.090912382408078 ], [ 4.864590656462099, 12.067650770602938 ], [ 4.863345979616383, 12.059377400981532 ], [ 4.863345954616364, 12.059377241981451 ], [ 4.860745446849478, 12.047606191983562 ], [ 4.870713299622139, 12.028601557070829 ], [ 4.870099999205422, 12.000300000841264 ], [ 4.866699638895057, 11.932737118935449 ], [ 4.944400000688802, 11.880800000646616 ], [ 4.968217071871379, 11.875682862169754 ], [ 4.95919999874468, 11.868500002289352 ], [ 4.953000001532075, 11.86329999875619 ], [ 4.944600000824664, 11.855099998184642 ], [ 4.937100000728776, 11.848700001836164 ], [ 4.934999999301908, 11.845100001390108 ], [ 4.931299998787949, 11.836100001275042 ], [ 4.928157280652613, 11.826389695677335 ], [ 4.92621481333282, 11.820218502484352 ], [ 4.925900001118919, 11.817100000365429 ], [ 4.926399998458635, 11.813800000123251 ], [ 4.925399999779188, 11.808400001454231 ], [ 4.923799998692061, 11.802299999309525 ], [ 4.922800001012604, 11.797200001844317 ], [ 4.923069093195465, 11.794832004235388 ], [ 4.919599998838351, 11.789900000884302 ], [ 4.929299999429077, 11.764561577668076 ], [ 4.941011067386171, 11.730830320749249 ], [ 4.943073066787179, 11.726842024039399 ], [ 4.93879483188033, 11.722373787003448 ], [ 4.934373988876587, 11.722094519813709 ], [ 4.933705742422546, 11.723025553446291 ], [ 4.932493574598936, 11.723374635683456 ], [ 4.931780536114445, 11.723933167062967 ], [ 4.930425762193977, 11.723653901873206 ], [ 4.928072731595194, 11.723374635683456 ], [ 4.92593361514173, 11.723235002588581 ], [ 4.919257557605704, 11.722792688288052 ], [ 4.915121930795749, 11.721815251623923 ], [ 4.913981068020576, 11.716648753113532 ], [ 4.903855912141012, 11.712040711982581 ], [ 4.899149852943424, 11.708689360705534 ], [ 4.893873363358296, 11.709247922085012 ], [ 4.893739896267618, 11.711272841460868 ], [ 4.891011798414013, 11.712436405251481 ], [ 4.889737735548351, 11.713856010216034 ], [ 4.889452520354553, 11.719301831916198 ], [ 4.891163814517313, 11.726702392944503 ], [ 4.89244728538938, 11.731868705454815 ], [ 4.891195976539166, 11.737512576289532 ], [ 4.89244728538938, 11.745272737562175 ], [ 4.892700001561082, 11.746800001599922 ], [ 4.889452520354553, 11.750159462882493 ], [ 4.883890814575636, 11.751136797546565 ], [ 4.878614324990508, 11.750159462882493 ], [ 4.877045786924782, 11.744934854332598 ], [ 4.874804004401597, 11.740056810018245 ], [ 4.872624795920899, 11.738151926723958 ], [ 4.873052619211592, 11.73452163825732 ], [ 4.869772638983022, 11.733823499783 ], [ 4.861501385363056, 11.735778282111141 ], [ 4.849829731432749, 11.735107461655389 ], [ 4.848532713551492, 11.744409001975328 ], [ 4.843969264450834, 11.752088127192962 ], [ 4.836838871606062, 11.753344690046731 ], [ 4.832668400772434, 11.752037751158696 ], [ 4.831562382020934, 11.756695499323428 ], [ 4.828282401792364, 11.75920857803095 ], [ 4.823576342594777, 11.760046265600124 ], [ 4.820778468693788, 11.762890749532801 ], [ 4.819800001028966, 11.766899999256907 ], [ 4.815210015910282, 11.766086851704415 ], [ 4.809315558905269, 11.759627422315532 ], [ 4.802612991351168, 11.757672809987469 ], [ 4.800447179879598, 11.752064853177103 ], [ 4.799428083187195, 11.749426054384173 ], [ 4.794769560021962, 11.747341056967514 ], [ 4.793723769311384, 11.743003467020344 ], [ 4.791204363599547, 11.740918419603645 ], [ 4.78492961933614, 11.738405173896012 ], [ 4.780458322298102, 11.739630806728769 ], [ 4.777228796103827, 11.73728816813707 ], [ 4.77266534500319, 11.737427794231905 ], [ 4.768339574063987, 11.739000909300785 ], [ 4.76578913533109, 11.736781751792989 ], [ 4.761541934445347, 11.734356007144811 ], [ 4.762659029204372, 11.73009733625122 ], [ 4.765748865303749, 11.725326615009749 ], [ 4.767298285356503, 11.720412989671161 ], [ 4.764821913673927, 11.718056344069964 ], [ 4.76301554844656, 11.718987247702444 ], [ 4.76110571814894, 11.721209805212595 ], [ 4.759549016091228, 11.721905212685044 ], [ 4.758700878514958, 11.722569571136489 ], [ 4.757076518411282, 11.723017771440993 ], [ 4.755703482478395, 11.722613681166422 ], [ 4.755817214555634, 11.721960575722676 ], [ 4.755251791171474, 11.721074763120839 ], [ 4.754347111556797, 11.721019399083218 ], [ 4.753498974980516, 11.720576490782264 ], [ 4.752481211289023, 11.720244309556563 ], [ 4.75168961675115, 11.720299673594184 ], [ 4.750389140867526, 11.71952458206755 ], [ 4.749314835137568, 11.719690674180413 ], [ 4.747731646061879, 11.719746037217988 ], [ 4.746940051524064, 11.720244309556563 ], [ 4.746205001024578, 11.721074763120839 ], [ 4.745074152256223, 11.721406943346494 ], [ 4.74405638756474, 11.720742581895138 ], [ 4.743525811204222, 11.719545788081973 ], [ 4.742560891548578, 11.715220579143192 ], [ 4.738486999780605, 11.710143539693547 ], [ 4.738207726590815, 11.707377495814171 ], [ 4.735634843842661, 11.705116464277921 ], [ 4.733448190356967, 11.704278608708591 ], [ 4.732212255517197, 11.702323605380286 ], [ 4.73116646480662, 11.699810006672408 ], [ 4.730035973038525, 11.699203790260526 ], [ 4.72717344509357, 11.69766877621754 ], [ 4.721083571955774, 11.694750075234424 ], [ 4.71253237414561, 11.691151884789633 ], [ 4.708027191084568, 11.692098039432494 ], [ 4.702564951373233, 11.691140652781996 ], [ 4.701046301341364, 11.690600942415301 ], [ 4.698879890869421, 11.692682421829545 ], [ 4.696883380512872, 11.691984178355142 ], [ 4.69595642988304, 11.690378212263965 ], [ 4.694655780999312, 11.688329811872165 ], [ 4.691892107121532, 11.685909385227603 ], [ 4.6897596196726, 11.686589750689848 ], [ 4.686045185148828, 11.686188689417349 ], [ 4.682097805466753, 11.683866773839725 ], [ 4.676514175672992, 11.681882358491407 ], [ 4.674280039154951, 11.68276719809262 ], [ 4.672735121105291, 11.683477102574955 ], [ 4.671879473523916, 11.685152935713631 ], [ 4.671635496358135, 11.686311881501069 ], [ 4.671757962441347, 11.68739560723742 ], [ 4.671800517470274, 11.688187386775382 ], [ 4.671545187296772, 11.689729266823008 ], [ 4.671034527949814, 11.690729401502551 ], [ 4.670268538429355, 11.691187794814027 ], [ 4.669502548908895, 11.691479500012235 ], [ 4.669076999619733, 11.691812876238714 ], [ 4.668311010099274, 11.692312939578528 ], [ 4.667332246434285, 11.692437955663422 ], [ 4.666523701884898, 11.692646314805017 ], [ 4.665927933480134, 11.693063034088141 ], [ 4.664949168815099, 11.693813125597785 ], [ 4.664353399410288, 11.694396528994218 ], [ 4.663289524687457, 11.69456321610744 ], [ 4.662353316051338, 11.694271513909257 ], [ 4.661502217473071, 11.69389646865443 ], [ 4.66107666818391, 11.693354736286381 ], [ 4.660693672923685, 11.692854674946602 ], [ 4.660608562865832, 11.692271267550211 ], [ 4.660693672923685, 11.69168786015382 ], [ 4.660863893039334, 11.690937761644136 ], [ 4.660821338010408, 11.689854283907948 ], [ 4.660778782981481, 11.68931254353987 ], [ 4.660821338010408, 11.688312403860323 ], [ 4.660327885675144, 11.687459380280757 ], [ 4.659785976306921, 11.686677331749365 ], [ 4.659629108200363, 11.685769595132626 ], [ 4.659472592094005, 11.680684024677191 ], [ 4.659198837907979, 11.678556244231459 ], [ 4.669310156778181, 11.674819254692352 ], [ 4.666810559079806, 11.667562122761467 ], [ 4.641052412578347, 11.670966223074402 ], [ 4.634991580460337, 11.672292984975911 ], [ 4.63265463187247, 11.671425256386328 ], [ 4.628859443293834, 11.668103189129113 ], [ 4.626740643854191, 11.663567862047557 ], [ 4.62531325688434, 11.661671384759018 ], [ 4.623140632408138, 11.656687954373012 ], [ 4.619269425777873, 11.65562531565098 ], [ 4.615297201078931, 11.657735452084751 ], [ 4.602072196093161, 11.656419766190766 ], [ 4.593692113399243, 11.65536111847149 ], [ 4.58599129016693, 11.654872282139365 ], [ 4.569878856219304, 11.632857723181473 ], [ 4.546163708105951, 11.634397927227951 ], [ 4.547161961784241, 11.628224096033136 ], [ 4.548345606588441, 11.623097757550056 ], [ 4.550889445316841, 11.618481918413806 ], [ 4.551020291405791, 11.616679919189437 ], [ 4.549879428630618, 11.614025858386128 ], [ 4.548738565855444, 11.610813014203131 ], [ 4.54859595775855, 11.607181057735374 ], [ 4.547954223322506, 11.604596752979489 ], [ 4.548239438516305, 11.600964716511669 ], [ 4.547455094983377, 11.597402481091308 ], [ 4.549522909388372, 11.596075362189595 ], [ 4.551448114696427, 11.593002010101372 ], [ 4.554228967585914, 11.5902778732505 ], [ 4.556154215894026, 11.586627665770322 ], [ 4.569935376257661, 11.573654652955781 ], [ 4.554129673518446, 11.564573467785522 ], [ 4.541985838267294, 11.56027927486781 ], [ 4.522761340205136, 11.530314506508205 ], [ 4.515534849295079, 11.531155110079339 ], [ 4.494707758144045, 11.532587416052536 ], [ 4.482785917043714, 11.531998347652291 ], [ 4.496795958562871, 11.552430962535254 ], [ 4.469356928919353, 11.5765157698998 ], [ 4.434182371019915, 11.603583873291257 ], [ 4.419230900861066, 11.614177971489482 ], [ 4.42728038133032, 11.670561323799291 ], [ 4.396825141637407, 11.692247603534099 ], [ 4.375101571877281, 11.714620246735251 ], [ 4.371557828469463, 11.724660566557191 ], [ 4.368773789577858, 11.746984187725047 ], [ 4.370274357597395, 11.746651792499222 ], [ 4.372769995293083, 11.746651792499222 ], [ 4.373768249971363, 11.744557465076184 ], [ 4.37490911174649, 11.743231050174984 ], [ 4.376691709957697, 11.74162538108402 ], [ 4.379044738556445, 11.740578200372511 ], [ 4.381041248912993, 11.740298952182741 ], [ 4.382577990957145, 11.741434705954418 ], [ 4.38382210180248, 11.743370673269851 ], [ 4.385390787868289, 11.745953685024858 ], [ 4.38610382735277, 11.748048001447842 ], [ 4.386317739498111, 11.749514013443957 ], [ 4.385473478924496, 11.751637853887019 ], [ 4.385405048877999, 11.752541418500925 ], [ 4.384891660529149, 11.753211585956251 ], [ 4.383040313271295, 11.753130566901234 ], [ 4.381354986126155, 11.753546669183947 ], [ 4.381069770932356, 11.754719454980773 ], [ 4.380670468661094, 11.756059776891504 ], [ 4.378616916265798, 11.757120859612428 ], [ 4.37770422564563, 11.758070247257479 ], [ 4.377590139568156, 11.759298860092315 ], [ 4.377552211542366, 11.760605069979817 ], [ 4.377647182606893, 11.761588533648023 ], [ 4.377875354761898, 11.762537905293073 ], [ 4.379358476769653, 11.761644378685958 ], [ 4.380358917449371, 11.76072710406271 ], [ 4.381640202319943, 11.760304084775271 ], [ 4.383123324327642, 11.760806696116788 ], [ 4.384834618490402, 11.760248238737347 ], [ 4.386545911653172, 11.759578090281991 ], [ 4.38780086050582, 11.759633936319972 ], [ 4.389169896436044, 11.75974562739583 ], [ 4.390253715172435, 11.758796245750773 ], [ 4.390938232637552, 11.756841628422706 ], [ 4.391785227213006, 11.755847818747498 ], [ 4.392991786032837, 11.757065013574504 ], [ 4.39390447565296, 11.75745593784012 ], [ 4.394931252350602, 11.756729935346812 ], [ 4.413611535043003, 11.730236980346092 ], [ 4.417208449486907, 11.708540895604642 ], [ 4.436434493550109, 11.710825178156711 ], [ 4.449094786152159, 11.720394757658767 ], [ 4.486879067824816, 11.740520852333532 ], [ 4.498681193843822, 11.75003869580047 ], [ 4.509700000330554, 11.755800000714999 ], [ 4.535399998792514, 11.784999999554998 ], [ 4.548973482015072, 11.795503532691669 ], [ 4.544024202652281, 11.803498522123903 ], [ 4.5497349085324, 11.810922440168099 ], [ 4.55124989356176, 11.892092759319496 ], [ 4.550752390223749, 11.891908491194329 ], [ 4.567135051354967, 11.919602420011017 ], [ 4.574037253044708, 11.960057374498263 ], [ 4.582023292470865, 11.996514090268874 ], [ 4.588181817655254, 12.03882752501886 ], [ 4.602917115667196, 12.042895730783016 ], [ 4.612127205925049, 12.046033770915187 ], [ 4.628051747745019, 12.054343589561313 ], [ 4.633934320741957, 12.063699091917954 ], [ 4.638569074891052, 12.073519111590201 ], [ 4.642935727858003, 12.081675092131775 ], [ 4.640064027906817, 12.096628638292032 ], [ 4.628061018751339, 12.113815716969839 ], [ 4.652256176190804, 12.148548851569387 ], [ 4.665114305927261, 12.1704658034609 ], [ 4.678312217894643, 12.167242362270713 ], [ 4.697586634990728, 12.157561361692956 ], [ 4.699480541277524, 12.168326151007136 ], [ 4.703177836789678, 12.2253663167632 ], [ 4.757488177691016, 12.236647087427968 ], [ 4.875030324555382, 12.229728729727299 ], [ 4.872676064955726, 12.208187449090985 ], [ 4.861730543518775, 12.159646444109683 ] ] ] ] } },
{ "type": "Feature", "properties": { "fid": 142.0, "OBJECTID": 142.0, "lganame": "Tangaza", "statecode": "SO", "LGA_UID": "33_19" }, "geometry": { "type": "MultiPolygon", "coordinates": [ [ [ [ 4.908882410556259, 13.745928096913474 ], [ 4.950179263615553, 13.734384196069982 ], [ 5.005710552346443, 13.736081185222986 ], [ 5.077932118417607, 13.751699833835119 ], [ 5.158419948105291, 13.743247279091975 ], [ 5.157771456664648, 13.72783557162046 ], [ 5.149488794036984, 13.705890745710008 ], [ 5.152791413280966, 13.630971978806201 ], [ 5.167517987286999, 13.586008901255923 ], [ 5.170398734244316, 13.563608136035668 ], [ 5.171680450115161, 13.555403709461132 ], [ 5.17330655822002, 13.549934563745126 ], [ 5.183990284479137, 13.520001596407042 ], [ 5.183894157413818, 13.513965607305863 ], [ 5.18178830798297, 13.49426760792204 ], [ 5.181179031569002, 13.489545889713838 ], [ 5.180983894436451, 13.484799655488985 ], [ 5.179699447563735, 13.473510838818754 ], [ 5.177350997968063, 13.466856956297761 ], [ 5.176571435438348, 13.45906206500149 ], [ 5.176407443326923, 13.457422267887353 ], [ 5.175785486904374, 13.453637120315534 ], [ 5.172770976856157, 13.438941002330182 ], [ 5.17038215223306, 13.432570904002034 ], [ 5.168027818633391, 13.427637505650011 ], [ 5.15392594505181, 13.429544939946027 ], [ 5.119024928338206, 13.425338731088061 ], [ 5.119084414378619, 13.40802815332637 ], [ 5.142943102589527, 13.40193197818428 ], [ 5.146814596219997, 13.400863154458079 ], [ 5.154461086415438, 13.398752132023731 ], [ 5.153662801873054, 13.389517930749548 ], [ 5.151246889231516, 13.378904594538255 ], [ 5.129976010778989, 13.380132755372756 ], [ 5.12115256378388, 13.381172400079151 ], [ 5.122363911606897, 13.364776584938966 ], [ 5.12283208692503, 13.358688221802197 ], [ 5.123706902519416, 13.354487009947661 ], [ 5.123622807462255, 13.351799413121569 ], [ 5.125915221019852, 13.335230909864038 ], [ 5.070790194565006, 13.33263202809826 ], [ 5.069373917602718, 13.319499545175347 ], [ 5.071865743295803, 13.310274088907079 ], [ 5.077630594212735, 13.303379028222196 ], [ 5.097615630791609, 13.289115394530711 ], [ 5.1070999992358, 13.27510000000791 ], [ 5.107999998847276, 13.273800001124641 ], [ 5.110499999545937, 13.266899999436419 ], [ 5.112300000768926, 13.264099999533926 ], [ 5.127599999164602, 13.252300001516403 ], [ 5.134712558997251, 13.249599479681535 ], [ 5.133752027344599, 13.247558308294629 ], [ 5.126946925720858, 13.233541488770868 ], [ 5.125933170032056, 13.228474617328175 ], [ 5.123513593388054, 13.223585762006451 ], [ 5.116720675772569, 13.210813522328294 ], [ 5.114103316994203, 13.201653481104472 ], [ 5.106688022955893, 13.190312386398716 ], [ 5.104042604158451, 13.188511614175184 ], [ 5.103851700028713, 13.18831648904262 ], [ 5.095790192551306, 13.182643586188135 ], [ 5.088337959487887, 13.179139147807064 ], [ 5.080573209212105, 13.175280207185097 ], [ 5.070968034685848, 13.172954402604773 ], [ 5.044639311796686, 13.178166808146386 ], [ 5.037107897679448, 13.180108841465881 ], [ 5.024442034073616, 13.183853770010387 ], [ 5.015797854200287, 13.186809744018831 ], [ 5.003673317962239, 13.195340330814986 ], [ 4.976339052389903, 13.218226422364978 ], [ 4.9672371682056, 13.223123387692283 ], [ 4.964392570272821, 13.236290583638777 ], [ 4.959556137986681, 13.242723462009565 ], [ 4.951795802713889, 13.248318855811419 ], [ 4.941495640715402, 13.25813530948119 ], [ 4.945229894252691, 13.265200328281594 ], [ 4.94759999986303, 13.269699998338865 ], [ 4.949099998882218, 13.272599999309307 ], [ 4.949999999493741, 13.273699999056703 ], [ 4.952100000920609, 13.275699999415622 ], [ 4.956099997638375, 13.279199998793672 ], [ 4.960299999492122, 13.282800000239718 ], [ 4.964799999549655, 13.286499998753698 ], [ 4.96224355481263, 13.290530873492457 ], [ 4.953205792671895, 13.296525697565698 ], [ 4.935072127350963, 13.292997683168551 ], [ 4.90977510016279, 13.306848080579243 ], [ 4.876024031230543, 13.309932204674794 ], [ 4.860202123480292, 13.308895444970346 ], [ 4.854426044555737, 13.333542054716531 ], [ 4.797498692876275, 13.338040411772965 ], [ 4.728071284703617, 13.350890770504179 ], [ 4.761091264139111, 13.446748378634936 ], [ 4.760408963675502, 13.484828158508378 ], [ 4.763767667957609, 13.516280776878943 ], [ 4.746447317189222, 13.51763436879861 ], [ 4.727428332266754, 13.518529284406668 ], [ 4.723160314366851, 13.542936848990507 ], [ 4.758551592413539, 13.595122852448412 ], [ 4.704315069562369, 13.650782439266493 ], [ 4.749846653498935, 13.687528203233512 ], [ 4.807890040936684, 13.711815667735721 ], [ 4.80135606949716, 13.768725558403275 ], [ 4.804246070460806, 13.769129528677752 ], [ 4.83950507941762, 13.775277825855255 ], [ 4.873527551534266, 13.781422026029929 ], [ 4.908882410556259, 13.745928096913474 ] ] ] ] } },
{ "type": "Feature", "properties": { "fid": 155.0, "OBJECTID": 155.0, "lganame": "Tambuwal", "statecode": "SO", "LGA_UID": "33_18" }, "geometry": { "type": "MultiPolygon", "coordinates": [ [ [ [ 4.787178499864183, 12.747675329647677 ], [ 4.804194914426034, 12.745112133906105 ], [ 4.810922958997423, 12.745428443121 ], [ 4.832574843708869, 12.734858827939433 ], [ 4.837780768246034, 12.727113741677044 ], [ 4.843197211926281, 12.719912292783988 ], [ 4.860868811933301, 12.726694794392358 ], [ 4.880250275102071, 12.720420614129353 ], [ 4.878837132141882, 12.708872543283007 ], [ 4.880797400473796, 12.70445682228268 ], [ 4.879281728443971, 12.698047382927768 ], [ 4.878322154791988, 12.693989478170636 ], [ 4.87905097028721, 12.689006156784728 ], [ 4.870124597222173, 12.664440120093218 ], [ 4.870399482408914, 12.66175106026617 ], [ 4.870320822355495, 12.660290107273511 ], [ 4.862599999109534, 12.648699999398559 ], [ 4.864000000060798, 12.64380000206927 ], [ 4.86549999907993, 12.641899998778285 ], [ 4.866700000895321, 12.635699998565656 ], [ 4.867600000506798, 12.629000001013367 ], [ 4.829444285581815, 12.617113972937318 ], [ 4.828404326875159, 12.59943359792436 ], [ 4.827971749581252, 12.58229332227836 ], [ 4.829777737808342, 12.564013988858392 ], [ 4.87298780716759, 12.552902951308965 ], [ 4.886669477463613, 12.501039764070356 ], [ 4.881986560281803, 12.494875889882337 ], [ 4.891740460909091, 12.474875000292627 ], [ 4.899197482975808, 12.442222788107017 ], [ 4.905495069254698, 12.428299585646869 ], [ 4.947646016894282, 12.399514750088883 ], [ 4.954815976765985, 12.458167251940495 ], [ 4.947282850647582, 12.488886261812638 ], [ 4.945424843385126, 12.504526227439271 ], [ 4.953969950191151, 12.51342507448561 ], [ 4.956762686088666, 12.51574540106219 ], [ 4.955098927958204, 12.521952172279384 ], [ 4.958664124380618, 12.525606555762351 ], [ 4.965853936265717, 12.52937689932412 ], [ 4.999448147091414, 12.532427127396602 ], [ 5.016044754368011, 12.528672095845252 ], [ 5.060778060762232, 12.491576766640719 ], [ 5.071409759985954, 12.476473181378537 ], [ 5.071904679322245, 12.418218751797383 ], [ 5.122010144366527, 12.414436634227627 ], [ 5.130536167159562, 12.404998968815164 ], [ 5.136240480035383, 12.396084995758542 ], [ 5.138526350588506, 12.376713521596514 ], [ 5.118524308998076, 12.346565767112565 ], [ 5.119807778870154, 12.34085401123167 ], [ 5.129005985119875, 12.326992033813099 ], [ 5.125077231450462, 12.29703911546153 ], [ 5.124000132718663, 12.294944757038479 ], [ 5.124000132718663, 12.291137620451707 ], [ 5.124100656786936, 12.285797289823222 ], [ 5.124100657786926, 12.285797220823156 ], [ 5.124100525786844, 12.285797162823144 ], [ 5.116700000758556, 12.283399999194387 ], [ 5.102097786837021, 12.284901751214761 ], [ 5.084944099181882, 12.293941747356996 ], [ 5.064399999223156, 12.297400000706716 ], [ 5.038448001589984, 12.298296010315539 ], [ 4.9975999998357, 12.30070000094895 ], [ 4.966848471941489, 12.307863787816359 ], [ 4.952949495497762, 12.31441407926701 ], [ 4.950399998765533, 12.231299999794885 ], [ 4.933583687339592, 12.230651820354467 ], [ 4.875030324555382, 12.229728729727299 ], [ 4.757488177691016, 12.236647087427968 ], [ 4.703177836789678, 12.2253663167632 ], [ 4.699480541277524, 12.168326151007136 ], [ 4.697586634990728, 12.157561361692956 ], [ 4.678312217894643, 12.167242362270713 ], [ 4.665114305927261, 12.1704658034609 ], [ 4.652256176190804, 12.148548851569387 ], [ 4.628061018751339, 12.113815716969839 ], [ 4.640064027906817, 12.096628638292032 ], [ 4.642935727858003, 12.081675092131775 ], [ 4.638569074891052, 12.073519111590201 ], [ 4.633934320741957, 12.063699091917954 ], [ 4.628051747745019, 12.054343589561313 ], [ 4.612127205925049, 12.046033770915187 ], [ 4.602917115667196, 12.042895730783016 ], [ 4.588181817655254, 12.03882752501886 ], [ 4.5789036403512, 12.065787012336614 ], [ 4.576707526859025, 12.069948312164001 ], [ 4.575804344245341, 12.072458493869533 ], [ 4.574841791591382, 12.074708071398049 ], [ 4.552319659288628, 12.09772612903771 ], [ 4.550907167328887, 12.13180550219306 ], [ 4.552585097468977, 12.154313090485914 ], [ 4.555940631748911, 12.212892328287751 ], [ 4.562149196967312, 12.229987028902769 ], [ 4.530250483293685, 12.239621643449027 ], [ 4.524980028712662, 12.245825913664532 ], [ 4.525065593770762, 12.24627187496759 ], [ 4.525094115790125, 12.246703899261092 ], [ 4.52535080996455, 12.246982624450482 ], [ 4.52544684402983, 12.247240227625525 ], [ 4.524908155663809, 12.248094575205982 ], [ 4.524481646373999, 12.24820280827953 ], [ 4.5241084361204, 12.248783034673806 ], [ 4.52426799022885, 12.249109859895839 ], [ 4.524345933281779, 12.249595351225707 ], [ 4.523938795005165, 12.250109263574871 ], [ 4.523294159567172, 12.25040766477764 ], [ 4.522768273209863, 12.250258464676278 ], [ 4.522055781725726, 12.250391086766399 ], [ 4.521445075310794, 12.250590020901541 ], [ 4.521190614137879, 12.25083868807053 ], [ 4.521122757091803, 12.251402332453495 ], [ 4.52045787064003, 12.252361765105377 ], [ 4.52012185641172, 12.252854362440075 ], [ 4.520335766557082, 12.253272438724139 ], [ 4.519931712282528, 12.253435024834573 ], [ 4.519789104185634, 12.253829875102895 ], [ 4.519765336169485, 12.254271178402746 ], [ 4.519527656007995, 12.254549894592117 ], [ 4.5191473687496, 12.25450344156053 ], [ 4.518695777442758, 12.254898289828816 ], [ 4.518065444014496, 12.256528342936349 ], [ 4.51802134698454, 12.256642378013851 ], [ 4.517957679941276, 12.257488316588592 ], [ 4.519412293929634, 12.257756179770638 ], [ 4.51951977000266, 12.257508122602076 ], [ 4.519647582089476, 12.257217135404346 ], [ 4.519711714133052, 12.257085372314805 ], [ 4.519749785158922, 12.256959261229156 ], [ 4.519794757189459, 12.256758910093026 ], [ 4.519842346221822, 12.256585684975335 ], [ 4.51993371828388, 12.256293486776769 ], [ 4.51995560929879, 12.256127876664266 ], [ 4.520157387435859, 12.255990819571139 ], [ 4.520461157642274, 12.255811975449603 ], [ 4.520885259930424, 12.255530158258125 ], [ 4.523663283817939, 12.255804117444256 ], [ 4.543672206413078, 12.2517596856963 ], [ 4.548676401813225, 12.250851500079193 ], [ 4.549203694171467, 12.250755804014204 ], [ 4.550389011976847, 12.269211167553749 ], [ 4.551258245567453, 12.278013689534646 ], [ 4.551975682054888, 12.283676093381985 ], [ 4.552036525096241, 12.284156296708261 ], [ 4.556326565011148, 12.288984579988835 ], [ 4.557093738532387, 12.289848005575493 ], [ 4.551890301996877, 12.297081652490419 ], [ 4.549080073087509, 12.300783847005903 ], [ 4.548545785724457, 12.301487716484132 ], [ 4.556584477186391, 12.304222520342307 ], [ 4.559918920451992, 12.304762211708976 ], [ 4.576490153711347, 12.333016243906286 ], [ 4.591845845144803, 12.346222536879338 ], [ 4.592519298602383, 12.346801725272883 ], [ 4.590190038019784, 12.363843364851846 ], [ 4.586416948456133, 12.380681395292527 ], [ 4.585770709017027, 12.3889178658888 ], [ 4.587590810253744, 12.395108539095077 ], [ 4.587833947418915, 12.395935515656959 ], [ 4.591256534744389, 12.398442604360412 ], [ 4.595819984845036, 12.401994268773592 ], [ 4.597093151710112, 12.40313237754691 ], [ 4.599341235237603, 12.400652325861813 ], [ 4.604002474404695, 12.406455436804777 ], [ 4.606409928040421, 12.40875663536832 ], [ 4.607485597771301, 12.409982265201108 ], [ 4.607969788100263, 12.410885964815122 ], [ 4.612005974842646, 12.413763167770014 ], [ 4.629810477939998, 12.432939463799414 ], [ 4.643426986191798, 12.425567073790205 ], [ 4.653978692361136, 12.418775385175593 ], [ 4.656439432033096, 12.416947554933699 ], [ 4.658251739264472, 12.416048088322555 ], [ 4.659915498394923, 12.414974525593095 ], [ 4.660772640977314, 12.41429088012859 ], [ 4.662292295009877, 12.413436714548197 ], [ 4.664342283402732, 12.412276095759637 ], [ 4.665708941331332, 12.411289566089351 ], [ 4.66849999922772, 12.408700000329873 ], [ 4.670635680678799, 12.407313514387795 ], [ 4.672103669676233, 12.406626084920731 ], [ 4.681244368886894, 12.396558973080573 ], [ 4.68479047129631, 12.3977819959116 ], [ 4.691144437613559, 12.399958088390122 ], [ 4.699765452471127, 12.388535745629156 ], [ 4.699766288471665, 12.388532766627179 ], [ 4.701365325558129, 12.386413733187396 ], [ 4.70300000166884, 12.383900002479436 ], [ 4.703299998872694, 12.382199999324314 ], [ 4.703257144843576, 12.381842884081721 ], [ 4.70300000166884, 12.379700000625689 ], [ 4.706599999114871, 12.370799999578594 ], [ 4.707381157645614, 12.369027384374192 ], [ 4.709199998881445, 12.364899999569786 ], [ 4.711144750202834, 12.36400242295997 ], [ 4.711800001648044, 12.363699998754441 ], [ 4.711988857776362, 12.363690282747882 ], [ 4.722079132632189, 12.363171161395144 ], [ 4.732750031882574, 12.363420228564394 ], [ 4.73599063508442, 12.363827662841175 ], [ 4.739759356645095, 12.365608692051353 ], [ 4.753263038820194, 12.36380848882817 ], [ 4.753877139237488, 12.363726621772571 ], [ 4.753824766201888, 12.369524591711979 ], [ 4.752910945580993, 12.375327789654989 ], [ 4.75291088258092, 12.375327920655081 ], [ 4.75291064858078, 12.375331355657408 ], [ 4.752910645580755, 12.375331397657476 ], [ 4.750873353196539, 12.389416150227362 ], [ 4.751786055816694, 12.392712272466952 ], [ 4.749819278480345, 12.42098394267623 ], [ 4.753997118318978, 12.436643123315889 ], [ 4.757416263642142, 12.44945789702291 ], [ 4.757453541667473, 12.449597614117863 ], [ 4.758514093388044, 12.45137928832844 ], [ 4.769369473763788, 12.469615103718809 ], [ 4.781608606079715, 12.47527720756591 ], [ 4.803030756635053, 12.485187589299585 ], [ 4.803132701704328, 12.485234751331632 ], [ 4.811936706686197, 12.503556599780438 ], [ 4.795889500782891, 12.512399192788564 ], [ 4.794911446118363, 12.563793252708422 ], [ 4.79468974696772, 12.575441618622961 ], [ 4.793289138016064, 12.577756439195753 ], [ 4.757456672669605, 12.636970518428939 ], [ 4.731931972326777, 12.672115021307945 ], [ 4.730847065589614, 12.691101554208444 ], [ 4.730444673316185, 12.699805787122557 ], [ 4.730348162250607, 12.701841415505669 ], [ 4.730416741297233, 12.702097344679544 ], [ 4.731612149109424, 12.706558500710685 ], [ 4.734701986208847, 12.71386194867307 ], [ 4.739987190799923, 12.727030807620679 ], [ 4.743552386222291, 12.737347482630355 ], [ 4.750326258824828, 12.75090921484491 ], [ 4.787178499864183, 12.747675329647677 ] ] ] ] } },
{ "type": "Feature", "properties": { "fid": 175.0, "OBJECTID": 175.0, "lganame": "Wamakko", "statecode": "SO", "LGA_UID": "33_21" }, "geometry": { "type": "MultiPolygon", "coordinates": [ [ [ [ 5.149686957171639, 13.242854833098875 ], [ 5.157443675441982, 13.240945676801687 ], [ 5.161285727052473, 13.242669744973114 ], [ 5.178778954938252, 13.237764874640447 ], [ 5.181600000855042, 13.23499999876185 ], [ 5.184399999757488, 13.226700000122378 ], [ 5.186099998912596, 13.222300000132805 ], [ 5.187199998659992, 13.220600001977743 ], [ 5.194600000687956, 13.213799998357445 ], [ 5.198700000473707, 13.210400000047343 ], [ 5.192795936462176, 13.203133526110093 ], [ 5.209079889526322, 13.192936452181641 ], [ 5.212336897739306, 13.190752203697571 ], [ 5.218945965229864, 13.184291643307915 ], [ 5.226195197155391, 13.179084753770098 ], [ 5.233216913926299, 13.176403252948148 ], [ 5.24311120464904, 13.179684182177368 ], [ 5.257599998493447, 13.183600000837998 ], [ 5.27792141430092, 13.181328422294541 ], [ 5.273940688596213, 13.17221661510348 ], [ 5.271172117715082, 13.170384116858429 ], [ 5.269583996636015, 13.169101347986839 ], [ 5.264546796213494, 13.163817260396513 ], [ 5.263388107426238, 13.162081497217173 ], [ 5.262348258719669, 13.161387188745437 ], [ 5.261011309811295, 13.158494215779797 ], [ 5.258010602772458, 13.156006231089293 ], [ 5.255960616379582, 13.151984901357025 ], [ 5.254088888107844, 13.148802507194716 ], [ 5.253732367865609, 13.147008774975973 ], [ 5.253464978683894, 13.146198698425565 ], [ 5.252543970058127, 13.144462811246115 ], [ 5.251712091492891, 13.140990999887151 ], [ 5.251920059634244, 13.139312939747015 ], [ 5.251741800513116, 13.135117739896543 ], [ 5.251266441190126, 13.132166590891416 ], [ 5.250701951806548, 13.13054633679053 ], [ 5.250220372479362, 13.128477812385029 ], [ 5.250933410963853, 13.126857535284159 ], [ 5.251533831371773, 13.125888047625438 ], [ 5.251414991291028, 13.125020034035629 ], [ 5.25027890551911, 13.122704614462407 ], [ 5.249535053013744, 13.1206440630624 ], [ 5.248259006146725, 13.118730761762379 ], [ 5.243737513074564, 13.114842023120161 ], [ 5.241373023467986, 13.113070062916222 ], [ 5.2359420407779, 13.111588573909614 ], [ 5.230980476406785, 13.108058425511047 ], [ 5.229389438325711, 13.106784590645532 ], [ 5.233431526072138, 13.096134363409192 ], [ 5.234619923879563, 13.094658559406469 ], [ 5.238563574559123, 13.085447330147872 ], [ 5.24358898197363, 13.079790033303993 ], [ 5.242888515497725, 13.079158137874629 ], [ 5.241343597448008, 13.07840571736341 ], [ 5.239501579196428, 13.078174202206128 ], [ 5.238613617593103, 13.077536884773053 ], [ 5.238139189270782, 13.077351267646975 ], [ 5.237796834038136, 13.077156966514963 ], [ 5.237293802696342, 13.077089714469253 ], [ 5.236704116295698, 13.077273608594169 ], [ 5.236228559972574, 13.077406763684678 ], [ 5.235717576625404, 13.077445565711002 ], [ 5.235094274201913, 13.077329902632414 ], [ 5.234916682081234, 13.077367905658264 ], [ 5.234393974726061, 13.077454800717305 ], [ 5.233500166118745, 13.077306019616231 ], [ 5.233022968794558, 13.077877533004539 ], [ 5.232884226700264, 13.078647113527438 ], [ 5.232569254486236, 13.079693351238291 ], [ 5.232135267191381, 13.07979903331011 ], [ 5.23188868302384, 13.079683743231783 ], [ 5.231649657861453, 13.079567858153041 ], [ 5.230991117413964, 13.079520417120818 ], [ 5.230349766978236, 13.079664454218687 ], [ 5.229817377616484, 13.079971967427582 ], [ 5.229340771292641, 13.080605095857777 ], [ 5.22920584920098, 13.081768554648306 ], [ 5.227657302148828, 13.082469893124824 ], [ 5.227312084914274, 13.082834972372893 ], [ 5.226429194314392, 13.085177426964492 ], [ 5.224290076860939, 13.085235304003788 ], [ 5.223755297497576, 13.085466812161087 ], [ 5.223636457416831, 13.087318869419448 ], [ 5.221556760003807, 13.087897633812702 ], [ 5.219120542348492, 13.086971609183536 ], [ 5.21816982370251, 13.086045580554355 ], [ 5.217635044339147, 13.085177426964492 ], [ 5.216759887744558, 13.084624105588489 ], [ 5.216346326463565, 13.084512981513001 ], [ 5.216030706249114, 13.084714409649848 ], [ 5.215258246724261, 13.085698320318386 ], [ 5.214664048320515, 13.085582566239736 ], [ 5.214421120155464, 13.084999149843327 ], [ 5.21415239697285, 13.084842148736641 ], [ 5.212108989584465, 13.084251392335261 ], [ 5.211639046265191, 13.084110548239551 ], [ 5.210813141704023, 13.084165719277053 ], [ 5.210564071534748, 13.083788373020695 ], [ 5.211039431857728, 13.082515067155498 ], [ 5.21115827193853, 13.081646899565612 ], [ 5.21062349157512, 13.080720851936405 ], [ 5.2110988518981, 13.080489339779149 ], [ 5.21159748523695, 13.079998517445631 ], [ 5.211514791180718, 13.07962116618927 ], [ 5.210504652494421, 13.079447530071263 ], [ 5.208722054283214, 13.078868745677994 ], [ 5.207355396354615, 13.079389652031921 ], [ 5.206048157466398, 13.078810866638662 ], [ 5.204146720174492, 13.078289959284746 ], [ 5.202542381084413, 13.078463595402752 ], [ 5.201413403317304, 13.077884808009458 ], [ 5.200581523752078, 13.07747965673417 ], [ 5.20040326363096, 13.078984502756668 ], [ 5.1988583455813, 13.079158137874629 ], [ 5.1988583455813, 13.077884808009458 ], [ 5.198085887056436, 13.077595413812844 ], [ 5.196956908289337, 13.076379954986976 ], [ 5.194580110674394, 13.075106611121839 ], [ 5.192678673382488, 13.074759333885879 ], [ 5.191846793817263, 13.075916921672388 ], [ 5.191229461397825, 13.075838697619247 ], [ 5.192213583066462, 13.072049736044789 ], [ 5.194579711674123, 13.07023723181328 ], [ 5.195946976603125, 13.068511366640678 ], [ 5.197490491651877, 13.066666946387443 ], [ 5.204849738652172, 13.06066189930732 ], [ 5.208085351850571, 13.05932342439786 ], [ 5.211037559856493, 13.055853511040254 ], [ 5.21129981903465, 13.054805723328343 ], [ 5.211910828449845, 13.05414133687691 ], [ 5.212195380643152, 13.052616485840815 ], [ 5.212885425112006, 13.052830636986357 ], [ 5.21374203069405, 13.052759252937847 ], [ 5.214312139081414, 13.052470478741611 ], [ 5.214774717395699, 13.051954996391373 ], [ 5.215412411828993, 13.051545728113297 ], [ 5.216044285258306, 13.051307415951385 ], [ 5.217664849359437, 13.050489699395769 ], [ 5.217999997587128, 13.049100000451574 ], [ 5.218099999655067, 13.047600001432386 ], [ 5.218099999655067, 13.046500000684944 ], [ 5.217999997587128, 13.045499999005528 ], [ 5.222100001372894, 13.043699997782483 ], [ 5.224623592087539, 13.042629387055058 ], [ 5.225687861810684, 13.042172781744853 ], [ 5.229699998536717, 13.040399997540305 ], [ 5.22940000133292, 13.039999999268503 ], [ 5.226981261689502, 13.036481835878078 ], [ 5.228388806645853, 13.036129816638947 ], [ 5.22961493947895, 13.03587313246453 ], [ 5.230199999876447, 13.035799999414849 ], [ 5.230700001216178, 13.035599999278929 ], [ 5.232700000575107, 13.035799999414849 ], [ 5.233399998050686, 13.036099999618671 ], [ 5.233700000254544, 13.035700001346868 ], [ 5.233899999390417, 13.035300002075076 ], [ 5.234399999730158, 13.034899997803336 ], [ 5.234700001934016, 13.034499998531544 ], [ 5.23530000134167, 13.034100000259741 ], [ 5.235800001681412, 13.033699999987959 ], [ 5.236099998885209, 13.033300000716167 ], [ 5.237199998632605, 13.033699999987959 ], [ 5.237822273055428, 13.033758944028023 ], [ 5.237943706137969, 13.033399930784071 ], [ 5.238076763228378, 13.033006553516827 ], [ 5.238218954324964, 13.03155958753365 ], [ 5.238467629493925, 13.029884955395858 ], [ 5.238997053853666, 13.028627548541465 ], [ 5.239227797010415, 13.028244737281398 ], [ 5.240400000806858, 13.026299997959995 ], [ 5.2426822963576, 13.020868463269551 ], [ 5.24324793574192, 13.019685849466043 ], [ 5.243275868760918, 13.01962744842632 ], [ 5.244565783637313, 13.016896233570606 ], [ 5.244840303823878, 13.016534981325151 ], [ 5.245898986543182, 13.015463961597447 ], [ 5.24695446526033, 13.014586291001081 ], [ 5.247243246456549, 13.014249349772172 ], [ 5.244197259386965, 13.013108978997366 ], [ 5.243005561577263, 13.012608608657388 ], [ 5.244061174294472, 13.010207559025957 ], [ 5.244594056656524, 13.010038056910787 ], [ 5.245700002408, 13.011300000768244 ], [ 5.246599998019462, 13.009399999477239 ], [ 5.246780735142295, 13.008424022814154 ], [ 5.246906208227529, 13.007635418278312 ], [ 5.247400000563061, 13.005600001895345 ], [ 5.243249776743198, 13.004888535411965 ], [ 5.241739942717288, 12.997783401584343 ], [ 5.225000799343832, 12.990917506919288 ], [ 5.222064465348751, 12.980690536970542 ], [ 5.217599999315325, 12.970899999318306 ], [ 5.213500000529621, 12.963599999358337 ], [ 5.205623374177776, 12.95689851080499 ], [ 5.200032307378933, 12.957627913300541 ], [ 5.199600000085184, 12.953899997767621 ], [ 5.198200898134587, 12.948903284372591 ], [ 5.198108890072035, 12.948928457389684 ], [ 5.198100001065995, 12.948899999370383 ], [ 5.192256264095477, 12.948868679349061 ], [ 5.187821469082223, 12.949580874832975 ], [ 5.185635323596841, 12.951326537019099 ], [ 5.182972047787302, 12.953897618766007 ], [ 5.180727710262374, 12.955451238821638 ], [ 5.179240924252156, 12.959724357725008 ], [ 5.180001499768935, 12.962874445865339 ], [ 5.176531376411162, 12.966858322572193 ], [ 5.169493309629104, 12.9726228024889 ], [ 5.167618386355173, 12.97502738712268 ], [ 5.169020696307996, 12.97850848148795 ], [ 5.169156621400361, 12.981934702815863 ], [ 5.164029421916666, 12.986410821857191 ], [ 5.157077290193001, 12.988668918391454 ], [ 5.154165713214752, 12.9927797591846 ], [ 5.152193556874749, 12.99471942050252 ], [ 5.147000000345997, 12.995299998896996 ], [ 5.141355361510705, 12.996039497399408 ], [ 5.138520650584667, 12.997575980443401 ], [ 5.131810457025381, 13.000929494721959 ], [ 5.109715491012878, 12.992429068946308 ], [ 5.108445441149968, 12.99152419833149 ], [ 5.109807224075212, 12.987287090452583 ], [ 5.117538956328588, 12.986523078933487 ], [ 5.116866214871493, 12.981211935324779 ], [ 5.120286631195484, 12.975813256656636 ], [ 5.118733597140306, 12.972087994125502 ], [ 5.118136276734447, 12.967198500803306 ], [ 5.106977061152293, 12.966510975336178 ], [ 5.106199997624287, 12.931100000276103 ], [ 5.102800000314176, 12.931400001479915 ], [ 5.09919999886813, 12.931299999411976 ], [ 5.090500000956865, 12.932200000023499 ], [ 5.079604856554113, 12.933724450059287 ], [ 5.072000001386982, 12.93409999831448 ], [ 5.061900000524531, 12.933499998906768 ], [ 5.057934580830192, 12.93365531201232 ], [ 5.053642274913784, 12.933823429126562 ], [ 5.047271734585308, 12.933756793081272 ], [ 5.044399998634105, 12.933099999634976 ], [ 5.038206100425612, 12.933832169132472 ], [ 5.027899999423141, 12.93450000058624 ], [ 5.018399998968334, 12.933200001702971 ], [ 5.014500000318435, 12.933099999634976 ], [ 5.002599999232984, 12.932999997567038 ], [ 4.98719999876937, 12.930700000004322 ], [ 4.983600002323328, 12.929299999053057 ], [ 4.981400001828547, 12.929000000849271 ], [ 4.971110213837107, 12.929952663496522 ], [ 4.966699998840568, 12.930799998072246 ], [ 4.964109868080698, 12.930994110204153 ], [ 4.964899997617579, 12.932900000499103 ], [ 4.964631240434983, 12.955984992184256 ], [ 4.965761199202746, 12.955918823139314 ], [ 4.980077287929817, 12.957483933202752 ], [ 4.981737458057864, 12.997830755616519 ], [ 4.982954942885044, 13.020699353154669 ], [ 5.002614456242782, 13.015972706943103 ], [ 5.01300783630461, 13.013644801361409 ], [ 5.017462977331661, 13.028001177115868 ], [ 5.016977395001732, 13.060067020903148 ], [ 5.015268536840608, 13.064595583980065 ], [ 5.014783848511286, 13.072607766423971 ], [ 5.016371457590026, 13.079077409819774 ], [ 4.996979004413731, 13.083540005851887 ], [ 4.985312009486563, 13.084732232661963 ], [ 4.96609609443027, 13.116460992220198 ], [ 4.973658707568688, 13.123551009037499 ], [ 4.988048190345694, 13.129439226038301 ], [ 5.003015820515486, 13.13109576616381 ], [ 5.012911506239163, 13.133452054764803 ], [ 5.01789133862269, 13.14589661122028 ], [ 5.070968034685848, 13.172954402604773 ], [ 5.080573209212105, 13.175280207185097 ], [ 5.088337959487887, 13.179139147807064 ], [ 5.095790192551306, 13.182643586188135 ], [ 5.103851700028713, 13.18831648904262 ], [ 5.104042604158451, 13.188511614175184 ], [ 5.106688022955893, 13.190312386398716 ], [ 5.114103316994203, 13.201653481104472 ], [ 5.116720675772569, 13.210813522328294 ], [ 5.123513593388054, 13.223585762006451 ], [ 5.125933170032056, 13.228474617328175 ], [ 5.126946925720858, 13.233541488770868 ], [ 5.133752027344599, 13.247558308294629 ], [ 5.134712558997251, 13.249599479681535 ], [ 5.149686957171639, 13.242854833098875 ] ] ] ] } },
{ "type": "Feature", "properties": { "fid": 178.0, "OBJECTID": 178.0, "lganame": "Bodinga", "statecode": "SO", "LGA_UID": "33_02" }, "geometry": { "type": "MultiPolygon", "coordinates": [ [ [ [ 5.187821469082223, 12.949580874832975 ], [ 5.192256264095477, 12.948868679349061 ], [ 5.198100001065995, 12.948899999370383 ], [ 5.198108890072035, 12.948928457389684 ], [ 5.198200898134587, 12.948903284372591 ], [ 5.209616393890883, 12.945780111250542 ], [ 5.227632681132093, 12.937242903449885 ], [ 5.236203070955241, 12.931558337587489 ], [ 5.241507515559363, 12.909142766357206 ], [ 5.243290756770989, 12.900893307752085 ], [ 5.247212861435912, 12.890081975406247 ], [ 5.254770921571264, 12.880940652195193 ], [ 5.257714950571597, 12.876327372060643 ], [ 5.260777427652386, 12.864451951991896 ], [ 5.258156400871542, 12.84053837074373 ], [ 5.270407807195795, 12.823202360964729 ], [ 5.27056007929923, 12.822986884818306 ], [ 5.275250562486178, 12.812971866013584 ], [ 5.296053674620964, 12.796010644489229 ], [ 5.310269138279693, 12.78210640504193 ], [ 5.313942678775675, 12.778622321674675 ], [ 5.315082115549842, 12.776320609110769 ], [ 5.322696494723459, 12.765350455657085 ], [ 5.383197290830935, 12.726526225277837 ], [ 5.368699951980659, 12.659718091884827 ], [ 5.364807061335625, 12.626286813169884 ], [ 5.358081487765901, 12.623784739469841 ], [ 5.336017116774201, 12.616990720853607 ], [ 5.308782949269869, 12.617881924459141 ], [ 5.291253024359094, 12.622520923611091 ], [ 5.225280393533808, 12.652263858820049 ], [ 5.199791001214976, 12.677218068775232 ], [ 5.194253373452398, 12.710308407258594 ], [ 5.193105538672512, 12.717166798918527 ], [ 5.185379841423241, 12.739897727363143 ], [ 5.180644026205528, 12.765174221537336 ], [ 5.17004888900658, 12.767143779875539 ], [ 5.150749027893255, 12.771672943952922 ], [ 5.139986164580421, 12.776592175295264 ], [ 5.137518315903606, 12.780741880114817 ], [ 5.131086782533714, 12.79096699406233 ], [ 5.129513579464742, 12.798847494416748 ], [ 5.120299999204576, 12.800099999267729 ], [ 5.116999998962399, 12.79870000131649 ], [ 5.114740727427318, 12.797295327362121 ], [ 5.10898273851501, 12.793337415672909 ], [ 5.102885498372245, 12.789033967748878 ], [ 5.097499999713023, 12.785799998551568 ], [ 5.094300001538784, 12.785100002075978 ], [ 5.091499998636323, 12.782999999649121 ], [ 5.090134937708854, 12.780212914755396 ], [ 5.08949999927745, 12.778900000863359 ], [ 5.087888343182385, 12.777100950641 ], [ 5.085200001355759, 12.774099997601979 ], [ 5.069282516540568, 12.775698375687966 ], [ 5.068178743790611, 12.776183027017282 ], [ 5.054432492450701, 12.785267594189804 ], [ 5.067422825277049, 12.808386663898148 ], [ 5.058554137251178, 12.83453013966141 ], [ 5.06145487322209, 12.837892605946024 ], [ 5.066632579740087, 12.841395173325907 ], [ 5.072267143568524, 12.844745453602229 ], [ 5.076378853362201, 12.845659167223062 ], [ 5.083993127535734, 12.846420594740437 ], [ 5.086429696191317, 12.845659167223062 ], [ 5.089066138982616, 12.846106505527018 ], [ 5.090826940178999, 12.84705829017372 ], [ 5.092492563310714, 12.848343199046724 ], [ 5.094253363507107, 12.849485339822763 ], [ 5.095395505283136, 12.850056411210801 ], [ 5.099754678245006, 12.85273092502797 ], [ 5.102722607261569, 12.857410799207742 ], [ 5.093641081091107, 12.862012682334523 ], [ 5.086795905440113, 12.870215297907805 ], [ 5.085512433568056, 12.886133168723234 ], [ 5.073821651624712, 12.904541979231169 ], [ 5.057934580830192, 12.93365531201232 ], [ 5.061900000524531, 12.933499998906768 ], [ 5.072000001386982, 12.93409999831448 ], [ 5.079604856554113, 12.933724450059287 ], [ 5.090500000956865, 12.932200000023499 ], [ 5.09919999886813, 12.931299999411976 ], [ 5.102800000314176, 12.931400001479915 ], [ 5.106199997624287, 12.931100000276103 ], [ 5.106977061152293, 12.966510975336178 ], [ 5.118136276734447, 12.967198500803306 ], [ 5.118733597140306, 12.972087994125502 ], [ 5.120286631195484, 12.975813256656636 ], [ 5.116866214871493, 12.981211935324779 ], [ 5.117538956328588, 12.986523078933487 ], [ 5.109807224075212, 12.987287090452583 ], [ 5.108445441149968, 12.99152419833149 ], [ 5.109715491012878, 12.992429068946308 ], [ 5.131810457025381, 13.000929494721959 ], [ 5.138520650584667, 12.997575980443401 ], [ 5.141355361510705, 12.996039497399408 ], [ 5.147000000345997, 12.995299998896996 ], [ 5.152193556874749, 12.99471942050252 ], [ 5.154165713214752, 12.9927797591846 ], [ 5.157077290193001, 12.988668918391454 ], [ 5.164029421916666, 12.986410821857191 ], [ 5.169156621400361, 12.981934702815863 ], [ 5.169020696307996, 12.97850848148795 ], [ 5.167618386355173, 12.97502738712268 ], [ 5.169493309629104, 12.9726228024889 ], [ 5.176531376411162, 12.966858322572193 ], [ 5.180001499768935, 12.962874445865339 ], [ 5.179240924252156, 12.959724357725008 ], [ 5.180727710262374, 12.955451238821638 ], [ 5.182972047787302, 12.953897618766007 ], [ 5.185635323596841, 12.951326537019099 ], [ 5.187821469082223, 12.949580874832975 ] ] ] ] } },
{ "type": "Feature", "properties": { "fid": 192.0, "OBJECTID": 192.0, "lganame": "Gwadabawa", "statecode": "SO", "LGA_UID": "33_07" }, "geometry": { "type": "MultiPolygon", "coordinates": [ [ [ [ 5.370723302355429, 13.56189453187136 ], [ 5.367898895436383, 13.548734209929535 ], [ 5.363586482506321, 13.536285072470889 ], [ 5.356747951859859, 13.532334478786652 ], [ 5.331778104893999, 13.528633635272115 ], [ 5.336199998898451, 13.504900001146211 ], [ 5.334218462552144, 13.494571413128426 ], [ 5.328060466368072, 13.484947300589283 ], [ 5.330459384997994, 13.484550956319993 ], [ 5.334199998539589, 13.484499998285401 ], [ 5.341999999839288, 13.481600001314973 ], [ 5.347600001644253, 13.48510000069308 ], [ 5.348404322190731, 13.486255402478093 ], [ 5.350099999342888, 13.487799997527588 ], [ 5.350599999682629, 13.488699999139101 ], [ 5.351100001022303, 13.490100000090308 ], [ 5.351100001022303, 13.492100000449227 ], [ 5.351199999090284, 13.492400001653039 ], [ 5.351899999565887, 13.493099999128674 ], [ 5.352499998973542, 13.493999998740208 ], [ 5.352599918041449, 13.494648280180684 ], [ 5.353399998585076, 13.495900001031146 ], [ 5.353799998856857, 13.497499999118247 ], [ 5.354899998604253, 13.49900000213745 ], [ 5.355118183752495, 13.500309106026918 ], [ 5.355438011969795, 13.500449809122529 ], [ 5.355199999808065, 13.500799999360481 ], [ 5.357600000438765, 13.501499998836096 ], [ 5.361099998816883, 13.502000000175826 ], [ 5.362699999904009, 13.502300002379627 ], [ 5.363400001379603, 13.502200000311689 ], [ 5.364954688435944, 13.501854515076957 ], [ 5.365800001010314, 13.501800001039896 ], [ 5.367699999301237, 13.502400000447608 ], [ 5.368399999776841, 13.502500000515568 ], [ 5.369499999524237, 13.502799998719354 ], [ 5.369843305757513, 13.502996172852647 ], [ 5.370600000271679, 13.503400002127023 ], [ 5.371300000747283, 13.503600001262953 ], [ 5.371996833220749, 13.500899136427847 ], [ 5.371921964169871, 13.500472735138089 ], [ 5.371864921131134, 13.500344468050969 ], [ 5.371548808916316, 13.500375925072319 ], [ 5.371283427736046, 13.500044810847328 ], [ 5.371592069945734, 13.499883589737806 ], [ 5.371625686968571, 13.499469340456358 ], [ 5.371711251026682, 13.499129603225526 ], [ 5.371107992616828, 13.498983378126184 ], [ 5.371002314545024, 13.498128318545184 ], [ 5.371061733585407, 13.496758961614773 ], [ 5.386944286376831, 13.497555848156196 ], [ 5.405312569857244, 13.498592551860611 ], [ 5.409799999906227, 13.49900000213745 ], [ 5.412700000876612, 13.499100000205374 ], [ 5.415699999914978, 13.499400001409242 ], [ 5.417599998205958, 13.500100001884846 ], [ 5.420483617165246, 13.490384776283804 ], [ 5.424272239739423, 13.49172842019675 ], [ 5.428589927673102, 13.492142127477848 ], [ 5.432317208205632, 13.489008274348521 ], [ 5.438378041323631, 13.486812592856666 ], [ 5.447712515666012, 13.486415056586566 ], [ 5.449637721974057, 13.485617672044782 ], [ 5.450065546264739, 13.484496705283163 ], [ 5.450315109434314, 13.48349129760004 ], [ 5.450838004789603, 13.483202387403708 ], [ 5.457671297432512, 13.484173126063297 ], [ 5.469263036308575, 13.485622294047914 ], [ 5.481384701544641, 13.486662360754622 ], [ 5.486696844154039, 13.488811819215073 ], [ 5.484907936938555, 13.499432837431527 ], [ 5.486268714863115, 13.509552339307277 ], [ 5.489787837254198, 13.51442406661738 ], [ 5.49052201875304, 13.522705572244263 ], [ 5.490871722990619, 13.528030293862173 ], [ 5.492233312915801, 13.535877373193898 ], [ 5.490250831568801, 13.560068977630976 ], [ 5.488844306613089, 13.570596450783853 ], [ 5.491192131208322, 13.571429095349629 ], [ 5.500994042868285, 13.573248003585491 ], [ 5.506863252856135, 13.571776720585831 ], [ 5.51303254404786, 13.57069366184993 ], [ 5.5246837079643, 13.564797210843551 ], [ 5.530555804954133, 13.556297981068724 ], [ 5.534284309487475, 13.529156948627701 ], [ 5.530920465201859, 13.517523310723163 ], [ 5.534097854360766, 13.506427244183897 ], [ 5.558708909082839, 13.493872671653662 ], [ 5.551018734857735, 13.483929103897481 ], [ 5.533644756052922, 13.453639314317002 ], [ 5.50432889813419, 13.394465896111456 ], [ 5.504092356973445, 13.394288230990753 ], [ 5.485311565212783, 13.377247041412033 ], [ 5.478200000380809, 13.367299999653483 ], [ 5.463770950576929, 13.354141477712915 ], [ 5.443053683500523, 13.334439918326609 ], [ 5.441655331550407, 13.328709071432797 ], [ 5.43712506047234, 13.322512396222407 ], [ 5.43539313929557, 13.320424316803667 ], [ 5.429826895513543, 13.311865177988125 ], [ 5.429489685284409, 13.310020210734592 ], [ 5.421909233133874, 13.311017074411893 ], [ 5.416680278581055, 13.312127285166241 ], [ 5.403293243485166, 13.314055478476348 ], [ 5.403277357474394, 13.31404092446644 ], [ 5.40163822636066, 13.312839574650184 ], [ 5.395389582115001, 13.310439604019507 ], [ 5.394321880389555, 13.309821111599319 ], [ 5.392483063140162, 13.308324307582268 ], [ 5.388643264531197, 13.305198669458548 ], [ 5.378701817776459, 13.293974824832503 ], [ 5.374449729887374, 13.289174079570614 ], [ 5.364248447956072, 13.275858044522977 ], [ 5.354509738339061, 13.266319093041716 ], [ 5.347566930621781, 13.256995861707026 ], [ 5.336978689427553, 13.244515504227195 ], [ 5.336539609129204, 13.236292977640403 ], [ 5.336934850397768, 13.226643285083867 ], [ 5.332814776598354, 13.224607386700598 ], [ 5.329700001482024, 13.223800000151982 ], [ 5.311256821950735, 13.219213725035843 ], [ 5.308735974237948, 13.220781047100729 ], [ 5.303053205376784, 13.218093740274867 ], [ 5.30394801298479, 13.217171526648258 ], [ 5.30289926727221, 13.216495348188801 ], [ 5.301598400388343, 13.215887899776078 ], [ 5.296131630673926, 13.215800338716576 ], [ 5.294694695697558, 13.223425791897739 ], [ 5.297037901289684, 13.225244408133392 ], [ 5.30312984142887, 13.229057968724533 ], [ 5.313800008678754, 13.248002621596527 ], [ 5.31744342115428, 13.269504077205738 ], [ 5.300646616741631, 13.265315425359745 ], [ 5.288824154708834, 13.265270262329068 ], [ 5.284210351573961, 13.28127371720268 ], [ 5.280613379129989, 13.295730749025552 ], [ 5.28517043722627, 13.305201560460546 ], [ 5.290747274015473, 13.313074381809713 ], [ 5.295190863034691, 13.317866555065791 ], [ 5.292449113171813, 13.323305577761346 ], [ 5.286117065869462, 13.331083115045828 ], [ 5.282714306557466, 13.327749970781099 ], [ 5.281708201873869, 13.32510320798275 ], [ 5.276620842417231, 13.32498555390282 ], [ 5.274975042298991, 13.325591523314529 ], [ 5.274403276910505, 13.3315580153685 ], [ 5.265846807096807, 13.333963260002747 ], [ 5.254628323474378, 13.337571083454066 ], [ 5.231591097821649, 13.344264393001879 ], [ 5.226696473495963, 13.345475644824887 ], [ 5.223611560399945, 13.346368946431824 ], [ 5.22081591950041, 13.343195795275847 ], [ 5.220966964603065, 13.338607661158392 ], [ 5.213747850697985, 13.33544163700725 ], [ 5.211608733244589, 13.336829258950047 ], [ 5.209717050959284, 13.33966359687588 ], [ 5.206142099530268, 13.340182647228517 ], [ 5.201083269093033, 13.339737045925744 ], [ 5.194696697753614, 13.340687824571773 ], [ 5.191441438541858, 13.339731620922066 ], [ 5.190229271718238, 13.336470735706484 ], [ 5.19065709600892, 13.334042388056503 ], [ 5.190505930906227, 13.331947050632834 ], [ 5.186700001320276, 13.332600001076457 ], [ 5.17968243255217, 13.336185868512928 ], [ 5.176014568059998, 13.336547677758745 ], [ 5.167618260355084, 13.336194375518687 ], [ 5.167853929515218, 13.329989186302555 ], [ 5.164719581385611, 13.311156177506405 ], [ 5.154451370408822, 13.289763450971066 ], [ 5.152569501130188, 13.284870762646676 ], [ 5.151765749584058, 13.283171557492153 ], [ 5.150861582969753, 13.2815205263704 ], [ 5.150563177766969, 13.280975627000146 ], [ 5.150032157406201, 13.280005964341285 ], [ 5.14454984668123, 13.272031783923239 ], [ 5.14360952404229, 13.268505095527019 ], [ 5.140932577223452, 13.262816867662139 ], [ 5.138667598684492, 13.25800392739194 ], [ 5.134712558997251, 13.249599479681535 ], [ 5.127599999164602, 13.252300001516403 ], [ 5.112300000768926, 13.264099999533926 ], [ 5.110499999545937, 13.266899999436419 ], [ 5.107999998847276, 13.273800001124641 ], [ 5.1070999992358, 13.27510000000791 ], [ 5.097615630791609, 13.289115394530711 ], [ 5.077630594212735, 13.303379028222196 ], [ 5.071865743295803, 13.310274088907079 ], [ 5.069373917602718, 13.319499545175347 ], [ 5.070790194565006, 13.33263202809826 ], [ 5.125915221019852, 13.335230909864038 ], [ 5.123622807462255, 13.351799413121569 ], [ 5.123706902519416, 13.354487009947661 ], [ 5.12283208692503, 13.358688221802197 ], [ 5.122363911606897, 13.364776584938966 ], [ 5.12115256378388, 13.381172400079151 ], [ 5.129976010778989, 13.380132755372756 ], [ 5.151246889231516, 13.378904594538255 ], [ 5.153662801873054, 13.389517930749548 ], [ 5.154461086415438, 13.398752132023731 ], [ 5.146814596219997, 13.400863154458079 ], [ 5.142943102589527, 13.40193197818428 ], [ 5.119084414378619, 13.40802815332637 ], [ 5.119024928338206, 13.425338731088061 ], [ 5.15392594505181, 13.429544939946027 ], [ 5.168027818633391, 13.427637505650011 ], [ 5.17038215223306, 13.432570904002034 ], [ 5.172770976856157, 13.438941002330182 ], [ 5.175785486904374, 13.453637120315534 ], [ 5.176407443326923, 13.457422267887353 ], [ 5.176571435438348, 13.45906206500149 ], [ 5.177350997968063, 13.466856956297761 ], [ 5.179699447563735, 13.473510838818754 ], [ 5.180983894436451, 13.484799655488985 ], [ 5.181179031569002, 13.489545889713838 ], [ 5.18178830798297, 13.49426760792204 ], [ 5.183894157413818, 13.513965607305863 ], [ 5.183990284479137, 13.520001596407042 ], [ 5.214620575290951, 13.515592029410982 ], [ 5.222899998916432, 13.513900001261334 ], [ 5.233969578437723, 13.512048721003453 ], [ 5.243412839853988, 13.512048721003453 ], [ 5.267864605467764, 13.516143168785447 ], [ 5.285951909757273, 13.520388220669759 ], [ 5.285789177646677, 13.531001284880801 ], [ 5.299641263058561, 13.535842372170123 ], [ 5.295299999108863, 13.550500002129297 ], [ 5.292599998274341, 13.549899998721628 ], [ 5.291000001187228, 13.550000000789566 ], [ 5.28880000069239, 13.549699998585709 ], [ 5.286899999401442, 13.548900001042171 ], [ 5.283629005178966, 13.549351616348986 ], [ 5.282099999140087, 13.549199998245967 ], [ 5.2813406226241, 13.563614263039824 ], [ 5.281804098939006, 13.567149315441725 ], [ 5.281911055011676, 13.572451795044515 ], [ 5.281447578696771, 13.575432221069548 ], [ 5.280805844260726, 13.577476911458803 ], [ 5.282124966157028, 13.57868985428297 ], [ 5.283651100193993, 13.585237269731635 ], [ 5.287939922108023, 13.590558269347014 ], [ 5.297597916670156, 13.596363464291358 ], [ 5.301127461068347, 13.602185071246879 ], [ 5.301020504995677, 13.603016716811908 ], [ 5.301603025391444, 13.605578332552398 ], [ 5.303872660933564, 13.606273971025075 ], [ 5.307223946210627, 13.608422348484794 ], [ 5.308043940767789, 13.610154894662003 ], [ 5.307295250259074, 13.613238798757322 ], [ 5.307330901283308, 13.615664313405375 ], [ 5.317776926380873, 13.616599862041028 ], [ 5.323548426302352, 13.61667776809395 ], [ 5.326495018304399, 13.628087173846097 ], [ 5.327358674891229, 13.631758677340713 ], [ 5.340319576697539, 13.632353009744577 ], [ 5.339200000936842, 13.631499998164998 ], [ 5.335991364756694, 13.62823772994841 ], [ 5.335299999286974, 13.627700000583047 ], [ 5.336239416925252, 13.625331363973658 ], [ 5.334617131822995, 13.606644713276978 ], [ 5.336108979836638, 13.599947866726779 ], [ 5.345112602954202, 13.595141820461322 ], [ 5.355855308253354, 13.591932387280622 ], [ 5.369410938463773, 13.578499365153561 ], [ 5.37229999942673, 13.568000000019708 ], [ 5.370723302355429, 13.56189453187136 ] ] ] ] } },
{ "type": "Feature", "properties": { "fid": 195.0, "OBJECTID": 195.0, "lganame": "Kware", "statecode": "SO", "LGA_UID": "33_11" }, "geometry": { "type": "MultiPolygon", "coordinates": [ [ [ [ 5.254628323474378, 13.337571083454066 ], [ 5.265846807096807, 13.333963260002747 ], [ 5.274403276910505, 13.3315580153685 ], [ 5.274975042298991, 13.325591523314529 ], [ 5.276620842417231, 13.32498555390282 ], [ 5.281708201873869, 13.32510320798275 ], [ 5.282714306557466, 13.327749970781099 ], [ 5.286117065869462, 13.331083115045828 ], [ 5.292449113171813, 13.323305577761346 ], [ 5.295190863034691, 13.317866555065791 ], [ 5.290747274015473, 13.313074381809713 ], [ 5.28517043722627, 13.305201560460546 ], [ 5.280613379129989, 13.295730749025552 ], [ 5.284210351573961, 13.28127371720268 ], [ 5.288824154708834, 13.265270262329068 ], [ 5.300646616741631, 13.265315425359745 ], [ 5.31744342115428, 13.269504077205738 ], [ 5.313800008678754, 13.248002621596527 ], [ 5.30312984142887, 13.229057968724533 ], [ 5.297037901289684, 13.225244408133392 ], [ 5.294694695697558, 13.223425791897739 ], [ 5.296131630673926, 13.215800338716576 ], [ 5.301598400388343, 13.215887899776078 ], [ 5.30289926727221, 13.216495348188801 ], [ 5.30394801298479, 13.217171526648258 ], [ 5.303053205376784, 13.218093740274867 ], [ 5.308735974237948, 13.220781047100729 ], [ 5.311256821950735, 13.219213725035843 ], [ 5.329700001482024, 13.223800000151982 ], [ 5.332814776598354, 13.224607386700598 ], [ 5.336934850397768, 13.226643285083867 ], [ 5.342887993442673, 13.202243407505307 ], [ 5.347015427247072, 13.189765488027149 ], [ 5.348227948070928, 13.18322199058116 ], [ 5.347699999712177, 13.182399999022607 ], [ 5.347499999576314, 13.181999999750872 ], [ 5.347300000440384, 13.181400001343206 ], [ 5.346799999100654, 13.180900000003476 ], [ 5.346599999964781, 13.180500000731683 ], [ 5.345220842027743, 13.179219153861425 ], [ 5.343899999130258, 13.178399999304816 ], [ 5.342199999975207, 13.177099999421557 ], [ 5.341499999499604, 13.175999998674115 ], [ 5.340300000684238, 13.174899998926719 ], [ 5.339899998412477, 13.174400001587003 ], [ 5.339400001072704, 13.17350000097548 ], [ 5.338699999597111, 13.172600001364003 ], [ 5.338173016239068, 13.17216084806563 ], [ 5.336445159065079, 13.171086238335477 ], [ 5.336159942871291, 13.17042666888733 ], [ 5.334812949956017, 13.165533041562355 ], [ 5.332816439599526, 13.161332504708241 ], [ 5.330875030280424, 13.159793198662385 ], [ 5.329635686438337, 13.158724883936486 ], [ 5.328883951927594, 13.157893969371912 ], [ 5.328436974623855, 13.156271698269677 ], [ 5.328568344713119, 13.154909602344219 ], [ 5.341351040398365, 13.145262321789346 ], [ 5.344200000334126, 13.142700002048343 ], [ 5.33889999973303, 13.140200000349694 ], [ 5.333545327094726, 13.14321931740119 ], [ 5.330371628938394, 13.140894674821709 ], [ 5.327599999055167, 13.137699998651101 ], [ 5.32697940863352, 13.129151837842983 ], [ 5.326669645423067, 13.119314726159132 ], [ 5.326844591541942, 13.118491221599641 ], [ 5.335000001083131, 13.109200001286695 ], [ 5.34390818713581, 13.105904613047642 ], [ 5.35660300776135, 13.105800874977149 ], [ 5.356997967029713, 13.10785803237485 ], [ 5.361325955970358, 13.112962835843348 ], [ 5.362977290092374, 13.110980641496553 ], [ 5.364225108940218, 13.109910024769079 ], [ 5.368344847739365, 13.107484371120961 ], [ 5.369399998456345, 13.107199999927786 ], [ 5.369486743515267, 13.1053066126413 ], [ 5.369771419708684, 13.103571813462565 ], [ 5.370717097351246, 13.101236239875675 ], [ 5.370538837230129, 13.099037045381408 ], [ 5.369558407563943, 13.096837830887182 ], [ 5.369766377705275, 13.095680341100717 ], [ 5.368459139817048, 13.093336408508094 ], [ 5.369738683686421, 13.089263877741018 ], [ 5.366156391252446, 13.088161164991789 ], [ 5.367332545051568, 13.086276870711458 ], [ 5.369319601401685, 13.085535633207826 ], [ 5.372405879498672, 13.085165012956054 ], [ 5.375280768452001, 13.083270724668978 ], [ 5.375113293338245, 13.079979948433049 ], [ 5.376058775980653, 13.079477610091715 ], [ 5.380942900299203, 13.082398072076046 ], [ 5.381960656990714, 13.082241213969439 ], [ 5.385355093297051, 13.081013248135093 ], [ 5.388779819624006, 13.07830548329531 ], [ 5.390412926733632, 13.07905899380728 ], [ 5.391988096803857, 13.081084606183595 ], [ 5.395312249062499, 13.083496287822186 ], [ 5.397165533321697, 13.083167738599002 ], [ 5.399695852040907, 13.085673044301188 ], [ 5.401130520015727, 13.084913993785449 ], [ 5.401414912208963, 13.081989290798276 ], [ 5.402962066260159, 13.082659068253349 ], [ 5.403053583322333, 13.083870464076426 ], [ 5.403993501960997, 13.084752110675481 ], [ 5.406391526590312, 13.082798958348405 ], [ 5.408892824289865, 13.080817176001858 ], [ 5.409795688903273, 13.082798958348405 ], [ 5.413717403567887, 13.091245600087518 ], [ 5.421346922751809, 13.098190578806282 ], [ 5.433825109230156, 13.100343483269114 ], [ 5.45585802020048, 13.109718811639198 ], [ 5.467337951000559, 13.107288204987697 ], [ 5.474539645893742, 13.106246510279902 ], [ 5.477890930170815, 13.105274255619292 ], [ 5.474487356858219, 13.094655995404707 ], [ 5.470932412442835, 13.089903393175518 ], [ 5.470729665305043, 13.08517341496173 ], [ 5.473893157454484, 13.077235051567982 ], [ 5.476892676492525, 13.072299998214874 ], [ 5.478802829790425, 13.036397866821062 ], [ 5.513896360634817, 13.033971601172539 ], [ 5.52905687593568, 13.010146382984374 ], [ 5.533173578732772, 12.999361153656366 ], [ 5.54017951549298, 12.981005427184471 ], [ 5.5084875979598, 12.974415611707002 ], [ 5.469425020418612, 12.966292948188027 ], [ 5.452729362074706, 12.964121846712885 ], [ 5.448343509094741, 12.964149499731661 ], [ 5.426610597328249, 12.977467377780556 ], [ 5.425314825447799, 12.978380052400667 ], [ 5.424769927077591, 12.978613163559032 ], [ 5.424352421793913, 12.978763231661048 ], [ 5.424200038690344, 12.978988542814136 ], [ 5.423933414509236, 12.979266914003233 ], [ 5.423676313334511, 12.979359704066269 ], [ 5.423543000243967, 12.979276193009582 ], [ 5.423362077120998, 12.979220517971726 ], [ 5.423030967896068, 12.979238216983731 ], [ 5.422847871771637, 12.979304030028459 ], [ 5.42260029160343, 12.979257634996941 ], [ 5.42243841349341, 12.979350425059977 ], [ 5.422305101402856, 12.979489610154587 ], [ 5.422076566247597, 12.9796102372365 ], [ 5.421828986079333, 12.979684469286951 ], [ 5.421590927917578, 12.979638074255433 ], [ 5.421267169697614, 12.97955456319869 ], [ 5.421181468639418, 12.979591679223915 ], [ 5.421086245574713, 12.979675190280659 ], [ 5.420905322451745, 12.979758701337403 ], [ 5.420705354315885, 12.979767980343695 ], [ 5.420477192160888, 12.979791674359774 ], [ 5.420012034844831, 12.9798175763774 ], [ 5.41944055645655, 12.979597415227829 ], [ 5.418895657086296, 12.979325451042996 ], [ 5.418510241824436, 12.979195944955052 ], [ 5.418111535553521, 12.979247746990211 ], [ 5.41777928032775, 12.979403155095838 ], [ 5.417672959255526, 12.979701020298194 ], [ 5.417553347174248, 12.979921181447821 ], [ 5.417340704029755, 12.980089538562197 ], [ 5.416920319744122, 12.980356021743262 ], [ 5.416569871506056, 12.98062051292294 ], [ 5.415772459964217, 12.98068526596694 ], [ 5.415466784756518, 12.980827723063726 ], [ 5.415041499467577, 12.980957228151738 ], [ 5.414629502187665, 12.980918377125363 ], [ 5.414177635880606, 12.980724117993361 ], [ 5.414177635880606, 12.980581660896576 ], [ 5.414283956952886, 12.980465105817359 ], [ 5.413991572754185, 12.980193143632562 ], [ 5.413832089645837, 12.980115439579777 ], [ 5.413459965392974, 12.980219044650198 ], [ 5.413340353311696, 12.980426253790938 ], [ 5.413194161212402, 12.980737068002156 ], [ 5.413008098085982, 12.981086734239739 ], [ 5.412768873923426, 12.981617705600513 ], [ 5.412551955776053, 12.982138786954579 ], [ 5.411971462381644, 12.98255014323405 ], [ 5.41155647609969, 12.982768676382534 ], [ 5.411538149087221, 12.983189438668433 ], [ 5.411346821957238, 12.983391922805993 ], [ 5.411133296812125, 12.983901909152507 ], [ 5.405099998712785, 12.991400000247097 ], [ 5.39825250606026, 12.998311312943031 ], [ 5.395500001190044, 12.995800000236727 ], [ 5.391133504223205, 12.993292144532745 ], [ 5.391160109241298, 12.993286478528887 ], [ 5.387569261801502, 12.989764240135685 ], [ 5.375927908891754, 12.980747840009485 ], [ 5.370104890935238, 12.975862674690234 ], [ 5.36230899563833, 12.973175978864731 ], [ 5.349799235138505, 12.968673207805296 ], [ 5.345481271204676, 12.98795244990464 ], [ 5.336116689841901, 12.993788682870104 ], [ 5.328782456858619, 12.995724809185617 ], [ 5.32275908876602, 12.997911017671015 ], [ 5.31800549453618, 12.999671095866915 ], [ 5.313822331693927, 13.003469115447501 ], [ 5.311229228932007, 13.006312370379362 ], [ 5.309312920629964, 13.009498095543904 ], [ 5.308591542139823, 13.011379100821955 ], [ 5.30758576745643, 13.015549578655623 ], [ 5.304275248207091, 13.022592945441261 ], [ 5.300999509981409, 13.024241398561287 ], [ 5.292119394947804, 13.030498006812365 ], [ 5.292229128022313, 13.038134931001309 ], [ 5.292038706892981, 13.042500378967418 ], [ 5.293199340681554, 13.044439015284638 ], [ 5.294584476622674, 13.046752623856605 ], [ 5.297107884337208, 13.050123406146895 ], [ 5.299299999826644, 13.055399998732128 ], [ 5.278499997694041, 13.05809999956665 ], [ 5.277700000150503, 13.057999998498701 ], [ 5.275400001587741, 13.058600000906381 ], [ 5.272700000753218, 13.059200000314036 ], [ 5.267800000423904, 13.061199999672908 ], [ 5.268444108861559, 13.062491423550398 ], [ 5.269204684378337, 13.063602764305472 ], [ 5.27062771334522, 13.065155719360632 ], [ 5.270724003410635, 13.065142718351808 ], [ 5.268994720235639, 13.066491279268121 ], [ 5.268167296673482, 13.066862201520109 ], [ 5.267044003910257, 13.067721011103629 ], [ 5.266135136292689, 13.069154293077474 ], [ 5.265754848034305, 13.070265602832592 ], [ 5.265493399856666, 13.07062446207641 ], [ 5.265053692557899, 13.070774951178635 ], [ 5.264637753275281, 13.070022503667417 ], [ 5.263829641726204, 13.069686797439317 ], [ 5.263057183201397, 13.070670766107867 ], [ 5.26285515506413, 13.072140926106783 ], [ 5.263298945365648, 13.075091857111772 ], [ 5.263342399395185, 13.077546870779884 ], [ 5.263282979354813, 13.078021477102311 ], [ 5.262611717898722, 13.078598629494479 ], [ 5.262106463555426, 13.081320543343907 ], [ 5.26077545765105, 13.083265235665237 ], [ 5.26090406573843, 13.084031863186112 ], [ 5.260525894481475, 13.085580326238244 ], [ 5.259551406819355, 13.087501833543797 ], [ 5.257238144247594, 13.089573513951393 ], [ 5.2565075637512, 13.088603725292501 ], [ 5.256935387041892, 13.087492498537472 ], [ 5.2565075637512, 13.08645071882961 ], [ 5.255152788830685, 13.085895101452081 ], [ 5.253940623007111, 13.086589622924009 ], [ 5.252371935941255, 13.08700633520715 ], [ 5.251801504553669, 13.084922767791454 ], [ 5.250446730633143, 13.085061672885843 ], [ 5.24873543647044, 13.085964554499299 ], [ 5.246952839259222, 13.085131124933014 ], [ 5.245455456241814, 13.082422463092598 ], [ 5.24358898197363, 13.079790033303993 ], [ 5.238563574559123, 13.085447330147872 ], [ 5.234619923879563, 13.094658559406469 ], [ 5.233431526072138, 13.096134363409192 ], [ 5.229389438325711, 13.106784590645532 ], [ 5.230980476406785, 13.108058425511047 ], [ 5.2359420407779, 13.111588573909614 ], [ 5.241373023467986, 13.113070062916222 ], [ 5.243737513074564, 13.114842023120161 ], [ 5.248259006146725, 13.118730761762379 ], [ 5.249535053013744, 13.1206440630624 ], [ 5.25027890551911, 13.122704614462407 ], [ 5.251414991291028, 13.125020034035629 ], [ 5.251533831371773, 13.125888047625438 ], [ 5.250933410963853, 13.126857535284159 ], [ 5.250220372479362, 13.128477812385029 ], [ 5.250701951806548, 13.13054633679053 ], [ 5.251266441190126, 13.132166590891416 ], [ 5.251741800513116, 13.135117739896543 ], [ 5.251920059634244, 13.139312939747015 ], [ 5.251712091492891, 13.140990999887151 ], [ 5.252543970058127, 13.144462811246115 ], [ 5.253464978683894, 13.146198698425565 ], [ 5.253732367865609, 13.147008774975973 ], [ 5.254088888107844, 13.148802507194716 ], [ 5.255960616379582, 13.151984901357025 ], [ 5.258010602772458, 13.156006231089293 ], [ 5.261011309811295, 13.158494215779797 ], [ 5.262348258719669, 13.161387188745437 ], [ 5.263388107426238, 13.162081497217173 ], [ 5.264546796213494, 13.163817260396513 ], [ 5.269583996636015, 13.169101347986839 ], [ 5.271172117715082, 13.170384116858429 ], [ 5.273940688596213, 13.17221661510348 ], [ 5.27792141430092, 13.181328422294541 ], [ 5.257599998493447, 13.183600000837998 ], [ 5.24311120464904, 13.179684182177368 ], [ 5.233216913926299, 13.176403252948148 ], [ 5.226195197155391, 13.179084753770098 ], [ 5.218945965229864, 13.184291643307915 ], [ 5.212336897739306, 13.190752203697571 ], [ 5.209079889526322, 13.192936452181641 ], [ 5.192795936462176, 13.203133526110093 ], [ 5.198700000473707, 13.210400000047343 ], [ 5.194600000687956, 13.213799998357445 ], [ 5.187199998659992, 13.220600001977743 ], [ 5.186099998912596, 13.222300000132805 ], [ 5.184399999757488, 13.226700000122378 ], [ 5.181600000855042, 13.23499999876185 ], [ 5.178778954938252, 13.237764874640447 ], [ 5.161285727052473, 13.242669744973114 ], [ 5.157443675441982, 13.240945676801687 ], [ 5.149686957171639, 13.242854833098875 ], [ 5.134712558997251, 13.249599479681535 ], [ 5.138667598684492, 13.25800392739194 ], [ 5.140932577223452, 13.262816867662139 ], [ 5.14360952404229, 13.268505095527019 ], [ 5.14454984668123, 13.272031783923239 ], [ 5.150032157406201, 13.280005964341285 ], [ 5.150563177766969, 13.280975627000146 ], [ 5.150861582969753, 13.2815205263704 ], [ 5.151765749584058, 13.283171557492153 ], [ 5.152569501130188, 13.284870762646676 ], [ 5.154451370408822, 13.289763450971066 ], [ 5.164719581385611, 13.311156177506405 ], [ 5.167853929515218, 13.329989186302555 ], [ 5.167618260355084, 13.336194375518687 ], [ 5.176014568059998, 13.336547677758745 ], [ 5.17968243255217, 13.336185868512928 ], [ 5.186700001320276, 13.332600001076457 ], [ 5.190505930906227, 13.331947050632834 ], [ 5.19065709600892, 13.334042388056503 ], [ 5.190229271718238, 13.336470735706484 ], [ 5.191441438541858, 13.339731620922066 ], [ 5.194696697753614, 13.340687824571773 ], [ 5.201083269093033, 13.339737045925744 ], [ 5.206142099530268, 13.340182647228517 ], [ 5.209717050959284, 13.33966359687588 ], [ 5.211608733244589, 13.336829258950047 ], [ 5.213747850697985, 13.33544163700725 ], [ 5.220966964603065, 13.338607661158392 ], [ 5.22081591950041, 13.343195795275847 ], [ 5.223611560399945, 13.346368946431824 ], [ 5.226696473495963, 13.345475644824887 ], [ 5.231591097821649, 13.344264393001879 ], [ 5.254628323474378, 13.337571083454066 ] ] ] ] } },
{ "type": "Feature", "properties": { "fid": 197.0, "OBJECTID": 197.0, "lganame": "Sokoto North", "statecode": "SO", "LGA_UID": "33_16" }, "geometry": { "type": "MultiPolygon", "coordinates": [ [ [ [ 5.259551406819355, 13.087501833543797 ], [ 5.260525894481475, 13.085580326238244 ], [ 5.26090406573843, 13.084031863186112 ], [ 5.26077545765105, 13.083265235665237 ], [ 5.262106463555426, 13.081320543343907 ], [ 5.262611717898722, 13.078598629494479 ], [ 5.263282979354813, 13.078021477102311 ], [ 5.263342399395185, 13.077546870779884 ], [ 5.263298945365648, 13.075091857111772 ], [ 5.26285515506413, 13.072140926106783 ], [ 5.263057183201397, 13.070670766107867 ], [ 5.263829641726204, 13.069686797439317 ], [ 5.264637753275281, 13.070022503667417 ], [ 5.265053692557899, 13.070774951178635 ], [ 5.265493399856666, 13.07062446207641 ], [ 5.265754848034305, 13.070265602832592 ], [ 5.266135136292689, 13.069154293077474 ], [ 5.267044003910257, 13.067721011103629 ], [ 5.268167296673482, 13.066862201520109 ], [ 5.268994720235639, 13.066491279268121 ], [ 5.270724003410635, 13.065142718351808 ], [ 5.27062771334522, 13.065155719360632 ], [ 5.264268801024627, 13.065731915752167 ], [ 5.260899997735692, 13.065200001390735 ], [ 5.259736245944964, 13.065342159487329 ], [ 5.258000000765264, 13.065499998594589 ], [ 5.256993454081339, 13.065723677746576 ], [ 5.256012244414649, 13.065215663401375 ], [ 5.255600002134543, 13.064499999915142 ], [ 5.255225430880046, 13.064162715685939 ], [ 5.254895787656096, 13.063745418402448 ], [ 5.254474400369759, 13.063212297040195 ], [ 5.253986854038487, 13.06251992856977 ], [ 5.253392940634967, 13.062017387228309 ], [ 5.253233040526311, 13.061819416093783 ], [ 5.252935213323951, 13.061331376762212 ], [ 5.251792038547251, 13.060446562161019 ], [ 5.250643169766647, 13.05947418250031 ], [ 5.249562960032677, 13.058859367082562 ], [ 5.249387711913585, 13.058753045010349 ], [ 5.247814677844815, 13.05808493055639 ], [ 5.247276618479248, 13.057827122381241 ], [ 5.247205108430649, 13.057752633330608 ], [ 5.246821805170214, 13.057666251271939 ], [ 5.245515420282572, 13.05707893587288 ], [ 5.244742276757279, 13.056814513693212 ], [ 5.243414902855363, 13.056281704331184 ], [ 5.241860837799436, 13.0555942498641 ], [ 5.241960966867509, 13.055820894018098 ], [ 5.241252129385884, 13.057320548037012 ], [ 5.240982322202569, 13.057266587000356 ], [ 5.240470364854673, 13.056960596792464 ], [ 5.239972998516748, 13.056787280674712 ], [ 5.239902999469166, 13.057049579852901 ], [ 5.239783445387957, 13.057525069175995 ], [ 5.239820511413143, 13.058065450543154 ], [ 5.239660611304487, 13.059013429187246 ], [ 5.239614926273475, 13.059413178458897 ], [ 5.239388886119855, 13.06002813187672 ], [ 5.2391980439902, 13.060572452246561 ], [ 5.238992458850532, 13.060943648498778 ], [ 5.239021011869909, 13.06124631470442 ], [ 5.239238019017364, 13.061531849898415 ], [ 5.239357944098856, 13.061623221960474 ], [ 5.239386497118232, 13.061977285201067 ], [ 5.239255151028999, 13.06230850642612 ], [ 5.239082667911816, 13.062662528666635 ], [ 5.238875332770931, 13.062998894895202 ], [ 5.238569865563363, 13.06350014023576 ], [ 5.238360029420789, 13.064527013933457 ], [ 5.238077120228581, 13.064343675808914 ], [ 5.23779418003636, 13.064456204885346 ], [ 5.237351692735672, 13.065134545346268 ], [ 5.236951944464067, 13.065442922555803 ], [ 5.236227566971934, 13.065475549577968 ], [ 5.234705567937795, 13.065446277558067 ], [ 5.233476113102427, 13.06544326755602 ], [ 5.232433031393725, 13.065458084566103 ], [ 5.231698474894586, 13.065401043527345 ], [ 5.231298724623002, 13.065458150566144 ], [ 5.230373590994418, 13.065498125593308 ], [ 5.229654041505512, 13.065469572573932 ], [ 5.228870236972966, 13.065443137555917 ], [ 5.228671115837642, 13.065522863610113 ], [ 5.228551387756283, 13.065468332573062 ], [ 5.228140705477244, 13.065443302556048 ], [ 5.228123756465777, 13.065273567440727 ], [ 5.228091450443799, 13.064376162830968 ], [ 5.228198049516209, 13.063096964961801 ], [ 5.228399998653458, 13.061399999808827 ], [ 5.228599998789321, 13.060600001265243 ], [ 5.227279504892124, 13.060158561965295 ], [ 5.227392548968908, 13.056062680182379 ], [ 5.225694311815062, 13.053910325719926 ], [ 5.224794818203918, 13.053141216197389 ], [ 5.224199998799747, 13.052700001897563 ], [ 5.224800002207417, 13.051800001286097 ], [ 5.225400000615082, 13.051199998878417 ], [ 5.226906879638932, 13.05039935133442 ], [ 5.226820786580447, 13.050300069266939 ], [ 5.225285038536981, 13.048288684900285 ], [ 5.224168537778382, 13.04675046885518 ], [ 5.224001942665154, 13.046520947699207 ], [ 5.222100001372894, 13.043699997782483 ], [ 5.217999997587128, 13.045499999005528 ], [ 5.218099999655067, 13.046500000684944 ], [ 5.218099999655067, 13.047600001432386 ], [ 5.217999997587128, 13.049100000451574 ], [ 5.217664849359437, 13.050489699395769 ], [ 5.216044285258306, 13.051307415951385 ], [ 5.215412411828993, 13.051545728113297 ], [ 5.214774717395699, 13.051954996391373 ], [ 5.214312139081414, 13.052470478741611 ], [ 5.21374203069405, 13.052759252937847 ], [ 5.212885425112006, 13.052830636986357 ], [ 5.212195380643152, 13.052616485840815 ], [ 5.211910828449845, 13.05414133687691 ], [ 5.21129981903465, 13.054805723328343 ], [ 5.211037559856493, 13.055853511040254 ], [ 5.208085351850571, 13.05932342439786 ], [ 5.204849738652172, 13.06066189930732 ], [ 5.197490491651877, 13.066666946387443 ], [ 5.195946976603125, 13.068511366640678 ], [ 5.194579711674123, 13.07023723181328 ], [ 5.192213583066462, 13.072049736044789 ], [ 5.191229461397825, 13.075838697619247 ], [ 5.191846793817263, 13.075916921672388 ], [ 5.192678673382488, 13.074759333885879 ], [ 5.194580110674394, 13.075106611121839 ], [ 5.196956908289337, 13.076379954986976 ], [ 5.198085887056436, 13.077595413812844 ], [ 5.1988583455813, 13.077884808009458 ], [ 5.1988583455813, 13.079158137874629 ], [ 5.20040326363096, 13.078984502756668 ], [ 5.200581523752078, 13.07747965673417 ], [ 5.201413403317304, 13.077884808009458 ], [ 5.202542381084413, 13.078463595402752 ], [ 5.204146720174492, 13.078289959284746 ], [ 5.206048157466398, 13.078810866638662 ], [ 5.207355396354615, 13.079389652031921 ], [ 5.208722054283214, 13.078868745677994 ], [ 5.210504652494421, 13.079447530071263 ], [ 5.211514791180718, 13.07962116618927 ], [ 5.21159748523695, 13.079998517445631 ], [ 5.2110988518981, 13.080489339779149 ], [ 5.21062349157512, 13.080720851936405 ], [ 5.21115827193853, 13.081646899565612 ], [ 5.211039431857728, 13.082515067155498 ], [ 5.210564071534748, 13.083788373020695 ], [ 5.210813141704023, 13.084165719277053 ], [ 5.211639046265191, 13.084110548239551 ], [ 5.212108989584465, 13.084251392335261 ], [ 5.21415239697285, 13.084842148736641 ], [ 5.214421120155464, 13.084999149843327 ], [ 5.214664048320515, 13.085582566239736 ], [ 5.215258246724261, 13.085698320318386 ], [ 5.216030706249114, 13.084714409649848 ], [ 5.216346326463565, 13.084512981513001 ], [ 5.216759887744558, 13.084624105588489 ], [ 5.217635044339147, 13.085177426964492 ], [ 5.21816982370251, 13.086045580554355 ], [ 5.219120542348492, 13.086971609183536 ], [ 5.221556760003807, 13.087897633812702 ], [ 5.223636457416831, 13.087318869419448 ], [ 5.223755297497576, 13.085466812161087 ], [ 5.224290076860939, 13.085235304003788 ], [ 5.226429194314392, 13.085177426964492 ], [ 5.227312084914274, 13.082834972372893 ], [ 5.227657302148828, 13.082469893124824 ], [ 5.22920584920098, 13.081768554648306 ], [ 5.229340771292641, 13.080605095857777 ], [ 5.229817377616484, 13.079971967427582 ], [ 5.230349766978236, 13.079664454218687 ], [ 5.230991117413964, 13.079520417120818 ], [ 5.231649657861453, 13.079567858153041 ], [ 5.23188868302384, 13.079683743231783 ], [ 5.232135267191381, 13.07979903331011 ], [ 5.232569254486236, 13.079693351238291 ], [ 5.232884226700264, 13.078647113527438 ], [ 5.233022968794558, 13.077877533004539 ], [ 5.233500166118745, 13.077306019616231 ], [ 5.234393974726061, 13.077454800717305 ], [ 5.234916682081234, 13.077367905658264 ], [ 5.235094274201913, 13.077329902632414 ], [ 5.235717576625404, 13.077445565711002 ], [ 5.236228559972574, 13.077406763684678 ], [ 5.236704116295698, 13.077273608594169 ], [ 5.237293802696342, 13.077089714469253 ], [ 5.237796834038136, 13.077156966514963 ], [ 5.238139189270782, 13.077351267646975 ], [ 5.238613617593103, 13.077536884773053 ], [ 5.239501579196428, 13.078174202206128 ], [ 5.241343597448008, 13.07840571736341 ], [ 5.242888515497725, 13.079158137874629 ], [ 5.24358898197363, 13.079790033303993 ], [ 5.245455456241814, 13.082422463092598 ], [ 5.246952839259222, 13.085131124933014 ], [ 5.24873543647044, 13.085964554499299 ], [ 5.250446730633143, 13.085061672885843 ], [ 5.251801504553669, 13.084922767791454 ], [ 5.252371935941255, 13.08700633520715 ], [ 5.253940623007111, 13.086589622924009 ], [ 5.255152788830685, 13.085895101452081 ], [ 5.2565075637512, 13.08645071882961 ], [ 5.256935387041892, 13.087492498537472 ], [ 5.2565075637512, 13.088603725292501 ], [ 5.257238144247594, 13.089573513951393 ], [ 5.259551406819355, 13.087501833543797 ] ] ] ] } },
{ "type": "Feature", "properties": { "fid": 200.0, "OBJECTID": 200.0, "lganame": "Dange Shuni", "statecode": "SO", "LGA_UID": "33_03" }, "geometry": { "type": "MultiPolygon", "coordinates": [ [ [ [ 5.345481271204676, 12.98795244990464 ], [ 5.349799235138505, 12.968673207805296 ], [ 5.36230899563833, 12.973175978864731 ], [ 5.370104890935238, 12.975862674690234 ], [ 5.375927908891754, 12.980747840009485 ], [ 5.387569261801502, 12.989764240135685 ], [ 5.391160109241298, 12.993286478528887 ], [ 5.391133504223205, 12.993292144532745 ], [ 5.395500001190044, 12.995800000236727 ], [ 5.39825250606026, 12.998311312943031 ], [ 5.405099998712785, 12.991400000247097 ], [ 5.411133296812125, 12.983901909152507 ], [ 5.411346821957238, 12.983391922805993 ], [ 5.411538149087221, 12.983189438668433 ], [ 5.41155647609969, 12.982768676382534 ], [ 5.411971462381644, 12.98255014323405 ], [ 5.412551955776053, 12.982138786954579 ], [ 5.412768873923426, 12.981617705600513 ], [ 5.413008098085982, 12.981086734239739 ], [ 5.413194161212402, 12.980737068002156 ], [ 5.413340353311696, 12.980426253790938 ], [ 5.413459965392974, 12.980219044650198 ], [ 5.413832089645837, 12.980115439579777 ], [ 5.413991572754185, 12.980193143632562 ], [ 5.414283956952886, 12.980465105817359 ], [ 5.414177635880606, 12.980581660896576 ], [ 5.414177635880606, 12.980724117993361 ], [ 5.414629502187665, 12.980918377125363 ], [ 5.415041499467577, 12.980957228151738 ], [ 5.415466784756518, 12.980827723063726 ], [ 5.415772459964217, 12.98068526596694 ], [ 5.416569871506056, 12.98062051292294 ], [ 5.416920319744122, 12.980356021743262 ], [ 5.417340704029755, 12.980089538562197 ], [ 5.417553347174248, 12.979921181447821 ], [ 5.417672959255526, 12.979701020298194 ], [ 5.41777928032775, 12.979403155095838 ], [ 5.418111535553521, 12.979247746990211 ], [ 5.418510241824436, 12.979195944955052 ], [ 5.418895657086296, 12.979325451042996 ], [ 5.41944055645655, 12.979597415227829 ], [ 5.420012034844831, 12.9798175763774 ], [ 5.420477192160888, 12.979791674359774 ], [ 5.420705354315885, 12.979767980343695 ], [ 5.420905322451745, 12.979758701337403 ], [ 5.421086245574713, 12.979675190280659 ], [ 5.421181468639418, 12.979591679223915 ], [ 5.421267169697614, 12.97955456319869 ], [ 5.421590927917578, 12.979638074255433 ], [ 5.421828986079333, 12.979684469286951 ], [ 5.422076566247597, 12.9796102372365 ], [ 5.422305101402856, 12.979489610154587 ], [ 5.42243841349341, 12.979350425059977 ], [ 5.42260029160343, 12.979257634996941 ], [ 5.422847871771637, 12.979304030028459 ], [ 5.423030967896068, 12.979238216983731 ], [ 5.423362077120998, 12.979220517971726 ], [ 5.423543000243967, 12.979276193009582 ], [ 5.423676313334511, 12.979359704066269 ], [ 5.423933414509236, 12.979266914003233 ], [ 5.424200038690344, 12.978988542814136 ], [ 5.424352421793913, 12.978763231661048 ], [ 5.424769927077591, 12.978613163559032 ], [ 5.425314825447799, 12.978380052400667 ], [ 5.426610597328249, 12.977467377780556 ], [ 5.448343509094741, 12.964149499731661 ], [ 5.452729362074706, 12.964121846712885 ], [ 5.469425020418612, 12.966292948188027 ], [ 5.5084875979598, 12.974415611707002 ], [ 5.54017951549298, 12.981005427184471 ], [ 5.547203990265757, 12.953806991704425 ], [ 5.548408741084359, 12.952045847507804 ], [ 5.547505178470431, 12.949257345613148 ], [ 5.546601614856513, 12.945881748319607 ], [ 5.547505178470431, 12.943093177424885 ], [ 5.549312304698276, 12.941331958228204 ], [ 5.549312304698276, 12.93854333633351 ], [ 5.550818242721505, 12.936488540937376 ], [ 5.550517055516821, 12.933993411242056 ], [ 5.55187240143772, 12.930764382048039 ], [ 5.551721807335412, 12.928562747552178 ], [ 5.555034871586486, 12.928415971452409 ], [ 5.558915275223058, 12.926364224058375 ], [ 5.557263794100948, 12.923695359245016 ], [ 5.556503218584169, 12.92054477710434 ], [ 5.552890487129503, 12.919803457600608 ], [ 5.552320054741926, 12.917023490711756 ], [ 5.548517180158001, 12.915355495578467 ], [ 5.549467898803982, 12.912204808437707 ], [ 5.546045311478508, 12.911092790682119 ], [ 5.549467898803982, 12.909424756548788 ], [ 5.548517180158001, 12.905903314156149 ], [ 5.547376317382884, 12.902196477637517 ], [ 5.548136891899617, 12.897377510363242 ], [ 5.546235453607721, 12.892002396711121 ], [ 5.548136891899617, 12.885515038303254 ], [ 5.544714303574153, 12.884032190295727 ], [ 5.544524160444951, 12.881251826406583 ], [ 5.543537432774542, 12.873904549414476 ], [ 5.542186383856574, 12.866398389314384 ], [ 5.5469960291245, 12.85585640315162 ], [ 5.548707324287193, 12.846031207475846 ], [ 5.562461852632794, 12.837039948366737 ], [ 5.568768023917528, 12.828105927296463 ], [ 5.571395873703011, 12.81969737958326 ], [ 5.576651096273679, 12.812865256941166 ], [ 5.588209408127057, 12.804081078972729 ], [ 5.620376441983012, 12.787068784413634 ], [ 5.649277917620225, 12.768875985052489 ], [ 5.674533036779906, 12.734807394904522 ], [ 5.661260537761848, 12.721933638157395 ], [ 5.652133636560563, 12.718131354573927 ], [ 5.649186407558034, 12.71312338417124 ], [ 5.644718028521993, 12.70737336926436 ], [ 5.641295441196519, 12.700417531538221 ], [ 5.638915287579266, 12.694298716380729 ], [ 5.637302422483401, 12.692163024929641 ], [ 5.634355193480928, 12.691421034425503 ], [ 5.628365664411319, 12.689473297102097 ], [ 5.622471207406306, 12.68752554377869 ], [ 5.619008033053262, 12.681200571481156 ], [ 5.603646971616115, 12.677283367819598 ], [ 5.576505580174853, 12.679302436191506 ], [ 5.575970799811444, 12.683360366948648 ], [ 5.574624820896929, 12.689969950439547 ], [ 5.574425881761783, 12.693562880880791 ], [ 5.5760000008313, 12.694200002313664 ], [ 5.576800000374874, 12.69530000206106 ], [ 5.576900002442812, 12.698100000963564 ], [ 5.578000002190208, 12.701499999273665 ], [ 5.578299999394062, 12.706200000467106 ], [ 5.578400001462001, 12.707300000214502 ], [ 5.578299999394062, 12.709199998505483 ], [ 5.578200001326081, 12.710400000320817 ], [ 5.577300000714615, 12.712000001407944 ], [ 5.576499999171062, 12.713799997630929 ], [ 5.576600000238955, 12.715199999582182 ], [ 5.577199998646677, 12.718800001028228 ], [ 5.576800000374874, 12.721399999794812 ], [ 5.57913590196199, 12.723515326232075 ], [ 5.581417627512337, 12.728059414319546 ], [ 5.581702842706136, 12.731676079776889 ], [ 5.578850685768202, 12.734179895478121 ], [ 5.580181692672568, 12.737240078557363 ], [ 5.579230974026586, 12.740300226636634 ], [ 5.575800001695427, 12.750999997906604 ], [ 5.532520519289051, 12.784173057446139 ], [ 5.506827156831605, 12.721282911715264 ], [ 5.488344015273185, 12.692220591968749 ], [ 5.496452408782432, 12.670724687363304 ], [ 5.493099998504647, 12.669199999327361 ], [ 5.490499998738073, 12.665499999813392 ], [ 5.487000000360013, 12.662500000775026 ], [ 5.481899998894789, 12.659899998008427 ], [ 5.480599999011474, 12.658700000193107 ], [ 5.471299997692597, 12.645700000360193 ], [ 5.460999998694206, 12.638599998536108 ], [ 5.459800000878886, 12.63709999951692 ], [ 5.45870000113149, 12.633900002342671 ], [ 5.458534307018908, 12.632132614141824 ], [ 5.458799999199414, 12.628800000877447 ], [ 5.46198307136217, 12.62278204578854 ], [ 5.451651233342147, 12.613599142549162 ], [ 5.448989219533473, 12.613088867202464 ], [ 5.448513860210483, 12.612114700540587 ], [ 5.447563140564512, 12.610027191122185 ], [ 5.448704004339675, 12.608867455334234 ], [ 5.449226898694917, 12.607475766388632 ], [ 5.449036755565771, 12.605156266812628 ], [ 5.449073306590606, 12.603507004692062 ], [ 5.448573833251203, 12.600873407902668 ], [ 5.444853591723472, 12.600609987723658 ], [ 5.443284905657663, 12.602326449889915 ], [ 5.440195069558229, 12.604785144560481 ], [ 5.428453690580511, 12.610305527311311 ], [ 5.415550671813548, 12.613696116615074 ], [ 5.400979142912888, 12.617018672872575 ], [ 5.390710800936006, 12.616817187735705 ], [ 5.384115974455142, 12.617462780174321 ], [ 5.377936976256819, 12.619134882310448 ], [ 5.368287447700368, 12.623285502130614 ], [ 5.364807061335625, 12.626286813169884 ], [ 5.368699951980659, 12.659718091884827 ], [ 5.383197290830935, 12.726526225277837 ], [ 5.322696494723459, 12.765350455657085 ], [ 5.315082115549842, 12.776320609110769 ], [ 5.313942678775675, 12.778622321674675 ], [ 5.310269138279693, 12.78210640504193 ], [ 5.296053674620964, 12.796010644489229 ], [ 5.275250562486178, 12.812971866013584 ], [ 5.27056007929923, 12.822986884818306 ], [ 5.270407807195795, 12.823202360964729 ], [ 5.258156400871542, 12.84053837074373 ], [ 5.260777427652386, 12.864451951991896 ], [ 5.257714950571597, 12.876327372060643 ], [ 5.254770921571264, 12.880940652195193 ], [ 5.247212861435912, 12.890081975406247 ], [ 5.243290756770989, 12.900893307752085 ], [ 5.241507515559363, 12.909142766357206 ], [ 5.236203070955241, 12.931558337587489 ], [ 5.227632681132093, 12.937242903449885 ], [ 5.209616393890883, 12.945780111250542 ], [ 5.198200898134587, 12.948903284372591 ], [ 5.199600000085184, 12.953899997767621 ], [ 5.200032307378933, 12.957627913300541 ], [ 5.205623374177776, 12.95689851080499 ], [ 5.213500000529621, 12.963599999358337 ], [ 5.217599999315325, 12.970899999318306 ], [ 5.222064465348751, 12.980690536970542 ], [ 5.225000799343832, 12.990917506919288 ], [ 5.241739942717288, 12.997783401584343 ], [ 5.243249776743198, 13.004888535411965 ], [ 5.247400000563061, 13.005600001895345 ], [ 5.251100000077031, 13.005600001895345 ], [ 5.256448553711095, 13.007429932138677 ], [ 5.257800001629391, 13.007900000458108 ], [ 5.259476425768412, 13.008739904028744 ], [ 5.260799999667711, 13.009799997749042 ], [ 5.264429434133774, 13.012949555889008 ], [ 5.267248435049112, 13.015086819341207 ], [ 5.26756751426592, 13.015328731505576 ], [ 5.269387244502354, 13.016708374442942 ], [ 5.271215568744594, 13.017851068219386 ], [ 5.273174561075678, 13.019075424051266 ], [ 5.276366711244577, 13.02107048040682 ], [ 5.2778149572286, 13.027335758663753 ], [ 5.283821899309999, 13.029986340464689 ], [ 5.292119394947804, 13.030498006812365 ], [ 5.300999509981409, 13.024241398561287 ], [ 5.304275248207091, 13.022592945441261 ], [ 5.30758576745643, 13.015549578655623 ], [ 5.308591542139823, 13.011379100821955 ], [ 5.309312920629964, 13.009498095543904 ], [ 5.311229228932007, 13.006312370379362 ], [ 5.313822331693927, 13.003469115447501 ], [ 5.31800549453618, 12.999671095866915 ], [ 5.32275908876602, 12.997911017671015 ], [ 5.328782456858619, 12.995724809185617 ], [ 5.336116689841901, 12.993788682870104 ], [ 5.345481271204676, 12.98795244990464 ] ] ] ] } },
{ "type": "Feature", "properties": { "fid": 210.0, "OBJECTID": 210.0, "lganame": "Wurno", "statecode": "SO", "LGA_UID": "33_22" }, "geometry": { "type": "MultiPolygon", "coordinates": [ [ [ [ 5.522135963233211, 13.310900737332872 ], [ 5.523541085187958, 13.30620610314304 ], [ 5.524816810054745, 13.307551033056882 ], [ 5.526238332020569, 13.309049660075118 ], [ 5.528199608353191, 13.309444267343224 ], [ 5.530030132596949, 13.309380647300031 ], [ 5.531213477400968, 13.31091982634581 ], [ 5.532045355966204, 13.313174935878067 ], [ 5.532223616087322, 13.314504862781689 ], [ 5.534103486364586, 13.315413708399205 ], [ 5.535313453186689, 13.316991229471057 ], [ 5.537983734001045, 13.317289645673782 ], [ 5.538505603355645, 13.317541946845211 ], [ 5.546358338691221, 13.314625238863471 ], [ 5.589877258260231, 13.287210021236092 ], [ 5.607060703935588, 13.292058617530529 ], [ 5.606765980735361, 13.294095315914376 ], [ 5.602487745828512, 13.293973877831831 ], [ 5.609235070412979, 13.301843189178669 ], [ 5.636144695696828, 13.290515216481822 ], [ 5.712144718335253, 13.289083274508926 ], [ 5.750856607638184, 13.30444833894876 ], [ 5.772557292382771, 13.308445833664848 ], [ 5.804537248111615, 13.310159045828925 ], [ 5.851601116089341, 13.291142281907923 ], [ 5.860999499475099, 13.220641180005714 ], [ 5.819618950358915, 13.223514561958041 ], [ 5.772142065100638, 13.229679262146647 ], [ 5.744264401159057, 13.23010073743302 ], [ 5.733834444072386, 13.231701788520866 ], [ 5.721959234003748, 13.237895746729407 ], [ 5.711759661073643, 13.246199732371565 ], [ 5.634325981461075, 13.256630898459036 ], [ 5.612904009905833, 13.241185081964318 ], [ 5.601610941232764, 13.234440226381537 ], [ 5.560376451215859, 13.208057068455389 ], [ 5.541631770479739, 13.196040100290418 ], [ 5.522168617255431, 13.178684998498454 ], [ 5.509056081346046, 13.173819090192296 ], [ 5.516609815478489, 13.162898491772296 ], [ 5.524968676157926, 13.164112167596898 ], [ 5.528829930781455, 13.161119317563418 ], [ 5.516483510392675, 13.152031019388346 ], [ 5.495238227957486, 13.169225660071277 ], [ 5.477557529944249, 13.166957881530436 ], [ 5.468018659463041, 13.164987671191795 ], [ 5.46039196928109, 13.160389918067835 ], [ 5.45430000114186, 13.153299998250532 ], [ 5.450220922370363, 13.150619150429065 ], [ 5.444702357620713, 13.143774349778312 ], [ 5.445196148956256, 13.142476158896272 ], [ 5.431480598637165, 13.143523264607722 ], [ 5.416032187140672, 13.146705716770043 ], [ 5.414280468950494, 13.145147935711634 ], [ 5.415079073493075, 13.143259282428346 ], [ 5.416748571627465, 13.142456673883032 ], [ 5.416619236539589, 13.139037531559893 ], [ 5.418102358547287, 13.134426853427158 ], [ 5.418273487663555, 13.12781621193551 ], [ 5.414451598066762, 13.126705162180599 ], [ 5.403812782838202, 13.13259782118439 ], [ 5.401046461958629, 13.130816020973725 ], [ 5.391463215447232, 13.120927623255056 ], [ 5.383844318270576, 13.116424844195592 ], [ 5.384024851393235, 13.111102075579026 ], [ 5.379372305232039, 13.109732643648556 ], [ 5.376735460440443, 13.114755482061355 ], [ 5.376022860956255, 13.116689284375298 ], [ 5.374070176629459, 13.118738508767649 ], [ 5.368988572176761, 13.117164025697832 ], [ 5.366378211403173, 13.116176798027084 ], [ 5.361325955970358, 13.112962835843348 ], [ 5.356997967029713, 13.10785803237485 ], [ 5.35660300776135, 13.105800874977149 ], [ 5.34390818713581, 13.105904613047642 ], [ 5.335000001083131, 13.109200001286695 ], [ 5.326844591541942, 13.118491221599641 ], [ 5.326669645423067, 13.119314726159132 ], [ 5.32697940863352, 13.129151837842983 ], [ 5.327599999055167, 13.137699998651101 ], [ 5.330371628938394, 13.140894674821709 ], [ 5.333545327094726, 13.14321931740119 ], [ 5.33889999973303, 13.140200000349694 ], [ 5.344200000334126, 13.142700002048343 ], [ 5.341351040398365, 13.145262321789346 ], [ 5.328568344713119, 13.154909602344219 ], [ 5.328436974623855, 13.156271698269677 ], [ 5.328883951927594, 13.157893969371912 ], [ 5.329635686438337, 13.158724883936486 ], [ 5.330875030280424, 13.159793198662385 ], [ 5.332816439599526, 13.161332504708241 ], [ 5.334812949956017, 13.165533041562355 ], [ 5.336159942871291, 13.17042666888733 ], [ 5.336445159065079, 13.171086238335477 ], [ 5.338173016239068, 13.17216084806563 ], [ 5.338699999597111, 13.172600001364003 ], [ 5.339400001072704, 13.17350000097548 ], [ 5.339899998412477, 13.174400001587003 ], [ 5.340300000684238, 13.174899998926719 ], [ 5.341499999499604, 13.175999998674115 ], [ 5.342199999975207, 13.177099999421557 ], [ 5.343899999130258, 13.178399999304816 ], [ 5.345220842027743, 13.179219153861425 ], [ 5.346599999964781, 13.180500000731683 ], [ 5.346799999100654, 13.180900000003476 ], [ 5.347300000440384, 13.181400001343206 ], [ 5.347499999576314, 13.181999999750872 ], [ 5.347699999712177, 13.182399999022607 ], [ 5.348227948070928, 13.18322199058116 ], [ 5.347015427247072, 13.189765488027149 ], [ 5.342887993442673, 13.202243407505307 ], [ 5.336934850397768, 13.226643285083867 ], [ 5.336539609129204, 13.236292977640403 ], [ 5.336978689427553, 13.244515504227195 ], [ 5.347566930621781, 13.256995861707026 ], [ 5.354509738339061, 13.266319093041716 ], [ 5.364248447956072, 13.275858044522977 ], [ 5.374449729887374, 13.289174079570614 ], [ 5.378701817776459, 13.293974824832503 ], [ 5.388643264531197, 13.305198669458548 ], [ 5.392483063140162, 13.308324307582268 ], [ 5.394321880389555, 13.309821111599319 ], [ 5.395389582115001, 13.310439604019507 ], [ 5.40163822636066, 13.312839574650184 ], [ 5.403277357474394, 13.31404092446644 ], [ 5.403293243485166, 13.314055478476348 ], [ 5.416680278581055, 13.312127285166241 ], [ 5.421909233133874, 13.311017074411893 ], [ 5.429489685284409, 13.310020210734592 ], [ 5.429826895513543, 13.311865177988125 ], [ 5.43539313929557, 13.320424316803667 ], [ 5.43712506047234, 13.322512396222407 ], [ 5.441655331550407, 13.328709071432797 ], [ 5.443053683500523, 13.334439918326609 ], [ 5.463770950576929, 13.354141477712915 ], [ 5.478200000380809, 13.367299999653483 ], [ 5.485311565212783, 13.377247041412033 ], [ 5.497165549266981, 13.336164545498434 ], [ 5.507351145187613, 13.32776997879472 ], [ 5.510204639126471, 13.324734502732213 ], [ 5.522135963233211, 13.310900737332872 ] ] ] ] } },
{ "type": "Feature", "properties": { "fid": 213.0, "OBJECTID": 213.0, "lganame": "Rabah", "statecode": "SO", "LGA_UID": "33_12" }, "geometry": { "type": "MultiPolygon", "coordinates": [ [ [ [ 5.705350111718644, 13.18533540301712 ], [ 5.721347369587988, 13.107001794793121 ], [ 5.765367948497953, 13.104795035293705 ], [ 5.784833585723902, 13.1067230296037 ], [ 5.806278779294928, 13.111221626660267 ], [ 5.85362316846323, 13.121182513428209 ], [ 5.901800566197494, 13.114677786008599 ], [ 5.91313758990043, 13.113277926057435 ], [ 5.940275400339317, 13.105582583828834 ], [ 5.997306826089471, 13.087461432516363 ], [ 6.023259831723351, 13.085413832125084 ], [ 6.023250551717013, 13.085324615064451 ], [ 6.026799999128741, 13.079500001106908 ], [ 6.031500001322172, 13.068599998700904 ], [ 6.034699999496411, 13.058800001042243 ], [ 6.039599999825725, 13.046500000684944 ], [ 6.045099999562694, 13.035799999414849 ], [ 6.046889103778312, 13.03119643228689 ], [ 6.047699999329268, 13.028900000726594 ], [ 6.048070491581029, 13.026559801136557 ], [ 6.048553235909026, 13.023510538064727 ], [ 6.049699998688197, 13.019499999339757 ], [ 6.049800000756136, 13.018100001388518 ], [ 6.050200000027928, 13.016100001029599 ], [ 6.051100000639451, 13.013400000195077 ], [ 6.052099999318898, 13.010999999564376 ], [ 6.053300001134232, 13.008599999933722 ], [ 6.053800002473963, 13.005699999963269 ], [ 6.054699998085482, 13.003300000332615 ], [ 6.054900002221359, 13.000300001294249 ], [ 6.055799997832878, 12.998199998867392 ], [ 6.056100000036679, 12.995499998032869 ], [ 6.055699999764897, 12.993999999013681 ], [ 6.055599998696948, 12.992800001198361 ], [ 6.055799997832878, 12.990899998907366 ], [ 6.05660000137641, 12.989599999024108 ], [ 6.056999999648212, 12.988400001208731 ], [ 6.056999999648212, 12.986299998781874 ], [ 6.057199999784075, 12.985500000238346 ], [ 6.056899997580274, 12.980900001112843 ], [ 6.057100001716151, 12.979999999501331 ], [ 6.057199999784075, 12.97789999807452 ], [ 6.056207131109488, 12.97378922628144 ], [ 6.055699999764897, 12.972199999201621 ], [ 6.055799997832878, 12.971099999454225 ], [ 6.055399998561086, 12.966699999464595 ], [ 6.04872942302876, 12.948325018979688 ], [ 6.043884558736863, 12.937953989933078 ], [ 6.034879429618343, 12.933061136608615 ], [ 6.021200001323791, 12.926100000878819 ], [ 6.005788093852118, 12.919101791123865 ], [ 6.009253555206726, 12.879831672441696 ], [ 6.030171060419207, 12.79534647903796 ], [ 6.034077603073513, 12.784066277373597 ], [ 6.024413256507046, 12.748793268407212 ], [ 5.986103860477613, 12.754733576443414 ], [ 5.961673507878345, 12.754693031415854 ], [ 5.961300000624533, 12.75860000007043 ], [ 5.958900000993879, 12.760799999565222 ], [ 5.95320000112099, 12.763999998739507 ], [ 5.95070000042233, 12.765299997622776 ], [ 5.947500002248091, 12.772500000514867 ], [ 5.940896889761575, 12.777490365905578 ], [ 5.928838385568383, 12.787086478425692 ], [ 5.911360387692923, 12.799689003988476 ], [ 5.88795165278782, 12.817060757791808 ], [ 5.883320046640847, 12.820349435026287 ], [ 5.877001607347779, 12.818379607687859 ], [ 5.869569279297821, 12.815919362016245 ], [ 5.865735587693052, 12.815042295420312 ], [ 5.860601706204818, 12.813327269255069 ], [ 5.855372751651942, 12.811519527026803 ], [ 5.852045236391064, 12.81031435920795 ], [ 5.847814536516523, 12.810546122365395 ], [ 5.836032164510925, 12.814770255235487 ], [ 5.832255025944562, 12.819369875360735 ], [ 5.813132762951852, 12.839669228153184 ], [ 5.81097549848613, 12.839189741827397 ], [ 5.804840083317401, 12.83782604590084 ], [ 5.804840003317338, 12.837826028900793 ], [ 5.77132554954585, 12.833335982850031 ], [ 5.761356402772265, 12.831474906585527 ], [ 5.733987467176348, 12.826781768396756 ], [ 5.688884638531135, 12.856550402623157 ], [ 5.681712692658095, 12.865173591482176 ], [ 5.67488454401871, 12.867935782358984 ], [ 5.634680399701892, 12.882928361545737 ], [ 5.63262445330497, 12.877097416583865 ], [ 5.629913807463197, 12.872757136634846 ], [ 5.626742773308649, 12.866474157365872 ], [ 5.62343073005826, 12.859911616906913 ], [ 5.588209408127057, 12.804081078972729 ], [ 5.576651096273679, 12.812865256941166 ], [ 5.571395873703011, 12.81969737958326 ], [ 5.568768023917528, 12.828105927296463 ], [ 5.562461852632794, 12.837039948366737 ], [ 5.548707324287193, 12.846031207475846 ], [ 5.5469960291245, 12.85585640315162 ], [ 5.542186383856574, 12.866398389314384 ], [ 5.543537432774542, 12.873904549414476 ], [ 5.544524160444951, 12.881251826406583 ], [ 5.544714303574153, 12.884032190295727 ], [ 5.548136891899617, 12.885515038303254 ], [ 5.546235453607721, 12.892002396711121 ], [ 5.548136891899617, 12.897377510363242 ], [ 5.547376317382884, 12.902196477637517 ], [ 5.548517180158001, 12.905903314156149 ], [ 5.549467898803982, 12.909424756548788 ], [ 5.546045311478508, 12.911092790682119 ], [ 5.549467898803982, 12.912204808437707 ], [ 5.548517180158001, 12.915355495578467 ], [ 5.552320054741926, 12.917023490711756 ], [ 5.552890487129503, 12.919803457600608 ], [ 5.556503218584169, 12.92054477710434 ], [ 5.557263794100948, 12.923695359245016 ], [ 5.558915275223058, 12.926364224058375 ], [ 5.555034871586486, 12.928415971452409 ], [ 5.551721807335412, 12.928562747552178 ], [ 5.55187240143772, 12.930764382048039 ], [ 5.550517055516821, 12.933993411242056 ], [ 5.550818242721505, 12.936488540937376 ], [ 5.549312304698276, 12.93854333633351 ], [ 5.549312304698276, 12.941331958228204 ], [ 5.547505178470431, 12.943093177424885 ], [ 5.546601614856513, 12.945881748319607 ], [ 5.547505178470431, 12.949257345613148 ], [ 5.548408741084359, 12.952045847507804 ], [ 5.547203990265757, 12.953806991704425 ], [ 5.54017951549298, 12.981005427184471 ], [ 5.533173578732772, 12.999361153656366 ], [ 5.52905687593568, 13.010146382984374 ], [ 5.513896360634817, 13.033971601172539 ], [ 5.478802829790425, 13.036397866821062 ], [ 5.476892676492525, 13.072299998214874 ], [ 5.473893157454484, 13.077235051567982 ], [ 5.470729665305043, 13.08517341496173 ], [ 5.470932412442835, 13.089903393175518 ], [ 5.474487356858219, 13.094655995404707 ], [ 5.477890930170815, 13.105274255619292 ], [ 5.474539645893742, 13.106246510279902 ], [ 5.467337951000559, 13.107288204987697 ], [ 5.45585802020048, 13.109718811639198 ], [ 5.433825109230156, 13.100343483269114 ], [ 5.421346922751809, 13.098190578806282 ], [ 5.413717403567887, 13.091245600087518 ], [ 5.409795688903273, 13.082798958348405 ], [ 5.408892824289865, 13.080817176001858 ], [ 5.406391526590312, 13.082798958348405 ], [ 5.403993501960997, 13.084752110675481 ], [ 5.403053583322333, 13.083870464076426 ], [ 5.402962066260159, 13.082659068253349 ], [ 5.401414912208963, 13.081989290798276 ], [ 5.401130520015727, 13.084913993785449 ], [ 5.399695852040907, 13.085673044301188 ], [ 5.397165533321697, 13.083167738599002 ], [ 5.395312249062499, 13.083496287822186 ], [ 5.391988096803857, 13.081084606183595 ], [ 5.390412926733632, 13.07905899380728 ], [ 5.388779819624006, 13.07830548329531 ], [ 5.385355093297051, 13.081013248135093 ], [ 5.381960656990714, 13.082241213969439 ], [ 5.380942900299203, 13.082398072076046 ], [ 5.376058775980653, 13.079477610091715 ], [ 5.375113293338245, 13.079979948433049 ], [ 5.375280768452001, 13.083270724668978 ], [ 5.372405879498672, 13.085165012956054 ], [ 5.369319601401685, 13.085535633207826 ], [ 5.367332545051568, 13.086276870711458 ], [ 5.366156391252446, 13.088161164991789 ], [ 5.369738683686421, 13.089263877741018 ], [ 5.368459139817048, 13.093336408508094 ], [ 5.369766377705275, 13.095680341100717 ], [ 5.369558407563943, 13.096837830887182 ], [ 5.370538837230129, 13.099037045381408 ], [ 5.370717097351246, 13.101236239875675 ], [ 5.369771419708684, 13.103571813462565 ], [ 5.369486743515267, 13.1053066126413 ], [ 5.369399998456345, 13.107199999927786 ], [ 5.368344847739365, 13.107484371120961 ], [ 5.364225108940218, 13.109910024769079 ], [ 5.362977290092374, 13.110980641496553 ], [ 5.361325955970358, 13.112962835843348 ], [ 5.366378211403173, 13.116176798027084 ], [ 5.368988572176761, 13.117164025697832 ], [ 5.374070176629459, 13.118738508767649 ], [ 5.376022860956255, 13.116689284375298 ], [ 5.376735460440443, 13.114755482061355 ], [ 5.379372305232039, 13.109732643648556 ], [ 5.384024851393235, 13.111102075579026 ], [ 5.383844318270576, 13.116424844195592 ], [ 5.391463215447232, 13.120927623255056 ], [ 5.401046461958629, 13.130816020973725 ], [ 5.403812782838202, 13.13259782118439 ], [ 5.414451598066762, 13.126705162180599 ], [ 5.418273487663555, 13.12781621193551 ], [ 5.418102358547287, 13.134426853427158 ], [ 5.416619236539589, 13.139037531559893 ], [ 5.416748571627465, 13.142456673883032 ], [ 5.415079073493075, 13.143259282428346 ], [ 5.414280468950494, 13.145147935711634 ], [ 5.416032187140672, 13.146705716770043 ], [ 5.431480598637165, 13.143523264607722 ], [ 5.445196148956256, 13.142476158896272 ], [ 5.444702357620713, 13.143774349778312 ], [ 5.450220922370363, 13.150619150429065 ], [ 5.45430000114186, 13.153299998250532 ], [ 5.46039196928109, 13.160389918067835 ], [ 5.468018659463041, 13.164987671191795 ], [ 5.477557529944249, 13.166957881530436 ], [ 5.495238227957486, 13.169225660071277 ], [ 5.516483510392675, 13.152031019388346 ], [ 5.528829930781455, 13.161119317563418 ], [ 5.524968676157926, 13.164112167596898 ], [ 5.516609815478489, 13.162898491772296 ], [ 5.509056081346046, 13.173819090192296 ], [ 5.522168617255431, 13.178684998498454 ], [ 5.541631770479739, 13.196040100290418 ], [ 5.560376451215859, 13.208057068455389 ], [ 5.601610941232764, 13.234440226381537 ], [ 5.612904009905833, 13.241185081964318 ], [ 5.634325981461075, 13.256630898459036 ], [ 5.711759661073643, 13.246199732371565 ], [ 5.721959234003748, 13.237895746729407 ], [ 5.716440984254348, 13.215257485347763 ], [ 5.719970527652492, 13.214936438129598 ], [ 5.705350111718644, 13.18533540301712 ] ] ] ] } },
{ "type": "Feature", "properties": { "fid": 239.0, "OBJECTID": 239.0, "lganame": "Sabon Birni", "statecode": "SO", "LGA_UID": "33_13" }, "geometry": { "type": "MultiPolygon", "coordinates": [ [ [ [ 6.04431473702914, 13.692413988553199 ], [ 6.059488211338817, 13.687481379201699 ], [ 6.069299630005219, 13.684266814017576 ], [ 6.075973676539945, 13.682105270548902 ], [ 6.089178450511952, 13.67759808248644 ], [ 6.096109903221532, 13.674678280502576 ], [ 6.103411424182582, 13.670909271941753 ], [ 6.109003140981883, 13.668096131030325 ], [ 6.116417259019443, 13.664424215535462 ], [ 6.138607039096371, 13.656386935074465 ], [ 6.155662935685029, 13.644746248165177 ], [ 6.162451069297276, 13.64746245901074 ], [ 6.167870166979299, 13.649291727253626 ], [ 6.171806142653566, 13.65062209515753 ], [ 6.172927743415642, 13.651079564468375 ], [ 6.176084377560414, 13.651952455061462 ], [ 6.189033170358528, 13.656664087262811 ], [ 6.209283482117655, 13.66453507361075 ], [ 6.223144963535901, 13.669911582263865 ], [ 6.226787135010568, 13.67125164517438 ], [ 6.232807261100959, 13.673522166717078 ], [ 6.276970866108059, 13.676625579825668 ], [ 6.29636128928297, 13.679041031466852 ], [ 6.342527577650799, 13.651501028754751 ], [ 6.357264306663694, 13.64320420411741 ], [ 6.363711147044, 13.639574521651241 ], [ 6.384984539498305, 13.627596836512964 ], [ 6.40300098973961, 13.611333770462977 ], [ 6.42308492738573, 13.604057019518791 ], [ 6.441326845780225, 13.598397171673184 ], [ 6.462026698844795, 13.590017139979352 ], [ 6.475520297013077, 13.580613169589753 ], [ 6.478800277241646, 13.578533852176975 ], [ 6.495342786481501, 13.568414244301152 ], [ 6.529711274833289, 13.519196307859886 ], [ 6.553669392111715, 13.484668363399805 ], [ 6.558644432492031, 13.477823501749015 ], [ 6.582333566587693, 13.454434980857627 ], [ 6.623119408299715, 13.413378040961334 ], [ 6.653053112638304, 13.370923409115449 ], [ 6.630814954528489, 13.354076960669033 ], [ 6.624284082091094, 13.348404105814609 ], [ 6.606134046758996, 13.34638112944009 ], [ 6.594900385126209, 13.344604049232657 ], [ 6.591437955773699, 13.343767377664165 ], [ 6.579556564700852, 13.330333552536558 ], [ 6.567754438681845, 13.320054281552245 ], [ 6.562399998043759, 13.314800001982235 ], [ 6.559999999413037, 13.31289999869125 ], [ 6.552145174076088, 13.30863286879196 ], [ 6.539242775309503, 13.306480591329546 ], [ 6.535000000426749, 13.305899999935093 ], [ 6.515444368139583, 13.313582148154751 ], [ 6.502095592069736, 13.319245265002564 ], [ 6.494005423572844, 13.31984013040676 ], [ 6.479609684791626, 13.317460668790034 ], [ 6.468307245112157, 13.312820719637386 ], [ 6.460217077615255, 13.309013583050614 ], [ 6.435470682801224, 13.299495738583687 ], [ 6.416680359034103, 13.291478748136512 ], [ 6.416109926646527, 13.293629948598152 ], [ 6.414841185784496, 13.296411861488309 ], [ 6.408623015559499, 13.299528306605794 ], [ 6.406840418348338, 13.301957001255971 ], [ 6.406973591438827, 13.306457758314025 ], [ 6.406403160051241, 13.309302716247089 ], [ 6.362450002187131, 13.300622686349413 ], [ 6.323708205863909, 13.311262448578589 ], [ 6.281209995988377, 13.302124837370059 ], [ 6.245412190665434, 13.303830615529023 ], [ 6.211496165621099, 13.304518236996216 ], [ 6.20993362855944, 13.359340575245426 ], [ 6.206469367205614, 13.359092109076641 ], [ 6.200047670842366, 13.357923531282609 ], [ 6.160363377878753, 13.337961843719597 ], [ 6.146419313404408, 13.344134867913851 ], [ 6.130029426268266, 13.356479476301445 ], [ 6.116300001939749, 13.366900001381737 ], [ 6.099859256769037, 13.35587541289101 ], [ 6.088256027885222, 13.37576121540252 ], [ 6.05651777832054, 13.394157678902047 ], [ 6.050928689523062, 13.40412580567488 ], [ 6.042072831505891, 13.423463322813859 ], [ 6.036288310575571, 13.436093473395431 ], [ 6.011252019564608, 13.468593769477877 ], [ 5.981769263532442, 13.483752896777787 ], [ 5.963956120429259, 13.48727893417356 ], [ 5.961867081009871, 13.487707647464845 ], [ 5.915372910419251, 13.565041319009424 ], [ 5.924539612647607, 13.59384517558027 ], [ 5.926800001183437, 13.612399999187403 ], [ 5.923999999280966, 13.621599998438398 ], [ 5.888549716194177, 13.619662371121876 ], [ 5.889400001771889, 13.627999998786891 ], [ 5.911699998923666, 13.647300000900316 ], [ 5.938861339378548, 13.648063653419229 ], [ 5.94736163315406, 13.686249667364791 ], [ 5.956091147085374, 13.690490365246148 ], [ 5.959038375087857, 13.692485564601782 ], [ 5.960445439043895, 13.693095206016039 ], [ 5.961186999547749, 13.693021309965843 ], [ 5.963069422826777, 13.692356246513953 ], [ 5.965845522713039, 13.69110001166041 ], [ 5.966734446316991, 13.68984205180567 ], [ 5.967922845124463, 13.689322465452619 ], [ 5.969527183214552, 13.688745144060363 ], [ 5.981809782559992, 13.712673590318616 ], [ 5.987842033658637, 13.710647117941733 ], [ 5.999022488255207, 13.707100358531875 ], [ 6.008491647689084, 13.703996900423192 ], [ 6.019957319479431, 13.700283779900303 ], [ 6.03153707534733, 13.696515180339759 ], [ 6.04431473702914, 13.692413988553199 ] ] ] ] } },
{ "type": "Feature", "properties": { "fid": 244.0, "OBJECTID": 244.0, "lganame": "Isa", "statecode": "SO", "LGA_UID": "33_09" }, "geometry": { "type": "MultiPolygon", "coordinates": [ [ [ [ 6.088256027885222, 13.37576121540252 ], [ 6.099859256769037, 13.35587541289101 ], [ 6.116300001939749, 13.366900001381737 ], [ 6.130029426268266, 13.356479476301445 ], [ 6.146419313404408, 13.344134867913851 ], [ 6.160363377878753, 13.337961843719597 ], [ 6.200047670842366, 13.357923531282609 ], [ 6.206469367205614, 13.359092109076641 ], [ 6.20993362855944, 13.359340575245426 ], [ 6.211496165621099, 13.304518236996216 ], [ 6.245412190665434, 13.303830615529023 ], [ 6.281209995988377, 13.302124837370059 ], [ 6.323708205863909, 13.311262448578589 ], [ 6.362450002187131, 13.300622686349413 ], [ 6.406403160051241, 13.309302716247089 ], [ 6.406973591438827, 13.306457758314025 ], [ 6.406840418348338, 13.301957001255971 ], [ 6.408623015559499, 13.299528306605794 ], [ 6.414841185784496, 13.296411861488309 ], [ 6.416109926646527, 13.293629948598152 ], [ 6.416680359034103, 13.291478748136512 ], [ 6.435470682801224, 13.299495738583687 ], [ 6.460217077615255, 13.309013583050614 ], [ 6.468307245112157, 13.312820719637386 ], [ 6.479609684791626, 13.317460668790034 ], [ 6.494005423572844, 13.31984013040676 ], [ 6.502095592069736, 13.319245265002564 ], [ 6.515444368139583, 13.313582148154751 ], [ 6.535000000426749, 13.305899999935093 ], [ 6.539242775309503, 13.306480591329546 ], [ 6.552145174076088, 13.30863286879196 ], [ 6.559999999413037, 13.31289999869125 ], [ 6.562399998043759, 13.314800001982235 ], [ 6.567754438681845, 13.320054281552245 ], [ 6.579556564700852, 13.330333552536558 ], [ 6.591437955773699, 13.343767377664165 ], [ 6.594900385126209, 13.344604049232657 ], [ 6.606134046758996, 13.34638112944009 ], [ 6.624284082091094, 13.348404105814609 ], [ 6.630814954528489, 13.354076960669033 ], [ 6.653053112638304, 13.370923409115449 ], [ 6.661325804259207, 13.362428556343559 ], [ 6.679165840380676, 13.343887328745666 ], [ 6.712553536066025, 13.31145673971065 ], [ 6.735370789569288, 13.281849305593767 ], [ 6.744196503565945, 13.264388107729701 ], [ 6.748262538328618, 13.249290282471463 ], [ 6.753069697594867, 13.207041330765264 ], [ 6.764212913166148, 13.186405697744306 ], [ 6.779971642873477, 13.156443510386396 ], [ 6.788173973446533, 13.140930153845829 ], [ 6.792771963570658, 13.132260001954876 ], [ 6.743458595064567, 13.118467015583178 ], [ 6.687695734176316, 13.132893988385604 ], [ 6.685600000752345, 13.127700000856578 ], [ 6.684199999801137, 13.118299998469695 ], [ 6.68320000212168, 13.107199999927786 ], [ 6.657177229440435, 13.092758287115316 ], [ 6.606790565205074, 13.046604266755821 ], [ 6.581262969860234, 13.022535603402275 ], [ 6.574038297951404, 13.025393886344375 ], [ 6.560280014603336, 13.02774738294346 ], [ 6.551296491499443, 13.032534530196074 ], [ 6.546019231913817, 13.040627688694997 ], [ 6.542899684794179, 13.044245632153206 ], [ 6.536189795235146, 13.049048418416476 ], [ 6.528943141311402, 13.052912882042222 ], [ 6.525432793926257, 13.058042297527436 ], [ 6.521867597503899, 13.066608897348033 ], [ 6.520095767300006, 13.074176161489618 ], [ 6.519447033859251, 13.076946757372127 ], [ 6.521078775967908, 13.078709682569922 ], [ 6.523289197469808, 13.079820950324972 ], [ 6.525143098729416, 13.081071118174407 ], [ 6.526497872649941, 13.082946359448556 ], [ 6.526783088843729, 13.085238301005802 ], [ 6.525214402777863, 13.087044059232767 ], [ 6.522362245839986, 13.088224739034956 ], [ 6.520009217241181, 13.089683219025915 ], [ 6.519153569659863, 13.091558395300012 ], [ 6.518725746369171, 13.093433555574109 ], [ 6.519153569659863, 13.094961454612246 ], [ 6.520579647628779, 13.097253285169415 ], [ 6.52250485393688, 13.099961784009736 ], [ 6.52300398127602, 13.101906329330973 ], [ 6.522790070130668, 13.103642516510604 ], [ 6.522647462033774, 13.106142606209346 ], [ 6.52200572659774, 13.108225994624888 ], [ 6.520579647628779, 13.111142708606678 ], [ 6.519296177756758, 13.112948275833446 ], [ 6.519655074000582, 13.113833308434778 ], [ 6.519952174202444, 13.115048582260499 ], [ 6.520546372606191, 13.117189763715317 ], [ 6.520605792646563, 13.119504535288115 ], [ 6.520486952565818, 13.121819283860873 ], [ 6.519417393839092, 13.123034518686552 ], [ 6.517456536506756, 13.123323858883168 ], [ 6.516030457537852, 13.124134011433625 ], [ 6.515139158932243, 13.125059896062737 ], [ 6.513713080963271, 13.126795921242262 ], [ 6.511692802590574, 13.129399934011587 ], [ 6.508712879565849, 13.131519960452067 ], [ 6.501413154606041, 13.128531933421812 ], [ 6.494461022882433, 13.125407102298652 ], [ 6.492500164550108, 13.12419187947296 ], [ 6.489113229248858, 13.12291878160795 ], [ 6.481804578282947, 13.12083551819245 ], [ 6.475624905084146, 13.119562404327439 ], [ 6.462800000370237, 13.116900000518456 ], [ 6.452365363280364, 13.116934579541976 ], [ 6.450466207990019, 13.11941580322781 ], [ 6.450394903941572, 13.122054616020762 ], [ 6.451107944426042, 13.12379066120036 ], [ 6.452320110249616, 13.125665577474251 ], [ 6.453888796315482, 13.126151663804535 ], [ 6.455580338464813, 13.123736268163384 ], [ 6.458642390545322, 13.124392487609271 ], [ 6.460910418086371, 13.124567900728437 ], [ 6.464227865340376, 13.128211736204264 ], [ 6.466248141713095, 13.130642135855624 ], [ 6.46436156743124, 13.134037296162433 ], [ 6.463395985775151, 13.136312974708687 ], [ 6.4613757084025, 13.137354544416382 ], [ 6.459236589949057, 13.138859024438602 ], [ 6.455790233607445, 13.139437666831725 ], [ 6.455044199100541, 13.139280646725069 ], [ 6.452982300699546, 13.138846675430216 ], [ 6.45178827288828, 13.139992644208803 ], [ 6.451090316414081, 13.140662505663954 ], [ 6.450798960216105, 13.140942133853969 ], [ 6.450323599893125, 13.14337240750524 ], [ 6.450252296844667, 13.146219270439531 ], [ 6.450798960216105, 13.149274400515367 ], [ 6.451630838781341, 13.151820315245175 ], [ 6.452658914479855, 13.153572250435559 ], [ 6.453056916750256, 13.154250480896337 ], [ 6.4531982668463, 13.157197728898893 ], [ 6.451820982910533, 13.158092408506775 ], [ 6.448754913827258, 13.158370135695463 ], [ 6.437121373922821, 13.153363374293633 ], [ 6.412645468292567, 13.138048243887681 ], [ 6.40260160346827, 13.129135537831928 ], [ 6.398355438583167, 13.130108503493034 ], [ 6.395502914645022, 13.127191708511191 ], [ 6.391735744085395, 13.129825654300816 ], [ 6.359030960864061, 13.137130269263992 ], [ 6.362132410971356, 13.143994239927736 ], [ 6.369346604873044, 13.149026046346592 ], [ 6.355912950745505, 13.16413497361242 ], [ 6.347899999301092, 13.157299998968369 ], [ 6.336899999827097, 13.168599999646176 ], [ 6.333742673681854, 13.172136946049363 ], [ 6.327321070318646, 13.179550003086206 ], [ 6.300037315780628, 13.182450693057092 ], [ 6.258309332428439, 13.160332856029072 ], [ 6.261105985328641, 13.135798588359194 ], [ 6.261106122328727, 13.135798573359182 ], [ 6.261105670328391, 13.13579691035801 ], [ 6.229355020755349, 13.135458897128387 ], [ 6.19085331059523, 13.100765340555711 ], [ 6.144388405024529, 13.079048208799975 ], [ 6.113650082139259, 13.064680439037716 ], [ 6.102000002223576, 13.059799998721701 ], [ 6.046889103778312, 13.03119643228689 ], [ 6.045099999562694, 13.035799999414849 ], [ 6.039599999825725, 13.046500000684944 ], [ 6.034699999496411, 13.058800001042243 ], [ 6.031500001322172, 13.068599998700904 ], [ 6.026799999128741, 13.079500001106908 ], [ 6.023250551717013, 13.085324615064451 ], [ 6.023259831723351, 13.085413832125084 ], [ 6.023299999750634, 13.085800000387451 ], [ 6.017700001945684, 13.095400001910207 ], [ 6.011999998072838, 13.104800001297065 ], [ 6.011100002461319, 13.10790000140338 ], [ 6.011100002461319, 13.113400001140405 ], [ 6.012469112391557, 13.116353881147404 ], [ 6.012899998684304, 13.119899998556832 ], [ 6.012300000276639, 13.126099999769451 ], [ 6.011900000004857, 13.131299999302598 ], [ 6.015993555786281, 13.139404525809255 ], [ 5.99799297555569, 13.18247168707137 ], [ 5.983187407496018, 13.254462513985743 ], [ 5.991798694346983, 13.315451381424793 ], [ 6.028123952028295, 13.355499744635779 ], [ 6.05651777832054, 13.394157678902047 ], [ 6.088256027885222, 13.37576121540252 ] ] ] ] } },
{ "type": "Feature", "properties": { "fid": 391.0, "OBJECTID": 391.0, "lganame": "Gada", "statecode": "SO", "LGA_UID": "33_04" }, "geometry": { "type": "MultiPolygon", "coordinates": [ [ [ [ 5.767561778988522, 13.785461573774626 ], [ 5.795512914980009, 13.774565988371592 ], [ 5.809013124152784, 13.769764382109145 ], [ 5.824978341000417, 13.763800315056812 ], [ 5.838348748084968, 13.760874696068981 ], [ 5.853982127707127, 13.759237438956575 ], [ 5.859496298453735, 13.758683375580119 ], [ 5.861822851034503, 13.757634614867527 ], [ 5.876133878758196, 13.750741666184069 ], [ 5.91035976001308, 13.739567407591721 ], [ 5.92348129892855, 13.736220035317331 ], [ 5.944205353009522, 13.724883068614361 ], [ 5.950486634277354, 13.722732867153411 ], [ 5.95064967438816, 13.722688634123358 ], [ 5.951042803655241, 13.72256662304045 ], [ 5.974057927292961, 13.715277721088 ], [ 5.976259164788587, 13.714538247585551 ], [ 5.981809782559992, 13.712673590318616 ], [ 5.969527183214552, 13.688745144060363 ], [ 5.967922845124463, 13.689322465452619 ], [ 5.966734446316991, 13.68984205180567 ], [ 5.965845522713039, 13.69110001166041 ], [ 5.963069422826777, 13.692356246513953 ], [ 5.961186999547749, 13.693021309965843 ], [ 5.960445439043895, 13.693095206016039 ], [ 5.959038375087857, 13.692485564601782 ], [ 5.956091147085374, 13.690490365246148 ], [ 5.94736163315406, 13.686249667364791 ], [ 5.938861339378548, 13.648063653419229 ], [ 5.911699998923666, 13.647300000900316 ], [ 5.889400001771889, 13.627999998786891 ], [ 5.888549716194177, 13.619662371121876 ], [ 5.923999999280966, 13.621599998438398 ], [ 5.926800001183437, 13.612399999187403 ], [ 5.924539612647607, 13.59384517558027 ], [ 5.915372910419251, 13.565041319009424 ], [ 5.877027471365352, 13.568651389462275 ], [ 5.862305029362119, 13.570037433404025 ], [ 5.849960135974356, 13.57095527402771 ], [ 5.838962742502133, 13.574405309371798 ], [ 5.833297555652905, 13.579195082626256 ], [ 5.821528949656681, 13.578719260302933 ], [ 5.800021923043687, 13.577011557142669 ], [ 5.794925618580976, 13.559375429159729 ], [ 5.788781957406627, 13.543186468160059 ], [ 5.775654530487202, 13.525591342205018 ], [ 5.77643214401553, 13.513357277892567 ], [ 5.775352820282194, 13.50573729171515 ], [ 5.774088851423357, 13.503468238173411 ], [ 5.772264721183944, 13.501798244038753 ], [ 5.769846392540842, 13.502479000501296 ], [ 5.761751723040902, 13.506956946543824 ], [ 5.743663224750605, 13.500131070905979 ], [ 5.701962319416793, 13.483934986901488 ], [ 5.695779610215936, 13.492454535690115 ], [ 5.692007092652659, 13.496874271693116 ], [ 5.701743040267786, 13.516145732787152 ], [ 5.681677306634072, 13.54816866654528 ], [ 5.674497333755596, 13.59217212444355 ], [ 5.688254211102787, 13.59524690553269 ], [ 5.688828584493024, 13.595604300775562 ], [ 5.688968220587924, 13.595693821836392 ], [ 5.688887411533017, 13.595848731941601 ], [ 5.688939651568489, 13.595921175990838 ], [ 5.688968220587924, 13.596034575067904 ], [ 5.689158364717116, 13.59607211609341 ], [ 5.689306914818019, 13.596075004095383 ], [ 5.689502999951287, 13.596158748152277 ], [ 5.689693144080479, 13.596277145232705 ], [ 5.690085321346942, 13.596358712288122 ], [ 5.689991211282972, 13.596744014549927 ], [ 5.689874892203932, 13.597045981755116 ], [ 5.689700000085111, 13.597500000063576 ], [ 5.689399998881299, 13.59870000187891 ], [ 5.689499999949248, 13.599699999558368 ], [ 5.689499999949248, 13.600299998966022 ], [ 5.689335647837538, 13.601279165631354 ], [ 5.677949086100909, 13.602361539366768 ], [ 5.658199998682335, 13.607399999790175 ], [ 5.650899998722366, 13.611900001847687 ], [ 5.644030445054796, 13.617751337823393 ], [ 5.642224079827486, 13.618629129419844 ], [ 5.632573300270224, 13.611855297817328 ], [ 5.623729948261541, 13.607432968812589 ], [ 5.611956951262357, 13.611666350688949 ], [ 5.604420742141883, 13.594157563792521 ], [ 5.598488361111094, 13.587958178580379 ], [ 5.591999704702346, 13.586225469403075 ], [ 5.585744284452119, 13.585160860679707 ], [ 5.545400001040036, 13.568999997699166 ], [ 5.560683240424282, 13.556581409261298 ], [ 5.573999468472039, 13.535514513947362 ], [ 5.575091641214101, 13.504923721162356 ], [ 5.558708909082839, 13.493872671653662 ], [ 5.534097854360766, 13.506427244183897 ], [ 5.530920465201859, 13.517523310723163 ], [ 5.534284309487475, 13.529156948627701 ], [ 5.530555804954133, 13.556297981068724 ], [ 5.5246837079643, 13.564797210843551 ], [ 5.526617877278454, 13.56585442256187 ], [ 5.529319622114201, 13.566981360327588 ], [ 5.536123360737008, 13.570686259844877 ], [ 5.530655556021884, 13.600251278932944 ], [ 5.521620560883036, 13.633384101445131 ], [ 5.515816812939647, 13.648154727481085 ], [ 5.514300723909571, 13.652032588115901 ], [ 5.516848031640336, 13.65272633658725 ], [ 5.519441227402297, 13.653046118804582 ], [ 5.520383551042528, 13.653162321883485 ], [ 5.521099999529326, 13.653400000044996 ], [ 5.527245044704614, 13.654823303012051 ], [ 5.521600000869057, 13.662400000160062 ], [ 5.500573755582707, 13.662437010185215 ], [ 5.492855715338692, 13.660114829607437 ], [ 5.489572528107885, 13.676647267840451 ], [ 5.474200619663407, 13.670734312822844 ], [ 5.468758264965572, 13.670554349700581 ], [ 5.459299999539155, 13.678100000827499 ], [ 5.451877927496184, 13.68770323035244 ], [ 5.448764552380794, 13.698142439445405 ], [ 5.449477064864936, 13.713326507762247 ], [ 5.450343868453899, 13.725718465182013 ], [ 5.460804394561308, 13.733144280227464 ], [ 5.465100002479971, 13.747200000777696 ], [ 5.471299997692597, 13.748300000525091 ], [ 5.482600000370383, 13.755899998688903 ], [ 5.4904770847225, 13.774546099358076 ], [ 5.484117257401294, 13.781184619868668 ], [ 5.474419923812434, 13.779799590927553 ], [ 5.471744133994321, 13.774521591341454 ], [ 5.471115992567547, 13.771453915257098 ], [ 5.470794765349297, 13.767313653443978 ], [ 5.471794139028304, 13.765029370891909 ], [ 5.47169338295987, 13.764324082412713 ], [ 5.47015636491551, 13.763983463181262 ], [ 5.468052922486322, 13.763498052851446 ], [ 5.464876183327874, 13.764223372344247 ], [ 5.463662657503392, 13.764951486838982 ], [ 5.462667090826926, 13.765176107991635 ], [ 5.457108670050218, 13.763510484859921 ], [ 5.448021339875822, 13.759523394150847 ], [ 5.445300002026784, 13.759399999067 ], [ 5.434047074380942, 13.775829068229825 ], [ 5.432464771305888, 13.783773136627417 ], [ 5.428100001340226, 13.835999999113142 ], [ 5.419892268763419, 13.859696172213546 ], [ 5.42199922319503, 13.860377948676785 ], [ 5.451741276403368, 13.871105304965511 ], [ 5.485450584307216, 13.877492137305069 ], [ 5.53000089157706, 13.88571398689146 ], [ 5.544404283363519, 13.880037865034751 ], [ 5.557167684035619, 13.875261507789446 ], [ 5.591037046048257, 13.85740121465426 ], [ 5.602802192042134, 13.851239787467819 ], [ 5.608221289724156, 13.848539783633328 ], [ 5.609962717907365, 13.847830505151364 ], [ 5.615541825698131, 13.844547414920669 ], [ 5.631608974615006, 13.836331687338486 ], [ 5.650338138340601, 13.829961991010578 ], [ 5.657374030121161, 13.827628023424779 ], [ 5.677053339492318, 13.820545598612568 ], [ 5.694356423248962, 13.81472940166077 ], [ 5.704053755837833, 13.811405796402539 ], [ 5.712039795263934, 13.807989818081523 ], [ 5.716768499476871, 13.806165015841657 ], [ 5.743413518580951, 13.795433359549975 ], [ 5.767561778988522, 13.785461573774626 ] ] ] ] } },
{ "type": "Feature", "properties": { "fid": 638.0, "OBJECTID": 638.0, "lganame": "Tureta", "statecode": "SO", "LGA_UID": "33_20" }, "geometry": { "type": "MultiPolygon", "coordinates": [ [ [ [ 5.576505580174853, 12.679302436191506 ], [ 5.603646971616115, 12.677283367819598 ], [ 5.619008033053262, 12.681200571481156 ], [ 5.622471207406306, 12.68752554377869 ], [ 5.628365664411319, 12.689473297102097 ], [ 5.634355193480928, 12.691421034425503 ], [ 5.637302422483401, 12.692163024929641 ], [ 5.638915287579266, 12.694298716380729 ], [ 5.641295441196519, 12.700417531538221 ], [ 5.644718028521993, 12.70737336926436 ], [ 5.649186407558034, 12.71312338417124 ], [ 5.652133636560563, 12.718131354573927 ], [ 5.661260537761848, 12.721933638157395 ], [ 5.674533036779906, 12.734807394904522 ], [ 5.686345871806168, 12.71386463167488 ], [ 5.69411166508263, 12.689136610873334 ], [ 5.677433760750773, 12.631923897999968 ], [ 5.689997315287144, 12.627355332895888 ], [ 5.723075590762278, 12.62063488632964 ], [ 5.725484097398748, 12.576486352332779 ], [ 5.72548503839937, 12.576479369328069 ], [ 5.728314097321572, 12.551139776110972 ], [ 5.71723659579493, 12.486925721480532 ], [ 5.723343044943988, 12.473693380489806 ], [ 5.735906600480348, 12.448566271417121 ], [ 5.765153280352081, 12.409535242897334 ], [ 5.772623778427942, 12.383487566199165 ], [ 5.756741420636615, 12.338779033821822 ], [ 5.753822381653265, 12.336916926556626 ], [ 5.755110099528224, 12.331008721542275 ], [ 5.750510808403192, 12.323966730757547 ], [ 5.750572374445028, 12.323924794729066 ], [ 5.691546668339868, 12.32170088921805 ], [ 5.652600001877431, 12.348299999290873 ], [ 5.566670185492114, 12.351511994473299 ], [ 5.541099999118387, 12.272842643021136 ], [ 5.519275898289948, 12.260593000698123 ], [ 5.500670084648164, 12.257104436327779 ], [ 5.475761023723635, 12.252433949154408 ], [ 5.469656469575852, 12.252594914263796 ], [ 5.469178724251265, 12.254534694581764 ], [ 5.467301005975457, 12.262158424761708 ], [ 5.465052427447631, 12.271287603964595 ], [ 5.461995948370941, 12.27799490052189 ], [ 5.459100481403595, 12.284348705838966 ], [ 5.458048392688738, 12.287269598823571 ], [ 5.458048017688498, 12.287270639824328 ], [ 5.458045814687011, 12.287276755828486 ], [ 5.454237336099311, 12.29673090125209 ], [ 5.439932032379545, 12.30213789592591 ], [ 5.423431526168201, 12.308374476163351 ], [ 5.408216282830153, 12.314252843157419 ], [ 5.397233948368182, 12.318894711311373 ], [ 5.384537242741374, 12.324261084957584 ], [ 5.379866608567909, 12.326235141298866 ], [ 5.37568563472712, 12.328317083713443 ], [ 5.360102841139337, 12.337522020967754 ], [ 5.357841348602733, 12.337979927278866 ], [ 5.344947985842339, 12.340590556052689 ], [ 5.333532640086162, 12.346050570762486 ], [ 5.32164865401154, 12.349243069931674 ], [ 5.317332498078883, 12.351306281333507 ], [ 5.311578238169147, 12.355773550368838 ], [ 5.29286816845655, 12.348439419385613 ], [ 5.276165745108017, 12.342041245038331 ], [ 5.287262325647646, 12.359001394561972 ], [ 5.29203671689163, 12.361479816245946 ], [ 5.289838180397794, 12.369315417569851 ], [ 5.294606628637723, 12.374881455351726 ], [ 5.300552739677869, 12.391371938556233 ], [ 5.337788958978081, 12.437901388170815 ], [ 5.332934250679557, 12.456558439847413 ], [ 5.26157029519112, 12.452449789055777 ], [ 5.270135023010425, 12.553435367670716 ], [ 5.268530040919927, 12.571925536233948 ], [ 5.271409244876224, 12.590081191569823 ], [ 5.271625568023182, 12.595971252571871 ], [ 5.271959951250381, 12.605075580757841 ], [ 5.291253024359094, 12.622520923611091 ], [ 5.308782949269869, 12.617881924459141 ], [ 5.336017116774201, 12.616990720853607 ], [ 5.358081487765901, 12.623784739469841 ], [ 5.364807061335625, 12.626286813169884 ], [ 5.368287447700368, 12.623285502130614 ], [ 5.377936976256819, 12.619134882310448 ], [ 5.384115974455142, 12.617462780174321 ], [ 5.390710800936006, 12.616817187735705 ], [ 5.400979142912888, 12.617018672872575 ], [ 5.415550671813548, 12.613696116615074 ], [ 5.428453690580511, 12.610305527311311 ], [ 5.440195069558229, 12.604785144560481 ], [ 5.443284905657663, 12.602326449889915 ], [ 5.444853591723472, 12.600609987723658 ], [ 5.448573833251203, 12.600873407902668 ], [ 5.449073306590606, 12.603507004692062 ], [ 5.449036755565771, 12.605156266812628 ], [ 5.449226898694917, 12.607475766388632 ], [ 5.448704004339675, 12.608867455334234 ], [ 5.447563140564512, 12.610027191122185 ], [ 5.448513860210483, 12.612114700540587 ], [ 5.448989219533473, 12.613088867202464 ], [ 5.451651233342147, 12.613599142549162 ], [ 5.46198307136217, 12.62278204578854 ], [ 5.458799999199414, 12.628800000877447 ], [ 5.458534307018908, 12.632132614141824 ], [ 5.45870000113149, 12.633900002342671 ], [ 5.459800000878886, 12.63709999951692 ], [ 5.460999998694206, 12.638599998536108 ], [ 5.471299997692597, 12.645700000360193 ], [ 5.480599999011474, 12.658700000193107 ], [ 5.481899998894789, 12.659899998008427 ], [ 5.487000000360013, 12.662500000775026 ], [ 5.490499998738073, 12.665499999813392 ], [ 5.493099998504647, 12.669199999327361 ], [ 5.496452408782432, 12.670724687363304 ], [ 5.488344015273185, 12.692220591968749 ], [ 5.506827156831605, 12.721282911715264 ], [ 5.532520519289051, 12.784173057446139 ], [ 5.575800001695427, 12.750999997906604 ], [ 5.579230974026586, 12.740300226636634 ], [ 5.580181692672568, 12.737240078557363 ], [ 5.578850685768202, 12.734179895478121 ], [ 5.581702842706136, 12.731676079776889 ], [ 5.581417627512337, 12.728059414319546 ], [ 5.57913590196199, 12.723515326232075 ], [ 5.576800000374874, 12.721399999794812 ], [ 5.577199998646677, 12.718800001028228 ], [ 5.576600000238955, 12.715199999582182 ], [ 5.576499999171062, 12.713799997630929 ], [ 5.577300000714615, 12.712000001407944 ], [ 5.578200001326081, 12.710400000320817 ], [ 5.578299999394062, 12.709199998505483 ], [ 5.578400001462001, 12.707300000214502 ], [ 5.578299999394062, 12.706200000467106 ], [ 5.578000002190208, 12.701499999273665 ], [ 5.576900002442812, 12.698100000963564 ], [ 5.576800000374874, 12.69530000206106 ], [ 5.5760000008313, 12.694200002313664 ], [ 5.574425881761783, 12.693562880880791 ], [ 5.574624820896929, 12.689969950439547 ], [ 5.575970799811444, 12.683360366948648 ], [ 5.576505580174853, 12.679302436191506 ] ] ] ] } },
{ "type": "Feature", "properties": { "fid": 723.0, "OBJECTID": 723.0, "lganame": "Illela", "statecode": "SO", "LGA_UID": "33_08" }, "geometry": { "type": "MultiPolygon", "coordinates": [ [ [ [ 5.434047074380942, 13.775829068229825 ], [ 5.445300002026784, 13.759399999067 ], [ 5.448021339875822, 13.759523394150847 ], [ 5.457108670050218, 13.763510484859921 ], [ 5.462667090826926, 13.765176107991635 ], [ 5.463662657503392, 13.764951486838982 ], [ 5.464876183327874, 13.764223372344247 ], [ 5.468052922486322, 13.763498052851446 ], [ 5.47015636491551, 13.763983463181262 ], [ 5.47169338295987, 13.764324082412713 ], [ 5.471794139028304, 13.765029370891909 ], [ 5.470794765349297, 13.767313653443978 ], [ 5.471115992567547, 13.771453915257098 ], [ 5.471744133994321, 13.774521591341454 ], [ 5.474419923812434, 13.779799590927553 ], [ 5.484117257401294, 13.781184619868668 ], [ 5.4904770847225, 13.774546099358076 ], [ 5.482600000370383, 13.755899998688903 ], [ 5.471299997692597, 13.748300000525091 ], [ 5.465100002479971, 13.747200000777696 ], [ 5.460804394561308, 13.733144280227464 ], [ 5.450343868453899, 13.725718465182013 ], [ 5.449477064864936, 13.713326507762247 ], [ 5.448764552380794, 13.698142439445405 ], [ 5.451877927496184, 13.68770323035244 ], [ 5.459299999539155, 13.678100000827499 ], [ 5.468758264965572, 13.670554349700581 ], [ 5.474200619663407, 13.670734312822844 ], [ 5.489572528107885, 13.676647267840451 ], [ 5.492855715338692, 13.660114829607437 ], [ 5.500573755582707, 13.662437010185215 ], [ 5.521600000869057, 13.662400000160062 ], [ 5.527245044704614, 13.654823303012051 ], [ 5.521099999529326, 13.653400000044996 ], [ 5.520383551042528, 13.653162321883485 ], [ 5.519441227402297, 13.653046118804582 ], [ 5.516848031640336, 13.65272633658725 ], [ 5.514300723909571, 13.652032588115901 ], [ 5.515816812939647, 13.648154727481085 ], [ 5.521620560883036, 13.633384101445131 ], [ 5.530655556021884, 13.600251278932944 ], [ 5.536123360737008, 13.570686259844877 ], [ 5.529319622114201, 13.566981360327588 ], [ 5.526617877278454, 13.56585442256187 ], [ 5.5246837079643, 13.564797210843551 ], [ 5.51303254404786, 13.57069366184993 ], [ 5.506863252856135, 13.571776720585831 ], [ 5.500994042868285, 13.573248003585491 ], [ 5.491192131208322, 13.571429095349629 ], [ 5.488844306613089, 13.570596450783853 ], [ 5.490250831568801, 13.560068977630976 ], [ 5.492233312915801, 13.535877373193898 ], [ 5.490871722990619, 13.528030293862173 ], [ 5.49052201875304, 13.522705572244263 ], [ 5.489787837254198, 13.51442406661738 ], [ 5.486268714863115, 13.509552339307277 ], [ 5.484907936938555, 13.499432837431527 ], [ 5.486696844154039, 13.488811819215073 ], [ 5.481384701544641, 13.486662360754622 ], [ 5.469263036308575, 13.485622294047914 ], [ 5.457671297432512, 13.484173126063297 ], [ 5.450838004789603, 13.483202387403708 ], [ 5.450315109434314, 13.48349129760004 ], [ 5.450065546264739, 13.484496705283163 ], [ 5.449637721974057, 13.485617672044782 ], [ 5.447712515666012, 13.486415056586566 ], [ 5.438378041323631, 13.486812592856666 ], [ 5.432317208205632, 13.489008274348521 ], [ 5.428589927673102, 13.492142127477848 ], [ 5.424272239739423, 13.49172842019675 ], [ 5.420483617165246, 13.490384776283804 ], [ 5.417599998205958, 13.500100001884846 ], [ 5.415699999914978, 13.499400001409242 ], [ 5.412700000876612, 13.499100000205374 ], [ 5.409799999906227, 13.49900000213745 ], [ 5.405312569857244, 13.498592551860611 ], [ 5.386944286376831, 13.497555848156196 ], [ 5.371061733585407, 13.496758961614773 ], [ 5.371002314545024, 13.498128318545184 ], [ 5.371107992616828, 13.498983378126184 ], [ 5.371711251026682, 13.499129603225526 ], [ 5.371625686968571, 13.499469340456358 ], [ 5.371592069945734, 13.499883589737806 ], [ 5.371283427736046, 13.500044810847328 ], [ 5.371548808916316, 13.500375925072319 ], [ 5.371864921131134, 13.500344468050969 ], [ 5.371921964169871, 13.500472735138089 ], [ 5.371996833220749, 13.500899136427847 ], [ 5.371300000747283, 13.503600001262953 ], [ 5.370600000271679, 13.503400002127023 ], [ 5.369843305757513, 13.502996172852647 ], [ 5.369499999524237, 13.502799998719354 ], [ 5.368399999776841, 13.502500000515568 ], [ 5.367699999301237, 13.502400000447608 ], [ 5.365800001010314, 13.501800001039896 ], [ 5.364954688435944, 13.501854515076957 ], [ 5.363400001379603, 13.502200000311689 ], [ 5.362699999904009, 13.502300002379627 ], [ 5.361099998816883, 13.502000000175826 ], [ 5.357600000438765, 13.501499998836096 ], [ 5.355199999808065, 13.500799999360481 ], [ 5.355438011969795, 13.500449809122529 ], [ 5.355118183752495, 13.500309106026918 ], [ 5.354899998604253, 13.49900000213745 ], [ 5.353799998856857, 13.497499999118247 ], [ 5.353399998585076, 13.495900001031146 ], [ 5.352599918041449, 13.494648280180684 ], [ 5.352499998973542, 13.493999998740208 ], [ 5.351899999565887, 13.493099999128674 ], [ 5.351199999090284, 13.492400001653039 ], [ 5.351100001022303, 13.492100000449227 ], [ 5.351100001022303, 13.490100000090308 ], [ 5.350599999682629, 13.488699999139101 ], [ 5.350099999342888, 13.487799997527588 ], [ 5.348404322190731, 13.486255402478093 ], [ 5.347600001644253, 13.48510000069308 ], [ 5.341999999839288, 13.481600001314973 ], [ 5.334199998539589, 13.484499998285401 ], [ 5.330459384997994, 13.484550956319993 ], [ 5.328060466368072, 13.484947300589283 ], [ 5.334218462552144, 13.494571413128426 ], [ 5.336199998898451, 13.504900001146211 ], [ 5.331778104893999, 13.528633635272115 ], [ 5.356747951859859, 13.532334478786652 ], [ 5.363586482506321, 13.536285072470889 ], [ 5.367898895436383, 13.548734209929535 ], [ 5.370723302355429, 13.56189453187136 ], [ 5.37229999942673, 13.568000000019708 ], [ 5.369410938463773, 13.578499365153561 ], [ 5.355855308253354, 13.591932387280622 ], [ 5.345112602954202, 13.595141820461322 ], [ 5.336108979836638, 13.599947866726779 ], [ 5.334617131822995, 13.606644713276978 ], [ 5.336239416925252, 13.625331363973658 ], [ 5.335299999286974, 13.627700000583047 ], [ 5.335991364756694, 13.62823772994841 ], [ 5.339200000936842, 13.631499998164998 ], [ 5.340319576697539, 13.632353009744577 ], [ 5.327358674891229, 13.631758677340713 ], [ 5.326495018304399, 13.628087173846097 ], [ 5.323548426302352, 13.61667776809395 ], [ 5.317776926380873, 13.616599862041028 ], [ 5.307330901283308, 13.615664313405375 ], [ 5.307295250259074, 13.613238798757322 ], [ 5.308043940767789, 13.610154894662003 ], [ 5.307223946210627, 13.608422348484794 ], [ 5.303872660933564, 13.606273971025075 ], [ 5.301603025391444, 13.605578332552398 ], [ 5.301020504995677, 13.603016716811908 ], [ 5.301127461068347, 13.602185071246879 ], [ 5.297597916670156, 13.596363464291358 ], [ 5.287939922108023, 13.590558269347014 ], [ 5.283651100193993, 13.585237269731635 ], [ 5.282124966157028, 13.57868985428297 ], [ 5.280805844260726, 13.577476911458803 ], [ 5.281447578696771, 13.575432221069548 ], [ 5.281911055011676, 13.572451795044515 ], [ 5.281804098939006, 13.567149315441725 ], [ 5.2813406226241, 13.563614263039824 ], [ 5.282099999140087, 13.549199998245967 ], [ 5.283629005178966, 13.549351616348986 ], [ 5.286899999401442, 13.548900001042171 ], [ 5.28880000069239, 13.549699998585709 ], [ 5.291000001187228, 13.550000000789566 ], [ 5.292599998274341, 13.549899998721628 ], [ 5.295299999108863, 13.550500002129297 ], [ 5.299641263058561, 13.535842372170123 ], [ 5.285789177646677, 13.531001284880801 ], [ 5.285951909757273, 13.520388220669759 ], [ 5.267864605467764, 13.516143168785447 ], [ 5.243412839853988, 13.512048721003453 ], [ 5.233969578437723, 13.512048721003453 ], [ 5.222899998916432, 13.513900001261334 ], [ 5.214620575290951, 13.515592029410982 ], [ 5.183990284479137, 13.520001596407042 ], [ 5.17330655822002, 13.549934563745126 ], [ 5.171680450115161, 13.555403709461132 ], [ 5.170398734244316, 13.563608136035668 ], [ 5.167517987286999, 13.586008901255923 ], [ 5.152791413280966, 13.630971978806201 ], [ 5.149488794036984, 13.705890745710008 ], [ 5.157771456664648, 13.72783557162046 ], [ 5.158419948105291, 13.743247279091975 ], [ 5.178594817813178, 13.74199766124292 ], [ 5.204739587577308, 13.73599480316426 ], [ 5.224942365304173, 13.739227130360518 ], [ 5.247521938645889, 13.742921163870449 ], [ 5.252472752009737, 13.744856517185383 ], [ 5.267011676888274, 13.750539925047008 ], [ 5.281272460577782, 13.756080685811696 ], [ 5.287179719591506, 13.761735451653863 ], [ 5.298623081366713, 13.774548943360003 ], [ 5.305278112888516, 13.780781649594871 ], [ 5.316924419801637, 13.793015739907332 ], [ 5.332954800693528, 13.810195838580398 ], [ 5.350397653545144, 13.834135461846245 ], [ 5.383138587791052, 13.846255065080925 ], [ 5.4001089203216, 13.852485855314455 ], [ 5.419107663230363, 13.85941021301926 ], [ 5.419892268763419, 13.859696172213546 ], [ 5.428100001340226, 13.835999999113142 ], [ 5.432464771305888, 13.783773136627417 ], [ 5.434047074380942, 13.775829068229825 ] ] ] ] } },
{ "type": "Feature", "properties": { "fid": 745.0, "OBJECTID": 745.0, "lganame": "Goronyo", "statecode": "SO", "LGA_UID": "33_05" }, "geometry": { "type": "MultiPolygon", "coordinates": [ [ [ [ 5.650899998722366, 13.611900001847687 ], [ 5.658199998682335, 13.607399999790175 ], [ 5.677949086100909, 13.602361539366768 ], [ 5.689335647837538, 13.601279165631354 ], [ 5.689499999949248, 13.600299998966022 ], [ 5.689499999949248, 13.599699999558368 ], [ 5.689399998881299, 13.59870000187891 ], [ 5.689700000085111, 13.597500000063576 ], [ 5.689874892203932, 13.597045981755116 ], [ 5.689991211282972, 13.596744014549927 ], [ 5.690085321346942, 13.596358712288122 ], [ 5.689693144080479, 13.596277145232705 ], [ 5.689502999951287, 13.596158748152277 ], [ 5.689306914818019, 13.596075004095383 ], [ 5.689158364717116, 13.59607211609341 ], [ 5.688968220587924, 13.596034575067904 ], [ 5.688939651568489, 13.595921175990838 ], [ 5.688887411533017, 13.595848731941601 ], [ 5.688968220587924, 13.595693821836392 ], [ 5.688828584493024, 13.595604300775562 ], [ 5.688254211102787, 13.59524690553269 ], [ 5.674497333755596, 13.59217212444355 ], [ 5.681677306634072, 13.54816866654528 ], [ 5.701743040267786, 13.516145732787152 ], [ 5.692007092652659, 13.496874271693116 ], [ 5.695779610215936, 13.492454535690115 ], [ 5.701962319416793, 13.483934986901488 ], [ 5.743663224750605, 13.500131070905979 ], [ 5.761751723040902, 13.506956946543824 ], [ 5.769846392540842, 13.502479000501296 ], [ 5.772264721183944, 13.501798244038753 ], [ 5.774088851423357, 13.503468238173411 ], [ 5.775352820282194, 13.50573729171515 ], [ 5.77643214401553, 13.513357277892567 ], [ 5.775654530487202, 13.525591342205018 ], [ 5.788781957406627, 13.543186468160059 ], [ 5.794925618580976, 13.559375429159729 ], [ 5.800021923043687, 13.577011557142669 ], [ 5.821528949656681, 13.578719260302933 ], [ 5.833297555652905, 13.579195082626256 ], [ 5.838962742502133, 13.574405309371798 ], [ 5.849960135974356, 13.57095527402771 ], [ 5.862305029362119, 13.570037433404025 ], [ 5.877027471365352, 13.568651389462275 ], [ 5.915372910419251, 13.565041319009424 ], [ 5.961867081009871, 13.487707647464845 ], [ 5.963956120429259, 13.48727893417356 ], [ 5.981769263532442, 13.483752896777787 ], [ 6.011252019564608, 13.468593769477877 ], [ 6.036288310575571, 13.436093473395431 ], [ 6.042072831505891, 13.423463322813859 ], [ 6.050928689523062, 13.40412580567488 ], [ 6.05651777832054, 13.394157678902047 ], [ 6.028123952028295, 13.355499744635779 ], [ 5.991798694346983, 13.315451381424793 ], [ 5.983187407496018, 13.254462513985743 ], [ 5.99799297555569, 13.18247168707137 ], [ 6.015993555786281, 13.139404525809255 ], [ 6.011900000004857, 13.131299999302598 ], [ 6.012300000276639, 13.126099999769451 ], [ 6.012899998684304, 13.119899998556832 ], [ 6.012469112391557, 13.116353881147404 ], [ 6.011100002461319, 13.113400001140405 ], [ 6.011100002461319, 13.10790000140338 ], [ 6.011999998072838, 13.104800001297065 ], [ 6.017700001945684, 13.095400001910207 ], [ 6.023299999750634, 13.085800000387451 ], [ 6.023259831723351, 13.085413832125084 ], [ 5.997306826089471, 13.087461432516363 ], [ 5.940275400339317, 13.105582583828834 ], [ 5.91313758990043, 13.113277926057435 ], [ 5.901800566197494, 13.114677786008599 ], [ 5.85362316846323, 13.121182513428209 ], [ 5.806278779294928, 13.111221626660267 ], [ 5.784833585723902, 13.1067230296037 ], [ 5.765367948497953, 13.104795035293705 ], [ 5.721347369587988, 13.107001794793121 ], [ 5.705350111718644, 13.18533540301712 ], [ 5.719970527652492, 13.214936438129598 ], [ 5.716440984254348, 13.215257485347763 ], [ 5.721959234003748, 13.237895746729407 ], [ 5.733834444072386, 13.231701788520866 ], [ 5.744264401159057, 13.23010073743302 ], [ 5.772142065100638, 13.229679262146647 ], [ 5.819618950358915, 13.223514561958041 ], [ 5.860999499475099, 13.220641180005714 ], [ 5.851601116089341, 13.291142281907923 ], [ 5.804537248111615, 13.310159045828925 ], [ 5.772557292382771, 13.308445833664848 ], [ 5.750856607638184, 13.30444833894876 ], [ 5.712144718335253, 13.289083274508926 ], [ 5.636144695696828, 13.290515216481822 ], [ 5.609235070412979, 13.301843189178669 ], [ 5.602487745828512, 13.293973877831831 ], [ 5.606765980735361, 13.294095315914376 ], [ 5.607060703935588, 13.292058617530529 ], [ 5.589877258260231, 13.287210021236092 ], [ 5.546358338691221, 13.314625238863471 ], [ 5.538505603355645, 13.317541946845211 ], [ 5.537983734001045, 13.317289645673782 ], [ 5.535313453186689, 13.316991229471057 ], [ 5.534103486364586, 13.315413708399205 ], [ 5.532223616087322, 13.314504862781689 ], [ 5.532045355966204, 13.313174935878067 ], [ 5.531213477400968, 13.31091982634581 ], [ 5.530030132596949, 13.309380647300031 ], [ 5.528199608353191, 13.309444267343224 ], [ 5.526238332020569, 13.309049660075118 ], [ 5.524816810054745, 13.307551033056882 ], [ 5.523541085187958, 13.30620610314304 ], [ 5.522135963233211, 13.310900737332872 ], [ 5.510204639126471, 13.324734502732213 ], [ 5.507351145187613, 13.32776997879472 ], [ 5.497165549266981, 13.336164545498434 ], [ 5.485311565212783, 13.377247041412033 ], [ 5.504092356973445, 13.394288230990753 ], [ 5.50432889813419, 13.394465896111456 ], [ 5.533644756052922, 13.453639314317002 ], [ 5.551018734857735, 13.483929103897481 ], [ 5.558708909082839, 13.493872671653662 ], [ 5.575091641214101, 13.504923721162356 ], [ 5.573999468472039, 13.535514513947362 ], [ 5.560683240424282, 13.556581409261298 ], [ 5.545400001040036, 13.568999997699166 ], [ 5.585744284452119, 13.585160860679707 ], [ 5.591999704702346, 13.586225469403075 ], [ 5.598488361111094, 13.587958178580379 ], [ 5.604420742141883, 13.594157563792521 ], [ 5.611956951262357, 13.611666350688949 ], [ 5.623729948261541, 13.607432968812589 ], [ 5.632573300270224, 13.611855297817328 ], [ 5.642224079827486, 13.618629129419844 ], [ 5.644030445054796, 13.617751337823393 ], [ 5.650899998722366, 13.611900001847687 ] ] ] ] } }
]
}
